-50.0,-14.044683897701258
-49.99500889938594,-14.044680081184373
-49.99001779877188,-14.04467622551924
-49.98502669815782,-14.044672330685485
-49.980035597543754,-14.044668396662647
-49.97504449692969,-14.044664423430328
-49.970053396315635,-14.044660410968094
-49.96506229570157,-14.044656359255482
-49.96007119508751,-14.044652268272046
-49.955080094473445,-14.044648137997331
-49.95008899385939,-14.044643968410846
-49.945097893245325,-14.044639759492112
-49.94010679263126,-14.04463551122062
-49.9351156920172,-14.044631223575902
-49.93012459140314,-14.044626896537427
-49.92513349078908,-14.044622530084647
-49.920142390175016,-14.044618124197036
-49.91515128956095,-14.04461367885409
-49.9101601889469,-14.044609194035193
-49.90516908833283,-14.04460466971983
-49.90017798771877,-14.044600105887382
-49.895186887104714,-14.044595502517325
-49.89019578649065,-14.044590859589016
-49.88520468587659,-14.04458617708187
-49.880213585262524,-14.044581454975253
-49.87522248464847,-14.044576693248581
-49.870231384034405,-14.044571891881189
-49.86524028342034,-14.04456705085243
-49.86024918280628,-14.044562170141663
-49.85525808219222,-14.044557249728227
-49.85026698157816,-14.044552289591463
-49.845275880964095,-14.044547289710628
-49.84028478035003,-14.044542250065088
-49.835293679735976,-14.04453717063413
-49.83030257912191,-14.044532051397015
-49.82531147850785,-14.044526892333037
-49.820320377893786,-14.044521693421457
-49.81532927727973,-14.044516454641549
-49.81033817666567,-14.044511175972541
-49.8053470760516,-14.044505857393657
-49.80035597543754,-14.044500498884153
-49.795364874823484,-14.044495100423239
-49.79037377420942,-14.044489661990097
-49.78538267359536,-14.044484183563952
-49.7803915729813,-14.044478665123984
-49.77540047236724,-14.044473106649349
-49.770409371753175,-14.044467508119242
-49.76541827113911,-14.044461869512816
-49.760427170525055,-14.044456190809173
-49.75543606991099,-14.044450471987508
-49.75044496929693,-14.044444713026936
-49.745453868682866,-14.044438913906523
-49.74046276806881,-14.044433074605442
-49.735471667454746,-14.044427195102758
-49.73048056684068,-14.044421275377527
-49.72548946622662,-14.044415315408877
-49.72049836561256,-14.044409315175853
-49.7155072649985,-14.044403274657505
-49.71051616438444,-14.044397193832879
-49.705525063770374,-14.044391072681018
-49.70053396315632,-14.044384911180952
-49.695542862542254,-14.044378709311662
-49.69055176192819,-14.044372467052202
-49.685560661314135,-14.044366184381536
-49.68056956070007,-14.044359861278668
-49.67557846008601,-14.044353497722538
-49.670587359471945,-14.044347093692151
-49.66559625885789,-14.044340649166447
-49.660605158243825,-14.044334164124363
-49.65561405762976,-14.044327638544836
-49.6506229570157,-14.044321072406783
-49.64563185640164,-14.044314465689133
-49.64064075578758,-14.044307818370795
-49.635649655173516,-14.044301130430645
-49.63065855455945,-14.044294401847559
-49.6256674539454,-14.044287632600447
-49.62067635333133,-14.044280822668133
-49.61568525271727,-14.0442739720295
-49.61069415210321,-14.044267080663369
-49.60570305148915,-14.044260148548581
-49.60071195087509,-14.044253175663949
-49.595720850261024,-14.044246161988307
-49.59072974964697,-14.044239107500436
-49.585738649032905,-14.044232012179139
-49.58074754841884,-14.044224876003208
-49.57575644780478,-14.044217698951398
-49.57076534719072,-14.044210481002441
-49.56577424657666,-14.044203222135161
-49.560783145962596,-14.044195922328244
-49.55579204534853,-14.04418858156045
-49.550800944734476,-14.04418119981046
-49.54580984412041,-14.044173777057031
-49.54081874350635,-14.044166313278827
-49.535827642892286,-14.044158808454558
-49.53083654227823,-14.044151262562877
-49.52584544166417,-14.044143675582493
-49.520854341050104,-14.04413604749204
-49.51586324043604,-14.044128378270162
-49.510872139821984,-14.044120667895521
-49.50588103920792,-14.044112916346728
-49.50088993859386,-14.044105123602419
-49.495898837979794,-14.044097289641176
-49.49090773736574,-14.044089414441604
-49.485916636751675,-14.044081497982274
-49.48092553613761,-14.044073540241802
-49.475934435523556,-14.044065541198735
-49.47094333490949,-14.044057500831633
-49.46595223429543,-14.044049419119023
-49.460961133681366,-14.044041296039447
-49.45597003306731,-14.044033131571465
-49.450978932453246,-14.044024925693556
-49.44598783183918,-14.044016678384217
-49.44099673122512,-14.044008389621975
-49.436005630611064,-14.04400005938531
-49.431014529997,-14.04399168765266
-49.42602342938294,-14.043983274402526
-49.421032328768874,-14.043974819613329
-49.41604122815482,-14.043966323263541
-49.411050127540754,-14.043957785331587
-49.40605902692669,-14.04394920579588
-49.401067926312635,-14.04394058463484
-49.39607682569857,-14.04393192182687
-49.39108572508451,-14.043923217350338
-49.386094624470445,-14.043914471183646
-49.38110352385639,-14.043905683305166
-49.376112423242326,-14.043896853693248
-49.37112132262826,-14.043887982326247
-49.3661302220142,-14.043879069182504
-49.36113912140014,-14.043870114240333
-49.35614802078608,-14.043861117478077
-49.351156920172016,-14.043852078874009
-49.34616581955795,-14.043842998406458
-49.3411747189439,-14.043833876053698
-49.336183618329834,-14.043824711794
-49.33119251771577,-14.04381550560564
-49.32620141710171,-14.043806257466882
-49.32121031648765,-14.043796967355949
-49.31621921587359,-14.043787635251087
-49.311228115259524,-14.043778261130523
-49.30623701464546,-14.043768844972465
-49.301245914031405,-14.043759386755124
-49.29625481341734,-14.043749886456691
-49.29126371280328,-14.043740344055342
-49.28627261218922,-14.043730759529245
-49.28128151157516,-14.043721132856588
-49.276290410961096,-14.043711464015475
-49.27129931034703,-14.043701752984102
-49.266308209732976,-14.043691999740567
-49.26131710911891,-14.043682204262996
-49.25632600850485,-14.043672366529488
-49.25133490789079,-14.043662486518157
-49.24634380727673,-14.04365256420709
-49.24135270666267,-14.04364259957435
-49.236361606048604,-14.043632592598039
-49.23137050543454,-14.04362254325617
-49.226379404820484,-14.043612451526814
-49.22138830420642,-14.043602317388007
-49.21639720359236,-14.043592140817763
-49.211406102978295,-14.043581921794116
-49.20641500236424,-14.043571660295036
-49.201423901750175,-14.043561356298541
-49.19643280113611,-14.043551009782634
-49.191441700522056,-14.043540620725238
-49.18645059990799,-14.043530189104374
-49.18145949929393,-14.043519714897926
-49.176468398679866,-14.043509198083878
-49.17147729806581,-14.043498638640147
-49.166486197451746,-14.043488036544685
-49.16149509683768,-14.04347739177536
-49.15650399622362,-14.043466704310072
-49.151512895609564,-14.04345597412674
-49.1465217949955,-14.043445201203228
-49.14153069438144,-14.043434385517376
-49.136539593767374,-14.04342352704707
-49.13154849315332,-14.043412625770152
-49.126557392539254,-14.043401681664463
-49.12156629192519,-14.043390694707806
-49.11657519131113,-14.04337966487801
-49.11158409069707,-14.043368592152879
-49.10659299008301,-14.043357476510204
-49.101601889468945,-14.043346317927751
-49.09661078885489,-14.043335116383322
-49.091619688240826,-14.043323871854664
-49.08662858762676,-14.043312584319496
-49.0816374870127,-14.0433012537556
-49.07664638639864,-14.043289880140705
-49.07165528578458,-14.043278463452513
-49.06666418517052,-14.04326700366871
-49.06167308455645,-14.043255500767051
-49.0566819839424,-14.043243954725156
-49.051690883328334,-14.043232365520733
-49.04669978271427,-14.043220733131477
-49.04170868210021,-14.043209057534991
-49.03671758148615,-14.043197338708934
-49.03172648087209,-14.043185576630957
-49.026735380258025,-14.043173771278669
-49.02174427964396,-14.043161922629679
-49.016753179029905,-14.043150030661579
-49.01176207841584,-14.043138095351974
-49.00677097780178,-14.043126116678456
-49.001779877187715,-14.043114094618556
-48.99678877657366,-14.043102029149866
-48.991797675959596,-14.043089920249916
-48.98680657534553,-14.043077767896255
-48.98181547473148,-14.043065572066398
-48.97682437411741,-14.043053332737854
-48.97183327350335,-14.043041049888142
-48.96684217288929,-14.043028723494748
-48.96185107227523,-14.043016353535153
-48.95685997166117,-14.043003939986841
-48.951868871047104,-14.04299148282726
-48.94687777043304,-14.04297898203387
-48.941886669818985,-14.042966437584095
-48.93689556920492,-14.042953849455401
-48.93190446859086,-14.042941217625152
-48.926913367976795,-14.042928542070802
-48.92192226736274,-14.042915822769722
-48.916931166748675,-14.042903059699304
-48.91194006613461,-14.042890252836921
-48.90694896552055,-14.042877402159952
-48.90195786490649,-14.042864507645717
-48.89696676429243,-14.042851569271608
-48.891975663678366,-14.04283858701491
-48.88698456306431,-14.042825560852977
-48.88199346245025,-14.042812490763101
-48.87700236183618,-14.042799376722584
-48.87201126122212,-14.042786218708708
-48.867020160608064,-14.042773016698785
-48.862029059994,-14.042759770670044
-48.85703795937994,-14.042746480599748
-48.852046858765874,-14.042733146465155
-48.84705575815182,-14.042719768243485
-48.842064657537755,-14.042706345911974
-48.83707355692369,-14.04269287944783
-48.83208245630963,-14.042679368828246
-48.82709135569557,-14.042665814030414
-48.82210025508151,-14.04265221503153
-48.817109154467445,-14.042638571808771
-48.81211805385338,-14.042624884339258
-48.807126953239326,-14.042611152600164
-48.80213585262526,-14.042597376568615
-48.7971447520112,-14.04258355622175
-48.79215365139714,-14.042569691536679
-48.78716255078308,-14.04255578249051
-48.78217145016902,-14.0425418290603
-48.77718034955495,-14.042527831223172
-48.7721892489409,-14.042513788956176
-48.767198148326834,-14.042499702236396
-48.76220704771277,-14.042485571040856
-48.75721594709871,-14.042471395346608
-48.75222484648465,-14.042457175130677
-48.74723374587059,-14.04244291037006
-48.742242645256525,-14.042428601041799
-48.73725154464246,-14.042414247122858
-48.732260444028405,-14.042399848590236
-48.72726934341434,-14.04238540542091
-48.72227824280028,-14.042370917591828
-48.717287142186215,-14.042356385079923
-48.71229604157216,-14.042341807862183
-48.707304940958096,-14.042327185915505
-48.70231384034403,-14.042312519216807
-48.69732273972997,-14.042297807743005
-48.69233163911591,-14.042283051470987
-48.68734053850185,-14.042268250377633
-48.68234943788779,-14.04225340443984
-48.67735833727373,-14.04223851363445
-48.67236723665967,-14.042223577938318
-48.667376136045604,-14.042208597328296
-48.66238503543154,-14.04219357178119
-48.657393934817485,-14.042178501273833
-48.65240283420342,-14.042163385783045
-48.64741173358936,-14.042148225285604
-48.642420632975295,-14.042133019758314
-48.63742953236124,-14.042117769177905
-48.632438431747175,-14.042102473521195
-48.62744733113311,-14.042087132764921
-48.62245623051905,-14.042071746885808
-48.61746512990499,-14.042056315860586
-48.61247402929093,-14.042040839665994
-48.607482928676866,-14.042025318278736
-48.60249182806281,-14.042009751675492
-48.59750072744875,-14.04199413983297
-48.59250962683468,-14.041978482727817
-48.58751852622062,-14.041962780336727
-48.582527425606564,-14.041947032636322
-48.5775363249925,-14.04193123960328
-48.57254522437844,-14.041915401214183
-48.567554123764374,-14.041899517445708
-48.56256302315032,-14.041883588274427
-48.557571922536255,-14.041867613676951
-48.55258082192219,-14.041851593629856
-48.54758972130813,-14.04183552810969
-48.54259862069407,-14.041819417093087
-48.53760752008001,-14.041803260556552
-48.532616419465946,-14.041787058476626
-48.52762531885188,-14.041770810829853
-48.522634218237826,-14.041754517592734
-48.51764311762376,-14.041738178741802
-48.5126520170097,-14.041721794253537
-48.507660916395636,-14.041705364104438
-48.50266981578158,-14.041688888270963
-48.49767871516752,-14.04167236672958
-48.492687614553454,-14.041655799456747
-48.4876965139394,-14.041639186428908
-48.482705413325334,-14.041622527622474
-48.47771431271127,-14.041605823013889
-48.47272321209721,-14.04158907257955
-48.46773211148315,-14.041572276295845
-48.46274101086909,-14.04155543413917
-48.457749910255025,-14.04153854608588
-48.45275880964096,-14.041521612112373
-48.447767709026905,-14.041504632194977
-48.44277660841284,-14.041487606310026
-48.43778550779878,-14.041470534433854
-48.432794407184716,-14.041453416542783
-48.42780330657066,-14.041436252613119
-48.422812205956596,-14.041419042621166
-48.41782110534253,-14.041401786543195
-48.41283000472847,-14.041384484355468
-48.40783890411441,-14.041367136034284
-48.40284780350035,-14.041349741555859
-48.39785670288629,-14.041332300896434
-48.392865602272224,-14.04131481403225
-48.38787450165817,-14.041297280939537
-48.382883401044104,-14.04127970159447
-48.37789230043004,-14.041262075973227
-48.372901199815985,-14.041244404052048
-48.36791009920192,-14.041226685807084
-48.36291899858786,-14.041208921214468
-48.357927897973795,-14.04119111025036
-48.35293679735974,-14.041173252890925
-48.347945696745676,-14.04115534911225
-48.34295459613161,-14.041137398890472
-48.33796349551755,-14.041119402201696
-48.33297239490349,-14.041101359021992
-48.32798129428943,-14.041083269327473
-48.322990193675366,-14.041065133094188
-48.3179990930613,-14.041046950298183
-48.31300799244725,-14.041028720915536
-48.308016891833184,-14.041010444922257
-48.30302579121912,-14.040992122294393
-48.298034690605064,-14.040973753007925
-48.293043589991,-14.040955337038895
-48.28805248937694,-14.040936874363258
-48.283061388762874,-14.040918364957
-48.27807028814882,-14.040899808796102
-48.273079187534755,-14.040881205856508
-48.26808808692069,-14.040862556114156
-48.26309698630663,-14.04084385954499
-48.25810588569257,-14.040825116124946
-48.25311478507851,-14.040806325829912
-48.248123684464446,-14.04078748863579
-48.24313258385038,-14.040768604518467
-48.238141483236326,-14.040749673453824
-48.23315038262226,-14.040730695417729
-48.2281592820082,-14.04071167038602
-48.223168181394136,-14.04069259833456
-48.21817708078008,-14.04067347923914
-48.21318598016602,-14.04065431307564
-48.208194879551954,-14.04063509981982
-48.20320377893789,-14.040615839447488
-48.198212678323834,-14.04059653193444
-48.19322157770977,-14.040577177256422
-48.18823047709571,-14.040557775389221
-48.18323937648165,-14.040538326308573
-48.17824827586759,-14.040518829990226
-48.173257175253525,-14.040499286409903
-48.16826607463946,-14.040479695543334
-48.163274974025406,-14.040460057366197
-48.15828387341134,-14.040440371854197
-48.15329277279728,-14.040420638983006
-48.148301672183216,-14.04040085872831
-48.14331057156916,-14.040381031065772
-48.138319470955096,-14.040361155971013
-48.13332837034103,-14.040341233419683
-48.12833726972697,-14.040321263387403
-48.123346169112914,-14.04030124584978
-48.11835506849885,-14.04028118078243
-48.11336396788479,-14.040261068160943
-48.108372867270724,-14.040240907960868
-48.10338176665667,-14.04022070015779
-48.098390666042604,-14.040200444727253
-48.09339956542854,-14.040180141644834
-48.088408464814485,-14.040159790886028
-48.08341736420042,-14.04013939242637
-48.07842626358636,-14.040118946241362
-48.073435162972295,-14.040098452306498
-48.06844406235824,-14.040077910597276
-48.063452961744176,-14.040057321089154
-48.05846186113011,-14.0400366837576
-48.05347076051605,-14.040015998578067
-48.04847965990199,-14.039995265526011
-48.04348855928793,-14.039974484576822
-48.038497458673866,-14.039953655705922
-48.0335063580598,-14.039932778888748
-48.02851525744575,-14.039911854100662
-48.023524156831684,-14.039890881317053
-48.01853305621762,-14.039869860513287
-48.01354195560356,-14.039848791664738
-48.0085508549895,-14.03982767474674
-48.00355975437544,-14.039806509734598
-47.998568653761374,-14.039785296603686
-47.99357755314732,-14.039764035329277
-47.988586452533255,-14.039742725886697
-47.98359535191919,-14.039721368251207
-47.97860425130513,-14.0396999623981
-47.97361315069107,-14.03967850830264
-47.96862205007701,-14.039657005940072
-47.963630949462946,-14.03963545528563
-47.95863984884888,-14.039613856314565
-47.953648748234826,-14.039592209002077
-47.94865764762076,-14.039570513323396
-47.9436665470067,-14.039548769253674
-47.93867544639264,-14.03952697676813
-47.93368434577858,-14.039505135841905
-47.92869324516452,-14.039483246450182
-47.923702144550454,-14.039461308568118
-47.91871104393639,-14.039439322170805
-47.913719943322334,-14.039417287233428
-47.90872884270827,-14.039395203731035
-47.90373774209421,-14.039373071638755
-47.898746641480145,-14.03935089093169
-47.89375554086609,-14.039328661584896
-47.888764440252025,-14.039306383573436
-47.88377333963796,-14.039284056872388
-47.878782239023906,-14.039261681456765
-47.87379113840984,-14.03923925730163
-47.86880003779578,-14.039216784381962
-47.863808937181716,-14.039194262672801
-47.85881783656766,-14.039171692149111
-47.8538267359536,-14.039149072785895
-47.84883563533953,-14.039126404558134
-47.84384453472547,-14.039103687440754
-47.838853434111414,-14.039080921408734
-47.83386233349735,-14.039058106436974
-47.82887123288329,-14.039035242500448
-47.823880132269224,-14.039012329574025
-47.81888903165517,-14.038989367632627
-47.813897931041105,-14.038966356651127
-47.80890683042704,-14.038943296604424
-47.803915729812985,-14.038920187467344
-47.79892462919892,-14.038897029214791
-47.79393352858486,-14.038873821821559
-47.788942427970795,-14.038850565262507
-47.78395132735673,-14.038827259512438
-47.778960226742676,-14.038803904546167
-47.77396912612861,-14.038780500338477
-47.76897802551455,-14.038757046864145
-47.76398692490049,-14.038733544097957
-47.75899582428643,-14.038709992014676
-47.75400472367237,-14.038686390589023
-47.7490136230583,-14.038662739795747
-47.74402252244425,-14.038639039609556
-47.739031421830184,-14.038615290005207
-47.73404032121612,-14.038591490957332
-47.72904922060206,-14.038567642440672
-47.724058119988,-14.038543744429866
-47.71906701937394,-14.038519796899607
-47.714075918759875,-14.038495799824503
-47.70908481814581,-14.03847175317925
-47.704093717531755,-14.03844765693842
-47.69910261691769,-14.038423511076656
-47.69411151630363,-14.038399315568567
-47.68912041568957,-14.03837507038873
-47.68412931507551,-14.03835077551172
-47.679138214461446,-14.038326430912113
-47.67414711384738,-14.038302036564476
-47.66915601323333,-14.038277592443345
-47.66416491261926,-14.038253098523215
-47.6591738120052,-14.038228554778671
-47.65418271139114,-14.038203961184175
-47.64919161077708,-14.038179317714231
-47.64420051016302,-14.038154624343333
-47.639209409548954,-14.038129881045938
-47.63421830893489,-14.03810508779651
-47.629227208320835,-14.038080244569505
-47.62423610770677,-14.038055351339336
-47.61924500709271,-14.038030408080463
-47.614253906478645,-14.038005414767266
-47.60926280586459,-14.037980371374156
-47.604271705250525,-14.037955277875525
-47.59928060463646,-14.037930134245755
-47.5942895040224,-14.037904940459168
-47.58929840340834,-14.037879696490162
-47.58430730279428,-14.037854402313062
-47.579316202180216,-14.037829057902178
-47.57432510156616,-14.037803663231852
-47.5693340009521,-14.037778218276383
-47.56434290033803,-14.03775272301003
-47.55935179972397,-14.037727177407106
-47.554360699109914,-14.03770158144186
-47.54936959849585,-14.037675935088563
-47.54437849788179,-14.037650238321449
-47.539387397267724,-14.037624491114741
-47.53439629665367,-14.037598693442666
-47.529405196039605,-14.037572845279447
-47.52441409542554,-14.037546946599237
-47.51942299481148,-14.037520997376259
-47.51443189419742,-14.037494997584647
-47.50944079358336,-14.037468947198589
-47.504449692969295,-14.037442846192224
-47.49945859235524,-14.037416694539672
-47.494467491741176,-14.037390492215069
-47.48947639112711,-14.037364239192511
-47.48448529051305,-14.037337935446113
-47.47949418989899,-14.037311580949947
-47.47450308928493,-14.03728517567809
-47.46951198867087,-14.03725871960461
-47.4645208880568,-14.037232212703538
-47.45952978744275,-14.037205654948925
-47.454538686828684,-14.037179046314794
-47.44954758621462,-14.037152386775132
-47.44455648560056,-14.037125676303988
-47.4395653849865,-14.037098914875324
-47.43457428437244,-14.03707210246311
-47.429583183758375,-14.037045239041321
-47.42459208314431,-14.037018324583869
-47.419600982530255,-14.036991359064752
-47.41460988191619,-14.03696434245788
-47.40961878130213,-14.036937274737127
-47.404627680688066,-14.036910155876447
-47.39963658007401,-14.036882985849696
-47.394645479459946,-14.036855764630772
-47.38965437884588,-14.036828492193543
-47.38466327823183,-14.03680116851185
-47.37967217761776,-14.036773793559531
-47.3746810770037,-14.036746367310416
-47.36968997638964,-14.036718889738346
-47.36469887577558,-14.036691360817075
-47.35970777516152,-14.036663780520444
-47.354716674547454,-14.036636148822222
-47.34972557393339,-14.036608465696162
-47.344734473319335,-14.036580731116045
-47.33974337270527,-14.036552945055561
-47.33475227209121,-14.036525107488503
-47.329761171477145,-14.036497218388547
-47.32477007086309,-14.036469277729418
-47.319778970249025,-14.036441285484823
-47.31478786963496,-14.0364132416284
-47.3097967690209,-14.03638514613387
-47.30480566840684,-14.036356998974838
-47.29981456779278,-14.036328800125006
-47.294823467178716,-14.036300549557957
-47.28983236656465,-14.036272247247338
-47.2848412659506,-14.036243893166736
-47.27985016533653,-14.036215487289766
-47.27485906472247,-14.036187029590007
-47.269867964108414,-14.036158520041011
-47.26487686349435,-14.036129958616367
-47.25988576288029,-14.036101345289582
-47.254894662266224,-14.03607268003422
-47.24990356165217,-14.036043962823799
-47.244912461038105,-14.036015193631826
-47.23992136042404,-14.035986372431793
-47.23493025980998,-14.035957499197185
-47.22993915919592,-14.035928573901463
-47.22494805858186,-14.035899596518117
-47.219956957967796,-14.035870567020556
-47.21496585735373,-14.035841485382225
-47.209974756739676,-14.035812351576563
-47.20498365612561,-14.035783165576964
-47.19999255551155,-14.035753927356827
-47.19500145489749,-14.035724636889551
-47.19001035428343,-14.03569529414848
-47.18501925366937,-14.035665899107004
-47.180028153055304,-14.035636451738446
-47.17503705244125,-14.03560695201615
-47.170045951827184,-14.035577399913443
-47.16505485121312,-14.035547795403632
-47.16006375059906,-14.035518138460004
-47.155072649985,-14.035488429055857
-47.15008154937094,-14.035458667164457
-47.145090448756875,-14.035428852759066
-47.14009934814281,-14.035398985812954
-47.135108247528755,-14.035369066299312
-47.13011714691469,-14.035339094191393
-47.12512604630063,-14.035309069462388
-47.120134945686566,-14.035278992085507
-47.11514384507251,-14.035248862033932
-47.110152744458446,-14.035218679280838
-47.10516164384438,-14.035188443799385
-47.10017054323032,-14.035158155562721
-47.09517944261626,-14.035127814543978
-47.0901883420022,-14.035097420716264
-47.08519724138814,-14.035066974052716
-47.08020614077408,-14.03503647452644
-47.07521504016002,-14.03500592211046
-47.070223939545954,-14.034975316777906
-47.06523283893189,-14.034944658501823
-47.060241738317835,-14.034913947255252
-47.05525063770377,-14.034883183011223
-47.05025953708971,-14.034852365742772
-47.045268436475645,-14.03482149542289
-47.04027733586159,-14.034790572024592
-47.035286235247526,-14.034759595520867
-47.03029513463346,-14.034728565884663
-47.0253040340194,-14.03469748308894
-47.02031293340534,-14.034666347106668
-47.01532183279128,-14.03463515791076
-47.010330732177216,-14.034603915474138
-47.00533963156316,-14.034572619769753
-47.0003485309491,-14.034541270770418
-46.995357430335034,-14.034509868449081
-46.99036632972097,-14.034478412778597
-46.98537522910691,-14.034446903731805
-46.98038412849285,-14.034415341281587
-46.97539302787879,-14.034383725400755
-46.970401927264724,-14.034352056062119
-46.96541082665067,-14.034320333238501
-46.960419726036605,-14.034288556902686
-46.95542862542254,-14.034256727027444
-46.95043752480848,-14.034224843585594
-46.94544642419442,-14.034192906549846
-46.94045532358036,-14.034160915892956
-46.935464222966296,-14.034128871587658
-46.93047312235223,-14.034096773606672
-46.925482021738176,-14.034064621922708
-46.92049092112411,-14.03403241650844
-46.91549982051005,-14.034000157336559
-46.91050871989599,-14.033967844379736
-46.90551761928193,-14.03393547761062
-46.90052651866787,-14.033903057001856
-46.895535418053804,-14.033870582526085
-46.89054431743975,-14.033838054155925
-46.885553216825684,-14.033805471863959
-46.88056211621162,-14.033772835622779
-46.87557101559756,-14.033740145404963
-46.8705799149835,-14.033707401183113
-46.86558881436944,-14.033674602929741
-46.860597713755375,-14.033641750617395
-46.85560661314131,-14.033608844218623
-46.850615512527256,-14.033575883705929
-46.84562441191319,-14.033542869051793
-46.84063331129913,-14.033509800228725
-46.835642210685066,-14.033476677209215
-46.83065111007101,-14.033443499965701
-46.825660009456946,-14.033410268470634
-46.82066890884288,-14.033376982696476
-46.81567780822882,-14.033343642615625
-46.810686707614764,-14.033310248200506
-46.8056956070007,-14.033276799423534
-46.80070450638664,-14.033243296257046
-46.795713405772574,-14.033209738673477
-46.79072230515852,-14.03317612664516
-46.785731204544454,-14.033142460144425
-46.78074010393039,-14.033108739143628
-46.775749003316335,-14.033074963615089
-46.77075790270227,-14.033041133531135
-46.76576680208821,-14.033007248864015
-46.760775701474145,-14.032973309586076
-46.75578460086009,-14.03293931566953
-46.750793500246026,-14.03290526708667
-46.74580239963196,-14.032871163809721
-46.7408112990179,-14.032837005810931
-46.73582019840384,-14.032802793062528
-46.73082909778978,-14.03276852553668
-46.72583799717572,-14.032734203205612
-46.72084689656165,-14.03269982604149
-46.7158557959476,-14.03266539401651
-46.710864695333534,-14.0326309071028
-46.70587359471947,-14.032596365272493
-46.700882494105414,-14.032561768497738
-46.69589139349135,-14.03252711675065
-46.69090029287729,-14.032492410003323
-46.685909192263225,-14.032457648227865
-46.68091809164916,-14.032422831396325
-46.675926991035105,-14.032387959480765
-46.67093589042104,-14.032353032453273
-46.66594478980698,-14.032318050285882
-46.66095368919292,-14.03228301295058
-46.65596258857886,-14.032247920419413
-46.650971487964796,-14.03221277266435
-46.64598038735073,-14.03217756965741
-46.640989286736676,-14.032142311370556
-46.63599818612261,-14.032106997775726
-46.63100708550855,-14.032071628844916
-46.62601598489449,-14.032036204549991
-46.62102488428043,-14.032000724862943
-46.61603378366637,-14.031965189755626
-46.611042683052304,-14.031929599199987
-46.60605158243824,-14.03189395316786
-46.601060481824184,-14.031858251631148
-46.59606938121012,-14.031822494561661
-46.59107828059606,-14.03178668193129
-46.586087179982,-14.031750813711836
-46.58109607936794,-14.031714889875152
-46.576104978753875,-14.031678910393007
-46.57111387813981,-14.031642875237216
-46.566122777525756,-14.031606784379504
-46.56113167691169,-14.031570637791724
-46.55614057629763,-14.031534435445565
-46.551149475683566,-14.031498177312766
-46.54615837506951,-14.031461863365067
-46.54116727445545,-14.031425493574185
-46.53617617384138,-14.031389067911809
-46.53118507322732,-14.031352586349632
-46.526193972613264,-14.031316048859319
-46.5212028719992,-14.031279455412543
-46.51621177138514,-14.031242805980943
-46.511220670771074,-14.031206100536146
-46.50622957015702,-14.031169339049777
-46.501238469542955,-14.031132521493461
-46.49624736892889,-14.031095647838757
-46.49125626831483,-14.031058718057277
-46.48626516770077,-14.031021732120573
-46.48127406708671,-14.030984690000194
-46.476282966472645,-14.030947591667715
-46.47129186585859,-14.030910437094612
-46.466300765244526,-14.030873226252451
-46.46130966463046,-14.030835959112704
-46.4563185640164,-14.030798635646867
-46.45132746340234,-14.030761255826429
-46.44633636278828,-14.030723819622818
-46.44134526217422,-14.030686327007531
-46.43635416156015,-14.030648777951972
-46.4313630609461,-14.030611172427557
-46.426371960332034,-14.030573510405715
-46.42138085971797,-14.030535791857842
-46.41638975910391,-14.030498016755303
-46.41139865848985,-14.030460185069488
-46.40640755787579,-14.030422296771748
-46.401416457261725,-14.030384351833407
-46.39642535664767,-14.030346350225836
-46.391434256033605,-14.030308291920306
-46.38644315541954,-14.030270176888166
-46.38145205480548,-14.03023200510067
-46.37646095419142,-14.03019377652912
-46.37146985357736,-14.030155491144749
-46.366478752963296,-14.03011714891884
-46.36148765234923,-14.030078749822607
-46.35649655173518,-14.03004029382729
-46.35150545112111,-14.030001780904094
-46.34651435050705,-14.029963211024226
-46.34152324989299,-14.029924584158843
-46.33653214927893,-14.029885900279146
-46.33154104866487,-14.02984715935628
-46.326549948050804,-14.02980836136139
-46.32155884743674,-14.029769506265586
-46.316567746822685,-14.029730594040018
-46.31157664620862,-14.029691624655772
-46.30658554559456,-14.029652598083949
-46.301594444980495,-14.02961351429563
-46.29660334436644,-14.029574373261852
-46.291612243752375,-14.029535174953699
-46.28662114313831,-14.029495919342182
-46.281630042524256,-14.029456606398341
-46.27663894191019,-14.029417236093181
-46.27164784129613,-14.029377808397708
-46.266656740682066,-14.029338323282888
-46.26166564006801,-14.029298780719701
-46.25667453945395,-14.029259180679114
-46.25168343883988,-14.029219523132053
-46.24669233822582,-14.029179808049461
-46.241701237611764,-14.029140035402248
-46.2367101369977,-14.029100205161317
-46.23171903638364,-14.029060317297564
-46.226727935769574,-14.029020371781868
-46.22173683515552,-14.02898036858508
-46.216745734541455,-14.028940307678063
-46.21175463392739,-14.028900189031619
-46.20676353331333,-14.028860012616633
-46.20177243269927,-14.028819778403877
-46.19678133208521,-14.028779486364124
-46.191790231471145,-14.028739136468204
-46.18679913085708,-14.028698728686845
-46.181808030243026,-14.028658262990827
-46.17681692962896,-14.028617739350894
-46.1718258290149,-14.02857715773776
-46.16683472840084,-14.02853651812216
-46.16184362778678,-14.028495820474777
-46.15685252717272,-14.028455064766288
-46.15186142655865,-14.028414250967389
-46.1468703259446,-14.028373379048746
-46.141879225330534,-14.028332448980988
-46.13688812471647,-14.028291460734767
-46.13189702410241,-14.028250414280672
-46.12690592348835,-14.028209309589355
-46.12191482287429,-14.02816814663137
-46.116923722260225,-14.028126925377318
-46.11193262164616,-14.028085645797773
-46.106941521032105,-14.028044307863253
-46.10195042041804,-14.028002911544325
-46.09695931980398,-14.027961456811507
-46.09196821918992,-14.027919943635318
-46.08697711857586,-14.027878371986251
-46.081986017961796,-14.027836741834774
-46.07699491734773,-14.027795053151396
-46.07200381673368,-14.027753305906543
-46.06701271611961,-14.027711500070671
-46.06202161550555,-14.027669635614203
-46.05703051489149,-14.02762771250758
-46.05203941427743,-14.027585730721176
-46.04704831366337,-14.027543690225373
-46.042057213049304,-14.02750159099058
-46.03706611243524,-14.027459432987147
-46.032075011821185,-14.02741721618542
-46.02708391120712,-14.027374940555728
-46.02209281059306,-14.027332606068411
-46.017101709978995,-14.027290212693751
-46.01211060936494,-14.02724776040207
-46.007119508750876,-14.027205249163625
-46.00212840813681,-14.027162678948702
-45.99713730752275,-14.027120049727538
-45.99214620690869,-14.027077361470376
-45.98715510629463,-14.027034614147437
-45.982164005680566,-14.02699180772896
-45.97717290506651,-14.026948942185104
-45.97218180445245,-14.026906017486095
-45.967190703838384,-14.026863033602057
-45.96219960322432,-14.026819990503189
-45.957208502610264,-14.026776888159619
-45.9522174019962,-14.026733726541481
-45.94722630138214,-14.026690505618864
-45.942235200768074,-14.026647225361902
-45.93724410015402,-14.026603885740684
-45.932252999539955,-14.02656048672527
-45.92726189892589,-14.026517028285728
-45.92227079831183,-14.026473510392089
-45.91727969769777,-14.026429933014429
-45.91228859708371,-14.026386296122721
-45.907297496469646,-14.026342599686995
-45.90230639585559,-14.026298843677244
-45.897315295241526,-14.026255028063423
-45.89232419462746,-14.026211152815526
-45.8873330940134,-14.026167217903497
-45.882341993399336,-14.02612322329727
-45.87735089278528,-14.02607916896676
-45.87235979217122,-14.02603505488187
-45.867368691557154,-14.02599088101254
-45.8623775909431,-14.025946647328594
-45.857386490329034,-14.025902353799948
-45.85239538971497,-14.025858000396433
-45.84740428910091,-14.025813587087889
-45.84241318848685,-14.025769113844149
-45.83742208787279,-14.025724580635021
-45.832430987258725,-14.025679987430307
-45.82743988664466,-14.025635334199778
-45.822448786030606,-14.025590620913228
-45.81745768541654,-14.02554584754041
-45.81246658480248,-14.025501014051049
-45.807475484188416,-14.025456120414896
-45.80248438357436,-14.02541116660166
-45.797493282960296,-14.025366152581038
-45.79250218234623,-14.025321078322705
-45.78751108173218,-14.02527594379638
-45.782519981118114,-14.025230748971662
-45.77752888050405,-14.025185493818258
-45.77253777988999,-14.025140178305767
-45.767546679275924,-14.025094802403794
-45.76255557866187,-14.025049366081975
-45.757564478047804,-14.02500386930988
-45.75257337743374,-14.024958312057086
-45.747582276819685,-14.02491269429318
-45.74259117620562,-14.024867015987684
-45.73760007559156,-14.024821277110147
-45.732608974977495,-14.024775477630078
-45.72761787436344,-14.024729617516984
-45.722626773749376,-14.02468369674037
-45.71763567313531,-14.024637715269717
-45.712644572521256,-14.024591673074472
-45.70765347190719,-14.02454557012409
-45.70266237129313,-14.024499406388022
-45.697671270679066,-14.024453181835678
-45.692680170065,-14.024406896436483
-45.68768906945095,-14.024360550159816
-45.682697968836884,-14.02431414297505
-45.67770686822282,-14.02426767485156
-45.672715767608764,-14.024221145758727
-45.6677246669947,-14.024174555665857
-45.66273356638064,-14.024127904542262
-45.657742465766574,-14.024081192357295
-45.65275136515252,-14.024034419080245
-45.647760264538455,-14.023987584680354
-45.64276916392439,-14.023940689126928
-45.63777806331033,-14.02389373238921
-45.63278696269627,-14.023846714436457
-45.62779586208221,-14.023799635237872
-45.622804761468146,-14.023752494762658
-45.61781366085408,-14.02370529298005
-45.612822560240026,-14.023658029859206
-45.60783145962596,-14.023610705369306
-45.6028403590119,-14.023563319479507
-45.597849258397844,-14.02351587215895
-45.59285815778378,-14.023468363376743
-45.58786705716972,-14.023420793102023
-45.582875956555654,-14.023373161303885
-45.57788485594159,-14.023325467951429
-45.572893755327534,-14.0232777130137
-45.56790265471347,-14.023229896459753
-45.56291155409941,-14.023182018258668
-45.55792045348535,-14.02313407837942
-45.55292935287129,-14.023086076791056
-45.547938252257225,-14.02303801346259
-45.54294715164316,-14.022989888362982
-45.537956051029106,-14.022941701461214
-45.53296495041504,-14.022893452726256
-45.52797384980098,-14.022845142127029
-45.522982749186916,-14.022796769632459
-45.51799164857286,-14.022748335211492
-45.5130005479588,-14.022699838833011
-45.50800944734473,-14.022651280465915
-45.50301834673067,-14.022602660079032
-45.498027246116614,-14.022553977641286
-45.49303614550255,-14.022505233121487
-45.48804504488849,-14.022456426488457
-45.48305394427443,-14.022407557711034
-45.47806284366037,-14.022358626757994
-45.473071743046305,-14.02230963359816
-45.46808064243224,-14.02226057820028
-45.463089541818185,-14.022211460533116
-45.45809844120412,-14.022162280565396
-45.45310734059006,-14.022113038265896
-45.448116239975995,-14.0220637336033
-45.44312513936194,-14.02201436654631
-45.438134038747876,-14.021964937063624
-45.43314293813381,-14.021915445123897
-45.42815183751975,-14.021865890695814
-45.42316073690569,-14.021816273748005
-45.41816963629163,-14.021766594249103
-45.41317853567757,-14.021716852167716
-45.40818743506351,-14.021667047472466
-45.40319633444945,-14.02161718013191
-45.398205233835384,-14.021567250114641
-45.39321413322132,-14.021517257389247
-45.38822303260726,-14.021467201924217
-45.3832319319932,-14.021417083688108
-45.37824083137914,-14.021366902649438
-45.373249730765075,-14.0213166587767
-45.36825863015102,-14.021266352038378
-45.363267529536955,-14.021215982402966
-45.35827642892289,-14.021165549838896
-45.35328532830883,-14.02111505431464
-45.34829422769477,-14.021064495798583
-45.34330312708071,-14.021013874259207
-45.338312026466646,-14.02096318966485
-45.33332092585258,-14.02091244198393
-45.32832982523853,-14.020861631184802
-45.32333872462446,-14.020810757235864
-45.3183476240104,-14.020759820105393
-45.31335652339634,-14.020708819761783
-45.30836542278228,-14.02065775617331
-45.30337432216822,-14.020606629308284
-45.298383221554154,-14.02055543913498
-45.2933921209401,-14.020504185621691
-45.288401020326035,-14.020452868736662
-45.28340991971197,-14.020401488448133
-45.27841881909791,-14.020350044724339
-45.273427718483845,-14.020298537533485
-45.26843661786979,-14.020246966843759
-45.263445517255725,-14.020195332623375
-45.25845441664166,-14.020143634840476
-45.253463316027606,-14.020091873463244
-45.24847221541354,-14.020040048459808
-45.24348111479948,-14.019988159798277
-45.238490014185416,-14.019936207446785
-45.23349891357136,-14.019884191373416
-45.2285078129573,-14.019832111546256
-45.22351671234323,-14.019779967933369
-45.21852561172917,-14.01972776050284
-45.213534511115114,-14.01967548922267
-45.20854341050105,-14.019623154060884
-45.20355230988699,-14.019570754985537
-45.198561209272924,-14.01951829196457
-45.19357010865887,-14.019465764965993
-45.188579008044805,-14.019413173957755
-45.18358790743074,-14.01936051890784
-45.178596806816685,-14.019307799784162
-45.17360570620262,-14.019255016554638
-45.16861460558856,-14.019202169187192
-45.163623504974495,-14.019149257649715
-45.15863240436044,-14.019096281910082
-45.153641303746376,-14.019043241936158
-45.14865020313231,-14.018990137695779
-45.14365910251825,-14.018936969156815
-45.13866800190419,-14.018883736287068
-45.13367690129013,-14.018830439054325
-45.12868580067607,-14.018777077426408
-45.123694700062,-14.018723651371072
-45.11870359944795,-14.018670160856074
-45.113712498833884,-14.018616605849205
-45.10872139821982,-14.018562986318146
-45.103730297605765,-14.018509302230655
-45.0987391969917,-14.018455553554414
-45.09374809637764,-14.018401740257108
-45.088756995763575,-14.01834786230642
-45.08376589514951,-14.018293919670011
-45.078774794535455,-14.018239912315526
-45.07378369392139,-14.018185840210586
-45.06879259330733,-14.018131703322824
-45.06380149269327,-14.018077501619837
-45.05881039207921,-14.018023235069178
-45.053819291465146,-14.017968903638472
-45.04882819085108,-14.017914507295231
-45.04383709023703,-14.017860046007023
-45.03884598962296,-14.017805519741362
-45.0338548890089,-14.017750928465786
-45.02886378839484,-14.01769627214776
-45.02387268778078,-14.017641550754771
-45.01888158716672,-14.017586764254295
-45.013890486552654,-14.017531912613796
-45.00889938593859,-14.017476995800713
-45.003908285324535,-14.017422013782435
-44.99891718471047,-14.017366966526426
-44.99392608409641,-14.017311854000026
-44.98893498348235,-14.017256676170657
-44.98394388286829,-14.017201433005646
-44.978952782254225,-14.017146124472387
-44.97396168164016,-14.01709075053818
-44.9689705810261,-14.017035311170371
-44.96397948041204,-14.016979806336236
-44.95898837979798,-14.016924236003087
-44.953997279183916,-14.016868600138205
-44.94900617856986,-14.016812898708835
-44.9440150779558,-14.016757131682235
-44.93902397734173,-14.016701299025625
-44.93403287672767,-14.016645400706242
-44.929041776113614,-14.01658943669126
-44.92405067549955,-14.016533406947882
-44.91905957488549,-14.016477311443285
-44.91406847427143,-14.016421150144625
-44.90907737365737,-14.016364923019035
-44.904086273043305,-14.016308630033658
-44.89909517242924,-14.016252271155583
-44.89410407181518,-14.016195846351925
-44.88911297120112,-14.016139355589768
-44.88412187058706,-14.01608279883617
-44.879130769972996,-14.01602617605818
-44.87413966935894,-14.015969487222865
-44.869148568744876,-14.015912732297219
-44.86415746813081,-14.01585591124826
-44.85916636751675,-14.015799024042977
-44.85417526690269,-14.015742070648356
-44.84918416628863,-14.015685051031376
-44.84419306567457,-14.015627965158943
-44.839201965060504,-14.015570812998023
-44.83421086444645,-14.015513594515541
-44.829219763832384,-14.015456309678363
-44.82422866321832,-14.015398958453414
-44.81923756260426,-14.015341540807567
-44.8142464619902,-14.015284056707648
-44.80925536137614,-14.015226506120541
-44.804264260762075,-14.015168889013045
-44.79927316014802,-14.015111205351994
-44.794282059533955,-14.015053455104177
-44.78929095891989,-14.01499563823637
-44.78429985830583,-14.014937754715351
-44.779308757691766,-14.014879804507872
-44.77431765707771,-14.014821787580686
-44.769326556463646,-14.014763703900497
-44.76433545584958,-14.014705553434025
-44.75934435523553,-14.014647336147956
-44.75435325462146,-14.014589052008974
-44.7493621540074,-14.014530700983741
-44.74437105339334,-14.014472283038902
-44.73937995277928,-14.014413798141094
-44.73438885216522,-14.014355246256924
-44.729397751551154,-14.014296627353028
-44.72440665093709,-14.01423794139597
-44.719415550323035,-14.01417918835232
-44.71442444970897,-14.014120368188655
-44.70943334909491,-14.014061480871494
-44.704442248480845,-14.014002526367388
-44.69945114786679,-14.013943504642823
-44.694460047252726,-14.013884415664327
-44.68946894663866,-14.013825259398354
-44.684477846024606,-14.013766035811393
-44.67948674541054,-14.013706744869882
-44.67449564479648,-14.013647386540278
-44.669504544182416,-14.013587960788978
-44.66451344356835,-14.01352846758241
-44.6595223429543,-14.013468906886946
-44.654531242340234,-14.013409278668972
-44.64954014172617,-14.013349582894861
-44.644549041112114,-14.013289819530943
-44.63955794049805,-14.013229988543554
-44.63456683988399,-14.013170089899024
-44.629575739269924,-14.013110123563617
-44.62458463865587,-14.01305008950364
-44.619593538041805,-14.012989987685376
-44.61460243742774,-14.012929818075076
-44.609611336813686,-14.01286958063896
-44.60462023619962,-14.012809275343278
-44.59962913558556,-14.012748902154224
-44.594638034971496,-14.01268846103799
-44.58964693435743,-14.012627951960772
-44.584655833743376,-14.012567374888704
-44.57966473312931,-14.012506729787976
-44.57467363251525,-14.012446016624674
-44.569682531901194,-14.012385235364945
-44.56469143128713,-14.012324385974884
-44.55970033067307,-14.012263468420594
-44.554709230059004,-14.012202482668119
-44.54971812944495,-14.012141428683544
-44.544727028830884,-14.012080306432892
-44.53973592821682,-14.012019115882175
-44.53474482760276,-14.011957856997462
-44.5297537269887,-14.011896529744691
-44.52476262637464,-14.01183513408986
-44.519771525760575,-14.011773669998936
-44.51478042514651,-14.011712137437875
-44.509789324532456,-14.011650536372592
-44.50479822391839,-14.011588866769037
-44.49980712330433,-14.011527128593071
-44.49481602269027,-14.011465321810626
-44.48982492207621,-14.011403446387561
-44.484833821462146,-14.01134150228972
-44.47984272084808,-14.011279489482963
-44.47485162023402,-14.011217407933096
-44.469860519619964,-14.01115525760596
-44.4648694190059,-14.011093038467308
-44.45987831839184,-14.011030750482973
-44.45488721777778,-14.010968393618674
-44.44989611716372,-14.010905967840191
-44.444905016549654,-14.010843473113255
-44.43991391593559,-14.010780909403593
-44.434922815321535,-14.01071827667687
-44.42993171470747,-14.0106555748988
-44.42494061409341,-14.010592804035069
-44.419949513479345,-14.010529964051315
-44.41495841286529,-14.010467054913201
-44.409967312251226,-14.010404076586319
-44.40497621163716,-14.010341029036315
-44.3999851110231,-14.010277912228752
-44.39499401040904,-14.010214726129256
-44.39000290979498,-14.010151470703338
-44.38501180918092,-14.010088145916596
-44.38002070856686,-14.010024751734537
-44.3750296079528,-14.009961288122673
-44.370038507338734,-14.009897755046529
-44.36504740672467,-14.009834152471576
-44.360056306110614,-14.0097704803633
-44.35506520549655,-14.009706738687138
-44.35007410488249,-14.009642927408551
-44.345083004268425,-14.00957904649295
-44.34009190365437,-14.009515095905751
-44.335100803040305,-14.00945107561235
-44.33010970242624,-14.009386985578127
-44.32511860181218,-14.009322825768455
-44.32012750119812,-14.009258596148642
-44.31513640058406,-14.00919429668407
-44.310145299969996,-14.009129927340023
-44.30515419935594,-14.009065488081806
-44.300163098741876,-14.009000978874722
-44.29517199812781,-14.008936399684028
-44.29018089751375,-14.008871750474967
-44.28518979689969,-14.008807031212806
-44.28019869628563,-14.008742241862734
-44.27520759567157,-14.00867738238999
-44.270216495057504,-14.008612452759742
-44.26522539444345,-14.008547452937211
-44.260234293829384,-14.008482382887506
-44.25524319321532,-14.008417242575774
-44.25025209260126,-14.008352031967158
-44.2452609919872,-14.008286751026803
-44.24026989137314,-14.008221399719782
-44.235278790759075,-14.008155978011143
-44.23028769014501,-14.008090485865992
-44.225296589530956,-14.008024923249392
-44.22030548891689,-14.007959290126358
-44.21531438830283,-14.007893586461893
-44.210323287688766,-14.007827812221041
-44.20533218707471,-14.007761967368763
-44.20034108646065,-14.007696051870026
-44.19534998584658,-14.00763006568982
-44.19035888523253,-14.007564008793048
-44.185367784618464,-14.007497881144662
-44.1803766840044,-14.007431682709557
-44.17538558339034,-14.007365413452641
-44.170394482776274,-14.007299073338784
-44.16540338216222,-14.007232662332855
-44.160412281548155,-14.007166180399706
-44.15542118093409,-14.007099627504147
-44.150430080320035,-14.007033003611006
-44.14543897970597,-14.00696630868509
-44.14044787909191,-14.006899542691166
-44.135456778477845,-14.006832705594023
-44.13046567786379,-14.006765797358403
-44.125474577249726,-14.006698817949044
-44.12048347663566,-14.006631767330676
-44.1154923760216,-14.006564645467995
-44.11050127540754,-14.006497452325668
-44.10551017479348,-14.006430187868414
-44.10051907417942,-14.00636285206086
-44.09552797356535,-14.006295444867659
-44.0905368729513,-14.006227966253446
-44.085545772337234,-14.006160416182801
-44.08055467172317,-14.006092794620342
-44.075563571109114,-14.006025101530662
-44.07057247049505,-14.005957336878302
-44.06558136988099,-14.005889500627802
-44.060590269266925,-14.005821592743708
-44.05559916865287,-14.005753613190535
-44.050608068038805,-14.005685561932777
-44.04561696742474,-14.005617438934923
-44.04062586681068,-14.005549244161458
-44.03563476619662,-14.005480977576786
-44.03064366558256,-14.005412639145389
-44.025652564968496,-14.005344228831675
-44.02066146435443,-14.00527574660003
-44.01567036374038,-14.005207192414861
-44.01067926312631,-14.005138566240534
-44.00568816251225,-14.005069868041419
-44.000697061898194,-14.005001097781838
-43.99570596128413,-14.004932255426105
-43.99071486067007,-14.00486334093858
-43.985723760056004,-14.004794354283499
-43.98073265944194,-14.00472529542516
-43.975741558827885,-14.004656164327836
-43.97075045821382,-14.00458696095577
-43.96575935759976,-14.004517685273171
-43.9607682569857,-14.004448337244286
-43.95577715637164,-14.004378916833268
-43.950786055757575,-14.004309424004331
-43.94579495514351,-14.004239858721618
-43.940803854529456,-14.004170220949328
-43.93581275391539,-14.00410051065152
-43.93082165330133,-14.00403072779237
-43.925830552687266,-14.003960872335933
-43.92083945207321,-14.003890944246333
-43.91584835145915,-14.00382094348762
-43.91085725084508,-14.003750870023845
-43.90586615023102,-14.003680723819077
-43.900875049616964,-14.003610504837289
-43.8958839490029,-14.003540213042525
-43.89089284838884,-14.003469848398737
-43.88590174777478,-14.003399410869939
-43.88091064716072,-14.003328900420081
-43.875919546546655,-14.003258317013065
-43.87092844593259,-14.003187660612857
-43.86593734531853,-14.003116931183328
-43.86094624470447,-14.003046128688421
-43.85595514409041,-14.002975253091957
-43.850964043476345,-14.002904304357852
-43.84597294286229,-14.002833282449895
-43.840981842248226,-14.002762187331948
-43.83599074163416,-14.002691018967806
-43.8309996410201,-14.002619777321295
-43.82600854040604,-14.002548462356163
-43.82101743979198,-14.002477074036205
-43.81602633917792,-14.002405612325127
-43.81103523856386,-14.002334077186687
-43.8060441379498,-14.002262468584608
-43.801053037335734,-14.00219078648255
-43.79606193672167,-14.002119030844256
-43.79107083610761,-14.002047201633335
-43.78607973549355,-14.001975298813473
-43.78108863487949,-14.001903322348285
-43.776097534265425,-14.001831272201416
-43.77110643365137,-14.001759148336424
-43.766115333037305,-14.001686950716927
-43.76112423242324,-14.0016146793065
-43.75613313180918,-14.00154233406867
-43.75114203119512,-14.001469914967004
-43.74615093058106,-14.001397421964995
-43.741159829966996,-14.001324855026157
-43.73616872935293,-14.001252214113997
-43.73117762873888,-14.001179499191956
-43.72618652812481,-14.001106710223528
-43.72119542751075,-14.001033847172113
-43.71620432689669,-14.00096091000115
-43.71121322628263,-14.000887898674046
-43.70622212566857,-14.000814813154221
-43.701231025054504,-14.000741653404999
-43.69623992444045,-14.00066841938977
-43.691248823826385,-14.000595111071867
-43.68625772321232,-14.000521728414613
-43.68126662259826,-14.000448271381329
-43.676275521984195,-14.000374739935294
-43.67128442137014,-14.000301134039805
-43.666293320756076,-14.000227453658106
-43.66130222014201,-14.000153698753433
-43.656311119527956,-14.000079869289046
-43.65132001891389,-14.000005965228127
-43.64632891829983,-13.99993198653388
-43.641337817685766,-13.999857933169498
-43.63634671707171,-13.99978380509811
-43.63135561645765,-13.999709602282877
-43.62636451584358,-13.999635324686954
-43.62137341522952,-13.999560972273429
-43.616382314615464,-13.999486545005418
-43.6113912140014,-13.999412042845975
-43.60640011338734,-13.999337465758174
-43.601409012773274,-13.99926281370509
-43.59641791215922,-13.9991880866497
-43.591426811545155,-13.99911328455507
-43.58643571093109,-13.999038407384184
-43.581444610317035,-13.998963455100014
-43.57645350970297,-13.998888427665523
-43.57146240908891,-13.998813325043692
-43.566471308474846,-13.998738147197416
-43.56148020786078,-13.998662894089628
-43.556489107246726,-13.998587565683227
-43.55149800663266,-13.998512161941106
-43.5465069060186,-13.998436682826107
-43.54151580540454,-13.99836112830111
-43.53652470479048,-13.99828549832893
-43.53153360417642,-13.998209792872391
-43.526542503562354,-13.998134011894294
-43.5215514029483,-13.998058155357421
-43.516560302334234,-13.997982223224549
-43.51156920172017,-13.997906215458428
-43.506578101106115,-13.997830132021786
-43.50158700049205,-13.997753972877351
-43.49659589987799,-13.997677737987809
-43.491604799263925,-13.997601427315853
-43.48661369864986,-13.997525040824167
-43.481622598035806,-13.997448578475392
-43.47663149742174,-13.997372040232165
-43.47164039680768,-13.997295426057105
-43.46664929619362,-13.997218735912808
-43.46165819557956,-13.997141969761868
-43.456667094965496,-13.997065127566854
-43.45167599435143,-13.996988209290325
-43.44668489373738,-13.996911214894812
-43.441693793123314,-13.996834144342845
-43.43670269250925,-13.996756997596883
-43.43171159189519,-13.996679774619485
-43.42672049128113,-13.996602475373079
-43.42172939066707,-13.996525099820118
-43.416738290053004,-13.996447647923036
-43.41174718943894,-13.996370119644272
-43.406756088824885,-13.996292514946232
-43.40176498821082,-13.996214833791266
-43.39677388759676,-13.996137076141792
-43.3917827869827,-13.996059241960149
-43.38679168636864,-13.995981331208643
-43.381800585754576,-13.995903343849632
-43.37680948514051,-13.995825279845418
-43.37181838452645,-13.995747139158258
-43.36682728391239,-13.99566892175046
-43.36183618329833,-13.995590627584251
-43.356845082684266,-13.995512256621884
-43.35185398207021,-13.995433808825556
-43.34686288145615,-13.995355284157501
-43.341871780842084,-13.9952766825799
-43.33688068022802,-13.99519800405491
-43.331889579613964,-13.99511924854468
-43.3268984789999,-13.995040416011376
-43.32190737838584,-13.994961506417106
-43.316916277771774,-13.99488251972395
-43.31192517715772,-13.994803455894012
-43.306934076543655,-13.994724314889371
-43.30194297592959,-13.994645096672086
-43.29695187531553,-13.994565801204162
-43.29196077470147,-13.994486428447651
-43.28696967408741,-13.994406978364527
-43.281978573473346,-13.994327450916796
-43.27698747285929,-13.994247846066425
-43.271996372245226,-13.99416816377535
-43.26700527163116,-13.99408840400553
-43.2620141710171,-13.994008566718872
-43.257023070403044,-13.993928651877297
-43.25203196978898,-13.993848659442653
-43.24704086917492,-13.993768589376838
-43.242049768560854,-13.993688441641696
-43.2370586679468,-13.993608216199064
-43.232067567332734,-13.99352791301076
-43.22707646671867,-13.993447532038578
-43.22208536610461,-13.993367073244313
-43.21709426549055,-13.993286536589725
-43.21210316487649,-13.993205922036557
-43.207112064262425,-13.993125229546564
-43.20212096364837,-13.993044459081428
-43.197129863034306,-13.992963610602887
-43.19213876242024,-13.992882684072603
-43.18714766180618,-13.99280167945226
-43.182156561192116,-13.992720596703496
-43.17716546057806,-13.99263943578793
-43.172174359963996,-13.992558196667213
-43.16718325934993,-13.9924768793029
-43.16219215873588,-13.992395483656596
-43.157201058121814,-13.992314009689869
-43.15220995750775,-13.992232457364251
-43.14721885689369,-13.99215082664129
-43.14222775627963,-13.992069117482496
-43.13723665566557,-13.991987329849353
-43.132245555051504,-13.991905463703368
-43.12725445443744,-13.99182351900598
-43.122263353823385,-13.991741495718633
-43.11727225320932,-13.99165939380277
-43.11228115259526,-13.9915772132198
-43.107290051981195,-13.991494953931102
-43.10229895136714,-13.99141261589809
-43.097307850753076,-13.991330199082084
-43.09231675013901,-13.991247703444461
-43.087325649524956,-13.991165128946518
-43.08233454891089,-13.991082475549604
-43.07734344829683,-13.990999743214966
-43.07235234768277,-13.990916931903909
-43.0673612470687,-13.990834041577688
-43.06237014645465,-13.990751072197552
-43.057379045840584,-13.9906680237247
-43.05238794522652,-13.990584896120367
-43.047396844612464,-13.99050168934573
-43.0424057439984,-13.990418403361973
-43.03741464338434,-13.99033503813024
-43.032423542770275,-13.990251593611667
-43.02743244215622,-13.990168069767387
-43.022441341542155,-13.990084466558514
-43.01745024092809,-13.99000078394612
-43.01245914031403,-13.989917021891271
-43.00746803969997,-13.98983318035504
-43.00247693908591,-13.989749259298454
-42.997485838471846,-13.989665258682532
-42.99249473785778,-13.989581178468278
-42.98750363724373,-13.989497018616674
-42.98251253662966,-13.98941277908869
-42.9775214360156,-13.989328459845279
-42.972530335401544,-13.989244060847387
-42.96753923478748,-13.989159582055905
-42.96254813417342,-13.989075023431754
-42.957557033559354,-13.98899038493582
-42.9525659329453,-13.988905666528922
-42.947574832331235,-13.988820868171976
-42.94258373171717,-13.988735989825756
-42.93759263110311,-13.988651031451115
-42.93260153048905,-13.98856599300882
-42.92761042987499,-13.988480874459675
-42.922619329260925,-13.98839567576442
-42.91762822864686,-13.98831039688381
-42.912637128032806,-13.988225037778584
-42.90764602741874,-13.98813959840944
-42.90265492680468,-13.988054078737061
-42.89766382619062,-13.987968478722152
-42.89267272557656,-13.987882798325337
-42.8876816249625,-13.98779703750728
-42.88269052434843,-13.987711196228597
-42.87769942373437,-13.98762527444989
-42.872708323120314,-13.98753927213177
-42.86771722250625,-13.987453189234794
-42.86272612189219,-13.9873670257195
-42.85773502127813,-13.987280781546454
-42.85274392066407,-13.987194456676159
-42.847752820050005,-13.98710805106914
-42.84276171943594,-13.987021564685854
-42.837770618821885,-13.986934997486786
-42.83277951820782,-13.986848349432382
-42.82778841759376,-13.986761620483069
-42.822797316979695,-13.986674810599283
-42.81780621636564,-13.986587919741401
-42.812815115751576,-13.98650094786982
-42.80782401513751,-13.986413894944901
-42.80283291452345,-13.986326760926978
-42.79784181390939,-13.986239545776389
-42.79285071329533,-13.986152249453465
-42.78785961268127,-13.986064871918463
-42.78286851206721,-13.985977413131716
-42.77787741145315,-13.985889873053415
-42.772886310839084,-13.985802251643856
-42.76789521022502,-13.985714548863228
-42.76290410961096,-13.985626764671762
-42.7579130089969,-13.985538899029645
-42.75292190838284,-13.985450951897043
-42.747930807768775,-13.985362923234115
-42.74293970715472,-13.985274813001006
-42.737948606540655,-13.985186621157833
-42.73295750592659,-13.985098347664673
-42.72796640531253,-13.985009992481658
-42.72297530469847,-13.98492155556882
-42.71798420408441,-13.984833036886226
-42.712993103470346,-13.984744436393912
-42.70800200285629,-13.984655754051861
-42.70301090224223,-13.984566989820122
-42.69801980162816,-13.98447814365863
-42.6930287010141,-13.984389215527399
-42.68803760040004,-13.984300205386315
-42.68304649978598,-13.984211113195357
-42.67805539917192,-13.984121938914399
-42.673064298557854,-13.984032682503361
-42.6680731979438,-13.983943343922101
-42.663082097329735,-13.983853923130482
-42.65809099671567,-13.98376442008836
-42.65309989610161,-13.983674834755512
-42.64810879548755,-13.983585167091801
-42.64311769487349,-13.983495417056982
-42.638126594259425,-13.98340558461084
-42.63313549364536,-13.983315669713106
-42.628144393031306,-13.983225672323522
-42.62315329241724,-13.983135592401847
-42.61816219180318,-13.98304542990771
-42.613171091189116,-13.982955184800845
-42.60817999057506,-13.982864857040896
-42.603188889961,-13.982774446587518
-42.59819778934693,-13.982683953400345
-42.59320668873288,-13.982593377438967
-42.588215588118814,-13.982502718663007
-42.58322448750475,-13.982411977032017
-42.57823338689069,-13.98232115250557
-42.573242286276624,-13.982230245043205
-42.56825118566257,-13.982139254604443
-42.563260085048505,-13.982048181148787
-42.55826898443444,-13.98195702463573
-42.553277883820385,-13.981865785024738
-42.54828678320632,-13.981774462275265
-42.54329568259226,-13.981683056346757
-42.538304581978196,-13.981591567198624
-42.53331348136414,-13.981499994790255
-42.528322380750076,-13.98140833908106
-42.52333128013601,-13.981316600030366
-42.51834017952195,-13.981224777597541
-42.51334907890789,-13.981132871741929
-42.50835797829383,-13.981040882422802
-42.50336687767977,-13.980948809599479
-42.498375777065704,-13.98085665323125
-42.49338467645165,-13.980764413277337
-42.488393575837584,-13.980672089696997
-42.48340247522352,-13.980579682449465
-42.478411374609465,-13.980487191493914
-42.4734202739954,-13.980394616789578
-42.46842917338134,-13.980301958295588
-42.463438072767275,-13.980209215971106
-42.45844697215322,-13.98011638977527
-42.453455871539155,-13.980023479667175
-42.44846477092509,-13.979930485605944
-42.44347367031103,-13.979837407550658
-42.43848256969697,-13.979744245460356
-42.43349146908291,-13.979650999294108
-42.428500368468846,-13.979557669010926
-42.42350926785478,-13.979464254569812
-42.41851816724073,-13.979370755929772
-42.41352706662666,-13.979277173049772
-42.4085359660126,-13.979183505888768
-42.403544865398544,-13.979089754405692
-42.39855376478448,-13.978995918559471
-42.39356266417042,-13.978901998309023
-42.388571563556354,-13.978807993613183
-42.38358046294229,-13.978713904430874
-42.378589362328235,-13.978619730720899
-42.37359826171417,-13.978525472442117
-42.36860716110011,-13.978431129553321
-42.36361606048605,-13.978336702013305
-42.35862495987199,-13.978242189780868
-42.353633859257926,-13.978147592814736
-42.34864275864386,-13.97805291107369
-42.343651658029806,-13.977958144516409
-42.33866055741574,-13.977863293101635
-42.33366945680168,-13.977768356788012
-42.328678356187616,-13.977673335534252
-42.32368725557356,-13.977578229298981
-42.3186961549595,-13.977483038040829
-42.313705054345434,-13.977387761718441
-42.30871395373137,-13.977292400290374
-42.303722853117314,-13.97719695371525
-42.29873175250325,-13.977101421951579
-42.29374065188919,-13.977005804957937
-42.28874955127513,-13.976910102692829
-42.28375845066107,-13.976814315114785
-42.278767350047005,-13.976718442182278
-42.27377624943294,-13.976622483853781
-42.26878514881888,-13.976526440087754
-42.26379404820482,-13.976430310842632
-42.25880294759076,-13.976334096076796
-42.253811846976696,-13.976237795748704
-42.24882074636264,-13.976141409816682
-42.243829645748576,-13.976044938239138
-42.23883854513451,-13.975948380974366
-42.23384744452045,-13.975851737980733
-42.22885634390639,-13.975755009216533
-42.22386524329233,-13.97565819464007
-42.21887414267827,-13.975561294209582
-42.213883042064204,-13.975464307883355
-42.20889194145015,-13.97536723561961
-42.203900840836084,-13.975270077376571
-42.19890974022202,-13.975172833112431
-42.19391863960796,-13.975075502785371
-42.1889275389939,-13.97497808635355
-42.18393643837984,-13.974880583775132
-42.178945337765775,-13.974782995008217
-42.17395423715172,-13.974685320010947
-42.168963136537656,-13.974587558741387
-42.16397203592359,-13.974489711157613
-42.15898093530953,-13.974391777217694
-42.15398983469547,-13.974293756879627
-42.14899873408141,-13.97419565010148
-42.144007633467346,-13.974097456841218
-42.13901653285328,-13.97399917705684
-42.13402543223923,-13.973900810706294
-42.129034331625164,-13.97380235774755
-42.1240432310111,-13.973703818138517
-42.11905213039704,-13.973605191837088
-42.11406102978298,-13.973506478801168
-42.10906992916892,-13.973407678988647
-42.104078828554854,-13.97330879235736
-42.0990877279408,-13.973209818865133
-42.094096627326735,-13.973110758469817
-42.08910552671267,-13.973011611129184
-42.08411442609861,-13.972912376801007
-42.079123325484545,-13.972813055443071
-42.07413222487049,-13.972713647013101
-42.069141124256426,-13.972614151468857
-42.06415002364236,-13.97251456876801
-42.059158923028306,-13.972414898868255
-42.05416782241424,-13.97231514172728
-42.04917672180018,-13.972215297302714
-42.04418562118612,-13.972115365552218
-42.03919452057206,-13.9720153464334
-42.034203419958,-13.971915239903836
-42.029212319343934,-13.971815045921128
-42.02422121872987,-13.971714764442833
-42.019230118115814,-13.971614395426478
-42.01423901750175,-13.971513938829622
-42.00924791688769,-13.97141339460973
-42.004256816273625,-13.971312762724331
-41.99926571565957,-13.971212043130867
-41.994274615045505,-13.971111235786784
-41.98928351443144,-13.971010340649524
-41.984292413817386,-13.9709093576765
-41.97930131320332,-13.970808286825124
-41.97431021258926,-13.970707128052764
-41.969319111975196,-13.970605881316738
-41.96432801136113,-13.970504546574455
-41.959336910747076,-13.970403123783198
-41.95434581013301,-13.970301612900256
-41.94935470951895,-13.970200013882959
-41.944363608904894,-13.970098326688534
-41.93937250829083,-13.969996551274251
-41.93438140767677,-13.969894687597328
-41.929390307062704,-13.969792735614995
-41.92439920644865,-13.9696906952844
-41.919408105834584,-13.969588566562777
-41.91441700522052,-13.96948634940723
-41.909425904606465,-13.969384043774927
-41.9044348039924,-13.969281649622978
-41.89944370337834,-13.969179166908486
-41.894452602764275,-13.969076595588522
-41.88946150215021,-13.96897393562017
-41.884470401536156,-13.968871186960452
-41.87947930092209,-13.968768349566417
-41.87448820030803,-13.968665423395048
-41.86949709969397,-13.968562408403358
-41.86450599907991,-13.968459304548288
-41.85951489846585,-13.968356111786827
-41.85452379785178,-13.968252830075878
-41.84953269723772,-13.968149459372379
-41.844541596623664,-13.968045999633185
-41.8395504960096,-13.96794245081522
-41.83455939539554,-13.967838812875339
-41.82956829478148,-13.967735085770366
-41.82457719416742,-13.967631269457112
-41.819586093553355,-13.967527363892406
-41.81459499293929,-13.967423369033021
-41.809603892325235,-13.967319284835721
-41.80461279171117,-13.967215111257254
-41.79962169109711,-13.967110848254354
-41.79463059048305,-13.967006495783723
-41.78963948986899,-13.966902053802059
-41.784648389254926,-13.96679752226604
-41.77965728864086,-13.96669290113231
-41.7746661880268,-13.966588190357504
-41.76967508741274,-13.966483389898238
-41.76468398679868,-13.966378499711116
-41.75969288618462,-13.966273519752734
-41.75470178557056,-13.966168449979627
-41.7497106849565,-13.966063290348341
-41.744719584342434,-13.965958040815417
-41.73972848372837,-13.965852701337328
-41.73473738311431,-13.96574727187059
-41.72974628250025,-13.965641752371651
-41.72475518188619,-13.96553614279697
-41.71976408127213,-13.965430443102985
-41.71477298065807,-13.965324653246093
-41.709781880044005,-13.965218773182693
-41.70479077942994,-13.96511280286912
-41.69979967881588,-13.965006742261801
-41.69480857820182,-13.964900591317019
-41.68981747758776,-13.964794349991111
-41.684826376973696,-13.964688018240377
-41.67983527635964,-13.96458159602109
-41.67484417574558,-13.964475083289509
-41.66985307513151,-13.964368480001884
-41.66486197451745,-13.964261786114434
-41.65987087390339,-13.964155001583363
-41.65487977328933,-13.964048126364842
-41.64988867267527,-13.963941160415057
-41.644897572061204,-13.963834103690164
-41.63990647144715,-13.96372695614626
-41.634915370833085,-13.963619717739483
-41.62992427021902,-13.963512388425928
-41.62493316960496,-13.963404968161658
-41.6199420689909,-13.96329745690271
-41.61495096837684,-13.96318985460514
-41.609959867762775,-13.96308216122496
-41.60496876714872,-13.96297437671816
-41.599977666534656,-13.962866501040722
-41.59498656592059,-13.962758534148604
-41.58999546530653,-13.962650475997748
-41.585004364692466,-13.962542326544085
-41.58001326407841,-13.962434085743507
-41.57502216346435,-13.962325753551893
-41.57003106285028,-13.962217329925114
-41.56503996223623,-13.962108814819004
-41.560048861622164,-13.962000208189432
-41.5550577610081,-13.961891509992153
-41.55006666039404,-13.96178272018298
-41.545075559779974,-13.961673838717692
-41.54008445916592,-13.961564865552013
-41.535093358551855,-13.961455800641705
-41.5301022579378,-13.961346643942452
-41.525111157323735,-13.961237395409984
-41.52012005670967,-13.961128054999932
-41.51512895609561,-13.961018622667991
-41.510137855481545,-13.96090909836978
-41.50514675486749,-13.960799482060922
-41.500155654253426,-13.960689773697014
-41.49516455363936,-13.960579973233637
-41.49017345302531,-13.960470080626324
-41.48518235241124,-13.960360095830664
-41.48019125179718,-13.96025001880216
-41.47520015118312,-13.96013984949632
-41.47020905056905,-13.960029587868625
-41.465217949955,-13.959919233874533
-41.460226849340934,-13.959808787469491
-41.45523574872687,-13.959698248608934
-41.450244648112815,-13.959587617248278
-41.44525354749875,-13.959476893342895
-41.44026244688469,-13.95936607684815
-41.435271346270625,-13.959255167719435
-41.43028024565657,-13.959144165912047
-41.425289145042505,-13.959033071381299
-41.42029804442844,-13.958921884082498
-41.415306943814386,-13.958810603970925
-41.41031584320032,-13.958699231001798
-41.40532474258626,-13.958587765130401
-41.400333641972196,-13.95847620631193
-41.39534254135813,-13.958364554501573
-41.39035144074408,-13.958252809654523
-41.38536034013001,-13.958140971725928
-41.38036923951595,-13.958029040670942
-41.375378138901894,-13.957917016444691
-41.37038703828783,-13.957804899002252
-41.36539593767377,-13.95769268829871
-41.360404837059704,-13.957580384289162
-41.35541373644564,-13.95746798692863
-41.350422635831585,-13.957355496172138
-41.34543153521752,-13.9572429119747
-41.34044043460346,-13.957130234291306
-41.3354493339894,-13.957017463076903
-41.33045823337534,-13.956904598286451
-41.325467132761275,-13.956791639874897
-41.32047603214721,-13.956678587797123
-41.315484931533156,-13.956565442008017
-41.31049383091909,-13.956452202462486
-41.30550273030503,-13.956338869115358
-41.30051162969097,-13.956225441921474
-41.29552052907691,-13.956111920835642
-41.29052942846285,-13.955998305812646
-41.28553832784878,-13.955884596807275
-41.28054722723472,-13.955770793774288
-41.275556126620664,-13.955656896668414
-41.2705650260066,-13.955542905444378
-41.26557392539254,-13.955428820056852
-41.26058282477848,-13.955314640460552
-41.25559172416442,-13.95520036661012
-41.250600623550355,-13.955085998460184
-41.24560952293629,-13.954971535965367
-41.24061842232223,-13.954856979080299
-41.23562732170817,-13.95474232775952
-41.23063622109411,-13.954627581957629
-41.22564512048005,-13.95451274162915
-41.22065401986599,-13.954397806728593
-41.215662919251926,-13.954282777210503
-41.21067181863786,-13.954167653029325
-41.2056807180238,-13.954052434139541
-41.20068961740974,-13.953937120495608
-41.19569851679568,-13.953821712051937
-41.19070741618162,-13.953706208762913
-41.18571631556756,-13.953590610582967
-41.1807252149535,-13.953474917466458
-41.175734114339434,-13.953359129367717
-41.17074301372537,-13.953243246241076
-41.16575191311131,-13.953127268040861
-41.16076081249725,-13.953011194721348
-41.15576971188319,-13.952895026236812
-41.150778611269125,-13.952778762541518
-41.14578751065507,-13.95266240358968
-41.140796410041006,-13.952545949335503
-41.13580530942694,-13.952429399733196
-41.13081420881288,-13.952312754736935
-41.12582310819882,-13.952196014300862
-41.12083200758476,-13.952079178379124
-41.115840906970696,-13.951962246925824
-41.11084980635664,-13.951845219895059
-41.10585870574258,-13.951728097240922
-41.100867605128514,-13.95161087891745
-41.09587650451445,-13.951493564878673
-41.09088540390039,-13.951376155078645
-41.08589430328633,-13.95125864947132
-41.08090320267227,-13.951141048010708
-41.075912102058204,-13.95102335065076
-41.07092100144415,-13.950905557345404
-41.065929900830085,-13.950787668048555
-41.06093880021602,-13.95066968271414
-41.05594769960196,-13.950551601296015
-41.050956598987895,-13.95043342374806
-41.04596549837384,-13.950315150024084
-41.040974397759776,-13.950196780077931
-41.03598329714571,-13.95007831386341
-41.030992196531656,-13.949959751334296
-41.02600109591759,-13.94984109244436
-41.02100999530353,-13.949722337147323
-41.016018894689466,-13.949603485396903
-41.01102779407541,-13.949484537146839
-41.00603669346135,-13.949365492350793
-41.001045592847284,-13.94924635096243
-40.99605449223323,-13.949127112935383
-40.991063391619164,-13.949007778223297
-40.9860722910051,-13.948888346779787
-40.98108119039104,-13.948768818558417
-40.976090089776974,-13.94864919351275
-40.97109898916292,-13.948529471596334
-40.966107888548855,-13.948409652762717
-40.96111678793479,-13.948289736965382
-40.956125687320736,-13.948169724157813
-40.95113458670667,-13.948049614293499
-40.94614348609261,-13.94792940732588
-40.941152385478546,-13.94780910320837
-40.93616128486448,-13.947688701894387
-40.931170184250426,-13.947568203337314
-40.92617908363636,-13.947447607490533
-40.92118798302231,-13.947326914307363
-40.916196882408244,-13.947206123741166
-40.91120578179418,-13.94708523574525
-40.90621468118012,-13.94696425027289
-40.901223580566054,-13.946843167277336
-40.896232479952,-13.946721986711868
-40.891241379337934,-13.946600708529713
-40.88625027872387,-13.946479332684062
-40.881259178109815,-13.946357859128137
-40.87626807749575,-13.94623628781507
-40.87127697688169,-13.946114618698042
-40.866285876267625,-13.945992851730152
-40.86129477565356,-13.945870986864552
-40.856303675039506,-13.945749024054304
-40.85131257442544,-13.945626963252481
-40.84632147381138,-13.945504804412156
-40.84133037319732,-13.945382547486318
-40.83633927258326,-13.94526019242802
-40.831348171969196,-13.945137739190239
-40.82635707135513,-13.945015187725943
-40.82136597074108,-13.94489253798808
-40.816374870127014,-13.944769789929584
-40.81138376951295,-13.944646943503361
-40.806392668898894,-13.944523998662328
-40.80140156828483,-13.944400955359345
-40.79641046767077,-13.944277813547247
-40.791419367056704,-13.944154573178873
-40.78642826644264,-13.94403123420706
-40.781437165828585,-13.943907796584575
-40.77644606521452,-13.943784260264186
-40.77145496460046,-13.943660625198659
-40.7664638639864,-13.943536891340715
-40.76147276337234,-13.943413058643074
-40.756481662758276,-13.943289127058444
-40.75149056214421,-13.943165096539468
-40.74649946153015,-13.943040967038813
-40.74150836091609,-13.942916738509098
-40.73651726030203,-13.942792410902955
-40.73152615968797,-13.942667984172973
-40.72653505907391,-13.942543458271713
-40.72154395845985,-13.942418833151729
-40.716552857845784,-13.94229410876556
-40.71156175723172,-13.942169285065722
-40.706570656617664,-13.942044362004681
-40.7015795560036,-13.941919339534927
-40.69658845538954,-13.94179421760893
-40.69159735477548,-13.941668996179093
-40.68660625416142,-13.941543675197837
-40.681615153547355,-13.941418254617545
-40.67662405293329,-13.941292734390625
-40.67163295231923,-13.941167114469376
-40.66664185170517,-13.941041394806161
-40.66165075109111,-13.940915575353282
-40.656659650477046,-13.940789656063034
-40.65166854986299,-13.940663636887685
-40.64667744924893,-13.94053751777949
-40.64168634863486,-13.940411298690664
-40.6366952480208,-13.940284979573443
-40.63170414740674,-13.940158560379997
-40.62671304679268,-13.940032041062505
-40.62172194617862,-13.939905421573108
-40.61673084556456,-13.93977870186394
-40.6117397449505,-13.93965188188711
-40.606748644336434,-13.93952496159473
-40.60175754372237,-13.93939794093883
-40.59676644310831,-13.939270819871483
-40.59177534249425,-13.939143598344714
-40.58678424188019,-13.93901627631053
-40.581793141266125,-13.93888885372091
-40.57680204065207,-13.938761330527832
-40.571810940038006,-13.938633706683234
-40.56681983942394,-13.938505982139075
-40.56182873880988,-13.938378156847222
-40.556837638195816,-13.938250230759584
-40.55184653758176,-13.938122203828037
-40.5468554369677,-13.937994076004387
-40.54186433635363,-13.937865847240493
-40.53687323573958,-13.937737517488166
-40.531882135125514,-13.937609086699165
-40.52689103451145,-13.937480554825273
-40.52189993389739,-13.937351921818241
-40.51690883328333,-13.93722318762977
-40.51191773266927,-13.937094352211584
-40.506926632055205,-13.93696541551537
-40.50193553144115,-13.936836377492774
-40.496944430827085,-13.936707238095453
-40.49195333021302,-13.936577997275025
-40.48696222959896,-13.936448654983094
-40.481971128984895,-13.936319211171234
-40.47698002837084,-13.936189665791028
-40.471988927756776,-13.936060018794002
-40.46699782714271,-13.935930270131669
-40.46200672652866,-13.935800419755557
-40.45701562591459,-13.935670467617099
-40.45202452530053,-13.935540413667796
-40.44703342468647,-13.935410257859099
-40.4420423240724,-13.935280000142379
-40.43705122345835,-13.935149640469065
-40.432060122844284,-13.935019178790546
-40.42706902223023,-13.934888615058146
-40.422077921616165,-13.934757949223249
-40.4170868210021,-13.934627181237117
-40.41209572038804,-13.934496311051074
-40.407104619773975,-13.934365338616416
-40.40211351915992,-13.934234263884344
-40.397122418545855,-13.934103086806147
-40.39213131793179,-13.933971807333041
-40.387140217317736,-13.93384042541618
-40.38214911670367,-13.933708941006762
-40.37715801608961,-13.93357735405591
-40.372166915475546,-13.93344566451479
-40.36717581486148,-13.933313872334537
-40.36218471424743,-13.933181977466196
-40.35719361363336,-13.933049979860835
-40.3522025130193,-13.932917879469542
-40.347211412405244,-13.932785676243313
-40.34222031179118,-13.93265337013319
-40.33722921117712,-13.932520961090127
-40.332238110563054,-13.932388449065117
-40.327247009949,-13.932255834009116
-40.322255909334935,-13.932123115873019
-40.31726480872087,-13.931990294607752
-40.312273708106815,-13.931857370164197
-40.30728260749275,-13.931724342493224
-40.30229150687869,-13.93159121154568
-40.297300406264625,-13.931457977272373
-40.29230930565056,-13.931324639624126
-40.287318205036506,-13.931191198551705
-40.28232710442244,-13.931057654005889
-40.27733600380838,-13.930924005937415
-40.27234490319432,-13.930790254296975
-40.26735380258026,-13.930656399035332
-40.2623627019662,-13.930522440103104
-40.25737160135213,-13.930388377450994
-40.25238050073807,-13.930254211029604
-40.247389400124014,-13.930119940789588
-40.24239829950995,-13.929985566681504
-40.23740719889589,-13.929851088655964
-40.23241609828183,-13.92971650666351
-40.22742499766777,-13.929581820654665
-40.222433897053705,-13.929447030579972
-40.21744279643964,-13.929312136389894
-40.212451695825585,-13.929177138034923
-40.20746059521152,-13.929042035465487
-40.20246949459746,-13.928906828632062
-40.1974783939834,-13.928771517485009
-40.19248729336934,-13.92863610197475
-40.187496192755276,-13.928500582051665
-40.18250509214121,-13.928364957666053
-40.17751399152715,-13.928229228768295
-40.17252289091309,-13.928093395308663
-40.16753179029903,-13.92795745723746
-40.16254068968497,-13.927821414504931
-40.15754958907091,-13.927685267061346
-40.15255848845685,-13.927549014856917
-40.147567387842784,-13.927412657841856
-40.14257628722872,-13.927276195966327
-40.13758518661466,-13.92713962918051
-40.1325940860006,-13.927002957434528
-40.12760298538654,-13.926866180678527
-40.12261188477248,-13.926729298862567
-40.11762078415842,-13.926592311936753
-40.112629683544355,-13.926455219851137
-40.10763858293029,-13.926318022555758
-40.10264748231623,-13.92618072000064
-40.09765638170217,-13.926043312135745
-40.09266528108811,-13.925905798911085
-40.087674180474046,-13.925768180276576
-40.08268307985999,-13.925630456182185
-40.07769197924593,-13.92549262657779
-40.07270087863186,-13.925354691413323
-40.0677097780178,-13.9252166506386
-40.06271867740374,-13.925078504203514
-40.05772757678968,-13.924940252057864
-40.05273647617562,-13.924801894151482
-40.047745375561554,-13.924663430434128
-40.0427542749475,-13.924524860855588
-40.037763174333435,-13.92438618536557
-40.03277207371937,-13.924247403913842
-40.02778097310531,-13.924108516450069
-40.02278987249125,-13.923969522923974
-40.01779877187719,-13.923830423285173
-40.012807671263126,-13.923691217483311
-40.00781657064907,-13.923551905468038
-40.002825470035006,-13.92341248718892
-39.99783436942094,-13.923272962595542
-39.99284326880688,-13.923133331637448
-39.987852168192816,-13.92299359426419
-39.98286106757876,-13.922853750425256
-39.9778699669647,-13.922713800070172
-39.972878866350634,-13.922573743148382
-39.96788776573658,-13.922433579609342
-39.962896665122514,-13.922293309402482
-39.95790556450845,-13.922152932477207
-39.95291446389439,-13.922012448782905
-39.947923363280324,-13.921871858268945
-39.94293226266627,-13.921731160884676
-39.937941162052205,-13.921590356579388
-39.93295006143814,-13.921449445302436
-39.927958960824085,-13.921308427003042
-39.92296786021002,-13.92116730163052
-39.91797675959596,-13.921026069134053
-39.912985658981896,-13.920884729462909
-39.90799455836784,-13.920743282566256
-39.903003457753776,-13.920601728393285
-39.89801235713971,-13.920460066893138
-39.89302125652566,-13.920318298014942
-39.88803015591159,-13.920176421707838
-39.88303905529753,-13.920034437920888
-39.87804795468347,-13.91989234660317
-39.873056854069404,-13.919750147703715
-39.86806575345535,-13.919607841171592
-39.863074652841284,-13.919465426955771
-39.85808355222722,-13.91932290500525
-39.853092451613165,-13.919180275268983
-39.8481013509991,-13.919037537695921
-39.84311025038504,-13.918894692235
-39.838119149770975,-13.91875173883507
-39.83312804915691,-13.918608677445077
-39.828136948542856,-13.91846550801381
-39.82314584792879,-13.91832223049016
-39.818154747314736,-13.918178844822922
-39.81316364670067,-13.918035350960867
-39.80817254608661,-13.9178917488528
-39.803181445472546,-13.917748038447463
-39.79819034485848,-13.91760421969357
-39.79319924424443,-13.917460292539857
-39.788208143630364,-13.91731625693498
-39.7832170430163,-13.917172112827643
-39.778225942402244,-13.917027860166447
-39.77323484178818,-13.91688349890004
-39.76824374117412,-13.916739028977018
-39.763252640560054,-13.91659445034596
-39.75826153994599,-13.916449762955443
-39.753270439331935,-13.916304966753975
-39.74827933871787,-13.916160061690087
-39.74328823810381,-13.916015047712285
-39.73829713748975,-13.915869924769032
-39.73330603687569,-13.91572469280878
-39.728314936261626,-13.91557935177996
-39.72332383564756,-13.915433901630982
-39.718332735033506,-13.915288342310232
-39.71334163441944,-13.915142673766074
-39.70835053380538,-13.914996895946874
-39.70335943319132,-13.914851008800927
-39.69836833257726,-13.914705012276544
-39.6933772319632,-13.914558906322029
-39.688386131349134,-13.914412690885626
-39.68339503073507,-13.914266365915545
-39.678403930121014,-13.914119931360057
-39.67341282950695,-13.913973387167328
-39.66842172889289,-13.91382673328552
-39.66343062827883,-13.913679969662809
-39.65843952766477,-13.913533096247304
-39.653448427050705,-13.913386112987135
-39.64845732643664,-13.913239019830382
-39.64346622582258,-13.91309181672512
-39.63847512520852,-13.912944503619377
-39.63348402459446,-13.912797080461193
-39.628492923980396,-13.912649547198559
-39.62350182336634,-13.912501903779448
-39.618510722752276,-13.912354150151844
-39.61351962213821,-13.912206286263658
-39.60852852152415,-13.912058312062827
-39.603537420910094,-13.911910227497252
-39.59854632029603,-13.911762032514757
-39.59355521968197,-13.911613727063253
-39.58856411906791,-13.911465311090547
-39.58357301845385,-13.911316784544423
-39.578581917839784,-13.911168147372695
-39.57359081722572,-13.911019399523141
-39.56859971661166,-13.910870540943469
-39.5636086159976,-13.91072157158141
-39.55861751538354,-13.910572491384688
-39.553626414769475,-13.910423300300957
-39.54863531415542,-13.910273998277882
-39.543644213541356,-13.910124585263098
-39.53865311292729,-13.90997506120421
-39.53366201231323,-13.909825426048837
-39.528670911699166,-13.909675679744526
-39.52367981108511,-13.909525822238827
-39.51868871047105,-13.909375853479274
-39.51369760985699,-13.909225773413366
-39.50870650924293,-13.909075581988594
-39.503715408628864,-13.908925279152413
-39.4987243080148,-13.908774864852278
-39.49373320740074,-13.908624339035592
-39.48874210678668,-13.908473701649745
-39.48375100617262,-13.90832295264213
-39.478759905558555,-13.90817209196011
-39.4737688049445,-13.908021119550993
-39.468777704330435,-13.90787003536208
-39.46378660371637,-13.907718839340689
-39.45879550310231,-13.907567531434097
-39.453804402488245,-13.907416111589491
-39.44881330187419,-13.907264579754148
-39.443822201260126,-13.907112935875256
-39.43883110064606,-13.906961179899985
-39.433840000032006,-13.906809311775495
-39.42884889941794,-13.906657331448924
-39.42385779880388,-13.9065052388674
-39.41886669818982,-13.906353033977998
-39.41387559757576,-13.906200716727776
-39.4088844969617,-13.906048287063811
-39.403893396347634,-13.905895744933138
-39.39890229573358,-13.90574309028271
-39.393911195119514,-13.905590323059561
-39.38892009450545,-13.905437443210648
-39.38392899389139,-13.905284450682897
-39.378937893277325,-13.90513134542321
-39.37394679266327,-13.904978127378493
-39.368955692049205,-13.904824796495651
-39.36396459143514,-13.904671352721515
-39.358973490821086,-13.90451779600289
-39.35398239020702,-13.904364126286632
-39.34899128959296,-13.904210343519486
-39.344000188978896,-13.904056447648243
-39.33900908836483,-13.903902438619625
-39.33401798775078,-13.903748316380376
-39.32902688713671,-13.903594080877182
-39.32403578652266,-13.903439732056723
-39.319044685908594,-13.90328526986564
-39.31405358529453,-13.903130694250603
-39.30906248468047,-13.902976005158184
-39.304071384066404,-13.902821202534996
-39.29908028345235,-13.902666286327586
-39.294089182838285,-13.902511256482514
-39.28909808222422,-13.902356112946311
-39.284106981610165,-13.902200855665463
-39.2791158809961,-13.90204548458645
-39.27412478038204,-13.901889999655735
-39.269133679767975,-13.901734400819759
-39.26414257915391,-13.901578688024928
-39.259151478539856,-13.901422861217627
-39.25416037792579,-13.901266920344234
-39.24916927731173,-13.901110865351113
-39.24417817669767,-13.900954696184558
-39.23918707608361,-13.900798412790866
-39.23419597546955,-13.900642015116354
-39.22920487485548,-13.900485503107276
-39.22421377424143,-13.90032887670986
-39.219222673627364,-13.900172135870298
-39.2142315730133,-13.90001528053482
-39.209240472399244,-13.899858310649568
-39.20424937178518,-13.89970122616071
-39.19925827117112,-13.899544027014374
-39.194267170557055,-13.899386713156648
-39.18927606994299,-13.899229284533618
-39.184284969328935,-13.899071741091356
-39.17929386871487,-13.898914082775912
-39.17430276810081,-13.898756309533255
-39.16931166748675,-13.898598421309421
-39.16432056687269,-13.898440418050363
-39.159329466258626,-13.898282299702057
-39.15433836564456,-13.89812406621039
-39.1493472650305,-13.897965717521297
-39.14435616441644,-13.89780725358065
-39.13936506380238,-13.897648674334315
-39.13437396318832,-13.897489979728114
-39.12938286257426,-13.897331169707895
-39.1243917619602,-13.89717224421942
-39.119400661346134,-13.897013203208488
-39.11440956073207,-13.896854046620833
-39.109418460118015,-13.896694774402178
-39.10442735950395,-13.896535386498234
-39.09943625888989,-13.896375882854697
-39.09444515827583,-13.896216263417223
-39.08945405766177,-13.896056528131435
-39.084462957047705,-13.895896676942955
-39.07947185643364,-13.8957367097974
-39.07448075581958,-13.89557662664031
-39.06948965520552,-13.895416427417281
-39.06449855459146,-13.895256112073783
-39.059507453977396,-13.895095680555352
-39.05451635336334,-13.89493513280745
-39.04952525274928,-13.894774468775575
-39.04453415213521,-13.894613688405144
-39.03954305152115,-13.894452791641566
-39.03455195090709,-13.89429177843025
-39.02956085029303,-13.894130648716551
-39.02456974967897,-13.893969402445814
-39.01957864906491,-13.893808039563398
-39.01458754845085,-13.89364656001458
-39.009596447836785,-13.893484963744651
-39.00460534722272,-13.893323250698861
-38.99961424660866,-13.893161420822468
-38.9946231459946,-13.892999474060677
-38.98963204538054,-13.892837410358654
-38.984640944766475,-13.892675229661602
-38.97964984415242,-13.89251293191466
-38.974658743538356,-13.892350517062958
-38.96966764292429,-13.892187985051578
-38.96467654231023,-13.892025335825629
-38.959685441696166,-13.89186256933014
-38.95469434108211,-13.891699685510174
-38.94970324046805,-13.891536684310731
-38.94471213985398,-13.891373565676796
-38.93972103923993,-13.891210329553351
-38.934729938625864,-13.891046975885326
-38.9297388380118,-13.890883504617667
-38.92474773739774,-13.890719915695238
-38.91975663678368,-13.89055620906295
-38.91476553616962,-13.890392384665649
-38.909774435555555,-13.890228442448162
-38.9047833349415,-13.890064382355307
-38.899792234327435,-13.889900204331877
-38.89480113371337,-13.889735908322647
-38.88981003309931,-13.889571494272314
-38.884818932485246,-13.889406962125644
-38.87982783187119,-13.889242311827312
-38.874836731257126,-13.88907754332201
-38.86984563064306,-13.888912656554373
-38.86485453002901,-13.888747651469043
-38.85986342941494,-13.88858252801064
-38.85487232880088,-13.88841728612374
-38.84988122818682,-13.888251925752888
-38.844890127572754,-13.888086446842646
-38.8398990269587,-13.887920849337513
-38.834907926344634,-13.887755133182
-38.82991682573057,-13.88758929832057
-38.824925725116515,-13.887423344697702
-38.81993462450245,-13.887257272257765
-38.81494352388839,-13.887091080945218
-38.809952423274325,-13.886924770704425
-38.80496132266027,-13.886758341479736
-38.799970222046205,-13.886591793215493
-38.79497912143214,-13.886425125856002
-38.789988020818086,-13.886258339345565
-38.78499692020402,-13.886091433628469
-38.78000581958996,-13.88592440864893
-38.775014718975896,-13.885757264351174
-38.77002361836183,-13.885590000679414
-38.76503251774778,-13.885422617577824
-38.76004141713371,-13.885255114990564
-38.75505031651965,-13.88508749286175
-38.750059215905594,-13.884919751135516
-38.74506811529153,-13.88475188975592
-38.74007701467747,-13.884583908667057
-38.735085914063404,-13.884415807812932
-38.73009481344934,-13.884247587137606
-38.725103712835285,-13.884079246585049
-38.72011261222122,-13.883910786099232
-38.715121511607165,-13.883742205624133
-38.7101304109931,-13.88357350510365
-38.70513931037904,-13.883404684481706
-38.700148209764976,-13.88323574370217
-38.69515710915091,-13.883066682708902
-38.690166008536856,-13.882897501445754
-38.68517490792279,-13.882728199856533
-38.68018380730873,-13.882558777885013
-38.67519270669467,-13.882389235474987
-38.67020160608061,-13.882219572570186
-38.66521050546655,-13.882049789114333
-38.660219404852484,-13.881879885051138
-38.65522830423842,-13.881709860324271
-38.650237203624364,-13.881539714877384
-38.6452461030103,-13.881369448654121
-38.64025500239624,-13.881199061598066
-38.63526390178218,-13.88102855365282
-38.63027280116812,-13.880857924761946
-38.625281700554055,-13.880687174868976
-38.62029059993999,-13.880516303917446
-38.615299499325936,-13.880345311850828
-38.61030839871187,-13.880174198612606
-38.60531729809781,-13.880002964146223
-38.60032619748375,-13.87983160839509
-38.59533509686969,-13.87966013130265
-38.590343996255626,-13.879488532812232
-38.58535289564156,-13.879316812867224
-38.5803617950275,-13.879144971410954
-38.575370694413444,-13.878973008386724
-38.57037959379938,-13.878800923737833
-38.56538849318532,-13.878628717407548
-38.56039739257126,-13.878456389339089
-38.5554062919572,-13.878283939475699
-38.550415191343134,-13.878111367760562
-38.54542409072907,-13.877938674136837
-38.54043299011501,-13.877765858547702
-38.53544188950095,-13.877592920936259
-38.53045078888689,-13.877419861245627
-38.52545968827283,-13.877246679418889
-38.52046858765877,-13.877073375399082
-38.515477487044706,-13.87689994912926
-38.51048638643064,-13.876726400552426
-38.50549528581658,-13.876552729611582
-38.50050418520252,-13.876378936249651
-38.49551308458846,-13.876205020409632
-38.490521983974396,-13.876030982034411
-38.48553088336034,-13.87585682106688
-38.48053978274628,-13.875682537449928
-38.475548682132214,-13.875508131126397
-38.47055758151815,-13.875333602039124
-38.46556648090409,-13.875158950130894
-38.46057538029003,-13.874984175344508
-38.45558427967597,-13.87480927762271
-38.450593179061904,-13.874634256908234
-38.44560207844785,-13.874459113143798
-38.440610977833785,-13.874283846272077
-38.43561987721972,-13.874108456235755
-38.43062877660566,-13.873932942977452
-38.425637675991595,-13.873757306439815
-38.42064657537754,-13.873581546565411
-38.415655474763476,-13.873405663296827
-38.41066437414942,-13.87322965657661
-38.405673273535356,-13.87305352634728
-38.40068217292129,-13.872877272551351
-38.39569107230723,-13.8727008951313
-38.39069997169317,-13.872524394029563
-38.38570887107911,-13.872347769188599
-38.38071777046505,-13.872171020550798
-38.375726669850984,-13.871994148058569
-38.37073556923693,-13.871817151654248
-38.365744468622864,-13.871640031280188
-38.3607533680088,-13.871462786878732
-38.35576226739474,-13.871285418392128
-38.350771166780675,-13.871107925762663
-38.34578006616662,-13.870930308932587
-38.340788965552555,-13.870752567844136
-38.33579786493849,-13.870574702439487
-38.330806764324436,-13.87039671266083
-38.32581566371037,-13.87021859845031
-38.32082456309631,-13.870040359750089
-38.315833462482246,-13.86986199650222
-38.31084236186819,-13.869683508648828
-38.305851261254126,-13.869504896131959
-38.30086016064006,-13.869326158893653
-38.29586906002601,-13.869147296875923
-38.290877959411944,-13.868968310020765
-38.28588685879788,-13.868789198270132
-38.28089575818382,-13.868609961565985
-38.275904657569754,-13.868430599850232
-38.2709135569557,-13.86825111306478
-38.265922456341634,-13.86807150115148
-38.26093135572757,-13.867891764052203
-38.255940255113515,-13.867711901708782
-38.25094915449945,-13.867531914063001
-38.24595805388539,-13.867351801056648
-38.240966953271325,-13.867171562631485
-38.23597585265726,-13.866991198729236
-38.230984752043206,-13.866810709291618
-38.22599365142914,-13.8666300942603
-38.221002550815086,-13.866449353576977
-38.21601145020102,-13.86626848718326
-38.21102034958696,-13.866087495020778
-38.2060292489729,-13.865906377031118
-38.20103814835883,-13.865725133155859
-38.19604704774478,-13.865543763336522
-38.191055947130714,-13.865362267514648
-38.18606484651665,-13.86518064563175
-38.181073745902594,-13.864998897629263
-38.17608264528853,-13.864817023448675
-38.17109154467447,-13.864635023031395
-38.166100444060405,-13.864452896318813
-38.16110934344634,-13.864270643252366
-38.156118242832285,-13.864088263773365
-38.15112714221822,-13.863905757823138
-38.14613604160416,-13.86372312534301
-38.1411449409901,-13.863540366274279
-38.13615384037604,-13.86335748055819
-38.131162739761976,-13.863174468135995
-38.12617163914791,-13.862991328948882
-38.12118053853386,-13.862808062938086
-38.11618943791979,-13.862624670044756
-38.11119833730573,-13.862441150210035
-38.106207236691674,-13.862257503375034
-38.10121613607761,-13.862073729480864
-38.09622503546355,-13.86188982846861
-38.091233934849484,-13.861705800279303
-38.08624283423542,-13.86152164485396
-38.081251733621365,-13.861337362133632
-38.0762606330073,-13.861152952059248
-38.07126953239324,-13.860968414571783
-38.06627843177918,-13.860783749612187
-38.06128733116512,-13.860598957121349
-38.056296230551055,-13.860414037040155
-38.05130512993699,-13.860228989309464
-38.04631402932293,-13.860043813870108
-38.04132292870887,-13.85985851066292
-38.03633182809481,-13.859673079628704
-38.031340727480746,-13.859487520708175
-38.02634962686669,-13.859301833842112
-38.02135852625263,-13.859116018971232
-38.01636742563856,-13.858930076036215
-38.0113763250245,-13.85874400497776
-38.006385224410444,-13.858557805736485
-38.00139412379638,-13.85837147825302
-37.99640302318232,-13.858185022467993
-37.99141192256826,-13.857998438321943
-37.9864208219542,-13.857811725755441
-37.981429721340135,-13.857624884709017
-37.97643862072607,-13.857437915123173
-37.97144752011201,-13.857250816938386
-37.96645641949795,-13.857063590095125
-37.96146531888389,-13.856876234533821
-37.956474218269825,-13.85668875019487
-37.95148311765577,-13.856501137018668
-37.946492017041706,-13.856313394945582
-37.94150091642764,-13.85612552391595
-37.93650981581358,-13.855937523870086
-37.931518715199516,-13.85574939474827
-37.92652761458546,-13.855561136490778
-37.9215365139714,-13.85537274903786
-37.91654541335734,-13.855184232329718
-37.91155431274328,-13.854995586306552
-37.906563212129214,-13.85480681090854
-37.90157211151515,-13.854617906075829
-37.89658101090109,-13.854428871748542
-37.89158991028703,-13.854239707866773
-37.88659880967297,-13.854050414370594
-37.881607709058905,-13.853860991200094
-37.87661660844485,-13.853671438295251
-37.871625507830785,-13.853481755596091
-37.86663440721672,-13.853291943042606
-37.86164330660266,-13.853102000574719
-37.856652205988595,-13.852911928132393
-37.85166110537454,-13.852721725655528
-37.846670004760476,-13.852531393083995
-37.84167890414641,-13.852340930357679
-37.83668780353236,-13.85215033741639
-37.83169670291829,-13.851959614199954
-37.82670560230423,-13.851768760648163
-37.82171450169017,-13.851577776700783
-37.81672340107611,-13.851386662297541
-37.81173230046205,-13.851195417378154
-37.806741199847984,-13.851004041882318
-37.80175009923393,-13.850812535749702
-37.796758998619865,-13.850620898919958
-37.7917678980058,-13.850429131332698
-37.78677679739174,-13.850237232927524
-37.781785696777675,-13.850045203644001
-37.77679459616362,-13.849853043421664
-37.771803495549555,-13.84966075220007
-37.76681239493549,-13.849468329918695
-37.761821294321436,-13.849275776517016
-37.75683019370737,-13.849083091934496
-37.75183909309331,-13.84889027611054
-37.746847992479246,-13.848697328984588
-37.74185689186518,-13.848504250495981
-37.73686579125113,-13.84831104058411
-37.73187469063706,-13.848117699188263
-37.726883590023,-13.847924226247788
-37.721892489408944,-13.84773062170194
-37.71690138879488,-13.847536885489989
-37.71191028818082,-13.847343017551173
-37.706919187566754,-13.847149017824686
-37.7019280869527,-13.846954886249735
-37.696936986338635,-13.846760622765474
-37.69194588572457,-13.846566227311044
-37.686954785110515,-13.846371699825538
-37.68196368449645,-13.846177040248055
-37.67697258388239,-13.845982248517684
-37.671981483268326,-13.845787324573433
-37.66699038265426,-13.845592268354338
-37.661999282040206,-13.845397079799389
-37.65700818142614,-13.845201758847564
-37.65201708081208,-13.845006305437781
-37.64702598019802,-13.844810719508972
-37.64203487958396,-13.844615001000033
-37.6370437789699,-13.84441914984984
-37.632052678355834,-13.844223165997237
-37.62706157774177,-13.844027049381033
-37.622070477127714,-13.843830799940047
-37.61707937651365,-13.843634417613051
-37.612088275899595,-13.84343790233879
-37.60709717528553,-13.843241254055972
-37.60210607467147,-13.843044472703326
-37.597114974057405,-13.842847558219498
-37.59212387344334,-13.842650510543182
-37.587132772829285,-13.84245332961297
-37.58214167221522,-13.842256015367491
-37.57715057160116,-13.842058567745298
-37.5721594709871,-13.841860986684965
-37.56716837037304,-13.841663272125018
-37.562177269758976,-13.841465424003971
-37.55718616914491,-13.841267442260284
-37.55219506853085,-13.841069326832423
-37.54720396791679,-13.840871077658855
-37.54221286730273,-13.84067269467795
-37.53722176668867,-13.84047417782809
-37.53223066607461,-13.840275527047663
-37.52723956546055,-13.840076742274984
-37.522248464846484,-13.83987782344836
-37.51725736423242,-13.839678770506099
-37.512266263618365,-13.839479583386458
-37.5072751630043,-13.83928026202765
-37.50228406239024,-13.839080806367916
-37.49729296177618,-13.838881216345444
-37.49230186116212,-13.83868149189839
-37.487310760548056,-13.838481632964887
-37.48231965993399,-13.83828163948307
-37.47732855931993,-13.838081511391007
-37.47233745870587,-13.83788124862677
-37.46734635809181,-13.837680851128406
-37.462355257477746,-13.837480318833938
-37.45736415686369,-13.837279651681357
-37.45237305624963,-13.837078849608622
-37.447381955635564,-13.836877912553694
-37.4423908550215,-13.836676840454487
-37.43739975440744,-13.836475633248872
-37.43240865379338,-13.83627429087475
-37.42741755317932,-13.836072813269944
-37.42242645256526,-13.835871200372287
-37.4174353519512,-13.835669452119589
-37.412444251337135,-13.835467568449591
-37.40745315072307,-13.835265549300066
-37.40246205010901,-13.83506339460872
-37.39747094949495,-13.83486110431327
-37.39247984888089,-13.83465867835136
-37.387488748266826,-13.834456116660688
-37.38249764765277,-13.834253419178822
-37.377506547038706,-13.834050585843391
-37.37251544642464,-13.833847616591976
-37.36752434581058,-13.833644511362118
-37.362533245196516,-13.833441270091326
-37.35754214458246,-13.833237892717156
-37.3525510439684,-13.833034379177017
-37.347559943354334,-13.83283072940839
-37.34256884274028,-13.832626943348716
-37.337577742126214,-13.832423020935368
-37.33258664151215,-13.832218962105761
-37.32759554089809,-13.832014766797222
-37.32260444028403,-13.831810434947085
-37.31761333966997,-13.831605966492658
-37.312622239055905,-13.831401361371196
-37.30763113844185,-13.831196619519984
-37.302640037827786,-13.830991740876238
-37.29764893721372,-13.830786725377191
-37.29265783659966,-13.830581572959979
-37.287666735985596,-13.830376283561755
-37.28267563537154,-13.8301708571197
-37.277684534757476,-13.82996529357087
-37.27269343414341,-13.829759592852383
-37.26770233352936,-13.829553754901271
-37.262711232915294,-13.82934777965458
-37.25772013230123,-13.829141667049294
-37.25272903168717,-13.828935417022421
-37.247737931073104,-13.828729029510908
-37.24274683045905,-13.828522504451698
-37.237755729844984,-13.828315841781667
-37.23276462923092,-13.828109041437724
-37.227773528616865,-13.827902103356717
-37.2227824280028,-13.827695027475485
-37.21779132738874,-13.82748781373085
-37.212800226774675,-13.827280462059557
-37.20780912616062,-13.827072972398394
-37.202818025546556,-13.826865344684082
-37.19782692493249,-13.826657578853334
-37.192835824318436,-13.826449674842832
-37.18784472370437,-13.826241632589237
-37.18285362309031,-13.82603345202919
-37.17786252247625,-13.825825133099286
-37.17287142186218,-13.82561667573612
-37.16788032124813,-13.825408079876242
-37.162889220634064,-13.825199345456202
-37.15789812002,-13.824990472412487
-37.152907019405944,-13.82478146068158
-37.14791591879188,-13.824572310199965
-37.14292481817782,-13.824363020904055
-37.137933717563754,-13.824153592730276
-37.13294261694969,-13.823944025615026
-37.127951516335635,-13.823734319494616
-37.12296041572157,-13.823524474305412
-37.117969315107516,-13.823314489983726
-37.11297821449345,-13.823104366465822
-37.10798711387939,-13.822894103688009
-37.102996013265326,-13.822683701586445
-37.09800491265126,-13.82247316009741
-37.093013812037206,-13.822262479157034
-37.08802271142314,-13.822051658701522
-37.08303161080908,-13.821840698666996
-37.078040510195024,-13.821629598989537
-37.07304940958096,-13.821418359605262
-37.0680583089669,-13.821206980450203
-37.063067208352834,-13.820995461460415
-37.05807610773877,-13.820783802571913
-37.053085007124714,-13.820572003720656
-37.04809390651065,-13.82036006484263
-37.04310280589659,-13.820147985873742
-37.03811170528253,-13.819935766749921
-37.03312060466847,-13.819723407407052
-37.028129504054405,-13.81951090778097
-37.02313840344034,-13.819298267807534
-37.018147302826286,-13.819085487422521
-37.01315620221222,-13.818872566561765
-37.00816510159816,-13.818659505160978
-37.0031740009841,-13.818446303155914
-36.99818290037004,-13.818232960482277
-36.99319179975598,-13.818019477075737
-36.98820069914191,-13.817805852871972
-36.98320959852785,-13.817592087806608
-36.978218497913794,-13.817378181815235
-36.97322739729973,-13.817164134833455
-36.96823629668567,-13.816949946796818
-36.96324519607161,-13.816735617640864
-36.95825409545755,-13.816521147301085
-36.953262994843485,-13.81630653571297
-36.94827189422942,-13.816091782811961
-36.94328079361536,-13.815876888533502
-36.9382896930013,-13.815661852813003
-36.93329859238724,-13.81544667558585
-36.928307491773175,-13.815231356787361
-36.92331639115912,-13.815015896352891
-36.918325290545056,-13.814800294217756
-36.91333418993099,-13.814584550317214
-36.90834308931693,-13.814368664586535
-36.90335198870287,-13.81415263696093
-36.89836088808881,-13.813936467375605
-36.89336978747475,-13.813720155765747
-36.88837868686069,-13.813503702066516
-36.88338758624663,-13.813287106213012
-36.878396485632564,-13.81307036814036
-36.8734053850185,-13.812853487783627
-36.86841428440444,-13.812636465077867
-36.86342318379038,-13.812419299958114
-36.85843208317632,-13.812201992359336
-36.853440982562255,-13.811984542216548
-36.8484498819482,-13.811766949464676
-36.843458781334135,-13.81154921403866
-36.83846768072007,-13.811331335873387
-36.83347658010601,-13.811113314903725
-36.828485479491945,-13.810895151064537
-36.82349437887789,-13.810676844290645
-36.818503278263826,-13.810458394516843
-36.81351217764977,-13.810239801677886
-36.80852107703571,-13.810021065708554
-36.80352997642164,-13.809802186543532
-36.79853887580758,-13.80958316411754
-36.79354777519352,-13.80936399836524
-36.78855667457946,-13.809144689221284
-36.7835655739654,-13.808925236620281
-36.778574473351334,-13.80870564049682
-36.77358337273728,-13.808485900785476
-36.768592272123215,-13.808266017420827
-36.76360117150915,-13.808045990337332
-36.75861007089509,-13.807825819469503
-36.753618970281025,-13.807605504751814
-36.74862786966697,-13.80738504611872
-36.743636769052905,-13.807164443504615
-36.73864566843884,-13.806943696843895
-36.733654567824786,-13.806722806070903
-36.72866346721072,-13.806501771120024
-36.72367236659666,-13.806280591925526
-36.718681265982596,-13.806059268421725
-36.71369016536854,-13.80583780054287
-36.70869906475448,-13.805616188223194
-36.70370796414041,-13.805394431396946
-36.69871686352636,-13.805172529998252
-36.693725762912294,-13.804950483961308
-36.68873466229823,-13.804728293220236
-36.68374356168417,-13.804505957709145
-36.678752461070104,-13.804283477362148
-36.67376136045605,-13.804060852113256
-36.668770259841985,-13.80383808189652
-36.66377915922792,-13.803615166645947
-36.658788058613865,-13.803392106295538
-36.6537969579998,-13.803168900779209
-36.64880585738574,-13.80294555003092
-36.643814756771675,-13.802722053984544
-36.63882365615761,-13.802498412574
-36.633832555543556,-13.802274625733114
-36.62884145492949,-13.802050693395708
-36.62385035431543,-13.80182661549559
-36.61885925370137,-13.80160239196654
-36.61386815308731,-13.801378022742302
-36.60887705247325,-13.80115350775662
-36.60388595185918,-13.800928846943153
-36.59889485124513,-13.800704040235592
-36.593903750631064,-13.800479087567599
-36.588912650017,-13.800253988872791
-36.583921549402945,-13.800028744084743
-36.57893044878888,-13.799803353137026
-36.57393934817482,-13.799577815963204
-36.568948247560755,-13.79935213249679
-36.56395714694669,-13.799126302671262
-36.558966046332635,-13.798900326420092
-36.55397494571857,-13.798674203676727
-36.54898384510451,-13.798447934374568
-36.54399274449045,-13.798221518447045
-36.53900164387639,-13.79799495582746
-36.534010543262326,-13.797768246449198
-36.52901944264826,-13.797541390245536
-36.5240283420342,-13.797314387149797
-36.51903724142014,-13.797087237095209
-36.51404614080608,-13.796859940015013
-36.509055040192024,-13.79663249584244
-36.50406393957796,-13.79640490451064
-36.4990728389639,-13.796177165952793
-36.494081738349834,-13.79594928010202
-36.48909063773577,-13.795721246891421
-36.484099537121715,-13.795493066254078
-36.47910843650765,-13.79526473812306
-36.47411733589359,-13.79503626243138
-36.46912623527953,-13.794807639112033
-36.46413513466547,-13.794578868097995
-36.459144034051405,-13.794349949322223
-36.45415293343734,-13.794120882717662
-36.44916183282328,-13.793891668217167
-36.44417073220922,-13.79366230575364
-36.43917963159516,-13.793432795259902
-36.434188530981096,-13.793203136668815
-36.42919743036704,-13.79297332991311
-36.42420632975298,-13.792743374925616
-36.41921522913891,-13.792513271639034
-36.41422412852485,-13.792283019986112
-36.409233027910794,-13.792052619899499
-36.40424192729673,-13.791822071311897
-36.39925082668267,-13.791591374155928
-36.39425972606861,-13.791360528364205
-36.38926862545455,-13.791129533869325
-36.384277524840485,-13.79089839060383
-36.37928642422642,-13.790667098500244
-36.37429532361236,-13.790435657491114
-36.3693042229983,-13.790204067508903
-36.36431312238424,-13.789972328486044
-36.359322021770176,-13.789740440354995
-36.35433092115612,-13.78950840304815
-36.349339820542056,-13.789276216497884
-36.34434871992799,-13.789043880636566
-36.33935761931393,-13.788811395396497
-36.334366518699866,-13.78857876070998
-36.32937541808581,-13.78834597650931
-36.32438431747175,-13.78811304272671
-36.31939321685769,-13.787879959294417
-36.31440211624363,-13.78764672614461
-36.309411015629564,-13.787413343209469
-36.3044199150155,-13.787179810421149
-36.29942881440144,-13.78694612771174
-36.29443771378738,-13.78671229501334
-36.28944661317332,-13.786478312258017
-36.284455512559255,-13.786244179377805
-36.2794644119452,-13.78600989630476
-36.274473311331136,-13.78577546297079
-36.26948221071707,-13.785540879307902
-36.26449111010301,-13.785306145248011
-36.259500009488946,-13.785071260723054
-36.25450890887489,-13.784836225664886
-36.249517808260826,-13.784601040005358
-36.24452670764676,-13.784365703676306
-36.23953560703271,-13.784130216609553
-36.23454450641864,-13.783894578736836
-36.22955340580458,-13.783658789989925
-36.22456230519052,-13.783422850300557
-36.21957120457646,-13.783186759600406
-36.2145801039624,-13.782950517821156
-36.209589003348334,-13.782714124894449
-36.20459790273428,-13.782477580751904
-36.199606802120215,-13.782240885325109
-36.19461570150615,-13.78200403854566
-36.18962460089209,-13.781767040345049
-36.184633500278025,-13.781529890654806
-36.17964239966397,-13.781292589406428
-36.174651299049906,-13.781055136531377
-36.16966019843584,-13.78081753196108
-36.164669097821786,-13.780579775626954
-36.15967799720772,-13.780341867460356
-36.15468689659366,-13.780103807392674
-36.149695795979596,-13.779865595355222
-36.14470469536553,-13.779627231279298
-36.13971359475148,-13.779388715096175
-36.134722494137414,-13.779150046737122
-36.12973139352335,-13.778911226133363
-36.124740292909294,-13.778672253216078
-36.11974919229523,-13.778433127916442
-36.11475809168117,-13.778193850165591
-36.109766991067104,-13.777954419894659
-36.10477589045305,-13.777714837034756
-36.099784789838985,-13.777475101516917
-36.09479368922492,-13.77723521327216
-36.089802588610866,-13.776995172231546
-36.0848114879968,-13.776754978326057
-36.07982038738274,-13.776514631486613
-36.074829286768676,-13.77627413164418
-36.06983818615461,-13.776033478729664
-36.064847085540556,-13.775792672673917
-36.05985598492649,-13.775551713407836
-36.05486488431243,-13.775310600862204
-36.049873783698374,-13.775069334967853
-36.04488268308431,-13.774827915655536
-36.03989158247025,-13.77458634285603
-36.034900481856184,-13.77434461650002
-36.02990938124212,-13.774102736518236
-36.024918280628064,-13.77386070284132
-36.019927180014,-13.773618515399923
-36.014936079399945,-13.773376174124662
-36.00994497878588,-13.773133678946103
-36.00495387817182,-13.772891029794852
-35.999962777557755,-13.77264822660143
-35.99497167694369,-13.772405269296325
-35.989980576329636,-13.77216215781003
-35.98498947571557,-13.771918892072993
-35.97999837510151,-13.77167547201567
-35.97500727448745,-13.771431897568437
-35.97001617387339,-13.771188168661686
-35.965025073259326,-13.77094428522576
-35.96003397264526,-13.770700247190959
-35.9550428720312,-13.770456054487626
-35.950051771417144,-13.770211707046014
-35.94506067080308,-13.76996720479634
-35.94006957018902,-13.769722547668847
-35.93507846957496,-13.769477735593707
-35.9300873689609,-13.769232768501094
-35.925096268346834,-13.768987646321168
-35.92010516773277,-13.768742368983988
-35.915114067118715,-13.768496936419657
-35.91012296650465,-13.768251348558241
-35.90513186589059,-13.7680056053298
-35.90014076527653,-13.767759706664268
-35.89514966466247,-13.76751365249166
-35.890158564048406,-13.767267442741934
-35.88516746343434,-13.767021077344987
-35.88017636282028,-13.766774556230743
-35.87518526220622,-13.766527879329042
-35.87019416159216,-13.76628104656975
-35.8652030609781,-13.766034057882676
-35.86021196036404,-13.765786913197605
-35.85522085974998,-13.765539612444309
-35.850229759135914,-13.765292155552507
-35.84523865852185,-13.765044542451912
-35.84024755790779,-13.764796773072234
-35.83525645729373,-13.764548847343102
-35.83026535667967,-13.764300765194127
-35.825274256065605,-13.764052526554948
-35.82028315545155,-13.763804131355128
-35.815292054837485,-13.763555579524194
-35.81030095422342,-13.763306870991709
-35.80530985360936,-13.76305800568713
-35.8003187529953,-13.76280898353993
-35.79532765238124,-13.762559804479562
-35.790336551767176,-13.762310468435446
-35.78534545115312,-13.762060975336958
-35.780354350539056,-13.761811325113442
-35.77536324992499,-13.761561517694265
-35.77037214931093,-13.761311553008712
-35.76538104869687,-13.76106143098606
-35.76038994808281,-13.760811151555583
-35.75539884746875,-13.760560714646466
-35.750407746854684,-13.760310120187969
-35.74541664624063,-13.760059368109198
-35.740425545626564,-13.759808458339363
-35.7354344450125,-13.759557390807522
-35.73044334439844,-13.75930616544279
-35.725452243784375,-13.759054782174264
-35.72046114317032,-13.758803240930932
-35.715470042556255,-13.75855154164182
-35.7104789419422,-13.758299684235924
-35.705487841328136,-13.75804766864219
-35.70049674071407,-13.757795494789539
-35.69550564010001,-13.757543162606911
-35.690514539485946,-13.75729067202313
-35.68552343887189,-13.757038022967082
-35.68053233825783,-13.75678521536757
-35.67554123764376,-13.756532249153379
-35.67055013702971,-13.756279124253332
-35.665559036415644,-13.756025840596097
-35.66056793580158,-13.755772398110434
-35.65557683518752,-13.755518796724996
-35.650585734573454,-13.755265036368476
-35.6455946339594,-13.755011116969488
-35.640603533345335,-13.754757038456647
-35.63561243273127,-13.754502800758521
-35.630621332117215,-13.754248403803654
-35.62563023150315,-13.753993847520588
-35.62063913088909,-13.75373913183783
-35.615648030275025,-13.753484256683816
-35.61065692966097,-13.753229221987015
-35.605665829046906,-13.752974027675817
-35.60067472843284,-13.752718673678643
-35.59568362781879,-13.75246315992384
-35.59069252720472,-13.752207486339733
-35.58570142659066,-13.751951652854638
-35.5807103259766,-13.75169565939683
-35.57571922536253,-13.751439505894579
-35.57072812474848,-13.751183192276104
-35.565737024134414,-13.750926718469572
-35.56074592352035,-13.750670084403188
-35.555754822906295,-13.7504132900051
-35.55076372229223,-13.7501563352034
-35.54577262167817,-13.74989921992621
-35.540781521064105,-13.749641944101564
-35.53579042045004,-13.749384507657508
-35.530799319835985,-13.74912691052204
-35.52580821922192,-13.748869152623158
-35.52081711860786,-13.74861123388881
-35.5158260179938,-13.748353154246917
-35.51083491737974,-13.748094913625387
-35.505843816765676,-13.747836511952078
-35.50085271615161,-13.747577949154865
-35.49586161553756,-13.747319225161528
-35.49087051492349,-13.747060339899884
-35.48587941430943,-13.746801293297679
-35.480888313695374,-13.746542085282663
-35.47589721308131,-13.746282715782531
-35.47090611246725,-13.746023184724972
-35.465915011853184,-13.745763492037655
-35.46092391123912,-13.745503637648172
-35.455932810625065,-13.745243621484152
-35.450941710011,-13.74498344347314
-35.44595060939694,-13.744723103542713
-35.44095950878288,-13.74446260162037
-35.43596840816882,-13.744201937633598
-35.430977307554755,-13.743941111509866
-35.42598620694069,-13.743680123176608
-35.42099510632663,-13.74341897256123
-35.41600400571257,-13.743157659591136
-35.41101290509851,-13.74289618419364
-35.40602180448445,-13.74263454629608
-35.40103070387039,-13.742372745825765
-35.39603960325633,-13.74211078270996
-35.39104850264226,-13.74184865687592
-35.3860574020282,-13.741586368250836
-35.381066301414144,-13.741323916761923
-35.37607520080008,-13.741061302336316
-35.37108410018602,-13.74079852490118
-35.36609299957196,-13.740535584383592
-35.3611018989579,-13.74027248071066
-35.356110798343835,-13.740009213809426
-35.35111969772977,-13.739745783606887
-35.34612859711571,-13.739482190030067
-35.34113749650165,-13.739218433005924
-35.33614639588759,-13.738954512461417
-35.331155295273525,-13.738690428323453
-35.32616419465947,-13.738426180518898
-35.321173094045406,-13.738161768974633
-35.31618199343134,-13.737897193617483
-35.31119089281728,-13.737632454374253
-35.30619979220322,-13.737367551171731
-35.30120869158916,-13.737102483936658
-35.2962175909751,-13.736837252595729
-35.29122649036104,-13.73657185707568
-35.28623538974698,-13.736306297303146
-35.281244289132914,-13.736040573204786
-35.27625318851885,-13.735774684707213
-35.27126208790479,-13.73550863173701
-35.26627098729073,-13.735242414220705
-35.26127988667667,-13.734976032084852
-35.256288786062605,-13.734709485255951
-35.25129768544855,-13.734442773660474
-35.246306584834485,-13.734175897224858
-35.24131548422042,-13.733908855875548
-35.23632438360636,-13.733641649538894
-35.231333282992296,-13.733374278141293
-35.22634218237824,-13.733106741609072
-35.221351081764176,-13.73283903986852
-35.21635998115012,-13.73257117284594
-35.21136888053606,-13.73230314046759
-35.20637777992199,-13.73203494265967
-35.20138667930793,-13.73176657934838
-35.19639557869387,-13.731498050459905
-35.19140447807981,-13.731229355920378
-35.18641337746575,-13.730960495655918
-35.181422276851684,-13.730691469592607
-35.17643117623763,-13.73042227765651
-35.171440075623565,-13.730152919773651
-35.1664489750095,-13.729883395870038
-35.16145787439544,-13.729613705871637
-35.156466773781375,-13.729343849704406
-35.15147567316732,-13.72907382729426
-35.146484572553256,-13.728803638567111
-35.14149347193919,-13.728533283448794
-35.136502371325136,-13.728262761865148
-35.13151127071107,-13.727992073742005
-35.12652017009701,-13.72772121900513
-35.121529069482946,-13.727450197580284
-35.11653796886889,-13.727179009393197
-35.11154686825483,-13.726907654369555
-35.106555767640764,-13.726636132435022
-35.10156466702671,-13.726364443515253
-35.096573566412644,-13.726092587535872
-35.09158246579858,-13.725820564422438
-35.08659136518452,-13.725548374100539
-35.081600264570454,-13.725276016495698
-35.0766091639564,-13.725003491533407
-35.071618063342335,-13.724730799139158
-35.06662696272827,-13.724457939238388
-35.061635862114215,-13.724184911756495
-35.05664476150015,-13.72391171661891
-35.05165366088609,-13.723638353750978
-35.046662560272026,-13.723364823078049
-35.04167145965796,-13.723091124525414
-35.036680359043906,-13.722817258018368
-35.03168925842984,-13.72254322348214
-35.02669815781578,-13.722269020841983
-35.02170705720172,-13.721994650023074
-35.01671595658766,-13.721720110950583
-35.0117248559736,-13.721445403549653
-35.006733755359534,-13.721170527745418
-35.00174265474548,-13.720895483462929
-34.996751554131414,-13.72062027062727
-34.99176045351735,-13.72034488916345
-34.986769352903295,-13.720069338996481
-34.98177825228923,-13.719793620051343
-34.97678715167517,-13.719517732252966
-34.971796051061105,-13.71924167552626
-34.96680495044704,-13.71896544979615
-34.961813849832986,-13.718689054987466
-34.95682274921892,-13.718412491025042
-34.95183164860486,-13.718135757833696
-34.9468405479908,-13.717858855338198
-34.94184944737674,-13.7175817834633
-34.936858346762676,-13.717304542133725
-34.93186724614861,-13.71702713127416
-34.92687614553455,-13.716749550809284
-34.921885044920494,-13.716471800663708
-34.91689394430643,-13.716193880762072
-34.911902843692374,-13.715915791028936
-34.90691174307831,-13.71563753138884
-34.90192064246425,-13.715359101766351
-34.896929541850184,-13.715080502085916
-34.89193844123612,-13.714801732272045
-34.886947340622065,-13.714522792249154
-34.881956240008,-13.71424368194167
-34.87696513939394,-13.713964401273971
-34.87197403877988,-13.713684950170409
-34.86698293816582,-13.713405328555318
-34.861991837551756,-13.713125536352992
-34.85700073693769,-13.712845573487716
-34.85200963632363,-13.712565439883699
-34.84701853570957,-13.712285135465192
-34.84202743509551,-13.712004660156378
-34.837036334481446,-13.711724013881417
-34.83204523386739,-13.71144319656441
-34.82705413325333,-13.711162208129489
-34.822063032639264,-13.710881048500731
-34.8170719320252,-13.71059971760217
-34.812080831411144,-13.710318215357814
-34.80708973079708,-13.71003654169167
-34.80209863018302,-13.709754696527687
-34.79710752956896,-13.709472679789808
-34.7921164289549,-13.709190491401937
-34.787125328340835,-13.708908131287957
-34.78213422772677,-13.708625599371722
-34.77714312711271,-13.70834289557703
-34.77215202649865,-13.708060019827688
-34.76716092588459,-13.707776972047439
-34.762169825270526,-13.707493752160051
-34.75717872465647,-13.70721036008921
-34.752187624042406,-13.70692679575861
-34.74719652342834,-13.706643059091874
-34.74220542281428,-13.70635915001266
-34.73721432220022,-13.706075068444537
-34.73222322158616,-13.705790814311086
-34.7272321209721,-13.705506387535841
-34.722241020358034,-13.70522178804229
-34.71724991974398,-13.704937015753947
-34.712258819129914,-13.704652070594255
-34.70726771851585,-13.704366952486625
-34.70227661790179,-13.704081661354456
-34.69728551728773,-13.70379619712113
-34.69229441667367,-13.703510559709969
-34.687303316059605,-13.703224749044297
-34.68231221544555,-13.702938765047389
-34.677321114831486,-13.702652607642515
-34.67233001421742,-13.702366276752862
-34.66733891360336,-13.702079772301682
-34.662347812989296,-13.701793094212094
-34.65735671237524,-13.70150624240727
-34.65236561176118,-13.7012192168103
-34.64737451114711,-13.700932017344279
-34.64238341053306,-13.700644643932257
-34.637392309918994,-13.700357096497285
-34.63240120930493,-13.700069374962315
-34.62741010869087,-13.69978147925036
-34.622419008076804,-13.699493409284335
-34.61742790746275,-13.69920516498717
-34.612436806848685,-13.698916746281736
-34.60744570623463,-13.698628153090906
-34.602454605620565,-13.698339385337484
-34.5974635050065,-13.698050442944291
-34.59247240439244,-13.697761325834088
-34.587481303778375,-13.697472033929614
-34.58249020316432,-13.69718256715358
-34.577499102550256,-13.69689292542868
-34.57250800193619,-13.696603108677563
-34.567516901322136,-13.696313116822859
-34.56252580070807,-13.696022949787167
-34.55753470009401,-13.695732607493056
-34.55254359947995,-13.695442089863084
-34.54755249886588,-13.695151396819734
-34.54256139825183,-13.694860528285528
-34.537570297637764,-13.694569484182887
-34.5325791970237,-13.694278264434267
-34.527588096409644,-13.69398686896205
-34.52259699579558,-13.69369529768862
-34.51760589518152,-13.693403550536297
-34.512614794567455,-13.693111627427422
-34.5076236939534,-13.692819528284257
-34.502632593339335,-13.692527253029075
-34.49764149272527,-13.692234801584094
-34.492650392111216,-13.69194217387152
-34.48765929149715,-13.691649369813513
-34.48266819088309,-13.69135638933222
-34.477677090269026,-13.691063232349755
-34.47268598965496,-13.690769898788213
-34.46769488904091,-13.690476388569625
-34.46270378842684,-13.690182701616033
-34.45771268781278,-13.689888837849427
-34.452721587198724,-13.68959479719179
-34.44773048658466,-13.689300579565067
-34.4427393859706,-13.689006184891136
-34.437748285356534,-13.688711613091922
-34.43275718474247,-13.688416864089252
-34.427766084128415,-13.68812193780497
-34.42277498351435,-13.687826834160854
-34.41778388290029,-13.687531553078697
-34.41279278228623,-13.687236094480218
-34.40780168167217,-13.686940458287134
-34.402810581058105,-13.686644644421134
-34.39781948044404,-13.686348652803861
-34.392828379829986,-13.686052483356951
-34.38783727921592,-13.685756136001993
-34.38284617860186,-13.685459610660551
-34.3778550779878,-13.685162907254167
-34.37286397737374,-13.684866025704356
-34.36787287675968,-13.684568965932588
-34.36288177614561,-13.68427172786033
-34.35789067553155,-13.683974311408987
-34.352899574917494,-13.683676716499967
-34.34790847430343,-13.68337894305463
-34.34291737368937,-13.683080990994299
-34.33792627307531,-13.682782860240314
-34.33293517246125,-13.68248455071394
-34.327944071847185,-13.682186062336418
-34.32295297123312,-13.681887395028975
-34.31796187061906,-13.68158854871279
-34.312970770005,-13.681289523309056
-34.30797966939094,-13.680990318738884
-34.30298856877688,-13.680690934923383
-34.29799746816282,-13.68039137178364
-34.293006367548756,-13.680091629240694
-34.28801526693469,-13.679791707215562
-34.28302416632063,-13.679491605629241
-34.27803306570657,-13.67919132440269
-34.27304196509251,-13.678890863456841
-34.26805086447845,-13.678590222712598
-34.26305976386439,-13.678289402090826
-34.25806866325033,-13.677988401512392
-34.253077562636264,-13.677687220898086
-34.2480864620222,-13.677385860168704
-34.24309536140814,-13.677084319245017
-34.23810426079408,-13.676782598047753
-34.23311316018002,-13.676480696497592
-34.228122059565955,-13.676178614515216
-34.2231309589519,-13.675876352021275
-34.218139858337835,-13.675573908936386
-34.21314875772377,-13.675271285181118
-34.20815765710971,-13.674968480676025
-34.20316655649565,-13.674665495341651
-34.19817545588159,-13.67436232909848
-34.193184355267526,-13.674058981866974
-34.18819325465347,-13.673755453567596
-34.18320215403941,-13.673451744120719
-34.17821105342534,-13.673147853446766
-34.17321995281128,-13.672843781466073
-34.16822885219722,-13.672539528098945
-34.16323775158316,-13.672235093265696
-34.1582466509691,-13.671930476886596
-34.153255550355034,-13.671625678881862
-34.14826444974098,-13.6713206991717
-34.143273349126915,-13.671015537676318
-34.13828224851285,-13.670710194315822
-34.13329114789879,-13.670404669010354
-34.128300047284725,-13.670098961680013
-34.12330894667067,-13.669793072244838
-34.118317846056605,-13.669487000624873
-34.11332674544255,-13.669180746740116
-34.108335644828486,-13.668874310510553
-34.10334454421442,-13.668567691856108
-34.09835344360036,-13.668260890696706
-34.093362342986296,-13.667953906952233
-34.08837124237224,-13.66764674054256
-34.08338014175818,-13.667339391387477
-34.07838904114411,-13.66703185940681
-34.07339794053006,-13.666724144520337
-34.068406839915994,-13.666416246647774
-34.06341573930193,-13.666108165708843
-34.05842463868787,-13.665799901623226
-34.053433538073804,-13.66549145431057
-34.04844243745975,-13.665182823690516
-34.043451336845685,-13.664874009682642
-34.03846023623162,-13.664565012206511
-34.033469135617565,-13.664255831181654
-34.0284780350035,-13.663946466527596
-34.02348693438944,-13.663636918163798
-34.018495833775376,-13.6633271860097
-34.01350473316132,-13.663017269984744
-34.008513632547256,-13.662707170008282
-34.00352253193319,-13.66239688599973
-33.99853143131914,-13.66208641787837
-33.99354033070507,-13.661775765563522
-33.98854923009101,-13.661464928974466
-33.98355812947695,-13.661153908030418
-33.978567028862884,-13.660842702650594
-33.97357592824882,-13.660531312754216
-33.968584827634764,-13.660219738260407
-33.96359372702071,-13.659907979088285
-33.958602626406645,-13.659596035156948
-33.95361152579258,-13.659283906385484
-33.94862042517852,-13.658971592692923
-33.943629324564455,-13.658659093998248
-33.93863822395039,-13.658346410220481
-33.933647123336335,-13.658033541278526
-33.92865602272227,-13.657720487091323
-33.923664922108216,-13.657407247577769
-33.91867382149415,-13.657093822656703
-33.91368272088009,-13.656780212246975
-33.908691620266026,-13.656466416267367
-33.90370051965196,-13.656152434636676
-33.8987094190379,-13.655838267273626
-33.89371831842384,-13.655523914096943
-33.88872721780978,-13.655209375025295
-33.883736117195724,-13.654894649977361
-33.87874501658166,-13.654579738871735
-33.8737539159676,-13.654264641627035
-33.868762815353534,-13.653949358161825
-33.86377171473947,-13.653633888394602
-33.858780614125415,-13.65331823224394
-33.85378951351135,-13.653002389628272
-33.848798412897295,-13.65268636046607
-33.84380731228323,-13.65237014467573
-33.83881621166917,-13.652053742175637
-33.833825111055106,-13.651737152884177
-33.82883401044104,-13.651420376719669
-33.82384290982698,-13.651103413600381
-33.81885180921292,-13.650786263444639
-33.81386070859886,-13.650468926170669
-33.8088696079848,-13.650151401696652
-33.80387850737074,-13.649833689940792
-33.79888740675668,-13.649515790821251
-33.793896306142614,-13.64919770425613
-33.78890520552855,-13.64887943016351
-33.78391410491449,-13.648560968461503
-33.77892300430043,-13.648242319068117
-33.77393190368637,-13.647923481901348
-33.76894080307231,-13.647604456879177
-33.76394970245825,-13.647285243919557
-33.758958601844185,-13.646965842940396
-33.75396750123012,-13.646646253859569
-33.74897640061606,-13.646326476594966
-33.743985300002,-13.646006511064384
-33.73899419938794,-13.645686357185625
-33.73400309877388,-13.645366014876462
-33.72901199815982,-13.645045484054629
-33.724020897545756,-13.644724764637811
-33.71902979693169,-13.64440385654374
-33.71403869631763,-13.64408275969003
-33.70904759570357,-13.643761473994306
-33.70405649508951,-13.643439999374163
-33.69906539447545,-13.643118335747154
-33.69407429386139,-13.642796483030777
-33.68908319324733,-13.642474441142586
-33.684092092633264,-13.642152210000035
-33.6791009920192,-13.641829789520548
-33.67410989140514,-13.641507179621557
-33.669118790791075,-13.641184380220414
-33.66412769017702,-13.640861391234504
-33.65913658956296,-13.640538212581129
-33.6541454889489,-13.640214844177583
-33.649154388334836,-13.639891285941133
-33.64416328772077,-13.639567537789011
-33.63917218710671,-13.639243599638402
-33.634181086492646,-13.638919471406503
-33.62918998587859,-13.638595153010442
-33.624198885264526,-13.638270644367356
-33.61920778465047,-13.637945945394298
-33.61421668403641,-13.637621056008323
-33.609225583422344,-13.637295976126476
-33.60423448280828,-13.636970705665743
-33.59924338219422,-13.636645244543068
-33.594252281580154,-13.636319592675406
-33.5892611809661,-13.635993749979658
-33.584270080352034,-13.635667716372714
-33.57927897973798,-13.635341491771381
-33.574287879123915,-13.63501507609251
-33.56929677850985,-13.634688469252858
-33.56430567789579,-13.63436167116919
-33.559314577281725,-13.63403468175823
-33.55432347666767,-13.63370750093669
-33.549332376053606,-13.633380128621209
-33.54434127543955,-13.633052564728443
-33.539350174825486,-13.632724809174988
-33.53435907421142,-13.632396861877401
-33.52936797359736,-13.632068722752269
-33.5243768729833,-13.631740391716066
-33.51938577236923,-13.631411868685303
-33.51439467175518,-13.631083153576434
-33.509403571141114,-13.630754246305896
-33.50441247052706,-13.630425146790039
-33.499421369912994,-13.630095854945273
-33.49443026929893,-13.629766370687907
-33.48943916868487,-13.629436693934272
-33.484448068070805,-13.629106824600624
-33.47945696745674,-13.628776762603211
-33.474465866842685,-13.628446507858255
-33.46947476622862,-13.628116060281943
-33.464483665614566,-13.627785419790419
-33.4594925650005,-13.627454586299805
-33.45450146438644,-13.627123559726241
-33.449510363772376,-13.626792339985743
-33.44451926315831,-13.626460926994355
-33.439528162544256,-13.626129320668102
-33.43453706193019,-13.625797520922944
-33.42954596131614,-13.62546552767484
-33.424554860702074,-13.625133340839678
-33.41956376008801,-13.624800960333369
-33.41457265947395,-13.624468386071772
-33.409581558859884,-13.624135617970692
-33.40459045824582,-13.623802655945928
-33.399599357631764,-13.623469499913266
-33.3946082570177,-13.623136149788401
-33.389617156403645,-13.62280260548709
-33.38462605578958,-13.622468866924935
-33.37963495517552,-13.622134934017648
-33.374643854561455,-13.62180080668082
-33.36965275394739,-13.62146648483003
-33.36466165333333,-13.621131968380844
-33.35967055271927,-13.620797257248766
-33.354679452105216,-13.620462351349312
-33.34968835149115,-13.620127250597918
-33.34469725087709,-13.619791954910063
-33.33970615026303,-13.619456464201088
-33.33471504964896,-13.61912077838641
-33.3297239490349,-13.61878489738136
-33.324732848420844,-13.618448821101268
-33.31974174780678,-13.618112549461374
-33.314750647192724,-13.617776082376972
-33.30975954657866,-13.617439419763258
-33.3047684459646,-13.617102561535441
-33.299777345350535,-13.616765507608664
-33.29478624473647,-13.616428257898068
-33.28979514412241,-13.616090812318761
-33.28480404350835,-13.615753170785808
-33.27981294289429,-13.61541533321424
-33.27482184228023,-13.615077299519086
-33.26983074166617,-13.614739069615297
-33.264839641052106,-13.61440064341786
-33.25984854043804,-13.61406202084167
-33.25485743982398,-13.613723201801596
-33.24986633920992,-13.613384186212542
-33.24487523859586,-13.613044973989329
-33.239884137981804,-13.612705565046706
-33.23489303736774,-13.612365959299515
-33.22990193675368,-13.612026156662441
-33.224910836139614,-13.611686157050187
-33.21991973552555,-13.611345960377468
-33.21492863491149,-13.61100556655889
-33.20993753429743,-13.61066497550911
-33.20494643368337,-13.610324187142679
-33.19995533306931,-13.609983201374169
-33.19496423245525,-13.609642018118087
-33.189973131841185,-13.60930063728897
-33.18498203122712,-13.608959058801249
-33.17999093061306,-13.608617282569329
-33.174999829998995,-13.608275308507675
-33.17000872938494,-13.607933136530637
-33.165017628770876,-13.60759076655253
-33.16002652815682,-13.607248198487703
-33.15503542754276,-13.606905432250421
-33.15004432692869,-13.606562467754948
-33.14505322631463,-13.60621930491547
-33.14006212570057,-13.605875943646213
-33.13507102508651,-13.605532383861334
-33.13007992447245,-13.605188625474943
-33.12508882385839,-13.604844668401148
-33.12009772324433,-13.604500512554019
-33.115106622630265,-13.604156157847596
-33.1101155220162,-13.603811604195892
-33.10512442140214,-13.603466851512872
-33.100133320788075,-13.603121899712484
-33.09514222017402,-13.602776748708648
-33.090151119559955,-13.602431398415247
-33.0851600189459,-13.602085848746146
-33.080168918331836,-13.601740099615169
-33.07517781771777,-13.60139415093608
-33.07018671710371,-13.601048002622683
-33.065195616489646,-13.600701654588674
-33.06020451587559,-13.600355106747793
-33.05521341526153,-13.600008359013687
-33.05022231464747,-13.599661411299985
-33.04523121403341,-13.59931426352033
-33.040240113419344,-13.598966915588287
-33.03524901280528,-13.598619367417394
-33.03025791219122,-13.598271618921206
-33.025266811577154,-13.597923670013165
-33.0202757109631,-13.597575520606775
-33.015284610349035,-13.59722717061541
-33.01029350973498,-13.596878619952513
-33.005302409120915,-13.596529868531423
-33.00031130850685,-13.596180916265483
-32.99532020789279,-13.595831763068015
-32.990329107278725,-13.595482408852268
-32.98533800666466,-13.595132853531492
-32.980346906050606,-13.594783097018894
-32.97535580543654,-13.594433139227679
-32.97036470482249,-13.594082980070974
-32.96537360420842,-13.593732619461916
-32.96038250359436,-13.59338205731359
-32.9553914029803,-13.593031293539038
-32.95040030236623,-13.592680328051308
-32.94540920175218,-13.592329160763388
-32.940418101138114,-13.591977791588269
-32.93542700052406,-13.591626220438862
-32.930435899909995,-13.59127444722808
-32.92544479929593,-13.59092247186879
-32.92045369868187,-13.590570294273851
-32.915462598067805,-13.590217914356064
-32.91047149745374,-13.589865332028229
-32.905480396839685,-13.589512547203087
-32.90048929622562,-13.589159559793348
-32.895498195611566,-13.588806369711717
-32.8905070949975,-13.588452976870855
-32.88551599438344,-13.58809938118339
-32.880524893769376,-13.58774558256189
-32.87553379315531,-13.58739158091897
-32.87054269254125,-13.587037376167148
-32.86555159192719,-13.586682968218915
-32.86056049131314,-13.58632835698678
-32.855569390699074,-13.585973542383153
-32.85057829008501,-13.585618524320454
-32.84558718947095,-13.585263302711077
-32.840596088856884,-13.584907877467364
-32.83560498824282,-13.584552248501646
-32.830613887628765,-13.584196415726197
-32.8256227870147,-13.58384037905331
-32.820631686400645,-13.583484138395162
-32.81564058578658,-13.583127693664007
-32.81064948517252,-13.582771044771953
-32.805658384558456,-13.582414191631196
-32.80066728394439,-13.582057134153786
-32.79567618333033,-13.581699872251836
-32.79068508271627,-13.581342405837365
-32.78569398210221,-13.580984734822396
-32.78070288148815,-13.580626859118915
-32.77571178087409,-13.580268778638866
-32.77072068026003,-13.579910493294165
-32.765729579645964,-13.579552002996707
-32.7607384790319,-13.579193307658342
-32.755747378417844,-13.578834407190895
-32.75075627780378,-13.578475301506185
-32.745765177189725,-13.578115990515942
-32.74077407657566,-13.577756474131938
-32.7357829759616,-13.577396752265834
-32.730791875347535,-13.577036824829333
-32.72580077473347,-13.576676691734072
-32.72080967411941,-13.57631635289164
-32.71581857350535,-13.575955808213648
-32.71082747289129,-13.575595057611602
-32.70583637227723,-13.575234100997061
-32.70084527166317,-13.574872938281487
-32.695854171049106,-13.574511569376332
-32.69086307043504,-13.57414999419304
-32.68587196982098,-13.573788212642997
-32.680880869206916,-13.573426224637545
-32.67588976859286,-13.573064030088045
-32.6708986679788,-13.572701628905767
-32.66590756736474,-13.572339021001994
-32.66091646675068,-13.571976206287967
-32.655925366136614,-13.571613184674874
-32.65093426552255,-13.571249956073924
-32.64594316490849,-13.57088652039623
-32.64095206429443,-13.570522877552925
-32.63596096368037,-13.570159027455082
-32.63096986306631,-13.569794970013742
-32.62597876245225,-13.569430705139945
-32.620987661838186,-13.569066232744662
-32.61599656122412,-13.568701552738867
-32.61100546061006,-13.568336665033483
-32.606014359995996,-13.567971569539397
-32.60102325938194,-13.567606266167472
-32.596032158767876,-13.567240754828536
-32.59104105815382,-13.566875035433428
-32.58604995753976,-13.566509107892873
-32.581058856925694,-13.566142972117618
-32.57606775631163,-13.565776628018401
-32.57107665569757,-13.56541007550587
-32.566085555083504,-13.565043314490708
-32.56109445446945,-13.564676344883479
-32.55610335385539,-13.564309166594791
-32.55111225324133,-13.563941779535215
-32.546121152627265,-13.563574183615225
-32.5411300520132,-13.563206378745356
-32.53613895139914,-13.562838364836056
-32.531147850785075,-13.562470141797736
-32.52615675017102,-13.562101709540832
-32.521165649556956,-13.561733067975645
-32.5161745489429,-13.561364217012555
-32.511183448328836,-13.56099515656186
-32.50619234771477,-13.560625886533824
-32.50120124710071,-13.560256406838686
-32.496210146486646,-13.559886717386664
-32.49121904587258,-13.55951681808791
-32.48622794525853,-13.559146708852605
-32.481236844644464,-13.558776389590852
-32.47624574403041,-13.55840586021273
-32.471254643416344,-13.558035120628281
-32.46626354280228,-13.557664170747536
-32.46127244218822,-13.557293010480487
-32.456281341574154,-13.556921639737098
-32.4512902409601,-13.556550058427296
-32.446299140346035,-13.556178266460963
-32.44130803973198,-13.555806263747963
-32.436316939117916,-13.55543405019815
-32.43132583850385,-13.55506162572129
-32.42633473788979,-13.554688990227188
-32.421343637275726,-13.554316143625583
-32.41635253666166,-13.553943085826164
-32.411361436047606,-13.553569816738596
-32.40637033543354,-13.553196336272546
-32.40137923481949,-13.552822644337628
-32.396388134205424,-13.552448740843419
-32.39139703359136,-13.552074625699465
-32.3864059329773,-13.551700298815296
-32.381414832363234,-13.551325760100386
-32.37642373174917,-13.550951009464201
-32.371432631135114,-13.55057604681617
-32.36644153052105,-13.550200872065666
-32.361450429906995,-13.549825485122074
-32.35645932929293,-13.549449885894703
-32.35146822867887,-13.549074074292871
-32.346477128064805,-13.548698050225838
-32.34148602745074,-13.548321813602845
-32.336494926836686,-13.54794536433309
-32.33150382622262,-13.54756870232574
-32.326512725608566,-13.547191827489957
-32.3215216249945,-13.546814739734836
-32.31653052438044,-13.546437438969472
-32.311539423766376,-13.546059925102876
-32.30654832315231,-13.5456821980441
-32.30155722253825,-13.545304257702114
-32.296566121924194,-13.544926103985892
-32.29157502131013,-13.54454773680432
-32.286583920696074,-13.544169156066289
-32.28159282008201,-13.543790361680692
-32.27660171946795,-13.543411353556317
-32.271610618853884,-13.543032131601993
-32.26661951823982,-13.542652695726447
-32.261628417625765,-13.542273045838455
-32.2566373170117,-13.541893181846689
-32.251646216397646,-13.541513103659824
-32.24665511578358,-13.541132811186479
-32.24166401516952,-13.54075230433529
-32.236672914555456,-13.540371583014814
-32.23168181394139,-13.5399906471336
-32.22669071332733,-13.539609496600145
-32.22169961271327,-13.539228131322945
-32.21670851209921,-13.538846551210428
-32.211717411485154,-13.53846475617104
-32.20672631087109,-13.538082746113142
-32.20173521025703,-13.537700520945087
-32.196744109642964,-13.537318080575213
-32.1917530090289,-13.536935424911782
-32.18676190841484,-13.536552553863073
-32.18177080780078,-13.536169467337308
-32.17677970718672,-13.535786165242673
-32.17178860657266,-13.535402647487345
-32.1667975059586,-13.535018913979439
-32.161806405344535,-13.534634964627056
-32.15681530473047,-13.534250799338283
-32.15182420411641,-13.533866418021132
-32.14683310350235,-13.53348182058363
-32.14184200288829,-13.533097006933714
-32.13685090227423,-13.532711976979366
-32.13185980166017,-13.532326730628458
-32.12686870104611,-13.531941267788897
-32.12187760043204,-13.531555588368532
-32.11688649981798,-13.53116969227514
-32.11189539920392,-13.530783579416525
-32.10690429858986,-13.530397249700437
-32.1019131979758,-13.530010703034591
-32.09692209736174,-13.52962393932669
-32.09193099674768,-13.529236958484363
-32.086939896133615,-13.528849760415252
-32.08194879551955,-13.528462345026927
-32.07695769490549,-13.528074712226971
-32.071966594291425,-13.527686861922907
-32.06697549367737,-13.527298794022224
-32.061984393063305,-13.526910508432385
-32.05699329244925,-13.526522005060821
-32.052002191835186,-13.526133283814936
-32.04701109122112,-13.525744344602119
-32.04201999060706,-13.525355187329671
-32.037028889992996,-13.524965811904917
-32.03203778937894,-13.524576218235126
-32.02704668876488,-13.524186406227543
-32.02205558815082,-13.523796375789367
-32.01706448753676,-13.523406126827778
-32.012073386922694,-13.523015659249925
-32.00708228630863,-13.52262497296292
-32.00209118569457,-13.522234067873866
-31.997100085080508,-13.521842943889794
-31.992108984466448,-13.5214516009177
-31.987117883852385,-13.521060038864603
-31.982126783238325,-13.520668257637434
-31.97713568262426,-13.520276257143152
-31.972144582010202,-13.51988403728859
-31.96715348139614,-13.51949159798066
-31.96216238078208,-13.51909893912616
-31.95717128016802,-13.518706060631903
-31.952180179553956,-13.518312962404615
-31.947189078939896,-13.517919644351075
-31.942197978325833,-13.517526106377945
-31.937206877711773,-13.517132348391906
-31.93221577709771,-13.516738370299615
-31.92722467648365,-13.516344172007624
-31.922233575869587,-13.515949753422552
-31.917242475255527,-13.515555114450896
-31.912251374641464,-13.515160254999197
-31.907260274027404,-13.514765174973896
-31.90226917341334,-13.514369874281474
-31.89727807279928,-13.51397435282832
-31.892286972185218,-13.513578610520815
-31.88729587157116,-13.513182647265303
-31.882304770957095,-13.512786462968096
-31.877313670343035,-13.512390057535496
-31.872322569728972,-13.511993430873734
-31.867331469114912,-13.511596582889036
-31.86234036850085,-13.511199513487593
-31.85734926788679,-13.510802222575542
-31.85235816727273,-13.510404710059028
-31.847367066658666,-13.510006975844115
-31.842375966044607,-13.50960901983688
-31.837384865430543,-13.509210841943352
-31.832393764816484,-13.508812442069505
-31.82740266420242,-13.508413820121321
-31.82241156358836,-13.50801497600472
-31.817420462974297,-13.507615909625612
-31.812429362360238,-13.507216620889839
-31.807438261746174,-13.506817109703242
-31.802447161132115,-13.506417375971633
-31.79745606051805,-13.506017419600779
-31.79246495990399,-13.505617240496417
-31.78747385928993,-13.50521683856423
-31.78248275867587,-13.504816213709924
-31.777491658061805,-13.504415365839115
-31.772500557447746,-13.504014294857425
-31.767509456833682,-13.503613000670425
-31.762518356219623,-13.503211483183655
-31.757527255605563,-13.502809742302638
-31.7525361549915,-13.502407777932829
-31.74754505437744,-13.502005589979701
-31.742553953763377,-13.501603178348656
-31.737562853149317,-13.501200542945087
-31.732571752535254,-13.500797683674332
-31.727580651921194,-13.500394600441728
-31.72258955130713,-13.499991293152538
-31.71759845069307,-13.499587761712037
-31.712607350079008,-13.499184006025423
-31.707616249464948,-13.498780025997911
-31.702625148850885,-13.498375821534644
-31.697634048236825,-13.497971392540745
-31.692642947622762,-13.497566738921314
-31.687651847008702,-13.497161860581405
-31.68266074639464,-13.496756757426054
-31.67766964578058,-13.496351429360242
-31.672678545166516,-13.495945876288946
-31.667687444552456,-13.495540098117106
-31.662696343938393,-13.495134094749615
-31.657705243324333,-13.494727866091306
-31.652714142710273,-13.494321412047057
-31.64772304209621,-13.49391473252166
-31.64273194148215,-13.493507827419862
-31.637740840868087,-13.493100696646435
-31.632749740254027,-13.492693340106038
-31.627758639639964,-13.492285757703387
-31.622767539025904,-13.491877949343115
-31.61777643841184,-13.491469914929809
-31.61278533779778,-13.491061654368059
-31.607794237183718,-13.49065316756242
-31.60280313656966,-13.490244454417375
-31.597812035955595,-13.489835514837408
-31.592820935341535,-13.489426348726997
-31.587829834727472,-13.48901695599052
-31.582838734113412,-13.488607336532365
-31.57784763349935,-13.48819749025691
-31.57285653288529,-13.487787417068416
-31.567865432271226,-13.487377116871212
-31.562874331657166,-13.48696658956953
-31.557883231043107,-13.4865558350676
-31.552892130429044,-13.486144853269616
-31.547901029814984,-13.485733644079717
-31.54290992920092,-13.485322207402023
-31.53791882858686,-13.484910543140622
-31.532927727972798,-13.484498651199576
-31.527936627358738,-13.484086531482934
-31.522945526744675,-13.48367418389465
-31.517954426130615,-13.483261608338696
-31.51296332551655,-13.482848804719003
-31.507972224902492,-13.482435772939471
-31.50298112428843,-13.482022512903946
-31.49799002367437,-13.48160902451628
-31.492998923060306,-13.481195307680254
-31.488007822446246,-13.480781362299632
-31.483016721832183,-13.480367188278143
-31.478025621218123,-13.47995278551949
-31.47303452060406,-13.479538153927365
-31.46804341999,-13.479123293405365
-31.463052319375937,-13.478708203857103
-31.458061218761877,-13.478292885186168
-31.453070118147817,-13.477877337296077
-31.448079017533754,-13.477461560090326
-31.443087916919694,-13.477045553472394
-31.43809681630563,-13.476629317345742
-31.43310571569157,-13.476212851613766
-31.428114615077508,-13.475796156179822
-31.423123514463448,-13.475379230947256
-31.418132413849385,-13.474962075819393
-31.413141313235325,-13.474544690699506
-31.408150212621262,-13.474127075490829
-31.403159112007202,-13.473709230096567
-31.39816801139314,-13.473291154419917
-31.39317691077908,-13.472872848364021
-31.388185810165016,-13.472454311831981
-31.383194709550956,-13.472035544726872
-31.378203608936893,-13.471616546951761
-31.373212508322833,-13.471197318409661
-31.36822140770877,-13.470777859003528
-31.36323030709471,-13.470358168636354
-31.35823920648065,-13.469938247211022
-31.353248105866587,-13.469518094630434
-31.348257005252528,-13.469097710797433
-31.343265904638464,-13.468677095614844
-31.338274804024405,-13.468256248985458
-31.33328370341034,-13.467835170812009
-31.32829260279628,-13.467413860997238
-31.32330150218222,-13.466992319443834
-31.31831040156816,-13.466570546054419
-31.313319300954095,-13.466148540731647
-31.308328200340036,-13.46572630337813
-31.303337099725972,-13.465303833896373
-31.298345999111913,-13.464881132188925
-31.29335489849785,-13.464458198158297
-31.28836379788379,-13.464035031706915
-31.283372697269726,-13.463611632737218
-31.278381596655667,-13.463188001151607
-31.273390496041603,-13.462764136852439
-31.268399395427544,-13.462340039742044
-31.26340829481348,-13.461915709722701
-31.25841719419942,-13.461491146696703
-31.25342609358536,-13.461066350566256
-31.248434992971298,-13.460641321233556
-31.243443892357238,-13.460216058600787
-31.238452791743175,-13.459790562570056
-31.233461691129115,-13.459364833043473
-31.22847059051505,-13.458938869923106
-31.223479489900992,-13.458512673111002
-31.21848838928693,-13.45808624250912
-31.21349728867287,-13.457659578019474
-31.208506188058806,-13.457232679543969
-31.203515087444746,-13.456805546984507
-31.198523986830683,-13.456378180242973
-31.193532886216623,-13.455950579221188
-31.18854178560256,-13.45552274382098
-31.1835506849885,-13.45509467394409
-31.178559584374437,-13.454666369492243
-31.173568483760377,-13.454237830367195
-31.168577383146314,-13.45380905647057
-31.163586282532254,-13.45338004770405
-31.158595181918194,-13.452950803969193
-31.15360408130413,-13.452521325167599
-31.14861298069007,-13.452091611200796
-31.143621880076008,-13.451661661970306
-31.13863077946195,-13.451231477377611
-31.133639678847885,-13.450801057324105
-31.128648578233825,-13.450370401711252
-31.123657477619762,-13.449939510440391
-31.118666377005702,-13.449508383412885
-31.11367527639164,-13.44907702053001
-31.10868417577758,-13.448645421693096
-31.103693075163516,-13.448213586803345
-31.098701974549456,-13.447781515761976
-31.093710873935393,-13.447349208470193
-31.088719773321333,-13.446916664829088
-31.08372867270727,-13.44648388473982
-31.07873757209321,-13.446050868103429
-31.073746471479147,-13.445617614821
-31.068755370865087,-13.445184124793508
-31.063764270251024,-13.444750397921965
-31.058773169636964,-13.4443164341073
-31.053782069022905,-13.44388223325043
-31.04879096840884,-13.443447795252222
-31.04379986779478,-13.443013120013566
-31.03880876718072,-13.44257820743522
-31.03381766656666,-13.442143057418008
-31.028826565952595,-13.441707669862652
-31.023835465338536,-13.441272044669878
-31.018844364724472,-13.440836181740377
-31.013853264110413,-13.440400080974793
-31.00886216349635,-13.439963742273708
-31.00387106288229,-13.439527165537747
-30.998879962268227,-13.439090350667465
-30.993888861654167,-13.438653297563347
-30.988897761040104,-13.438216006125897
-30.983906660426044,-13.437778476255552
-30.97891555981198,-13.437340707852755
-30.97392445919792,-13.436902700817857
-30.968933358583858,-13.436464455051222
-30.963942257969798,-13.436025970453164
-30.958951157355738,-13.435587246923987
-30.953960056741675,-13.435148284363933
-30.948968956127615,-13.43470908267321
-30.943977855513552,-13.434269641752017
-30.938986754899492,-13.433829961500491
-30.93399565428543,-13.43339004181877
-30.92900455367137,-13.432949882606927
-30.924013453057306,-13.432509483765013
-30.919022352443246,-13.432068845193072
-30.914031251829183,-13.431627966791051
-30.909040151215123,-13.431186848458937
-30.90404905060106,-13.430745490096637
-30.899057949987,-13.430303891604025
-30.894066849372937,-13.429862052880987
-30.889075748758877,-13.429419973827306
-30.884084648144814,-13.428977654342814
-30.879093547530754,-13.42853509432721
-30.87410244691669,-13.428092293680262
-30.86911134630263,-13.427649252301629
-30.864120245688568,-13.427205970090982
-30.859129145074508,-13.426762446947942
-30.85413804446045,-13.426318682772088
-30.849146943846385,-13.42587467746297
-30.844155843232326,-13.425430430920127
-30.839164742618262,-13.424985943043025
-30.834173642004203,-13.424541213731136
-30.82918254139014,-13.424096242883877
-30.82419144077608,-13.423651030400638
-30.819200340162016,-13.423205576180777
-30.814209239547957,-13.422759880123603
-30.809218138933893,-13.422313942128406
-30.804227038319834,-13.421867762094456
-30.79923593770577,-13.42142133992097
-30.79424483709171,-13.420974675507118
-30.789253736477647,-13.420527768752075
-30.784262635863588,-13.42008061955496
-30.779271535249524,-13.419633227814861
-30.774280434635465,-13.419185593430823
-30.7692893340214,-13.418737716301885
-30.76429823340734,-13.41828959632703
-30.75930713279328,-13.417841233405198
-30.75431603217922,-13.417392627435328
-30.74932493156516,-13.416943778316291
-30.744333830951096,-13.416494685946969
-30.739342730337036,-13.41604535022616
-30.734351629722973,-13.415595771052661
-30.729360529108913,-13.415145948325215
-30.72436942849485,-13.414695881942562
-30.71937832788079,-13.41424557180338
-30.714387227266727,-13.413795017806336
-30.709396126652667,-13.413344219850051
-30.704405026038604,-13.41289317783309
-30.699413925424544,-13.412441891654005
-30.69442282481048,-13.411990361211352
-30.68943172419642,-13.41153858640359
-30.684440623582358,-13.411086567129184
-30.679449522968298,-13.410634303286557
-30.674458422354235,-13.41018179477408
-30.669467321740175,-13.409729041490138
-30.66447622112611,-13.409276043333017
-30.659485120512052,-13.408822800201007
-30.654494019897992,-13.408369311992391
-30.64950291928393,-13.407915578605365
-30.64451181866987,-13.407461599938136
-30.639520718055806,-13.407007375888819
-30.634529617441746,-13.40655290635556
-30.629538516827683,-13.406098191236445
-30.624547416213623,-13.405643230429519
-30.61955631559956,-13.405188023832817
-30.6145652149855,-13.404732571344303
-30.609574114371437,-13.404276872861944
-30.604583013757377,-13.403820928283633
-30.599591913143314,-13.40336473750728
-30.594600812529254,-13.40290830043074
-30.58960971191519,-13.402451616951815
-30.58461861130113,-13.401994686968298
-30.579627510687068,-13.401537510377935
-30.57463641007301,-13.401080087078437
-30.569645309458945,-13.4006224169675
-30.564654208844885,-13.400164499942756
-30.559663108230822,-13.399706335901836
-30.554672007616762,-13.399247924742335
-30.549680907002703,-13.398789266361788
-30.54468980638864,-13.398330360657683
-30.53969870577458,-13.397871207527547
-30.534707605160516,-13.39741180686881
-30.529716504546457,-13.396952158578875
-30.524725403932393,-13.396492262555144
-30.519734303318334,-13.396032118694952
-30.51474320270427,-13.395571726895628
-30.50975210209021,-13.395111087054437
-30.504761001476147,-13.394650199068604
-30.499769900862088,-13.394189062835386
-30.494778800248024,-13.393727678251937
-30.489787699633965,-13.393266045215409
-30.4847965990199,-13.392804163622909
-30.47980549840584,-13.392342033371522
-30.47481439779178,-13.391879654358274
-30.46982329717772,-13.39141702648022
-30.464832196563655,-13.390954149634299
-30.459841095949596,-13.39049102371745
-30.454849995335536,-13.390027648626615
-30.449858894721473,-13.389564024258654
-30.444867794107413,-13.389100150510393
-30.43987669349335,-13.388636027278658
-30.43488559287929,-13.388171654460223
-30.429894492265227,-13.38770703195182
-30.424903391651167,-13.387242159650178
-30.419912291037104,-13.386777037451957
-30.414921190423044,-13.386311665253787
-30.40993008980898,-13.385846042952279
-30.40493898919492,-13.38538017044402
-30.399947888580858,-13.38491404762555
-30.394956787966798,-13.384447674393348
-30.389965687352735,-13.383981050643907
-30.384974586738675,-13.383514176273648
-30.379983486124612,-13.383047051178995
-30.374992385510552,-13.382579675256318
-30.37000128489649,-13.38211204840193
-30.36501018428243,-13.38164417051216
-30.360019083668366,-13.381176041483252
-30.355027983054306,-13.380707661211439
-30.350036882440246,-13.380239029592957
-30.345045781826183,-13.379770146523947
-30.340054681212123,-13.37930101190055
-30.33506358059806,-13.378831625618842
-30.330072479984,-13.378361987574928
-30.325081379369937,-13.377892097664816
-30.320090278755877,-13.377421955784504
-30.315099178141814,-13.376951561829967
-30.310108077527754,-13.376480915697135
-30.30511697691369,-13.376010017281882
-30.30012587629963,-13.375538866480099
-30.29513477568557,-13.375067463187607
-30.29014367507151,-13.374595807300189
-30.285152574457445,-13.374123898713616
-30.280161473843386,-13.373651737323627
-30.275170373229322,-13.373179323025875
-30.270179272615263,-13.372706655716067
-30.2651881720012,-13.372233735289797
-30.26019707138714,-13.371760561642667
-30.25520597077308,-13.37128713467022
-30.250214870159017,-13.370813454268012
-30.245223769544957,-13.370339520331514
-30.240232668930894,-13.369865332756184
-30.235241568316834,-13.369390891437435
-30.23025046770277,-13.368916196270664
-30.22525936708871,-13.368441247151228
-30.220268266474648,-13.367966043974455
-30.215277165860588,-13.367490586635585
-30.210286065246525,-13.367014875029932
-30.205294964632465,-13.366538909052666
-30.2003038640184,-13.366062688599
-30.195312763404342,-13.365586213564091
-30.19032166279028,-13.365109483843026
-30.18533056217622,-13.364632499330902
-30.180339461562156,-13.364155259922743
-30.175348360948096,-13.363677765513614
-30.170357260334033,-13.363200015998467
-30.165366159719973,-13.36272201127225
-30.16037505910591,-13.362243751229865
-30.15538395849185,-13.361765235766212
-30.15039285787779,-13.3612864647761
-30.145401757263727,-13.36080743815437
-30.140410656649667,-13.360328155795804
-30.135419556035604,-13.359848617595118
-30.130428455421544,-13.35936882344705
-30.12543735480748,-13.358888773246228
-30.12044625419342,-13.358408466887344
-30.115455153579358,-13.357927904264972
-30.1104640529653,-13.357447085273703
-30.105472952351235,-13.356966009808039
-30.100481851737175,-13.356484677762545
-30.095490751123112,-13.356003089031624
-30.090499650509052,-13.355521243509765
-30.08550854989499,-13.355039141091332
-30.08051744928093,-13.354556781670706
-30.075526348666866,-13.354074165142226
-30.070535248052806,-13.35359129140019
-30.065544147438743,-13.353108160338852
-30.060553046824683,-13.352624771852458
-30.055561946210624,-13.352141125835198
-30.05057084559656,-13.351657222181235
-30.0455797449825,-13.351173060784676
-30.040588644368437,-13.350688641539652
-30.035597543754378,-13.350203964340215
-30.030606443140314,-13.34971902908038
-30.025615342526255,-13.34923383565413
-30.02062424191219,-13.34874838395544
-30.01563314129813,-13.348262673878251
-30.01064204068407,-13.34777670531639
-30.00565094007001,-13.34729047816379
-30.000659839455945,-13.34680399231422
-29.995668738841886,-13.346317247661458
-29.990677638227822,-13.345830244099322
-29.985686537613763,-13.345342981521469
-29.9806954369997,-13.344855459821598
-29.97570433638564,-13.34436767889337
-29.970713235771576,-13.343879638630398
-29.965722135157517,-13.34339133892626
-29.960731034543453,-13.342902779674503
-29.955739933929394,-13.342413960768647
-29.950748833315334,-13.341924882102154
-29.94575773270127,-13.341435543568496
-29.94076663208721,-13.340945945061065
-29.935775531473148,-13.340456086473232
-29.930784430859088,-13.339965967698355
-29.925793330245025,-13.339475588629728
-29.920802229630965,-13.33898494916063
-29.9158111290169,-13.33849404918431
-29.910820028402842,-13.33800288859396
-29.90582892778878,-13.337511467282761
-29.90083782717472,-13.337019785143825
-29.895846726560656,-13.336527842070284
-29.890855625946596,-13.3360356379552
-29.885864525332533,-13.33554317269159
-29.880873424718473,-13.335050446172472
-29.87588232410441,-13.334557458290789
-29.87089122349035,-13.334064208939505
-29.865900122876287,-13.333570698011481
-29.860909022262227,-13.333076925399615
-29.855917921648167,-13.332582890996713
-29.850926821034104,-13.332088594695534
-29.845935720420044,-13.331594036388905
-29.84094461980598,-13.331099215969513
-29.83595351919192,-13.330604133330048
-29.830962418577858,-13.330108788363168
-29.8259713179638,-13.329613180961514
-29.820980217349735,-13.32911731101764
-29.815989116735675,-13.328621178424132
-29.810998016121612,-13.328124783073472
-29.806006915507552,-13.327628124858194
-29.80101581489349,-13.32713120367069
-29.79602471427943,-13.326634019403425
-29.791033613665366,-13.326136571948739
-29.786042513051306,-13.32563886119901
-29.781051412437243,-13.325140887046528
-29.776060311823183,-13.324642649383593
-29.77106921120912,-13.32414414810243
-29.76607811059506,-13.323645383095252
-29.761087009980997,-13.32314635425423
-29.756095909366937,-13.322647061471534
-29.751104808752878,-13.322147504639224
-29.746113708138815,-13.321647683649386
-29.741122607524755,-13.321147598394061
-29.73613150691069,-13.320647248765269
-29.731140406296632,-13.320146634654943
-29.72614930568257,-13.319645755955042
-29.72115820506851,-13.319144612557464
-29.716167104454446,-13.318643204354052
-29.711176003840386,-13.31814153123668
-29.706184903226323,-13.31763959309707
-29.701193802612263,-13.317137389827067
-29.6962027019982,-13.316634921318327
-29.69121160138414,-13.316132187462587
-29.686220500770077,-13.31562918815149
-29.681229400156017,-13.315125923276641
-29.676238299541954,-13.314622392729678
-29.671247198927894,-13.314118596402087
-29.66625609831383,-13.313614534185442
-29.66126499769977,-13.313110205971203
-29.65627389708571,-13.312605611650831
-29.651282796471648,-13.312100751115722
-29.646291695857588,-13.311595624257285
-29.641300595243525,-13.311090230966844
-29.636309494629465,-13.310584571135719
-29.631318394015402,-13.310078644655198
-29.626327293401342,-13.309572451416502
-29.62133619278728,-13.309065991310863
-29.61634509217322,-13.308559264229439
-29.611353991559156,-13.308052270063369
-29.606362890945096,-13.307545008703762
-29.601371790331033,-13.307037480041695
-29.596380689716973,-13.306529683968188
-29.59138958910291,-13.306021620374267
-29.58639848848885,-13.305513289150865
-29.581407387874787,-13.305004690188936
-29.576416287260727,-13.30449582337938
-29.571425186646664,-13.303986688613044
-29.566434086032604,-13.30347728578075
-29.56144298541854,-13.30296761477331
-29.55645188480448,-13.302457675481497
-29.55146078419042,-13.301947467795985
-29.54646968357636,-13.301436991607511
-29.5414785829623,-13.30092624680671
-29.536487482348235,-13.300415233284197
-29.531496381734176,-13.299903950930567
-29.526505281120112,-13.29939239963636
-29.521514180506053,-13.298880579292119
-29.51652307989199,-13.298368489788276
-29.51153197927793,-13.297856131015322
-29.506540878663866,-13.29734350286365
-29.501549778049807,-13.296830605223645
-29.496558677435743,-13.296317437985646
-29.491567576821684,-13.295804001039958
-29.48657647620762,-13.295290294276855
-29.48158537559356,-13.294776317586573
-29.476594274979497,-13.294262070859332
-29.471603174365438,-13.293747553985273
-29.466612073751374,-13.293232766854564
-29.461620973137315,-13.292717709357264
-29.45662987252325,-13.292202381383465
-29.45163877190919,-13.291686782823213
-29.446647671295132,-13.291170913566463
-29.44165657068107,-13.290654773503196
-29.43666547006701,-13.290138362523344
-29.431674369452946,-13.289621680516783
-29.426683268838886,-13.289104727373381
-29.421692168224823,-13.288587502982958
-29.416701067610763,-13.2880700072353
-29.4117099669967,-13.287552240020162
-29.40671886638264,-13.287034201227243
-29.401727765768577,-13.28651589074624
-29.396736665154517,-13.285997308466797
-29.391745564540454,-13.285478454278545
-29.386754463926394,-13.284959328071048
-29.38176336331233,-13.284439929733837
-29.37677226269827,-13.283920259156439
-29.371781162084208,-13.283400316228311
-29.366790061470148,-13.28288010083891
-29.361798960856085,-13.282359612877624
-29.356807860242025,-13.281838852233827
-29.351816759627965,-13.281317818796863
-29.346825659013902,-13.28079651245602
-29.341834558399842,-13.280274933100563
-29.33684345778578,-13.279753080619733
-29.33185235717172,-13.27923095490273
-29.326861256557656,-13.27870855583868
-29.321870155943596,-13.278185883316723
-29.316879055329533,-13.277662937225978
-29.311887954715473,-13.277139717455455
-29.30689685410141,-13.276616223894216
-29.30190575348735,-13.276092456431215
-29.296914652873287,-13.275568414955423
-29.291923552259227,-13.275044099355767
-29.286932451645164,-13.274519509521085
-29.281941351031104,-13.27399464534025
-29.27695025041704,-13.273469506702087
-29.27195914980298,-13.272944093495342
-29.266968049188918,-13.272418405608773
-29.26197694857486,-13.271892442931103
-29.256985847960795,-13.27136620535097
-29.251994747346735,-13.27083969275703
-29.247003646732676,-13.27031290503788
-29.242012546118612,-13.26978584208208
-29.237021445504553,-13.269258503778175
-29.23203034489049,-13.26873089001466
-29.22703924427643,-13.26820300067998
-29.222048143662366,-13.267674835662596
-29.217057043048307,-13.26714639485086
-29.212065942434243,-13.266617678133168
-29.207074841820184,-13.266088685397802
-29.20208374120612,-13.265559416533073
-29.19709264059206,-13.265029871427235
-29.192101539977998,-13.264500049968499
-29.187110439363938,-13.263969952045036
-29.182119338749875,-13.263439577545013
-29.177128238135815,-13.262908926356529
-29.17213713752175,-13.262377998367667
-29.167146036907692,-13.261846793466471
-29.16215493629363,-13.26131531154095
-29.15716383567957,-13.260783552479063
-29.15217273506551,-13.26025151616875
-29.147181634451446,-13.259719202497925
-29.142190533837386,-13.259186611354462
-29.137199433223323,-13.258653742626144
-29.132208332609263,-13.25812059620082
-29.1272172319952,-13.257587171966232
-29.12222613138114,-13.257053469810119
-29.117235030767077,-13.256519489620153
-29.112243930153017,-13.255985231283997
-29.107252829538954,-13.255450694689296
-29.102261728924894,-13.254915879723585
-29.09727062831083,-13.254380786274469
-29.09227952769677,-13.253845414229428
-29.087288427082708,-13.253309763475972
-29.082297326468648,-13.25277383390153
-29.077306225854585,-13.252237625393505
-29.072315125240525,-13.251701137839285
-29.067324024626462,-13.251164371126222
-29.062332924012402,-13.250627325141606
-29.05734182339834,-13.250089999772705
-29.05235072278428,-13.249552394906766
-29.04735962217022,-13.249014510430964
-29.042368521556156,-13.248476346232506
-29.037377420942097,-13.247937902198494
-29.032386320328033,-13.247399178216032
-29.027395219713974,-13.246860174172173
-29.02240411909991,-13.246320889953942
-29.01741301848585,-13.245781325448338
-29.012421917871787,-13.245241480542312
-29.007430817257728,-13.244701355122764
-29.002439716643664,-13.244160949076619
-28.997448616029605,-13.243620262290685
-28.99245751541554,-13.243079294651801
-28.98746641480148,-13.24253804604673
-28.98247531418742,-13.241996516362226
-28.97748421357336,-13.241454705484996
-28.972493112959295,-13.24091261330172
-28.967502012345236,-13.240370239699013
-28.962510911731172,-13.23982758456349
-28.957519811117113,-13.239284647781728
-28.952528710503053,-13.238741429240235
-28.94753760988899,-13.238197928825537
-28.94254650927493,-13.237654146424083
-28.937555408660867,-13.237110081922298
-28.932564308046807,-13.236565735206574
-28.927573207432744,-13.236021106163259
-28.922582106818684,-13.235476194678695
-28.91759100620462,-13.23493100063914
-28.91259990559056,-13.234385523930872
-28.907608804976498,-13.233839764440077
-28.902617704362438,-13.233293722052965
-28.897626603748375,-13.232747396655663
-28.892635503134315,-13.232200788134284
-28.88764440252025,-13.2316538963749
-28.882653301906192,-13.231106721263547
-28.87766220129213,-13.230559262686246
-28.87267110067807,-13.23001152052894
-28.867680000064006,-13.229463494677574
-28.862688899449946,-13.228915185018055
-28.857697798835883,-13.22836659143623
-28.852706698221823,-13.227817713817926
-28.847715597607763,-13.227268552048956
-28.8427244969937,-13.226719106015047
-28.83773339637964,-13.226169375601936
-28.832742295765577,-13.225619360695317
-28.827751195151517,-13.225069061180818
-28.822760094537454,-13.224518476944063
-28.817768993923394,-13.223967607870652
-28.81277789330933,-13.223416453846088
-28.80778679269527,-13.222865014755927
-28.802795692081208,-13.222313290485621
-28.79780459146715,-13.221761280920592
-28.792813490853085,-13.221208985946255
-28.787822390239025,-13.220656405447995
-28.782831289624962,-13.22010353931113
-28.777840189010902,-13.21955038742094
-28.77284908839684,-13.218996949662728
-28.76785798778278,-13.218443225921682
-28.762866887168716,-13.21788921608301
-28.757875786554656,-13.217334920031863
-28.752884685940597,-13.216780337653363
-28.747893585326533,-13.216225468832596
-28.742902484712474,-13.215670313454613
-28.73791138409841,-13.2151148714044
-28.73292028348435,-13.214559142566985
-28.727929182870287,-13.214003126827281
-28.722938082256228,-13.213446824070198
-28.717946981642164,-13.212890234180604
-28.712955881028105,-13.212333357043352
-28.70796478041404,-13.211776192543224
-28.70297367979998,-13.211218740565004
-28.69798257918592,-13.210661000993401
-28.69299147857186,-13.210102973713122
-28.688000377957795,-13.20954465860883
-28.683009277343736,-13.208986055565148
-28.678018176729672,-13.208427164466665
-28.673027076115613,-13.207867985197941
-28.66803597550155,-13.207308517643469
-28.66304487488749,-13.206748761687747
-28.658053774273426,-13.206188717215232
-28.653062673659367,-13.205628384110309
-28.648071573045307,-13.20506776225737
-28.643080472431244,-13.204506851540765
-28.638089371817184,-13.203945651844782
-28.63309827120312,-13.203384163053702
-28.62810717058906,-13.20282238505174
-28.623116069974998,-13.202260317723127
-28.618124969360938,-13.201697960951977
-28.613133868746875,-13.201135314622482
-28.608142768132815,-13.200572378618666
-28.603151667518752,-13.20000915282463
-28.598160566904692,-13.1994456371244
-28.59316946629063,-13.198881831401934
-28.58817836567657,-13.198317735541167
-28.583187265062506,-13.19775334942607
-28.578196164448446,-13.197188672940461
-28.573205063834383,-13.196623705968227
-28.568213963220323,-13.196058448393144
-28.56322286260626,-13.195492900099024
-28.5582317619922,-13.194927060969553
-28.55324066137814,-13.194360930888466
-28.548249560764077,-13.193794509739417
-28.543258460150017,-13.19322779740604
-28.538267359535954,-13.192660793771932
-28.533276258921894,-13.192093498720622
-28.52828515830783,-13.191525912135685
-28.52329405769377,-13.190958033900566
-28.518302957079708,-13.190389863898726
-28.51331185646565,-13.189821402013584
-28.508320755851585,-13.189252648128535
-28.503329655237525,-13.188683602126911
-28.498338554623462,-13.188114263892023
-28.493347454009402,-13.187544633307125
-28.48835635339534,-13.186974710255479
-28.48336525278128,-13.186404494620282
-28.478374152167216,-13.18583398628471
-28.473383051553157,-13.18526318513187
-28.468391950939093,-13.184692091044882
-28.463400850325034,-13.184120703906789
-28.45840974971097,-13.183549023600616
-28.45341864909691,-13.182977050009352
-28.44842754848285,-13.18240478301597
-28.443436447868788,-13.18183222250337
-28.438445347254728,-13.181259368354427
-28.433454246640665,-13.180686220452003
-28.428463146026605,-13.180112778678884
-28.42347204541254,-13.179539042917865
-28.418480944798482,-13.17896501305169
-28.41348984418442,-13.17839068896305
-28.40849874357036,-13.177816070534606
-28.403507642956296,-13.177241157649012
-28.398516542342236,-13.176665950188845
-28.393525441728173,-13.176090448036664
-28.388534341114113,-13.175514651075007
-28.38354324050005,-13.17493855918635
-28.37855213988599,-13.174362172253161
-28.373561039271927,-13.173785490157847
-28.368569938657867,-13.17320851278278
-28.363578838043804,-13.172631240010329
-28.358587737429744,-13.172053671722791
-28.353596636815684,-13.171475807802441
-28.34860553620162,-13.170897648131517
-28.34361443558756,-13.170319192592235
-28.338623334973498,-13.169740441066736
-28.33363223435944,-13.169161393437182
-28.328641133745375,-13.168582049585648
-28.323650033131315,-13.1680024093942
-28.318658932517252,-13.167422472744857
-28.313667831903192,-13.166842239519623
-28.30867673128913,-13.166261709600427
-28.30368563067507,-13.165680882869209
-28.298694530061006,-13.165099759207841
-28.293703429446946,-13.164518338498166
-28.288712328832883,-13.163936620621994
-28.283721228218823,-13.163354605461109
-28.27873012760476,-13.162772292897234
-28.2737390269907,-13.16218968281208
-28.268747926376637,-13.161606775087316
-28.263756825762577,-13.16102356960456
-28.258765725148514,-13.1604400662454
-28.253774624534454,-13.159856264891435
-28.248783523920395,-13.159272165424152
-28.24379242330633,-13.158687767725043
-28.23880132269227,-13.158103071675558
-28.23381022207821,-13.157518077157139
-28.22881912146415,-13.156932784051147
-28.223828020850085,-13.156347192238911
-28.218836920236026,-13.155761301601762
-28.213845819621962,-13.15517511202096
-28.208854719007903,-13.154588623377759
-28.20386361839384,-13.154001835553327
-28.19887251777978,-13.153414748428848
-28.193881417165716,-13.152827361885455
-28.188890316551657,-13.152239675804235
-28.183899215937593,-13.15165169006625
-28.178908115323534,-13.151063404552522
-28.17391701470947,-13.15047481914402
-28.16892591409541,-13.149885933721704
-28.163934813481347,-13.149296748166497
-28.158943712867288,-13.14870726235926
-28.153952612253224,-13.148117476180857
-28.148961511639165,-13.14752738951207
-28.143970411025105,-13.146937002233674
-28.13897931041104,-13.146346314226408
-28.133988209796982,-13.145755325370983
-28.12899710918292,-13.145164035548039
-28.12400600856886,-13.1445724446382
-28.119014907954796,-13.14398055252208
-28.114023807340736,-13.143388359080221
-28.109032706726673,-13.142795864193138
-28.104041606112613,-13.14220306774131
-28.09905050549855,-13.141609969605193
-28.09405940488449,-13.141016569665188
-28.089068304270427,-13.140422867801687
-28.084077203656367,-13.139828863895016
-28.079086103042304,-13.13923455782547
-28.074095002428244,-13.138639949473339
-28.06910390181418,-13.138045038718824
-28.06411280120012,-13.13744982544214
-28.059121700586058,-13.136854309523455
-28.054130599971998,-13.136258490842872
-28.04913949935794,-13.135662369280471
-28.044148398743875,-13.13506594471633
-28.039157298129815,-13.134469217030443
-28.034166197515752,-13.133872186102794
-28.029175096901692,-13.133274851813328
-28.02418399628763,-13.132677214041959
-28.01919289567357,-13.132079272668543
-28.014201795059506,-13.131481027572933
-28.009210694445446,-13.13088247863491
-28.004219593831383,-13.130283625734231
-27.999228493217323,-13.129684468750654
-27.99423739260326,-13.129085007563843
-27.9892462919892,-13.12848524205346
-27.984255191375137,-13.12788517209913
-27.979264090761077,-13.127284797580424
-27.974272990147014,-13.126684118376891
-27.969281889532954,-13.126083134368061
-27.96429078891889,-13.125481845433379
-27.95929968830483,-13.124880251452318
-27.954308587690768,-13.12427835230423
-27.94931748707671,-13.123676147868531
-27.94432638646265,-13.123073638024525
-27.939335285848585,-13.12247082265152
-27.934344185234526,-13.121867701628746
-27.929353084620463,-13.121264274835474
-27.924361984006403,-13.120660542150848
-27.91937088339234,-13.120056503454029
-27.91437978277828,-13.119452158624137
-27.909388682164217,-13.118847507540245
-27.904397581550157,-13.1182425500814
-27.899406480936094,-13.1176372861266
-27.894415380322034,-13.117031715554829
-27.88942427970797,-13.116425838244982
-27.88443317909391,-13.115819654076008
-27.879442078479848,-13.115213162926722
-27.874450977865788,-13.11460636467599
-27.869459877251725,-13.113999259202576
-27.864468776637665,-13.113391846385227
-27.8594776760236,-13.112784126102683
-27.854486575409542,-13.112176098233615
-27.849495474795482,-13.111567762656652
-27.84450437418142,-13.110959119250415
-27.83951327356736,-13.11035016789348
-27.834522172953296,-13.109740908464374
-27.829531072339236,-13.109131340841602
-27.824539971725173,-13.108521464903626
-27.819548871111113,-13.107911280528871
-27.81455777049705,-13.107300787595724
-27.80956666988299,-13.106689985982557
-27.804575569268927,-13.106078875567686
-27.799584468654867,-13.105467456229372
-27.794593368040804,-13.10485572784588
-27.789602267426744,-13.104243690295418
-27.78461116681268,-13.103631343456158
-27.77962006619862,-13.103018687206232
-27.774628965584558,-13.102405721423754
-27.7696378649705,-13.101792445986778
-27.764646764356435,-13.101178860773334
-27.759655663742375,-13.10056496566144
-27.754664563128312,-13.099950760529014
-27.749673462514252,-13.09933624525399
-27.744682361900193,-13.098721419714277
-27.73969126128613,-13.098106283787683
-27.73470016067207,-13.097490837352062
-27.729709060058006,-13.096875080285155
-27.724717959443947,-13.096259012464724
-27.719726858829883,-13.095642633768461
-27.714735758215824,-13.095025944074028
-27.70974465760176,-13.094408943259076
-27.7047535569877,-13.093791631201167
-27.699762456373637,-13.093174007777899
-27.694771355759578,-13.09255607286676
-27.689780255145514,-13.09193782634526
-27.684789154531455,-13.091319268090844
-27.67979805391739,-13.090700397980905
-27.67480695330333,-13.090081215892846
-27.66981585268927,-13.08946172170398
-27.66482475207521,-13.088841915291669
-27.659833651461145,-13.088221796533105
-27.654842550847086,-13.087601365305567
-27.649851450233026,-13.086980621486227
-27.644860349618963,-13.086359564952259
-27.639869249004903,-13.085738195580802
-27.63487814839084,-13.08511651324891
-27.62988704777678,-13.084494517833646
-27.624895947162717,-13.083872209212027
-27.619904846548657,-13.08324958726104
-27.614913745934594,-13.082626651857598
-27.609922645320534,-13.08200340287863
-27.60493154470647,-13.081379840201022
-27.59994044409241,-13.080755963701558
-27.594949343478348,-13.080131773257072
-27.589958242864288,-13.07950726874429
-27.584967142250225,-13.078882450039982
-27.579976041636165,-13.0782573170208
-27.5749849410221,-13.077631869563408
-27.569993840408042,-13.077006107544415
-27.56500273979398,-13.076380030840395
-27.56001163917992,-13.07575363932792
-27.555020538565856,-13.075126932883448
-27.550029437951796,-13.074499911383485
-27.545038337337736,-13.073872574704453
-27.540047236723673,-13.073244922722736
-27.535056136109613,-13.072616955314702
-27.53006503549555,-13.071988672356694
-27.52507393488149,-13.071360073724973
-27.520082834267427,-13.07073115929579
-27.515091733653367,-13.070101928945375
-27.510100633039304,-13.069472382549908
-27.505109532425244,-13.068842519985509
-27.50011843181118,-13.068212341128305
-27.49512733119712,-13.067581845854352
-27.490136230583058,-13.066951034039676
-27.485145129969,-13.066319905560308
-27.480154029354935,-13.065688460292169
-27.475162928740875,-13.065056698111203
-27.470171828126812,-13.064424618893277
-27.465180727512752,-13.063792222514273
-27.46018962689869,-13.063159508849978
-27.45519852628463,-13.06252647777618
-27.45020742567057,-13.061893129168617
-27.445216325056506,-13.061259462902987
-27.440225224442447,-13.060625478854979
-27.435234123828383,-13.05999117690021
-27.430243023214324,-13.059356556914278
-27.42525192260026,-13.058721618772736
-27.4202608219862,-13.058086362351114
-27.415269721372137,-13.057450787524905
-27.410278620758078,-13.05681489416954
-27.405287520144014,-13.056178682160455
-27.400296419529955,-13.055542151372997
-27.39530531891589,-13.054905301682531
-27.39031421830183,-13.05426813296435
-27.38532311768777,-13.05363064509373
-27.38033201707371,-13.052992837945888
-27.375340916459646,-13.052354711396028
-27.370349815845586,-13.051716265319312
-27.365358715231523,-13.051077499590834
-27.360367614617463,-13.050438414085708
-27.3553765140034,-13.049799008678978
-27.35038541338934,-13.049159283245658
-27.34539431277528,-13.048519237660708
-27.340403212161217,-13.047878871799076
-27.335412111547157,-13.047238185535662
-27.330421010933094,-13.04659717874534
-27.325429910319034,-13.04595585130292
-27.32043880970497,-13.04531420308321
-27.31544770909091,-13.044672233960977
-27.310456608476848,-13.044029943810934
-27.305465507862788,-13.043387332507738
-27.300474407248725,-13.042744399926049
-27.295483306634665,-13.042101145940494
-27.290492206020602,-13.041457570425644
-27.285501105406542,-13.040813673256007
-27.28051000479248,-13.040169454306117
-27.27551890417842,-13.039524913450423
-27.270527803564356,-13.03888005056335
-27.265536702950296,-13.038234865519302
-27.260545602336233,-13.037589358192614
-27.255554501722173,-13.036943528457623
-27.250563401108113,-13.036297376188585
-27.24557230049405,-13.035650901259766
-27.24058119987999,-13.035004103545381
-27.235590099265927,-13.034356982919565
-27.230598998651868,-13.033709539256499
-27.225607898037804,-13.033061772430253
-27.220616797423745,-13.032413682314886
-27.21562569680968,-13.031765268784433
-27.21063459619562,-13.031116531712891
-27.20564349558156,-13.030467470974195
-27.2006523949675,-13.029818086442262
-27.195661294353435,-13.029168377990974
-27.190670193739376,-13.028518345494167
-27.185679093125312,-13.027867988825658
-27.180687992511253,-13.027217307859226
-27.17569689189719,-13.026566302468584
-27.17070579128313,-13.025914972527408
-27.165714690669066,-13.025263317909411
-27.160723590055007,-13.02461133848816
-27.155732489440943,-13.023959034137281
-27.150741388826884,-13.023306404730302
-27.145750288212824,-13.022653450140742
-27.14075918759876,-13.022000170242077
-27.1357680869847,-13.02134656490775
-27.130776986370638,-13.020692634011136
-27.125785885756578,-13.02003837742566
-27.120794785142515,-13.019383795024583
-27.115803684528455,-13.01872888668125
-27.11081258391439,-13.018073652268873
-27.105821483300332,-13.017418091660709
-27.10083038268627,-13.01676220472992
-27.09583928207221,-13.016105991349653
-27.090848181458146,-13.015449451393028
-27.085857080844086,-13.014792584733108
-27.080865980230023,-13.014135391242933
-27.075874879615963,-13.013477870795512
-27.0708837790019,-13.012820023263778
-27.06589267838784,-13.012161848520673
-27.060901577773777,-13.011503346439103
-27.055910477159717,-13.010844516891895
-27.050919376545657,-13.010185359751883
-27.045928275931594,-13.009525874891834
-27.040937175317534,-13.00886606218449
-27.03594607470347,-13.008205921502567
-27.03095497408941,-13.007545452718729
-27.025963873475348,-13.006884655705585
-27.02097277286129,-13.006223530335786
-27.015981672247225,-13.005562076481834
-27.010990571633165,-13.004900294016286
-27.005999471019102,-13.004238182811601
-27.001008370405042,-13.003575742740257
-26.99601726979098,-13.002912973674654
-26.99102616917692,-13.002249875487145
-26.986035068562856,-13.001586448050093
-26.981043967948796,-13.000922691235784
-26.976052867334733,-13.000258604916523
-26.971061766720673,-12.999594188964487
-26.96607066610661,-12.998929443251873
-26.96107956549255,-12.998264367650872
-26.956088464878487,-12.997598962033575
-26.951097364264427,-12.996933226272066
-26.946106263650368,-12.996267160238395
-26.941115163036304,-12.995600763804568
-26.936124062422245,-12.994934036842544
-26.93113296180818,-12.994266979224276
-26.92614186119412,-12.993599590821647
-26.92115076058006,-12.992931871506524
-26.916159659966,-12.99226382115074
-26.911168559351935,-12.991595439626053
-26.906177458737876,-12.990926726804238
-26.901186358123812,-12.990257682557008
-26.896195257509753,-12.989588306756024
-26.89120415689569,-12.988918599272942
-26.88621305628163,-12.98824855997936
-26.881221955667566,-12.987578188746825
-26.876230855053507,-12.986907485446892
-26.871239754439443,-12.986236449951045
-26.866248653825384,-12.985565082130739
-26.86125755321132,-12.984893381857413
-26.85626645259726,-12.984221349002402
-26.851275351983197,-12.98354898343709
-26.846284251369138,-12.982876285032766
-26.841293150755078,-12.982203253660723
-26.836302050141015,-12.981529889192174
-26.831310949526955,-12.98085619149832
-26.826319848912892,-12.980182160450328
-26.821328748298832,-12.979507795919327
-26.81633764768477,-12.978833097776398
-26.81134654707071,-12.978158065892591
-26.806355446456646,-12.977482700138932
-26.801364345842586,-12.976807000386374
-26.796373245228523,-12.976130966505881
-26.791382144614463,-12.975454598368332
-26.7863910440004,-12.974777895844609
-26.78139994338634,-12.97410085880555
-26.776408842772277,-12.973423487121929
-26.771417742158217,-12.972745780664509
-26.766426641544154,-12.972067739304006
-26.761435540930094,-12.971389362911111
-26.75644444031603,-12.97071065135646
-26.75145333970197,-12.97003160451067
-26.74646223908791,-12.969352222244297
-26.741471138473848,-12.96867250442789
-26.73648003785979,-12.967992450931941
-26.731488937245725,-12.967312061626908
-26.726497836631665,-12.966631336383212
-26.721506736017602,-12.965950275071268
-26.716515635403542,-12.965268877561385
-26.71152453478948,-12.964587143723914
-26.70653343417542,-12.963905073429098
-26.701542333561356,-12.96322266654719
-26.696551232947296,-12.962539922948396
-26.691560132333233,-12.961856842502879
-26.686569031719173,-12.961173425080762
-26.68157793110511,-12.960489670552153
-26.67658683049105,-12.959805578787073
-26.671595729876987,-12.959121149655578
-26.666604629262928,-12.958436383027626
-26.661613528648864,-12.957751278773173
-26.656622428034805,-12.957065836762121
-26.65163132742074,-12.956380056864345
-26.64664022680668,-12.95569393894965
-26.641649126192622,-12.955007482887872
-26.63665802557856,-12.954320688548755
-26.6316669249645,-12.953633555802009
-26.626675824350436,-12.952946084517343
-26.621684723736376,-12.952258274564372
-26.616693623122313,-12.951570125812744
-26.611702522508253,-12.950881638132016
-26.60671142189419,-12.950192811391721
-26.60172032128013,-12.949503645461371
-26.596729220666067,-12.948814140210406
-26.591738120052007,-12.948124295508281
-26.586747019437944,-12.94743411122438
-26.581755918823884,-12.946743587228037
-26.57676481820982,-12.946052723388583
-26.57177371759576,-12.945361519575293
-26.566782616981698,-12.944669975657426
-26.561791516367638,-12.94397809150415
-26.556800415753575,-12.943285866984658
-26.551809315139515,-12.942593301968083
-26.546818214525455,-12.941900396323504
-26.541827113911392,-12.941207149919988
-26.536836013297332,-12.940513562626554
-26.53184491268327,-12.939819634312173
-26.52685381206921,-12.939125364845818
-26.521862711455146,-12.938430754096379
-26.516871610841086,-12.937735801932707
-26.511880510227023,-12.937040508223667
-26.506889409612963,-12.936344872838069
-26.5018983089989,-12.93564889564462
-26.49690720838484,-12.934952576512096
-26.491916107770777,-12.934255915309151
-26.486925007156717,-12.933558911904464
-26.481933906542654,-12.932861566166617
-26.476942805928594,-12.932163877964204
-26.47195170531453,-12.931465847165768
-26.46696060470047,-12.930767473639788
-26.461969504086408,-12.930068757254745
-26.45697840347235,-12.929369697879062
-26.451987302858285,-12.928670295381133
-26.446996202244225,-12.927970549629299
-26.442005101630166,-12.927270460491902
-26.437014001016102,-12.92657002783719
-26.432022900402043,-12.925869251533435
-26.42703179978798,-12.925168131448812
-26.42204069917392,-12.924466667451515
-26.417049598559856,-12.923764859409657
-26.412058497945797,-12.92306270719134
-26.407067397331733,-12.922360210664612
-26.402076296717674,-12.921657369697513
-26.39708519610361,-12.920954184158001
-26.39209409548955,-12.92025065391404
-26.387102994875487,-12.919546778833524
-26.382111894261428,-12.918842558784352
-26.377120793647364,-12.918137993634318
-26.372129693033305,-12.91743308325124
-26.36713859241924,-12.916727827502893
-26.36214749180518,-12.916022226256962
-26.35715639119112,-12.915316279381178
-26.35216529057706,-12.914609986743152
-26.347174189963,-12.91390334821051
-26.342183089348936,-12.913196363650842
-26.337191988734876,-12.91248903293166
-26.332200888120813,-12.911781355920485
-26.327209787506753,-12.91107333248476
-26.32221868689269,-12.910364962491922
-26.31722758627863,-12.909656245809371
-26.312236485664567,-12.908947182304438
-26.307245385050507,-12.908237771844442
-26.302254284436444,-12.907528014296675
-26.297263183822384,-12.906817909528364
-26.29227208320832,-12.906107457406735
-26.28728098259426,-12.905396657798914
-26.282289881980198,-12.90468551057208
-26.277298781366138,-12.903974015593272
-26.272307680752075,-12.903262172729569
-26.267316580138015,-12.902549981848003
-26.262325479523952,-12.901837442815543
-26.257334378909892,-12.901124555499134
-26.25234327829583,-12.900411319765666
-26.24735217768177,-12.899697735482036
-26.24236107706771,-12.898983802515069
-26.237369976453646,-12.898269520731535
-26.232378875839586,-12.897554889998208
-26.227387775225523,-12.89683991018181
-26.222396674611463,-12.896124581149037
-26.2174055739974,-12.895408902766533
-26.21241447338334,-12.894692874900887
-26.207423372769277,-12.893976497418668
-26.202432272155217,-12.893259770186436
-26.197441171541154,-12.892542693070675
-26.192450070927094,-12.891825265937841
-26.18745897031303,-12.891107488654386
-26.18246786969897,-12.89038936108665
-26.177476769084908,-12.889670883101012
-26.17248566847085,-12.888952054563767
-26.167494567856785,-12.888232875341206
-26.162503467242725,-12.887513345299565
-26.157512366628662,-12.886793464305029
-26.152521266014602,-12.886073232223763
-26.147530165400543,-12.885352648921918
-26.14253906478648,-12.884631714265542
-26.13754796417242,-12.883910428120725
-26.132556863558356,-12.883188790353465
-26.127565762944297,-12.882466800829734
-26.122574662330234,-12.881744459415483
-26.117583561716174,-12.881021765976593
-26.11259246110211,-12.880298720378955
-26.10760136048805,-12.879575322488375
-26.102610259873988,-12.87885157217066
-26.097619159259928,-12.878127469291563
-26.092628058645865,-12.877403013716789
-26.087636958031805,-12.876678205312029
-26.08264585741774,-12.875953043942902
-26.077654756803682,-12.875227529475042
-26.07266365618962,-12.87450166177401
-26.06767255557556,-12.87377544070531
-26.062681454961496,-12.873048866134472
-26.057690354347436,-12.87232193792693
-26.052699253733373,-12.871594655948103
-26.047708153119313,-12.870867020063393
-26.042717052505253,-12.870139030138118
-26.03772595189119,-12.86941068603759
-26.03273485127713,-12.868681987627085
-26.027743750663067,-12.867952934771827
-26.022752650049007,-12.86722352733702
-26.017761549434944,-12.866493765187831
-26.012770448820884,-12.86576364818934
-26.00777934820682,-12.865033176206685
-26.00278824759276,-12.864302349104877
-25.997797146978698,-12.863571166748928
-25.992806046364638,-12.862839629003814
-25.987814945750575,-12.862107735734472
-25.982823845136515,-12.86137548680579
-25.977832744522452,-12.860642882082633
-25.972841643908392,-12.859909921429834
-25.96785054329433,-12.859176604712156
-25.96285944268027,-12.858442931794375
-25.957868342066206,-12.857708902541159
-25.952877241452146,-12.856974516817225
-25.947886140838087,-12.85623977448718
-25.942895040224023,-12.85550467541564
-25.937903939609964,-12.854769219467157
-25.9329128389959,-12.85403340650626
-25.92792173838184,-12.853297236397436
-25.922930637767777,-12.85256070900511
-25.917939537153718,-12.851823824193733
-25.912948436539654,-12.851086581827662
-25.907957335925595,-12.85034898177124
-25.90296623531153,-12.849611023888736
-25.89797513469747,-12.848872708044459
-25.89298403408341,-12.848134034102603
-25.88799293346935,-12.847395001927374
-25.883001832855285,-12.846655611382925
-25.878010732241226,-12.845915862333356
-25.873019631627162,-12.845175754642737
-25.868028531013103,-12.844435288175111
-25.86303743039904,-12.843694462794502
-25.85804632978498,-12.842953278364845
-25.853055229170916,-12.842211734750089
-25.848064128556857,-12.84146983181411
-25.843073027942797,-12.840727569420768
-25.838081927328734,-12.839984947433875
-25.833090826714674,-12.839241965717203
-25.82809972610061,-12.838498624134507
-25.82310862548655,-12.837754922549472
-25.818117524872488,-12.837010860825782
-25.813126424258428,-12.836266438827037
-25.808135323644365,-12.835521656416855
-25.803144223030305,-12.834776513458786
-25.79815312241624,-12.834031009816343
-25.793162021802182,-12.833285145352983
-25.78817092118812,-12.832538919932194
-25.78317982057406,-12.831792333417331
-25.778188719959996,-12.83104538567179
-25.773197619345936,-12.830298076558892
-25.768206518731873,-12.82955040594194
-25.763215418117813,-12.82880237368417
-25.75822431750375,-12.828053979648809
-25.75323321688969,-12.827305223699026
-25.74824211627563,-12.826556105697987
-25.743251015661567,-12.825806625508767
-25.738259915047507,-12.825056782994471
-25.733268814433444,-12.824306578018088
-25.728277713819384,-12.823556010442651
-25.72328661320532,-12.822805080131078
-25.71829551259126,-12.822053786946308
-25.713304411977198,-12.821302130751226
-25.70831331136314,-12.820550111408668
-25.703322210749075,-12.819797728781428
-25.698331110135015,-12.819044982732308
-25.693340009520952,-12.818291873124013
-25.688348908906892,-12.817538399819218
-25.68335780829283,-12.816784562680635
-25.67836670767877,-12.81603036157083
-25.673375607064706,-12.81527579635242
-25.668384506450646,-12.814520866887934
-25.663393405836583,-12.813765573039879
-25.658402305222523,-12.81300991467072
-25.65341120460846,-12.81225389164289
-25.6484201039944,-12.811497503818805
-25.64342900338034,-12.810740751060793
-25.638437902766277,-12.809983633231191
-25.633446802152218,-12.809226150192266
-25.628455701538154,-12.8084683018063
-25.623464600924095,-12.80771008793546
-25.61847350031003,-12.80695150844193
-25.61348239969597,-12.806192563187833
-25.60849129908191,-12.80543325203529
-25.60350019846785,-12.80467357484633
-25.598509097853785,-12.803913531482992
-25.593517997239726,-12.803153121807258
-25.588526896625662,-12.802392345681062
-25.583535796011603,-12.801631202966337
-25.57854469539754,-12.800869693524913
-25.57355359478348,-12.800107817218661
-25.568562494169417,-12.799345573909353
-25.563571393555357,-12.79858296345875
-25.558580292941294,-12.797819985728585
-25.553589192327234,-12.797056640580537
-25.54859809171317,-12.796292927876253
-25.54360699109911,-12.795528847477346
-25.53861589048505,-12.794764399245366
-25.533624789870988,-12.793999583041867
-25.528633689256928,-12.793234398728348
-25.523642588642865,-12.79246884616624
-25.518651488028805,-12.791702925216995
-25.513660387414742,-12.790936635741977
-25.508669286800682,-12.790169977602542
-25.50367818618662,-12.789402950659994
-25.49868708557256,-12.788635554775617
-25.493695984958496,-12.787867789810639
-25.488704884344436,-12.787099655626234
-25.483713783730373,-12.786331152083584
-25.478722683116313,-12.785562279043802
-25.47373158250225,-12.784793036368
-25.46874048188819,-12.784023423917176
-25.463749381274127,-12.783253441552379
-25.458758280660067,-12.782483089134555
-25.453767180046004,-12.781712366524653
-25.448776079431944,-12.780941273583574
-25.443784978817884,-12.780169810172154
-25.43879387820382,-12.779397976151227
-25.43380277758976,-12.778625771381588
-25.428811676975698,-12.777853195723981
-25.42382057636164,-12.777080249039086
-25.418829475747575,-12.776306931187621
-25.413838375133516,-12.775533242030177
-25.408847274519452,-12.77475918142739
-25.403856173905393,-12.773984749239789
-25.39886507329133,-12.773209945327906
-25.39387397267727,-12.772434769552232
-25.388882872063206,-12.771659221773186
-25.383891771449147,-12.770883301851228
-25.378900670835083,-12.770107009646681
-25.373909570221024,-12.7693303450199
-25.36891846960696,-12.768553307831192
-25.3639273689929,-12.767775897940789
-25.358936268378837,-12.766998115208924
-25.353945167764778,-12.766219959495812
-25.348954067150714,-12.765441430661562
-25.343962966536655,-12.764662528566282
-25.338971865922595,-12.763883253070057
-25.33398076530853,-12.763103604032922
-25.328989664694472,-12.76232358131488
-25.32399856408041,-12.761543184775862
-25.31900746346635,-12.760762414275815
-25.314016362852286,-12.759981269674615
-25.309025262238226,-12.759199750832119
-25.304034161624163,-12.758417857608112
-25.299043061010103,-12.757635589862389
-25.29405196039604,-12.756852947454686
-25.28906085978198,-12.756069930244664
-25.284069759167917,-12.755286538092015
-25.279078658553857,-12.754502770856355
-25.274087557939794,-12.753718628397255
-25.269096457325734,-12.752934110574282
-25.26410535671167,-12.752149217246926
-25.25911425609761,-12.751363948274657
-25.254123155483548,-12.750578303516926
-25.249132054869488,-12.749792282833106
-25.24414095425543,-12.749005886082577
-25.239149853641365,-12.74821911312465
-25.234158753027305,-12.747431963818602
-25.229167652413242,-12.746644438023704
-25.224176551799182,-12.745856535599124
-25.21918545118512,-12.745068256404057
-25.21419435057106,-12.744279600297634
-25.209203249956996,-12.743490567138966
-25.204212149342936,-12.742701156787067
-25.199221048728873,-12.741911369101011
-25.194229948114813,-12.74112120393974
-25.18923884750075,-12.740330661162224
-25.18424774688669,-12.739539740627356
-25.179256646272627,-12.738748442194016
-25.174265545658567,-12.737956765721027
-25.169274445044504,-12.737164711067193
-25.164283344430444,-12.736372278091254
-25.15929224381638,-12.735579466651961
-25.15430114320232,-12.734786276607958
-25.149310042588258,-12.733992707817919
-25.1443189419742,-12.73319876014044
-25.13932784136014,-12.732404433434095
-25.134336740746075,-12.731609727557412
-25.129345640132016,-12.730814642368884
-25.124354539517952,-12.730019177726977
-25.119363438903893,-12.729223333490088
-25.11437233828983,-12.728427109516629
-25.10938123767577,-12.727630505664939
-25.104390137061706,-12.726833521793283
-25.099399036447647,-12.72603615775997
-25.094407935833583,-12.725238413423243
-25.089416835219524,-12.724440288641256
-25.08442573460546,-12.723641783272175
-25.0794346339914,-12.722842897174154
-25.074443533377337,-12.722043630205237
-25.069452432763278,-12.721243982223466
-25.064461332149214,-12.72044395308686
-25.059470231535155,-12.719643542653403
-25.05447913092109,-12.718842750780988
-25.04948803030703,-12.718041577327545
-25.044496929692972,-12.717240022150895
-25.03950582907891,-12.716438085108878
-25.03451472846485,-12.715635766059265
-25.029523627850786,-12.714833064859794
-25.024532527236726,-12.714029981368189
-25.019541426622663,-12.71322651544212
-25.014550326008603,-12.712422666939181
-25.00955922539454,-12.711618435716986
-25.00456812478048,-12.710813821633103
-24.999577024166417,-12.710008824545014
-24.994585923552357,-12.709203444310221
-24.989594822938294,-12.708397680786172
-24.984603722324234,-12.70759153383026
-24.97961262171017,-12.706785003299851
-24.97462152109611,-12.70597808905227
-24.969630420482048,-12.70517079094481
-24.964639319867988,-12.704363108834745
-24.959648219253925,-12.703555042579254
-24.954657118639865,-12.702746592035547
-24.949666018025802,-12.701937757060751
-24.944674917411742,-12.70112853751196
-24.939683816797682,-12.700318933246253
-24.93469271618362,-12.699508944120675
-24.92970161556956,-12.698698569992168
-24.924710514955496,-12.697887810717717
-24.919719414341436,-12.697076666154231
-24.914728313727373,-12.696265136158589
-24.909737213113313,-12.695453220587625
-24.90474611249925,-12.694640919298141
-24.89975501188519,-12.693828232146906
-24.894763911271127,-12.693015158990638
-24.889772810657067,-12.692201699686043
-24.884781710043004,-12.691387854089745
-24.879790609428944,-12.690573622058384
-24.87479950881488,-12.689759003448533
-24.86980840820082,-12.688943998116713
-24.86481730758676,-12.688128605919442
-24.8598262069727,-12.687312826713162
-24.854835106358635,-12.686496660354319
-24.849844005744576,-12.685680106699303
-24.844852905130516,-12.684863165604442
-24.839861804516453,-12.68404583692606
-24.834870703902393,-12.683228120520447
-24.82987960328833,-12.682410016243798
-24.82488850267427,-12.681591523952367
-24.819897402060207,-12.680772643502266
-24.814906301446147,-12.679953374749648
-24.809915200832084,-12.679133717550599
-24.804924100218024,-12.678313671761169
-24.79993299960396,-12.67749323723734
-24.7949418989899,-12.676672413835119
-24.789950798375838,-12.675851201410437
-24.784959697761778,-12.675029599819167
-24.779968597147715,-12.674207608917186
-24.774977496533655,-12.673385228560344
-24.76998639591959,-12.672562458604379
-24.764995295305532,-12.671739298905065
-24.76000419469147,-12.670915749318098
-24.75501309407741,-12.670091809699164
-24.750021993463346,-12.6692674799039
-24.745030892849286,-12.668442759787876
-24.740039792235226,-12.667617649206681
-24.735048691621163,-12.66679214801583
-24.730057591007103,-12.665966256070794
-24.72506649039304,-12.665139973227015
-24.72007538977898,-12.664313299339916
-24.715084289164917,-12.663486234264878
-24.710093188550857,-12.662658777857203
-24.705102087936794,-12.661830929972222
-24.700110987322734,-12.66100269046516
-24.69511988670867,-12.660174059191256
-24.69012878609461,-12.659345036005687
-24.685137685480548,-12.658515620763577
-24.68014658486649,-12.657685813320088
-24.675155484252425,-12.656855613530224
-24.670164383638365,-12.65602502124906
-24.665173283024302,-12.655194036331572
-24.660182182410242,-12.654362658632735
-24.65519108179618,-12.653530888007445
-24.65019998118212,-12.652698724310584
-24.64520888056806,-12.651866167397012
-24.640217779953996,-12.651033217121507
-24.635226679339937,-12.650199873338865
-24.630235578725873,-12.649366135903817
-24.625244478111814,-12.64853200467103
-24.62025337749775,-12.647697479495164
-24.61526227688369,-12.64686256023085
-24.610271176269627,-12.646027246732674
-24.605280075655568,-12.645191538855133
-24.600288975041504,-12.644355436452784
-24.595297874427445,-12.643518939380066
-24.59030677381338,-12.642682047491421
-24.58531567319932,-12.641844760641211
-24.58032457258526,-12.641007078683824
-24.5753334719712,-12.640169001473547
-24.570342371357135,-12.63933052886468
-24.565351270743076,-12.638491660711457
-24.560360170129012,-12.637652396868058
-24.555369069514953,-12.636812737188677
-24.55037796890089,-12.635972681527438
-24.54538686828683,-12.63513222973841
-24.54039576767277,-12.634291381675649
-24.535404667058707,-12.633450137193195
-24.530413566444647,-12.632608496144979
-24.525422465830584,-12.631766458384973
-24.520431365216524,-12.630924023767076
-24.51544026460246,-12.630081192145147
-24.5104491639884,-12.629237963372987
-24.505458063374338,-12.628394337304423
-24.500466962760278,-12.62755031379317
-24.495475862146215,-12.626705892692959
-24.490484761532155,-12.62586107385746
-24.48549366091809,-12.625015857140308
-24.480502560304032,-12.624170242395104
-24.47551145968997,-12.623324229475415
-24.47052035907591,-12.622477818234755
-24.465529258461846,-12.6216310085266
-24.460538157847786,-12.620783800204418
-24.455547057233723,-12.619936193121603
-24.450555956619663,-12.619088187131535
-24.445564856005603,-12.618239782087564
-24.44057375539154,-12.61739097784296
-24.43558265477748,-12.616541774250994
-24.430591554163417,-12.61569217116488
-24.425600453549357,-12.614842168437818
-24.420609352935294,-12.613991765922941
-24.415618252321234,-12.613140963473358
-24.41062715170717,-12.612289760942147
-24.40563605109311,-12.611438158182342
-24.400644950479048,-12.610586155046908
-24.39565384986499,-12.60973375138885
-24.390662749250925,-12.608880947061067
-24.385671648636865,-12.608027741916414
-24.380680548022802,-12.607174135807785
-24.375689447408742,-12.606320128587944
-24.37069834679468,-12.605465720109686
-24.36570724618062,-12.60461091022572
-24.360716145566556,-12.603755698788758
-24.355725044952496,-12.602900085651454
-24.350733944338433,-12.602044070666409
-24.345742843724373,-12.601187653686225
-24.340751743110314,-12.600330834563438
-24.33576064249625,-12.599473613150538
-24.33076954188219,-12.598615989300002
-24.325778441268127,-12.59775796286426
-24.320787340654068,-12.596899533695714
-24.315796240040005,-12.5960407016467
-24.310805139425945,-12.595181466569533
-24.30581403881188,-12.59432182831651
-24.300822938197822,-12.593461786739839
-24.29583183758376,-12.592601341691756
-24.2908407369697,-12.59174049302442
-24.285849636355636,-12.590879240589947
-24.280858535741576,-12.590017584240423
-24.275867435127513,-12.589155523827909
-24.270876334513453,-12.588293059204423
-24.26588523389939,-12.58743019022193
-24.26089413328533,-12.586566916732377
-24.255903032671267,-12.585703238587662
-24.250911932057207,-12.584839155639651
-24.245920831443144,-12.583974667740144
-24.240929730829084,-12.583109774740969
-24.235938630215024,-12.58224447649386
-24.23094752960096,-12.581378772850515
-24.2259564289869,-12.58051266366261
-24.220965328372838,-12.57964614878181
-24.215974227758778,-12.578779228059688
-24.210983127144715,-12.577911901347806
-24.205992026530655,-12.577044168497693
-24.201000925916592,-12.576176029360834
-24.196009825302532,-12.57530748378867
-24.19101872468847,-12.574438531632621
-24.18602762407441,-12.57356917274406
-24.181036523460346,-12.572699406974314
-24.176045422846286,-12.571829234174674
-24.171054322232223,-12.57095865419641
-24.166063221618163,-12.570087666890748
-24.1610721210041,-12.569216272108859
-24.15608102039004,-12.568344469701884
-24.151089919775977,-12.567472259520946
-24.146098819161917,-12.566599641417111
-24.141107718547858,-12.565726615241411
-24.136116617933794,-12.56485318084484
-24.131125517319735,-12.56397933807835
-24.12613441670567,-12.563105086792874
-24.12114331609161,-12.562230426839266
-24.11615221547755,-12.561355358068399
-24.11116111486349,-12.560479880331057
-24.106170014249425,-12.55960399347803
-24.101178913635366,-12.558727697360036
-24.096187813021302,-12.557850991827765
-24.091196712407243,-12.556973876731863
-24.08620561179318,-12.556096351922964
-24.08121451117912,-12.55521841725165
-24.076223410565056,-12.55434007256845
-24.071232309950997,-12.553461317723881
-24.066241209336933,-12.552582152568391
-24.061250108722874,-12.55170257695243
-24.05625900810881,-12.550822590726359
-24.05126790749475,-12.549942193740549
-24.046276806880687,-12.549061385845336
-24.041285706266628,-12.548180166890948
-24.036294605652568,-12.54729853672766
-24.031303505038505,-12.546416495205682
-24.026312404424445,-12.54553404217515
-24.02132130381038,-12.544651177486188
-24.016330203196322,-12.54376790098892
-24.01133910258226,-12.542884212533357
-24.0063480019682,-12.542000111969527
-24.001356901354136,-12.54111559914744
-23.996365800740076,-12.540230673916966
-23.991374700126013,-12.539345336128045
-23.986383599511953,-12.53845958563054
-23.98139249889789,-12.537573422274278
-23.97640139828383,-12.536686845909026
-23.971410297669767,-12.535799856384534
-23.966419197055707,-12.534912453550529
-23.961428096441644,-12.534024637256678
-23.956436995827584,-12.533136407352616
-23.95144589521352,-12.532247763687932
-23.94645479459946,-12.531358706112185
-23.9414636939854,-12.53046923447492
-23.936472593371338,-12.5295793486256
-23.93148149275728,-12.52868904841368
-23.926490392143215,-12.52779833368856
-23.921499291529155,-12.52690720429963
-23.916508190915092,-12.52601566009619
-23.911517090301032,-12.525123700927569
-23.90652598968697,-12.524231326643005
-23.90153488907291,-12.523338537091728
-23.896543788458846,-12.522445332122912
-23.891552687844786,-12.521551711585703
-23.886561587230723,-12.520657675329215
-23.881570486616663,-12.51976322320251
-23.8765793860026,-12.518868355054613
-23.87158828538854,-12.51797307073453
-23.866597184774477,-12.517077370091206
-23.861606084160417,-12.51618125297358
-23.856614983546354,-12.515284719230513
-23.851623882932294,-12.514387768710833
-23.84663278231823,-12.51349040126337
-23.84164168170417,-12.51259261673688
-23.83665058109011,-12.511694414980107
-23.83165948047605,-12.510795795841707
-23.82666837986199,-12.509896759170372
-23.821677279247925,-12.508997304814699
-23.816686178633866,-12.508097432623256
-23.811695078019802,-12.507197142444612
-23.806703977405743,-12.506296434127242
-23.80171287679168,-12.505395307519615
-23.79672177617762,-12.504493762470167
-23.791730675563556,-12.503591798827287
-23.786739574949497,-12.502689416439326
-23.781748474335433,-12.501786615154593
-23.776757373721374,-12.500883394821365
-23.77176627310731,-12.49997975528787
-23.76677517249325,-12.499075696402324
-23.761784071879188,-12.498171218012882
-23.756792971265128,-12.497266319967677
-23.751801870651065,-12.49636100211478
-23.746810770037005,-12.495455264302246
-23.741819669422945,-12.494549106378093
-23.736828568808882,-12.493642528190303
-23.731837468194822,-12.492735529586787
-23.72684636758076,-12.491828110415454
-23.7218552669667,-12.49092027052416
-23.716864166352636,-12.490012009760756
-23.711873065738576,-12.489103327972991
-23.706881965124513,-12.488194225008625
-23.701890864510453,-12.487284700715371
-23.69689976389639,-12.486374754940874
-23.69190866328233,-12.485464387532822
-23.686917562668267,-12.484553598338762
-23.681926462054207,-12.483642387206277
-23.676935361440144,-12.482730753982882
-23.671944260826084,-12.481818698516053
-23.66695316021202,-12.480906220653235
-23.66196205959796,-12.479993320241853
-23.656970958983898,-12.479079997129247
-23.651979858369838,-12.478166251162774
-23.646988757755775,-12.477252082189723
-23.641997657141715,-12.47633749005733
-23.637006556527655,-12.475422474612836
-23.632015455913592,-12.474507035703422
-23.627024355299532,-12.473591173176217
-23.62203325468547,-12.472674886878325
-23.61704215407141,-12.471758176656836
-23.612051053457346,-12.470841042358757
-23.607059952843287,-12.46992348383108
-23.602068852229223,-12.46900550092077
-23.597077751615164,-12.468087093474741
-23.5920866510011,-12.467168261339864
-23.58709555038704,-12.466249004362993
-23.582104449772977,-12.465329322390918
-23.577113349158918,-12.46440921527041
-23.572122248544854,-12.463488682848197
-23.567131147930795,-12.462567724970961
-23.56214004731673,-12.461646341485357
-23.55714894670267,-12.460724532238014
-23.55215784608861,-12.459802297075491
-23.54716674547455,-12.458879635844331
-23.54217564486049,-12.457956548391044
-23.537184544246426,-12.457033034562075
-23.532193443632366,-12.456109094203864
-23.527202343018303,-12.455184727162798
-23.522211242404243,-12.454259933285218
-23.51722014179018,-12.45333471241744
-23.51222904117612,-12.452409064405748
-23.507237940562057,-12.451482989096363
-23.502246839947997,-12.450556486335488
-23.497255739333934,-12.449629555969288
-23.492264638719874,-12.44870219784389
-23.48727353810581,-12.447774411805378
-23.48228243749175,-12.446846197699788
-23.477291336877688,-12.445917555373144
-23.472300236263628,-12.444988484671404
-23.467309135649565,-12.444058985440527
-23.462318035035505,-12.44312905752639
-23.45732693442144,-12.442198700774851
-23.452335833807382,-12.441267915031736
-23.44734473319332,-12.440336700142833
-23.44235363257926,-12.439405055953888
-23.4373625319652,-12.438472982310603
-23.432371431351136,-12.437540479058654
-23.427380330737076,-12.436607546043666
-23.422389230123013,-12.435674183111233
-23.417398129508953,-12.43474039010693
-23.41240702889489,-12.433806166876245
-23.40741592828083,-12.432871513264688
-23.402424827666767,-12.431936429117693
-23.397433727052707,-12.431000914280675
-23.392442626438644,-12.430064968598979
-23.387451525824584,-12.429128591917967
-23.38246042521052,-12.4281917840829
-23.37746932459646,-12.427254544939048
-23.372478223982398,-12.426316874331642
-23.36748712336834,-12.425378772105839
-23.362496022754275,-12.424440238106788
-23.357504922140215,-12.4235012721796
-23.352513821526152,-12.422561874169334
-23.347522720912092,-12.42162204392102
-23.342531620298033,-12.420681781279647
-23.33754051968397,-12.419741086090172
-23.33254941906991,-12.418799958197521
-23.327558318455846,-12.417858397446539
-23.322567217841787,-12.416916403682105
-23.317576117227723,-12.415973976749008
-23.312585016613664,-12.415031116492003
-23.3075939159996,-12.414087822755818
-23.30260281538554,-12.413144095385151
-23.297611714771477,-12.412199934224649
-23.292620614157418,-12.411255339118913
-23.287629513543354,-12.41031030991254
-23.282638412929295,-12.409364846450062
-23.27764731231523,-12.408418948575976
-23.27265621170117,-12.407472616134747
-23.26766511108711,-12.406525848970785
-23.26267401047305,-12.405578646928495
-23.257682909858985,-12.404631009852222
-23.252691809244926,-12.403682937586272
-23.247700708630862,-12.402734429974943
-23.242709608016803,-12.401785486862448
-23.237718507402743,-12.400836108092983
-23.23272740678868,-12.399886293510717
-23.22773630617462,-12.39893604295977
-23.222745205560557,-12.397985356284241
-23.217754104946497,-12.397034233328142
-23.212763004332434,-12.396082673935537
-23.207771903718374,-12.395130677950355
-23.20278080310431,-12.394178245216539
-23.19778970249025,-12.393225375577996
-23.192798601876188,-12.392272068878578
-23.187807501262128,-12.391318324962109
-23.182816400648065,-12.39036414367238
-23.177825300034005,-12.38940952485312
-23.172834199419942,-12.388454468348039
-23.167843098805882,-12.387498974000808
-23.16285199819182,-12.386543041655095
-23.15786089757776,-12.385586671154439
-23.152869796963696,-12.384629862342447
-23.147878696349636,-12.383672615062595
-23.142887595735573,-12.382714929158395
-23.137896495121513,-12.381756804473271
-23.132905394507453,-12.380798240850662
-23.12791429389339,-12.379839238133897
-23.12292319327933,-12.378879796166347
-23.117932092665267,-12.37791991479126
-23.112940992051207,-12.376959593851925
-23.107949891437144,-12.375998833191552
-23.102958790823084,-12.375037632653314
-23.09796769020902,-12.374075992080362
-23.09297658959496,-12.373113911315793
-23.087985488980898,-12.372151390202687
-23.08299438836684,-12.371188428584064
-23.078003287752775,-12.370225026302911
-23.073012187138715,-12.369261183202193
-23.068021086524652,-12.368296899124818
-23.063029985910593,-12.36733217391367
-23.05803888529653,-12.366367007411588
-23.05304778468247,-12.36540139946137
-23.048056684068406,-12.36443534990579
-23.043065583454347,-12.363468858587582
-23.038074482840287,-12.362501925349402
-23.033083382226224,-12.361534550033946
-23.028092281612164,-12.360566732483806
-23.0231011809981,-12.359598472541565
-23.01811008038404,-12.358629770049758
-23.013118979769978,-12.357660624850888
-23.008127879155918,-12.356691036787423
-23.003136778541855,-12.355721005701785
-22.998145677927795,-12.354750531436359
-22.99315457731373,-12.35377961383349
-22.988163476699672,-12.352808252735517
-22.98317237608561,-12.351836447984706
-22.97818127547155,-12.350864199423276
-22.973190174857486,-12.349891506893451
-22.968199074243426,-12.348918370237373
-22.963207973629363,-12.347944789297179
-22.958216873015303,-12.346970763914953
-22.95322577240124,-12.345996293932751
-22.94823467178718,-12.345021379192572
-22.943243571173117,-12.344046019536398
-22.938252470559057,-12.343070214806163
-22.933261369944997,-12.342093964843768
-22.928270269330934,-12.341117269491077
-22.923279168716874,-12.340140128589914
-22.91828806810281,-12.339162541982047
-22.91329696748875,-12.33818450950925
-22.908305866874688,-12.337206031013219
-22.90331476626063,-12.336227106335626
-22.898323665646565,-12.335247735318108
-22.893332565032505,-12.334267917802261
-22.888341464418442,-12.333287653629654
-22.883350363804382,-12.332306942641788
-22.87835926319032,-12.331325784680178
-22.87336816257626,-12.330344179586254
-22.868377061962196,-12.329362127201419
-22.863385961348136,-12.328379627367047
-22.858394860734073,-12.327396679924467
-22.853403760120013,-12.326413284714999
-22.84841265950595,-12.325429441579876
-22.84342155889189,-12.324445150360342
-22.83843045827783,-12.323460410897553
-22.833439357663767,-12.32247522303268
-22.828448257049708,-12.32148958660681
-22.823457156435644,-12.320503501461022
-22.818466055821585,-12.319516967436357
-22.81347495520752,-12.318529984373795
-22.80848385459346,-12.317542552114299
-22.8034927539794,-12.316554670498801
-22.79850165336534,-12.315566339368162
-22.793510552751275,-12.314577558563236
-22.788519452137216,-12.313588327924831
-22.783528351523152,-12.312598647293713
-22.778537250909093,-12.311608516510626
-22.77354615029503,-12.310617935416227
-22.76855504968097,-12.309626903851216
-22.763563949066906,-12.308635421656202
-22.758572848452847,-12.307643488671738
-22.753581747838783,-12.306651104738407
-22.748590647224724,-12.305658269696684
-22.74359954661066,-12.304664983387042
-22.7386084459966,-12.303671245649912
-22.73361734538254,-12.302677056325702
-22.728626244768478,-12.301682415254751
-22.723635144154418,-12.300687322277382
-22.718644043540355,-12.299691777233882
-22.713652942926295,-12.298695779964463
-22.70866184231223,-12.297699330309381
-22.703670741698172,-12.296702428108757
-22.69867964108411,-12.295705073202743
-22.69368854047005,-12.294707265431422
-22.688697439855986,-12.293709004634856
-22.683706339241926,-12.292710290653044
-22.678715238627863,-12.29171112332599
-22.673724138013803,-12.290711502493629
-22.66873303739974,-12.289711427995849
-22.66374193678568,-12.288710899672513
-22.658750836171617,-12.287709917363477
-22.653759735557557,-12.286708480908516
-22.648768634943494,-12.285706590147374
-22.643777534329434,-12.2847042449198
-22.638786433715374,-12.283701445065425
-22.63379533310131,-12.282698190423915
-22.62880423248725,-12.281694480834888
-22.623813131873188,-12.28069031613787
-22.61882203125913,-12.279685696172418
-22.613830930645065,-12.27868062077802
-22.608839830031005,-12.277675089794123
-22.603848729416942,-12.276669103060126
-22.598857628802882,-12.275662660415442
-22.59386652818882,-12.274655761699382
-22.58887542757476,-12.273648406751258
-22.583884326960696,-12.272640595410326
-22.578893226346636,-12.271632327515837
-22.573902125732573,-12.270623602906939
-22.568911025118513,-12.269614421422826
-22.56391992450445,-12.268604782902583
-22.55892882389039,-12.267594687185307
-22.553937723276327,-12.266584134110031
-22.548946622662267,-12.26557312351576
-22.543955522048204,-12.264561655241428
-22.538964421434144,-12.263549729125977
-22.533973320820085,-12.262537345008326
-22.52898222020602,-12.261524502727292
-22.52399111959196,-12.260511202121705
-22.5190000189779,-12.259497443030332
-22.51400891836384,-12.258483225291915
-22.509017817749776,-12.25746854874516
-22.504026717135716,-12.256453413228721
-22.499035616521653,-12.255437818581228
-22.494044515907593,-12.254421764641256
-22.48905341529353,-12.253405251247376
-22.48406231467947,-12.252388278238103
-22.479071214065407,-12.251370845451884
-22.474080113451347,-12.250352952727185
-22.469089012837284,-12.249334599902399
-22.464097912223224,-12.248315786815883
-22.45910681160916,-12.247296513305969
-22.4541157109951,-12.246276779210934
-22.449124610381038,-12.245256584369045
-22.444133509766978,-12.244235928618501
-22.439142409152918,-12.243214811797488
-22.434151308538855,-12.24219323374413
-22.429160207924795,-12.241171194296532
-22.424169107310732,-12.240148693292761
-22.419178006696672,-12.239125730570844
-22.41418690608261,-12.238102305968763
-22.40919580546855,-12.237078419324456
-22.404204704854486,-12.236054070475852
-22.399213604240426,-12.235029259260836
-22.394222503626363,-12.234003985517225
-22.389231403012303,-12.232978249082814
-22.38424030239824,-12.231952049795378
-22.37924920178418,-12.23092538749264
-22.374258101170117,-12.229898262012298
-22.369267000556057,-12.228870673191985
-22.364275899941994,-12.227842620869303
-22.359284799327934,-12.22681410488186
-22.35429369871387,-12.225785125067167
-22.34930259809981,-12.224755681262732
-22.344311497485748,-12.223725773306013
-22.33932039687169,-12.22269540103445
-22.33432929625763,-12.22166456428541
-22.329338195643565,-12.220633262896257
-22.324347095029506,-12.219601496704296
-22.319355994415442,-12.21856926554679
-22.314364893801383,-12.217536569260997
-22.30937379318732,-12.216503407684119
-22.30438269257326,-12.215469780653281
-22.299391591959196,-12.214435688005649
-22.294400491345137,-12.213401129578305
-22.289409390731073,-12.212366105208275
-22.284418290117014,-12.211330614732583
-22.27942718950295,-12.21029465798821
-22.27443608888889,-12.209258234812081
-22.269444988274827,-12.208221345041105
-22.264453887660768,-12.207183988512144
-22.259462787046704,-12.206146165062027
-22.254471686432645,-12.205107874527524
-22.24948058581858,-12.204069116745401
-22.24448948520452,-12.203029891552356
-22.239498384590462,-12.201990198785081
-22.2345072839764,-12.200950038280194
-22.22951618336234,-12.199909409874309
-22.224525082748276,-12.198868313403995
-22.219533982134216,-12.19782674870576
-22.214542881520153,-12.196784715616094
-22.209551780906093,-12.195742213971466
-22.20456068029203,-12.194699243608236
-22.19956957967797,-12.193655804362844
-22.194578479063907,-12.192611896071597
-22.189587378449847,-12.191567518570793
-22.184596277835784,-12.190522671696709
-22.179605177221724,-12.18947735528556
-22.17461407660766,-12.188431569173519
-22.1696229759936,-12.187385313196756
-22.164631875379538,-12.186338587191397
-22.159640774765478,-12.18529139099348
-22.154649674151415,-12.184243724439066
-22.149658573537355,-12.183195587364157
-22.14466747292329,-12.182146979604717
-22.139676372309232,-12.181097900996658
-22.134685271695172,-12.180048351375877
-22.12969417108111,-12.178998330578231
-22.12470307046705,-12.17794783843952
-22.119711969852986,-12.176896874795519
-22.114720869238926,-12.175845439481995
-22.109729768624863,-12.174793532334611
-22.104738668010803,-12.173741153189056
-22.09974756739674,-12.17268830188094
-22.09475646678268,-12.171634978245873
-22.089765366168617,-12.170581182119385
-22.084774265554557,-12.169526913337005
-22.079783164940494,-12.168472171734184
-22.074792064326434,-12.1674169571464
-22.06980096371237,-12.166361269409025
-22.06480986309831,-12.165305108357437
-22.059818762484248,-12.164248473826955
-22.05482766187019,-12.163191365652882
-22.049836561256125,-12.162133783670457
-22.044845460642065,-12.161075727714907
-22.039854360028006,-12.16001719762138
-22.034863259413942,-12.158958193225054
-22.029872158799883,-12.157898714361014
-22.02488105818582,-12.156838760864316
-22.01988995757176,-12.155778332570014
-22.014898856957696,-12.154717429313074
-22.009907756343637,-12.153656050928458
-22.004916655729573,-12.152594197251073
-21.999925555115514,-12.151531868115814
-21.99493445450145,-12.150469063357516
-21.98994335388739,-12.14940578281097
-21.984952253273327,-12.148342026310964
-21.979961152659268,-12.147277793692211
-21.974970052045204,-12.146213084789403
-21.969978951431145,-12.145147899437204
-21.96498785081708,-12.144082237470217
-21.95999675020302,-12.143016098723042
-21.95500564958896,-12.141949483030189
-21.9500145489749,-12.140882390226189
-21.945023448360836,-12.139814820145508
-21.940032347746776,-12.138746772622568
-21.935041247132716,-12.137678247491753
-21.930050146518653,-12.136609244587442
-21.925059045904593,-12.135539763743942
-21.92006794529053,-12.134469804795513
-21.91507684467647,-12.133399367576438
-21.910085744062407,-12.132328451920879
-21.905094643448347,-12.131257057663044
-21.900103542834284,-12.13018518463704
-21.895112442220224,-12.129112832676972
-21.89012134160616,-12.128040001616883
-21.8851302409921,-12.126966691290818
-21.880139140378038,-12.125892901532731
-21.875148039763978,-12.124818632176586
-21.870156939149915,-12.123743883056264
-21.865165838535855,-12.122668654005682
-21.860174737921792,-12.121592944858627
-21.855183637307732,-12.12051675544892
-21.85019253669367,-12.1194400856103
-21.84520143607961,-12.118362935176513
-21.840210335465546,-12.11728530398122
-21.835219234851486,-12.116207191858077
-21.830228134237426,-12.11512859864069
-21.825237033623363,-12.114049524162626
-21.820245933009303,-12.112969968257433
-21.81525483239524,-12.111889930758593
-21.81026373178118,-12.110809411499567
-21.805272631167117,-12.109728410313803
-21.800281530553058,-12.10864692703465
-21.795290429938994,-12.107564961495484
-21.790299329324935,-12.10648251352959
-21.78530822871087,-12.105399582970254
-21.78031712809681,-12.10431616965073
-21.77532602748275,-12.103232273404181
-21.77033492686869,-12.102147894063778
-21.765343826254625,-12.101063031462683
-21.760352725640566,-12.099977685433943
-21.755361625026502,-12.098891855810605
-21.750370524412443,-12.097805542425712
-21.74537942379838,-12.09671874511221
-21.74038832318432,-12.095631463703056
-21.73539722257026,-12.094543698031133
-21.730406121956197,-12.093455447929315
-21.725415021342137,-12.09236671323044
-21.720423920728074,-12.091277493767278
-21.715432820114014,-12.090187789372587
-21.71044171949995,-12.089097599879077
-21.70545061888589,-12.088006925119442
-21.700459518271828,-12.086915764926301
-21.695468417657768,-12.085824119132257
-21.690477317043705,-12.084731987569883
-21.685486216429645,-12.083639370071731
-21.68049511581558,-12.082546266470247
-21.675504015201522,-12.081452676597918
-21.67051291458746,-12.080358600287152
-21.6655218139734,-12.079264037370312
-21.660530713359336,-12.07816898767976
-21.655539612745276,-12.077073451047792
-21.650548512131213,-12.075977427306674
-21.645557411517153,-12.07488091628865
-21.64056631090309,-12.073783917825892
-21.63557521028903,-12.07268643175058
-21.63058410967497,-12.071588457894807
-21.625593009060907,-12.070489996090682
-21.620601908446847,-12.069391046170223
-21.615610807832784,-12.068291607965465
-21.610619707218724,-12.067191681308357
-21.60562860660466,-12.066091266030831
-21.6006375059906,-12.064990361964792
-21.595646405376538,-12.063888968942097
-21.59065530476248,-12.06278708679457
-21.585664204148415,-12.061684715353985
-21.580673103534355,-12.060581854452096
-21.575682002920292,-12.059478503920626
-21.570690902306232,-12.058374663591222
-21.56569980169217,-12.05727033329554
-21.56070870107811,-12.056165512865151
-21.555717600464046,-12.05506020213165
-21.550726499849986,-12.053954400926546
-21.545735399235923,-12.052848109081332
-21.540744298621863,-12.051741326427445
-21.535753198007804,-12.050634052796301
-21.53076209739374,-12.049526288019287
-21.52577099677968,-12.048418031927723
-21.520779896165617,-12.047309284352915
-21.515788795551558,-12.046200045126154
-21.510797694937494,-12.045090314078623
-21.505806594323435,-12.043980091041547
-21.50081549370937,-12.042869375846053
-21.49582439309531,-12.041758168323291
-21.49083329248125,-12.040646468304299
-21.48584219186719,-12.03953427562014
-21.480851091253125,-12.038421590101816
-21.475859990639066,-12.037308411580286
-21.470868890025002,-12.036194739886502
-21.465877789410943,-12.035080574851326
-21.46088668879688,-12.033965916305633
-21.45589558818282,-12.032850764080237
-21.450904487568756,-12.031735118005932
-21.445913386954697,-12.030618977913427
-21.440922286340633,-12.029502343633478
-21.435931185726574,-12.028385214996709
-21.430940085112514,-12.02726759183379
-21.42594898449845,-12.026149473975293
-21.42095788388439,-12.025030861251782
-21.415966783270328,-12.02391175349378
-21.410975682656268,-12.022792150531776
-21.405984582042205,-12.021672052196221
-21.400993481428145,-12.020551458317506
-21.396002380814082,-12.01943036872603
-21.391011280200022,-12.01830878325211
-21.38602017958596,-12.01718670172606
-21.3810290789719,-12.016064123978124
-21.376037978357836,-12.01494104983856
-21.371046877743776,-12.013817479137508
-21.366055777129713,-12.012693411705165
-21.361064676515653,-12.011568847371615
-21.35607357590159,-12.010443785966949
-21.35108247528753,-12.009318227321208
-21.346091374673467,-12.008192171264389
-21.341100274059407,-12.007065617626454
-21.336109173445347,-12.005938566237356
-21.331118072831284,-12.004811016926954
-21.326126972217224,-12.003682969525114
-21.32113587160316,-12.00255442386166
-21.3161447709891,-12.001425379766378
-21.311153670375038,-12.000295837069004
-21.30616256976098,-11.99916579559923
-21.301171469146915,-11.998035255186744
-21.296180368532855,-11.996904215661205
-21.291189267918792,-11.995772676852159
-21.286198167304732,-11.994640638589182
-21.28120706669067,-11.993508100701803
-21.27621596607661,-11.992375063019495
-21.271224865462546,-11.99124152537173
-21.266233764848486,-11.990107487587876
-21.261242664234423,-11.988972949497358
-21.256251563620363,-11.987837910929473
-21.2512604630063,-11.986702371713548
-21.24626936239224,-11.985566331678813
-21.241278261778177,-11.984429790654533
-21.236287161164118,-11.983292748469871
-21.231296060550058,-11.98215520495399
-21.226304959935995,-11.981017159935979
-21.221313859321935,-11.979878613244965
-21.21632275870787,-11.978739564709945
-21.211331658093812,-11.977600014159956
-21.20634055747975,-11.976459961423949
-21.20134945686569,-11.97531940633084
-21.196358356251626,-11.97417834870955
-21.191367255637566,-11.973036788388907
-21.186376155023503,-11.971894725197744
-21.181385054409443,-11.970752158964858
-21.17639395379538,-11.969609089518977
-21.17140285318132,-11.968465516688823
-21.166411752567257,-11.967321440303037
-21.161420651953197,-11.966176860190286
-21.156429551339134,-11.965031776179154
-21.151438450725074,-11.963886188098199
-21.14644735011101,-11.962740095775969
-21.14145624949695,-11.961593499040916
-21.13646514888289,-11.960446397721501
-21.131474048268828,-11.95929879164616
-21.126482947654768,-11.958150680643252
-21.121491847040705,-11.957002064541095
-21.116500746426645,-11.955852943168026
-21.111509645812582,-11.954703316352296
-21.106518545198522,-11.953553183922134
-21.10152744458446,-11.952402545705736
-21.0965363439704,-11.95125140153124
-21.091545243356336,-11.950099751226798
-21.086554142742276,-11.948947594620451
-21.081563042128213,-11.947794931540281
-21.076571941514153,-11.946641761814272
-21.07158084090009,-11.945488085270396
-21.06658974028603,-11.944333901736593
-21.061598639671967,-11.943179211040764
-21.056607539057907,-11.942024013010752
-21.051616438443844,-11.940868307474396
-21.046625337829784,-11.939712094259473
-21.04163423721572,-11.93855537319375
-21.03664313660166,-11.937398144104916
-21.0316520359876,-11.936240406820653
-21.02666093537354,-11.935082161168605
-21.02166983475948,-11.933923406976376
-21.016678734145415,-11.93276414407153
-21.011687633531356,-11.93160437228159
-21.006696532917292,-11.930444091434051
-21.001705432303233,-11.929283301356376
-20.99671433168917,-11.928122001875964
-20.99172323107511,-11.926960192820214
-20.986732130461046,-11.92579787401646
-20.981741029846987,-11.924635045292026
-20.976749929232923,-11.923471706474146
-20.971758828618864,-11.922307857390093
-20.9667677280048,-11.921143497867034
-20.96177662739074,-11.91997862773217
-20.956785526776677,-11.918813246812583
-20.951794426162618,-11.917647354935381
-20.946803325548554,-11.916480951927603
-20.941812224934495,-11.91531403761627
-20.936821124320435,-11.914146611828365
-20.93183002370637,-11.91297867439082
-20.926838923092312,-11.911810225130521
-20.92184782247825,-11.91064126387436
-20.91685672186419,-11.909471790449157
-20.911865621250126,-11.908301804681697
-20.906874520636066,-11.907131306398744
-20.901883420022003,-11.905960295427025
-20.896892319407943,-11.90478877159321
-20.89190121879388,-11.903616734723945
-20.88691011817982,-11.902444184645846
-20.881919017565757,-11.90127112118548
-20.876927916951697,-11.900097544169384
-20.871936816337634,-11.898923453424059
-20.866945715723574,-11.897748848775967
-20.86195461510951,-11.896573730051527
-20.85696351449545,-11.895398097077134
-20.851972413881388,-11.894221949679135
-20.846981313267328,-11.893045287683849
-20.841990212653265,-11.891868110917542
-20.836999112039205,-11.890690419206479
-20.832008011425145,-11.88951221237685
-20.827016910811082,-11.888333490254821
-20.822025810197022,-11.887154252666543
-20.81703470958296,-11.885974499438086
-20.8120436089689,-11.884794230395519
-20.807052508354836,-11.883613445364851
-20.802061407740776,-11.8824321441721
-20.797070307126713,-11.88125032664319
-20.792079206512653,-11.880067992604037
-20.78708810589859,-11.878885141880504
-20.78209700528453,-11.877701774298453
-20.777105904670467,-11.876517889683672
-20.772114804056407,-11.875333487861917
-20.767123703442344,-11.874148568658931
-20.762132602828284,-11.872963131900411
-20.75714150221422,-11.871777177411989
-20.75215040160016,-11.8705907050193
-20.747159300986098,-11.869403714547929
-20.74216820037204,-11.868216205823401
-20.73717709975798,-11.867028178671255
-20.732185999143915,-11.86583963291693
-20.727194898529856,-11.86465056838588
-20.722203797915792,-11.863460984903506
-20.717212697301733,-11.862270882295158
-20.71222159668767,-11.861080260386176
-20.70723049607361,-11.85988911900183
-20.702239395459547,-11.858697457967383
-20.697248294845487,-11.857505277108045
-20.692257194231424,-11.856312576249021
-20.687266093617364,-11.855119355215423
-20.6822749930033,-11.85392561383236
-20.67728389238924,-11.852731351924904
-20.672292791775178,-11.851536569318096
-20.667301691161118,-11.850341265836937
-20.662310590547055,-11.849145441306362
-20.657319489932995,-11.847949095551336
-20.65232838931893,-11.846752228396683
-20.647337288704872,-11.845554839667312
-20.64234618809081,-11.844356929188
-20.63735508747675,-11.84315849678355
-20.63236398686269,-11.84195954227866
-20.627372886248626,-11.840760065498092
-20.622381785634566,-11.83956006626647
-20.617390685020503,-11.838359544408426
-20.612399584406443,-11.837158499748572
-20.60740848379238,-11.835956932111467
-20.60241738317832,-11.834754841321626
-20.597426282564257,-11.833552227203514
-20.592435181950197,-11.83234908958161
-20.587444081336134,-11.831145428280314
-20.582452980722074,-11.829941243123995
-20.57746188010801,-11.828736533936983
-20.57247077949395,-11.827531300543605
-20.567479678879888,-11.826325542768101
-20.562488578265828,-11.825119260434722
-20.557497477651765,-11.823912453367644
-20.552506377037705,-11.822705121391028
-20.547515276423642,-11.82149726432901
-20.542524175809582,-11.82028888200565
-20.53753307519552,-11.819079974245001
-20.53254197458146,-11.817870540871066
-20.5275508739674,-11.81666058170783
-20.522559773353336,-11.815450096579236
-20.517568672739277,-11.814239085309172
-20.512577572125213,-11.813027547721495
-20.507586471511154,-11.811815483640046
-20.50259537089709,-11.810602892888628
-20.49760427028303,-11.80938977529098
-20.492613169668967,-11.808176130670807
-20.487622069054908,-11.806961958851813
-20.482630968440844,-11.805747259657634
-20.477639867826785,-11.804532032911894
-20.47264876721272,-11.803316278438134
-20.46765766659866,-11.802099996059928
-20.4626665659846,-11.800883185600762
-20.45767546537054,-11.79966584688408
-20.452684364756475,-11.798447979733323
-20.447693264142416,-11.797229583971893
-20.442702163528352,-11.796010659423125
-20.437711062914293,-11.794791205910363
-20.432719962300233,-11.793571223256862
-20.42772886168617,-11.792350711285874
-20.42273776107211,-11.791129669820608
-20.417746660458047,-11.789908098684252
-20.412755559843987,-11.788685997699917
-20.407764459229924,-11.787463366690716
-20.402773358615864,-11.786240205479718
-20.3977822580018,-11.785016513889934
-20.39279115738774,-11.783792291744373
-20.387800056773678,-11.782567538865985
-20.382808956159618,-11.781342255077663
-20.377817855545555,-11.780116440202328
-20.372826754931495,-11.778890094062799
-20.36783565431743,-11.777663216481889
-20.362844553703372,-11.776435807282377
-20.35785345308931,-11.775207866286987
-20.35286235247525,-11.77397939331844
-20.347871251861186,-11.772750388199377
-20.342880151247126,-11.771520850752447
-20.337889050633063,-11.770290780800213
-20.332897950019003,-11.769060178165267
-20.327906849404943,-11.767829042670089
-20.32291574879088,-11.766597374137191
-20.31792464817682,-11.765365172388988
-20.312933547562757,-11.76413243724793
-20.307942446948697,-11.76289916853635
-20.302951346334634,-11.761665366076613
-20.297960245720574,-11.76043102969101
-20.29296914510651,-11.759196159201807
-20.28797804449245,-11.757960754431222
-20.282986943878388,-11.756724815201462
-20.27799584326433,-11.755488341334678
-20.273004742650265,-11.754251332652979
-20.268013642036205,-11.753013788978468
-20.263022541422142,-11.751775710133165
-20.258031440808082,-11.750537095939116
-20.25304034019402,-11.749297946218269
-20.24804923957996,-11.748058260792574
-20.243058138965896,-11.74681803948392
-20.238067038351836,-11.74557728211417
-20.233075937737777,-11.744335988505181
-20.228084837123713,-11.743094158478735
-20.223093736509654,-11.741851791856574
-20.21810263589559,-11.74060888846043
-20.21311153528153,-11.739365448111982
-20.208120434667467,-11.738121470632898
-20.203129334053408,-11.736876955844753
-20.198138233439344,-11.73563190356916
-20.193147132825285,-11.734386313627645
-20.18815603221122,-11.733140185841728
-20.18316493159716,-11.731893520032845
-20.1781738309831,-11.730646316022442
-20.17318273036904,-11.729398573631924
-20.168191629754975,-11.728150292682635
-20.163200529140916,-11.726901472995895
-20.158209428526852,-11.725652114393021
-20.153218327912793,-11.724402216695236
-20.14822722729873,-11.72315177972376
-20.14323612668467,-11.721900803299757
-20.138245026070607,-11.72064928724441
-20.133253925456547,-11.7193972313788
-20.128262824842487,-11.718144635523993
-20.123271724228424,-11.716891499501031
-20.118280623614364,-11.715637823130914
-20.1132895230003,-11.714383606234598
-20.10829842238624,-11.713128848633017
-20.103307321772178,-11.711873550147027
-20.098316221158118,-11.710617710597525
-20.093325120544055,-11.709361329805319
-20.088334019929995,-11.708104407591177
-20.083342919315932,-11.706846943775846
-20.078351818701872,-11.705588938180037
-20.07336071808781,-11.704330390624445
-20.06836961747375,-11.703071300929683
-20.063378516859686,-11.701811668916351
-20.058387416245626,-11.700551494405008
-20.053396315631563,-11.699290777216216
-20.048405215017503,-11.698029517170431
-20.04341411440344,-11.69676771408813
-20.03842301378938,-11.695505367789725
-20.03343191317532,-11.694242478095616
-20.028440812561257,-11.692979044826126
-20.023449711947197,-11.691715067801605
-20.018458611333134,-11.690450546842289
-20.013467510719074,-11.689185481768442
-20.00847641010501,-11.68791987240026
-20.00348530949095,-11.686653718557924
-19.998494208876888,-11.68538702006155
-19.99350310826283,-11.684119776731247
-19.988512007648765,-11.68285198838707
-19.983520907034706,-11.681583654849053
-19.978529806420642,-11.680314775937156
-19.973538705806583,-11.679045351471368
-19.96854760519252,-11.677775381271587
-19.96355650457846,-11.676504865157705
-19.958565403964396,-11.675233802949549
-19.953574303350337,-11.673962194466943
-19.948583202736273,-11.672690039529655
-19.943592102122214,-11.671417337957418
-19.93860100150815,-11.670144089569945
-19.93360990089409,-11.668870294186885
-19.92861880028003,-11.66759595162787
-19.923627699665968,-11.66632106171252
-19.918636599051908,-11.665045624260348
-19.913645498437845,-11.66376963909091
-19.908654397823785,-11.662493106023677
-19.90366329720972,-11.66121602487811
-19.898672196595662,-11.659938395473606
-19.8936810959816,-11.658660217629546
-19.88868999536754,-11.657381491165289
-19.883698894753476,-11.656102215900122
-19.878707794139416,-11.654822391653322
-19.873716693525353,-11.653542018244124
-19.868725592911293,-11.652261095491731
-19.86373449229723,-11.650979623215303
-19.85874339168317,-11.64969760123396
-19.853752291069107,-11.648415029366804
-19.848761190455047,-11.647131907432875
-19.843770089840984,-11.645848235251197
-19.838778989226924,-11.644564012640762
-19.833787888612864,-11.643279239420522
-19.8287967879988,-11.641993915409373
-19.82380568738474,-11.640708040426185
-19.818814586770678,-11.63942161428982
-19.81382348615662,-11.638134636819075
-19.808832385542555,-11.63684710783271
-19.803841284928495,-11.635559027149458
-19.798850184314432,-11.634270394588022
-19.793859083700372,-11.632981209967067
-19.78886798308631,-11.631691473105208
-19.78387688247225,-11.630401183821043
-19.778885781858186,-11.62911034193311
-19.773894681244126,-11.627818947259962
-19.768903580630063,-11.62652699962003
-19.763912480016003,-11.625234498831809
-19.75892137940194,-11.623941444713676
-19.75393027878788,-11.622647837084022
-19.748939178173817,-11.621353675761192
-19.743948077559757,-11.620058960563458
-19.738956976945694,-11.618763691309125
-19.733965876331634,-11.617467867816398
-19.728974775717575,-11.616171489903497
-19.72398367510351,-11.614874557388555
-19.71899257448945,-11.613577070089711
-19.71400147387539,-11.61227902782505
-19.70901037326133,-11.61098043041265
-19.704019272647265,-11.609681277670479
-19.699028172033206,-11.608381569416565
-19.694037071419142,-11.607081305468835
-19.689045970805083,-11.60578048564519
-19.68405487019102,-11.604479109763528
-19.67906376957696,-11.603177177641658
-19.674072668962896,-11.601874689097414
-19.669081568348837,-11.600571643948552
-19.664090467734773,-11.59926804201279
-19.659099367120714,-11.597963883107841
-19.65410826650665,-11.596659167051362
-19.64911716589259,-11.59535389366098
-19.644126065278527,-11.594048062754272
-19.639134964664468,-11.592741674148812
-19.634143864050408,-11.591434727662094
-19.629152763436345,-11.59012722311162
-19.624161662822285,-11.588819160314836
-19.61917056220822,-11.587510539089134
-19.614179461594162,-11.58620135925192
-19.6091883609801,-11.584891620620509
-19.60419726036604,-11.583581323012215
-19.599206159751976,-11.582270466244305
-19.594215059137916,-11.580959050134005
-19.589223958523853,-11.579647074498526
-19.584232857909793,-11.578334539155044
-19.57924175729573,-11.577021443920644
-19.57425065668167,-11.575707788612439
-19.569259556067607,-11.574393573047502
-19.564268455453547,-11.573078797042818
-19.559277354839484,-11.571763460415395
-19.554286254225424,-11.57044756298217
-19.54929515361136,-11.569131104560066
-19.5443040529973,-11.567814084965972
-19.539312952383238,-11.566496504016682
-19.534321851769178,-11.565178361529059
-19.52933075115512,-11.563859657319844
-19.524339650541055,-11.562540391205767
-19.519348549926995,-11.561220563003552
-19.514357449312932,-11.559900172529844
-19.509366348698872,-11.55857921960128
-19.50437524808481,-11.557257704034452
-19.49938414747075,-11.555935625645935
-19.494393046856686,-11.55461298425221
-19.489401946242626,-11.553289779669807
-19.484410845628563,-11.551966011715153
-19.479419745014503,-11.550641680204672
-19.47442864440044,-11.549316784954748
-19.46943754378638,-11.547991325781704
-19.464446443172317,-11.546665302501873
-19.459455342558257,-11.54533871493154
-19.454464241944194,-11.544011562886917
-19.449473141330134,-11.542683846184216
-19.44448204071607,-11.541355564639609
-19.43949094010201,-11.540026718069234
-19.434499839487952,-11.538697306289178
-19.42950873887389,-11.537367329115497
-19.42451763825983,-11.53603678636423
-19.419526537645766,-11.534705677851369
-19.414535437031706,-11.533374003392865
-19.409544336417643,-11.532041762804639
-19.404553235803583,-11.530708955902552
-19.39956213518952,-11.529375582502505
-19.39457103457546,-11.52804164242027
-19.389579933961397,-11.526707135471645
-19.384588833347337,-11.525372061472359
-19.379597732733274,-11.524036420238135
-19.374606632119214,-11.52270021158463
-19.36961553150515,-11.52136343532749
-19.36462443089109,-11.52002609128233
-19.359633330277028,-11.518688179264691
-19.354642229662968,-11.517349699090113
-19.349651129048905,-11.51601065057411
-19.344660028434845,-11.514671033532125
-19.33966892782078,-11.513330847779574
-19.334677827206722,-11.511990093131862
-19.329686726592662,-11.510648769404355
-19.3246956259786,-11.509306876412353
-19.31970452536454,-11.50796441397113
-19.314713424750476,-11.506621381895961
-19.309722324136416,-11.505277780002048
-19.304731223522353,-11.503933608104573
-19.299740122908293,-11.502588866018677
-19.29474902229423,-11.501243553559453
-19.28975792168017,-11.499897670542008
-19.284766821066107,-11.498551216781344
-19.279775720452047,-11.497204192092479
-19.274784619837984,-11.495856596290395
-19.269793519223924,-11.494508429189978
-19.26480241860986,-11.49315969060617
-19.2598113179958,-11.491810380353815
-19.254820217381738,-11.490460498247744
-19.24982911676768,-11.48911004410273
-19.244838016153615,-11.487759017733547
-19.239846915539555,-11.486407418954908
-19.234855814925492,-11.485055247581501
-19.229864714311432,-11.48370250342797
-19.224873613697373,-11.482349186308944
-19.21988251308331,-11.480995296038987
-19.21489141246925,-11.479640832432635
-19.209900311855186,-11.478285795304426
-19.204909211241127,-11.476930184468822
-19.199918110627063,-11.475573999740249
-19.194927010013004,-11.474217240933122
-19.18993590939894,-11.472859907861814
-19.18494480878488,-11.471502000340655
-19.179953708170817,-11.47014351818393
-19.174962607556758,-11.468784461205916
-19.169971506942694,-11.46742482922084
-19.164980406328635,-11.466064622042895
-19.15998930571457,-11.464703839486225
-19.15499820510051,-11.463342481364986
-19.15000710448645,-11.461980547493237
-19.14501600387239,-11.460618037685038
-19.140024903258325,-11.459254951754394
-19.135033802644266,-11.457891289515313
-19.130042702030206,-11.456527050781723
-19.125051601416143,-11.455162235367538
-19.120060500802083,-11.453796843086655
-19.11506940018802,-11.452430873752885
-19.11007829957396,-11.451064327180058
-19.105087198959897,-11.449697203181945
-19.100096098345837,-11.448329501572275
-19.095104997731774,-11.446961222164742
-19.090113897117714,-11.445592364773033
-19.08512279650365,-11.44422292921077
-19.08013169588959,-11.442852915291553
-19.075140595275528,-11.441482322828945
-19.070149494661468,-11.440111151636456
-19.065158394047405,-11.438739401527602
-19.060167293433345,-11.437367072315817
-19.05517619281928,-11.43599416381454
-19.050185092205222,-11.434620675837175
-19.04519399159116,-11.433246608197031
-19.0402028909771,-11.43187196070745
-19.035211790363036,-11.430496733181716
-19.030220689748976,-11.429120925433066
-19.025229589134916,-11.427744537274727
-19.020238488520853,-11.426367568519856
-19.015247387906793,-11.424990018981603
-19.01025628729273,-11.4236118884731
-19.00526518667867,-11.422233176807369
-19.000274086064607,-11.420853883797509
-18.995282985450547,-11.419474009256461
-18.990291884836484,-11.418093552997252
-18.985300784222424,-11.416712514832758
-18.98030968360836,-11.415330894575925
-18.9753185829943,-11.413948692039591
-18.970327482380238,-11.412565907036578
-18.96533638176618,-11.411182539379709
-18.960345281152115,-11.409798588881703
-18.955354180538055,-11.40841405535533
-18.950363079923992,-11.407028938613239
-18.945371979309932,-11.405643238468096
-18.94038087869587,-11.404256954732542
-18.93538977808181,-11.402870087219117
-18.93039867746775,-11.401482635740413
-18.925407576853686,-11.400094600108922
-18.920416476239627,-11.398705980137132
-18.915425375625563,-11.397316775637483
-18.910434275011504,-11.395926986422396
-18.90544317439744,-11.394536612304233
-18.90045207378338,-11.393145653095349
-18.895460973169317,-11.391754108608033
-18.890469872555258,-11.390361978654559
-18.885478771941195,-11.388969263047168
-18.880487671327135,-11.38757596159808
-18.87549657071307,-11.386182074119423
-18.870505470099012,-11.384787600423355
-18.86551436948495,-11.383392540321974
-18.86052326887089,-11.381996893627358
-18.855532168256826,-11.380600660151497
-18.850541067642766,-11.379203839706394
-18.845549967028703,-11.37780643210402
-18.840558866414643,-11.376408437156298
-18.83556776580058,-11.375009854675106
-18.83057666518652,-11.373610684472315
-18.82558556457246,-11.372210926359722
-18.820594463958397,-11.370810580149117
-18.815603363344337,-11.36940964565228
-18.810612262730274,-11.368008122680893
-18.805621162116214,-11.36660601104665
-18.80063006150215,-11.365203310561206
-18.79563896088809,-11.363800021036147
-18.790647860274028,-11.36239614228307
-18.785656759659968,-11.360991674113519
-18.780665659045905,-11.359586616338978
-18.775674558431845,-11.358180968770943
-18.770683457817782,-11.356774731220863
-18.765692357203722,-11.355367903500117
-18.76070125658966,-11.35396048542007
-18.7557101559756,-11.35255247679208
-18.750719055361536,-11.351143877427434
-18.745727954747476,-11.349734687137405
-18.740736854133413,-11.3483249057332
-18.735745753519353,-11.346914533026055
-18.730754652905294,-11.345503568827109
-18.72576355229123,-11.344092012947481
-18.72077245167717,-11.342679865198273
-18.715781351063107,-11.341267125390539
-18.710790250449048,-11.339853793335312
-18.705799149834984,-11.33843986884358
-18.700808049220925,-11.337025351726277
-18.69581694860686,-11.335610241794356
-18.6908258479928,-11.334194538858673
-18.68583474737874,-11.332778242730097
-18.68084364676468,-11.331361353219428
-18.675852546150615,-11.32994387013746
-18.670861445536556,-11.328525793294935
-18.665870344922492,-11.32710712250258
-18.660879244308433,-11.325687857571054
-18.65588814369437,-11.324267998310999
-18.65089704308031,-11.32284754453305
-18.645905942466246,-11.32142649604775
-18.640914841852187,-11.320004852665669
-18.635923741238123,-11.318582614197284
-18.630932640624064,-11.317159780453093
-18.625941540010004,-11.315736351243537
-18.62095043939594,-11.314312326378973
-18.61595933878188,-11.312887705669818
-18.610968238167818,-11.31146248892637
-18.605977137553758,-11.310036675958969
-18.600986036939695,-11.308610266577846
-18.595994936325635,-11.307183260593233
-18.59100383571157,-11.305755657815345
-18.586012735097512,-11.30432745805433
-18.58102163448345,-11.30289866112033
-18.57603053386939,-11.301469266823425
-18.571039433255326,-11.300039274973683
-18.566048332641266,-11.298608685381103
-18.561057232027203,-11.297177497855715
-18.556066131413143,-11.295745712207438
-18.55107503079908,-11.294313328246224
-18.54608393018502,-11.292880345781931
-18.541092829570957,-11.291446764624427
-18.536101728956897,-11.290012584583534
-18.531110628342837,-11.288577805469037
-18.526119527728774,-11.28714242709068
-18.521128427114714,-11.285706449258178
-18.51613732650065,-11.284269871781204
-18.51114622588659,-11.282832694469432
-18.506155125272528,-11.281394917132447
-18.50116402465847,-11.279956539579839
-18.496172924044405,-11.27851756162115
-18.491181823430345,-11.27707798306589
-18.486190722816282,-11.275637803723544
-18.481199622202222,-11.274197023403534
-18.47620852158816,-11.272755641915273
-18.4712174209741,-11.271313659068147
-18.466226320360036,-11.269871074671482
-18.461235219745976,-11.268427888534596
-18.456244119131913,-11.26698410046675
-18.451253018517853,-11.265539710277167
-18.44626191790379,-11.264094717775057
-18.44127081728973,-11.262649122769613
-18.436279716675667,-11.261202925069934
-18.431288616061607,-11.259756124485152
-18.426297515447548,-11.258308720824301
-18.421306414833484,-11.256860713896417
-18.416315314219425,-11.255412103510523
-18.41132421360536,-11.253962889475554
-18.4063331129913,-11.252513071600443
-18.40134201237724,-11.251062649694093
-18.39635091176318,-11.249611623565368
-18.391359811149115,-11.248159993023078
-18.386368710535056,-11.246707757876031
-18.381377609920992,-11.245254917932977
-18.376386509306933,-11.24380147300263
-18.37139540869287,-11.242347422893713
-18.36640430807881,-11.240892767414843
-18.361413207464746,-11.239437506374669
-18.356422106850687,-11.237981639581756
-18.351431006236623,-11.236525166844682
-18.346439905622564,-11.235068087971953
-18.3414488050085,-11.233610402772047
-18.33645770439444,-11.232152111053432
-18.33146660378038,-11.230693212624512
-18.326475503166318,-11.229233707293691
-18.321484402552258,-11.227773594869285
-18.316493301938195,-11.226312875159623
-18.311502201324135,-11.224851547973008
-18.306511100710072,-11.223389613117673
-18.301520000096012,-11.221927070401811
-18.29652889948195,-11.220463919633625
-18.29153779886789,-11.21900016062125
-18.286546698253826,-11.21753579317282
-18.281555597639766,-11.216070817096387
-18.276564497025703,-11.214605232199988
-18.271573396411643,-11.213139038291654
-18.26658229579758,-11.211672235179355
-18.26159119518352,-11.210204822671036
-18.256600094569457,-11.208736800574586
-18.251608993955397,-11.20726816869791
-18.246617893341334,-11.20579892684881
-18.241626792727274,-11.204329074835123
-18.23663569211321,-11.20285861246461
-18.23164459149915,-11.201387539545
-18.22665349088509,-11.199915855884015
-18.221662390271028,-11.198443561289317
-18.21667128965697,-11.196970655568538
-18.211680189042905,-11.195497138529289
-18.206689088428845,-11.194023009979126
-18.201697987814782,-11.192548269725599
-18.196706887200722,-11.191072917576204
-18.19171578658666,-11.189596953338413
-18.1867246859726,-11.188120376819649
-18.181733585358536,-11.18664318782732
-18.176742484744477,-11.185165386168784
-18.171751384130413,-11.18368697165138
-18.166760283516354,-11.182207944082396
-18.16176918290229,-11.180728303269117
-18.15677808228823,-11.179248049018756
-18.151786981674167,-11.177767181138522
-18.146795881060108,-11.176285699435564
-18.141804780446044,-11.174803603717024
-18.136813679831985,-11.173320893789988
-18.131822579217925,-11.17183756946153
-18.12683147860386,-11.170353630538647
-18.121840377989802,-11.168869076828381
-18.11684927737574,-11.167383908137664
-18.11185817676168,-11.165898124273417
-18.106867076147616,-11.16441172504256
-18.101875975533556,-11.162924710251927
-18.096884874919493,-11.161437079708357
-18.091893774305433,-11.159948833218632
-18.08690267369137,-11.158459970589526
-18.08191157307731,-11.156970491627744
-18.076920472463247,-11.15548039614
-18.071929371849187,-11.153989683932938
-18.066938271235124,-11.152498354813172
-18.061947170621064,-11.151006408587312
-18.056956070007,-11.149513845061913
-18.05196496939294,-11.14802066404349
-18.046973868778878,-11.146526865338526
-18.041982768164818,-11.145032448753485
-18.036991667550755,-11.143537414094785
-18.032000566936695,-11.142041761168837
-18.027009466322635,-11.140545489781957
-18.022018365708572,-11.139048599740489
-18.017027265094512,-11.137551090850735
-18.01203616448045,-11.136052962918908
-18.00704506386639,-11.134554215751269
-18.002053963252326,-11.133054849153973
-17.997062862638266,-11.131554862933223
-17.992071762024203,-11.130054256895077
-17.98708066141014,-11.128553030845655
-17.982089560796084,-11.12705118459101
-17.97709846018202,-11.125548717937155
-17.972107359567957,-11.124045630690077
-17.967116258953894,-11.122541922655728
-17.962125158339838,-11.121037593640029
-17.957134057725774,-11.119532643448863
-17.95214295711171,-11.118027071888083
-17.947151856497648,-11.116520878763504
-17.94216075588359,-11.115014063880922
-17.93716965526953,-11.11350662704608
-17.932178554655465,-11.111998568064703
-17.92718745404141,-11.110489886742457
-17.922196353427346,-11.10898058288502
-17.917205252813282,-11.107470656297979
-17.91221415219922,-11.105960106786945
-17.907223051585163,-11.104448934157473
-17.9022319509711,-11.10293713821505
-17.897240850357036,-11.101424718765188
-17.892249749742973,-11.099911675613317
-17.887258649128917,-11.098398008564859
-17.882267548514854,-11.096883717425218
-17.87727644790079,-11.095368801999724
-17.872285347286727,-11.093853262093697
-17.86729424667267,-11.092337097512441
-17.862303146058608,-11.09082030806117
-17.857312045444544,-11.089302893545133
-17.85232094483048,-11.087784853769502
-17.847329844216425,-11.086266188539435
-17.84233874360236,-11.084746897660036
-17.8373476429883,-11.083226980936391
-17.832356542374235,-11.081706438173558
-17.82736544176018,-11.080185269176557
-17.822374341146116,-11.078663473750368
-17.817383240532052,-11.077141051699936
-17.812392139917996,-11.075618002830181
-17.807401039303933,-11.074094326945994
-17.80240993868987,-11.072570023852222
-17.797418838075806,-11.071045093353685
-17.79242773746175,-11.069519535255168
-17.787436636847687,-11.067993349361418
-17.782445536233624,-11.066466535477149
-17.77745443561956,-11.064939093407062
-17.772463335005504,-11.063411022955796
-17.76747223439144,-11.06188232392798
-17.762481133777378,-11.060352996128177
-17.757490033163315,-11.05882303936097
-17.75249893254926,-11.05729245343085
-17.747507831935195,-11.055761238142326
-17.742516731321132,-11.054229393299837
-17.73752563070707,-11.052696918707799
-17.732534530093012,-11.051163814170623
-17.72754342947895,-11.049630079492639
-17.722552328864886,-11.048095714478162
-17.71756122825083,-11.046560718931497
-17.712570127636766,-11.045025092656896
-17.707579027022703,-11.04348883545857
-17.70258792640864,-11.041951947140713
-17.697596825794584,-11.040414427507475
-17.69260572518052,-11.038876276362984
-17.687614624566457,-11.037337493511336
-17.682623523952394,-11.035798078756565
-17.677632423338338,-11.034258031902711
-17.672641322724274,-11.032717352753755
-17.66765022211021,-11.031176041113646
-17.662659121496148,-11.029634096786326
-17.65766802088209,-11.028091519575682
-17.65267692026803,-11.02654830928556
-17.647685819653965,-11.025004465719796
-17.642694719039902,-11.023459988682168
-17.637703618425846,-11.021914877976446
-17.632712517811783,-11.020369133406348
-17.62772141719772,-11.018822754775575
-17.622730316583663,-11.017275741887781
-17.6177392159696,-11.015728094546592
-17.612748115355537,-11.014179812555602
-17.607757014741473,-11.012630895718376
-17.602765914127417,-11.011081343838425
-17.597774813513354,-11.009531156719264
-17.59278371289929,-11.007980334164348
-17.587792612285227,-11.006428875977091
-17.58280151167117,-11.004876781960922
-17.577810411057108,-11.003324051919174
-17.572819310443045,-11.00177068565519
-17.56782820982898,-11.00021668297226
-17.562837109214925,-10.998662043673663
-17.557846008600862,-10.997106767562626
-17.5528549079868,-10.995550854442325
-17.547863807372735,-10.993994304115947
-17.54287270675868,-10.992437116386643
-17.537881606144616,-10.990879291057475
-17.532890505530553,-10.989320827931524
-17.527899404916496,-10.987761726811845
-17.522908304302433,-10.98620198750141
-17.51791720368837,-10.98464160980321
-17.512926103074307,-10.983080593520167
-17.50793500246025,-10.981518938455183
-17.502943901846187,-10.979956644411146
-17.497952801232124,-10.97839371119088
-17.49296170061806,-10.976830138597194
-17.487970600004004,-10.975265926432856
-17.48297949938994,-10.973701074500624
-17.477988398775878,-10.972135582603176
-17.472997298161815,-10.970569450543195
-17.46800619754776,-10.969002678123353
-17.463015096933695,-10.967435265146205
-17.458023996319632,-10.965867211414379
-17.45303289570557,-10.964298516730395
-17.448041795091513,-10.96272918089676
-17.44305069447745,-10.961159203715955
-17.438059593863386,-10.959588584990426
-17.433068493249323,-10.958017324522586
-17.428077392635267,-10.956445422114818
-17.423086292021203,-10.954872877569477
-17.41809519140714,-10.953299690688848
-17.413104090793084,-10.95172586127525
-17.40811299017902,-10.950151389130907
-17.403121889564957,-10.948576274058043
-17.398130788950894,-10.947000515858857
-17.393139688336838,-10.94542411433548
-17.388148587722775,-10.943847069290037
-17.38315748710871,-10.942269380524626
-17.378166386494648,-10.940691047841286
-17.373175285880592,-10.939112071042052
-17.36818418526653,-10.937532449928897
-17.363193084652465,-10.935952184303778
-17.358201984038402,-10.934371273968653
-17.353210883424346,-10.93278971872537
-17.348219782810283,-10.931207518375812
-17.34322868219622,-10.929624672721792
-17.338237581582156,-10.928041181565117
-17.3332464809681,-10.926457044707545
-17.328255380354037,-10.924872261950805
-17.323264279739973,-10.923286833096578
-17.318273179125917,-10.921700757946551
-17.313282078511854,-10.92011403630233
-17.30829097789779,-10.918526667965535
-17.303299877283727,-10.91693865273773
-17.29830877666967,-10.915349990420461
-17.293317676055608,-10.913760680815198
-17.288326575441545,-10.91217072372343
-17.28333547482748,-10.910580118946593
-17.278344374213425,-10.908988866286096
-17.273353273599362,-10.907396965543294
-17.2683621729853,-10.90580441651954
-17.263371072371235,-10.904211219016142
-17.25837997175718,-10.902617372834376
-17.253388871143116,-10.90102287777547
-17.248397770529053,-10.899427733640657
-17.24340666991499,-10.897831940231098
-17.238415569300933,-10.896235497347948
-17.23342446868687,-10.89463840479231
-17.228433368072807,-10.893040662365276
-17.22344226745875,-10.891442269867898
-17.218451166844687,-10.889843227101169
-17.213460066230624,-10.888243533866111
-17.20846896561656,-10.886643189963634
-17.203477865002505,-10.885042195194691
-17.19848676438844,-10.883440549360152
-17.193495663774378,-10.881838252260875
-17.188504563160315,-10.88023530369769
-17.18351346254626,-10.878631703471367
-17.178522361932195,-10.877027451382705
-17.173531261318132,-10.87542254723238
-17.16854016070407,-10.873816990821126
-17.163549060090013,-10.872210781949589
-17.15855795947595,-10.870603920418397
-17.153566858861886,-10.868996406028156
-17.148575758247823,-10.867388238579421
-17.143584657633767,-10.865779417872725
-17.138593557019703,-10.864169943708575
-17.13360245640564,-10.862559815887442
-17.128611355791584,-10.860949034209748
-17.12362025517752,-10.859337598475932
-17.118629154563457,-10.857725508486332
-17.113638053949394,-10.856112764041292
-17.108646953335338,-10.854499364941141
-17.103655852721275,-10.852885310986126
-17.09866475210721,-10.851270601976514
-17.093673651493148,-10.84965523771251
-17.088682550879092,-10.848039217994302
-17.08369145026503,-10.846422542622022
-17.078700349650966,-10.844805211395801
-17.073709249036902,-10.843187224115704
-17.068718148422846,-10.8415685805818
-17.063727047808783,-10.839949280594109
-17.05873594719472,-10.838329323952605
-17.053744846580656,-10.83670871045725
-17.0487537459666,-10.835087439907978
-17.043762645352537,-10.833465512104667
-17.038771544738474,-10.831842926847175
-17.03378044412441,-10.830219683935354
-17.028789343510354,-10.828595783168968
-17.02379824289629,-10.826971224347794
-17.018807142282228,-10.82534600727157
-17.01381604166817,-10.823720131739993
-17.008824941054108,-10.82209359755273
-17.003833840440045,-10.82046640450941
-16.99884273982598,-10.818838552409645
-16.993851639211925,-10.817210041053013
-16.988860538597862,-10.815580870239025
-16.9838694379838,-10.813951039767232
-16.978878337369736,-10.812320549437091
-16.97388723675568,-10.81068939904804
-16.968896136141616,-10.809057588399506
-16.963905035527553,-10.807425117290856
-16.95891393491349,-10.805791985521441
-16.953922834299433,-10.80415819289059
-16.94893173368537,-10.802523739197582
-16.943940633071307,-10.800888624241663
-16.938949532457244,-10.79925284782207
-16.933958431843187,-10.797616409737985
-16.928967331229124,-10.795979309788564
-16.92397623061506,-10.794341547772936
-16.918985130001005,-10.792703123490204
-16.91399402938694,-10.791064036739424
-16.90900292877288,-10.789424287319619
-16.904011828158815,-10.787783875029797
-16.89902072754476,-10.786142799668939
-16.894029626930696,-10.784501061035954
-16.889038526316632,-10.782858658929765
-16.88404742570257,-10.781215593149241
-16.879056325088513,-10.77957186349323
-16.87406522447445,-10.777927469760519
-16.869074123860386,-10.776282411749905
-16.864083023246323,-10.774636689260142
-16.859091922632267,-10.772990302089926
-16.854100822018204,-10.771343250037935
-16.84910972140414,-10.76969553290284
-16.844118620790077,-10.76804715048325
-16.83912752017602,-10.76639810257776
-16.834136419561958,-10.764748388984918
-16.829145318947894,-10.763098009503258
-16.824154218333838,-10.761446963931252
-16.819163117719775,-10.75979525206739
-16.81417201710571,-10.758142873710081
-16.80918091649165,-10.756489828657726
-16.804189815877592,-10.75483611670871
-16.79919871526353,-10.753181737661338
-16.794207614649466,-10.751526691313948
-16.789216514035402,-10.749870977464775
-16.784225413421346,-10.748214595912104
-16.779234312807283,-10.746557546454099
-16.77424321219322,-10.744899828888968
-16.769252111579156,-10.743241443014846
-16.7642610109651,-10.741582388629832
-16.759269910351037,-10.739922665532053
-16.754278809736974,-10.738262273519517
-16.74928770912291,-10.736601212390262
-16.744296608508854,-10.73493948194228
-16.73930550789479,-10.73327708197352
-16.734314407280728,-10.731614012281915
-16.729323306666664,-10.729950272665365
-16.72433220605261,-10.72828586292171
-16.719341105438545,-10.726620782848803
-16.71435000482448,-10.724955032244436
-16.709358904210426,-10.723288610906394
-16.704367803596362,-10.721621518632384
-16.6993767029823,-10.71995375522014
-16.694385602368236,-10.718285320467315
-16.68939450175418,-10.716616214171573
-16.684403401140116,-10.714946436130514
-16.679412300526053,-10.713275986141715
-16.67442119991199,-10.71160486400275
-16.669430099297934,-10.709933069511106
-16.66443899868387,-10.708260602464286
-16.659447898069807,-10.706587462659733
-16.654456797455744,-10.704913649894891
-16.649465696841688,-10.70323916396715
-16.644474596227624,-10.701564004673846
-16.63948349561356,-10.699888171812356
-16.634492394999498,-10.698211665179933
-16.62950129438544,-10.696534484573872
-16.62451019377138,-10.6948566297914
-16.619519093157315,-10.69317810062972
-16.61452799254326,-10.691498896886023
-16.609536891929196,-10.689819018357447
-16.604545791315132,-10.688138464841076
-16.59955469070107,-10.68645723613402
-16.594563590087013,-10.68477533203333
-16.58957248947295,-10.68309275233602
-16.584581388858886,-10.681409496839061
-16.579590288244823,-10.679725565339426
-16.574599187630767,-10.678040957634048
-16.569608087016704,-10.676355673519797
-16.56461698640264,-10.674669712793557
-16.559625885788577,-10.672983075252143
-16.55463478517452,-10.671295760692383
-16.549643684560458,-10.669607768911014
-16.544652583946394,-10.667919099704777
-16.53966148333233,-10.666229752870416
-16.534670382718275,-10.66453972820457
-16.529679282104212,-10.6628490255039
-16.52468818149015,-10.661157644565018
-16.519697080876092,-10.659465585184511
-16.51470598026203,-10.65777284715892
-16.509714879647966,-10.656079430284784
-16.504723779033903,-10.654385334358572
-16.499732678419846,-10.652690559176763
-16.494741577805783,-10.650995104535777
-16.48975047719172,-10.649298970232024
-16.484759376577657,-10.647602156061847
-16.4797682759636,-10.645904661821588
-16.474777175349537,-10.644206487307564
-16.469786074735474,-10.642507632316041
-16.46479497412141,-10.640808096643267
-16.459803873507354,-10.639107880085453
-16.45481277289329,-10.637406982438765
-16.449821672279228,-10.635705403499365
-16.444830571665165,-10.634003143063385
-16.43983947105111,-10.6323002009269
-16.434848370437045,-10.630596576885967
-16.429857269822982,-10.628892270736602
-16.424866169208926,-10.627187282274818
-16.419875068594862,-10.625481611296578
-16.4148839679808,-10.623775257597803
-16.409892867366736,-10.622068220974427
-16.40490176675268,-10.620360501222281
-16.399910666138616,-10.618652098137241
-16.394919565524553,-10.616943011515097
-16.38992846491049,-10.615233241151653
-16.384937364296434,-10.613522786842614
-16.37994626368237,-10.61181164838375
-16.374955163068307,-10.610099825570721
-16.369964062454244,-10.608387318199178
-16.364972961840188,-10.606674126064776
-16.359981861226125,-10.604960248963083
-16.35499076061206,-10.60324568668968
-16.349999659997998,-10.601530439040095
-16.345008559383942,-10.599814505809835
-16.34001745876988,-10.598097886794362
-16.335026358155815,-10.59638058178914
-16.330035257541752,-10.59466259058956
-16.325044156927696,-10.592943912991013
-16.320053056313633,-10.591224548788842
-16.31506195569957,-10.589504497778375
-16.310070855085513,-10.587783759754911
-16.30507975447145,-10.586062334513688
-16.300088653857387,-10.584340221849939
-16.295097553243323,-10.582617421558867
-16.290106452629267,-10.580893933435643
-16.285115352015204,-10.579169757275384
-16.28012425140114,-10.57744489287322
-16.275133150787077,-10.575719340024209
-16.27014205017302,-10.573993098523406
-16.265150949558958,-10.572266168165822
-16.260159848944895,-10.570538548746432
-16.25516874833083,-10.568810240060202
-16.250177647716775,-10.56708124190205
-16.245186547102712,-10.565351554066863
-16.24019544648865,-10.56362117634951
-16.235204345874585,-10.56189010854482
-16.23021324526053,-10.560158350447578
-16.225222144646466,-10.558425901852587
-16.220231044032403,-10.556692762554562
-16.215239943418347,-10.554958932348214
-16.210248842804283,-10.55322441102824
-16.20525774219022,-10.551489198389262
-16.200266641576157,-10.549753294225924
-16.1952755409621,-10.548016698332797
-16.190284440348037,-10.546279410504441
-16.185293339733974,-10.544541430535388
-16.18030223911991,-10.542802758220128
-16.175311138505855,-10.541063393353136
-16.17032003789179,-10.539323335728847
-16.165328937277728,-10.537582585141658
-16.160337836663665,-10.535841141385948
-16.15534673604961,-10.534099004256065
-16.150355635435545,-10.532356173546319
-16.145364534821482,-10.530612649051005
-16.14037343420742,-10.528868430564366
-16.135382333593363,-10.527123517880629
-16.1303912329793,-10.525377910793988
-16.125400132365236,-10.523631609098612
-16.12040903175118,-10.521884612588625
-16.115417931137117,-10.520136921058134
-16.110426830523053,-10.518388534301213
-16.10543572990899,-10.516639452111903
-16.100444629294934,-10.514889674284229
-16.09545352868087,-10.513139200612143
-16.090462428066807,-10.511388030889622
-16.085471327452744,-10.50963616491059
-16.080480226838688,-10.507883602468922
-16.075489126224625,-10.506130343358484
-16.07049802561056,-10.504376387373112
-16.065506924996498,-10.502621734306613
-16.060515824382442,-10.500866383952744
-16.05552472376838,-10.499110336105257
-16.050533623154315,-10.497353590557855
-16.045542522540252,-10.495596147104218
-16.040551421926196,-10.493838005538011
-16.035560321312133,-10.492079165652848
-16.03056922069807,-10.490319627242316
-16.025578120084013,-10.48855939009998
-16.02058701946995,-10.486798454019352
-16.015595918855887,-10.485036818793963
-16.010604818241823,-10.483274484217263
-16.005613717627767,-10.481511450082712
-16.000622617013704,-10.479747716183692
-15.99563151639964,-10.477983282313604
-15.990640415785577,-10.476218148265787
-15.985649315171521,-10.474452313833572
-15.980658214557458,-10.472685778810241
-15.975667113943395,-10.470918542989068
-15.970676013329332,-10.469150606163279
-15.965684912715275,-10.467381968126075
-15.960693812101212,-10.465612628670609
-15.955702711487149,-10.463842587590033
-15.950711610873086,-10.462071844677473
-15.94572051025903,-10.460300399726007
-15.940729409644966,-10.458528252528671
-15.935738309030903,-10.456755402878489
-15.93074720841684,-10.45498185056846
-15.925756107802783,-10.45320759539155
-15.92076500718872,-10.451432637140677
-15.915773906574657,-10.449656975608757
-15.9107828059606,-10.447880610588665
-15.905791705346537,-10.446103541873224
-15.900800604732474,-10.444325769255272
-15.89580950411841,-10.442547292527568
-15.890818403504355,-10.440768111482887
-15.885827302890291,-10.438988225913935
-15.880836202276228,-10.437207635613419
-15.875845101662165,-10.435426340373992
-15.870854001048109,-10.433644339988298
-15.865862900434045,-10.43186163424893
-15.860871799819982,-10.430078222948485
-15.855880699205919,-10.428294105879475
-15.850889598591863,-10.426509282834452
-15.8458984979778,-10.424723753605878
-15.840907397363736,-10.422937517986215
-15.835916296749673,-10.4211505757679
-15.830925196135617,-10.419362926743316
-15.825934095521554,-10.417574570704835
-15.82094299490749,-10.415785507444793
-15.815951894293434,-10.413995736755504
-15.81096079367937,-10.412205258429257
-15.805969693065308,-10.410414072258272
-15.800978592451244,-10.408622178034786
-15.795987491837188,-10.406829575550987
-15.790996391223125,-10.405036264599035
-15.786005290609062,-10.403242244971064
-15.781014189994998,-10.401447516459173
-15.776023089380942,-10.399652078855434
-15.771031988766879,-10.39785593195189
-15.766040888152816,-10.396059075540537
-15.761049787538752,-10.39426150941339
-15.756058686924696,-10.392463233362388
-15.751067586310633,-10.390664247179442
-15.74607648569657,-10.38886455065646
-15.741085385082506,-10.387064143585311
-15.73609428446845,-10.385263025757835
-15.731103183854387,-10.383461196965808
-15.726112083240324,-10.381658657001042
-15.721120982626267,-10.379855405655285
-15.716129882012204,-10.378051442720217
-15.711138781398141,-10.376246767987569
-15.706147680784078,-10.37444138124898
-15.701156580170021,-10.372635282296079
-15.696165479555958,-10.37082847092047
-15.691174378941895,-10.369020946913734
-15.686183278327832,-10.367212710067408
-15.681192177713775,-10.365403760172995
-15.676201077099712,-10.363594097021982
-15.671209976485649,-10.36178372040584
-15.666218875871586,-10.359972630115967
-15.66122777525753,-10.35816082594379
-15.656236674643466,-10.356348307680653
-15.651245574029403,-10.354535075117893
-15.64625447341534,-10.352721128046829
-15.641263372801284,-10.350906466258728
-15.63627227218722,-10.349091089544856
-15.631281171573157,-10.347274997696418
-15.6262900709591,-10.345458190504615
-15.621298970345038,-10.343640667760592
-15.616307869730974,-10.341822429255503
-15.611316769116911,-10.340003474780447
-15.606325668502855,-10.338183804126498
-15.601334567888792,-10.33636341708469
-15.596343467274728,-10.334542313446038
-15.591352366660665,-10.33272049300155
-15.586361266046609,-10.33089795554217
-15.581370165432546,-10.329074700858829
-15.576379064818482,-10.327250728742428
-15.571387964204419,-10.325426038983831
-15.566396863590363,-10.32360063137389
-15.5614057629763,-10.321774505703402
-15.556414662362236,-10.319947661763171
-15.551423561748173,-10.31812009934393
-15.546432461134117,-10.31629181823643
-15.541441360520054,-10.314462818231343
-15.53645025990599,-10.312633099119353
-15.531459159291927,-10.310802660691083
-15.526468058677871,-10.308971502737155
-15.521476958063808,-10.307139625048146
-15.516485857449744,-10.305307027414612
-15.511494756835688,-10.303473709627063
-15.506503656221625,-10.301639671475996
-15.501512555607562,-10.299804912751888
-15.496521454993498,-10.297969433245173
-15.491530354379442,-10.296133232746238
-15.486539253765379,-10.294296311045484
-15.481548153151316,-10.292458667933245
-15.476557052537252,-10.29062030319985
-15.471565951923196,-10.288781216635586
-15.466574851309133,-10.286941408030717
-15.46158375069507,-10.285100877175477
-15.456592650081006,-10.28325962386006
-15.45160154946695,-10.281417647874665
-15.446610448852887,-10.279574949009422
-15.441619348238824,-10.277731527054442
-15.43662824762476,-10.275887381799837
-15.431637147010704,-10.274042513035667
-15.426646046396641,-10.272196920551943
-15.421654945782578,-10.270350604138676
-15.416663845168522,-10.268503563585849
-15.411672744554458,-10.2666557986834
-15.406681643940395,-10.264807309221256
-15.401690543326332,-10.262958094989289
-15.396699442712276,-10.261108155777375
-15.391708342098212,-10.259257491375337
-15.386717241484149,-10.257406101572977
-15.381726140870086,-10.255553986160074
-15.37673504025603,-10.25370114492637
-15.371743939641966,-10.251847577661577
-15.366752839027903,-10.249993284155385
-15.36176173841384,-10.248138264197454
-15.356770637799784,-10.246282517577418
-15.35177953718572,-10.244426044084893
-15.346788436571657,-10.242568843509414
-15.341797335957594,-10.24071091564055
-15.336806235343538,-10.238852260267834
-15.331815134729474,-10.236992877180722
-15.326824034115411,-10.235132766168677
-15.321832933501355,-10.233271927021153
-15.316841832887292,-10.23141035952753
-15.311850732273228,-10.229548063477196
-15.306859631659165,-10.227685038659486
-15.301868531045109,-10.22582128486372
-15.296877430431046,-10.223956801879197
-15.291886329816982,-10.222091589495152
-15.28689522920292,-10.220225647500833
-15.281904128588863,-10.218358975685438
-15.2769130279748,-10.216491573838152
-15.271921927360737,-10.214623441748108
-15.266930826746673,-10.212754579204434
-15.261939726132617,-10.210884985996207
-15.256948625518554,-10.209014661912503
-15.25195752490449,-10.207143606742346
-15.246966424290427,-10.205271820274733
-15.241975323676371,-10.20339930229865
-15.236984223062308,-10.201526052603041
-15.231993122448245,-10.199652070976825
-15.227002021834181,-10.197777357208897
-15.222010921220125,-10.195901911088109
-15.217019820606062,-10.194025732403304
-15.212028719991999,-10.192148820943292
-15.207037619377942,-10.190271176496845
-15.20204651876388,-10.18839279885271
-15.197055418149816,-10.186513687799607
-15.192064317535753,-10.184633843126237
-15.187073216921696,-10.182753264621256
-15.182082116307633,-10.180871952073318
-15.17709101569357,-10.178989905271
-15.172099915079507,-10.177107124002896
-15.16710881446545,-10.175223608057577
-15.162117713851387,-10.173339357223549
-15.157126613237324,-10.17145437128931
-15.15213551262326,-10.169568650043322
-15.147144412009204,-10.167682193274036
-15.142153311395141,-10.16579500076985
-15.137162210781078,-10.163907072319164
-15.132171110167015,-10.162018407710312
-15.127180009552958,-10.16012900673165
-15.122188908938895,-10.158238869171443
-15.117197808324832,-10.156347994817988
-15.112206707710776,-10.15445638345951
-15.107215607096713,-10.152564034884238
-15.10222450648265,-10.150670948880345
-15.097233405868586,-10.148777125236007
-15.09224230525453,-10.146882563739338
-15.087251204640467,-10.144987264178452
-15.082260104026403,-10.143091226341413
-15.07726900341234,-10.141194450016283
-15.072277902798284,-10.139296934991068
-15.06728680218422,-10.137398681053753
-15.062295701570157,-10.135499687992313
-15.057304600956094,-10.133599955594688
-15.052313500342038,-10.131699483648775
-15.047322399727975,-10.129798271942459
-15.042331299113911,-10.12789632026359
-15.037340198499848,-10.12599362839998
-15.032349097885792,-10.12409019613944
-15.027357997271729,-10.122186023269728
-15.022366896657665,-10.120281109578588
-15.01737579604361,-10.118375454853732
-15.012384695429546,-10.11646905888285
-15.007393594815483,-10.11456192145359
-15.00240249420142,-10.112654042353569
-14.997411393587363,-10.110745421370424
-14.9924202929733,-10.108836058291695
-14.987429192359237,-10.106925952904929
-14.982438091745173,-10.105015104997662
-14.977446991131117,-10.103103514357374
-14.972455890517054,-10.101191180771531
-14.96746478990299,-10.099278104027556
-14.962473689288927,-10.09736428391287
-14.957482588674871,-10.095449720214846
-14.952491488060808,-10.093534412720832
-14.947500387446745,-10.09161836121816
-14.942509286832681,-10.08970156549411
-14.937518186218625,-10.08778402533597
-14.932527085604562,-10.08586574053097
-14.927535984990499,-10.083946710866318
-14.922544884376443,-10.082026936129214
-14.91755378376238,-10.080106416106817
-14.912562683148316,-10.078185150586233
-14.907571582534253,-10.076263139354587
-14.902580481920197,-10.074340382198937
-14.897589381306133,-10.072416878906358
-14.89259828069207,-10.070492629263839
-14.887607180078007,-10.068567633058402
-14.88261607946395,-10.06664189007699
-14.877624978849887,-10.064715400106554
-14.872633878235824,-10.062788162933982
-14.86764277762176,-10.060860178346186
-14.862651677007705,-10.058931446130009
-14.857660576393641,-10.057001966072262
-14.852669475779578,-10.055071737959768
-14.847678375165515,-10.053140761579304
-14.842687274551459,-10.051209036717596
-14.837696173937395,-10.049276563161364
-14.832705073323332,-10.047343340697314
-14.827713972709269,-10.045409369112086
-14.822722872095213,-10.04347464819234
-14.81773177148115,-10.041539177724678
-14.812740670867086,-10.039602957495669
-14.80774957025303,-10.037665987291877
-14.802758469638967,-10.035728266899838
-14.797767369024903,-10.033789796106028
-14.79277626841084,-10.031850574696927
-14.787785167796784,-10.029910602458992
-14.78279406718272,-10.02796987917863
-14.777802966568657,-10.026028404642231
-14.772811865954594,-10.024086178636157
-14.767820765340538,-10.022143200946756
-14.762829664726475,-10.020199471360328
-14.757838564112411,-10.018254989663143
-14.752847463498348,-10.01630975564147
-14.747856362884292,-10.014363769081525
-14.742865262270229,-10.01241702976952
-14.737874161656165,-10.010469537491614
-14.732883061042102,-10.008521292033965
-14.727891960428046,-10.006572293182687
-14.722900859813983,-10.004622540723865
-14.71790975919992,-10.002672034443565
-14.712918658585863,-10.000720774127835
-14.7079275579718,-9.998768759562667
-14.702936457357737,-9.99681599053405
-14.697945356743674,-9.99486246682795
-14.692954256129617,-9.992908188230292
-14.687963155515554,-9.99095315452696
-14.68297205490149,-9.988997365503845
-14.677980954287428,-9.987040820946795
-14.672989853673371,-9.985083520641624
-14.667998753059308,-9.983125464374126
-14.663007652445245,-9.981166651930064
-14.658016551831182,-9.979207083095192
-14.653025451217125,-9.977246757655205
-14.648034350603062,-9.975285675395808
-14.643043249988999,-9.973323836102637
-14.638052149374936,-9.97136123956134
-14.63306104876088,-9.969397885557521
-14.628069948146816,-9.967433773876733
-14.623078847532753,-9.965468904304567
-14.618087746918697,-9.96350327662652
-14.613096646304633,-9.961536890628096
-14.60810554569057,-9.959569746094768
-14.603114445076507,-9.957601842811977
-14.59812334446245,-9.955633180565142
-14.593132243848387,-9.95366375913965
-14.588141143234324,-9.95169357832087
-14.583150042620261,-9.949722637894116
-14.578158942006205,-9.947750937644729
-14.573167841392141,-9.94577847735798
-14.568176740778078,-9.943805256819124
-14.563185640164015,-9.941831275813383
-14.558194539549959,-9.939856534125964
-14.553203438935896,-9.937881031542048
-14.548212338321832,-9.93590476784678
-14.543221237707769,-9.933927742825286
-14.538230137093713,-9.93194995626267
-14.53323903647965,-9.929971407943972
-14.528247935865586,-9.927992097654265
-14.52325683525153,-9.926012025178547
-14.518265734637467,-9.924031190301815
-14.513274634023404,-9.922049592809032
-14.50828353340934,-9.920067232485128
-14.503292432795284,-9.918084109115009
-14.49830133218122,-9.916100222483582
-14.493310231567158,-9.914115572375671
-14.488319130953094,-9.912130158576124
-14.483328030339038,-9.91014398086975
-14.478336929724975,-9.90815703904131
-14.473345829110912,-9.906169332875544
-14.468354728496848,-9.90418086215721
-14.463363627882792,-9.90219162667099
-14.458372527268729,-9.900201626201547
-14.453381426654666,-9.898210860533522
-14.448390326040602,-9.896219329451556
-14.443399225426546,-9.894227032740224
-14.438408124812483,-9.892233970184082
-14.43341702419842,-9.890240141567675
-14.428425923584356,-9.888245546675526
-14.4234348229703,-9.886250185292118
-14.418443722356237,-9.884254057201902
-14.413452621742174,-9.88225716218931
-14.408461521128118,-9.880259500038761
-14.403470420514054,-9.878261070534613
-14.398479319899991,-9.876261873461242
-14.393488219285928,-9.874261908602966
-14.388497118671872,-9.872261175744084
-14.383506018057808,-9.870259674668882
-14.378514917443745,-9.868257405161598
-14.373523816829682,-9.866254367006452
-14.368532716215626,-9.86425055998766
-14.363541615601562,-9.86224598388937
-14.358550514987499,-9.86024063849572
-14.353559414373436,-9.85823452359085
-14.34856831375938,-9.856227638958844
-14.343577213145316,-9.854219984383768
-14.338586112531253,-9.85221155964965
-14.33359501191719,-9.850202364540511
-14.328603911303134,-9.848192398840347
-14.32361281068907,-9.846181662333104
-14.318621710075007,-9.84417015480271
-14.313630609460951,-9.842157876033093
-14.308639508846888,-9.840144825808125
-14.303648408232824,-9.838131003911661
-14.298657307618761,-9.836116410127534
-14.293666207004705,-9.834101044239544
-14.288675106390642,-9.83208490603148
-14.283684005776578,-9.830067995287079
-14.278692905162515,-9.828050311790065
-14.273701804548459,-9.826031855324162
-14.268710703934396,-9.824012625673019
-14.263719603320332,-9.821992622620284
-14.25872850270627,-9.819971845949592
-14.253737402092213,-9.817950295444541
-14.24874630147815,-9.815927970888687
-14.243755200864086,-9.813904872065574
-14.238764100250023,-9.811880998758724
-14.233772999635967,-9.809856350751648
-14.228781899021904,-9.80783092782778
-14.22379079840784,-9.805804729770593
-14.218799697793784,-9.803777756363468
-14.213808597179721,-9.801750007389808
-14.208817496565658,-9.799721482632982
-14.203826395951594,-9.797692181876322
-14.198835295337538,-9.795662104903142
-14.193844194723475,-9.793631251496713
-14.188853094109412,-9.791599621440314
-14.183861993495348,-9.789567214517167
-14.178870892881292,-9.787534030510479
-14.173879792267229,-9.785500069203444
-14.168888691653166,-9.783465330379208
-14.163897591039103,-9.781429813820894
-14.158906490425046,-9.779393519311622
-14.153915389810983,-9.77735644663447
-14.14892428919692,-9.775318595572475
-14.143933188582857,-9.773279965908687
-14.1389420879688,-9.77124055742611
-14.133950987354737,-9.769200369907686
-14.128959886740674,-9.76715940313639
-14.12396878612661,-9.765117656895153
-14.118977685512554,-9.76307513096686
-14.113986584898491,-9.761031825134406
-14.108995484284428,-9.758987739180618
-14.104004383670372,-9.75694287288833
-14.099013283056308,-9.75489722604032
-14.094022182442245,-9.752850798419383
-14.089031081828182,-9.750803589808262
-14.084039981214126,-9.74875559998966
-14.079048880600062,-9.7467068287463
-14.074057779986,-9.744657275860828
-14.069066679371936,-9.742606941115897
-14.06407557875788,-9.740555824294123
-14.059084478143816,-9.738503925178106
-14.054093377529753,-9.7364512435504
-14.04910227691569,-9.734397779193566
-14.044111176301634,-9.732343531890102
-14.03912007568757,-9.730288501422509
-14.034128975073507,-9.728232687573255
-14.029137874459444,-9.726176090124785
-14.024146773845388,-9.724118708859496
-14.019155673231324,-9.722060543559788
-14.014164572617261,-9.720001594008027
-14.009173472003205,-9.717941859986565
-14.004182371389142,-9.715881341277688
-13.999191270775079,-9.713820037663707
-13.994200170161015,-9.711757948926868
-13.989209069546959,-9.709695074849426
-13.984217968932896,-9.707631415213582
-13.979226868318833,-9.70556696980154
-13.97423576770477,-9.703501738395433
-13.969244667090713,-9.70143572077742
-13.96425356647665,-9.699368916729613
-13.959262465862587,-9.697301326034095
-13.954271365248523,-9.695232948472915
-13.949280264634467,-9.69316378382813
-13.944289164020404,-9.691093831881744
-13.93929806340634,-9.68902309241573
-13.934306962792277,-9.686951565212064
-13.929315862178221,-9.684879250052669
-13.924324761564158,-9.682806146719479
-13.919333660950095,-9.68073225499435
-13.914342560336038,-9.678657574659159
-13.909351459721975,-9.676582105495738
-13.904360359107912,-9.674505847285904
-13.899369258493849,-9.672428799811422
-13.894378157879792,-9.670350962854078
-13.88938705726573,-9.668272336195585
-13.884395956651666,-9.666192919617671
-13.879404856037603,-9.664112712902014
-13.874413755423546,-9.66203171583027
-13.869422654809483,-9.65994992818408
-13.86443155419542,-9.657867349745045
-13.859440453581357,-9.655783980294768
-13.8544493529673,-9.653699819614793
-13.849458252353237,-9.65161486748667
-13.844467151739174,-9.649529123691888
-13.83947605112511,-9.647442588011948
-13.834484950511055,-9.645355260228312
-13.829493849896991,-9.643267140122415
-13.824502749282928,-9.641178227475663
-13.819511648668872,-9.639088522069445
-13.814520548054809,-9.636998023685116
-13.809529447440745,-9.634906732104028
-13.804538346826682,-9.632814647107484
-13.799547246212626,-9.630721768476764
-13.794556145598563,-9.628628095993136
-13.7895650449845,-9.626533629437844
-13.784573944370436,-9.624438368592092
-13.77958284375638,-9.622342313237072
-13.774591743142317,-9.620245463153951
-13.769600642528253,-9.618147818123864
-13.76460954191419,-9.61604937792792
-13.759618441300134,-9.613950142347225
-13.75462734068607,-9.61185011116282
-13.749636240072007,-9.60974928415576
-13.744645139457944,-9.607647661107064
-13.739654038843888,-9.605545241797701
-13.734662938229825,-9.603442026008668
-13.729671837615761,-9.601338013520873
-13.724680737001698,-9.599233204115277
-13.719689636387642,-9.597127597572733
-13.714698535773579,-9.595021193674116
-13.709707435159515,-9.592913992200282
-13.70471633454546,-9.590805992932044
-13.699725233931396,-9.588697195650191
-13.694734133317333,-9.586587600135505
-13.68974303270327,-9.584477206168724
-13.684751932089213,-9.582366013530562
-13.67976083147515,-9.580254022001736
-13.674769730861087,-9.578141231362883
-13.669778630247023,-9.57602764139469
-13.664787529632967,-9.573913251877757
-13.659796429018904,-9.57179806259268
-13.65480532840484,-9.569682073320052
-13.649814227790777,-9.567565283840414
-13.644823127176721,-9.565447693934289
-13.639832026562658,-9.563329303382167
-13.634840925948595,-9.561210111964545
-13.629849825334531,-9.559090119461876
-13.624858724720475,-9.556969325654562
-13.619867624106412,-9.554847730323036
-13.614876523492349,-9.552725333247656
-13.609885422878293,-9.550602134208793
-13.60489432226423,-9.548478132986771
-13.599903221650166,-9.546353329361908
-13.594912121036103,-9.544227723114473
-13.589921020422047,-9.542101314024729
-13.584929919807983,-9.539974101872916
-13.57993881919392,-9.53784608643923
-13.574947718579857,-9.535717267503859
-13.5699566179658,-9.533587644846989
-13.564965517351737,-9.531457218248741
-13.559974416737674,-9.529325987489212
-13.55498331612361,-9.527193952348515
-13.549992215509555,-9.525061112606709
-13.545001114895491,-9.52292746804383
-13.540010014281428,-9.520793018439896
-13.535018913667365,-9.51865776357491
-13.530027813053309,-9.516521703228829
-13.525036712439245,-9.51438483718161
-13.520045611825182,-9.51224716521315
-13.515054511211126,-9.510108687103374
-13.510063410597063,-9.50796940263214
-13.505072309983,-9.505829311579312
-13.500081209368936,-9.503688413724694
-13.49509010875488,-9.5015467088481
-13.490099008140817,-9.499404196729296
-13.485107907526753,-9.497260877148044
-13.48011680691269,-9.495116749884076
-13.475125706298634,-9.492971814717093
-13.47013460568457,-9.490826071426785
-13.465143505070508,-9.48867951979279
-13.460152404456444,-9.486532159594752
-13.455161303842388,-9.484383990612297
-13.450170203228325,-9.482235012624981
-13.445179102614262,-9.480085225412386
-13.440188002000198,-9.477934628754053
-13.435196901386142,-9.475783222429486
-13.430205800772079,-9.473631006218175
-13.425214700158016,-9.471477979899602
-13.42022359954396,-9.469324143253196
-13.415232498929896,-9.467169496058375
-13.410241398315833,-9.465014038094544
-13.40525029770177,-9.462857769141069
-13.400259197087713,-9.460700688977315
-13.39526809647365,-9.458542797382584
-13.390276995859587,-9.456384094136176
-13.385285895245524,-9.454224579017408
-13.380294794631467,-9.452064251805487
-13.375303694017404,-9.449903112279664
-13.37031259340334,-9.447741160219135
-13.365321492789278,-9.445578395403103
-13.360330392175221,-9.443414817610712
-13.355339291561158,-9.441250426621108
-13.350348190947095,-9.439085222213395
-13.345357090333032,-9.43691920416666
-13.340365989718975,-9.434752372259977
-13.335374889104912,-9.432584726272381
-13.330383788490849,-9.430416265982892
-13.325392687876786,-9.428246991170504
-13.32040158726273,-9.4260769016142
-13.315410486648666,-9.423905997092909
-13.310419386034603,-9.421734277385568
-13.305428285420547,-9.419561742271076
-13.300437184806484,-9.417388391528316
-13.29544608419242,-9.415214224936118
-13.290454983578357,-9.413039242273344
-13.2854638829643,-9.410863443318785
-13.280472782350238,-9.408686827851229
-13.275481681736174,-9.406509395649438
-13.270490581122111,-9.404331146492138
-13.265499480508055,-9.402152080158066
-13.260508379893992,-9.399972196425887
-13.255517279279928,-9.397791495074287
-13.250526178665865,-9.39560997588191
-13.245535078051809,-9.393427638627376
-13.240543977437746,-9.391244483089263
-13.235552876823682,-9.389060509046168
-13.230561776209619,-9.386875716276643
-13.225570675595563,-9.384690104559201
-13.2205795749815,-9.382503673672357
-13.215588474367436,-9.380316423394579
-13.21059737375338,-9.378128353504346
-13.205606273139317,-9.37593946378009
-13.200615172525254,-9.373749754000213
-13.19562407191119,-9.371559223943105
-13.190632971297134,-9.369367873387143
-13.185641870683071,-9.367175702110663
-13.180650770069008,-9.364982709891981
-13.175659669454944,-9.362788896509409
-13.170668568840888,-9.360594261741198
-13.165677468226825,-9.358398805365617
-13.160686367612762,-9.35620252716089
-13.155695266998698,-9.354005426905223
-13.150704166384642,-9.351807504376794
-13.145713065770579,-9.349608759353762
-13.140721965156516,-9.347409191614242
-13.135730864542452,-9.345208800936394
-13.130739763928396,-9.34300758709828
-13.125748663314333,-9.34080554987797
-13.12075756270027,-9.338602689053493
-13.115766462086214,-9.3363990044029
-13.11077536147215,-9.334194495704173
-13.105784260858087,-9.331989162735281
-13.100793160244024,-9.32978300527419
-13.095802059629968,-9.327576023098832
-13.090810959015904,-9.325368215987101
-13.085819858401841,-9.323159583716887
-13.080828757787778,-9.320950126066055
-13.075837657173722,-9.318739842812438
-13.070846556559658,-9.316528733733854
-13.065855455945595,-9.3143167986081
-13.060864355331532,-9.31210403721294
-13.055873254717476,-9.309890449326126
-13.050882154103412,-9.30767603472539
-13.045891053489349,-9.305460793188415
-13.040899952875286,-9.3032447244929
-13.03590885226123,-9.301027828416498
-13.030917751647166,-9.298810104736832
-13.025926651033103,-9.296591553231531
-13.020935550419047,-9.294372173678166
-13.015944449804984,-9.292151965854307
-13.01095334919092,-9.289930929537514
-13.005962248576857,-9.287709064505295
-13.000971147962801,-9.285486370535157
-12.995980047348738,-9.283262847404561
-12.990988946734674,-9.281038494890975
-12.985997846120611,-9.278813312771831
-12.981006745506555,-9.276587300824524
-12.976015644892492,-9.274360458826452
-12.971024544278428,-9.272132786554982
-12.966033443664365,-9.269904283787433
-12.961042343050309,-9.267674950301156
-12.956051242436246,-9.265444785873425
-12.951060141822182,-9.263213790281526
-12.94606904120812,-9.260981963302694
-12.941077940594063,-9.258749304714184
-12.93608683998,-9.256515814293182
-12.931095739365936,-9.25428149181687
-12.926104638751873,-9.252046337062422
-12.921113538137817,-9.249810349806983
-12.916122437523754,-9.247573529827656
-12.91113133690969,-9.245335876901539
-12.906140236295634,-9.243097390805719
-12.901149135681571,-9.240858071317234
-12.896158035067508,-9.2386179182131
-12.891166934453445,-9.236376931270353
-12.886175833839388,-9.234135110265964
-12.881184733225325,-9.231892454976876
-12.876193632611262,-9.229648965180061
-12.871202531997199,-9.227404640652413
-12.866211431383142,-9.225159481170843
-12.86122033076908,-9.222913486512203
-12.856229230155016,-9.220666656453362
-12.851238129540953,-9.218418990771143
-12.846247028926896,-9.216170489242359
-12.841255928312833,-9.213921151643778
-12.83626482769877,-9.211670977752176
-12.831273727084707,-9.209419967344298
-12.82628262647065,-9.207168120196847
-12.821291525856587,-9.204915436086523
-12.816300425242524,-9.20266191479002
-12.811309324628468,-9.200407556083974
-12.806318224014404,-9.198152359744997
-12.801327123400341,-9.195896325549723
-12.796336022786278,-9.193639453274734
-12.791344922172222,-9.191381742696612
-12.786353821558158,-9.189123193591856
-12.781362720944095,-9.186863805737024
-12.776371620330032,-9.18460357890859
-12.771380519715976,-9.182342512883054
-12.766389419101912,-9.180080607436853
-12.76139831848785,-9.177817862346416
-12.756407217873786,-9.175554277388171
-12.75141611725973,-9.17328985233851
-12.746425016645667,-9.171024586973783
-12.741433916031603,-9.168758481070345
-12.73644281541754,-9.166491534404512
-12.731451714803484,-9.164223746752613
-12.72646061418942,-9.16195511789089
-12.721469513575357,-9.15968564759562
-12.716478412961301,-9.157415335643043
-12.711487312347238,-9.155144181809376
-12.706496211733175,-9.152872185870807
-12.701505111119111,-9.150599347603507
-12.696514010505055,-9.148325666783633
-12.691522909890992,-9.146051143187305
-12.686531809276929,-9.143775776590633
-12.681540708662865,-9.141499566769696
-12.67654960804881,-9.139222513500576
-12.671558507434746,-9.1369446165593
-12.666567406820683,-9.13466587572189
-12.66157630620662,-9.132386290764341
-12.656585205592563,-9.130105861462647
-12.6515941049785,-9.12782458759275
-12.646603004364437,-9.125542468930597
-12.641611903750373,-9.123259505252078
-12.636620803136317,-9.120975696333108
-12.631629702522254,-9.11869104194954
-12.62663860190819,-9.116405541877231
-12.621647501294127,-9.114119195892002
-12.616656400680071,-9.111832003769672
-12.611665300066008,-9.109543965286015
-12.606674199451945,-9.10725508021678
-12.601683098837889,-9.10496534833774
-12.596691998223825,-9.102674769424588
-12.591700897609762,-9.100383343253045
-12.586709796995699,-9.098091069598764
-12.581718696381643,-9.095797948237413
-12.57672759576758,-9.093503978944632
-12.571736495153516,-9.091209161496023
-12.566745394539453,-9.08891349566718
-12.561754293925397,-9.086616981233696
-12.556763193311333,-9.084319617971087
-12.55177209269727,-9.082021405654901
-12.546780992083207,-9.079722344060638
-12.54178989146915,-9.07742243296379
-12.536798790855087,-9.075121672139817
-12.531807690241024,-9.072820061364164
-12.52681658962696,-9.07051760041226
-12.521825489012905,-9.068214289059492
-12.516834388398841,-9.065910127081251
-12.511843287784778,-9.063605114252885
-12.506852187170722,-9.061299250349748
-12.501861086556659,-9.05899253514714
-12.496869985942595,-9.056684968420369
-12.491878885328532,-9.0543765499447
-12.486887784714476,-9.052067279495402
-12.481896684100413,-9.049757156847686
-12.47690558348635,-9.04744618177679
-12.471914482872286,-9.04513435405788
-12.46692338225823,-9.04282167346613
-12.461932281644167,-9.040508139776705
-12.456941181030103,-9.038193752764714
-12.45195008041604,-9.035878512205281
-12.446958979801984,-9.033562417873467
-12.44196787918792,-9.031245469544372
-12.436976778573857,-9.028927666992997
-12.431985677959794,-9.026609009994408
-12.426994577345738,-9.024289498323586
-12.422003476731675,-9.02196913175551
-12.417012376117611,-9.019647910065139
-12.412021275503555,-9.017325833027426
-12.407030174889492,-9.015002900417283
-12.402039074275429,-9.0126791120096
-12.397047973661365,-9.010354467579267
-12.39205687304731,-9.008028966901136
-12.387065772433246,-9.005702609750053
-12.382074671819183,-9.00337539590081
-12.37708357120512,-9.001047325128221
-12.372092470591063,-8.998718397207053
-12.367101369977,-8.996388611912062
-12.362110269362937,-8.994057969017971
-12.357119168748874,-8.991726468299511
-12.352128068134817,-8.98939410953136
-12.347136967520754,-8.98706089248818
-12.34214586690669,-8.984726816944637
-12.337154766292628,-8.982391882675355
-12.332163665678571,-8.98005608945495
-12.327172565064508,-8.97771943705799
-12.322181464450445,-8.975381925259065
-12.317190363836389,-8.973043553832708
-12.312199263222325,-8.970704322553456
-12.307208162608262,-8.968364231195809
-12.302217061994199,-8.966023279534248
-12.297225961380143,-8.963681467343255
-12.29223486076608,-8.961338794397257
-12.287243760152016,-8.958995260470681
-12.282252659537953,-8.956650865337952
-12.277261558923897,-8.954305608773435
-12.272270458309833,-8.951959490551484
-12.26727935769577,-8.94961251044645
-12.262288257081707,-8.947264668232675
-12.25729715646765,-8.944915963684428
-12.252306055853587,-8.942566396576025
-12.247314955239524,-8.940215966681697
-12.242323854625461,-8.937864673775712
-12.237332754011405,-8.935512517632274
-12.232341653397341,-8.933159498025583
-12.227350552783278,-8.930805614729818
-12.222359452169215,-8.928450867519155
-12.217368351555159,-8.926095256167725
-12.212377250941095,-8.923738780449655
-12.207386150327032,-8.921381440139026
-12.202395049712976,-8.919023235009925
-12.197403949098913,-8.916664164836423
-12.19241284848485,-8.914304229392545
-12.187421747870786,-8.911943428452322
-12.18243064725673,-8.909581761789736
-12.177439546642667,-8.907219229178791
-12.172448446028604,-8.904855830393416
-12.16745734541454,-8.90249156520758
-12.162466244800484,-8.900126433395185
-12.15747514418642,-8.897760434730124
-12.152484043572358,-8.895393568986288
-12.147492942958294,-8.893025835937527
-12.142501842344238,-8.890657235357693
-12.137510741730175,-8.888287767020584
-12.132519641116112,-8.885917430700015
-12.127528540502048,-8.88354622616976
-12.122537439887992,-8.881174153203588
-12.117546339273929,-8.87880121157521
-12.112555238659866,-8.876427401058374
-12.10756413804581,-8.874052721426759
-12.102573037431746,-8.871677172454065
-12.097581936817683,-8.869300753913931
-12.09259083620362,-8.866923465580008
-12.087599735589563,-8.86454530722591
-12.0826086349755,-8.862166278625244
-12.077617534361437,-8.859786379551592
-12.072626433747374,-8.857405609778503
-12.067635333133317,-8.855023969079522
-12.062644232519254,-8.852641457228176
-12.057653131905191,-8.850258073997956
-12.052662031291128,-8.847873819162363
-12.047670930677072,-8.84548869249484
-12.042679830063008,-8.843102693768829
-12.037688729448945,-8.84071582275776
-12.032697628834882,-8.838328079235039
-12.027706528220826,-8.83593946297405
-12.022715427606762,-8.83354997374814
-12.017724326992699,-8.83115961133067
-12.012733226378643,-8.828768375494965
-12.00774212576458,-8.826376266014314
-12.002751025150516,-8.823983282662025
-11.997759924536453,-8.821589425211336
-11.992768823922397,-8.819194693435525
-11.987777723308334,-8.816799087107801
-11.98278662269427,-8.814402606001368
-11.977795522080207,-8.812005249889419
-11.97280442146615,-8.809607018545128
-11.967813320852088,-8.807207911741642
-11.962822220238024,-8.804807929252078
-11.957831119623961,-8.802407070849563
-11.952840019009905,-8.800005336307178
-11.947848918395842,-8.797602725397997
-11.942857817781778,-8.795199237895073
-11.937866717167715,-8.79279487357144
-11.932875616553659,-8.790389632200112
-11.927884515939596,-8.787983513554078
-11.922893415325532,-8.785576517406307
-11.917902314711476,-8.783168643529784
-11.912911214097413,-8.780759891697416
-11.90792011348335,-8.778350261682128
-11.902929012869286,-8.775939753256814
-11.89793791225523,-8.773528366194363
-11.892946811641167,-8.771116100267628
-11.887955711027104,-8.768702955249443
-11.88296461041304,-8.766288930912644
-11.877973509798984,-8.763874027030022
-11.872982409184921,-8.761458243374367
-11.867991308570858,-8.759041579718433
-11.863000207956794,-8.756624035834973
-11.858009107342738,-8.754205611496712
-11.853018006728675,-8.751786306476353
-11.848026906114612,-8.749366120546584
-11.843035805500548,-8.746945053480076
-11.838044704886492,-8.744523105049476
-11.833053604272429,-8.742100275027411
-11.828062503658366,-8.7396765631865
-11.823071403044302,-8.73725196929933
-11.818080302430246,-8.734826493138465
-11.813089201816183,-8.73240013447648
-11.80809810120212,-8.729972893085904
-11.803107000588064,-8.727544768739243
-11.798115899974,-8.725115761209008
-11.793124799359937,-8.722685870267668
-11.788133698745874,-8.720255095687678
-11.783142598131818,-8.717823437241504
-11.778151497517754,-8.715390894701546
-11.773160396903691,-8.712957467840202
-11.768169296289628,-8.710523156429874
-11.763178195675572,-8.708087960242933
-11.758187095061508,-8.705651879051707
-11.753195994447445,-8.703214912628532
-11.748204893833382,-8.700777060745716
-11.743213793219326,-8.698338323175562
-11.738222692605262,-8.695898699690316
-11.7332315919912,-8.693458190062264
-11.728240491377136,-8.691016794063609
-11.72324939076308,-8.68857451146659
-11.718258290149016,-8.686131342043401
-11.713267189534953,-8.683687285566208
-11.708276088920897,-8.681242341807192
-11.703284988306834,-8.678796510538477
-11.69829388769277,-8.676349791532182
-11.693302787078707,-8.673902184560433
-11.688311686464651,-8.67145368939531
-11.683320585850588,-8.669004305808864
-11.678329485236524,-8.66655403357317
-11.673338384622461,-8.664102872460232
-11.668347284008405,-8.661650822242073
-11.663356183394342,-8.659197882690695
-11.658365082780278,-8.656744053578057
-11.653373982166215,-8.65428933467613
-11.648382881552159,-8.651833725756855
-11.643391780938096,-8.64937722659213
-11.638400680324033,-8.646919836953874
-11.63340957970997,-8.644461556613965
-11.628418479095913,-8.642002385344279
-11.62342737848185,-8.639542322916641
-11.618436277867787,-8.637081369102894
-11.61344517725373,-8.63461952367485
-11.608454076639667,-8.632156786404291
-11.603462976025604,-8.629693157062992
-11.59847187541154,-8.627228635422709
-11.593480774797484,-8.62476322125519
-11.588489674183421,-8.622296914332138
-11.583498573569358,-8.619829714425256
-11.578507472955295,-8.617361621306241
-11.573516372341238,-8.614892634746735
-11.568525271727175,-8.6124227545184
-11.563534171113112,-8.609951980392843
-11.558543070499049,-8.607480312141702
-11.553551969884992,-8.605007749536563
-11.54856086927093,-8.602534292348988
-11.543569768656866,-8.600059940350528
-11.538578668042803,-8.59758469331273
-11.533587567428746,-8.595108551007112
-11.528596466814683,-8.592631513205182
-11.52360536620062,-8.59015357967841
-11.518614265586557,-8.587674750198264
-11.5136231649725,-8.585195024536203
-11.508632064358437,-8.582714402463644
-11.503640963744374,-8.580232883752
-11.498649863130318,-8.577750468172672
-11.493658762516255,-8.575267155497025
-11.488667661902191,-8.572782945496426
-11.483676561288128,-8.570297837942212
-11.478685460674072,-8.567811832605697
-11.473694360060009,-8.565324929258201
-11.468703259445945,-8.562837127671
-11.463712158831882,-8.560348427615361
-11.458721058217826,-8.557858828862537
-11.453729957603763,-8.555368331183766
-11.4487388569897,-8.55287693435025
-11.443747756375636,-8.550384638133195
-11.43875665576158,-8.547891442303786
-11.433765555147517,-8.54539734663318
-11.428774454533453,-8.542902350892508
-11.42378335391939,-8.540406454852919
-11.418792253305334,-8.537909658285516
-11.41380115269127,-8.535411960961376
-11.408810052077207,-8.53291336265159
-11.403818951463151,-8.530413863127203
-11.398827850849088,-8.527913462159253
-11.393836750235025,-8.525412159518776
-11.388845649620961,-8.522909954976756
-11.383854549006905,-8.520406848304193
-11.378863448392842,-8.517902839272043
-11.373872347778779,-8.515397927651259
-11.368881247164715,-8.512892113212787
-11.36389014655066,-8.510385395727527
-11.358899045936596,-8.507877774966385
-11.353907945322533,-8.505369250700245
-11.34891684470847,-8.502859822699964
-11.343925744094413,-8.500349490736383
-11.33893464348035,-8.497838254580337
-11.333943542866287,-8.49532611400265
-11.328952442252223,-8.492813068774092
-11.323961341638167,-8.490299118665455
-11.318970241024104,-8.487784263447505
-11.31397914041004,-8.48526850289096
-11.308988039795985,-8.482751836766566
-11.303996939181921,-8.480234264845008
-11.299005838567858,-8.477715786896988
-11.294014737953795,-8.475196402693195
-11.289023637339739,-8.472676112004267
-11.284032536725675,-8.470154914600833
-11.279041436111612,-8.467632810253535
-11.274050335497549,-8.465109798732966
-11.269059234883493,-8.462585879809719
-11.26406813426943,-8.46006105325435
-11.259077033655366,-8.45753531883742
-11.254085933041303,-8.455008676329467
-11.249094832427247,-8.452481125501022
-11.244103731813183,-8.449952666122558
-11.23911263119912,-8.447423297964564
-11.234121530585057,-8.444893020797528
-11.229130429971,-8.442361834391885
-11.224139329356937,-8.439829738518068
-11.219148228742874,-8.437296732946487
-11.214157128128818,-8.43476281744756
-11.209166027514755,-8.432227991791656
-11.204174926900691,-8.42969225574914
-11.199183826286628,-8.427155609090363
-11.194192725672572,-8.424618051585657
-11.189201625058509,-8.422079583005335
-11.184210524444445,-8.419540203119693
-11.179219423830382,-8.416999911699012
-11.174228323216326,-8.41445870851356
-11.169237222602263,-8.41191659333358
-11.1642461219882,-8.409373565929302
-11.159255021374136,-8.40682962607094
-11.15426392076008,-8.404284773528683
-11.149272820146017,-8.40173900807274
-11.144281719531953,-8.399192329473228
-11.13929061891789,-8.396644737500328
-11.134299518303834,-8.39409623192416
-11.12930841768977,-8.391546812514836
-11.124317317075707,-8.388996479042458
-11.119326216461644,-8.386445231277085
-11.114335115847588,-8.383893068988801
-11.109344015233525,-8.38133999194765
-11.104352914619462,-8.378785999923652
-11.099361814005405,-8.376231092686837
-11.094370713391342,-8.373675270007181
-11.089379612777279,-8.371118531654679
-11.084388512163216,-8.368560877399275
-11.07939741154916,-8.366002307010937
-11.074406310935096,-8.363442820259596
-11.069415210321033,-8.360882416915144
-11.06442410970697,-8.358321096747495
-11.059433009092913,-8.355758859526535
-11.05444190847885,-8.353195705022111
-11.049450807864787,-8.350631633004088
-11.044459707250724,-8.348066643242282
-11.039468606636667,-8.345500735506526
-11.034477506022604,-8.342933909566602
-11.02948640540854,-8.340366165192298
-11.024495304794478,-8.337797502153386
-11.019504204180421,-8.335227920219614
-11.014513103566358,-8.332657419160702
-11.009522002952295,-8.330085998746386
-11.004530902338239,-8.32751365874636
-10.999539801724175,-8.324940398930305
-10.994548701110112,-8.322366219067884
-10.989557600496049,-8.319791118928777
-10.984566499881993,-8.317215098282581
-10.97957539926793,-8.314638156898948
-10.974584298653866,-8.312060294547464
-10.969593198039803,-8.309481510997728
-10.964602097425747,-8.3069018060193
-10.959610996811683,-8.304321179381736
-10.95461989619762,-8.301739630854582
-10.949628795583557,-8.299157160207363
-10.9446376949695,-8.29657376720958
-10.939646594355438,-8.293989451630724
-10.934655493741374,-8.291404213240268
-10.929664393127311,-8.288818051807677
-10.924673292513255,-8.286230967102403
-10.919682191899192,-8.283642958893845
-10.914691091285128,-8.281054026951432
-10.909699990671072,-8.278464171044561
-10.904708890057009,-8.275873390942612
-10.899717789442946,-8.273281686414938
-10.894726688828882,-8.270689057230891
-10.889735588214826,-8.268095503159806
-10.884744487600763,-8.265501023970991
-10.8797533869867,-8.262905619433754
-10.874762286372636,-8.260309289317375
-10.86977118575858,-8.257712033391119
-10.864780085144517,-8.255113851424248
-10.859788984530454,-8.252514743185987
-10.85479788391639,-8.249914708445555
-10.849806783302334,-8.247313746972177
-10.844815682688271,-8.24471185853502
-10.839824582074208,-8.242109042903271
-10.834833481460144,-8.239505299846073
-10.829842380846088,-8.236900629132597
-10.824851280232025,-8.234295030531932
-10.819860179617962,-8.231688503813208
-10.814869079003905,-8.22908104874554
-10.809877978389842,-8.226472665097965
-10.804886877775779,-8.223863352639572
-10.799895777161716,-8.221253111139424
-10.79490467654766,-8.21864194036653
-10.789913575933596,-8.216029840089902
-10.784922475319533,-8.213416810078568
-10.77993137470547,-8.210802850101487
-10.774940274091414,-8.208187959927653
-10.76994917347735,-8.205572139326012
-10.764958072863287,-8.202955388065497
-10.759966972249224,-8.200337705915047
-10.754975871635168,-8.19771909264356
-10.749984771021104,-8.19509954801993
-10.744993670407041,-8.192479071813038
-10.740002569792978,-8.189857663791747
-10.735011469178922,-8.18723532372491
-10.730020368564858,-8.184612051381356
-10.725029267950795,-8.181987846529895
-10.720038167336732,-8.179362708939328
-10.715047066722676,-8.17673663837846
-10.710055966108612,-8.174109634616041
-10.705064865494549,-8.171481697420836
-10.700073764880493,-8.168852826561592
-10.69508266426643,-8.166223021807017
-10.690091563652366,-8.163592282925835
-10.685100463038303,-8.160960609686743
-10.680109362424247,-8.158328001858411
-10.675118261810184,-8.155694459209503
-10.67012716119612,-8.153059981508683
-10.665136060582057,-8.15042456852457
-10.660144959968001,-8.147788220025799
-10.655153859353938,-8.145150935780958
-10.650162758739874,-8.14251271555865
-10.645171658125811,-8.139873559127436
-10.640180557511755,-8.137233466255894
-10.635189456897692,-8.134592436712548
-10.630198356283628,-8.131950470265936
-10.625207255669565,-8.129307566684579
-10.620216155055509,-8.126663725736968
-10.615225054441446,-8.124018947191594
-10.610233953827382,-8.121373230816914
-10.605242853213326,-8.1187265763814
-10.600251752599263,-8.116078983653464
-10.5952606519852,-8.113430452401566
-10.590269551371136,-8.110780982394104
-10.58527845075708,-8.108130573399459
-10.580287350143017,-8.105479225186027
-10.575296249528954,-8.102826937522163
-10.57030514891489,-8.100173710176232
-10.565314048300834,-8.097519542916553
-10.560322947686771,-8.094864435511465
-10.555331847072708,-8.092208387729261
-10.550340746458645,-8.089551399338232
-10.545349645844588,-8.086893470106672
-10.540358545230525,-8.08423459980283
-10.535367444616462,-8.081574788194954
-10.530376344002399,-8.07891403505128
-10.525385243388342,-8.076252340140032
-10.520394142774279,-8.073589703229407
-10.515403042160216,-8.070926124087595
-10.51041194154616,-8.068261602482773
-10.505420840932096,-8.065596138183102
-10.500429740318033,-8.062929730956736
-10.49543863970397,-8.060262380571787
-10.490447539089914,-8.057594086796394
-10.48545643847585,-8.054924849398635
-10.480465337861787,-8.052254668146615
-10.475474237247724,-8.049583542808405
-10.470483136633668,-8.046911473152065
-10.465492036019604,-8.044238458945644
-10.460500935405541,-8.04156449995716
-10.455509834791478,-8.038889595954636
-10.450518734177422,-8.036213746706075
-10.445527633563358,-8.033536951979467
-10.440536532949295,-8.030859211542774
-10.435545432335232,-8.028180525163968
-10.430554331721176,-8.02550089261098
-10.425563231107112,-8.022820313651748
-10.42057213049305,-8.020138788054188
-10.415581029878993,-8.01745631558621
-10.41058992926493,-8.014772896015685
-10.405598828650866,-8.012088529110493
-10.400607728036803,-8.009403214638494
-10.395616627422747,-8.006716952367542
-10.390625526808684,-8.004029742065455
-10.38563442619462,-8.001341583500048
-10.380643325580557,-7.998652476439127
-10.375652224966501,-7.995962420650496
-10.370661124352438,-7.993271415901911
-10.365670023738375,-7.990579461961136
-10.360678923124311,-7.9878865585959185
-10.355687822510255,-7.985192705574
-10.350696721896192,-7.9824979026630904
-10.345705621282129,-7.979802149630883
-10.340714520668065,-7.977105446245088
-10.33572342005401,-7.974407792273376
-10.330732319439946,-7.9717091874834045
-10.325741218825883,-7.969009631642831
-10.32075011821182,-7.966309124519278
-10.315759017597763,-7.963607665880383
-10.3107679169837,-7.960905255493736
-10.305776816369637,-7.958201893126943
-10.30078571575558,-7.9554975785475746
-10.295794615141517,-7.952792311523198
-10.290803514527454,-7.950086091821376
-10.28581241391339,-7.947378919209629
-10.280821313299334,-7.944670793455503
-10.275830212685271,-7.94196171432649
-10.270839112071208,-7.939251681590089
-10.265848011457145,-7.936540695013787
-10.260856910843088,-7.93382875436507
-10.255865810229025,-7.93111585941136
-10.250874709614962,-7.928402009920127
-10.245883609000899,-7.925687205658789
-10.240892508386843,-7.92297144639476
-10.23590140777278,-7.920254731895451
-10.230910307158716,-7.917537061928232
-10.225919206544653,-7.914818436260488
-10.220928105930597,-7.912098854659588
-10.215937005316533,-7.909378316892872
-10.21094590470247,-7.906656822727673
-10.205954804088414,-7.90393437193131
-10.20096370347435,-7.901210964271095
-10.195972602860287,-7.898486599514314
-10.190981502246224,-7.895761277428254
-10.185990401632168,-7.893034997780178
-10.180999301018105,-7.890307760337335
-10.176008200404041,-7.887579564866977
-10.171017099789978,-7.884850411136325
-10.166025999175922,-7.8821202989125965
-10.161034898561859,-7.879389227962978
-10.156043797947795,-7.876657198054661
-10.151052697333732,-7.873924208954822
-10.146061596719676,-7.871190260430636
-10.141070496105613,-7.868455352249218
-10.13607939549155,-7.865719484177723
-10.131088294877486,-7.862982655983275
-10.12609719426343,-7.860244867432974
-10.121106093649367,-7.8575061182939
-10.116114993035303,-7.85476640833316
-10.111123892421247,-7.852025737317812
-10.106132791807184,-7.849284105014902
-10.10114169119312,-7.84654151119148
-10.096150590579057,-7.843797955614568
-10.091159489965001,-7.841053438051185
-10.086168389350938,-7.838307958268334
-10.081177288736875,-7.835561516033017
-10.076186188122811,-7.832814111112179
-10.071195087508755,-7.830065743272817
-10.066203986894692,-7.82731641228186
-10.061212886280629,-7.824566117906256
-10.056221785666565,-7.821814859912926
-10.05123068505251,-7.819062638068774
-10.046239584438446,-7.81630945214071
-10.041248483824383,-7.813555301895626
-10.03625738321032,-7.810800187100371
-10.031266282596263,-7.8080441075218285
-10.0262751819822,-7.805287062926829
-10.021284081368137,-7.802529053082213
-10.016292980754073,-7.799770077754814
-10.011301880140017,-7.797010136711429
-10.006310779525954,-7.794249229718847
-10.00131967891189,-7.791487356543875
-9.996328578297835,-7.788724516953259
-9.991337477683771,-7.785960710713763
-9.986346377069708,-7.783195937592151
-9.981355276455645,-7.7804301973551295
-9.976364175841589,-7.777663489769435
-9.971373075227525,-7.774895814601762
-9.966381974613462,-7.772127171618816
-9.961390873999399,-7.769357560587285
-9.956399773385343,-7.76658698127383
-9.95140867277128,-7.763815433445109
-9.946417572157216,-7.761042916867767
-9.941426471543153,-7.758269431308428
-9.936435370929097,-7.755494976533728
-9.931444270315033,-7.752719552310273
-9.92645316970097,-7.749943158404631
-9.921462069086907,-7.747165794583416
-9.91647096847285,-7.7443874606131855
-9.911479867858787,-7.7416081562604955
-9.906488767244724,-7.73882788129189
-9.901497666630668,-7.736046635473904
-9.896506566016605,-7.733264418573055
-9.891515465402541,-7.730481230355858
-9.886524364788478,-7.7276970705888015
-9.881533264174422,-7.724911939038379
-9.876542163560359,-7.7221258354710445
-9.871551062946295,-7.719338759653276
-9.866559962332232,-7.716550711351506
-9.861568861718176,-7.71376169033217
-9.856577761104113,-7.7109716963617005
-9.85158666049005,-7.708180729206503
-9.846595559875986,-7.705388788632963
-9.84160445926193,-7.702595874407488
-9.836613358647867,-7.699801986296438
-9.831622258033804,-7.697007124066165
-9.82663115741974,-7.694211287483042
-9.821640056805684,-7.691414476313389
-9.81664895619162,-7.688616690323543
-9.811657855577558,-7.6858179292798114
-9.806666754963501,-7.683018192948488
-9.801675654349438,-7.680217481095868
-9.796684553735375,-7.677415793488232
-9.791693453121312,-7.674613129891837
-9.786702352507255,-7.67180949007295
-9.781711251893192,-7.669004873797808
-9.776720151279129,-7.666199280832624
-9.771729050665066,-7.6633927109436355
-9.76673795005101,-7.660585163897038
-9.761746849436946,-7.657776639459039
-9.756755748822883,-7.654967137395795
-9.75176464820882,-7.6521566574735
-9.746773547594763,-7.6493451994583035
-9.7417824469807,-7.646532763116345
-9.736791346366637,-7.643719348213774
-9.731800245752574,-7.640904954516701
-9.726809145138517,-7.638089581791253
-9.721818044524454,-7.635273229803506
-9.716826943910391,-7.6324558983195665
-9.711835843296335,-7.629637587105504
-9.706844742682271,-7.62681829592739
-9.701853642068208,-7.62399802455127
-9.696862541454145,-7.6211767727431905
-9.691871440840089,-7.6183545402691815
-9.686880340226026,-7.615531326895251
-9.681889239611962,-7.612707132387413
-9.676898138997899,-7.60988195651167
-9.671907038383843,-7.607055799033997
-9.66691593776978,-7.6042286597203645
-9.661924837155716,-7.601400538336737
-9.656933736541653,-7.59857143464907
-9.651942635927597,-7.5957413484232905
-9.646951535313534,-7.592910279425336
-9.64196043469947,-7.59007822742111
-9.636969334085407,-7.5872451921765185
-9.63197823347135,-7.584411173457462
-9.626987132857288,-7.581576171029811
-9.621996032243224,-7.57874018465944
-9.617004931629161,-7.575903214112204
-9.612013831015105,-7.573065259153965
-9.607022730401042,-7.570226319550539
-9.602031629786978,-7.567386395067763
-9.597040529172922,-7.564545485471448
-9.592049428558859,-7.5617035905273795
-9.587058327944796,-7.558860710001367
-9.582067227330732,-7.556016843659191
-9.577076126716676,-7.553171991266619
-9.572085026102613,-7.550326152589393
-9.56709392548855,-7.547479327393275
-9.562102824874486,-7.544631515443989
-9.55711172426043,-7.541782716507271
-9.552120623646367,-7.5389329303488255
-9.547129523032304,-7.536082156734354
-9.54213842241824,-7.533230395429557
-9.537147321804184,-7.530377646200102
-9.532156221190121,-7.5275239088116646
-9.527165120576058,-7.5246691830299
-9.522174019961994,-7.521813468620458
-9.517182919347938,-7.518956765348967
-9.512191818733875,-7.516099072981061
-9.507200718119812,-7.513240391282355
-9.502209617505756,-7.510380720018452
-9.497218516891692,-7.507520058954936
-9.492227416277629,-7.50465840785739
-9.487236315663566,-7.501795766491384
-9.48224521504951,-7.498932134622493
-9.477254114435446,-7.4960675120162525
-9.472263013821383,-7.493201898438202
-9.46727191320732,-7.49033529365386
-9.462280812593264,-7.487467697428772
-9.4572897119792,-7.484599109528413
-9.452298611365137,-7.481729529718295
-9.447307510751074,-7.478858957763904
-9.442316410137018,-7.475987393430705
-9.437325309522954,-7.473114836484169
-9.432334208908891,-7.470241286689736
-9.427343108294828,-7.467366743812872
-9.422352007680772,-7.464491207618997
-9.417360907066708,-7.4616146778735155
-9.412369806452645,-7.458737154341864
-9.407378705838589,-7.455858636789429
-9.402387605224526,-7.452979124981599
-9.397396504610462,-7.450098618683764
-9.3924054039964,-7.447217117661274
-9.387414303382343,-7.444334621679513
-9.38242320276828,-7.441451130503807
-9.377432102154216,-7.438566643899497
-9.372441001540153,-7.435681161631917
-9.367449900926097,-7.4327946834663905
-9.362458800312034,-7.429907209168205
-9.35746769969797,-7.427018738502659
-9.352476599083907,-7.424129271235056
-9.347485498469851,-7.421238807130652
-9.342494397855788,-7.418347345954722
-9.337503297241724,-7.415454887472515
-9.332512196627661,-7.412561431449288
-9.327521096013605,-7.409666977650259
-9.322529995399542,-7.406771525840669
-9.317538894785478,-7.403875075785717
-9.312547794171422,-7.4009776272506125
-9.307556693557359,-7.398079180000544
-9.302565592943296,-7.395179733800705
-9.297574492329232,-7.392279288416262
-9.292583391715176,-7.389377843612381
-9.287592291101113,-7.386475399154221
-9.28260119048705,-7.383571954806906
-9.277610089872987,-7.3806675103355905
-9.27261898925893,-7.377762065505386
-9.267627888644867,-7.374855620081414
-9.262636788030804,-7.371948173828771
-9.25764568741674,-7.3690397265125505
-9.252654586802684,-7.366130277897844
-9.247663486188621,-7.363219827749711
-9.242672385574558,-7.360308375833222
-9.237681284960495,-7.357395921913437
-9.232690184346438,-7.354482465755391
-9.227699083732375,-7.3515680071241265
-9.222707983118312,-7.348652545784647
-9.217716882504249,-7.345736081502001
-9.212725781890192,-7.342818614041163
-9.20773468127613,-7.339900143167136
-9.202743580662066,-7.336980668644913
-9.19775248004801,-7.334060190239471
-9.192761379433946,-7.3311387077157635
-9.187770278819883,-7.328216220838749
-9.18277917820582,-7.325292729373375
-9.177788077591764,-7.3223682330845925
-9.1727969769777,-7.319442731737303
-9.167805876363637,-7.316516225096445
-9.162814775749574,-7.313588712926916
-9.157823675135518,-7.31066019499362
-9.152832574521454,-7.307730671061434
-9.147841473907391,-7.3048001408952485
-9.142850373293328,-7.301868604259937
-9.137859272679272,-7.298936060920351
-9.132868172065209,-7.29600251064134
-9.127877071451145,-7.293067953187749
-9.122885970837082,-7.290132388324408
-9.117894870223026,-7.287195815816147
-9.112903769608963,-7.284258235427767
-9.1079126689949,-7.2813196469240795
-9.102921568380843,-7.2783800500698845
-9.09793046776678,-7.27543944462995
-9.092939367152717,-7.272497830369071
-9.087948266538653,-7.269555207051992
-9.082957165924597,-7.266611574443491
-9.077966065310534,-7.263666932308306
-9.07297496469647,-7.2607212804111665
-9.067983864082407,-7.257774618516818
-9.062992763468351,-7.2548269463899775
-9.058001662854288,-7.25187826379535
-9.053010562240225,-7.248928570497641
-9.048019461626161,-7.245977866261546
-9.043028361012105,-7.243026150851744
-9.038037260398042,-7.240073424032904
-9.033046159783979,-7.237119685569705
-9.028055059169915,-7.234164935226795
-9.02306395855586,-7.231209172768821
-9.018072857941796,-7.228252397960426
-9.013081757327733,-7.225294610566228
-9.008090656713676,-7.222335810350868
-9.003099556099613,-7.219375997078934
-8.99810845548555,-7.216415170515038
-8.993117354871487,-7.2134533304237785
-8.98812625425743,-7.210490476569731
-8.983135153643367,-7.207526608717473
-8.978144053029304,-7.204561726631582
-8.97315295241524,-7.2015958300766005
-8.968161851801185,-7.198628918817093
-8.963170751187121,-7.195660992617581
-8.958179650573058,-7.192692051242611
-8.953188549958995,-7.189722094456697
-8.948197449344939,-7.1867511220243685
-8.943206348730875,-7.18377913371011
-8.938215248116812,-7.1808061292784195
-8.933224147502749,-7.177832108493804
-8.928233046888693,-7.1748570711207265
-8.92324194627463,-7.171881016923657
-8.918250845660566,-7.168903945667062
-8.913259745046503,-7.1659258571154
-8.908268644432447,-7.162946751033107
-8.903277543818383,-7.159966627184618
-8.89828644320432,-7.156985485334368
-8.893295342590264,-7.154003325246776
-8.8883042419762,-7.151020146686241
-8.883313141362137,-7.1480359494171735
-8.878322040748074,-7.145050733203961
-8.873330940134018,-7.142064497811002
-8.868339839519955,-7.139077243002655
-8.863348738905891,-7.136088968543297
-8.858357638291828,-7.133099674197293
-8.853366537677772,-7.130109359728988
-8.848375437063709,-7.127118024902717
-8.843384336449645,-7.12412566948283
-8.838393235835582,-7.121132293233645
-8.833402135221526,-7.118137895919481
-8.828411034607463,-7.1151424773046426
-8.8234199339934,-7.112146037153438
-8.818428833379336,-7.109148575230163
-8.81343773276528,-7.106150091299095
-8.808446632151217,-7.103150585124515
-8.803455531537153,-7.100150056470683
-8.798464430923097,-7.097148505101875
-8.793473330309034,-7.094145930782322
-8.78848222969497,-7.091142333276288
-8.783491129080907,-7.088137712347999
-8.778500028466851,-7.085132067761695
-8.773508927852788,-7.08212539928157
-8.768517827238725,-7.079117706671851
-8.763526726624661,-7.076108989696749
-8.758535626010605,-7.073099248120454
-8.753544525396542,-7.070088481707151
-8.748553424782479,-7.067076690221018
-8.743562324168416,-7.064063873426226
-8.73857122355436,-7.0610500310869515
-8.733580122940296,-7.058035162967336
-8.728589022326233,-7.055019268831522
-8.72359792171217,-7.0520023484436765
-8.718606821098113,-7.048984401567907
-8.71361572048405,-7.045965427968348
-8.708624619869987,-7.042945427409111
-8.70363351925593,-7.039924399654318
-8.698642418641867,-7.03690234446805
-8.693651318027804,-7.033879261614411
-8.68866021741374,-7.030855150857491
-8.683669116799685,-7.02783001196136
-8.678678016185621,-7.024803844690093
-8.673686915571558,-7.021776648807748
-8.668695814957495,-7.018748424078378
-8.663704714343439,-7.015719170266042
-8.658713613729375,-7.0126888871347655
-8.653722513115312,-7.00965757444859
-8.648731412501249,-7.006625231971535
-8.643740311887193,-7.003591859467624
-8.63874921127313,-7.000557456700855
-8.633758110659066,-6.997522023435229
-8.628767010045003,-6.994485559434755
-8.623775909430947,-6.99144806446342
-8.618784808816883,-6.988409538285182
-8.61379370820282,-6.985369980664039
-8.608802607588764,-6.982329391363933
-8.6038115069747,-6.979287770148828
-8.598820406360637,-6.976245116782673
-8.593829305746574,-6.973201431029428
-8.588838205132518,-6.970156712653003
-8.583847104518455,-6.967110961417341
-8.578856003904392,-6.964064177086352
-8.573864903290328,-6.961016359423951
-8.568873802676272,-6.957967508194059
-8.563882702062209,-6.954917623160559
-8.558891601448146,-6.95186670408734
-8.553900500834082,-6.9488147507382925
-8.548909400220026,-6.945761762877307
-8.543918299605963,-6.942707740268225
-8.5389271989919,-6.939652682674928
-8.533936098377836,-6.936596589861269
-8.52894499776378,-6.9335394615911
-8.523953897149717,-6.930481297628246
-8.518962796535654,-6.927422097736545
-8.51397169592159,-6.924361861679847
-8.508980595307534,-6.921300589221958
-8.50398949469347,-6.918238280126683
-8.498998394079408,-6.9151749341578315
-8.494007293465351,-6.912110551079217
-8.489016192851288,-6.909045130654619
-8.484025092237225,-6.905978672647817
-8.479033991623162,-6.902911176822609
-8.474042891009105,-6.899842642942749
-8.469051790395042,-6.896773070772008
-8.464060689780979,-6.893702460074145
-8.459069589166916,-6.89063081061291
-8.45407848855286,-6.887558122152052
-8.449087387938796,-6.8844843944553
-8.444096287324733,-6.881409627286395
-8.43910518671067,-6.878333820409046
-8.434114086096614,-6.87525697358698
-8.42912298548255,-6.872179086583919
-8.424131884868487,-6.869100159163542
-8.419140784254424,-6.866020191089561
-8.414149683640368,-6.862939182125669
-8.409158583026304,-6.8598571320355415
-8.404167482412241,-6.856774040582859
-8.399176381798185,-6.853689907531312
-8.394185281184122,-6.850604732644527
-8.389194180570058,-6.847518515686188
-8.384203079955995,-6.844431256419937
-8.379211979341939,-6.841342954609425
-8.374220878727876,-6.838253610018283
-8.369229778113812,-6.83516322241014
-8.364238677499749,-6.832071791548628
-8.359247576885693,-6.828979317197383
-8.35425647627163,-6.82588579911998
-8.349265375657566,-6.822791237080051
-8.344274275043503,-6.819695630841195
-8.339283174429447,-6.816598980166995
-8.334292073815384,-6.813501284821045
-8.32930097320132,-6.810402544566926
-8.324309872587257,-6.807302759168204
-8.319318771973201,-6.804201928388466
-8.314327671359138,-6.8011000519912495
-8.309336570745074,-6.797997129740126
-8.304345470131018,-6.794893161398648
-8.299354369516955,-6.791788146730343
-8.294363268902892,-6.788682085498765
-8.289372168288828,-6.785574977467432
-8.284381067674772,-6.782466822399885
-8.279389967060709,-6.7793576200596295
-8.274398866446646,-6.776247370210181
-8.269407765832582,-6.773136072615041
-8.264416665218526,-6.770023727037723
-8.259425564604463,-6.766910333241714
-8.2544344639904,-6.763795890990502
-8.249443363376336,-6.760680400047572
-8.24445226276228,-6.757563860176406
-8.239461162148217,-6.7544462711404645
-8.234470061534154,-6.7513276327032195
-8.22947896092009,-6.748207944628133
-8.224487860306034,-6.745087206678654
-8.219496759691971,-6.741965418618215
-8.214505659077908,-6.738842580210283
-8.209514558463852,-6.735718691218286
-8.204523457849788,-6.732593751405641
-8.199532357235725,-6.729467760535783
-8.194541256621662,-6.726340718372127
-8.189550156007606,-6.723212624678092
-8.184559055393542,-6.72008347921708
-8.179567954779479,-6.7169532817524935
-8.174576854165416,-6.713822032047726
-8.16958575355136,-6.710689729866173
-8.164594652937296,-6.707556374971202
-8.159603552323233,-6.704421967126215
-8.15461245170917,-6.701286506094574
-8.149621351095114,-6.698149991639641
-8.14463025048105,-6.695012423524793
-8.139639149866987,-6.691873801513367
-8.134648049252924,-6.688734125368723
-8.129656948638868,-6.685593394854219
-8.124665848024804,-6.682451609733176
-8.119674747410741,-6.679308769768937
-8.114683646796678,-6.676164874724829
-8.109692546182622,-6.673019924364184
-8.104701445568558,-6.669873918450309
-8.099710344954495,-6.6667268567465126
-8.094719244340439,-6.663578739016124
-8.089728143726376,-6.660429565022423
-8.084737043112312,-6.6572793345287185
-8.07974594249825,-6.6541280472982995
-8.074754841884193,-6.6509757030944545
-8.06976374127013,-6.647822301680466
-8.064772640656066,-6.644667842819601
-8.059781540042003,-6.641512326275132
-8.054790439427947,-6.638355751810339
-8.049799338813884,-6.635198119188466
-8.04480823819982,-6.63203942817277
-8.039817137585757,-6.628879678526512
-8.034826036971701,-6.625718870012929
-8.029834936357638,-6.622557002395263
-8.024843835743575,-6.619394075436755
-8.019852735129511,-6.616230088900612
-8.014861634515455,-6.613065042550094
-8.009870533901392,-6.609898936148392
-8.004879433287329,-6.606731769458726
-7.999888332673272,-6.6035635422443155
-7.994897232059209,-6.600394254268366
-7.989906131445146,-6.59722390529406
-7.984915030831083,-6.59405249508461
-7.979923930217026,-6.590880023403211
-7.974932829602963,-6.587706490013036
-7.9699417289889,-6.5845318946772515
-7.964950628374837,-6.581356237159068
-7.95995952776078,-6.578179517221633
-7.954968427146717,-6.575001734628123
-7.949977326532654,-6.571822889141683
-7.944986225918591,-6.568642980525488
-7.939995125304534,-6.565462008542684
-7.935004024690471,-6.562279972956421
-7.930012924076408,-6.559096873529833
-7.925021823462345,-6.555912710026063
-7.9200307228482885,-6.552727482208261
-7.915039622234225,-6.549541189839521
-7.910048521620162,-6.546353832682996
-7.905057421006106,-6.543165410501798
-7.9000663203920425,-6.539975923059032
-7.895075219777979,-6.536785370117817
-7.890084119163916,-6.53359375144126
-7.88509301854986,-6.530401066792457
-7.8801019179357965,-6.527207315934518
-7.875110817321733,-6.5240124986305315
-7.87011971670767,-6.520816614643566
-7.865128616093614,-6.517619663736731
-7.8601375154795505,-6.514421645673094
-7.855146414865487,-6.511222560215729
-7.850155314251424,-6.508022407127712
-7.845164213637368,-6.50482118617211
-7.8401731130233046,-6.501618897111982
-7.835182012409241,-6.498415539710379
-7.830190911795178,-6.495211113730366
-7.825199811181122,-6.492005618934994
-7.820208710567059,-6.488799055087296
-7.815217609952995,-6.485591421950323
-7.810226509338932,-6.482382719287099
-7.805235408724876,-6.479172946860681
-7.800244308110813,-6.4759621044340685
-7.795253207496749,-6.4727501917703085
-7.790262106882693,-6.4695372086324126
-7.78527100626863,-6.466323154783396
-7.780279905654567,-6.463108029986272
-7.775288805040503,-6.45989183400405
-7.770297704426447,-6.45667456659973
-7.765306603812384,-6.453456227536322
-7.760315503198321,-6.45023681657681
-7.755324402584257,-6.447016333484191
-7.750333301970201,-6.443794778021461
-7.745342201356138,-6.4405721499515955
-7.740351100742075,-6.4373484490375725
-7.735360000128011,-6.4341236750423745
-7.730368899513955,-6.430897827728981
-7.725377798899892,-6.427670906860353
-7.720386698285829,-6.424442912199452
-7.715395597671765,-6.421213843509238
-7.710404497057709,-6.4179837005526865
-7.705413396443646,-6.414752483092733
-7.700422295829583,-6.411520190892338
-7.6954311952155265,-6.408286823714447
-7.690440094601463,-6.405052381321993
-7.6854489939874,-6.40181686347793
-7.680457893373337,-6.398580269945178
-7.675466792759281,-6.39534260048669
-7.670475692145217,-6.39210385486537
-7.665484591531154,-6.388864032844154
-7.660493490917091,-6.38562313418597
-7.655502390303035,-6.382381158653735
-7.650511289688971,-6.37913810601035
-7.645520189074908,-6.3758939760187365
-7.640529088460845,-6.3726487684417945
-7.635537987846789,-6.369402483042439
-7.630546887232725,-6.366155119583565
-7.625555786618662,-6.362906677828061
-7.620564686004599,-6.359657157538834
-7.615573585390543,-6.356406558478776
-7.610582484776479,-6.353154880410758
-7.605591384162416,-6.349902123097668
-7.60060028354836,-6.346648286302406
-7.595609182934297,-6.343393369787812
-7.590618082320233,-6.340137373316802
-7.58562698170617,-6.3368802966522075
-7.580635881092114,-6.333622139556934
-7.575644780478051,-6.330362901793809
-7.570653679863987,-6.32710258312572
-7.565662579249924,-6.323841183315515
-7.560671478635868,-6.32057870212605
-7.555680378021805,-6.317315139320177
-7.550689277407741,-6.314050494660739
-7.545698176793678,-6.310784767910585
-7.540707076179622,-6.3075179588325705
-7.535715975565559,-6.304250067189511
-7.5307248749514955,-6.300981092744262
-7.525733774337432,-6.29771103525964
-7.520742673723376,-6.294439894498494
-7.515751573109313,-6.291167670223637
-7.5107604724952495,-6.2878943621979
-7.505769371881193,-6.284619970184104
-7.50077827126713,-6.281344493945073
-7.495787170653067,-6.2780679332436184
-7.4907960700390035,-6.27479028784254
-7.485804969424947,-6.271511557504675
-7.480813868810884,-6.2682317419928095
-7.475822768196821,-6.2649508410697585
-7.4708316675827575,-6.261668854498314
-7.465840566968701,-6.258385782041297
-7.460849466354638,-6.255101623461474
-7.455858365740575,-6.251816378521663
-7.4508672651265115,-6.248530046984638
-7.445876164512455,-6.24524262861321
-7.440885063898392,-6.241954123170134
-7.435893963284329,-6.238664530418222
-7.430902862670266,-6.235373850120239
-7.425911762056209,-6.232082082038974
-7.420920661442146,-6.228789225937185
-7.415929560828083,-6.225495281577657
-7.41093846021402,-6.222200248723165
-7.405947359599963,-6.218904127136476
-7.4009562589859,-6.215606916580338
-7.395965158371837,-6.2123086168175385
-7.390974057757781,-6.209009227610826
-7.385982957143717,-6.2057087487229525
-7.380991856529654,-6.2024071799166896
-7.376000755915591,-6.199104520954777
-7.371009655301535,-6.195800771599984
-7.3660185546874715,-6.192495931615044
-7.361027454073408,-6.189190000762695
-7.356036353459345,-6.18588297880571
-7.351045252845289,-6.182574865506816
-7.3460541522312255,-6.179265660628741
-7.341063051617162,-6.17595536393424
-7.336071951003099,-6.172643975186049
-7.331080850389043,-6.169331494146901
-7.3260897497749795,-6.166017920579515
-7.321098649160916,-6.162703254246619
-7.316107548546853,-6.159387494910954
-7.311116447932797,-6.156070642335253
-7.3061253473187335,-6.152752696282219
-7.30113424670467,-6.1494336565145735
-7.296143146090614,-6.146113522795056
-7.291152045476551,-6.142792294886357
-7.2861609448624876,-6.139469972551206
-7.281169844248424,-6.136146555552319
-7.276178743634368,-6.132822043652407
-7.271187643020305,-6.129496436614164
-7.266196542406242,-6.12616973420032
-7.261205441792178,-6.122841936173559
-7.256214341178122,-6.119513042296604
-7.251223240564059,-6.11618305233215
-7.246232139949996,-6.11285196604288
-7.241241039335932,-6.109519783191518
-7.236249938721876,-6.106186503540756
-7.231258838107813,-6.102852126853268
-7.22626773749375,-6.0995166528917695
-7.221276636879686,-6.096180081418939
-7.21628553626563,-6.092842412197479
-7.211294435651567,-6.08950364499007
-7.206303335037504,-6.086163779559391
-7.2013122344234475,-6.082822815668144
-7.196321133809384,-6.079480753078995
-7.191330033195321,-6.076137591554639
-7.186338932581258,-6.072793330857749
-7.1813478319672015,-6.06944797075101
-7.176356731353138,-6.066101510997088
-7.171365630739075,-6.06275395135867
-7.166374530125012,-6.059405291598422
-7.1613834295109555,-6.056055531479024
-7.156392328896892,-6.052704670763138
-7.151401228282829,-6.049352709213445
-7.146410127668766,-6.045999646592608
-7.1414190270547095,-6.0426454826632945
-7.136427926440646,-6.039290217188179
-7.131436825826583,-6.035933849929904
-7.12644572521252,-6.032576380651158
-7.121454624598464,-6.029217809114593
-7.1164635239844,-6.025858135082857
-7.111472423370337,-6.022497358318631
-7.106481322756281,-6.019135478584568
-7.101490222142218,-6.015772495643315
-7.096499121528154,-6.012408409257536
-7.091508020914091,-6.009043219189881
-7.086516920300035,-6.005676925203011
-7.081525819685972,-6.002309527059578
-7.076534719071908,-5.9989410245222246
-7.071543618457845,-5.995571417353612
-7.066552517843789,-5.992200705316392
-7.061561417229726,-5.988828888173204
-7.056570316615662,-5.985455965686696
-7.051579216001599,-5.982081937619513
-7.046588115387543,-5.978706803734317
-7.04159701477348,-5.975330563793733
-7.036605914159416,-5.971953217560419
-7.031614813545353,-5.968574764797005
-7.026623712931297,-5.965195205266149
-7.021632612317234,-5.96181453873048
-7.01664151170317,-5.958432764952642
-7.011650411089107,-5.955049883695273
-7.006659310475051,-5.95166589472102
-7.001668209860988,-5.948280797792512
-6.996677109246924,-5.944894592672393
-6.991686008632868,-5.9415072791233
-6.986694908018805,-5.938118856907859
-6.981703807404742,-5.934729325788716
-6.9767127067906785,-5.9313386855285
-6.971721606176622,-5.927946935889857
-6.966730505562559,-5.924554076635408
-6.961739404948496,-5.921160107527783
-6.9567483043344325,-5.917765028329626
-6.951757203720376,-5.914368838803571
-6.946766103106313,-5.91097153871223
-6.94177500249225,-5.90757312781826
-6.9367839018781865,-5.904173605884266
-6.93179280126413,-5.900772972672908
-6.926801700650067,-5.897371227946783
-6.921810600036004,-5.893968371468539
-6.9168194994219405,-5.890564403000805
-6.911828398807884,-5.887159322306207
-6.906837298193821,-5.883753129147368
-6.901846197579758,-5.880345823286918
-6.896855096965702,-5.876937404487503
-6.891863996351638,-5.873527872511715
-6.886872895737575,-5.870117227122214
-6.881881795123512,-5.866705468081604
-6.876890694509456,-5.863292595152529
-6.871899593895392,-5.859878608097603
-6.866908493281329,-5.856463506679463
-6.861917392667266,-5.853047290660722
-6.85692629205321,-5.84962995980402
-6.851935191439146,-5.846211513871969
-6.846944090825083,-5.842791952627201
-6.84195299021102,-5.839371275832346
-6.836961889596964,-5.835949483250036
-6.8319707889829004,-5.832526574642874
-6.826979688368837,-5.829102549773508
-6.821988587754774,-5.8256774084045455
-6.816997487140718,-5.822251150298634
-6.8120063865266545,-5.818823775218387
-6.807015285912591,-5.815395282926425
-6.802024185298535,-5.811965673185385
-6.797033084684472,-5.80853494575789
-6.7920419840704085,-5.805103100406556
-6.787050883456345,-5.801670136894026
-6.782059782842289,-5.798236054982929
-6.777068682228226,-5.7948008544358665
-6.7720775816141625,-5.791364535015496
-6.767086481000099,-5.787927096484421
-6.762095380386043,-5.7844885386052916
-6.75710427977198,-5.781048861140717
-6.7521131791579165,-5.777608063853334
-6.747122078543853,-5.77416614650577
-6.742130977929797,-5.770723108860665
-6.737139877315734,-5.76727895068064
-6.732148776701671,-5.763833671728313
-6.727157676087607,-5.760387271766328
-6.722166575473551,-5.756939750557326
-6.717175474859488,-5.753491107863918
-6.712184374245425,-5.750041343448744
-6.707193273631368,-5.746590457074446
-6.702202173017305,-5.743138448503641
-6.697211072403242,-5.739685317498976
-6.692219971789179,-5.736231063823079
-6.687228871175122,-5.7327756872385836
-6.682237770561059,-5.729319187508131
-6.677246669946996,-5.725861564394356
-6.672255569332933,-5.722402817659893
-6.6672644687188765,-5.718942947067384
-6.662273368104813,-5.7154819523794655
-6.65728226749075,-5.712019833358769
-6.652291166876687,-5.708556589767942
-6.6473000662626305,-5.705092221369635
-6.642308965648567,-5.701626727926476
-6.637317865034504,-5.698160109201103
-6.632326764420441,-5.694692364956171
-6.6273356638063845,-5.691223494954326
-6.622344563192321,-5.68775349895821
-6.617353462578258,-5.684282376730453
-6.612362361964195,-5.68081012803373
-6.6073712613501385,-5.677336752630666
-6.602380160736075,-5.673862250283924
-6.597389060122012,-5.670386620756142
-6.592397959507956,-5.6669098638099875
-6.5874068588938925,-5.663431979208094
-6.582415758279829,-5.659952966713132
-6.577424657665766,-5.656472826087746
-6.57243355705171,-5.652991557094593
-6.567442456437647,-5.649509159496326
-6.562451355823583,-5.646025633055607
-6.55746025520952,-5.642540977535094
-6.552469154595464,-5.6390551926974535
-6.547478053981401,-5.635568278305338
-6.542486953367337,-5.632080234121414
-6.537495852753274,-5.628591059908333
-6.532504752139218,-5.625100755428787
-6.527513651525155,-5.62160932044542
-6.522522550911091,-5.61811675472091
-6.517531450297028,-5.614623058017927
-6.512540349682972,-5.611128230099137
-6.507549249068909,-5.607632270727213
-6.502558148454845,-5.604135179664823
-6.497567047840789,-5.600636956674657
-6.492575947226726,-5.59713760151938
-6.487584846612663,-5.593637113961667
-6.482593745998599,-5.590135493764207
-6.477602645384543,-5.586632740689684
-6.47261154477048,-5.583128854500763
-6.467620444156417,-5.57962383496015
-6.462629343542353,-5.576117681830513
-6.457638242928297,-5.57261039487455
-6.452647142314234,-5.569101973854943
-6.447656041700171,-5.565592418534391
-6.442664941086107,-5.56208172867558
-6.437673840472051,-5.558569904041206
-6.432682739857988,-5.555056944393968
-6.427691639243925,-5.55154284949656
-6.4227005386298615,-5.548027619111677
-6.417709438015805,-5.544511253002036
-6.412718337401742,-5.540993750930327
-6.407727236787679,-5.537475112659258
-6.402736136173623,-5.533955337951534
-6.397745035559559,-5.5304344265698635
-6.392753934945496,-5.526912378276966
-6.387762834331433,-5.523389192835545
-6.382771733717377,-5.519864870008325
-6.377780633103313,-5.51633940955801
-6.37278953248925,-5.512812811247328
-6.367798431875187,-5.509285074838989
-6.362807331261131,-5.505756200095734
-6.357816230647067,-5.502226186780275
-6.352825130033004,-5.498695034655336
-6.347834029418941,-5.4951627434836485
-6.342842928804885,-5.491629313027958
-6.337851828190821,-5.4880947430509845
-6.332860727576758,-5.4845590333154615
-6.327869626962695,-5.481022183584126
-6.322878526348639,-5.477484193619736
-6.317887425734575,-5.4739450631850115
-6.312896325120512,-5.470404792042706
-6.307905224506449,-5.466863379955572
-6.302914123892393,-5.463320826686351
-6.297923023278329,-5.459777131997802
-6.292931922664266,-5.456232295652667
-6.28794082205021,-5.452686317413713
-6.282949721436147,-5.4491391970436975
-6.2779586208220834,-5.445590934305373
-6.27296752020802,-5.4420415289615125
-6.267976419593964,-5.438490980774882
-6.262985318979901,-5.43493928950824
-6.2579942183658375,-5.431386454924371
-6.253003117751774,-5.427832476786043
-6.248012017137718,-5.424277354856033
-6.243020916523655,-5.420721088897112
-6.2380298159095915,-5.417163678672077
-6.233038715295528,-5.413605123943695
-6.228047614681472,-5.41004542447477
-6.223056514067409,-5.406484580028081
-6.2180654134533455,-5.402922590366409
-6.213074312839282,-5.399359455252574
-6.208083212225226,-5.395795174449361
-6.203092111611163,-5.392229747719567
-6.1981010109970995,-5.388663174825999
-6.193109910383043,-5.3850954555314665
-6.18811880976898,-5.381526589598771
-6.183127709154917,-5.377956576790731
-6.178136608540854,-5.374385416870157
-6.173145507926797,-5.370813109599868
-6.168154407312734,-5.367239654742679
-6.163163306698671,-5.363665052061422
-6.158172206084608,-5.360089301318919
-6.153181105470551,-5.356512402278008
-6.148190004856488,-5.3529343547015085
-6.143198904242425,-5.349355158352259
-6.138207803628362,-5.3457748129931
-6.133216703014305,-5.342193318386873
-6.128225602400242,-5.3386106742964206
-6.123234501786179,-5.3350268804845955
-6.118243401172116,-5.33144193671424
-6.1132523005580595,-5.327855842748227
-6.108261199943996,-5.324268598349392
-6.103270099329933,-5.3206802032806015
-6.098278998715877,-5.31709065730473
-6.0932878981018135,-5.313499960184635
-6.08829679748775,-5.309908111683187
-6.083305696873687,-5.306315111563255
-6.078314596259631,-5.3027209595877345
-6.0733234956455675,-5.299125655519485
-6.068332395031504,-5.295529199121398
-6.063341294417441,-5.291931590156363
-6.058350193803385,-5.288332828387271
-6.0533590931893215,-5.284732913577015
-6.048367992575258,-5.2811318454884875
-6.043376891961195,-5.277529623884589
-6.038385791347139,-5.27392624852824
-6.0333946907330755,-5.27032171918233
-6.028403590119012,-5.266716035609768
-6.023412489504949,-5.26310919757349
-6.018421388890893,-5.259501204836405
-6.01343028827683,-5.255892057161429
-6.008439187662766,-5.252281754311489
-6.00344808704871,-5.248670296049526
-5.998456986434647,-5.245057682138455
-5.993465885820584,-5.241443912341226
-5.98847478520652,-5.237828986420783
-5.983483684592464,-5.234212904140064
-5.978492583978401,-5.230595665262017
-5.973501483364338,-5.2269772695495895
-5.968510382750274,-5.223357716765744
-5.963519282136218,-5.21973700667345
-5.958528181522155,-5.2161151390356535
-5.953537080908092,-5.212492113615327
-5.948545980294028,-5.2088679301754475
-5.943554879679972,-5.205242588478993
-5.938563779065909,-5.201616088288927
-5.933572678451846,-5.197988429368251
-5.928581577837782,-5.194359611479942
-5.923590477223726,-5.190729634386994
-5.918599376609663,-5.187098497852405
-5.9136082759956,-5.183466201639169
-5.908617175381536,-5.179832745510291
-5.90362607476748,-5.176198129228786
-5.898634974153417,-5.172562352557658
-5.893643873539354,-5.16892541525993
-5.8886527729252975,-5.165287317098615
-5.883661672311234,-5.161648057836743
-5.878670571697171,-5.158007637237338
-5.873679471083108,-5.154366055063428
-5.868688370469052,-5.15072331107807
-5.863697269854988,-5.14707940504429
-5.858706169240925,-5.143434336725135
-5.853715068626862,-5.139788105883655
-5.848723968012806,-5.136140712282915
-5.843732867398742,-5.132492155685964
-5.838741766784679,-5.128842435855867
-5.833750666170616,-5.125191552555695
-5.82875956555656,-5.121539505548512
-5.823768464942496,-5.117886294597409
-5.818777364328433,-5.114231919465454
-5.81378626371437,-5.110576379915735
-5.808795163100314,-5.106919675711357
-5.80380406248625,-5.103261806615394
-5.798812961872187,-5.099602772390956
-5.793821861258131,-5.095942572801155
-5.788830760644068,-5.0922812076090915
-5.783839660030004,-5.088618676577868
-5.778848559415941,-5.08495497947062
-5.773857458801885,-5.081290116050464
-5.768866358187822,-5.07762408608053
-5.763875257573758,-5.073956889323946
-5.758884156959695,-5.070288525543854
-5.753893056345639,-5.066618994503396
-5.748901955731576,-5.062948295965709
-5.743910855117512,-5.059276429693959
-5.738919754503449,-5.055603395451297
-5.733928653889393,-5.051929193000882
-5.72893755327533,-5.04825382210588
-5.7239464526612664,-5.044577282529463
-5.718955352047203,-5.0408995740348095
-5.713964251433147,-5.037220696385104
-5.708973150819084,-5.033540649343529
-5.7039820502050205,-5.029859432673277
-5.698990949590964,-5.026177046137538
-5.693999848976901,-5.022493489499522
-5.689008748362838,-5.01880876252243
-5.6840176477487745,-5.015122864969475
-5.679026547134718,-5.011435796603884
-5.674035446520655,-5.007747557188859
-5.669044345906592,-5.0040581464876395
-5.6640532452925285,-5.000367564263462
-5.659062144678472,-4.996675810279559
-5.654071044064409,-4.992982884299167
-5.649079943450346,-4.9892887860855435
-5.6440888428362825,-4.985593515401944
-5.639097742222226,-4.981897072011616
-5.634106641608163,-4.978199455677834
-5.6291155409941,-4.974500666163856
-5.624124440380037,-4.97080070323297
-5.61913333976598,-4.967099566648455
-5.614142239151917,-4.963397256173594
-5.609151138537854,-4.959693771571673
-5.604160037923798,-4.955989112605992
-5.599168937309734,-4.952283279039858
-5.594177836695671,-4.948576270636576
-5.589186736081608,-4.94486808715945
-5.584195635467552,-4.9411587283718195
-5.579204534853488,-4.937448194036991
-5.574213434239425,-4.933736483918299
-5.569222333625362,-4.93002359777909
-5.564231233011306,-4.926309535382698
-5.5592401323972425,-4.922594296492462
-5.554249031783179,-4.91887788087174
-5.549257931169116,-4.9151602882838965
-5.54426683055506,-4.911441518492298
-5.5392757299409965,-4.907721571260309
-5.534284629326933,-4.904000446351298
-5.52929352871287,-4.90027814352866
-5.524302428098814,-4.896554662555783
-5.5193113274847505,-4.89283000319605
-5.514320226870687,-4.889104165212873
-5.509329126256624,-4.885377148369638
-5.504338025642568,-4.881648952429788
-5.4993469250285045,-4.877919577156703
-5.494355824414441,-4.874189022313833
-5.489364723800385,-4.870457287664601
-5.484373623186322,-4.866724372972441
-5.4793825225722586,-4.862990278000793
-5.474391421958195,-4.859255002513102
-5.469400321344139,-4.85551854627284
-5.464409220730076,-4.851780909043441
-5.459418120116013,-4.848042090588385
-5.454427019501949,-4.844302090671145
-5.449435918887893,-4.840560909055201
-5.44444481827383,-4.836818545504029
-5.439453717659767,-4.833074999781121
-5.434462617045703,-4.829330271649984
-5.429471516431647,-4.8255843608741165
-5.424480415817584,-4.821837267217023
-5.419489315203521,-4.818088990442218
-5.414498214589457,-4.814339530313237
-5.409507113975401,-4.810588886593606
-5.404516013361338,-4.806837059046845
-5.399524912747275,-4.803084047436514
-5.3945338121332185,-4.799329851526158
-5.389542711519155,-4.795574471079321
-5.384551610905092,-4.791817905859574
-5.379560510291029,-4.788060155630482
-5.3745694096769725,-4.784301220155622
-5.369578309062909,-4.780541099198566
-5.364587208448846,-4.77677979252291
-5.359596107834783,-4.773017299892243
-5.3546050072207265,-4.769253621070177
-5.349613906606663,-4.765488755820302
-5.3446228059926,-4.761722703906241
-5.339631705378537,-4.757955465091617
-5.3346406047644805,-4.754187039140059
-5.329649504150417,-4.750417425815195
-5.324658403536354,-4.746646624880671
-5.319667302922291,-4.742874636100121
-5.314676202308235,-4.739101459237229
-5.309685101694171,-4.735327094055625
-5.304694001080108,-4.731551540319
-5.299702900466052,-4.727774797791019
-5.294711799851989,-4.723996866235366
-5.289720699237925,-4.720217745415723
-5.284729598623862,-4.716437435095795
-5.279738498009806,-4.712655935039292
-5.274747397395743,-4.708873245009915
-5.269756296781679,-4.705089364771376
-5.264765196167616,-4.701304294087405
-5.25977409555356,-4.697518032721741
-5.254782994939497,-4.693730580438117
-5.249791894325433,-4.689941937000271
-5.24480079371137,-4.686152102171957
-5.239809693097314,-4.68236107571695
-5.234818592483251,-4.6785688573990045
-5.229827491869187,-4.674775446981891
-5.224836391255124,-4.670980844229403
-5.219845290641068,-4.667185048905329
-5.214854190027005,-4.66338806077345
-5.209863089412941,-4.659589879597581
-5.204871988798878,-4.655790505141536
-5.199880888184822,-4.6519899371691285
-5.194889787570759,-4.648188175444186
-5.189898686956695,-4.644385219730534
-5.184907586342639,-4.640581069792026
-5.179916485728576,-4.636775725392496
-5.174925385114513,-4.632969186295813
-5.1699342845004495,-4.629161452265826
-5.164943183886393,-4.625352523066416
-5.15995208327233,-4.6215423984614565
-5.154960982658267,-4.617731078214839
-5.1499698820442035,-4.613918562090447
-5.144978781430147,-4.61010484985219
-5.139987680816084,-4.606289941263975
-5.134996580202021,-4.60247383608971
-5.1300054795879575,-4.598656534093323
-5.125014378973901,-4.594838035038757
-5.120023278359838,-4.591018338689932
-5.115032177745775,-4.5871974448108075
-5.1100410771317115,-4.5833753531653345
-5.105049976517655,-4.579552063517483
-5.100058875903592,-4.575727575631209
-5.095067775289529,-4.571901889270499
-5.090076674675473,-4.568075004199345
-5.085085574061409,-4.5642469201817315
-5.080094473447346,-4.5604176369816605
-5.075103372833283,-4.5565871543631475
-5.070112272219227,-4.552755472090214
-5.065121171605163,-4.548922589926872
-5.0601300709911,-4.545088507637164
-5.055138970377037,-4.541253224985139
-5.050147869762981,-4.537416741734833
-5.045156769148917,-4.5335790576503125
-5.040165668534854,-4.529740172495643
-5.035174567920791,-4.525900086034901
-5.030183467306735,-4.522058798032163
-5.025192366692671,-4.518216308251522
-5.020201266078608,-4.5143726164570825
-5.015210165464545,-4.510527722412938
-5.010219064850489,-4.506681625883225
-5.0052279642364255,-4.502834326632052
-5.000236863622362,-4.498985824423547
-4.995245763008306,-4.495136119021866
-4.990254662394243,-4.491285210191144
-4.9852635617801795,-4.487433097695547
-4.980272461166116,-4.483579781299228
-4.97528136055206,-4.4797252607663856
-4.970290259937997,-4.4758695358611735
-4.9652991593239335,-4.4720126063478
-4.96030805870987,-4.468154471990456
-4.955316958095814,-4.464295132553362
-4.950325857481751,-4.460434587800717
-4.9453347568676875,-4.456572837496755
-4.940343656253624,-4.452709881405704
-4.935352555639568,-4.448845719291823
-4.930361455025505,-4.444980350919345
-4.9253703544114416,-4.44111377605253
-4.920379253797378,-4.437245994455655
-4.915388153183322,-4.433377005892994
-4.910397052569259,-4.429506810128831
-4.905405951955196,-4.425635406927453
-4.900414851341139,-4.421762796053183
-4.895423750727076,-4.417888977270311
-4.890432650113013,-4.4140139503431675
-4.88544154949895,-4.410137715036084
-4.880450448884893,-4.406260271113395
-4.87545934827083,-4.4023816183394455
-4.870468247656767,-4.398501756478599
-4.865477147042704,-4.394620685295215
-4.8604860464286475,-4.390738404553672
-4.855494945814584,-4.386854914018345
-4.850503845200521,-4.3829702134536275
-4.845512744586458,-4.379084302623929
-4.8405216439724015,-4.3751971812936565
-4.835530543358338,-4.371308849227229
-4.830539442744275,-4.3674193061890705
-4.825548342130212,-4.363528551943616
-4.8205572415161555,-4.359636586255327
-4.815566140902092,-4.355743408888641
-4.810575040288029,-4.351849019608029
-4.805583939673966,-4.347953418177976
-4.8005928390599095,-4.344056604362957
-4.795601738445846,-4.340158577927458
-4.790610637831783,-4.336259338635991
-4.785619537217727,-4.332358886253068
-4.7806284366036635,-4.328457220543188
-4.7756373359896,-4.324554341270916
-4.770646235375537,-4.3206502482007645
-4.765655134761481,-4.316744941097302
-4.760664034147418,-4.31283841972507
-4.755672933533354,-4.308930683848639
-4.750681832919291,-4.30502173323259
-4.745690732305235,-4.3011115676415175
-4.740699631691172,-4.297200186840005
-4.735708531077108,-4.293287590592654
-4.730717430463045,-4.289373778664097
-4.725726329848989,-4.285458750818956
-4.720735229234926,-4.281542506821852
-4.715744128620862,-4.277625046437436
-4.710753028006799,-4.273706369430364
-4.705761927392743,-4.269786475565306
-4.70077082677868,-4.2658653646069205
-4.695779726164616,-4.2619430363199005
-4.69078862555056,-4.258019490468936
-4.685797524936497,-4.254094726818735
-4.680806424322434,-4.250168745133998
-4.67581532370837,-4.24624154517945
-4.670824223094314,-4.242313126719834
-4.665833122480251,-4.238383489519885
-4.660842021866188,-4.234452633344352
-4.655850921252124,-4.230520557958003
-4.650859820638068,-4.226587263125609
-4.645868720024005,-4.222652748611944
-4.640877619409942,-4.218717014181805
-4.635886518795878,-4.2147800595999945
-4.630895418181822,-4.210841884631326
-4.625904317567759,-4.206902489040616
-4.620913216953696,-4.202961872592698
-4.6159221163396325,-4.1990200350524205
-4.610931015725576,-4.195076976184635
-4.605939915111513,-4.191132695754195
-4.60094881449745,-4.187187193525977
-4.595957713883394,-4.183240469264869
-4.59096661326933,-4.17929252273576
-4.585975512655267,-4.175343353703556
-4.580984412041204,-4.171392961933163
-4.575993311427148,-4.167441347189516
-4.571002210813084,-4.163488509237537
-4.566011110199021,-4.159534447842181
-4.561020009584958,-4.155579162768402
-4.556028908970902,-4.151622653781167
-4.551037808356838,-4.147664920645439
-4.546046707742775,-4.143705963126219
-4.541055607128712,-4.139745780988495
-4.536064506514656,-4.13578437399728
-4.531073405900592,-4.131821741917588
-4.526082305286529,-4.127857884514451
-4.521091204672466,-4.123892801552907
-4.51610010405841,-4.11992649279801
-4.511109003444346,-4.115958958014806
-4.506117902830283,-4.111990196968379
-4.501126802216227,-4.1080202094238105
-4.496135701602164,-4.104048995146182
-4.4911446009881,-4.100076553900609
-4.486153500374037,-4.0961028854521935
-4.481162399759981,-4.092127989566079
-4.476171299145918,-4.088151866007378
-4.471180198531854,-4.084174514541245
-4.466189097917791,-4.080195934932842
-4.461197997303735,-4.0762161269473385
-4.456206896689672,-4.072235090349906
-4.4512157960756085,-4.068252824905733
-4.446224695461545,-4.064269330380023
-4.441233594847489,-4.0602846065379925
-4.436242494233426,-4.056298653144858
-4.4312513936193625,-4.052311469965858
-4.426260293005299,-4.048323056766225
-4.421269192391243,-4.044333413311239
-4.41627809177718,-4.040342539366142
-4.4112869911631165,-4.0363504346962165
-4.406295890549053,-4.032357099066763
-4.401304789934997,-4.0283625322430785
-4.396313689320934,-4.024366733990464
-4.3913225887068705,-4.020369704074247
-4.386331488092814,-4.016371442259767
-4.381340387478751,-4.0123719483123645
-4.376349286864688,-4.008371221997393
-4.3713581862506246,-4.004369263080223
-4.366367085636568,-4.000366071326242
-4.361375985022505,-3.9963616465008225
-4.356384884408442,-3.992355988369373
-4.351393783794379,-3.9883490966973123
-4.346402683180322,-3.984340971250067
-4.341411582566259,-3.980331611793059
-4.336420481952196,-3.9763210180917468
-4.331429381338133,-3.97230918991158
-4.326438280724076,-3.968296127018042
-4.321447180110013,-3.964281829176607
-4.31645607949595,-3.960266296152765
-4.311464978881887,-3.956249527712026
-4.3064738782678305,-3.95223152361991
-4.301482777653767,-3.9482122836419364
-4.296491677039704,-3.9441918075436497
-4.291500576425648,-3.9401700950906045
-4.2865094758115845,-3.936147146048355
-4.281518375197521,-3.932122960182481
-4.276527274583458,-3.9280975372585725
-4.271536173969402,-3.9240708770422303
-4.2665450733553385,-3.9200429792990543
-4.261553972741275,-3.91601384379467
-4.256562872127212,-3.91198347029472
-4.251571771513156,-3.9079518585648434
-4.2465806708990925,-3.9039190083706967
-4.241589570285029,-3.8998849194779495
-4.236598469670966,-3.8958495916522877
-4.23160736905691,-3.891813024659409
-4.2266162684428465,-3.887775218265001
-4.221625167828783,-3.883736172234797
-4.21663406721472,-3.879695886334524
-4.211642966600664,-3.8756543603299294
-4.206651865986601,-3.8716115939867497
-4.201660765372537,-3.867567587070766
-4.196669664758481,-3.8635223393477567
-4.191678564144418,-3.8594758505835003
-4.186687463530355,-3.8554281205438055
-4.181696362916291,-3.8513791489944924
-4.176705262302235,-3.847328935701382
-4.171714161688172,-3.843277480430311
-4.166723061074109,-3.839224782947142
-4.161731960460045,-3.8351708430177203
-4.156740859845989,-3.831115660407945
-4.151749759231926,-3.827059234883687
-4.146758658617863,-3.82300156621085
-4.141767558003799,-3.8189426541553493
-4.136776457389743,-3.8148824984831187
-4.13178535677568,-3.810821098960088
-4.126794256161617,-3.8067584553522056
-4.121803155547553,-3.802694567425437
-4.116812054933497,-3.798629434945763
-4.111820954319434,-3.794563057679163
-4.106829853705371,-3.7904954353916476
-4.1018387530913145,-3.7864265678492255
-4.096847652477251,-3.7823564548179194
-4.091856551863188,-3.7782850960637697
-4.086865451249125,-3.774212491352826
-4.0818743506350685,-3.770138640451166
-4.076883250021005,-3.7660635431248464
-4.071892149406942,-3.761987199139969
-4.066901048792879,-3.7579096082626324
-4.061909948178823,-3.7538307702589555
-4.056918847564759,-3.7497506848950595
-4.051927746950696,-3.745669351937092
-4.046936646336633,-3.7415867711512005
-4.041945545722577,-3.7375029423035624
-4.036954445108513,-3.7334178651603427
-4.03196334449445,-3.7293315394877418
-4.026972243880387,-3.72524396505196
-4.021981143266331,-3.721155141619226
-4.016990042652267,-3.71706506895576
-4.011998942038204,-3.7129737468278097
-4.007007841424141,-3.7088811750016366
-4.002016740810085,-3.704787353243513
-3.9970256401960214,-3.700692281319708
-3.992034539581958,-3.6965959589965345
-3.987043438967902,-3.6924983860402976
-3.9820523383538386,-3.688399562217317
-3.9770612377397754,-3.684299487293928
-3.972070137125712,-3.680198161036486
-3.967079036511656,-3.676095583211356
-3.9620879358975927,-3.671991753584905
-3.9570968352835294,-3.6678866719235277
-3.952105734669466,-3.6637803379936273
-3.94711463405541,-3.65967275156162
-3.9421235334413467,-3.65556391239393
-3.9371324328272834,-3.6514538202569993
-3.93214133221322,-3.647342474917299
-3.927150231599164,-3.643229876141291
-3.9221591309851007,-3.6391160236954447
-3.9171680303710374,-3.635000917346275
-3.912176929756974,-3.630884556860288
-3.907185829142918,-3.626766942004007
-3.9021947285288547,-3.6226480725439654
-3.8972036279147915,-3.6185279482467148
-3.8922125273007353,-3.614406568878826
-3.887221426686672,-3.610283934206868
-3.8822303260726088,-3.60616004399744
-3.8772392254585455,-3.602034898017148
-3.8722481248444893,-3.5979084960326126
-3.867257024230426,-3.5937808378104528
-3.862265923616363,-3.5896519231173305
-3.8572748230022995,-3.5855217517199076
-3.8522837223882433,-3.581390323384853
-3.84729262177418,-3.577257637878848
-3.842301521160117,-3.573123694968603
-3.8373104205460535,-3.5689884944208345
-3.8323193199319974,-3.564852036002276
-3.827328219317934,-3.560714319479662
-3.822337118703871,-3.5565753446197554
-3.8173460180898076,-3.5524351111893275
-3.8123549174757514,-3.5482936189551757
-3.807363816861688,-3.5441508676840794
-3.802372716247625,-3.5400068571428607
-3.7973816156335687,-3.5358615870983554
-3.7923905150195054,-3.5317150573173928
-3.787399414405442,-3.5275672675668406
-3.782408313791379,-3.5234182176135658
-3.7774172131773227,-3.519267907224458
-3.7724261125632594,-3.5151163361663995
-3.767435011949196,-3.5109635042063236
-3.762443911335133,-3.5068094111111434
-3.7574528107210767,-3.5026540566478124
-3.7524617101070135,-3.498497440583275
-3.74747060949295,-3.4943395626845093
-3.742479508878887,-3.4901804227184976
-3.7374884082648308,-3.4860200204522473
-3.7324973076507675,-3.4818583556527565
-3.727506207036704,-3.4776954280870633
-3.722515106422641,-3.4735312375222023
-3.7175240058085848,-3.4693657837252454
-3.7125329051945215,-3.465199066463249
-3.7075418045804582,-3.4610310855033064
-3.702550703966395,-3.4568618406125142
-3.697559603352339,-3.452691331557998
-3.6925685027382755,-3.448519558106869
-3.6875774021242123,-3.444346520026286
-3.682586301510156,-3.4401722170834095
-3.677595200896093,-3.4359966490453977
-3.6726041002820295,-3.431819815679456
-3.6676129996679663,-3.4276417167527797
-3.66262189905391,-3.4234623520325926
-3.657630798439847,-3.4192817212861124
-3.6526396978257836,-3.4150998242805994
-3.6476485972117203,-3.410916660783317
-3.642657496597664,-3.4067322305615413
-3.637666395983601,-3.4025465333825533
-3.6326752953695376,-3.3983595690136736
-3.6276841947554743,-3.3941713372222155
-3.622693094141418,-3.3899818377755238
-3.617701993527355,-3.3857910704409417
-3.6127108929132916,-3.3815990349858374
-3.6077197922992283,-3.3774057311775945
-3.602728691685172,-3.373211158783621
-3.597737591071109,-3.3690153175713067
-3.5927464904570456,-3.3648182073080934
-3.5877553898429895,-3.360619827761426
-3.582764289228926,-3.356420178698749
-3.577773188614863,-3.352219259887539
-3.5727820880007997,-3.3480170710952883
-3.5677909873867435,-3.343813612089507
-3.5627998867726802,-3.3396088826376973
-3.557808786158617,-3.3354028825074007
-3.5528176855445537,-3.3311956114661596
-3.5478265849304975,-3.326987069281553
-3.5428354843164342,-3.322777255721146
-3.537844383702371,-3.318566170552531
-3.5328532830883077,-3.3143538135433293
-3.5278621824742515,-3.310140184461165
-3.5228710818601883,-3.3059252830736736
-3.517879981246125,-3.3017091091485185
-3.5128888806320617,-3.29749166245336
-3.5078977800180056,-3.293272942755895
-3.5029066794039423,-3.289052949823828
-3.497915578789879,-3.2848316834248705
-3.492924478175823,-3.2806091433267683
-3.4879333775617596,-3.276385329297255
-3.4829422769476963,-3.2721602411040993
-3.477951176333633,-3.2679338785150933
-3.472960075719577,-3.2637062412980344
-3.4679689751055136,-3.2594773292207186
-3.4629778744914503,-3.2552471420509885
-3.457986773877387,-3.2510156795566814
-3.452995673263331,-3.246782941505663
-3.4480045726492676,-3.2425489276658044
-3.4430134720352044,-3.2383136378049957
-3.438022371421141,-3.2340770716911424
-3.433031270807085,-3.229839229092182
-3.4280401701930217,-3.2256001097760354
-3.4230490695789584,-3.221359713510669
-3.418057968964895,-3.2171180400640527
-3.413066868350839,-3.2128750892041738
-3.4080757677367757,-3.2086308606990257
-3.4030846671227124,-3.2043853543166367
-3.3980935665086562,-3.200138569825048
-3.393102465894593,-3.195890506992293
-3.3881113652805297,-3.1916411655864545
-3.3831202646664664,-3.1873905453756066
-3.3781291640524103,-3.1831386461278646
-3.373138063438347,-3.178885467611322
-3.3681469628242837,-3.1746310095941204
-3.3631558622102204,-3.1703752718444167
-3.3581647615961643,-3.1661182541303665
-3.353173660982101,-3.1618599562201517
-3.3481825603680377,-3.157600377881968
-3.3431914597539745,-3.1533395188840254
-3.3382003591399183,-3.149077378994574
-3.333209258525855,-3.144813957981837
-3.3282181579117918,-3.140549255614087
-3.3232270572977285,-3.1362832716595994
-3.3182359566836723,-3.132016005886679
-3.313244856069609,-3.127747458063625
-3.308253755455546,-3.1234776279587706
-3.3032626548414825,-3.1192065153404642
-3.2982715542274263,-3.114934119977071
-3.293280453613363,-3.1106604416369574
-3.2882893529993,-3.106385480088525
-3.2832982523852436,-3.1021092351001918
-3.2783071517711804,-3.097831706440374
-3.273316051157117,-3.0935528938775176
-3.268324950543054,-3.089272797180092
-3.2633338499289977,-3.084991416116575
-3.2583427493149344,-3.080708750455458
-3.253351648700871,-3.0764247999652468
-3.248360548086808,-3.0721395644144818
-3.2433694474727517,-3.0678530435716995
-3.2383783468586884,-3.0635652372054705
-3.233387246244625,-3.0592761450843686
-3.228396145630562,-3.054985766976988
-3.2234050450165057,-3.0506941026519496
-3.2184139444024424,-3.0464011518778746
-3.213422843788379,-3.0421069144234116
-3.208431743174316,-3.037811390057231
-3.2034406425602597,-3.033514578548009
-3.1984495419461965,-3.0292164796644463
-3.193458441332133,-3.0249170931752514
-3.188467340718077,-3.0206164188491713
-3.1834762401040138,-3.016314456454938
-3.1784851394899505,-3.0120112057613255
-3.173494038875887,-3.007706666537117
-3.168502938261831,-3.0034008385511224
-3.1635118376477678,-2.999093721572147
-3.1585207370337045,-2.9947853153690285
-3.1535296364196412,-2.9904756197106273
-3.148538535805585,-2.9861646343658084
-3.143547435191522,-2.9818523591034625
-3.1385563345774585,-2.977538793692486
-3.1335652339633953,-2.9732239379018104
-3.128574133349339,-2.968907791500374
-3.123583032735276,-2.964590354257123
-3.1185919321212126,-2.9602716259410444
-3.1136008315071493,-2.955951606321129
-3.108609730893093,-2.951630295166389
-3.10361863027903,-2.947307692245835
-3.0986275296649666,-2.9429837973285267
-3.0936364290509104,-2.9386586101835257
-3.088645328436847,-2.9343321305799055
-3.083654227822784,-2.9300043582867628
-3.0786631272087206,-2.92567529307322
-3.0736720265946644,-2.9213449347084115
-3.068680925980601,-2.9170132829614746
-3.063689825366538,-2.912680337601585
-3.0586987247524746,-2.908346098397931
-3.0537076241384185,-2.904010565119722
-3.048716523524355,-2.899673737536161
-3.043725422910292,-2.8953356154165015
-3.0387343222962286,-2.8909961985299995
-3.0337432216821725,-2.88665548664593
-3.028752121068109,-2.8823134795335865
-3.023761020454046,-2.8779701769622705
-3.0187699198399827,-2.873625578701323
-3.0137788192259265,-2.8692796845200887
-3.0087877186118632,-2.864932494187928
-3.0037966179978,-2.8605840074742224
-2.998805517383744,-2.8562342241483836
-2.9938144167696805,-2.851883143979822
-2.9888233161556172,-2.8475307667379743
-2.983832215541554,-2.8431770921922976
-2.978841114927498,-2.838822120112274
-2.9738500143134345,-2.834465850267383
-2.9688589136993713,-2.830108282427136
-2.963867813085308,-2.8257494163610666
-2.958876712471252,-2.821389251838728
-2.9538856118571886,-2.817027788629667
-2.9488945112431253,-2.812665026503475
-2.943903410629062,-2.808300965229759
-2.938912310015006,-2.8039356045781356
-2.9339212094009426,-2.7995689443182394
-2.9289301087868793,-2.79520098421973
-2.923939008172816,-2.7908317240522753
-2.91894790755876,-2.786461163585586
-2.9139568069446966,-2.782089302589356
-2.9089657063306333,-2.777716140833323
-2.90397460571657,-2.773341678087238
-2.898983505102514,-2.768965914120876
-2.8939924044884506,-2.7645888487039976
-2.8890013038743874,-2.7602104816064323
-2.884010203260331,-2.7558308125979973
-2.879019102646268,-2.751449841448529
-2.8740280020322047,-2.7470675679278918
-2.8690369014181414,-2.742683991805966
-2.864045800804085,-2.7382991128526575
-2.859054700190022,-2.733912930837865
-2.8540635995759587,-2.7295254455315363
-2.8490724989618954,-2.725136656703626
-2.8440813983478392,-2.720746564124108
-2.839090297733776,-2.716355167562968
-2.8340991971197127,-2.7119624667902245
-2.8291080965056494,-2.7075684615759026
-2.8241169958915933,-2.7031731516900597
-2.81912589527753,-2.698776536902757
-2.8141347946634667,-2.6943786169840775
-2.8091436940494035,-2.689979391704133
-2.8041525934353473,-2.685578860833057
-2.799161492821284,-2.68117702414098
-2.7941703922072207,-2.6767738813980655
-2.7891792915931646,-2.6723694323745124
-2.7841881909791013,-2.667963676840501
-2.779197090365038,-2.663556614566264
-2.7742059897509748,-2.659148245322036
-2.7692148891369186,-2.65473856887809
-2.7642237885228553,-2.650327585004686
-2.759232687908792,-2.645915293472129
-2.754241587294729,-2.641501694050736
-2.7492504866806726,-2.6370867865108507
-2.7442593860666094,-2.63267057062282
-2.739268285452546,-2.628253046157013
-2.734277184838483,-2.62383421288384
-2.7292860842244266,-2.619414070573712
-2.7242949836103634,-2.61499261899705
-2.7193038829963,-2.6105698579243093
-2.714312782382237,-2.606145787125974
-2.7093216817681807,-2.6017204063725314
-2.7043305811541174,-2.5972937154344855
-2.699339480540054,-2.5928657140823734
-2.694348379925998,-2.5884364020867494
-2.6893572793119347,-2.584005779218176
-2.6843661786978714,-2.5795738452472423
-2.679375078083808,-2.575140599944566
-2.674383977469752,-2.5707060430807784
-2.6693928768556887,-2.5662701744265126
-2.6644017762416254,-2.5618329937524464
-2.659410675627562,-2.5573945008292696
-2.654419575013506,-2.5529546954276974
-2.6494284743994427,-2.5485135773184466
-2.6444373737853795,-2.544071146272263
-2.639446273171316,-2.5396274020599217
-2.63445517255726,-2.535182344452216
-2.6294640719431968,-2.5307359732199397
-2.6244729713291335,-2.526288288133929
-2.61948187071507,-2.521839288965028
-2.614490770101014,-2.517388975484118
-2.609499669486951,-2.5129373474620627
-2.6045085688728875,-2.508484404669783
-2.5995174682588242,-2.504030146878207
-2.594526367644768,-2.499574573858291
-2.589535267030705,-2.495117685380982
-2.5845441664166415,-2.490659481217284
-2.5795530658025854,-2.486199961138207
-2.574561965188522,-2.481739124914765
-2.569570864574459,-2.477276972318025
-2.5645797639603956,-2.472813503119037
-2.5595886633463394,-2.468348717088911
-2.554597562732276,-2.4638826139987415
-2.549606462118213,-2.4594151936196607
-2.5446153615041496,-2.4549464557228244
-2.5396242608900934,-2.450476400079404
-2.53463316027603,-2.4460050264605844
-2.529642059661967,-2.441532334637579
-2.5246509590479036,-2.437058324381621
-2.5196598584338474,-2.43258299546397
-2.514668757819784,-2.4281063476558886
-2.509677657205721,-2.4236283807286716
-2.5046865565916576,-2.419149094453642
-2.4996954559776015,-2.414668488602131
-2.494704355363538,-2.4101865629454835
-2.489713254749475,-2.405703317255087
-2.4847221541354187,-2.4012187513023457
-2.4797310535213555,-2.3967328648586546
-2.474739952907292,-2.392245657695471
-2.469748852293229,-2.3877571295842417
-2.4647577516791728,-2.3832672802964603
-2.4597666510651095,-2.378776109603612
-2.4547755504510462,-2.374283617277228
-2.449784449836983,-2.3697898030888487
-2.444793349222927,-2.3652946668100405
-2.4398022486088635,-2.360798208212373
-2.4348111479948003,-2.3563004270674686
-2.429820047380737,-2.3518013231469395
-2.424828946766681,-2.3473008962224506
-2.4198378461526175,-2.3427991460656505
-2.4148467455385543,-2.338296072448237
-2.409855644924491,-2.3337916751419154
-2.404864544310435,-2.3292859539184274
-2.3998734436963716,-2.324778908549515
-2.3948823430823083,-2.320270538806948
-2.389891242468252,-2.315760844462539
-2.384900141854189,-2.311249825288082
-2.3799090412401256,-2.3067374810554244
-2.3749179406260623,-2.3022238115364235
-2.369926840012006,-2.2977088165029684
-2.364935739397943,-2.2931924957269425
-2.3599446387838796,-2.288674848980273
-2.3549535381698163,-2.284155876034903
-2.34996243755576,-2.279635576662807
-2.344971336941697,-2.275113950635957
-2.3399802363276336,-2.2705909977263667
-2.3349891357135704,-2.2660667177060665
-2.329998035099514,-2.261541110347108
-2.325006934485451,-2.257014175421554
-2.3200158338713877,-2.2524859127015047
-2.3150247332573244,-2.2479563219590717
-2.310033632643268,-2.243425402966405
-2.305042532029205,-2.2388931554956386
-2.3000514314151417,-2.2343595793189666
-2.2950603308010855,-2.2298246742085963
-2.2900692301870222,-2.225288439936734
-2.285078129572959,-2.2207508762756336
-2.2800870289588957,-2.2162119829975606
-2.2750959283448395,-2.2116717598748092
-2.2701048277307763,-2.207130206679675
-2.265113727116713,-2.2025873231844972
-2.2601226265026497,-2.198043109161632
-2.2551315258885936,-2.1934975643834576
-2.2501404252745303,-2.188950688622361
-2.245149324660467,-2.184402481650764
-2.2401582240464037,-2.1798529432411105
-2.2351671234323476,-2.1753020731658665
-2.2301760228182843,-2.170749871197512
-2.225184922204221,-2.16619633710855
-2.2201938215901578,-2.1616414706715177
-2.2152027209761016,-2.157085271658964
-2.2102116203620383,-2.1525277398434595
-2.205220519747975,-2.147968874997601
-2.200229419133912,-2.143408676894005
-2.1952383185198556,-2.1388471453053146
-2.1902472179057924,-2.1342842800041812
-2.185256117291729,-2.1297200807633
-2.180265016677673,-2.1251545473553732
-2.1752739160636096,-2.120587679553126
-2.1702828154495464,-2.11601947712931
-2.165291714835483,-2.111449939856702
-2.160300614221427,-2.1068790675081
-2.1553095136073637,-2.1023068598563066
-2.1503184129933004,-2.097733316674173
-2.145327312379237,-2.093158437734563
-2.140336211765181,-2.0885822228103645
-2.1353451111511177,-2.084004671674474
-2.1303540105370544,-2.0794257840998247
-2.125362909922991,-2.0748455598593676
-2.120371809308935,-2.070263998726091
-2.1153807086948717,-2.0656811004729723
-2.1103896080808084,-2.0610968648730434
-2.105398507466745,-2.0565112916993438
-2.100407406852689,-2.051924380724944
-2.0954163062386257,-2.0473361317229233
-2.0904252056245625,-2.042746544466395
-2.0854341050105063,-2.038155618728504
-2.080443004396443,-2.0335633542823883
-2.0754519037823798,-2.028969750901235
-2.0704608031683165,-2.024374808358246
-2.0654697025542603,-2.01977852642665
-2.060478601940197,-2.015180904879686
-2.055487501326134,-2.0105819434906222
-2.0504964007120705,-2.0059816420327636
-2.0455053000980143,-2.0013800002794238
-2.040514199483951,-1.996777018003932
-2.035523098869888,-1.9921726949796577
-2.0305319982558245,-1.9875670309799824
-2.0255408976417684,-1.9829600257783255
-2.020549797027705,-1.9783516791480988
-2.015558696413642,-1.973741990862771
-2.0105675957995786,-1.9691309606958132
-2.0055764951855224,-1.9645185884207341
-2.000585394571459,-1.9599048738110467
-1.9955942939573958,-1.9552898166402999
-1.9906031933433397,-1.9506734166820678
-1.9856120927292764,-1.9460556737099401
-1.9806209921152131,-1.9414365874975295
-1.9756298915011499,-1.9368161578184824
-1.9706387908870937,-1.9321943844464688
-1.9656476902730304,-1.9275712671551604
-1.9606565896589672,-1.9229468057182726
-1.955665489044904,-1.9183209999095343
-1.9506743884308477,-1.9136938495027214
-1.9456832878167845,-1.909065354271589
-1.9406921872027212,-1.904435513989948
-1.935701086588658,-1.8998043284316322
-1.9307099859746018,-1.8951717973704938
-1.9257188853605385,-1.8905379205803943
-1.9207277847464752,-1.8859026978352391
-1.915736684132412,-1.881266128908949
-1.9107455835183558,-1.8766282135754735
-1.9057544829042925,-1.8719889516087662
-1.9007633822902292,-1.8673483427828346
-1.895772281676173,-1.8627063868716967
-1.8907811810621098,-1.8580630836493726
-1.8857900804480465,-1.8534184328899381
-1.8807989798339833,-1.8487724343674823
-1.875807879219927,-1.844125087856121
-1.8708167786058638,-1.8394763931299745
-1.8658256779918005,-1.8348263499632098
-1.8608345773777373,-1.8301749581300069
-1.855843476763681,-1.8255222174045789
-1.8508523761496178,-1.8208681275611442
-1.8458612755355546,-1.816212688373966
-1.8408701749214913,-1.8115558996173184
-1.8358790743074351,-1.8068977610655117
-1.8308879736933719,-1.8022382724928596
-1.8258968730793086,-1.7975774336737207
-1.8209057724652453,-1.7929152443824712
-1.8159146718511892,-1.7882517043935104
-1.8109235712371259,-1.7835868134812491
-1.8059324706230626,-1.7789205714201428
-1.8009413700089993,-1.7742529779846614
-1.7959502693949432,-1.7695840329493104
-1.79095916878088,-1.764913736088593
-1.7859680681668166,-1.7602420871770594
-1.7809769675527605,-1.7555690859892843
-1.7759858669386972,-1.750894732299851
-1.770994766324634,-1.746219025883378
-1.7660036657105707,-1.7415419665145113
-1.7610125650965145,-1.7368635539679196
-1.7560214644824512,-1.732183788018278
-1.751030363868388,-1.7275026684403094
-1.7460392632543247,-1.7228201950087538
-1.7410481626402685,-1.718136367498382
-1.7360570620262052,-1.713451185683971
-1.731065961412142,-1.7087646493403335
-1.7260748607980787,-1.704076758242311
-1.7210837601840225,-1.6993875121647715
-1.7160926595699593,-1.694696910882587
-1.711101558955896,-1.690004954170675
-1.7061104583418327,-1.685311641803974
-1.7011193577277766,-1.680616973557447
-1.6961282571137133,-1.6759209492060698
-1.69113715649965,-1.6712235685248582
-1.6861460558855939,-1.6665248312888503
-1.6811549552715306,-1.6618247372730977
-1.6761638546574673,-1.6571232862526928
-1.671172754043404,-1.6524204780027367
-1.6661816534293479,-1.6477163122983716
-1.6611905528152846,-1.6430107889147492
-1.6561994522012213,-1.6383039076270591
-1.651208351587158,-1.6335956682105037
-1.646217250973102,-1.6288860704403354
-1.6412261503590386,-1.624175114091791
-1.6362350497449754,-1.619462798940164
-1.631243949130912,-1.6147491247607637
-1.626252848516856,-1.6100340913289264
-1.6212617479027926,-1.6053176984200055
-1.6162706472887294,-1.600599945809393
-1.611279546674666,-1.5958808332724899
-1.60628844606061,-1.5911603605847429
-1.6012973454465467,-1.586438527521602
-1.5963062448324834,-1.5817153338585566
-1.5913151442184272,-1.5769907793711226
-1.586324043604364,-1.5722648638348224
-1.5813329429903007,-1.5675375870252295
-1.5763418423762374,-1.5628089487179269
-1.5713507417621813,-1.5580789486885331
-1.566359641148118,-1.5533475867126707
-1.5613685405340547,-1.5486148625660143
-1.5563774399199914,-1.543880776024253
-1.5513863393059353,-1.5391453268630988
-1.546395238691872,-1.5344085148582889
-1.5414041380778087,-1.5296703397855846
-1.5364130374637455,-1.5249308014207847
-1.5314219368496893,-1.5201898995397058
-1.526430836235626,-1.5154476339181822
-1.5214397356215628,-1.5107040043320905
-1.5164486350074995,-1.505959010557315
-1.5114575343934433,-1.501212652369784
-1.50646643377938,-1.4964649295454318
-1.5014753331653168,-1.4917158418602343
-1.4964842325512606,-1.4869653890901964
-1.4914931319371973,-1.482213571011323
-1.486502031323134,-1.477460387399668
-1.4815109307090708,-1.4727058380313125
-1.4765198300950146,-1.4679499226823551
-1.4715287294809514,-1.4631926411289102
-1.466537628866888,-1.4584339931471362
-1.4615465282528248,-1.4536739785132118
-1.4565554276387687,-1.4489125970033478
-1.4515643270247054,-1.4441498483937518
-1.4465732264106421,-1.4393857324606962
-1.4415821257965789,-1.4346202489804636
-1.4365910251825227,-1.4298533977293584
-1.4315999245684594,-1.4250851784837086
-1.4266088239543961,-1.42031559101988
-1.4216177233403329,-1.4155446351142562
-1.4166266227262767,-1.4107723105432537
-1.4116355221122134,-1.4059986170833085
-1.4066444214981502,-1.4012235545108782
-1.401653320884087,-1.3964471226024633
-1.3966622202700307,-1.391669321134586
-1.3916711196559675,-1.3868901498837736
-1.3866800190419042,-1.3821096086266076
-1.381688918427848,-1.377327697139687
-1.3766978178137848,-1.3725444151996247
-1.3717067171997215,-1.367759762583074
-1.3667156165856582,-1.3629737390667123
-1.361724515971602,-1.3581863444272457
-1.3567334153575388,-1.3533975784413959
-1.3517423147434755,-1.3486074408859205
-1.3467512141294122,-1.3438159315375964
-1.341760113515356,-1.3390230501732483
-1.3367690129012928,-1.334228796569694
-1.3317779122872295,-1.329433170503797
-1.3267868116731663,-1.324636171752455
-1.32179571105911,-1.3198378000925837
-1.3168046104450468,-1.3150380553011116
-1.3118135098309835,-1.3102369371550182
-1.3068224092169203,-1.3054344454312976
-1.3018313086028641,-1.3006305799069724
-1.2968402079888008,-1.2958253403590876
-1.2918491073747376,-1.2910187265647197
-1.2868580067606814,-1.286210738300977
-1.2818669061466181,-1.281401375344981
-1.2768758055325549,-1.2765906374738953
-1.2718847049184916,-1.2717785244648976
-1.2668936043044354,-1.2669650360952074
-1.2619025036903722,-1.2621501721420532
-1.2569114030763089,-1.257333932382699
-1.2519203024622456,-1.2525163165944408
-1.2469292018481895,-1.2476973245546072
-1.2419381012341262,-1.2428769560405233
-1.236947000620063,-1.2380552108295728
-1.2319559000059996,-1.2332320886991588
-1.2269647993919435,-1.2284075894267121
-1.2219736987778802,-1.2235817127896724
-1.216982598163817,-1.2187544585655308
-1.2119914975497537,-1.2139258265317951
-1.2070003969356975,-1.2090958164660084
-1.2020092963216342,-1.2042644281457247
-1.197018195707571,-1.199431661348539
-1.1920270950935148,-1.1945975158520759
-1.1870359944794515,-1.1897619914339697
-1.1820448938653882,-1.1849250878719
-1.177053793251325,-1.1800868049435613
-1.1720626926372688,-1.1752471424267033
-1.1670715920232055,-1.1704061000990544
-1.1620804914091423,-1.1655636777384084
-1.157089390795079,-1.160719875122582
-1.1520982901810228,-1.1558746920294125
-1.1471071895669596,-1.1510281282367587
-1.1421160889528963,-1.1461801835225196
-1.137124988338833,-1.1413308576646155
-1.1321338877247769,-1.136480150441004
-1.1271427871107136,-1.1316280616296421
-1.1221516864966503,-1.1267745910085514
-1.117160585882587,-1.1219197383557606
-1.1121694852685309,-1.117063503449331
-1.1071783846544676,-1.1122058860673434
-1.1021872840404043,-1.1073468859879187
-1.097196183426341,-1.1024865029892055
-1.092205082812285,-1.097624736849372
-1.0872139821982216,-1.0927615873466106
-1.0822228815841584,-1.0878970542591584
-1.0772317809701022,-1.0830311373652743
-1.072240680356039,-1.0781638364432247
-1.0672495797419757,-1.0732951512713358
-1.0622584791279124,-1.0684250816279408
-1.0572673785138562,-1.0635536272914188
-1.052276277899793,-1.0586807880401485
-1.0472851772857297,-1.0538065636525655
-1.0422940766716664,-1.0489309539071157
-1.0373029760576102,-1.0440539585822952
-1.032311875443547,-1.0391755774565885
-1.0273207748294837,-1.0342958103085484
-1.0223296742154204,-1.0294146569167362
-1.0173385736013643,-1.0245321170597517
-1.012347472987301,-1.0196481905162045
-1.0073563723732377,-1.0147628770647519
-1.0023652717591744,-1.0098761764840687
-0.9973741711451183,-1.0049880885528777
-0.992383070531055,-1.0000986130498895
-0.9873919699169917,-0.995207749753885
-0.9824008693029356,-0.9903154984436564
-0.9774097686888723,-0.9854218588980127
-0.972418668074809,-0.9805268308958084
-0.9674275674607458,-0.9756304142159298
-0.9624364668466896,-0.970732608637284
-0.9574453662326263,-0.9658334139387896
-0.9524542656185631,-0.9609328298994232
-0.9474631650044998,-0.9560308562981753
-0.9424720643904436,-0.9511274929140737
-0.9374809637763803,-0.9462227395261542
-0.9324898631623171,-0.9413165959135065
-0.9274987625482538,-0.9364090618552319
-0.9225076619341976,-0.9315001371304775
-0.9175165613201344,-0.9265898215183949
-0.9125254607060711,-0.9216781147981826
-0.9075343600920078,-0.9167650167490665
-0.9025432594779517,-0.9118505271503013
-0.8975521588638884,-0.9069346457811607
-0.8925610582498251,-0.9020173724209556
-0.887569957635769,-0.8970987068490305
-0.8825788570217057,-0.892178648844747
-0.8775877564076424,-0.8872571981875034
-0.8725966557935791,-0.8823343546567246
-0.867605555179523,-0.8774101180318765
-0.8626144545654597,-0.8724844880924225
-0.8576233539513964,-0.867557464617894
-0.8526322533373332,-0.8626290473878228
-0.847641152723277,-0.8576992361817918
-0.8426500521092137,-0.8527680307793917
-0.8376589514951505,-0.8478354309602535
-0.8326678508810872,-0.8429014365040385
-0.827676750267031,-0.8379660471904443
-0.8226856496529678,-0.8330292627991719
-0.8176945490389045,-0.8280910831099803
-0.8127034484248412,-0.8231515079026412
-0.807712347810785,-0.8182105369569728
-0.8027212471967218,-0.813268170052791
-0.7977301465826585,-0.8083244069699734
-0.7927390459686023,-0.8033792474884187
-0.7877479453545391,-0.7984326913880389
-0.7827568447404758,-0.7934847384487959
-0.7777657441264125,-0.7885353884506666
-0.7727746435123564,-0.7835846411736781
-0.7677835428982931,-0.7786324963978561
-0.7627924422842298,-0.7736789539032791
-0.7578013416701666,-0.7687240134700498
-0.7528102410561104,-0.7637676748783072
-0.7478191404420471,-0.7588099379081976
-0.7428280398279838,-0.7538508023399159
-0.7378369392139206,-0.748890267953692
-0.7328458385998644,-0.7439283345297751
-0.7278547379858011,-0.738965001848437
-0.7228636373717379,-0.7340002696899897
-0.7178725367576746,-0.7290341378347789
-0.7128814361436184,-0.7240666060631762
-0.7078903355295552,-0.7190976741555714
-0.7028992349154919,-0.7141273418924026
-0.6979081343014286,-0.7091556090541257
-0.6929170336873725,-0.7041824754212416
-0.6879259330733092,-0.699207940774251
-0.6829348324592459,-0.6942320048937172
-0.6779437318451897,-0.6892546675602205
-0.6729526312311265,-0.6842759285543631
-0.6679615306170632,-0.6792957876567884
-0.6629704300029999,-0.6743142446481676
-0.6579793293889438,-0.6693312993092017
-0.6529882287748805,-0.6643469514206174
-0.6479971281608172,-0.659361200763176
-0.643006027546754,-0.6543740471176666
-0.6380149269326978,-0.6493854902649152
-0.6330238263186345,-0.6443955299857624
-0.6280327257045712,-0.6394041660610936
-0.623041625090508,-0.634411398271819
-0.6180505244764518,-0.6294172263988822
-0.6130594238623885,-0.6244216502232403
-0.6080683232483253,-0.6194246695258946
-0.603077222634262,-0.6144262840878808
-0.5980861220202058,-0.6094264936902528
-0.5930950214061426,-0.6044252981140898
-0.5881039207920793,-0.5994226971405135
-0.5831128201780231,-0.5944186905506675
-0.5781217195639599,-0.5894132781257116
-0.5731306189498966,-0.5844064596468515
-0.5681395183358333,-0.5793982348953101
-0.5631484177217772,-0.5743886036523446
-0.5581573171077139,-0.569377565699216
-0.5531662164936506,-0.5643651208172334
-0.5481751158795873,-0.5593512687877205
-0.5431840152655312,-0.5543360093920277
-0.5381929146514679,-0.5493193424114985
-0.5332018140374046,-0.5443012676275335
-0.5282107134233414,-0.5392817848215206
-0.5232196128092852,-0.5342608937748884
-0.5182285121952219,-0.5292385942690289
-0.5132374115811587,-0.5242148860853868
-0.5082463109670954,-0.5191897690053854
-0.5032552103530392,-0.5141632428104519
-0.49826410973897595,-0.5091353072819824
-0.4932730091249127,-0.5041059622013849
-0.4882819085108565,-0.49907520735003297
-0.48329080789679324,-0.49404304250923126
-0.47829970728272997,-0.48900946746027196
-0.4733086066686667,-0.4839744819843707
-0.46831750605461053,-0.47893808586267095
-0.46332640544054726,-0.4739002788761838
-0.458335304826484,-0.46886106080582446
-0.4533442042124207,-0.46382043143235424
-0.44835310359836456,-0.45877839053634334
-0.4433620029843013,-0.45373493789812214
-0.438370902370238,-0.44869007329778754
-0.43337980175617474,-0.44364379651508784
-0.4283887011421186,-0.4385961073294114
-0.4233976005280553,-0.4335470055196682
-0.41840649991399204,-0.42849649086425357
-0.41341539929992877,-0.42344456314091994
-0.4084242986858726,-0.418391222126678
-0.40343319807180933,-0.4133364675976344
-0.39844209745774606,-0.4082802993288682
-0.3934509968436899,-0.4032227170942527
-0.3884598962296266,-0.39816372066619354
-0.38346879561556335,-0.39310330981544056
-0.3784776950015001,-0.38804148431076885
-0.3734865943874439,-0.38297824391865676
-0.36849549377338064,-0.3779135884028726
-0.3635043931593174,-0.3728475175240653
-0.3585132925452541,-0.36778003103922646
-0.35352219193119794,-0.3627111287010812
-0.34853109131713467,-0.3576408102573782
-0.3435399907030714,-0.35256907545011473
-0.3385488900890081,-0.34749592401460516
-0.33355778947495196,-0.3424213556783901
-0.3285666888608887,-0.33734537016001037
-0.3235755882468254,-0.33226796716760515
-0.31858448763276215,-0.3271891463972902
-0.313593387018706,-0.3221089075313017
-0.3086022864046427,-0.3170272502358267
-0.30361118579057944,-0.31194417415866355
-0.29862008517651617,-0.30685967892640204
-0.29362898456246,-0.30177376414131224
-0.28863788394839673,-0.29668642937776185
-0.28364678333433346,-0.2915976741782343
-0.2786556827202773,-0.2865074980487721
-0.273664582106214,-0.2814159004538681
-0.26867348149215076,-0.27632288081075324
-0.2636823808780875,-0.27122843848301126
-0.2586912802640313,-0.26613257277346397
-0.25370017964996805,-0.2610352829162566
-0.24870907903590478,-0.2559365680682018
-0.2437179784218415,-0.25083642729922473
-0.23872687780778534,-0.24573485958195063
-0.23373577719372207,-0.2406318637804164
-0.2287446765796588,-0.23552743863801606
-0.22375357596559553,-0.2304215827645727
-0.21876247535153936,-0.2253142946228082
-0.2137713747374761,-0.22020557251424744
-0.20878027412341282,-0.21509541456491446
-0.20378917350934955,-0.20998381871100735
-0.1987980728952934,-0.2048707826850297
-0.19380697228123012,-0.19975630400297317
-0.18881587166716685,-0.1946403799531963
-0.18382477105311068,-0.1895230075879022
-0.1788336704390474,-0.18440418371830664
-0.17384256982498414,-0.17928390491486695
-0.16885146921092087,-0.17416216751414834
-0.1638603685968647,-0.16903896763425377
-0.15886926798280143,-0.1639143012010961
-0.15387816736873816,-0.1587881639882049
-0.1488870667546749,-0.1536605516729105
-0.14389596614061873,-0.14853145991250918
-0.13890486552655545,-0.14340088444401144
-0.13391376491249218,-0.13826882121173314
-0.1289226642984289,-0.13313526652697433
-0.12393156368437275,-0.12800021726438668
-0.11894046307030948,-0.12286367109950166
-0.1139493624562462,-0.1177256267918077
-0.10895826184218294,-0.11258608451703957
-0.10396716122812677,-0.10744504625172994
-0.0989760606140635,-0.10230251621165157
-0.09398496,-0.09715850134420416
