-50.0,-16.374006485454604
-49.99502769825783,-16.373988017410934
-49.99005539651565,-16.373969500048474
-49.98508309477348,-16.37395093334263
-49.9801107930313,-16.373932317268757
-49.97513849128913,-16.373913651802223
-49.97016618954695,-16.373894936918344
-49.96519388780478,-16.373876172592478
-49.96022158606261,-16.373857358799942
-49.95524928432043,-16.373838495516054
-49.95027698257826,-16.3738195827161
-49.94530468083608,-16.37380062037538
-49.94033237909391,-16.373781608469166
-49.93536007735174,-16.373762546972717
-49.93038777560956,-16.373743435861314
-49.92541547386739,-16.37372427511017
-49.92044317212521,-16.373705064694544
-49.91547087038304,-16.373685804589606
-49.91049856864086,-16.37366649477063
-49.90552626689869,-16.373647135212778
-49.90055396515652,-16.373627725891247
-49.89558166341434,-16.373608266781176
-49.89060936167217,-16.373588757857803
-49.88563705992999,-16.373569199096195
-49.88066475818782,-16.37354959047154
-49.87569245644564,-16.373529931958974
-49.87072015470347,-16.373510223533607
-49.8657478529613,-16.3734904651705
-49.86077555121912,-16.37347065684481
-49.85580324947695,-16.373450798531596
-49.85083094773477,-16.373430890205928
-49.8458586459926,-16.37341093184286
-49.84088634425043,-16.373390923417457
-49.83591404250825,-16.373370864904743
-49.83094174076608,-16.373350756279738
-49.8259694390239,-16.373330597517477
-49.82099713728173,-16.37331038859298
-49.81602483553955,-16.373290129481163
-49.81105253379738,-16.373269820157077
-49.80608023205521,-16.37324946059566
-49.80110793031303,-16.37322905077188
-49.79613562857086,-16.373208590660678
-49.79116332682868,-16.37318808023699
-49.78619102508651,-16.373167519475718
-49.78121872334433,-16.37314690835182
-49.77624642160216,-16.373126246840148
-49.77127411985999,-16.373105534915634
-49.76630181811781,-16.373084772553092
-49.76132951637564,-16.37306395972745
-49.75635721463346,-16.373043096413536
-49.75138491289129,-16.373022182586173
-49.74641261114912,-16.373001218220214
-49.74144030940694,-16.372980203290464
-49.73646800766477,-16.37295913777174
-49.73149570592259,-16.372938021638845
-49.72652340418042,-16.372916854866556
-49.72155110243824,-16.372895637429636
-49.71657880069607,-16.372874369302856
-49.7116064989539,-16.372853050460932
-49.70663419721172,-16.372831680878672
-49.70166189546955,-16.372810260530745
-49.69668959372737,-16.37278878939188
-49.6917172919852,-16.372767267436764
-49.68674499024302,-16.372745694640116
-49.68177268850085,-16.372724070976613
-49.67680038675868,-16.372702396420895
-49.6718280850165,-16.37268067094765
-49.66685578327433,-16.372658894531515
-49.66188348153215,-16.372637067147096
-49.65691117978998,-16.37261518876904
-49.65193887804781,-16.372593259371957
-49.64696657630563,-16.372571278930447
-49.64199427456346,-16.372549247419094
-49.63702197282128,-16.37252716481245
-49.63204967107911,-16.372505031085108
-49.62707736933693,-16.372482846211597
-49.62210506759476,-16.372460610166495
-49.61713276585259,-16.372438322924268
-49.61216046411041,-16.372415984459476
-49.60718816236824,-16.372393594746633
-49.60221586062606,-16.3723711537602
-49.59724355888389,-16.372348661474675
-49.59227125714171,-16.372326117864528
-49.58729895539954,-16.372303522904186
-49.58232665365737,-16.372280876568155
-49.57735435191519,-16.372258178830812
-49.57238205017302,-16.372235429666627
-49.56740974843084,-16.372212629049987
-49.56243744668867,-16.37218977695528
-49.5574651449465,-16.37216687335691
-49.55249284320432,-16.372143918229252
-49.54752054146215,-16.37212091154667
-49.54254823971997,-16.37209785328353
-49.5375759379778,-16.372074743414124
-49.53260363623562,-16.372051581912825
-49.52763133449345,-16.372028368753963
-49.52265903275128,-16.372005103911793
-49.5176867310091,-16.37198178736064
-49.51271442926693,-16.371958419074787
-49.50774212752475,-16.37193499902848
-49.50276982578258,-16.371911527196012
-49.4977975240404,-16.371888003551604
-49.49282522229823,-16.371864428069514
-49.48785292055606,-16.371840800723948
-49.48288061881388,-16.371817121489098
-49.47790831707171,-16.3717933903392
-49.47293601532953,-16.371769607248424
-49.46796371358736,-16.37174577219095
-49.46299141184519,-16.37172188514094
-49.45801911010301,-16.37169794607254
-49.45304680836084,-16.371673954959892
-49.44807450661866,-16.371649911777137
-49.44310220487649,-16.37162581649839
-49.43812990313431,-16.37160166909772
-49.43315760139214,-16.371577469549287
-49.42818529964997,-16.371553217827113
-49.42321299790779,-16.37152891390527
-49.41824069616562,-16.371504557757852
-49.41326839442344,-16.37148014935888
-49.40829609268127,-16.371455688682396
-49.40332379093909,-16.37143117570241
-49.39835148919692,-16.37140661039296
-49.39337918745475,-16.371381992728015
-49.38840688571257,-16.371357322681554
-49.3834345839704,-16.371332600227596
-49.37846228222822,-16.371307825340036
-49.37348998048605,-16.371282997992893
-49.36851767874388,-16.37125811816006
-49.3635453770017,-16.37123318581548
-49.35857307525953,-16.37120820093306
-49.35360077351735,-16.371183163486727
-49.34862847177518,-16.37115807345036
-49.343656170033,-16.371132930797813
-49.33868386829083,-16.37110773550295
-49.33371156654866,-16.37108248753967
-49.32873926480648,-16.371057186881803
-49.32376696306431,-16.37103183350315
-49.31879466132213,-16.37100642737757
-49.31382235957996,-16.370980968478836
-49.30885005783778,-16.370955456780766
-49.30387775609561,-16.37092989225711
-49.29890545435344,-16.370904274881692
-49.29393315261126,-16.370878604628242
-49.28896085086909,-16.370852881470487
-49.28398854912691,-16.370827105382183
-49.27901624738474,-16.370801276337065
-49.27404394564257,-16.37077539430884
-49.26907164390039,-16.370749459271188
-49.26409934215822,-16.3707234711978
-49.25912704041604,-16.37069743006238
-49.25415473867387,-16.370671335838566
-49.24918243693169,-16.370645188500006
-49.24421013518952,-16.370618988020336
-49.23923783344735,-16.370592734373215
-49.23426553170517,-16.37056642753224
-49.229293229963,-16.37054006747099
-49.22432092822082,-16.37051365416308
-49.21934862647865,-16.370487187582093
-49.21437632473647,-16.370460667701593
-49.2094040229943,-16.370434094495117
-49.20443172125213,-16.370407467936225
-49.19945941950995,-16.370380787998446
-49.19448711776778,-16.37035405465531
-49.1895148160256,-16.370327267880295
-49.18454251428343,-16.3703004276469
-49.17957021254126,-16.37027353392864
-49.17459791079908,-16.370246586698947
-49.16962560905691,-16.370219585931302
-49.16465330731473,-16.370192531599148
-49.15968100557256,-16.370165423675907
-49.15470870383038,-16.37013826213501
-49.14973640208821,-16.37011104694988
-49.14476410034604,-16.370083778093896
-49.13979179860386,-16.37005645554043
-49.13481949686169,-16.370029079262878
-49.12984719511951,-16.3700016492346
-49.12487489337734,-16.369974165428957
-49.11990259163516,-16.369946627819264
-49.11493028989299,-16.369919036378846
-49.10995798815082,-16.36989139108101
-49.10498568640864,-16.36986369189909
-49.10001338466647,-16.369835938806347
-49.09504108292429,-16.369808131776047
-49.09006878118212,-16.369780270781487
-49.08509647943995,-16.36975235579588
-49.08012417769777,-16.369724386792498
-49.0751518759556,-16.369696363744566
-49.07017957421342,-16.36966828662529
-49.06520727247125,-16.369640155407872
-49.06023497072907,-16.369611970065495
-49.0552626689869,-16.36958373057135
-49.05029036724473,-16.369555436898604
-49.04531806550255,-16.369527089020394
-49.04034576376038,-16.369498686909896
-49.0353734620182,-16.369470230540212
-49.03040116027603,-16.369441719884453
-49.02542885853385,-16.369413154915744
-49.02045655679168,-16.36938453560716
-49.01548425504951,-16.36935586193181
-49.01051195330733,-16.369327133862758
-49.00553965156516,-16.369298351373033
-49.00056734982298,-16.369269514435672
-48.99559504808081,-16.36924062302376
-48.99062274633864,-16.369211677110254
-48.98565044459646,-16.369182676668217
-48.98067814285429,-16.36915362167062
-48.97570584111211,-16.369124512090437
-48.97073353936994,-16.369095347900636
-48.96576123762776,-16.36906612907421
-48.96078893588559,-16.369036855584053
-48.95581663414342,-16.369007527403124
-48.95084433240124,-16.368978144504354
-48.94587203065907,-16.36894870686064
-48.94089972891689,-16.36891921444488
-48.93592742717472,-16.36888966722996
-48.93095512543254,-16.368860065188752
-48.92598282369037,-16.368830408294116
-48.9210105219482,-16.36880069651889
-48.91603822020602,-16.36877092983591
-48.91106591846385,-16.368741108218025
-48.90609361672167,-16.368711231638002
-48.9011213149795,-16.368681300068676
-48.89614901323733,-16.368651313482818
-48.89117671149515,-16.368621271853186
-48.88620440975298,-16.36859117515258
-48.8812321080108,-16.368561023353696
-48.87625980626863,-16.36853081642931
-48.87128750452645,-16.36850055435212
-48.86631520278428,-16.368470237094854
-48.86134290104211,-16.368439864630204
-48.85637059929993,-16.368409436930865
-48.85139829755776,-16.368378953969504
-48.84642599581558,-16.36834841571879
-48.84145369407341,-16.36831782215134
-48.83648139233123,-16.36828717323983
-48.83150909058906,-16.368256468956872
-48.82653678884689,-16.368225709275066
-48.82156448710471,-16.368194894167015
-48.81659218536254,-16.368164023605313
-48.81161988362036,-16.368133097562545
-48.80664758187819,-16.368102116011226
-48.80167528013602,-16.36807107892397
-48.79670297839384,-16.368039986273285
-48.79173067665167,-16.36800883803167
-48.78675837490949,-16.367977634171684
-48.78178607316732,-16.367946374665795
-48.77681377142514,-16.36791505948651
-48.77184146968297,-16.367883688606277
-48.7668691679408,-16.367852261997584
-48.76189686619862,-16.36782077963286
-48.75692456445645,-16.367789241484562
-48.75195226271427,-16.36775764752509
-48.7469799609721,-16.367725997726886
-48.74200765922992,-16.367694292062318
-48.73703535748775,-16.3676625305038
-48.73206305574558,-16.367630713023697
-48.7270907540034,-16.36759883959436
-48.72211845226123,-16.36756691018816
-48.71714615051905,-16.36753492477742
-48.71217384877688,-16.367502883334456
-48.70720154703471,-16.367470785831593
-48.70222924529253,-16.36743863224113
-48.69725694355036,-16.36740642253536
-48.69228464180818,-16.367374156686544
-48.68731234006601,-16.367341834666952
-48.68234003832383,-16.367309456448815
-48.67736773658166,-16.367277022004405
-48.67239543483949,-16.367244531305925
-48.66742313309731,-16.367211984325554
-48.66245083135514,-16.367179381035562
-48.65747852961296,-16.36714672140806
-48.65250622787079,-16.36711400541528
-48.64753392612861,-16.367081233029364
-48.64256162438644,-16.367048404222444
-48.63758932264427,-16.367015518966667
-48.63261702090209,-16.366982577234158
-48.62764471915992,-16.36694957899703
-48.62267241741774,-16.366916524227385
-48.61770011567557,-16.366883412897284
-48.6127278139334,-16.36685024497884
-48.60775551219122,-16.36681702044406
-48.60278321044905,-16.36678373926504
-48.59781090870687,-16.366750401413782
-48.5928386069647,-16.36671700686231
-48.58786630522252,-16.366683555582664
-48.58289400348035,-16.366650047546813
-48.57792170173818,-16.36661648272675
-48.572949399996,-16.366582861094436
-48.56797709825383,-16.366549182621853
-48.56300479651165,-16.366515447280925
-48.55803249476948,-16.366481655043582
-48.5530601930273,-16.36644780588176
-48.54808789128513,-16.366413899767352
-48.54311558954296,-16.366379936672267
-48.53814328780078,-16.366345916568388
-48.53317098605861,-16.36631183942757
-48.52819868431643,-16.366277705221666
-48.52322638257426,-16.366243513922548
-48.51825408083209,-16.36620926550201
-48.51328177908991,-16.366174959931918
-48.50830947734774,-16.36614059718403
-48.50333717560556,-16.36610617723017
-48.49836487386339,-16.366071700042113
-48.49339257212121,-16.366037165591614
-48.48842027037904,-16.366002573850427
-48.48344796863687,-16.36596792479032
-48.47847566689469,-16.36593321838298
-48.47350336515252,-16.36589845460017
-48.46853106341034,-16.365863633413568
-48.46355876166817,-16.365828754794872
-48.45858645992599,-16.365793818715765
-48.45361415818382,-16.365758825147886
-48.44864185644165,-16.365723774062907
-48.44366955469947,-16.36568866543248
-48.4386972529573,-16.365653499228205
-48.43372495121512,-16.365618275421703
-48.42875264947295,-16.365582993984592
-48.423780347730776,-16.36554765488844
-48.4188080459886,-16.36551225810484
-48.41383574424643,-16.36547680360534
-48.40886344250425,-16.365441291361517
-48.40389114076208,-16.365405721344853
-48.3989188390199,-16.36537009352692
-48.39394653727773,-16.365334407879235
-48.38897423553556,-16.365298664373263
-48.38400193379338,-16.365262862980504
-48.37902963205121,-16.36522700367243
-48.37405733030903,-16.365191086420506
-48.36908502856686,-16.36515511119616
-48.36411272682468,-16.36511907797085
-48.35914042508251,-16.365082986715983
-48.35416812334034,-16.365046837402954
-48.34919582159816,-16.365010630003216
-48.34422351985599,-16.364974364488077
-48.33925121811381,-16.364938040828946
-48.33427891637164,-16.364901658997184
-48.329306614629466,-16.364865218964113
-48.32433431288729,-16.364828720701073
-48.31936201114512,-16.364792164179388
-48.31438970940294,-16.364755549370347
-48.30941740766077,-16.364718876245277
-48.30444510591859,-16.36468214477542
-48.29947280417642,-16.36464535493205
-48.294500502434246,-16.36460850668643
-48.28952820069207,-16.364571600009782
-48.2845558989499,-16.36453463487336
-48.27958359720772,-16.364497611248357
-48.27461129546555,-16.364460529105983
-48.269638993723376,-16.364423388417432
-48.2646666919812,-16.364386189153862
-48.25969439023903,-16.364348931286436
-48.25472208849685,-16.364311614786306
-48.24974978675468,-16.364274239624628
-48.2447774850125,-16.3642368057725
-48.23980518327033,-16.36419931320105
-48.234832881528156,-16.364161761881366
-48.22986057978598,-16.364124151784548
-48.22488827804381,-16.36408648288162
-48.21991597630163,-16.364048755143674
-48.21494367455946,-16.364010968541763
-48.20997137281728,-16.36397312304691
-48.20499907107511,-16.363935218630136
-48.200026769332936,-16.363897255262444
-48.19505446759076,-16.363859232914805
-48.19008216584859,-16.363821151558234
-48.18510986410641,-16.363783011163672
-48.18013756236424,-16.363744811702094
-48.175165260622066,-16.36370655314442
-48.17019295887989,-16.363668235461585
-48.165220657137716,-16.363629858624506
-48.16024835539554,-16.36359142260409
-48.15527605365337,-16.363552927371202
-48.15030375191119,-16.363514372896756
-48.14533145016902,-16.363475759151584
-48.140359148426846,-16.36343708610653
-48.13538684668467,-16.363398353732432
-48.1304145449425,-16.363359562000127
-48.12544224320032,-16.36332071088042
-48.12046994145815,-16.363281800344115
-48.11549763971597,-16.36324283036198
-48.1105253379738,-16.36320380090478
-48.105553036231626,-16.36316471194327
-48.10058073448945,-16.36312556344822
-48.09560843274728,-16.363086355390347
-48.0906361310051,-16.363047087740348
-48.08566382926293,-16.36300776046897
-48.080691527520756,-16.362968373546845
-48.07571922577858,-16.362928926944715
-48.070746924036406,-16.362889420633213
-48.06577462229423,-16.362849854582972
-48.06080232055206,-16.362810228764644
-48.05583001880988,-16.36277054314886
-48.05085771706771,-16.362730797706266
-48.045885415325536,-16.362690992407384
-48.04091311358336,-16.362651127222854
-48.035940811841186,-16.362611202123226
-48.03096851009901,-16.36257121707908
-48.02599620835684,-16.36253117206093
-48.02102390661466,-16.36249106703933
-48.01605160487249,-16.362450901984804
-48.011079303130316,-16.362410676867842
-48.00610700138814,-16.36237039165894
-48.00113469964597,-16.362330046328573
-47.99616239790379,-16.36228964084722
-47.99119009616162,-16.362249175185337
-47.986217794419446,-16.362208649313345
-47.98124549267727,-16.362168063201683
-47.976273190935096,-16.36212741682075
-47.97130088919292,-16.362086710140964
-47.96632858745075,-16.362045943132703
-47.96135628570857,-16.362005115766337
-47.9563839839664,-16.361964228012216
-47.951411682224226,-16.36192327984073
-47.94643938048205,-16.361882271222147
-47.941467078739876,-16.361841202126822
-47.9364947769977,-16.361800072525067
-47.93152247525553,-16.36175888238717
-47.92655017351335,-16.36171763168341
-47.92157787177118,-16.361676320384046
-47.916605570029006,-16.361634948459336
-47.91163326828683,-16.361593515879527
-47.906660966544656,-16.361552022614834
-47.90168866480248,-16.36151046863547
-47.89671636306031,-16.361468853911635
-47.891744061318136,-16.36142717841352
-47.88677175957596,-16.36138544211129
-47.881799457833786,-16.361343644975115
-47.87682715609161,-16.361301786975158
-47.871854854349436,-16.361259868081508
-47.86688255260726,-16.3612178882643
-47.86191025086509,-16.361175847493655
-47.856937949122916,-16.36113374573967
-47.85196564738074,-16.361091582972392
-47.846993345638566,-16.36104935916193
-47.84202104389639,-16.361007074278277
-47.83704874215422,-16.360964728291506
-47.83207644041204,-16.360922321171667
-47.82710413866987,-16.360879852888736
-47.822131836927696,-16.360837323412714
-47.81715953518552,-16.36079473271361
-47.812187233443346,-16.360752080761372
-47.80721493170117,-16.360709367525956
-47.802242629959,-16.36066659297732
-47.797270328216825,-16.36062375708541
-47.79229802647465,-16.360580859820107
-47.787325724732476,-16.36053790115132
-47.7823534229903,-16.360494881048986
-47.777381121248126,-16.360451799482917
-47.77240881950595,-16.36040865642301
-47.76743651776378,-16.360365451839133
-47.762464216021606,-16.36032218570109
-47.75749191427943,-16.36027885797872
-47.752519612537256,-16.360235468641836
-47.74754731079508,-16.36019201766022
-47.742575009052906,-16.360148505003643
-47.73760270731073,-16.360104930641928
-47.73263040556856,-16.360061294544774
-47.727658103826386,-16.360017596681946
-47.72268580208421,-16.359973837023173
-47.717713500342036,-16.359930015538158
-47.71274119859986,-16.359886132196632
-47.70776889685769,-16.35984218696824
-47.702796595115515,-16.359798179822693
-47.69782429337334,-16.35975411072963
-47.692851991631166,-16.359709979658717
-47.68787968988899,-16.35966578657955
-47.682907388146816,-16.359621531461805
-47.67793508640464,-16.359577214275035
-47.67296278466247,-16.35953283498885
-47.667990482920295,-16.35948839357286
-47.66301818117812,-16.359443889996566
-47.658045879435946,-16.359399324229578
-47.65307357769377,-16.359354696241432
-47.648101275951596,-16.35931000600161
-47.64312897420942,-16.35926525347966
-47.63815667246725,-16.35922043864506
-47.633184370725075,-16.359175561467293
-47.6282120689829,-16.35913062191585
-47.623239767240726,-16.359085619960144
-47.61826746549855,-16.35904055556967
-47.613295163756376,-16.358995428713836
-47.608322862014205,-16.35895023936204
-47.60335056027203,-16.358904987483715
-47.598378258529856,-16.358859673048226
-47.59340595678768,-16.358814296024942
-47.588433655045506,-16.358768856383236
-47.58346135330333,-16.358723354092472
-47.57848905156116,-16.358677789121952
-47.573516749818985,-16.358632161441005
-47.56854444807681,-16.35858647101895
-47.563572146334636,-16.35854071782506
-47.55859984459246,-16.358494901828617
-47.553627542850286,-16.358449022998915
-47.54865524110811,-16.358403081305163
-47.54368293936594,-16.358357076716626
-47.538710637623765,-16.358311009202502
-47.53373833588159,-16.358264878732022
-47.528766034139416,-16.35821868527437
-47.52379373239724,-16.35817242879875
-47.518821430655066,-16.358126109274302
-47.513849128912895,-16.35807972667018
-47.50887682717072,-16.358033280955556
-47.503904525428545,-16.35798677209953
-47.49893222368637,-16.357940200071234
-47.493959921944196,-16.357893564839753
-47.48898762020202,-16.357846866374164
-47.484015318459846,-16.357800104643573
-47.479043016717675,-16.357753279616993
-47.4740707149755,-16.357706391263513
-47.469098413233326,-16.35765943955213
-47.46412611149115,-16.357612424451872
-47.459153809748976,-16.35756534593173
-47.4541815080068,-16.357518203960716
-47.44920920626463,-16.357470998507814
-47.444236904522455,-16.35742372954194
-47.43926460278028,-16.357376397032073
-47.434292301038106,-16.357329000947146
-47.42931999929593,-16.357281541256068
-47.424347697553756,-16.35723401792776
-47.419375395811585,-16.35718643093107
-47.41440309406941,-16.357138780234944
-47.409430792327235,-16.357091065808206
-47.40445849058506,-16.357043287619717
-47.399486188842886,-16.356995445638304
-47.39451388710071,-16.356947539832788
-47.389541585358536,-16.356899570171976
-47.384569283616365,-16.35685153662469
-47.37959698187419,-16.356803439159687
-47.374624680132015,-16.35675527774573
-47.36965237838984,-16.356707052351585
-47.364680076647666,-16.356658762945997
-47.35970777490549,-16.35661040949766
-47.354735473163316,-16.356561991975326
-47.349763171421145,-16.356513510347646
-47.34479086967897,-16.356464964583356
-47.339818567936796,-16.35641635465108
-47.33484626619462,-16.356367680519504
-47.329873964452446,-16.35631894215724
-47.324901662710275,-16.35627013953296
-47.319929360968096,-16.356221272615237
-47.314957059225925,-16.35617234137269
-47.30998475748375,-16.35612334577388
-47.305012455741576,-16.35607428578741
-47.3000401539994,-16.356025161381815
-47.295067852257226,-16.355975972525655
-47.290095550515055,-16.35592671918744
-47.28512324877288,-16.355877401335725
-47.280150947030705,-16.355828018938965
-47.27517864528853,-16.355778571965665
-47.270206343546356,-16.355729060384316
-47.26523404180418,-16.35567948416335
-47.260261740062006,-16.35562984327122
-47.255289438319835,-16.35558013767636
-47.25031713657766,-16.355530367347196
-47.245344834835485,-16.355480532252123
-47.24037253309331,-16.35543063235953
-47.235400231351136,-16.355380667637803
-47.230427929608965,-16.35533063805526
-47.225455627866786,-16.35528054358032
-47.220483326124615,-16.355230384181255
-47.21551102438244,-16.355180159826407
-47.210538722640266,-16.355129870484074
-47.20556642089809,-16.35507951612258
-47.200594119155916,-16.35502909671014
-47.195621817413745,-16.354978612215064
-47.190649515671566,-16.35492806260559
-47.185677213929395,-16.354877447849947
-47.18070491218722,-16.35482676791636
-47.175732610445046,-16.354776022773027
-47.17076030870287,-16.35472521238815
-47.165788006960696,-16.354674336729875
-47.160815705218525,-16.35462339576641
-47.15584340347635,-16.35457238946588
-47.150871101734175,-16.35452131779643
-47.145898799992,-16.354470180726178
-47.140926498249826,-16.35441897822323
-47.135954196507655,-16.35436771025567
-47.130981894765476,-16.354316376791594
-47.126009593023305,-16.35426497779905
-47.12103729128113,-16.35421351324608
-47.116064989538955,-16.354161983100774
-47.11109268779678,-16.35411038733109
-47.106120386054606,-16.354058725905062
-47.101148084312435,-16.354006998790688
-47.096175782570256,-16.35395520595592
-47.091203480828085,-16.353903347368767
-47.08623117908591,-16.353851422997142
-47.081258877343735,-16.35379943280902
-47.07628657560156,-16.353747376772276
-47.071314273859386,-16.353695254854852
-47.066341972117215,-16.353643067024628
-47.061369670375036,-16.353590813249475
-47.056397368632865,-16.353538493497283
-47.05142506689069,-16.353486107735876
-47.046452765148516,-16.353433655933117
-47.041480463406344,-16.353381138056815
-47.036508161664166,-16.353328554074775
-47.031535859921995,-16.353275903954792
-47.02656355817982,-16.353223187664657
-47.021591256437645,-16.35317040517212
-47.01661895469547,-16.353117556444943
-47.011646652953296,-16.353064641450835
-47.006674351211124,-16.35301166015757
-47.001702049468946,-16.352958612532813
-46.996729747726775,-16.35290549854427
-46.9917574459846,-16.352852318159645
-46.986785144242425,-16.352799071346567
-46.98181284250025,-16.352745758072704
-46.976840540758076,-16.352692378305676
-46.971868239015905,-16.35263893201311
-46.966895937273726,-16.35258541916265
-46.961923635531555,-16.35253183972185
-46.95695133378938,-16.352478193658296
-46.951979032047205,-16.35242448093956
-46.947006730305034,-16.352370701533175
-46.942034428562856,-16.35231685540672
-46.937062126820685,-16.352262942527666
-46.932089825078506,-16.352208962863546
-46.927117523336335,-16.35215491638185
-46.92214522159416,-16.352100803050032
-46.917172919851986,-16.3520466228356
-46.912200618109814,-16.351992375705986
-46.907228316367636,-16.35193806162861
-46.902256014625465,-16.3518836805709
-46.89728371288329,-16.35182923250027
-46.892311411141115,-16.351774717384107
-46.88733910939894,-16.351720135189776
-46.882366807656766,-16.351665485884677
-46.877394505914594,-16.351610769436114
-46.872422204172416,-16.351555985811434
-46.867449902430245,-16.351501134977987
-46.86247760068807,-16.351446216903042
-46.857505298945895,-16.351391231553887
-46.852532997203724,-16.35133617889784
-46.847560695461546,-16.35128105890211
-46.842588393719375,-16.351225871533984
-46.837616091977196,-16.351170616760683
-46.832643790235025,-16.351115294549405
-46.82767148849285,-16.351059904867384
-46.822699186750675,-16.351004447681788
-46.817726885008504,-16.3509489229598
-46.812754583266326,-16.350893330668576
-46.807782281524155,-16.35083767077528
-46.802809979781976,-16.350781943247018
-46.797837678039805,-16.350726148050907
-46.79286537629763,-16.350670285154074
-46.787893074555456,-16.350614354523575
-46.782920772813284,-16.350558356126506
-46.777948471071106,-16.350502289929914
-46.772976169328935,-16.350446155900848
-46.768003867586756,-16.350389954006328
-46.763031565844585,-16.35033368421339
-46.758059264102414,-16.35027734648901
-46.753086962360236,-16.35022094080019
-46.748114660618064,-16.35016446711388
-46.743142358875886,-16.35010792539707
-46.738170057133715,-16.35005131561667
-46.73319775539154,-16.349994637739627
-46.728225453649365,-16.349937891732825
-46.723253151907194,-16.3498810775632
-46.718280850165016,-16.349824195197613
-46.713308548422845,-16.349767244602923
-46.708336246680666,-16.349710225746023
-46.703363944938495,-16.349653138593702
-46.69839164319632,-16.34959598311282
-46.693419341454145,-16.349538759270178
-46.688447039711974,-16.349481467032557
-46.683474737969796,-16.34942410636675
-46.678502436227625,-16.349366677239555
-46.673530134485446,-16.34930917961766
-46.668557832743275,-16.349251613467835
-46.663585531001104,-16.349193978756805
-46.658613229258926,-16.349136275451276
-46.653640927516754,-16.34907850351793
-46.648668625774576,-16.34902066292344
-46.643696324032405,-16.348962753634485
-46.638724022290226,-16.34890477561772
-46.633751720548055,-16.348846728839746
-46.628779418805884,-16.348788613267228
-46.623807117063706,-16.348730428866734
-46.618834815321534,-16.34867217560488
-46.613862513579356,-16.348613853448203
-46.608890211837185,-16.34855546236329
-46.60391791009501,-16.348497002316684
-46.598945608352835,-16.34843847327492
-46.593973306610664,-16.34837987520449
-46.589001004868486,-16.348321208071926
-46.584028703126314,-16.348262471843704
-46.579056401384136,-16.34820366648627
-46.574084099641965,-16.348144791966117
-46.569111797899794,-16.348085848249667
-46.564139496157615,-16.34802683530336
-46.559167194415444,-16.347967753093606
-46.554194892673266,-16.34790860158676
-46.549222590931095,-16.347849380749274
-46.544250289188916,-16.347790090547477
-46.539277987446745,-16.347730730947717
-46.534305685704574,-16.347671301916346
-46.529333383962395,-16.347611803419696
-46.524361082220224,-16.347552235424054
-46.519388780478046,-16.347492597895737
-46.514416478735875,-16.34743289080099
-46.509444176993696,-16.347373114106116
-46.504471875251525,-16.347313267777338
-46.499499573509354,-16.34725335178089
-46.494527271767176,-16.34719336608301
-46.489554970025004,-16.34713331064988
-46.484582668282826,-16.347073185447723
-46.479610366540655,-16.347012990442675
-46.474638064798484,-16.346952725600907
-46.469665763056305,-16.346892390888584
-46.464693461314134,-16.346831986271802
-46.459721159571956,-16.346771511716707
-46.454748857829784,-16.346710967189402
-46.449776556087606,-16.34665035265593
-46.444804254345435,-16.346589668082412
-46.439831952603264,-16.34652891343487
-46.434859650861085,-16.34646808867935
-46.429887349118914,-16.346407193781904
-46.424915047376736,-16.346346228708512
-46.419942745634565,-16.346285193425167
-46.414970443892386,-16.34622408789787
-46.409998142150215,-16.34616291209257
-46.405025840408044,-16.346101665975233
-46.400053538665865,-16.34604034951179
-46.395081236923694,-16.345978962668156
-46.390108935181516,-16.345917505410238
-46.385136633439345,-16.34585597770392
-46.38016433169717,-16.345794379515116
-46.375192029954995,-16.345732710809624
-46.370219728212824,-16.345670971553353
-46.365247426470646,-16.345609161712094
-46.360275124728474,-16.345547281251648
-46.355302822986296,-16.34548533013788
-46.350330521244125,-16.3454233083365
-46.345358219501954,-16.345361215813348
-46.340385917759775,-16.345299052534116
-46.335413616017604,-16.345236818464606
-46.330441314275426,-16.345174513570484
-46.325469012533254,-16.3451121378175
-46.320496710791076,-16.34504969117133
-46.315524409048905,-16.344987173597676
-46.310552107306734,-16.34492458506218
-46.305579805564555,-16.344861925530505
-46.300607503822384,-16.344799194968285
-46.295635202080206,-16.344736393341144
-46.290662900338035,-16.344673520614666
-46.28569059859586,-16.344610576754466
-46.280718296853685,-16.344547561726106
-46.275745995111514,-16.34448447549514
-46.270773693369335,-16.34442131802714
-46.265801391627164,-16.34435808928758
-46.260829089884986,-16.344294789242035
-46.255856788142815,-16.344231417855976
-46.25088448640064,-16.344167975094898
-46.245912184658465,-16.344104460924253
-46.240939882916294,-16.344040875309496
-46.235967581174116,-16.34397721821608
-46.230995279431944,-16.34391348960941
-46.226022977689766,-16.34384968945491
-46.221050675947595,-16.343785817717958
-46.21607837420542,-16.343721874363958
-46.211106072463245,-16.34365785935826
-46.206133770721074,-16.34359377266619
-46.201161468978896,-16.343529614253107
-46.196189167236724,-16.3434653840843
-46.19121686549455,-16.34340108212511
-46.186244563752375,-16.343336708340775
-46.181272262010204,-16.34327226269663
-46.176299960268025,-16.343207745157876
-46.171327658525854,-16.343143155689766
-46.166355356783676,-16.34307849425754
-46.161383055041505,-16.343013760826395
-46.15641075329933,-16.34294895536154
-46.151438451557155,-16.342884077828153
-46.146466149814984,-16.34281912819137
-46.141493848072805,-16.342754106416347
-46.136521546330634,-16.34268901246826
-46.131549244588456,-16.3426238463122
-46.126576942846285,-16.342558607913276
-46.12160464110411,-16.342493297236558
-46.116632339361935,-16.34242791424715
-46.111660037619764,-16.34236245891007
-46.106687735877586,-16.342296931190404
-46.101715434135414,-16.342231331053142
-46.09674313239324,-16.342165658463305
-46.091770830651065,-16.342099913385923
-46.08679852890889,-16.342034095785912
-46.081826227166715,-16.341968205628277
-46.076853925424544,-16.341902242877993
-46.071881623682366,-16.341836207499963
-46.066909321940194,-16.34177009945909
-46.06193702019802,-16.34170391872032
-46.056964718455845,-16.34163766524853
-46.051992416713674,-16.34157133900857
-46.047020114971495,-16.34150493996531
-46.042047813229324,-16.341438468083613
-46.037075511487146,-16.341371923328285
-46.032103209744974,-16.34130530566412
-46.0271309080028,-16.341238615055968
-46.022158606260625,-16.341171851468562
-46.017186304518454,-16.341105014866695
-46.012214002776275,-16.341038105215095
-46.007241701034104,-16.3409711224785
-46.00226939929193,-16.340904066621665
-45.997297097549755,-16.340836937609275
-45.99232479580758,-16.340769735405992
-45.987352494065405,-16.340702459976512
-45.982380192323234,-16.340635111285508
-45.977407890581055,-16.34056768929758
-45.972435588838884,-16.340500193977398
-45.967463287096706,-16.34043262528954
-45.962490985354535,-16.34036498319863
-45.95751868361236,-16.340297267669236
-45.952546381870185,-16.34022947866591
-45.947574080128014,-16.34016161615322
-45.942601778385836,-16.3400936800957
-45.937629476643664,-16.34002567045787
-45.93265717490149,-16.339957587204193
-45.927684873159315,-16.33988943029923
-45.922712571417144,-16.339821199707398
-45.917740269674965,-16.339752895393165
-45.912767967932794,-16.339684517320958
-45.90779566619062,-16.339616065455246
-45.902823364448444,-16.339547539760396
-45.89785106270627,-16.339478940200824
-45.892878760964095,-16.33941026674091
-45.887906459221924,-16.33934151934499
-45.882934157479745,-16.339272697977457
-45.877961855737574,-16.3392038026026
-45.872989553995396,-16.339134833184765
-45.868017252253225,-16.339065789688238
-45.86304495051105,-16.3389966720773
-45.858072648768875,-16.33892748031624
-45.853100347026704,-16.338858214369314
-45.848128045284525,-16.33878887420072
-45.843155743542354,-16.338719459774737
-45.83818344180018,-16.338649971055517
-45.833211140058005,-16.338580408007292
-45.82823883831583,-16.338510770594237
-45.823266536573655,-16.338441058780493
-45.818294234831484,-16.33837127253021
-45.81332193308931,-16.338301411807528
-45.808349631347134,-16.338231476576546
-45.80337732960496,-16.33816146680137
-45.798405027862785,-16.33809138244607
-45.79343272612061,-16.338021223474748
-45.788460424378435,-16.337950989851414
-45.783488122636264,-16.337880681540128
-45.778515820894086,-16.337810298504895
-45.773543519151914,-16.337739840709734
-45.76857121740974,-16.33766930811863
-45.763598915667565,-16.33759870069554
-45.758626613925394,-16.337528018404416
-45.753654312183215,-16.337457261209252
-45.748682010441044,-16.33738642907391
-45.74370970869887,-16.337315521962335
-45.738737406956695,-16.337244539838395
-45.73376510521452,-16.33717348266601
-45.728792803472345,-16.337102350408994
-45.723820501730174,-16.337031143031236
-45.718848199988,-16.33695986049655
-45.713875898245824,-16.336888502768744
-45.70890359650365,-16.33681706981161
-45.703931294761475,-16.336745561588966
-45.6989589930193,-16.336673978064546
-45.693986691277125,-16.336602319202115
-45.689014389534954,-16.33653058496541
-45.684042087792776,-16.336458775318146
-45.679069786050604,-16.336386890224055
-45.67409748430843,-16.336314929646793
-45.669125182566255,-16.336242893550047
-45.66415288082408,-16.336170781897458
-45.659180579081905,-16.33609859465269
-45.654208277339734,-16.336026331779372
-45.64923597559756,-16.335953993241095
-45.644263673855384,-16.33588157900145
-45.63929137211321,-16.33580908902404
-45.634319070371035,-16.335736523272413
-45.629346768628864,-16.335663881710108
-45.62437446688669,-16.33559116430067
-45.619402165144514,-16.335518371007606
-45.61442986340234,-16.335445501794425
-45.609457561660165,-16.33537255662459
-45.60448525991799,-16.335299535461584
-45.599512958175815,-16.335226438268847
-45.594540656433644,-16.33515326500983
-45.589568354691465,-16.335080015647943
-45.584596052949294,-16.335006690146585
-45.57962375120712,-16.334933288469152
-45.574651449464945,-16.334859810579015
-45.56967914772277,-16.33478625643955
-45.564706845980595,-16.33471262601407
-45.559734544238424,-16.334638919265885
-45.55476224249625,-16.334565136158325
-45.549789940754074,-16.3344912766547
-45.5448176390119,-16.33441734071825
-45.539845337269725,-16.334343328312258
-45.53487303552755,-16.33426923939996
-45.52990073378538,-16.33419507394458
-45.524928432043204,-16.33412083190936
-45.51995613030103,-16.334046513257437
-45.514983828558854,-16.333972117952047
-45.51001152681668,-16.333897645956355
-45.505039225074505,-16.333823097233484
-45.500066923332334,-16.333748471746553
-45.495094621590155,-16.333673769458713
-45.490122319847984,-16.333598990333037
-45.48515001810581,-16.33352413433263
-45.480177716363634,-16.333449201420553
-45.47520541462146,-16.33337419155986
-45.470233112879285,-16.333299104713586
-45.465260811137114,-16.333223940844753
-45.46028850939494,-16.33314869991634
-45.455316207652764,-16.33307338189139
-45.45034390591059,-16.332997986732824
-45.445371604168415,-16.332922514403617
-45.44039930242624,-16.33284696486672
-45.43542700068407,-16.332771338085028
-45.430454698941894,-16.332695634021483
-45.42548239719972,-16.33261985263895
-45.420510095457544,-16.33254399390033
-45.41553779371537,-16.33246805776846
-45.410565491973195,-16.33239204420619
-45.40559319023102,-16.332315953176344
-45.400620888488845,-16.332239784641743
-45.395648586746674,-16.332163538565183
-45.3906762850045,-16.332087214909432
-45.385703983262324,-16.33201081363727
-45.38073168152015,-16.331934334711427
-45.375759379777975,-16.331857778094616
-45.370787078035804,-16.331781143749595
-45.36581477629363,-16.331704431639025
-45.360842474551454,-16.331627641725618
-45.35587017280928,-16.33155077397204
-45.350897871067104,-16.331473828340922
-45.34592556932493,-16.331396804794885
-45.34095326758276,-16.331319703296565
-45.335980965840584,-16.331242523808573
-45.33100866409841,-16.331165266293482
-45.326036362356234,-16.331087930713853
-45.32106406061406,-16.331010517032265
-45.316091758871885,-16.33093302521123
-45.31111945712971,-16.33085545521327
-45.306147155387535,-16.3307778070009
-45.301174853645364,-16.330700080536587
-45.29620255190319,-16.33062227578284
-45.291230250161014,-16.330544392702077
-45.28625794841884,-16.330466431256777
-45.281285646676665,-16.330388391409308
-45.27631334493449,-16.33031027312212
-45.27134104319232,-16.33023207635758
-45.266368741450144,-16.330153801078072
-45.26139643970797,-16.330075447245957
-45.256424137965794,-16.32999701482358
-45.25145183622362,-16.329918503773246
-45.24647953448145,-16.32983991405728
-45.24150723273927,-16.32976124563797
-45.2365349309971,-16.329682498477588
-45.231562629254924,-16.329603672538404
-45.22659032751275,-16.329524767782665
-45.221618025770574,-16.329445784172584
-45.2166457240284,-16.32936672167037
-45.211673422286225,-16.329287580238223
-45.206701120544054,-16.329208359838336
-45.20172881880188,-16.329129060432855
-45.196756517059704,-16.32904968198392
-45.19178421531753,-16.328970224453666
-45.186811913575355,-16.328890687804215
-45.18183961183318,-16.32881107199765
-45.17686731009101,-16.328731376996082
-45.171895008348834,-16.328651602761525
-45.16692270660666,-16.328571749256053
-45.161950404864484,-16.328491816441698
-45.15697810312231,-16.328411804280474
-45.15200580138014,-16.328331712734386
-45.14703349963796,-16.328251541765404
-45.14206119789579,-16.328171291335483
-45.137088896153614,-16.32809096140658
-45.13211659441144,-16.32801055194065
-45.127144292669264,-16.32793006289959
-45.12217199092709,-16.327849494245296
-45.117199689184915,-16.32776884593964
-45.11222738744274,-16.327688117944515
-45.10725508570057,-16.32760731022176
-45.102282783958394,-16.327526422733218
-45.09731048221622,-16.327445455440692
-45.092338180474044,-16.32736440830598
-45.08736587873187,-16.327283281290875
-45.0823935769897,-16.327202074357146
-45.077421275247524,-16.32712078746654
-45.07244897350535,-16.32703942058078
-45.067476671763174,-16.326957973661628
-45.062504370021,-16.326876446670738
-45.05753206827883,-16.32679483956982
-45.05255976653665,-16.32671315232052
-45.04758746479448,-16.326631384884514
-45.042615163052304,-16.326549537223425
-45.03764286131013,-16.326467609298888
-45.032670559567954,-16.326385601072474
-45.02769825782578,-16.3263035125058
-45.022725956083605,-16.326221343560416
-45.01775365434143,-16.326139094197902
-45.01278135259926,-16.326056764379754
-45.007809050857084,-16.32597435406751
-45.00283674911491,-16.325891863222683
-44.997864447372734,-16.325809291806767
-44.99289214563056,-16.3257266397812
-44.98791984388839,-16.32564390710744
-44.98294754214621,-16.325561093746952
-44.97797524040404,-16.325478199661156
-44.973002938661864,-16.32539522481142
-44.96803063691969,-16.32531216915914
-44.96305833517752,-16.325229032665707
-44.95808603343534,-16.325145815292483
-44.95311373169317,-16.32506251700076
-44.948141429950994,-16.324979137751885
-44.94316912820882,-16.32489567750718
-44.938196826466644,-16.3248121362279
-44.93322452472447,-16.324728513875325
-44.928252222982294,-16.324644810410714
-44.92327992124012,-16.32456102579531
-44.91830761949795,-16.324477159990316
-44.913335317755774,-16.32439321295693
-44.9083630160136,-16.32430918465638
-44.903390714271424,-16.324225075049792
-44.89841841252925,-16.324140884098348
-44.89344611078708,-16.324056611763158
-44.8884738090449,-16.32397225800537
-44.88350150730273,-16.323887822786087
-44.878529205560554,-16.323803306066356
-44.87355690381838,-16.323718707807288
-44.86858460207621,-16.323634027969938
-44.86361230033403,-16.3235492665153
-44.85863999859186,-16.323464423404438
-44.85366769684968,-16.32337949859833
-44.84869539510751,-16.323294492057972
-44.843723093365334,-16.323209403744325
-44.83875079162316,-16.323124233618337
-44.833778489880984,-16.32303898164099
-44.82880618813881,-16.322953647773126
-44.82383388639664,-16.322868231975708
-44.818861584654464,-16.3227827342096
-44.81388928291229,-16.322697154435676
-44.808916981170114,-16.322611492614765
-44.80394467942794,-16.322525748707722
-44.79897237768577,-16.32243992267538
-44.79400007594359,-16.32235401447851
-44.78902777420142,-16.322268024077914
-44.784055472459244,-16.32218195143437
-44.77908317071707,-16.322095796508602
-44.7741108689749,-16.322009559261343
-44.76913856723272,-16.32192323965335
-44.76416626549055,-16.32183683764527
-44.75919396374837,-16.32175035319782
-44.7542216620062,-16.321663786271674
-44.749249360264024,-16.321577136827443
-44.74427705852185,-16.321490404825795
-44.739304756779674,-16.321403590227344
-44.7343324550375,-16.321316692992653
-44.72936015329533,-16.321229713082335
-44.72438785155315,-16.321142650456963
-44.71941554981098,-16.321055505077066
-44.714443248068804,-16.32096827690317
-44.70947094632663,-16.320880965895807
-44.70449864458446,-16.320793572015468
-44.69952634284228,-16.320706095222608
-44.69455404110011,-16.320618535477745
-44.68958173935793,-16.32053089274127
-44.68460943761576,-16.32044316697366
-44.67963713587359,-16.32035535813529
-44.67466483413141,-16.320267466186575
-44.66969253238924,-16.320179491087874
-44.66472023064706,-16.320091432799593
-44.65974792890489,-16.32000329128202
-44.654775627162714,-16.319915066495504
-44.64980332542054,-16.31982675840039
-44.644831023678364,-16.319738366956905
-44.63985872193619,-16.319649892125362
-44.63488642019402,-16.319561333866066
-44.62991411845184,-16.31947269213918
-44.62494181670967,-16.31938396690496
-44.619969514967494,-16.319295158123623
-44.61499721322532,-16.319206265755355
-44.61002491148315,-16.31911728976033
-44.60505260974097,-16.319028230098713
-44.6000803079988,-16.318939086730627
-44.59510800625662,-16.3188498596162
-44.59013570451445,-16.31876054871554
-44.58516340277228,-16.31867115398875
-44.5801911010301,-16.31858167539589
-44.57521879928793,-16.318492112896994
-44.57024649754575,-16.318402466452138
-44.56527419580358,-16.31831273602132
-44.5603018940614,-16.31822292156454
-44.55532959231923,-16.318133023041806
-44.550357290577054,-16.318043040413073
-44.54538498883488,-16.31795297363829
-44.54041268709271,-16.3178628226774
-44.53544038535053,-16.317772587490293
-44.53046808360836,-16.317682268036894
-44.525495781866184,-16.317591864277112
-44.52052348012401,-16.317501376170757
-44.51555117838184,-16.31741080367773
-44.51057887663966,-16.317320146757826
-44.50560657489749,-16.317229405370874
-44.50063427315531,-16.317138579476673
-44.49566197141314,-16.317047669035
-44.49068966967097,-16.31695667400562
-44.48571736792879,-16.316865594348286
-44.48074506618662,-16.316774430022708
-44.47577276444444,-16.31668318098863
-44.47080046270227,-16.316591847205697
-44.46582816096009,-16.316500428633606
-44.46085585921792,-16.316408925232057
-44.455883557475744,-16.316317336960644
-44.45091125573357,-16.31622566377902
-44.4459389539914,-16.316133905646762
-44.44096665224922,-16.316042062523472
-44.43599435050705,-16.315950134368777
-44.43102204876487,-16.315858121142146
-44.4260497470227,-16.315766022803185
-44.42107744528053,-16.315673839311373
-44.41610514353835,-16.315581570626243
-44.41113284179618,-16.315489216707274
-44.406160540054,-16.315396777513925
-44.40118823831183,-16.31530425300567
-44.39621593656966,-16.315211643141918
-44.39124363482748,-16.31511894788212
-44.38627133308531,-16.31502616718562
-44.38129903134313,-16.314933301011855
-44.37632672960096,-16.314840349320193
-44.37135442785878,-16.314747312069937
-44.36638212611661,-16.314654189220473
-44.36140982437444,-16.31456098073106
-44.35643752263226,-16.314467686561017
-44.35146522089009,-16.314374306669656
-44.34649291914791,-16.314280841016185
-44.34152061740574,-16.31418728955989
-44.33654831566356,-16.314093652259967
-44.33157601392139,-16.313999929075656
-44.32660371217922,-16.313906119966127
-44.32163141043704,-16.313812224890565
-44.31665910869487,-16.31371824380811
-44.31168680695269,-16.31362417667791
-44.30671450521052,-16.313530023459116
-44.30174220346835,-16.31343578411079
-44.29676990172617,-16.313341458592063
-44.291797599984,-16.31324704686195
-44.28682529824182,-16.31315254887958
-44.28185299649965,-16.31305796460391
-44.27688069475747,-16.312963293993985
-44.2719083930153,-16.312868537008846
-44.26693609127313,-16.31277369360741
-44.26196378953095,-16.312678763748696
-44.25699148778878,-16.31258374739163
-44.2520191860466,-16.312488644495158
-44.24704688430443,-16.312393455018146
-44.24207458256225,-16.312298178919534
-44.23710228082008,-16.312202816158198
-44.23212997907791,-16.312107366692985
-44.22715767733573,-16.312011830482724
-44.22218537559356,-16.31191620748629
-44.21721307385138,-16.311820497662428
-44.21224077210921,-16.31172470096996
-44.20726847036704,-16.311628817367684
-44.20229616862486,-16.31153284681432
-44.19732386688269,-16.31143678926862
-44.19235156514051,-16.311340644689295
-44.18737926339834,-16.31124441303504
-44.18240696165616,-16.311148094264553
-44.17743465991399,-16.311051688336523
-44.17246235817182,-16.31095519520956
-44.16749005642964,-16.31085861484233
-44.16251775468747,-16.31076194719343
-44.15754545294529,-16.310665192221443
-44.15257315120312,-16.310568349884967
-44.14760084946094,-16.310471420142576
-44.14262854771877,-16.31037440295279
-44.1376562459766,-16.310277298274144
-44.13268394423442,-16.310180106065147
-44.12771164249225,-16.310082826284305
-44.12273934075007,-16.30998545889007
-44.1177670390079,-16.30988800384089
-44.11279473726573,-16.30979046109525
-44.10782243552355,-16.309692830611517
-44.10285013378138,-16.309595112348127
-44.0978778320392,-16.30949730626345
-44.09290553029703,-16.30939941231587
-44.08793322855485,-16.309301430463712
-44.08296092681268,-16.30920336066534
-44.07798862507051,-16.30910520287903
-44.07301632332833,-16.309006957063126
-44.06804402158616,-16.308908623175867
-44.06307171984398,-16.30881020117553
-44.05809941810181,-16.308711691020342
-44.05312711635963,-16.308613092668576
-44.04815481461746,-16.308514406078388
-44.04318251287529,-16.308415631207996
-44.03821021113311,-16.308316768015573
-44.03323790939094,-16.308217816459262
-44.02826560764876,-16.30811877649722
-44.02329330590659,-16.30801964808753
-44.01832100416442,-16.307920431188315
-44.01334870242224,-16.307821125757656
-44.00837640068007,-16.307721731753656
-44.00340409893789,-16.307622249134294
-43.99843179719572,-16.30752267785765
-43.99345949545354,-16.30742301788172
-43.98848719371137,-16.307323269164517
-43.9835148919692,-16.30722343166399
-43.97854259022702,-16.307123505338108
-43.97357028848485,-16.307023490144832
-43.96859798674267,-16.306923386042065
-43.9636256850005,-16.306823192987707
-43.95865338325832,-16.306722910939673
-43.95368108151615,-16.306622539855812
-43.94870877977398,-16.30652207969397
-43.9437364780318,-16.306421530412003
-43.93876417628963,-16.30632089196771
-43.93379187454745,-16.306220164318898
-43.92881957280528,-16.30611934742335
-43.92384727106311,-16.306018441238837
-43.91887496932093,-16.305917445723065
-43.91390266757876,-16.3058163608338
-43.90893036583658,-16.30571518652874
-43.90395806409441,-16.30561392276558
-43.89898576235223,-16.30551256950197
-43.89401346061006,-16.305411126695603
-43.88904115886789,-16.30530959430408
-43.88406885712571,-16.30520797228507
-43.87909655538354,-16.3051062605961
-43.87412425364136,-16.305004459194826
-43.86915195189919,-16.30490256803877
-43.86417965015701,-16.304800587085484
-43.85920734841484,-16.304698516292532
-43.85423504667267,-16.304596355617367
-43.84926274493049,-16.30449410501754
-43.84429044318832,-16.30439176445049
-43.83931814144614,-16.30428933387371
-43.83434583970397,-16.30418681324459
-43.8293735379618,-16.304084202520606
-43.82440123621962,-16.303981501659116
-43.81942893447745,-16.303878710617518
-43.81445663273527,-16.303775829353206
-43.8094843309931,-16.303672857823493
-43.80451202925092,-16.303569795985734
-43.79953972750875,-16.303466643797222
-43.79456742576658,-16.303363401215282
-43.7895951240244,-16.303260068197194
-43.78462282228223,-16.303156644700163
-43.77965052054005,-16.303053130681466
-43.77467821879788,-16.302949526098335
-43.7697059170557,-16.302845830907977
-43.76473361531353,-16.30274204506755
-43.75976131357136,-16.302638168534262
-43.75478901182918,-16.30253420126523
-43.74981671008701,-16.3024301432176
-43.74484440834483,-16.30232599434849
-43.73987210660266,-16.302221754614976
-43.73489980486049,-16.30211742397418
-43.72992750311831,-16.302013002383116
-43.72495520137614,-16.301908489798844
-43.71998289963396,-16.301803886178412
-43.71501059789179,-16.301699191478786
-43.71003829614961,-16.301594405656967
-43.70506599440744,-16.301489528669936
-43.70009369266527,-16.301384560474627
-43.69512139092309,-16.301279501028
-43.69014908918092,-16.301174350286928
-43.68517678743874,-16.301069108208342
-43.68020448569657,-16.30096377474912
-43.67523218395439,-16.30085834986611
-43.67025988221222,-16.30075283351616
-43.66528758047005,-16.30064722565608
-43.66031527872787,-16.300541526242696
-43.6553429769857,-16.300435735232774
-43.65037067524352,-16.300329852583108
-43.64539837350135,-16.300223878250435
-43.64042607175918,-16.300117812191477
-43.635453770017,-16.300011654362983
-43.63048146827483,-16.299905404721606
-43.62550916653265,-16.299799063224054
-43.62053686479048,-16.299692629826986
-43.6155645630483,-16.299586104487016
-43.61059226130613,-16.299479487160802
-43.60561995956396,-16.299372777804926
-43.60064765782178,-16.29926597637598
-43.59567535607961,-16.29915908283055
-43.59070305433743,-16.29905209712515
-43.58573075259526,-16.298945019216347
-43.58075845085308,-16.29883784906064
-43.57578614911091,-16.298730586614507
-43.57081384736874,-16.298623231834455
-43.56584154562656,-16.298515784676912
-43.56086924388439,-16.29840824509835
-43.55589694214221,-16.29830061305518
-43.55092464040004,-16.29819288850378
-43.54595233865787,-16.298085071400568
-43.54098003691569,-16.29797716170189
-43.53600773517352,-16.29786915936412
-43.53103543343134,-16.29776106434355
-43.52606313168917,-16.2976528765965
-43.52109082994699,-16.2975445960793
-43.51611852820482,-16.297436222748196
-43.51114622646265,-16.297327756559433
-43.50617392472047,-16.29721919746928
-43.5012016229783,-16.297110545433927
-43.49622932123612,-16.297001800409582
-43.49125701949395,-16.29689296235245
-43.48628471775177,-16.29678403121867
-43.4813124160096,-16.29667500696438
-43.47634011426743,-16.29656588954574
-43.47136781252525,-16.296456678918855
-43.46639551078308,-16.296347375039772
-43.4614232090409,-16.29623797786461
-43.45645090729873,-16.29612848734938
-43.45147860555656,-16.296018903450175
-43.44650630381438,-16.295909226122955
-43.44153400207221,-16.295799455323753
-43.43656170033003,-16.29568959100853
-43.43158939858786,-16.295579633133265
-43.42661709684568,-16.295469581653865
-43.42164479510351,-16.295359436526304
-43.41667249336134,-16.29524919770645
-43.41170019161916,-16.29513886515018
-43.40672788987699,-16.295028438813414
-43.40175558813481,-16.294917918651965
-43.39678328639264,-16.294807304621642
-43.39181098465046,-16.294696596678317
-43.38683868290829,-16.29458579477774
-43.38186638116612,-16.294474898875688
-43.37689407942394,-16.294363908927952
-43.37192177768177,-16.29425282489023
-43.36694947593959,-16.294141646718245
-43.36197717419742,-16.29403037436773
-43.35700487245525,-16.29391900779435
-43.35203257071307,-16.29380754695376
-43.3470602689709,-16.29369599180162
-43.34208796722872,-16.293584342293546
-43.33711566548655,-16.293472598385133
-43.33214336374437,-16.293360760032012
-43.3271710620022,-16.29324882718973
-43.32219876026003,-16.29313679981381
-43.31722645851785,-16.293024677859837
-43.31225415677568,-16.2929124612833
-43.3072818550335,-16.2928001500397
-43.30230955329133,-16.292687744084503
-43.29733725154915,-16.29257524337319
-43.29236494980698,-16.292462647861175
-43.28739264806481,-16.292349957503884
-43.28242034632263,-16.292237172256748
-43.27744804458046,-16.29212429207513
-43.27247574283828,-16.292011316914387
-43.26750344109611,-16.291898246729883
-43.26253113935394,-16.291785081476934
-43.25755883761176,-16.291671821110857
-43.25258653586959,-16.29155846558692
-43.24761423412741,-16.291445014860436
-43.24264193238524,-16.29133146888661
-43.23766963064306,-16.291217827620727
-43.23269732890089,-16.29110409101797
-43.22772502715872,-16.290990259033546
-43.22275272541654,-16.290876331622616
-43.21778042367437,-16.290762308740355
-43.21280812193219,-16.290648190341916
-43.20783582019002,-16.290533976382388
-43.20286351844784,-16.290419666816902
-43.19789121670567,-16.290305261600523
-43.1929189149635,-16.290190760688343
-43.18794661322132,-16.290076164035366
-43.18297431147915,-16.289961471596662
-43.17800200973697,-16.28984668332721
-43.1730297079948,-16.28973179918201
-43.16805740625263,-16.289616819116038
-43.16308510451045,-16.28950174308424
-43.15811280276828,-16.28938657104156
-43.1531405010261,-16.289271302942893
-43.14816819928393,-16.28915593874314
-43.14319589754175,-16.2890404783972
-43.13822359579958,-16.28892492185991
-43.13325129405741,-16.288809269086105
-43.12827899231523,-16.288693520030627
-43.12330669057306,-16.28857767464824
-43.11833438883088,-16.28846173289376
-43.11336208708871,-16.28834569472195
-43.10838978534653,-16.288229560087526
-43.10341748360436,-16.288113328945236
-43.09844518186219,-16.2879970012498
-43.09347288012001,-16.287880576955867
-43.08850057837784,-16.28776405601813
-43.08352827663566,-16.287647438391236
-43.07855597489349,-16.287530724029814
-43.07358367315132,-16.287413912888496
-43.06861137140914,-16.287297004921843
-43.06363906966697,-16.28718000008442
-43.05866676792479,-16.28706289833084
-43.05369446618262,-16.286945699615597
-43.04872216444044,-16.286828403893196
-43.04374986269827,-16.28671101111814
-43.0387775609561,-16.28659352124495
-43.03380525921392,-16.286475934228044
-43.02883295747175,-16.28635825002189
-43.02386065572957,-16.286240468580875
-43.0188883539874,-16.286122589859424
-43.01391605224522,-16.28600461381193
-43.00894375050305,-16.285886540392756
-43.00397144876088,-16.285768369556205
-42.9989991470187,-16.285650101256646
-42.99402684527653,-16.285531735448398
-42.98905454353435,-16.285413272085723
-42.98408224179218,-16.285294711122873
-42.97910994005001,-16.28517605251415
-42.97413763830783,-16.285057296213754
-42.96916533656566,-16.28493844217589
-42.96419303482348,-16.28481949035475
-42.95922073308131,-16.284700440704544
-42.95424843133913,-16.284581293179407
-42.94927612959696,-16.28446204773346
-42.94430382785479,-16.28434270432082
-42.93933152611261,-16.284223262895598
-42.93435922437044,-16.28410372341187
-42.92938692262826,-16.2839840858237
-42.92441462088609,-16.283864350085114
-42.91944231914391,-16.283744516150154
-42.91447001740174,-16.283624583972802
-42.90949771565957,-16.283504553507033
-42.90452541391739,-16.283384424706846
-42.89955311217522,-16.283264197526144
-42.89458081043304,-16.28314387191889
-42.88960850869087,-16.28302344783897
-42.8846362069487,-16.282902925240265
-42.87966390520652,-16.282782304076644
-42.87469160346435,-16.282661584301973
-42.86971930172217,-16.282540765870063
-42.86474699998,-16.282419848734747
-42.85977469823782,-16.282298832849772
-42.85480239649565,-16.282177718168935
-42.84983009475348,-16.28205650464601
-42.8448577930113,-16.28193519223471
-42.83988549126913,-16.281813780888722
-42.83491318952695,-16.281692270561773
-42.82994088778478,-16.281570661207553
-42.8249685860426,-16.281448952779666
-42.81999628430043,-16.2813271452318
-42.81502398255826,-16.281205238517536
-42.81005168081608,-16.281083232590497
-42.80507937907391,-16.280961127404236
-42.80010707733173,-16.280838922912334
-42.79513477558956,-16.280716619068315
-42.79016247384739,-16.28059421582572
-42.78519017210521,-16.280471713138024
-42.78021787036304,-16.280349110958735
-42.77524556862086,-16.280226409241298
-42.77027326687869,-16.280103607939175
-42.76530096513651,-16.279980707005752
-42.76032866339434,-16.27985770639446
-42.75535636165217,-16.279734606058685
-42.75038405990999,-16.279611405951805
-42.74541175816782,-16.279488106027138
-42.74043945642564,-16.279364706238045
-42.73546715468347,-16.27924120653778
-42.73049485294129,-16.27911760687968
-42.72552255119912,-16.278993907217
-42.72055024945695,-16.27887010750298
-42.71557794771477,-16.278746207690862
-42.7106056459726,-16.278622207733854
-42.70563334423042,-16.27849810758513
-42.70066104248825,-16.278373907197892
-42.69568874074608,-16.27824960652526
-42.6907164390039,-16.278125205520418
-42.68574413726173,-16.2780007041364
-42.68077183551955,-16.277876102326367
-42.67579953377738,-16.27775140004338
-42.6708272320352,-16.277626597240477
-42.66585493029303,-16.277501693870686
-42.66088262855086,-16.277376689887053
-42.65591032680868,-16.27725158524256
-42.65093802506651,-16.277126379890174
-42.64596572332433,-16.277001073782863
-42.64099342158216,-16.276875666873575
-42.63602111983998,-16.276750159115203
-42.63104881809781,-16.27662455046067
-42.62607651635564,-16.276498840862832
-42.62110421461346,-16.276373030274573
-42.61613191287129,-16.27624711864872
-42.61115961112911,-16.2761211059381
-42.60618730938694,-16.275994992095505
-42.60121500764477,-16.275868777073725
-42.59624270590259,-16.2757424608255
-42.59127040416042,-16.275616043303614
-42.58629810241824,-16.275489524460756
-42.58132580067607,-16.27536290424964
-42.57635349893389,-16.27523618262296
-42.57138119719172,-16.27510935953334
-42.56640889544955,-16.274982434933474
-42.56143659370737,-16.27485540877597
-42.5564642919652,-16.274728281013424
-42.55149199022302,-16.27460105159843
-42.54651968848085,-16.274473720483538
-42.54154738673867,-16.274346287621327
-42.5365750849965,-16.274218752964288
-42.53160278325433,-16.27409111646494
-42.52663048151215,-16.273963378075788
-42.52165817976998,-16.273835537749274
-42.5166858780278,-16.273707595437866
-42.51171357628563,-16.273579551093977
-42.50674127454346,-16.273451404670038
-42.50176897280128,-16.273323156118398
-42.49679667105911,-16.27319480539145
-42.49182436931693,-16.273066352441546
-42.48685206757476,-16.27293779722101
-42.48187976583258,-16.272809139682177
-42.47690746409041,-16.272680379777313
-42.47193516234824,-16.272551517458673
-42.46696286060606,-16.272422552678517
-42.46199055886389,-16.2722934853891
-42.45701825712171,-16.27216431554262
-42.45204595537954,-16.272035043091257
-42.44707365363736,-16.271905667987195
-42.44210135189519,-16.271776190182585
-42.43712905015302,-16.271646609629553
-42.43215674841084,-16.271516926280217
-42.42718444666867,-16.271387140086667
-42.42221214492649,-16.27125725100097
-42.41723984318432,-16.271127258975216
-42.41226754144215,-16.27099716396138
-42.40729523969997,-16.2708669659115
-42.4023229379578,-16.270736664777594
-42.39735063621562,-16.2706062605116
-42.39237833447345,-16.270475753065472
-42.38740603273127,-16.27034514239117
-42.3824337309891,-16.270214428440624
-42.37746142924693,-16.270083611165674
-42.37248912750475,-16.269952690518227
-42.36751682576258,-16.269821666450127
-42.3625445240204,-16.26969053891322
-42.35757222227823,-16.26955930785931
-42.35259992053605,-16.269427973240173
-42.34762761879388,-16.269296535007634
-42.34265531705171,-16.269164993113435
-42.33768301530953,-16.269033347509275
-42.33271071356736,-16.26890159814689
-42.32773841182518,-16.268769744977988
-42.32276611008301,-16.268637787954237
-42.31779380834084,-16.26850572702728
-42.31282150659866,-16.268373562148742
-42.30784920485649,-16.268241293270293
-42.30287690311431,-16.268108920343476
-42.29790460137214,-16.267976443319885
-42.29293229962996,-16.267843862151086
-42.28795999788779,-16.267711176788595
-42.28298769614562,-16.267578387183935
-42.27801539440344,-16.267445493288612
-42.27304309266127,-16.26731249505409
-42.26807079091909,-16.267179392431828
-42.26309848917692,-16.26704618537324
-42.25812618743474,-16.266912873829792
-42.25315388569257,-16.266779457752847
-42.2481815839504,-16.266645937093777
-42.24320928220822,-16.266512311803954
-42.23823698046605,-16.2663785818347
-42.23326467872387,-16.26624474713733
-42.2282923769817,-16.26611080766316
-42.22332007523953,-16.265976763363454
-42.21834777349735,-16.265842614189452
-42.21337547175518,-16.265708360092393
-42.208403170013,-16.265574001023516
-42.20343086827083,-16.265439536933986
-42.19845856652865,-16.265304967775016
-42.19348626478648,-16.26517029349773
-42.18851396304431,-16.265035514053267
-42.18354166130213,-16.26490062939274
-42.17856935955996,-16.264765639467257
-42.17359705781778,-16.264630544227884
-42.16862475607561,-16.26449534362568
-42.16365245433343,-16.264360037611667
-42.15868015259126,-16.264224626136865
-42.15370785084909,-16.264089109152287
-42.14873554910691,-16.263953486608877
-42.14376324736474,-16.26381775845761
-42.13879094562256,-16.263681924649415
-42.13381864388039,-16.263545985135185
-42.12884634213822,-16.263409939865852
-42.12387404039604,-16.263273788792258
-42.11890173865387,-16.263137531865258
-42.11392943691169,-16.26300116903569
-42.10895713516952,-16.26286470025438
-42.10398483342734,-16.262728125472098
-42.09901253168517,-16.262591444639636
-42.094040229943,-16.262454657707703
-42.08906792820082,-16.262317764627095
-42.08409562645865,-16.262180765348486
-42.07912332471647,-16.26204365982257
-42.0741510229743,-16.26190644800002
-42.06917872123212,-16.261769129831478
-42.06420641948995,-16.26163170526758
-42.05923411774778,-16.261494174258956
-42.0542618160056,-16.26135653675616
-42.04928951426343,-16.261218792709776
-42.04431721252125,-16.261080942070382
-42.03934491077908,-16.26094298478846
-42.03437260903691,-16.260804920814536
-42.02940030729473,-16.260666750099105
-42.02442800555256,-16.260528472592625
-42.01945570381038,-16.26039008824555
-42.01448340206821,-16.260251597008292
-42.00951110032603,-16.260112998831293
-42.00453879858386,-16.25997429366492
-41.99956649684168,-16.259835481459525
-41.99459419509951,-16.25969656216548
-41.98962189335734,-16.259557535733084
-41.98464959161516,-16.25941840211265
-41.97967728987299,-16.259279161254486
-41.97470498813081,-16.259139813108828
-41.96973268638864,-16.259000357625926
-41.96476038464647,-16.258860794755993
-41.95978808290429,-16.258721124449256
-41.95481578116212,-16.258581346655898
-41.94984347941994,-16.25844146132606
-41.94487117767777,-16.258301468409886
-41.9398988759356,-16.258161367857515
-41.93492657419342,-16.258021159619023
-41.92995427245125,-16.257880843644507
-41.92498197070907,-16.257740419884037
-41.9200096689669,-16.257599888287636
-41.91503736722473,-16.257459248805315
-41.91006506548255,-16.2573185013871
-41.90509276374037,-16.25717764598294
-41.9001204619982,-16.25703668254283
-41.89514816025603,-16.256895611016663
-41.89017585851385,-16.25675443135439
-41.88520355677168,-16.256613143505884
-41.8802312550295,-16.256471747421028
-41.87525895328733,-16.256330243049685
-41.87028665154516,-16.25618863034169
-41.86531434980298,-16.25604690924683
-41.86034204806081,-16.25590507971494
-41.85536974631863,-16.255763141695752
-41.85039744457646,-16.255621095139066
-41.84542514283429,-16.255478939994564
-41.84045284109211,-16.255336676211982
-41.83548053934994,-16.255194303741003
-41.83050823760776,-16.255051822531318
-41.82553593586559,-16.254909232532544
-41.82056363412342,-16.25476653369433
-41.81559133238124,-16.254623725966294
-41.81061903063906,-16.254480809298006
-41.80564672889689,-16.25433778363904
-41.80067442715472,-16.254194648938924
-41.79570212541254,-16.254051405147198
-41.79072982367037,-16.253908052213415
-41.78575752192819,-16.253764590086977
-41.78078522018602,-16.25362101871738
-41.77581291844385,-16.253477338054086
-41.77084061670167,-16.2533335480465
-41.7658683149595,-16.253189648644028
-41.76089601321732,-16.253045639796063
-41.75592371147515,-16.252901521451932
-41.75095140973298,-16.252757293561015
-41.7459791079908,-16.252612956072603
-41.74100680624863,-16.252468508936012
-41.73603450450645,-16.252323952100518
-41.73106220276428,-16.252179285515375
-41.72608990102211,-16.252034509129803
-41.72111759927993,-16.25188962289304
-41.71614529753775,-16.251744626754263
-41.71117299579558,-16.251599520662666
-41.70620069405341,-16.2514543045674
-41.70122839231123,-16.251308978417573
-41.69625609056906,-16.251163542162335
-41.69128378882688,-16.251017995750743
-41.68631148708471,-16.250872339131885
-41.68133918534254,-16.25072657225482
-41.67636688360036,-16.250580695068553
-41.67139458185819,-16.250434707522114
-41.66642228011601,-16.250288609564464
-41.66144997837384,-16.25014240114462
-41.65647767663167,-16.249996082211446
-41.65150537488949,-16.249849652713944
-41.64653307314732,-16.249703112600987
-41.64156077140514,-16.24955646182147
-41.63658846966297,-16.249409700324208
-41.6316161679208,-16.24926282805812
-41.62664386617862,-16.24911584497198
-41.62167156443644,-16.248968751014587
-41.61669926269427,-16.248821546134725
-41.6117269609521,-16.24867423028116
-41.60675465920992,-16.248526803402626
-41.60178235746775,-16.248379265447827
-41.59681005572557,-16.24823161636549
-41.5918377539834,-16.248083856104255
-41.58686545224123,-16.247935984612784
-41.58189315049905,-16.247788001839737
-41.57692084875688,-16.247639907733674
-41.5719485470147,-16.247491702243238
-41.56697624527253,-16.247343385316988
-41.56200394353036,-16.24719495690345
-41.55703164178818,-16.24704641695116
-41.55205934004601,-16.246897765408647
-41.54708703830383,-16.246749002224377
-41.54211473656166,-16.246600127346802
-41.537142434819486,-16.2464511407244
-41.53217013307731,-16.246302042305572
-41.52719783133513,-16.246152832038735
-41.52222552959296,-16.246003509872253
-41.51725322785079,-16.245854075754504
-41.51228092610861,-16.245704529633823
-41.50730862436644,-16.245554871458502
-41.50233632262426,-16.24540510117688
-41.49736402088209,-16.24525521873721
-41.49239171913992,-16.245105224087762
-41.48741941739774,-16.244955117176733
-41.48244711565557,-16.244804897952395
-41.47747481391339,-16.244654566362907
-41.47250251217122,-16.24450412235642
-41.46753021042905,-16.24435356588112
-41.46255790868687,-16.24420289688512
-41.4575856069447,-16.244052115316535
-41.45261330520252,-16.243901221123444
-41.44764100346035,-16.24375021425391
-41.442668701718176,-16.243599094655995
-41.437696399976,-16.24344786227772
-41.43272409823382,-16.243296517067055
-41.42775179649165,-16.243145058972015
-41.42277949474948,-16.242993487940574
-41.4178071930073,-16.24284180392062
-41.41283489126513,-16.2426900068601
-41.40786258952295,-16.242538096706944
-41.40289028778078,-16.242386073408984
-41.39791798603861,-16.24223393691406
-41.39294568429643,-16.24208168717005
-41.38797338255426,-16.24192932412473
-41.38300108081208,-16.24177684772592
-41.37802877906991,-16.241624257921394
-41.37305647732774,-16.24147155465885
-41.36808417558556,-16.241318737886072
-41.36311187384339,-16.241165807550743
-41.35813957210121,-16.241012763600544
-41.35316727035904,-16.240859605983157
-41.348194968616866,-16.240706334646198
-41.34322266687469,-16.240552949537307
-41.33825036513251,-16.240399450604084
-41.33327806339034,-16.240245837794113
-41.32830576164817,-16.24009211105493
-41.32333345990599,-16.23993827033409
-41.31836115816382,-16.239784315579104
-41.31338885642164,-16.23963024673746
-41.30841655467947,-16.239476063756644
-41.3034442529373,-16.23932176658411
-41.29847195119512,-16.23916735516727
-41.29349964945295,-16.23901282945353
-41.28852734771077,-16.23885818939031
-41.2835550459686,-16.238703434924926
-41.278582744226426,-16.23854856600477
-41.27361044248425,-16.238393582577142
-41.26863814074208,-16.238238484589345
-41.2636658389999,-16.23808327198868
-41.25869353725773,-16.237927944722372
-41.253721235515556,-16.2377725027377
-41.24874893377338,-16.23761694598185
-41.2437766320312,-16.23746127440203
-41.23880433028903,-16.237305487945395
-41.23383202854686,-16.237149586559124
-41.22885972680468,-16.236993570190336
-41.22388742506251,-16.236837438786157
-41.21891512332033,-16.236681192293677
-41.21394282157816,-16.23652483065992
-41.20897051983599,-16.236368353831985
-41.20399821809381,-16.236211761756863
-41.19902591635164,-16.236055054381552
-41.19405361460946,-16.23589823165306
-41.18908131286729,-16.235741293518338
-41.184109011125116,-16.235584239924314
-41.17913670938294,-16.235427070817927
-41.17416440764077,-16.235269786146045
-41.16919210589859,-16.235112385855555
-41.16421980415642,-16.234954869893325
-41.159247502414246,-16.234797238206184
-41.15427520067207,-16.234639490740904
-41.14930289892989,-16.234481627444325
-41.14433059718772,-16.234323648263178
-41.13935829544555,-16.234165553144223
-41.13438599370337,-16.234007342034186
-41.1294136919612,-16.233849014879755
-41.12444139021902,-16.23369057162763
-41.11946908847685,-16.23353201222445
-41.11449678673468,-16.233373336616882
-41.1095244849925,-16.233214544751508
-41.10455218325033,-16.233055636574953
-41.09957988150815,-16.23289661203378
-41.09460757976598,-16.232737471074532
-41.089635278023806,-16.23257821364375
-41.08466297628163,-16.232418839687934
-41.07969067453946,-16.232259349153576
-41.07471837279728,-16.232099741987128
-41.06974607105511,-16.23194001813504
-41.064773769312936,-16.23178017754376
-41.05980146757076,-16.23162022015969
-41.05482916582858,-16.231460145929137
-41.04985686408641,-16.231299954798555
-41.04488456234424,-16.23113964671421
-41.03991226060206,-16.230979221622437
-41.03493995885989,-16.23081867946954
-41.02996765711771,-16.230658020201787
-41.02499535537554,-16.230497243765416
-41.020023053633366,-16.230336350106665
-41.01505075189119,-16.230175339171723
-41.01007845014902,-16.2300142109068
-41.00510614840684,-16.229852965258047
-41.00013384666467,-16.229691602171588
-40.995161544922496,-16.22953012159355
-40.99018924318032,-16.229368523470065
-40.985216941438146,-16.229206807747158
-40.98024463969597,-16.22904497437093
-40.9752723379538,-16.22888302328737
-40.970300036211626,-16.228720954442508
-40.96532773446945,-16.22855876778235
-40.96035543272727,-16.228396463252817
-40.9553831309851,-16.2282340407999
-40.95041082924293,-16.228071500369513
-40.94543852750075,-16.22790884190754
-40.94046622575858,-16.227746065359877
-40.9354939240164,-16.227583170672368
-40.93052162227423,-16.227420157790885
-40.925549320532056,-16.227257026661196
-40.92057701878988,-16.227093777229115
-40.91560471704771,-16.226930409440396
-40.91063241530553,-16.226766923240834
-40.90566011356336,-16.226603318576114
-40.900687811821186,-16.22643959539194
-40.89571551007901,-16.226275753634035
-40.890743208336836,-16.226111793248013
-40.88577090659466,-16.225947714179572
-40.88079860485249,-16.225783516374275
-40.875826303110316,-16.225619199777736
-40.87085400136814,-16.225454764335534
-40.86588169962596,-16.225290209993226
-40.86090939788379,-16.22512553669633
-40.855937096141616,-16.22496074439038
-40.85096479439944,-16.224795833020824
-40.84599249265727,-16.22463080253316
-40.84102019091509,-16.224465652872833
-40.83604788917292,-16.224300383985238
-40.831075587430746,-16.2241349958158
-40.82610328568857,-16.223969488309862
-40.8211309839464,-16.223803861412808
-40.81615868220422,-16.223638115069985
-40.81118638046205,-16.223472249226646
-40.806214078719876,-16.22330626382815
-40.8012417769777,-16.223140158819742
-40.796269475235526,-16.222973934146662
-40.79129717349335,-16.222807589754115
-40.78632487175118,-16.22264112558733
-40.781352570009005,-16.222474541591478
-40.77638026826683,-16.222307837711703
-40.77140796652465,-16.222141013893165
-40.76643566478248,-16.221974070080968
-40.761463363040306,-16.221807006220203
-40.75649106129813,-16.221639822255963
-40.75151875955596,-16.22147251813326
-40.74654645781378,-16.221305093797127
-40.74157415607161,-16.221137549192566
-40.736601854329436,-16.220969884264566
-40.73162955258726,-16.220802098958107
-40.726657250845086,-16.220634193218096
-40.72168494910291,-16.220466166989453
-40.71671264736074,-16.220298020217104
-40.711740345618566,-16.220129752845875
-40.70676804387639,-16.219961364820637
-40.701795742134216,-16.219792856086222
-40.69682344039204,-16.219624226587417
-40.69185113864987,-16.21945547626901
-40.686878836907695,-16.219286605075784
-40.68190653516552,-16.219117612952484
-40.67693423342334,-16.218948499843766
-40.67196193168117,-16.218779265694383
-40.666989629938996,-16.218609910448986
-40.66201732819682,-16.218440434052226
-40.65704502645465,-16.218270836448728
-40.65207272471247,-16.21810111758311
-40.6471004229703,-16.217931277399945
-40.642128121228126,-16.217761315843823
-40.63715581948595,-16.217591232859228
-40.632183517743776,-16.21742102839072
-40.6272112160016,-16.217250702382778
-40.62223891425943,-16.217080254779884
-40.617266612517255,-16.21690968552647
-40.61229431077508,-16.21673899456698
-40.607322009032906,-16.21656818184584
-40.60234970729073,-16.216397247307402
-40.597377405548556,-16.216226190896034
-40.592405103806385,-16.21605501255608
-40.58743280206421,-16.215883712231868
-40.58246050032203,-16.21571228986766
-40.57748819857986,-16.215540745407765
-40.572515896837686,-16.21536907879643
-40.56754359509551,-16.215197289977855
-40.562571293353336,-16.215025378896282
-40.55759899161116,-16.21485334549586
-40.55262668986899,-16.214681189720785
-40.547654388126816,-16.214508911515157
-40.54268208638464,-16.214336510823134
-40.537709784642466,-16.21416398758879
-40.53273748290029,-16.213991341756184
-40.52776518115812,-16.21381857326938
-40.522792879415945,-16.213645682072404
-40.51782057767377,-16.213472668109244
-40.512848275931596,-16.213299531323937
-40.50787597418942,-16.2131262716604
-40.502903672447246,-16.212952889062567
-40.497931370705075,-16.212779383474356
-40.4929590689629,-16.21260575483969
-40.48798676722072,-16.21243200310241
-40.48301446547855,-16.212258128206365
-40.478042163736376,-16.212084130095423
-40.4730698619942,-16.211910008713325
-40.468097560252026,-16.211735764003883
-40.46312525850985,-16.21156139591086
-40.45815295676768,-16.211386904377992
-40.453180655025506,-16.21121228934898
-40.44820835328333,-16.211037550767536
-40.443236051541156,-16.21086268857731
-40.43826374979898,-16.210687702721966
-40.433291448056806,-16.210512593145094
-40.428319146314635,-16.210337359790344
-40.42334684457246,-16.210162002601265
-40.418374542830286,-16.209986521521408
-40.41340224108811,-16.20981091649435
-40.408429939345936,-16.20963518746354
-40.403457637603765,-16.209459334372518
-40.39848533586159,-16.209283357164733
-40.39351303411941,-16.20910725578362
-40.38854073237724,-16.20893103017262
-40.383568430635066,-16.20875468027512
-40.37859612889289,-16.2085782060345
-40.373623827150716,-16.208401607394105
-40.36865152540854,-16.208224884297287
-40.36367922366637,-16.20804803668734
-40.358706921924195,-16.20787106450755
-40.35373462018202,-16.207693967701204
-40.348762318439846,-16.207516746211514
-40.34379001669767,-16.207339399981702
-40.338817714955496,-16.207161928954964
-40.333845413213325,-16.2069843330745
-40.32887311147115,-16.206806612283433
-40.323900809728976,-16.206628766524933
-40.3189285079868,-16.20645079574204
-40.313956206244626,-16.20627269987789
-40.308983904502455,-16.206094478875503
-40.304011602760276,-16.205916132677952
-40.2990393010181,-16.20573766122823
-40.29406699927593,-16.205559064469377
-40.289094697533756,-16.205380342344288
-40.28412239579158,-16.205201494795947
-40.279150094049406,-16.205022521767294
-40.27417779230723,-16.20484342320122
-40.26920549056506,-16.2046641990406
-40.264233188822885,-16.20448484922828
-40.25926088708071,-16.20430537370712
-40.254288585338536,-16.204125772419907
-40.24931628359636,-16.20394604530944
-40.244343981854186,-16.20376619231848
-40.239371680112015,-16.2035862133898
-40.23439937836984,-16.20340610846608
-40.229427076627665,-16.203225877490024
-40.22445477488549,-16.20304552040432
-40.219482473143316,-16.20286503715161
-40.214510171401145,-16.20268442767455
-40.209537869658966,-16.20250369191571
-40.20456556791679,-16.2023228298177
-40.19959326617462,-16.202141841323062
-40.194620964432445,-16.201960726374345
-40.18964866269027,-16.201779484914066
-40.184676360948096,-16.20159811688473
-40.17970405920592,-16.201416622228773
-40.174731757463746,-16.20123500088867
-40.169759455721575,-16.201053252806823
-40.1647871539794,-16.20087137792565
-40.159814852237226,-16.20068937618754
-40.15484255049505,-16.20050724753484
-40.149870248752876,-16.20032499190985
-40.144897947010705,-16.200142609254932
-40.13992564526853,-16.199960099512335
-40.134953343526355,-16.19977746262435
-40.12998104178418,-16.199594698533208
-40.125008740042006,-16.199411807181114
-40.120036438299834,-16.199228788510283
-40.115064136557656,-16.199045642462888
-40.11009183481548,-16.198862368981064
-40.10511953307331,-16.19867896800695
-40.100147231331135,-16.198495439482638
-40.09517492958896,-16.19831178335024
-40.090202627846786,-16.198127999551765
-40.08523032610461,-16.197944088029278
-40.080258024362436,-16.197760048724824
-40.075285722620265,-16.197575881580324
-40.07031342087809,-16.19739158653777
-40.065341119135915,-16.19720716353913
-40.06036881739374,-16.197022612526297
-40.055396515651566,-16.196837933441202
-40.050424213909395,-16.196653126225673
-40.045451912167216,-16.196468190821584
-40.040479610425045,-16.196283127170783
-40.03550730868287,-16.19609793521505
-40.030535006940696,-16.19591261489618
-40.025562705198524,-16.19572716615592
-40.020590403456346,-16.195541588936038
-40.01561810171417,-16.1953558831782
-40.010645799971996,-16.19517004882412
-40.005673498229825,-16.194984085815495
-40.00070119648765,-16.194797994093904
-39.995728894745476,-16.194611773601025
-39.9907565930033,-16.194425424278435
-39.985784291261126,-16.194238946067703
-39.980811989518955,-16.194052338910407
-39.97583968777678,-16.193865602748037
-39.970867386034605,-16.193678737522138
-39.96589508429243,-16.19349174317417
-39.960922782550256,-16.193304619645588
-39.955950480808085,-16.193117366877853
-39.950978179065906,-16.19292998481236
-39.946005877323735,-16.192742473390492
-39.94103357558156,-16.192554832553657
-39.936061273839385,-16.192367062243143
-39.931088972097214,-16.192179162400308
-39.926116670355036,-16.191991132966432
-39.92114436861286,-16.191802973882805
-39.916172066870686,-16.19161468509067
-39.911199765128515,-16.191426266531263
-39.90622746338634,-16.191237718145775
-39.901255161644166,-16.191049039875406
-39.89628285990199,-16.19086023166129
-39.891310558159816,-16.190671293444584
-39.886338256417645,-16.190482225166402
-39.881365954675466,-16.19029302676783
-39.876393652933295,-16.19010369818991
-39.87142135119112,-16.1899142393737
-39.866449049448946,-16.18972465026022
-39.861476747706774,-16.18953493079049
-39.856504445964596,-16.18934508090547
-39.851532144222425,-16.18915510054609
-39.84655984248025,-16.188964989653275
-39.841587540738075,-16.188774748167948
-39.836615238995904,-16.188584376030995
-39.831642937253726,-16.18839387318326
-39.82667063551155,-16.188203239565564
-39.821698333769376,-16.188012475118732
-39.816726032027205,-16.187821579783567
-39.81175373028503,-16.18763055350079
-39.806781428542855,-16.18743939621118
-39.80180912680068,-16.18724810785543
-39.796836825058506,-16.187056688374245
-39.791864523316335,-16.186865137708313
-39.786892221574156,-16.186673455798235
-39.781919919831985,-16.186481642584663
-39.77694761808981,-16.186289698008196
-39.771975316347635,-16.186097622009417
-39.767003014605464,-16.185905414528875
-39.762030712863286,-16.18571307550708
-39.757058411121115,-16.18552060488456
-39.752086109378936,-16.18532800260179
-39.747113807636765,-16.18513526859925
-39.742141505894594,-16.18494240281735
-39.737169204152416,-16.184749405196502
-39.73219690241024,-16.18455627567712
-39.727224600668066,-16.18436301419954
-39.722252298925895,-16.18416962070414
-39.71727999718372,-16.183976095131204
-39.712307695441545,-16.183782437421055
-39.70733539369937,-16.183588647513954
-39.702363091957196,-16.183394725350144
-39.697390790215024,-16.18320067086985
-39.692418488472846,-16.18300648401328
-39.687446186730675,-16.18281216472062
-39.6824738849885,-16.182617712932018
-39.677501583246325,-16.18242312858761
-39.672529281504154,-16.182228411627506
-39.667556979761976,-16.182033561991762
-39.662584678019805,-16.181838579620468
-39.657612376277626,-16.18164346445366
-39.652640074535455,-16.181448216431342
-39.647667772793284,-16.181252835493506
-39.642695471051105,-16.181057321580116
-39.63772316930893,-16.180861674631124
-39.632750867566756,-16.180665894586458
-39.627778565824585,-16.180469981385997
-39.622806264082406,-16.1802739349696
-39.617833962340235,-16.180077755277146
-39.61286166059806,-16.179881442248472
-39.607889358855886,-16.179684995823326
-39.602917057113714,-16.179488415941535
-39.597944755371536,-16.17929170254282
-39.592972453629365,-16.17909485556694
-39.58800015188719,-16.178897874953595
-39.583027850145015,-16.178700760642457
-39.578055548402844,-16.178503512573183
-39.573083246660666,-16.17830613068543
-39.568110944918494,-16.1781086149188
-39.563138643176316,-16.17791096521288
-39.558166341434145,-16.177713181507226
-39.553194039691974,-16.177515263741416
-39.548221737949795,-16.177317211854948
-39.54324943620762,-16.17711902578729
-39.538277134465446,-16.176920705477933
-39.533304832723275,-16.176722250866337
-39.528332530981096,-16.17652366189191
-39.523360229238925,-16.176324938494066
-39.51838792749675,-16.176126080612168
-39.513415625754575,-16.175927088185553
-39.508443324012404,-16.175727961153584
-39.503471022270226,-16.175528699455562
-39.498498720528055,-16.17532930303073
-39.493526418785876,-16.175129771818373
-39.488554117043705,-16.174930105757745
-39.483581815301534,-16.17473030478804
-39.478609513559356,-16.17453036884841
-39.473637211817184,-16.174330297878047
-39.468664910075006,-16.174130091816092
-39.463692608332835,-16.173929750601662
-39.45872030659066,-16.173729274173837
-39.453748004848485,-16.173528662471682
-39.44877570310631,-16.17332791543424
-39.443803401364136,-16.173127033000565
-39.438831099621964,-16.172926015109596
-39.433858797879786,-16.17272486170033
-39.428886496137615,-16.17252357271173
-39.42391419439544,-16.172322148082714
-39.418941892653265,-16.172120587752165
-39.413969590911094,-16.171918891658965
-39.408997289168916,-16.171717059741976
-39.404024987426745,-16.171515091940023
-39.399052685684566,-16.171312988191918
-39.394080383942395,-16.171110748436426
-39.389108082200224,-16.170908372612313
-39.384135780458045,-16.170705860658302
-39.379163478715874,-16.170503212513122
-39.374191176973696,-16.17030042811545
-39.369218875231525,-16.170097507403923
-39.36424657348935,-16.169894450317216
-39.359274271747175,-16.16969125679393
-39.354301970005,-16.16948792677264
-39.349329668262826,-16.169284460191932
-39.344357366520654,-16.169080856990316
-39.339385064778476,-16.168877117106366
-39.334412763036305,-16.168673240478494
-39.329440461294126,-16.16846922704525
-39.324468159551955,-16.168265076745026
-39.319495857809784,-16.16806078951629
-39.314523556067606,-16.167856365297396
-39.309551254325434,-16.16765180402673
-39.304578952583256,-16.167447105642648
-39.299606650841085,-16.16724227008349
-39.294634349098914,-16.167037297287525
-39.289662047356735,-16.166832187193044
-39.284689745614564,-16.166626939738315
-39.279717443872386,-16.166421554861557
-39.274745142130215,-16.166216032500976
-39.26977284038804,-16.166010372594737
-39.264800538645865,-16.165804575081022
-39.25982823690369,-16.16559863989795
-39.254855935161515,-16.165392566983645
-39.249883633419344,-16.165186356276187
-39.244911331677166,-16.164980007713606
-39.239939029934995,-16.164773521233975
-39.234966728192816,-16.16456689677529
-39.229994426450645,-16.16436013427557
-39.225022124708474,-16.164153233672735
-39.220049822966295,-16.16394619490476
-39.215077521224124,-16.163739017909524
-39.210105219481946,-16.16353170262497
-39.205132917739775,-16.163324248988914
-39.2001606159976,-16.16311665693924
-39.195188314255425,-16.16290892641374
-39.190216012513254,-16.16270105735022
-39.185243710771076,-16.162493049686454
-39.180271409028904,-16.16228490336019
-39.17529910728673,-16.16207661830915
-39.170326805544555,-16.161868194471026
-39.16535450380238,-16.161659631783493
-39.160382202060205,-16.161450930184227
-39.155409900318034,-16.161242089610802
-39.150437598575856,-16.16103311000086
-39.145465296833684,-16.16082399129198
-39.140492995091506,-16.16061473342169
-39.135520693349335,-16.160405336327543
-39.130548391607164,-16.16019579994703
-39.125576089864985,-16.159986124217628
-39.120603788122814,-16.159776309076825
-39.115631486380636,-16.159566354462008
-39.110659184638465,-16.159356260310613
-39.10568688289629,-16.159146026560016
-39.100714581154115,-16.158935653147555
-39.095742279411944,-16.158725140010617
-39.090769977669765,-16.15851448708647
-39.085797675927594,-16.158303694312398
-39.08082537418542,-16.158092761625696
-39.075853072443245,-16.157881688963577
-39.070880770701066,-16.15767047626325
-39.065908468958895,-16.15745912346192
-39.060936167216724,-16.15724763049675
-39.055963865474546,-16.157035997304867
-39.050991563732374,-16.15682422382341
-39.046019261990196,-16.156612309989438
-39.041046960248025,-16.156400255740046
-39.036074658505854,-16.15618806101226
-39.031102356763675,-16.155975725743108
-39.026130055021504,-16.155763249869565
-39.021157753279326,-16.155550633328644
-39.016185451537154,-16.155337876057242
-39.01121314979498,-16.155124977992315
-39.006240848052805,-16.154911939070733
-39.001268546310634,-16.154698759229383
-38.996296244568455,-16.154485438405086
-38.991323942826284,-16.154271976534712
-38.98635164108411,-16.154058373555017
-38.981379339341935,-16.153844629402805
-38.976407037599756,-16.153630744014798
-38.971434735857585,-16.15341671732774
-38.966462434115414,-16.15320254927834
-38.961490132373235,-16.152988239803253
-38.956517830631064,-16.152773788839152
-38.951545528888886,-16.15255919632263
-38.946573227146715,-16.152344462190324
-38.94160092540454,-16.15212958637879
-38.936628623662365,-16.151914568824584
-38.931656321920194,-16.151699409464257
-38.926684020178016,-16.151484108234282
-38.921711718435844,-16.15126866507116
-38.91673941669367,-16.15105307991135
-38.911767114951495,-16.15083735269125
-38.90679481320932,-16.15062148334732
-38.901822511467145,-16.15040547181588
-38.896850209724974,-16.15018931803333
-38.8918779079828,-16.149973021935992
-38.886905606240624,-16.149756583460185
-38.881933304498446,-16.149540002542164
-38.876961002756275,-16.1493232791182
-38.871988701014104,-16.149106413124542
-38.867016399271925,-16.148889404497375
-38.862044097529754,-16.148672253172897
-38.857071795787576,-16.148454959087275
-38.852099494045405,-16.148237522176643
-38.84712719230323,-16.14801994237709
-38.842154890561055,-16.147802219624726
-38.837182588818884,-16.1475843538556
-38.832210287076705,-16.14736634500577
-38.827237985334534,-16.147148193011226
-38.82226568359236,-16.146929897807944
-38.817293381850185,-16.1467114593319
-38.81232108010801,-16.146492877519076
-38.807348778365835,-16.146274152305313
-38.802376476623664,-16.146055283626527
-38.79740417488149,-16.14583627141859
-38.792431873139314,-16.145617115617366
-38.787459571397136,-16.145397816158624
-38.782487269654965,-16.145178372978172
-38.77751496791279,-16.144958786011752
-38.772542666170615,-16.14473905519517
-38.767570364428444,-16.144519180464076
-38.762598062686266,-16.144299161754166
-38.757625760944094,-16.144078999001163
-38.75265345920192,-16.14385869214064
-38.747681157459745,-16.143638241108242
-38.742708855717574,-16.14341764583957
-38.737736553975395,-16.143196906270166
-38.732764252233224,-16.14297602233561
-38.72779195049105,-16.14275499397138
-38.722819648748874,-16.14253382111299
-38.7178473470067,-16.142312503695916
-38.712875045264525,-16.142091041655554
-38.707902743522354,-16.14186943492738
-38.70293044178018,-16.141647683446738
-38.697958140038004,-16.14142578714906
-38.692985838295826,-16.141203745969616
-38.688013536553655,-16.140981559843773
-38.68304123481148,-16.140759228706788
-38.678068933069305,-16.140536752493976
-38.673096631327134,-16.140314131140546
-38.668124329584955,-16.140091364581718
-38.663152027842784,-16.1398684527527
-38.65817972610061,-16.13964539558866
-38.653207424358435,-16.13942219302474
-38.64823512261626,-16.13919884499603
-38.643262820874085,-16.138975351437693
-38.638290519131914,-16.138751712284723
-38.63331821738974,-16.13852792747221
-38.628345915647564,-16.138303996935164
-38.62337361390539,-16.13807992060858
-38.618401312163215,-16.137855698427405
-38.613429010421044,-16.137631330326606
-38.60845670867887,-16.137406816241104
-38.603484406936694,-16.137182156105798
-38.598512105194516,-16.13695734985552
-38.593539803452344,-16.136732397425153
-38.58856750171017,-16.13650729874954
-38.583595199967995,-16.136282053763395
-38.578622898225824,-16.136056662401558
-38.573650596483645,-16.135831124598738
-38.568678294741474,-16.135605440289673
-38.5637059929993,-16.135379609409053
-38.558733691257125,-16.13515363189152
-38.55376138951495,-16.134927507671755
-38.548789087772775,-16.134701236684393
-38.543816786030604,-16.134474818863964
-38.53884448428843,-16.13424825414509
-38.533872182546254,-16.13402154246227
-38.52889988080408,-16.133794683750097
-38.523927579061905,-16.133567677942985
-38.51895527731973,-16.13334052497543
-38.51398297557756,-16.1331132247819
-38.509010673835384,-16.132885777296803
-38.504038372093206,-16.132658182454495
-38.499066070351034,-16.132430440189378
-38.49409376860886,-16.132202550435814
-38.489121466866685,-16.131974513128064
-38.484149165124514,-16.131746328200478
-38.479176863382335,-16.131517995587274
-38.474204561640164,-16.13128951522275
-38.46923225989799,-16.131060887041077
-38.464259958155814,-16.130832110976453
-38.45928765641364,-16.130603186963068
-38.454315354671465,-16.130374114935044
-38.449343052929294,-16.130144894826504
-38.44437075118712,-16.129915526571537
-38.439398449444944,-16.129686010104223
-38.43442614770277,-16.12945634535856
-38.429453845960595,-16.12922653226861
-38.42448154421842,-16.12899657076834
-38.41950924247625,-16.12876646079174
-38.414536940734074,-16.128536202272716
-38.409564638991895,-16.1283057951452
-38.404592337249724,-16.128075239343083
-38.39962003550755,-16.127844534800236
-38.394647733765375,-16.127613681450452
-38.3896754320232,-16.127382679227594
-38.384703130281025,-16.127151528065433
-38.379730828538854,-16.12692022789776
-38.37475852679668,-16.12668877865825
-38.369786225054504,-16.126457180280664
-38.36481392331233,-16.126225432698696
-38.359841621570155,-16.125993535845964
-38.35486931982798,-16.12576148965613
-38.34989701808581,-16.1255292940628
-38.344924716343634,-16.125296948999576
-38.33995241460146,-16.125064454399983
-38.334980112859284,-16.124831810197584
-38.33000781111711,-16.12459901632588
-38.32503550937494,-16.124366072718384
-38.320063207632764,-16.124132979308495
-38.315090905890585,-16.123899736029685
-38.310118604148414,-16.123666342815362
-38.30514630240624,-16.1234327995989
-38.300174000664065,-16.123199106313656
-38.29520169892189,-16.122965262892947
-38.290229397179715,-16.12273126927011
-38.285257095437544,-16.12249712537842
-38.28028479369537,-16.122262831151097
-38.275312491953194,-16.122028386521407
-38.27034019021102,-16.121793791422554
-38.265367888468845,-16.12155904578769
-38.26039558672667,-16.121324149549988
-38.2554232849845,-16.121089102642568
-38.250450983242324,-16.12085390499856
-38.24547868150015,-16.120618556551005
-38.240506379757974,-16.120383057232967
-38.2355340780158,-16.12014740697746
-38.23056177627363,-16.119911605717533
-38.22558947453145,-16.119675653386093
-38.220617172789275,-16.119439549916123
-38.215644871047104,-16.11920329524056
-38.21067256930493,-16.118966889292285
-38.205700267562754,-16.118730332004162
-38.20072796582058,-16.11849362330906
-38.195755664078405,-16.118256763139794
-38.190783362336234,-16.118019751429127
-38.18581106059406,-16.117782588109886
-38.180838758851884,-16.117545273114782
-38.17586645710971,-16.117307806376562
-38.170894155367534,-16.117070187827874
-38.16592185362536,-16.1168324174014
-38.16094955188319,-16.116594495029805
-38.155977250141014,-16.11635642064572
-38.15100494839884,-16.116118194181688
-38.146032646656664,-16.115879815570292
-38.14106034491449,-16.115641284744108
-38.13608804317232,-16.115402601635587
-38.13111574143014,-16.11516376617725
-38.126143439687965,-16.114924778301564
-38.121171137945794,-16.114685637940976
-38.11619883620362,-16.114446345027883
-38.111226534461444,-16.114206899494675
-38.10625423271927,-16.113967301273707
-38.101281930977095,-16.113727550297323
-38.09630962923492,-16.11348764649781
-38.09133732749275,-16.113247589807486
-38.086365025750574,-16.113007380158564
-38.0813927240084,-16.112767017483332
-38.076420422266224,-16.112526501713948
-38.07144812052405,-16.112285832782614
-38.06647581878188,-16.112045010621472
-38.061503517039704,-16.111804035162688
-38.05653121529753,-16.111562906338303
-38.051558913555354,-16.111321624080446
-38.04658661181318,-16.111080188321154
-38.04161431007101,-16.110838598992448
-38.03664200832883,-16.11059685602632
-38.031669706586655,-16.110354959354776
-38.026697404844484,-16.110112908909716
-38.02172510310231,-16.109870704623116
-38.016752801360134,-16.109628346426824
-38.01178049961796,-16.109385834252745
-38.006808197875785,-16.109143168032706
-38.00183589613361,-16.108900347698526
-37.99686359439144,-16.10865737318202
-37.991891292649264,-16.108414244414945
-37.98691899090709,-16.108170961329026
-37.981946689164914,-16.107927523855995
-37.97697438742274,-16.10768393192752
-37.97200208568057,-16.107440185475312
-37.96702978393839,-16.10719628443097
-37.96205748219622,-16.106952228726122
-37.957085180454044,-16.10670801829235
-37.95211287871187,-16.10646365306123
-37.9471405769697,-16.10621913296427
-37.94216827522752,-16.105974457932977
-37.937195973485345,-16.10572962789885
-37.932223671743174,-16.10548464279337
-37.927251370001,-16.105239502547924
-37.922279068258824,-16.104994207093927
-37.91730676651665,-16.104748756362778
-37.912334464774474,-16.104503150285822
-37.9073621630323,-16.104257388794377
-37.90238986129013,-16.10401147181973
-37.897417559547954,-16.103765399293202
-37.89244525780578,-16.10351917114603
-37.887472956063604,-16.103272787309397
-37.88250065432143,-16.103026247714524
-37.87752835257926,-16.102779552292603
-37.87255605083708,-16.102532700974745
-37.86758374909491,-16.102285693692103
-37.862611447352734,-16.102038530375747
-37.85763914561056,-16.101791210956737
-37.85266684386839,-16.101543735366167
-37.84769454212621,-16.101296103534978
-37.842722240384035,-16.101048315394195
-37.83774993864186,-16.100800370874786
-37.83277763689969,-16.100552269907695
-37.827805335157514,-16.100304012423802
-37.82283303341534,-16.10005559835401
-37.817860731673164,-16.099807027629197
-37.81288842993099,-16.099558300180167
-37.80791612818882,-16.099309415937714
-37.80294382644664,-16.099060374832657
-37.79797152470447,-16.09881117679574
-37.792999222962294,-16.098561821757677
-37.78802692122012,-16.098312309649177
-37.78305461947795,-16.098062640400922
-37.77808231773577,-16.097812813943545
-37.7731100159936,-16.097562830207682
-37.768137714251424,-16.097312689123935
-37.76316541250925,-16.097062390622863
-37.75819311076708,-16.096811934635035
-37.7532208090249,-16.096561321090924
-37.748248507282725,-16.096310549921075
-37.74327620554055,-16.09605962105592
-37.73830390379838,-16.09580853442591
-37.733331602056204,-16.09555728996146
-37.72835930031403,-16.09530588759295
-37.723386998571854,-16.095054327250743
-37.71841469682968,-16.094802608865205
-37.71344239508751,-16.094550732366606
-37.70847009334533,-16.094298697685236
-37.70349779160316,-16.094046504751365
-37.698525489860984,-16.093794153495224
-37.69355318811881,-16.093541643847
-37.68858088637664,-16.093288975736886
-37.68360858463446,-16.093036149095024
-37.67863628289229,-16.092783163851557
-37.67366398115011,-16.092530019936568
-37.66869167940794,-16.092276717280125
-37.66371937766577,-16.09202325581228
-37.65874707592359,-16.091769635463073
-37.653774774181414,-16.091515856162456
-37.64880247243924,-16.09126191784043
-37.64383017069707,-16.091007820426935
-37.638857868954894,-16.090753563851873
-37.63388556721272,-16.090499148045144
-37.628913265470544,-16.09024457293659
-37.62394096372837,-16.089989838456074
-37.6189686619862,-16.089734944533383
-37.61399636024402,-16.08947989109831
-37.60902405850185,-16.089224678080615
-37.604051756759674,-16.08896930541002
-37.5990794550175,-16.088713773016238
-37.59410715327533,-16.08845808082894
-37.58913485153315,-16.088202228777774
-37.58416254979098,-16.08794621679238
-37.5791902480488,-16.087690044802336
-37.57421794630663,-16.087433712737212
-37.56924564456446,-16.087177220526563
-37.56427334282228,-16.086920568099927
-37.559301041080104,-16.086663755386784
-37.55432873933793,-16.086406782316573
-37.54935643759576,-16.086149648818772
-37.54438413585358,-16.085892354822757
-37.53941183411141,-16.085634900257954
-37.534439532369234,-16.08537728505371
-37.52946723062706,-16.085119509139318
-37.52449492888489,-16.084861572444147
-37.51952262714271,-16.08460347489746
-37.51455032540054,-16.084345216428478
-37.509578023658364,-16.084086796966446
-37.50460572191619,-16.08382821644059
-37.49963342017402,-16.08356947478005
-37.49466111843184,-16.083310571913998
-37.48968881668967,-16.08305150777154
-37.48471651494749,-16.082792282281776
-37.47974421320532,-16.0825328953738
-37.47477191146315,-16.082273346976603
-37.46979960972097,-16.082013637019223
-37.464827307978794,-16.081753765430655
-37.45985500623662,-16.081493732139872
-37.45488270449445,-16.08123353707579
-37.44991040275227,-16.080973180167323
-37.4449381010101,-16.08071266134334
-37.439965799267924,-16.080451980532732
-37.43499349752575,-16.080191137664297
-37.43002119578358,-16.079930132666828
-37.4250488940414,-16.079668965469125
-37.42007659229923,-16.079407635999935
-37.41510429055705,-16.079146144187987
-37.41013198881488,-16.078884489961965
-37.40515968707271,-16.078622673250507
-37.40018738533053,-16.078360693982304
-37.39521508358836,-16.078098552085972
-37.39024278184618,-16.077836247490048
-37.38527048010401,-16.077573780123146
-37.38029817836184,-16.077311149913797
-37.37532587661966,-16.077048356790495
-37.370353574877484,-16.076785400681693
-37.36538127313531,-16.0765222815159
-37.36040897139314,-16.076258999221505
-37.35543666965096,-16.07599555372695
-37.35046436790879,-16.075731944960584
-37.345492066166614,-16.07546817285074
-37.34051976442444,-16.075204237325778
-37.33554746268227,-16.074940138313973
-37.33057516094009,-16.074675875743576
-37.32560285919792,-16.074411449542847
-37.32063055745574,-16.074146859639995
-37.31565825571357,-16.07388210596322
-37.3106859539714,-16.073617188440686
-37.30571365222922,-16.0733521070005
-37.30074135048705,-16.07308686157078
-37.29576904874487,-16.07282145207962
-37.2907967470027,-16.072555878455077
-37.28582444526053,-16.072290140625153
-37.28085214351835,-16.072024238517855
-37.275879841776174,-16.071758172061173
-37.270907540034,-16.071491941183055
-37.26593523829183,-16.07122554581139
-37.26096293654965,-16.070958985874082
-37.25599063480748,-16.070692261299012
-37.2510183330653,-16.070425372014018
-37.24604603132313,-16.070158317946902
-37.24107372958096,-16.06989109902544
-37.23610142783878,-16.069623715177407
-37.23112912609661,-16.069356166330547
-37.22615682435443,-16.06908845241253
-37.22118452261226,-16.068820573351044
-37.21621222087009,-16.068552529073738
-37.21123991912791,-16.068284319508248
-37.20626761738574,-16.06801594458219
-37.20129531564356,-16.067747404223088
-37.19632301390139,-16.067478698358496
-37.19135071215922,-16.067209826915953
-37.18637841041704,-16.06694078982292
-37.181406108674864,-16.06667158700689
-37.17643380693269,-16.066402218395275
-37.17146150519052,-16.066132683915477
-37.16648920344834,-16.06586298349489
-37.16151690170617,-16.065593117060875
-37.15654459996399,-16.06532308454074
-37.15157229822182,-16.0650528858618
-37.14659999647965,-16.064782520951308
-37.14162769473747,-16.064511989736516
-37.1366553929953,-16.064241292144693
-37.13168309125312,-16.063970428102962
-37.12671078951095,-16.06369939753851
-37.12173848776878,-16.063428200378468
-37.1167661860266,-16.063156836549982
-37.11179388428443,-16.062885305980082
-37.10682158254225,-16.06261360859587
-37.10184928080008,-16.062341744324343
-37.09687697905791,-16.062069713092512
-37.09190467731573,-16.06179751482736
-37.086932375573554,-16.061525149455843
-37.08196007383138,-16.06125261690485
-37.07698777208921,-16.060979917101314
-37.07201547034703,-16.06070704997206
-37.06704316860486,-16.060434015443967
-37.06207086686268,-16.06016081344382
-37.05709856512051,-16.059887443898408
-37.05212626337834,-16.059613906734505
-37.04715396163616,-16.059340201878825
-37.04218165989399,-16.059066329258076
-37.03720935815181,-16.058792288798934
-37.03223705640964,-16.058518080428048
-37.02726475466747,-16.05824370407203
-37.02229245292529,-16.057969159657503
-37.01732015118312,-16.05769444711101
-37.01234784944094,-16.05741956635909
-37.00737554769877,-16.057144517328275
-37.0024032459566,-16.056869299945028
-36.99743094421442,-16.05659391413583
-36.99245864247224,-16.056318359827095
-36.98748634073007,-16.056042636945243
-36.9825140389879,-16.055766745416634
-36.97754173724572,-16.05549068516764
-36.97256943550355,-16.05521445612455
-36.96759713376137,-16.054938058213672
-36.9626248320192,-16.05466149136129
-36.95765253027703,-16.05438475549364
-36.95268022853485,-16.05410785053692
-36.94770792679268,-16.053830776417325
-36.9427356250505,-16.053553533061006
-36.93776332330833,-16.053276120394113
-36.93279102156616,-16.05299853834272
-36.92781871982398,-16.052720786832953
-36.92284641808181,-16.052442865790802
-36.91787411633963,-16.052164775142323
-36.91290181459746,-16.051886514813507
-36.90792951285529,-16.051608084730304
-36.90295721111311,-16.05132948481869
-36.89798490937093,-16.051050715004536
-36.89301260762876,-16.050771775213747
-36.88804030588659,-16.050492665372182
-36.88306800414441,-16.050213385405687
-36.87809570240224,-16.04993393524003
-36.87312340066006,-16.049654314800993
-36.86815109891789,-16.04937452401436
-36.86317879717572,-16.049094562805784
-36.85820649543354,-16.048814431101025
-36.85323419369137,-16.04853412882574
-36.84826189194919,-16.04825365590553
-36.84328959020702,-16.047973012266027
-36.83831728846485,-16.0476921978328
-36.83334498672267,-16.047411212531436
-36.8283726849805,-16.047130056287447
-36.82340038323832,-16.04684872902632
-36.81842808149615,-16.046567230673542
-36.81345577975398,-16.046285561154555
-36.8084834780118,-16.046003720394783
-36.80351117626962,-16.045721708319615
-36.79853887452745,-16.04543952485442
-36.79356657278528,-16.045157169924504
-36.7885942710431,-16.044874643455223
-36.78362196930093,-16.04459194537182
-36.77864966755875,-16.044309075599568
-36.77367736581658,-16.044026034063677
-36.76870506407441,-16.04374282068935
-36.76373276233223,-16.043459435401775
-36.75876046059006,-16.043175878126053
-36.75378815884788,-16.042892148787367
-36.74881585710571,-16.042608247310742
-36.74384355536354,-16.04232417362126
-36.73887125362136,-16.04203992764397
-36.73389895187919,-16.041755509303837
-36.72892665013701,-16.041470918525892
-36.72395434839484,-16.04118615523505
-36.71898204665267,-16.040901219356233
-36.71400974491049,-16.040616110814334
-36.70903744316831,-16.040330829534224
-36.70406514142614,-16.040045375440762
-36.69909283968397,-16.039759748458746
-36.69412053794179,-16.03947394851295
-36.68914823619962,-16.039187975528144
-36.68417593445744,-16.03890182942903
-36.67920363271527,-16.038615510140346
-36.6742313309731,-16.038329017586758
-36.66925902923092,-16.038042351692884
-36.66428672748875,-16.037755512383352
-36.65931442574657,-16.037468499582786
-36.6543421240044,-16.037181313215697
-36.64936982226223,-16.036893953206658
-36.64439752052005,-16.036606419480165
-36.63942521877788,-16.036318711960696
-36.6344529170357,-16.036030830572702
-36.62948061529353,-16.035742775240585
-36.62450831355136,-16.035454545888786
-36.61953601180918,-16.03516614244164
-36.614563710067,-16.034877564823503
-36.60959140832483,-16.034588812958663
-36.60461910658266,-16.034299886771446
-36.59964680484048,-16.034010786186066
-36.59467450309831,-16.033721511126785
-36.58970220135613,-16.03343206151781
-36.58472989961396,-16.03314243728326
-36.57975759787179,-16.032852638347315
-36.57478529612961,-16.032562664634124
-36.56981299438744,-16.032272516067735
-36.56484069264526,-16.03198219257222
-36.55986839090309,-16.031691694071633
-36.55489608916092,-16.031401020489955
-36.54992378741874,-16.031110171751163
-36.54495148567657,-16.030819147779223
-36.53997918393439,-16.03052794849806
-36.53500688219222,-16.03023657383157
-36.53003458045005,-16.029945023703615
-36.52506227870787,-16.029653298038014
-36.52008997696569,-16.02936139675861
-36.51511767522352,-16.02906931978916
-36.51014537348135,-16.02877706705344
-36.50517307173917,-16.028484638475174
-36.500200769997,-16.02819203397807
-36.49522846825482,-16.027899253485774
-36.49025616651265,-16.027606296921956
-36.48528386477048,-16.027313164210202
-36.4803115630283,-16.02701985527412
-36.47533926128613,-16.026726370037284
-36.47036695954395,-16.026432708423197
-36.46539465780178,-16.02613887035538
-36.46042235605961,-16.02584485575731
-36.45545005431743,-16.025550664552423
-36.45047775257526,-16.02525629666414
-36.44550545083308,-16.024961752015866
-36.44053314909091,-16.02466703053094
-36.43556084734874,-16.024372132132758
-36.43058854560656,-16.024077056744563
-36.42561624386438,-16.023781804289648
-36.42064394212221,-16.023486374691284
-36.41567164038004,-16.023190767872695
-36.41069933863786,-16.02289498375706
-36.40572703689569,-16.022599022267563
-36.40075473515351,-16.02230288332732
-36.39578243341134,-16.022006566859464
-36.39081013166917,-16.02171007278705
-36.38583782992699,-16.021413401033172
-36.38086552818482,-16.02111655152084
-36.37589322644264,-16.020819524173067
-36.37092092470047,-16.020522318912803
-36.3659486229583,-16.02022493566299
-36.36097632121612,-16.019927374346562
-36.35600401947395,-16.019629634886396
-36.35103171773177,-16.019331717205336
-36.3460594159896,-16.019033621226228
-36.34108711424743,-16.0187353468719
-36.33611481250525,-16.018436894065076
-36.33114251076307,-16.01813826272853
-36.3261702090209,-16.017839452784962
-36.32119790727873,-16.017540464157083
-36.31622560553655,-16.01724129676754
-36.31125330379438,-16.016941950538985
-36.3062810020522,-16.016642425394014
-36.30130870031003,-16.016342721255185
-36.29633639856786,-16.01604283804507
-36.29136409682568,-16.01574277568617
-36.28639179508351,-16.01544253410099
-36.28141949334133,-16.015142113211994
-36.27644719159916,-16.014841512941608
-36.27147488985699,-16.014540733212254
-36.26650258811481,-16.01423977394632
-36.26153028637264,-16.013938635066115
-36.25655798463046,-16.013637316493995
-36.25158568288829,-16.013335818152257
-36.24661338114612,-16.013034139963136
-36.24164107940394,-16.01273228184891
-36.23666877766176,-16.012430243731764
-36.23169647591959,-16.012128025533887
-36.22672417417742,-16.01182562717741
-36.22175187243524,-16.0115230485845
-36.21677957069307,-16.011220289677215
-36.21180726895089,-16.010917350377646
-36.20683496720872,-16.010614230607814
-36.20186266546655,-16.010310930289748
-36.19689036372437,-16.010007449345434
-36.1919180619822,-16.009703787696804
-36.18694576024002,-16.009399945265795
-36.18197345849785,-16.00909592197431
-36.17700115675568,-16.008791717744202
-36.1720288550135,-16.00848733249734
-36.16705655327133,-16.008182766155514
-36.16208425152915,-16.00787801864051
-36.15711194978698,-16.007573089874096
-36.15213964804481,-16.00726797977799
-36.14716734630263,-16.00696268827389
-36.14219504456045,-16.006657215283468
-36.13722274281828,-16.006351560728366
-36.13225044107611,-16.006045724530207
-36.12727813933393,-16.005739706610573
-36.12230583759176,-16.00543350689101
-36.11733353584958,-16.00512712529305
-36.11236123410741,-16.004820561738207
-36.10738893236524,-16.004513816147927
-36.10241663062306,-16.004206888443672
-36.09744432888089,-16.003899778546845
-36.09247202713871,-16.003592486378835
-36.08749972539654,-16.00328501186101
-36.08252742365437,-16.002977354914684
-36.07755512191219,-16.00266951546118
-36.07258282017002,-16.00236149342173
-36.06761051842784,-16.00205328871763
-36.06263821668567,-16.001744901270058
-36.0576659149435,-16.001436331000196
-36.05269361320132,-16.00112757782922
-36.04772131145914,-16.00081864167824
-36.04274900971697,-16.00050952246839
-36.0377767079748,-16.000200220120725
-36.03280440623262,-15.999890734556258
-36.02783210449045,-15.999581065696045
-36.02285980274827,-15.999271213461073
-36.0178875010061,-15.998961177772264
-36.01291519926393,-15.998650958550579
-36.00794289752175,-15.998340555716895
-36.00297059577958,-15.998029969192109
-35.9979982940374,-15.997719198897038
-35.99302599229523,-15.997408244752513
-35.98805369055306,-15.99709710667933
-35.98308138881088,-15.996785784598215
-35.97810908706871,-15.99647427842991
-35.97313678532653,-15.996162588095135
-35.96816448358436,-15.995850713514542
-35.96319218184219,-15.995538654608763
-35.95821988010001,-15.995226411298438
-35.95324757835783,-15.994913983504132
-35.94827527661566,-15.994601371146409
-35.94330297487349,-15.994288574145791
-35.93833067313131,-15.993975592422801
-35.93335837138914,-15.993662425897872
-35.92838606964696,-15.993349074491489
-35.92341376790479,-15.993035538124003
-35.91844146616262,-15.992721816715875
-35.91346916442044,-15.992407910187408
-35.90849686267827,-15.992093818458924
-35.90352456093609,-15.991779541450759
-35.89855225919392,-15.991465079083152
-35.89357995745175,-15.99115043127635
-35.88860765570957,-15.990835597950579
-35.8836353539674,-15.990520579025992
-35.87866305222522,-15.990205374422779
-35.87369075048305,-15.989889984061042
-35.86871844874088,-15.989574407860871
-35.8637461469987,-15.98925864574237
-35.85877384525652,-15.98894269762554
-35.85380154351435,-15.988626563430406
-35.84882924177218,-15.988310243076944
-35.84385694003,-15.987993736485118
-35.83888463828783,-15.987677043574822
-35.83391233654565,-15.987360164266004
-35.82894003480348,-15.98704309847847
-35.82396773306131,-15.986725846132083
-35.81899543131913,-15.986408407146673
-35.81402312957696,-15.986090781441982
-35.80905082783478,-15.985772968937773
-35.80407852609261,-15.985454969553789
-35.79910622435044,-15.985136783209706
-35.79413392260826,-15.984818409825172
-35.78916162086609,-15.984499849319842
-35.78418931912391,-15.984181101613313
-35.77921701738174,-15.983862166625162
-35.77424471563957,-15.983543044274933
-35.76927241389739,-15.983223734482157
-35.76430011215521,-15.982904237166313
-35.75932781041304,-15.982584552246855
-35.75435550867087,-15.982264679643245
-35.74938320692869,-15.98194461927486
-35.74441090518652,-15.981624371061077
-35.73943860344434,-15.98130393492125
-35.73446630170217,-15.980983310774693
-35.72949399996,-15.98066249854068
-35.72452169821782,-15.980341498138486
-35.71954939647565,-15.980020309487355
-35.71457709473347,-15.97969893250643
-35.7096047929913,-15.979377367114934
-35.70463249124913,-15.97905561323197
-35.69966018950695,-15.978733670776702
-35.69468788776478,-15.978411539668167
-35.6897155860226,-15.978089219825435
-35.68474328428043,-15.977766711167554
-35.67977098253826,-15.977444013613487
-35.67479868079608,-15.977121127082231
-35.6698263790539,-15.976798051492686
-35.66485407731173,-15.9764747867638
-35.65988177556956,-15.976151332814435
-35.65490947382738,-15.975827689563436
-35.64993717208521,-15.975503856929638
-35.64496487034303,-15.97517983483185
-35.63999256860086,-15.974855623188782
-35.63502026685869,-15.974531221919234
-35.63004796511651,-15.974206630941866
-35.62507566337434,-15.973881850175387
-35.62010336163216,-15.97355687953842
-35.61513105988999,-15.973231718949592
-35.61015875814782,-15.972906368327473
-35.60518645640564,-15.972580827590662
-35.60021415466347,-15.972255096657637
-35.59524185292129,-15.971929175446956
-35.59026955117912,-15.971603063877055
-35.58529724943695,-15.971276761866392
-35.58032494769477,-15.970950269333374
-35.57535264595259,-15.97062358619639
-35.57038034421042,-15.970296712373793
-35.56540804246825,-15.96996964778391
-35.56043574072607,-15.969642392345047
-35.5554634389839,-15.969314945975457
-35.55049113724172,-15.968987308593386
-35.54551883549955,-15.968659480117024
-35.54054653375738,-15.968331460464603
-35.5355742320152,-15.968003249554215
-35.53060193027303,-15.967674847304007
-35.52562962853085,-15.967346253632082
-35.52065732678868,-15.96701746845649
-35.51568502504651,-15.966688491695269
-35.51071272330433,-15.966359323266413
-35.50574042156216,-15.966029963087898
-35.50076811981998,-15.9657004110777
-35.49579581807781,-15.965370667153692
-35.49082351633564,-15.965040731233794
-35.48585121459346,-15.964710603235845
-35.48087891285128,-15.964380283077668
-35.47590661110911,-15.964049770677095
-35.47093430936694,-15.963719065951866
-35.46596200762476,-15.963388168819726
-35.46098970588259,-15.963057079198386
-35.45601740414041,-15.962725797005547
-35.45104510239824,-15.962394322158836
-35.44607280065607,-15.962062654575885
-35.44110049891389,-15.961730794174317
-35.43612819717172,-15.96139874087163
-35.43115589542954,-15.961066494585415
-35.42618359368737,-15.96073405523316
-35.4212112919452,-15.960401422732332
-35.41623899020302,-15.960068597000367
-35.41126668846085,-15.95973557795473
-35.40629438671867,-15.959402365512766
-35.4013220849765,-15.959068959591846
-35.39634978323433,-15.95873536010929
-35.39137748149215,-15.95840156698242
-35.38640517974997,-15.958067580128473
-35.3814328780078,-15.957733399464729
-35.37646057626563,-15.957399024908371
-35.37148827452345,-15.957064456376573
-35.36651597278128,-15.956729693786508
-35.3615436710391,-15.956394737055293
-35.35657136929693,-15.956059586100027
-35.35159906755476,-15.955724240837746
-35.34662676581258,-15.955388701185509
-35.34165446407041,-15.95505296706032
-35.33668216232823,-15.954717038379142
-35.33170986058606,-15.954380915058925
-35.32673755884389,-15.954044597016592
-35.32176525710171,-15.953708084169019
-35.31679295535954,-15.953371376433063
-35.31182065361736,-15.95303447372555
-35.30684835187519,-15.95269737596328
-35.30187605013302,-15.952360083063043
-35.29690374839084,-15.952022594941532
-35.29193144664866,-15.951684911515484
-35.28695914490649,-15.951347032701587
-35.28198684316432,-15.95100895841646
-35.27701454142214,-15.950670688576746
-35.27204223967997,-15.950332223099025
-35.26706993793779,-15.949993561899865
-35.26209763619562,-15.949654704895803
-35.25712533445345,-15.949315652003312
-35.25215303271127,-15.948976403138895
-35.2471807309691,-15.948636958218971
-35.24220842922692,-15.948297317159971
-35.23723612748475,-15.947957479878266
-35.23226382574258,-15.947617446290215
-35.2272915240004,-15.947277216312127
-35.22231922225823,-15.946936789860315
-35.21734692051605,-15.94659616685102
-35.21237461877388,-15.946255347200497
-35.20740231703171,-15.945914330824937
-35.20243001528953,-15.945573117640535
-35.19745771354735,-15.945231707563423
-35.19248541180518,-15.944890100509706
-35.18751311006301,-15.944548296395475
-35.18254080832083,-15.944206295136805
-35.17756850657866,-15.943864096649689
-35.17259620483648,-15.94352170085014
-35.16762390309431,-15.943179107654148
-35.16265160135214,-15.9428363169776
-35.15767929960996,-15.942493328736449
-35.15270699786779,-15.942150142846542
-35.14773469612561,-15.941806759223747
-35.14276239438344,-15.941463177783852
-35.13779009264127,-15.941119398442677
-35.13281779089909,-15.940775421115962
-35.12784548915692,-15.940431245719433
-35.12287318741474,-15.940086872168814
-35.11790088567257,-15.939742300379738
-35.1129285839304,-15.939397530267872
-35.10795628218822,-15.93905256174881
-35.10298398044604,-15.93870739473814
-35.09801167870387,-15.93836202915139
-35.0930393769617,-15.938016464904106
-35.08806707521952,-15.937670701911768
-35.08309477347735,-15.937324740089833
-35.07812247173517,-15.936978579353724
-35.073150169993,-15.936632219618856
-35.06817786825083,-15.936285660800579
-35.06320556650865,-15.935938902814247
-35.05823326476648,-15.935591945575174
-35.0532609630243,-15.935244788998615
-35.04828866128213,-15.934897432999856
-35.04331635953996,-15.934549877494089
-35.03834405779778,-15.934202122396519
-35.03337175605561,-15.933854167622297
-35.02839945431343,-15.933506013086554
-35.02342715257126,-15.933157658704388
-35.01845485082909,-15.932809104390891
-35.01348254908691,-15.932460350061087
-35.00851024734473,-15.932111395629985
-35.00353794560256,-15.931762241012558
-34.99856564386039,-15.93141288612378
-34.99359334211821,-15.931063330878544
-34.98862104037604,-15.930713575191756
-34.98364873863386,-15.930363618978276
-34.97867643689169,-15.930013462152937
-34.97370413514952,-15.929663104630514
-34.96873183340734,-15.929312546325823
-34.96375953166517,-15.92896178715356
-34.95878722992299,-15.928610827028464
-34.95381492818082,-15.928259665865218
-34.94884262643865,-15.92790830357843
-34.94387032469647,-15.927556740082784
-34.9388980229543,-15.9272049752928
-34.93392572121212,-15.926853009123102
-34.92895341946995,-15.926500841488187
-34.92398111772778,-15.926148472302538
-34.9190088159856,-15.925795901480665
-34.91403651424342,-15.925443128936964
-34.90906421250125,-15.925090154585895
-34.90409191075908,-15.924736978341793
-34.8991196090169,-15.924383600119041
-34.89414730727473,-15.924030019831934
-34.88917500553255,-15.923676237394776
-34.88420270379038,-15.923322252721798
-34.87923040204821,-15.922968065727266
-34.87425810030603,-15.922613676325351
-34.86928579856386,-15.922259084430243
-34.86431349682168,-15.92190428995606
-34.85934119507951,-15.921549292816906
-34.85436889333734,-15.921194092926887
-34.84939659159516,-15.92083869020002
-34.84442428985299,-15.920483084550346
-34.83945198811081,-15.920127275891863
-34.83447968636864,-15.919771264138474
-34.82950738462647,-15.91941504920415
-34.82453508288429,-15.919058631002772
-34.81956278114211,-15.918702009448221
-34.81459047939994,-15.918345184454319
-34.80961817765777,-15.917988155934877
-34.80464587591559,-15.917630923803651
-34.79967357417342,-15.917273487974414
-34.79470127243124,-15.916915848360883
-34.78972897068907,-15.916558004876723
-34.7847566689469,-15.916199957435577
-34.77978436720472,-15.915841705951102
-34.77481206546255,-15.915483250336885
-34.76983976372037,-15.915124590506457
-34.7648674619782,-15.914765726373389
-34.75989516023603,-15.914406657851172
-34.75492285849385,-15.914047384853278
-34.74995055675168,-15.913687907293143
-34.7449782550095,-15.913328225084172
-34.74000595326733,-15.912968338139766
-34.73503365152516,-15.912608246373281
-34.73006134978298,-15.912247949698001
-34.7250890480408,-15.911887448027253
-34.72011674629863,-15.911526741274274
-34.71514444455646,-15.911165829352319
-34.71017214281428,-15.910804712174563
-34.70519984107211,-15.910443389654198
-34.70022753932993,-15.910081861704327
-34.69525523758776,-15.909720128238078
-34.69028293584559,-15.909358189168548
-34.68531063410341,-15.908996044408754
-34.68033833236124,-15.908633693871721
-34.67536603061906,-15.908271137470448
-34.67039372887689,-15.907908375117879
-34.66542142713472,-15.907545406726943
-34.66044912539254,-15.907182232210525
-34.65547682365037,-15.906818851481512
-34.65050452190819,-15.90645526445271
-34.64553222016602,-15.906091471036943
-34.64055991842385,-15.905727471146998
-34.63558761668167,-15.905363264695582
-34.6306153149395,-15.90499885159543
-34.62564301319732,-15.904634231759205
-34.62067071145515,-15.904269405099578
-34.61569840971297,-15.903904371529173
-34.6107261079708,-15.903539130960569
-34.60575380622862,-15.903173683306306
-34.60078150448645,-15.902808028478947
-34.59580920274428,-15.902442166390964
-34.5908369010021,-15.902076096954861
-34.58586459925993,-15.901709820083035
-34.58089229751775,-15.90134333568792
-34.57591999577558,-15.900976643681876
-34.57094769403341,-15.900609743977254
-34.56597539229123,-15.900242636486363
-34.56100309054906,-15.899875321121522
-34.55603078880688,-15.89950779779493
-34.55105848706471,-15.899140066418857
-34.54608618532254,-15.898772126905474
-34.54111388358036,-15.898403979166952
-34.53614158183819,-15.89803562311541
-34.53116928009601,-15.897667058662947
-34.52619697835384,-15.897298285721652
-34.52122467661166,-15.896929304203566
-34.51625237486949,-15.896560114020678
-34.51128007312731,-15.89619071508497
-34.50630777138514,-15.895821107308398
-34.50133546964297,-15.895451290602892
-34.49636316790079,-15.895081264880313
-34.49139086615862,-15.894711030052532
-34.48641856441644,-15.89434058603137
-34.48144626267427,-15.89396993272861
-34.4764739609321,-15.893599070056043
-34.47150165918992,-15.893227997925365
-34.46652935744775,-15.892856716248325
-34.46155705570557,-15.892485224936552
-34.4565847539634,-15.892113523901692
-34.45161245222123,-15.891741613055379
-34.44664015047905,-15.89136949230919
-34.44166784873688,-15.890997161574662
-34.4366955469947,-15.890624620763305
-34.43172324525253,-15.89025186978661
-34.42675094351035,-15.889878908556039
-34.42177864176818,-15.88950573698303
-34.416806340026,-15.88913235497897
-34.41183403828383,-15.888758762455208
-34.40686173654166,-15.888384959323071
-34.40188943479948,-15.888010945493907
-34.39691713305731,-15.88763672087895
-34.39194483131513,-15.887262285389442
-34.38697252957296,-15.88688763893662
-34.38200022783079,-15.886512781431628
-34.37702792608861,-15.886137712785636
-34.37205562434644,-15.885762432909754
-34.36708332260426,-15.885386941715078
-34.36211102086209,-15.885011239112655
-34.35713871911992,-15.884635325013502
-34.35216641737774,-15.88425919932863
-34.34719411563557,-15.883882861968994
-34.34222181389339,-15.883506312845533
-34.33724951215122,-15.883129551869139
-34.33227721040904,-15.882752578950681
-34.32730490866687,-15.88237539400101
-34.32233260692469,-15.881997996930941
-34.31736030518252,-15.881620387651218
-34.31238800344035,-15.881242566072622
-34.30741570169817,-15.880864532105868
-34.302443399956,-15.880486285661625
-34.29747109821382,-15.880107826650546
-34.29249879647165,-15.879729154983254
-34.28752649472948,-15.87935027057037
-34.2825541929873,-15.878971173322435
-34.27758189124513,-15.878591863149971
-34.27260958950295,-15.878212339963474
-34.26763728776078,-15.877832603673436
-34.262664986018606,-15.877452654190282
-34.25769268427643,-15.877072491424428
-34.25272038253426,-15.876692115286211
-34.24774808079208,-15.876311525686024
-34.24277577904991,-15.875930722534168
-34.23780347730773,-15.875549705740918
-34.23283117556556,-15.875168475216515
-34.22785887382338,-15.874787030871207
-34.22288657208121,-15.874405372615163
-34.21791427033904,-15.874023500358545
-34.21294196859686,-15.873641414011477
-34.20796966685469,-15.873259113484062
-34.20299736511251,-15.872876598686366
-34.19802506337034,-15.87249386952843
-34.19305276162817,-15.872110925920234
-34.18808045988599,-15.871727767771775
-34.18310815814382,-15.871344394992978
-34.17813585640164,-15.870960807493763
-34.17316355465947,-15.870577005183979
-34.168191252917296,-15.870192987973526
-34.16321895117512,-15.869808755772182
-34.15824664943295,-15.869424308489736
-34.15327434769077,-15.869039646035953
-34.1483020459486,-15.86865476832057
-34.14332974420642,-15.868269675253243
-34.13835744246425,-15.867884366743654
-34.13338514072207,-15.867498842701442
-34.1284128389799,-15.867113103036184
-34.12344053723773,-15.866727147657466
-34.11846823549555,-15.86634097647481
-34.11349593375338,-15.865954589397735
-34.1085236320112,-15.86556798633569
-34.10355133026903,-15.865181167198148
-34.098579028526856,-15.864794131894508
-34.09360672678468,-15.864406880334156
-34.08863442504251,-15.864019412426412
-34.08366212330033,-15.863631728080636
-34.07868982155816,-15.863243827206103
-34.073717519815986,-15.862855709712052
-34.06874521807381,-15.862467375507693
-34.06377291633164,-15.862078824502277
-34.05880061458946,-15.86169005660492
-34.05382831284729,-15.861301071724759
-34.04885601110511,-15.860911869770893
-34.04388370936294,-15.86052245065242
-34.03891140762076,-15.860132814278321
-34.03393910587859,-15.859742960557641
-34.02896680413642,-15.859352889399355
-34.02399450239424,-15.85896260071239
-34.01902220065207,-15.858572094405652
-34.01404989890989,-15.858181370388053
-34.00907759716772,-15.857790428568418
-34.004105295425546,-15.857399268855541
-33.99913299368337,-15.857007891158272
-33.99416069194119,-15.856616295385326
-33.98918839019902,-15.856224481445425
-33.98421608845685,-15.855832449247234
-33.979243786714676,-15.85544019869949
-33.9742714849725,-15.855047729710765
-33.96929918323032,-15.854655042189657
-33.96432688148815,-15.854262136044769
-33.95935457974598,-15.8538690111846
-33.954382278003806,-15.85347566751767
-33.94940997626163,-15.853082104952444
-33.94443767451945,-15.852688323397386
-33.93946537277728,-15.85229432276087
-33.93449307103511,-15.851900102951305
-33.929520769292935,-15.851505663877038
-33.92454846755076,-15.851111005446343
-33.91957616580858,-15.850716127567564
-33.91460386406641,-15.850321030148912
-33.909631562324236,-15.84992571309862
-33.90465926058206,-15.849530176324857
-33.89968695883988,-15.849134419735838
-33.89471465709771,-15.848738443239633
-33.88974235535554,-15.848342246744375
-33.884770053613366,-15.847945830158105
-33.87979775187119,-15.847549193388849
-33.87482545012901,-15.847152336344639
-33.86985314838684,-15.846755258933424
-33.86488084664467,-15.846357961063125
-33.859908544902495,-15.84596044264169
-33.85493624316032,-15.845562703576963
-33.84996394141814,-15.845164743776806
-33.84499163967597,-15.84476656314902
-33.840019337933796,-15.84436816160138
-33.835047036191625,-15.843969539041662
-33.83007473444945,-15.84357069537754
-33.82510243270727,-15.843171630516725
-33.8201301309651,-15.842772344366884
-33.815157829222926,-15.842372836835626
-33.81018552748075,-15.841973107830519
-33.80521322573857,-15.841573157259166
-33.8002409239964,-15.841172985029063
-33.79526862225423,-15.840772591047722
-33.790296320512056,-15.840371975222611
-33.78532401876988,-15.839971137461134
-33.7803517170277,-15.839570077670725
-33.77537941528553,-15.839168795758756
-33.77040711354336,-15.838767291632518
-33.765434811801185,-15.838365565199378
-33.76046251005901,-15.837963616366567
-33.75549020831683,-15.83756144504136
-33.75051790657466,-15.837159051130948
-33.745545604832486,-15.836756434542519
-33.740573303090315,-15.836353595183223
-33.73560100134814,-15.835950532960178
-33.73062869960596,-15.835547247780449
-33.72565639786379,-15.835143739551105
-33.720684096121616,-15.834740008179176
-33.71571179437944,-15.83433605357164
-33.71073949263726,-15.833931875635464
-33.70576719089509,-15.83352747427755
-33.70079488915292,-15.833122849404843
-33.695822587410746,-15.832718000924151
-33.69085028566857,-15.832312928742331
-33.68587798392639,-15.831907632766198
-33.68090568218422,-15.831502112902495
-33.675933380442046,-15.831096369057962
-33.670961078699875,-15.830690401139304
-33.6659887769577,-15.830284209053204
-33.66101647521552,-15.8298777927063
-33.65604417347335,-15.829471152005192
-33.651071871731176,-15.82906428685646
-33.646099569989005,-15.828657197166658
-33.64112726824683,-15.828249882842291
-33.63615496650465,-15.827842343789836
-33.63118266476248,-15.827434579915765
-33.626210363020306,-15.827026591126478
-33.62123806127813,-15.826618377328375
-33.61626575953595,-15.82620993842779
-33.61129345779378,-15.825801274331054
-33.60632115605161,-15.825392384944472
-33.601348854309435,-15.82498327017428
-33.59637655256726,-15.824573929926734
-33.59140425082508,-15.824164364108025
-33.58643194908291,-15.823754572624285
-33.581459647340736,-15.823344555381668
-33.576487345598565,-15.822934312286277
-33.57151504385639,-15.822523843244175
-33.56654274211421,-15.822113148161392
-33.56157044037204,-15.821702226943955
-33.556598138629866,-15.82129107949781
-33.551625836887695,-15.820879705728904
-33.546653535145516,-15.820468105543146
-33.54168123340334,-15.82005627884643
-33.53670893166117,-15.819644225544588
-33.531736629918996,-15.819231945543399
-33.52676432817682,-15.8188194387487
-33.52179202643464,-15.818406705066218
-33.51681972469247,-15.817993744401667
-33.5118474229503,-15.817580556660737
-33.506875121208125,-15.817167141749051
-33.50190281946595,-15.816753499572279
-33.49693051772377,-15.816339630035989
-33.4919582159816,-15.815925533045727
-33.486985914239426,-15.815511208507028
-33.482013612497255,-15.815096656325391
-33.47704131075508,-15.814681876406256
-33.4720690090129,-15.814266868655073
-33.46709670727073,-15.813851632977226
-33.462124405528556,-15.813436169278104
-33.457152103786385,-15.813020477463011
-33.452179802044206,-15.812604557437249
-33.44720750030203,-15.812188409106112
-33.44223519855986,-15.811772032374817
-33.437262896817685,-15.811355427148564
-33.43229059507551,-15.810938593332551
-33.42731829333333,-15.810521530831915
-33.42234599159116,-15.810104239551727
-33.417373689848986,-15.809686719397105
-33.412401388106815,-15.809268970273054
-33.40742908636464,-15.80885099208464
-33.40245678462246,-15.808432784736794
-33.39748448288029,-15.808014348134503
-33.392512181138116,-15.80759568218265
-33.387539879395945,-15.807176786786146
-33.38256757765377,-15.8067576618498
-33.37759527591159,-15.806338307278484
-33.37262297416942,-15.80591872297696
-33.367650672427246,-15.805498908849989
-33.362678370685074,-15.80507886480227
-33.357706068942896,-15.80465859073855
-33.35273376720072,-15.804238086563425
-33.34776146545855,-15.803817352181575
-33.342789163716375,-15.80339638749756
-33.3378168619742,-15.802975192415948
-33.33284456023202,-15.802553766841278
-33.32787225848985,-15.802132110678032
-33.322899956747676,-15.8017102238307
-33.317927655005505,-15.801288106203717
-33.31295535326333,-15.800865757701443
-33.30798305152115,-15.800443178228273
-33.30301074977898,-15.80002036768857
-33.298038448036806,-15.79959732598659
-33.293066146294635,-15.799174053026661
-33.288093844552456,-15.79875054871297
-33.28312154281028,-15.79832681294975
-33.27814924106811,-15.79790284564117
-33.273176939325936,-15.797478646691406
-33.268204637583764,-15.797054216004504
-33.263232335841586,-15.796629553484603
-33.25826003409941,-15.79620465903573
-33.25328773235724,-15.795779532561884
-33.248315430615065,-15.795354173967068
-33.24334312887289,-15.794928583155215
-33.23837082713071,-15.794502760030245
-33.23339852538854,-15.79407670449605
-33.228426223646366,-15.793650416456499
-33.223453921904195,-15.793223895815398
-33.21848162016202,-15.79279714247652
-33.21350931841984,-15.79237015634362
-33.20853701667767,-15.791942937320462
-33.203564714935496,-15.791515485310686
-33.198592413193325,-15.791087800218
-33.193620111451146,-15.790659881945988
-33.18864780970897,-15.790231730398261
-33.1836755079668,-15.789803345478388
-33.178703206224625,-15.789374727089887
-33.173730904482454,-15.788945875136271
-33.168758602740276,-15.788516789520973
-33.1637863009981,-15.788087470147468
-33.158813999255926,-15.787657916919112
-33.153841697513755,-15.787228129739315
-33.14886939577158,-15.786798108511386
-33.1438970940294,-15.786367853138604
-33.13892479228723,-15.78593736352431
-33.133952490545056,-15.785506639571665
-33.128980188802885,-15.785075681183924
-33.124007887060706,-15.784644488264233
-33.11903558531853,-15.784213060715738
-33.11406328357636,-15.783781398441594
-33.109090981834186,-15.783349501344798
-33.104118680092014,-15.782917369328427
-33.099146378349836,-15.782485002295507
-33.09417407660766,-15.782052400149002
-33.08920177486549,-15.781619562791843
-33.084229473123315,-15.781186490126961
-33.079257171381144,-15.780753182057259
-33.074284869638966,-15.780319638485533
-33.06931256789679,-15.779885859314637
-33.064340266154616,-15.779451844447323
-33.059367964412445,-15.779017593786376
-33.05439566267027,-15.778583107234486
-33.04942336092809,-15.778148384694358
-33.04445105918592,-15.777713426068637
-33.039478757443746,-15.77727823125993
-33.034506455701575,-15.77684280017084
-33.029534153959396,-15.776407132703937
-33.02456185221722,-15.775971228761708
-33.01958955047505,-15.775535088246652
-33.014617248732876,-15.775098711061265
-33.009644946990704,-15.774662097107909
-33.004672645248526,-15.77422524628903
-32.99970034350635,-15.773788158506962
-32.994728041764176,-15.773350833664024
-32.989755740022005,-15.772913271662548
-32.984783438279834,-15.77247547240474
-32.979811136537656,-15.772037435792864
-32.97483883479548,-15.771599161729117
-32.969866533053306,-15.771160650115654
-32.964894231311135,-15.770721900854612
-32.95992192956896,-15.770282913848083
-32.95494962782678,-15.769843688998128
-32.94997732608461,-15.769404226206799
-32.945005024342436,-15.768964525376079
-32.940032722600264,-15.768524586407937
-32.935060420858086,-15.76808440920432
-32.93008811911591,-15.76764399366712
-32.92511581737374,-15.767203339698213
-32.920143515631565,-15.76676244719943
-32.915171213889394,-15.766321316072574
-32.910198912147216,-15.765879946219412
-32.90522661040504,-15.76543833754171
-32.900254308662866,-15.764996489941145
-32.895282006920695,-15.764554403319393
-32.890309705178524,-15.764112077578126
-32.885337403436345,-15.763669512618897
-32.88036510169417,-15.763226708343327
-32.875392799951996,-15.762783664652952
-32.870420498209825,-15.76234038144926
-32.865448196467646,-15.761896858633722
-32.86047589472547,-15.761453096107825
-32.8555035929833,-15.761009093772953
-32.850531291241126,-15.76056485153048
-32.845558989498954,-15.760120369281768
-32.840586687756776,-15.759675646928102
-32.8356143860146,-15.759230684370792
-32.83064208427243,-15.758785481511067
-32.825669782530255,-15.758340038250152
-32.820697480788084,-15.757894354489219
-32.815725179045906,-15.75744843012943
-32.81075287730373,-15.757002265071877
-32.805780575561556,-15.75655585921767
-32.800808273819385,-15.756109212467855
-32.795835972077214,-15.755662324723428
-32.790863670335035,-15.755215195885388
-32.78589136859286,-15.754767825854685
-32.780919066850686,-15.754320214532244
-32.775946765108515,-15.753872361818939
-32.770974463366336,-15.753424267615625
-32.76600216162416,-15.752975931823146
-32.76102985988199,-15.752527354342261
-32.756057558139815,-15.752078535073705
-32.751085256397644,-15.751629473918252
-32.746112954655466,-15.751180170776566
-32.74114065291329,-15.750730625549293
-32.736168351171116,-15.750280838137062
-32.731196049428945,-15.749830808440478
-32.726223747686774,-15.749380536360071
-32.721251445944596,-15.748930021796367
-32.71627914420242,-15.748479264649884
-32.711306842460246,-15.748028264821059
-32.706334540718075,-15.74757702221032
-32.7013622389759,-15.747125536718052
-32.696389937233725,-15.746673808244621
-32.69141763549155,-15.746221836690367
-32.686445333749376,-15.745769621955548
-32.681473032007204,-15.74531716394047
-32.676500730265026,-15.744864462545314
-32.67152842852285,-15.744411517670306
-32.66655612678068,-15.743958329215587
-32.661583825038505,-15.743504897081278
-32.656611523296334,-15.743051221167514
-32.651639221554156,-15.742597301374323
-32.64666691981198,-15.742143137601726
-32.641694618069806,-15.741688729749747
-32.636722316327635,-15.741234077718333
-32.631750014585464,-15.74077918140742
-32.626777712843285,-15.740324040716883
-32.62180541110111,-15.73986865554662
-32.616833109358936,-15.739413025796432
-32.611860807616765,-15.738957151366145
-32.60688850587459,-15.738501032155487
-32.601916204132415,-15.738044668064212
-32.59694390239024,-15.737588058992014
-32.591971600648066,-15.737131204838565
-32.586999298905894,-15.73667410550348
-32.582026997163716,-15.736216760886371
-32.57705469542154,-15.73575917088679
-32.572082393679366,-15.7353013354043
-32.567110091937195,-15.734843254338358
-32.562137790195024,-15.734384927588467
-32.557165488452846,-15.733926355054024
-32.55219318671067,-15.733467536634448
-32.547220884968496,-15.73300847222913
-32.542248583226325,-15.732549161737353
-32.537276281484154,-15.732089605058441
-32.532303979741975,-15.731629802091676
-32.5273316779998,-15.731169752736264
-32.522359376257626,-15.73070945689144
-32.517387074515455,-15.730248914456345
-32.51241477277328,-15.729788125330103
-32.507442471031105,-15.729327089411832
-32.50247016928893,-15.728865806600618
-32.497497867546755,-15.728404276795482
-32.492525565804584,-15.727942499895395
-32.487553264062406,-15.727480475799359
-32.48258096232023,-15.7270182044063
-32.477608660578056,-15.726555685615109
-32.472636358835885,-15.726092919324685
-32.467664057093714,-15.72562990543382
-32.462691755351536,-15.725166643841348
-32.45771945360936,-15.724703134446024
-32.452747151867186,-15.7242393771466
-32.447774850125015,-15.723775371841743
-32.44280254838284,-15.723311118430168
-32.437830246640665,-15.722846616810457
-32.43285794489849,-15.722381866881259
-32.427885643156316,-15.721916868541117
-32.422913341414144,-15.721451621688571
-32.41794103967197,-15.720986126222126
-32.412968737929795,-15.720520382040263
-32.40799643618762,-15.720054389041392
-32.403024134445445,-15.719588147123936
-32.398051832703274,-15.71912165618624
-32.393079530961096,-15.718654916126665
-32.38810722921892,-15.718187926843505
-32.383134927476746,-15.717720688235028
-32.378162625734575,-15.71725320019947
-32.373190323992404,-15.716785462635018
-32.368218022250225,-15.716317475439858
-32.36324572050805,-15.715849238512119
-32.358273418765876,-15.715380751749905
-32.353301117023705,-15.714912015051292
-32.34832881528153,-15.71444302831428
-32.343356513539355,-15.713973791436933
-32.33838421179718,-15.713504304317151
-32.333411910055005,-15.71303456685291
-32.328439608312834,-15.712564578942105
-32.32346730657066,-15.712094340482606
-32.318495004828485,-15.711623851372224
-32.313522703086306,-15.7111531115088
-32.308550401344135,-15.710682120790066
-32.303578099601964,-15.710210879113756
-32.298605797859786,-15.709739386377606
-32.29363349611761,-15.709267642479256
-32.288661194375436,-15.708795647316347
-32.283688892633265,-15.70832340078646
-32.278716590891094,-15.707850902787193
-32.273744289148915,-15.707378153216052
-32.26877198740674,-15.706905151970556
-32.263799685664566,-15.706431898948171
-32.258827383922394,-15.705958394046315
-32.25385508218022,-15.7054846371624
-32.248882780438045,-15.705010628193786
-32.24391047869587,-15.704536367037795
-32.238938176953695,-15.704061853591735
-32.233965875211524,-15.703587087752886
-32.22899357346935,-15.703112069418442
-32.224021271727175,-15.702636798485637
-32.219048969984996,-15.702161274851628
-32.214076668242825,-15.701685498413525
-32.209104366500654,-15.701209469068456
-32.204132064758475,-15.700733186713462
-32.1991597630163,-15.700256651245567
-32.194187461274126,-15.699779862561787
-32.189215159531955,-15.699302820559096
-32.18424285778978,-15.698825525134394
-32.179270556047605,-15.698347976184575
-32.17429825430543,-15.697870173606518
-32.169325952563256,-15.69739211729706
-32.164353650821084,-15.696913807152963
-32.15938134907891,-15.69643524307102
-32.154409047336735,-15.695956424947935
-32.149436745594556,-15.695477352680426
-32.144464443852385,-15.694998026165136
-32.139492142110214,-15.694518445298682
-32.13451984036804,-15.694038609977676
-32.129547538625864,-15.693558520098682
-32.124575236883686,-15.693078175558204
-32.119602935141515,-15.692597576252744
-32.114630633399344,-15.692116722078765
-32.109658331657165,-15.691635612932693
-32.10468602991499,-15.691154248710902
-32.099713728172816,-15.690672629309757
-32.094741426430645,-15.690190754625593
-32.08976912468847,-15.689708624554688
-32.084796822946295,-15.689226238993324
-32.07982452120412,-15.688743597837659
-32.074852219461945,-15.688260700983957
-32.069879917719774,-15.68777754832831
-32.0649076159776,-15.687294139766886
-32.059935314235425,-15.686810475195744
-32.054963012493246,-15.686326554510954
-32.049990710751075,-15.68584237760851
-32.045018409008904,-15.685357944384437
-32.04004610726673,-15.684873254734656
-32.035073805524554,-15.684388308555098
-32.030101503782376,-15.683903105741635
-32.025129202040205,-15.683417646190136
-32.02015690029803,-15.682931929796425
-32.015184598555855,-15.682445956456245
-32.01021229681368,-15.681959726065392
-32.005239995071506,-15.681473238519548
-32.000267693329334,-15.680986493714418
-31.99529539158716,-15.680499491545625
-31.990323089844985,-15.68001223190879
-31.98535078810281,-15.679524714699527
-31.980378486360635,-15.679036939813338
-31.975406184618464,-15.678548907145759
-31.97043388287629,-15.678060616592235
-31.965461581134115,-15.677572068048278
-31.96048927939194,-15.677083261409242
-31.955516977649765,-15.676594196570516
-31.95054467590759,-15.676104873427466
-31.94557237416542,-15.675615291875392
-31.940600072423244,-15.67512545180953
-31.93562777068107,-15.67463535312518
-31.930655468938895,-15.674144995717514
-31.92568316719672,-15.673654379481718
-31.920710865454545,-15.673163504312928
-31.91573856371237,-15.67267237010624
-31.9107662619702,-15.672180976756746
-31.905793960228024,-15.671689324159473
-31.90082165848585,-15.67119741220943
-31.895849356743675,-15.670705240801567
-31.8908770550015,-15.670212809830865
-31.885904753259325,-15.669720119192174
-31.880932451517154,-15.669227168780406
-31.87596014977498,-15.668733958490362
-31.870987848032804,-15.668240488216865
-31.86601554629063,-15.667746757854662
-31.861043244548455,-15.667252767298505
-31.85607094280628,-15.666758516443075
-31.85109864106411,-15.66626400518307
-31.846126339321934,-15.665769233413062
-31.84115403757976,-15.665274201027708
-31.836181735837584,-15.66477890792154
-31.83120943409541,-15.664283353989088
-31.826237132353235,-15.663787539124835
-31.82126483061106,-15.66329146322327
-31.81629252886889,-15.6627951261788
-31.811320227126714,-15.662298527885829
-31.80634792538454,-15.661801668238674
-31.801375623642365,-15.661304547131717
-31.79640332190019,-15.66080716445923
-31.791431020158015,-15.660309520115444
-31.786458718415844,-15.659811613994613
-31.78148641667367,-15.659313445990918
-31.776514114931494,-15.65881501599851
-31.77154181318932,-15.658316323911498
-31.766569511447145,-15.65781736962397
-31.76159720970497,-15.657318153029973
-31.7566249079628,-15.65681867402355
-31.751652606220624,-15.656318932498648
-31.74668030447845,-15.655818928349259
-31.741708002736274,-15.655318661469268
-31.7367357009941,-15.654818131752569
-31.731763399251925,-15.654317339093001
-31.72679109750975,-15.65381628338437
-31.72181879576758,-15.653314964520469
-31.716846494025404,-15.652813382395047
-31.71187419228323,-15.652311536901792
-31.706901890541054,-15.651809427934408
-31.70192958879888,-15.651307055386509
-31.696957287056705,-15.650804419151706
-31.691984985314534,-15.650301519123609
-31.68701268357236,-15.64979835519571
-31.682040381830184,-15.649294927261533
-31.67706808008801,-15.648791235214558
-31.672095778345835,-15.648287278948219
-31.66712347660366,-15.647783058355905
-31.66215117486149,-15.647278573330997
-31.657178873119314,-15.64677382376683
-31.65220657137714,-15.646268809556682
-31.647234269634964,-15.645763530593843
-31.64226196789279,-15.645257986771547
-31.637289666150615,-15.644752177982983
-31.632317364408443,-15.64424610412132
-31.62734506266627,-15.643739765079658
-31.622372760924094,-15.643233160751127
-31.61740045918192,-15.642726291028763
-31.612428157439744,-15.642219155805606
-31.60745585569757,-15.641711754974649
-31.602483553955395,-15.641204088428841
-31.597511252213224,-15.640696156061098
-31.59253895047105,-15.64018795776433
-31.587566648728874,-15.639679493431391
-31.5825943469867,-15.63917076295508
-31.577622045244524,-15.6386617662282
-31.57264974350235,-15.638152503143488
-31.56767744176018,-15.637642973593673
-31.562705140018004,-15.637133177471439
-31.55773283827583,-15.636623114669431
-31.552760536533654,-15.63611278508025
-31.54778823479148,-15.635602188596497
-31.542815933049305,-15.635091325110707
-31.537843631307133,-15.6345801945154
-31.53287132956496,-15.634068796703046
-31.527899027822784,-15.633557131566079
-31.52292672608061,-15.633045198996914
-31.517954424338434,-15.632532998887935
-31.51298212259626,-15.632020531131468
-31.508009820854085,-15.631507795619827
-31.503037519111913,-15.630994792245275
-31.49806521736974,-15.630481520900052
-31.493092915627564,-15.629967981476366
-31.48812061388539,-15.62945417386637
-31.483148312143214,-15.628940097962209
-31.47817601040104,-15.62842575365598
-31.47320370865887,-15.627911140839743
-31.468231406916694,-15.627396259405515
-31.46325910517452,-15.62688110924532
-31.458286803432344,-15.626365690251088
-31.45331450169017,-15.625850002314799
-31.448342199947994,-15.625334045328279
-31.443369898205823,-15.624817819183402
-31.43839759646365,-15.624301323772023
-31.433425294721474,-15.623784558985923
-31.4284529929793,-15.623267524716823
-31.423480691237124,-15.622750220856462
-31.41850838949495,-15.622232647296523
-31.413536087752775,-15.621714803928679
-31.408563786010603,-15.621196690644517
-31.40359148426843,-15.62067830733561
-31.398619182526254,-15.620159653893557
-31.39364688078408,-15.619640730209824
-31.388674579041904,-15.619121536175877
-31.38370227729973,-15.618602071683208
-31.378729975557558,-15.6180823366232
-31.373757673815383,-15.617562330887232
-31.36878537207321,-15.617042054366632
-31.363813070331034,-15.616521506952715
-31.35884076858886,-15.616000688536754
-31.353868466846684,-15.61547959900998
-31.348896165104513,-15.61495823826361
-31.34392386336234,-15.614436606188772
-31.338951561620163,-15.613914702676647
-31.33397925987799,-15.613392527618293
-31.329006958135814,-15.612870080904798
-31.32403465639364,-15.612347362427188
-31.319062354651464,-15.611824372076448
-31.314090052909293,-15.611301109743549
-31.30911775116712,-15.610777575319394
-31.304145449424944,-15.6102537686949
-31.29917314768277,-15.609729689760915
-31.294200845940594,-15.609205338408223
-31.28922854419842,-15.608680714527678
-31.284256242456248,-15.608155818009989
-31.279283940714073,-15.607630648745864
-31.2743116389719,-15.607105206626027
-31.269339337229724,-15.60657949154109
-31.26436703548755,-15.60605350338167
-31.259394733745374,-15.60552724203837
-31.254422432003203,-15.605000707401702
-31.249450130261028,-15.604473899362192
-31.244477828518853,-15.603946817810298
-31.23950552677668,-15.603419462636504
-31.234533225034504,-15.602891833731155
-31.22956092329233,-15.602363930984657
-31.224588621550154,-15.601835754287345
-31.219616319807983,-15.601307303529518
-31.21464401806581,-15.600778578601439
-31.209671716323633,-15.600249579393319
-31.20469941458146,-15.599720305795392
-31.199727112839284,-15.599190757697807
-31.19475481109711,-15.598660934990667
-31.189782509354938,-15.598130837564113
-31.184810207612763,-15.59760046530816
-31.17983790587059,-15.597069818112832
-31.174865604128414,-15.596538895868145
-31.16989330238624,-15.59600769846403
-31.164921000644064,-15.59547622579042
-31.159948698901893,-15.594944477737197
-31.154976397159718,-15.594412454194192
-31.150004095417543,-15.593880155051243
-31.14503179367537,-15.593347580198108
-31.140059491933194,-15.592814729524553
-31.13508719019102,-15.592281602920297
-31.130114888448844,-15.591748200274964
-31.125142586706673,-15.59121452147825
-31.120170284964498,-15.590680566419737
-31.115197983222323,-15.590146334988983
-31.11022568148015,-15.589611827075528
-31.105253379737974,-15.589077042568912
-31.1002810779958,-15.58854198135854
-31.095308776253628,-15.588006643333902
-31.090336474511453,-15.58747102838435
-31.085364172769278,-15.586935136399266
-31.080391871027103,-15.586398967267979
-31.07541956928493,-15.58586252087976
-31.070447267542754,-15.585325797123906
-31.065474965800583,-15.584788795889605
-31.060502664058408,-15.584251517066043
-31.055530362316233,-15.583713960542397
-31.05055806057406,-15.583176126207762
-31.045585758831884,-15.582638013951236
-31.04061345708971,-15.58209962366185
-31.035641155347534,-15.581560955228628
-31.030668853605363,-15.581022008540549
-31.025696551863188,-15.580482783486573
-31.020724250121013,-15.579943279955568
-31.01575194837884,-15.579403497836426
-31.010779646636664,-15.578863437017999
-31.00580734489449,-15.578323097389063
-31.000835043152318,-15.577782478838424
-30.995862741410143,-15.577241581254771
-30.990890439667968,-15.576700404526832
-30.985918137925793,-15.576158948543267
-30.98094583618362,-15.575617213192691
-30.975973534441444,-15.57507519836369
-30.971001232699273,-15.574532903944867
-30.966028930957098,-15.573990329824703
-30.961056629214923,-15.573447475891708
-30.956084327472748,-15.57290434203431
-30.951112025730573,-15.57236092814095
-30.9461397239884,-15.571817234100028
-30.941167422246224,-15.571273259799849
-30.936195120504053,-15.570729005128754
-30.931222818761878,-15.57018446997501
-30.926250517019703,-15.569639654226862
-30.92127821527753,-15.569094557772544
-30.916305913535354,-15.568549180500197
-30.91133361179318,-15.568003522297946
-30.906361310051008,-15.567457583053953
-30.901389008308833,-15.566911362656214
-30.896416706566658,-15.56636486099283
-30.891444404824483,-15.565818077951743
-30.88647210308231,-15.565271013420965
-30.881499801340134,-15.564723667288375
-30.876527499597962,-15.564176039441914
-30.871555197855788,-15.563628129769404
-30.866582896113613,-15.563079938158673
-30.861610594371438,-15.562531464497525
-30.856638292629263,-15.561982708673696
-30.85166599088709,-15.561433670574914
-30.846693689144914,-15.560884350088832
-30.841721387402742,-15.560334747103148
-30.836749085660568,-15.55978486150543
-30.831776783918393,-15.559234693183296
-30.826804482176218,-15.558684242024233
-30.821832180434043,-15.558133507915802
-30.81685987869187,-15.55758249074543
-30.811887576949697,-15.557031190400572
-30.806915275207523,-15.556479606768642
-30.801942973465348,-15.555927739737003
-30.796970671723173,-15.555375589192963
-30.791998369981,-15.554823155023827
-30.787026068238823,-15.554270437116864
-30.782053766496652,-15.553717435359296
-30.777081464754477,-15.553164149638295
-30.772109163012303,-15.552610579841051
-30.767136861270128,-15.552056725854646
-30.762164559527953,-15.551502587566212
-30.75719225778578,-15.550948164862744
-30.752219956043604,-15.55039345763127
-30.747247654301432,-15.54983846575882
-30.742275352559258,-15.549283189132254
-30.737303050817083,-15.548727627638556
-30.732330749074908,-15.548171781164548
-30.727358447332733,-15.54761564959708
-30.72238614559056,-15.547059232822974
-30.717413843848387,-15.546502530728976
-30.712441542106212,-15.54594554320182
-30.707469240364038,-15.545388270128212
-30.702496938621863,-15.544830711394807
-30.697524636879688,-15.54427286688824
-30.692552335137513,-15.543714736495094
-30.687580033395342,-15.54315632010192
-30.682607731653167,-15.542597617595238
-30.677635429910993,-15.54203862886155
-30.672663128168818,-15.541479353787281
-30.667690826426643,-15.54091979225888
-30.66271852468447,-15.54035994416269
-30.657746222942293,-15.539799809385071
-30.652773921200122,-15.539239387812334
-30.647801619457947,-15.538678679330745
-30.642829317715773,-15.53811768382654
-30.637857015973598,-15.537556401185926
-30.632884714231423,-15.53699483129507
-30.62791241248925,-15.536432974040121
-30.622940110747077,-15.535870829307147
-30.617967809004902,-15.53530839698222
-30.612995507262728,-15.534745676951367
-30.608023205520553,-15.534182669100574
-30.603050903778378,-15.533619373315805
-30.598078602036203,-15.533055789482967
-30.593106300294032,-15.532491917487965
-30.588133998551857,-15.531927757216623
-30.583161696809682,-15.531363308554765
-30.578189395067508,-15.530798571388157
-30.573217093325333,-15.530233545602599
-30.568244791583158,-15.529668231083711
-30.563272489840983,-15.529102627717208
-30.558300188098812,-15.528536735388737
-30.553327886356637,-15.527970553983888
-30.548355584614463,-15.527404083388223
-30.543383282872288,-15.526837323487266
-30.538410981130113,-15.52627027416653
-30.533438679387938,-15.52570293531146
-30.528466377645767,-15.525135306807485
-30.523494075903592,-15.524567388539998
-30.518521774161417,-15.523999180394341
-30.513549472419243,-15.52343068225584
-30.508577170677068,-15.522861894009768
-30.503604868934893,-15.522292815541368
-30.498632567192722,-15.521723446735875
-30.493660265450547,-15.521153787478438
-30.488687963708372,-15.520583837654211
-30.483715661966198,-15.520013597148305
-30.478743360224023,-15.519443065845767
-30.473771058481848,-15.518872243631645
-30.468798756739673,-15.518301130390924
-30.463826454997502,-15.517729726008591
-30.458854153255327,-15.517158030369554
-30.453881851513152,-15.516586043358714
-30.448909549770978,-15.516013764860903
-30.443937248028803,-15.515441194760996
-30.438964946286628,-15.514868332943712
-30.433992644544457,-15.51429517929383
-30.429020342802282,-15.513721733696068
-30.424048041060107,-15.513147996035102
-30.419075739317933,-15.512573966195577
-30.414103437575758,-15.511999644062069
-30.409131135833583,-15.5114250295192
-30.40415883409141,-15.510850122451478
-30.399186532349237,-15.51027492274339
-30.394214230607062,-15.509699430279438
-30.389241928864887,-15.509123644944012
-30.384269627122713,-15.508547566621534
-30.379297325380538,-15.507971195196346
-30.374325023638363,-15.507394530552775
-30.369352721896192,-15.506817572575114
-30.364380420154017,-15.506240321147603
-30.359408118411842,-15.50566277615445
-30.354435816669668,-15.505084937479863
-30.349463514927493,-15.50450680500796
-30.344491213185318,-15.50392837862287
-30.339518911443147,-15.503349658208641
-30.334546609700972,-15.50277064364932
-30.329574307958797,-15.502191334828927
-30.324602006216622,-15.501611731631408
-30.319629704474448,-15.501031833940695
-30.314657402732273,-15.50045164164068
-30.3096851009901,-15.499871154615244
-30.304712799247927,-15.499290372748177
-30.299740497505752,-15.49870929592329
-30.294768195763577,-15.498127924024324
-30.289795894021402,-15.497546256934996
-30.284823592279228,-15.49696429453899
-30.279851290537053,-15.496382036719954
-30.27487898879488,-15.495799483361498
-30.269906687052707,-15.495216634347177
-30.264934385310532,-15.49463348956055
-30.259962083568357,-15.494050048885102
-30.254989781826183,-15.493466312204307
-30.250017480084008,-15.492882279401611
-30.245045178341837,-15.492297950360365
-30.240072876599662,-15.491713324963973
-30.235100574857487,-15.491128403095738
-30.230128273115312,-15.490543184638971
-30.225155971373137,-15.489957669476883
-30.220183669630963,-15.489371857492706
-30.21521136788879,-15.488785748569622
-30.210239066146617,-15.48819934259077
-30.205266764404442,-15.487612639439277
-30.200294462662267,-15.487025638998205
-30.195322160920092,-15.48643834115059
-30.190349859177918,-15.485850745779432
-30.185377557435743,-15.485262852767695
-30.18040525569357,-15.484674661998305
-30.175432953951397,-15.484086173354182
-30.170460652209222,-15.483497386718147
-30.165488350467047,-15.482908301973026
-30.160516048724872,-15.48231891900163
-30.155543746982698,-15.481729237686698
-30.150571445240526,-15.481139257910941
-30.14559914349835,-15.480548979557035
-30.140626841756177,-15.479958402507624
-30.135654540014002,-15.47936752664534
-30.130682238271827,-15.478776351852716
-30.125709936529653,-15.478184878012307
-30.12073763478748,-15.477593105006614
-30.115765333045307,-15.477001032718093
-30.110793031303132,-15.476408661029174
-30.105820729560957,-15.475815989822259
-30.100848427818782,-15.475223018979678
-30.095876126076607,-15.474629748383784
-30.090903824334433,-15.474036177916838
-30.08593152259226,-15.473442307461086
-30.080959220850087,-15.47284813689876
-30.075986919107912,-15.47225366611202
-30.071014617365737,-15.471658894983014
-30.066042315623562,-15.471063823393864
-30.061070013881388,-15.470468451226608
-30.056097712139216,-15.469872778363268
-30.05112541039704,-15.46927680468588
-30.046153108654867,-15.4686805300764
-30.041180806912692,-15.468083954416738
-30.036208505170517,-15.46748707758877
-30.031236203428342,-15.46688989947438
-30.02626390168617,-15.466292419955368
-30.021291599943996,-15.465694638913511
-30.01631929820182,-15.46509655623057
-30.011346996459647,-15.464498171788236
-30.006374694717472,-15.46389948546819
-30.001402392975297,-15.463300497152089
-29.996430091233123,-15.462701206721494
-29.99145778949095,-15.462101614058001
-29.986485487748777,-15.461501719043122
-29.9815131860066,-15.460901521558371
-29.976540884264427,-15.460301021485199
-29.971568582522252,-15.459700218704995
-29.966596280780077,-15.459099113099183
-29.961623979037906,-15.458497704549114
-29.95665167729573,-15.457895992936066
-29.951679375553557,-15.457293978141353
-29.946707073811382,-15.456691660046197
-29.941734772069207,-15.456089038531793
-29.936762470327032,-15.455486113479328
-29.93179016858486,-15.454882884769944
-29.926817866842686,-15.454279352284708
-29.92184556510051,-15.453675515904695
-29.916873263358337,-15.45307137551094
-29.911900961616162,-15.452466930984428
-29.906928659873987,-15.451862182206101
-29.901956358131812,-15.45125712905689
-29.89698405638964,-15.45065177141765
-29.892011754647466,-15.450046109169257
-29.88703945290529,-15.4494401421925
-29.882067151163117,-15.448833870368153
-29.877094849420942,-15.448227293576958
-29.872122547678767,-15.447620411699619
-29.867150245936596,-15.447013224616772
-29.86217794419442,-15.44640573220908
-29.857205642452247,-15.445797934357138
-29.85223334071007,-15.445189830941455
-29.847261038967897,-15.444581421842605
-29.842288737225722,-15.443972706941038
-29.83731643548355,-15.443363686117204
-29.832344133741376,-15.442754359251527
-29.8273718319992,-15.442144726224361
-29.822399530257027,-15.441534786916057
-29.817427228514852,-15.440924541206938
-29.812454926772677,-15.440313988977243
-29.807482625030502,-15.439703130107212
-29.80251032328833,-15.439091964477026
-29.797538021546156,-15.43848049196686
-29.79256571980398,-15.437868712456826
-29.787593418061807,-15.43725662582702
-29.782621116319632,-15.43664423195749
-29.777648814577457,-15.43603153072824
-29.772676512835286,-15.435418522019244
-29.76770421109311,-15.43480520571046
-29.762731909350936,-15.434191581681759
-29.75775960760876,-15.433577649813055
-29.752787305866587,-15.432963409984142
-29.747815004124412,-15.43234886207485
-29.74284270238224,-15.43173400596491
-29.737870400640066,-15.43111884153405
-29.73289809889789,-15.430503368661949
-29.727925797155716,-15.429887587228292
-29.72295349541354,-15.429271497112673
-29.717981193671367,-15.428655098194664
-29.713008891929192,-15.428038390353823
-29.70803659018702,-15.427421373469622
-29.703064288444846,-15.426804047421584
-29.69809198670267,-15.426186412089098
-29.693119684960497,-15.42556846735158
-29.688147383218322,-15.424950213088376
-29.683175081476147,-15.424331649178816
-29.678202779733976,-15.423712775502231
-29.6732304779918,-15.423093591937803
-29.668258176249626,-15.422474098364795
-29.66328587450745,-15.421854294662353
-29.658313572765277,-15.421234180709645
-29.653341271023102,-15.42061375638578
-29.64836896928093,-15.419993021569816
-29.643396667538756,-15.41937197614078
-29.63842436579658,-15.418750619977688
-29.633452064054406,-15.418128952959501
-29.62847976231223,-15.417506974965145
-29.623507460570057,-15.416884685873475
-29.618535158827882,-15.416262085563375
-29.61356285708571,-15.415639173913672
-29.608590555343536,-15.415015950803106
-29.60361825360136,-15.414392416110449
-29.598645951859186,-15.413768569714408
-29.59367365011701,-15.413144411493652
-29.588701348374837,-15.412519941326787
-29.583729046632666,-15.411895159092456
-29.57875674489049,-15.411270064669205
-29.573784443148316,-15.410644657935528
-29.56881214140614,-15.410018938769943
-29.563839839663967,-15.409392907050908
-29.558867537921792,-15.40876656265683
-29.55389523617962,-15.408139905466067
-29.548922934437446,-15.407512935357001
-29.54395063269527,-15.406885652207922
-29.538978330953096,-15.406258055897068
-29.53400602921092,-15.40563014630274
-29.529033727468747,-15.405001923303079
-29.524061425726572,-15.404373386776275
-29.5190891239844,-15.40374453660042
-29.514116822242226,-15.403115372653632
-29.50914452050005,-15.402485894813967
-29.504172218757876,-15.401856102959412
-29.4991999170157,-15.401225996967984
-29.494227615273527,-15.400595576717585
-29.489255313531356,-15.399964842086144
-29.48428301178918,-15.399333792951515
-29.479310710047006,-15.398702429191541
-29.47433840830483,-15.398070750684033
-29.469366106562656,-15.397438757306738
-29.46439380482048,-15.39680644893736
-29.45942150307831,-15.396173825453603
-29.454449201336136,-15.395540886733139
-29.44947689959396,-15.394907632653533
-29.444504597851786,-15.394274063092404
-29.43953229610961,-15.393640177927285
-29.434559994367437,-15.393005977035656
-29.42958769262526,-15.392371460295017
-29.42461539088309,-15.39173662758277
-29.419643089140916,-15.391101478776337
-29.41467078739874,-15.39046601375308
-29.409698485656566,-15.389830232390265
-29.40472618391439,-15.389194134565248
-29.399753882172217,-15.388557720155221
-29.394781580430045,-15.387920989037449
-29.38980927868787,-15.38728394108906
-29.384836976945696,-15.386646576187212
-29.37986467520352,-15.386008894209027
-29.374892373461346,-15.385370895031542
-29.36992007171917,-15.384732578531798
-29.364947769977,-15.384093944586784
-29.359975468234826,-15.38345499307345
-29.35500316649265,-15.382815723868731
-29.350030864750476,-15.382176136849504
-29.3450585630083,-15.381536231892618
-29.340086261266126,-15.380896008874862
-29.33511395952395,-15.380255467673036
-29.33014165778178,-15.379614608163866
-29.325169356039606,-15.378973430224052
-29.32019705429743,-15.378331933730266
-29.315224752555256,-15.377690118559114
-29.31025245081308,-15.377047984587202
-29.305280149070907,-15.376405531691066
-29.300307847328735,-15.375762759747273
-29.29533554558656,-15.37511966863223
-29.290363243844386,-15.374476258222417
-29.28539094210221,-15.37383252839426
-29.280418640360036,-15.373188479024106
-29.27544633861786,-15.37254410998828
-29.27047403687569,-15.371899421163103
-29.265501735133515,-15.37125441242481
-29.26052943339134,-15.370609083649658
-29.255557131649166,-15.369963434713785
-29.25058482990699,-15.369317465493392
-29.245612528164816,-15.368671175864561
-29.24064022642264,-15.368024565703383
-29.23566792468047,-15.367377634885894
-29.230695622938295,-15.366730383288086
-29.22572332119612,-15.366082810785944
-29.220751019453946,-15.365434917255394
-29.21577871771177,-15.36478670257231
-29.210806415969596,-15.36413816661259
-29.205834114227425,-15.363489309252003
-29.20086181248525,-15.362840130366369
-29.195889510743076,-15.362190629831423
-29.1909172090009,-15.361540807522868
-29.185944907258726,-15.360890663316384
-29.18097260551655,-15.360240197087604
-29.17600030377438,-15.359589408712122
-29.171028002032205,-15.358938298065524
-29.16605570029003,-15.358286865023318
-29.161083398547856,-15.357635109460983
-29.15611109680568,-15.356983031254005
-29.151138795063506,-15.356330630277768
-29.14616649332133,-15.355677906407664
-29.14119419157916,-15.35502485951902
-29.136221889836985,-15.354371489487171
-29.13124958809481,-15.353717796187354
-29.126277286352636,-15.353063779494823
-29.12130498461046,-15.352409439284756
-29.116332682868286,-15.351754775432326
-29.111360381126115,-15.35109978781266
-29.10638807938394,-15.350444476300808
-29.101415777641765,-15.349788840771854
-29.09644347589959,-15.349132881100799
-29.091471174157416,-15.34847659716261
-29.08649887241524,-15.34781998883222
-29.08152657067307,-15.347163055984549
-29.076554268930895,-15.34650579849445
-29.07158196718872,-15.345848216236757
-29.066609665446546,-15.34519030908623
-29.06163736370437,-15.344532076917648
-29.056665061962196,-15.343873519605742
-29.05169276022002,-15.34321463702516
-29.04672045847785,-15.342555429050561
-29.041748156735675,-15.341895895556537
-29.0367758549935,-15.34123603641768
-29.031803553251326,-15.34057585150851
-29.02683125150915,-15.33991534070351
-29.021858949766976,-15.33925450387716
-29.016886648024805,-15.338593340903873
-29.01191434628263,-15.337931851658011
-29.006942044540455,-15.337270036013958
-29.00196974279828,-15.336607893846024
-28.996997441056106,-15.335945425028438
-28.99202513931393,-15.335282629435472
-28.98705283757176,-15.334619506941335
-28.982080535829585,-15.333956057420163
-28.97710823408741,-15.333292280746086
-28.972135932345235,-15.332628176793225
-28.96716363060306,-15.331963745435589
-28.962191328860886,-15.331298986547218
-28.95721902711871,-15.330633900002095
-28.95224672537654,-15.329968485674154
-28.947274423634365,-15.32930274343727
-28.94230212189219,-15.328636673165374
-28.937329820150016,-15.327970274732245
-28.93235751840784,-15.32730354801168
-28.927385216665666,-15.32663649287747
-28.922412914923495,-15.325969109203307
-28.91744061318132,-15.325301396862875
-28.912468311439145,-15.324633355729816
-28.90749600969697,-15.323964985677767
-28.902523707954796,-15.323296286580275
-28.89755140621262,-15.322627258310876
-28.89257910447045,-15.321957900743065
-28.887606802728275,-15.321288213750325
-28.8826345009861,-15.320618197206075
-28.877662199243925,-15.319947850983676
-28.87268989750175,-15.319277174956481
-28.867717595759576,-15.318606168997835
-28.8627452940174,-15.317934832981011
-28.85777299227523,-15.317263166779204
-28.852800690533055,-15.31659117026564
-28.84782838879088,-15.315918843313497
-28.842856087048705,-15.315246185795914
-28.83788378530653,-15.31457319758595
-28.832911483564356,-15.313899878556665
-28.827939181822185,-15.313226228581073
-28.82296688008001,-15.312552247532178
-28.817994578337835,-15.311877935282904
-28.81302227659566,-15.311203291706148
-28.808049974853486,-15.310528316674793
-28.80307767311131,-15.30985301006166
-28.79810537136914,-15.309177371739569
-28.793133069626965,-15.308501401581259
-28.78816076788479,-15.30782509945943
-28.783188466142615,-15.307148465246792
-28.77821616440044,-15.306471498815986
-28.773243862658266,-15.305794200039617
-28.76827156091609,-15.305116568790263
-28.76329925917392,-15.304438604940465
-28.758326957431745,-15.303760308362703
-28.75335465568957,-15.303081678929427
-28.748382353947395,-15.302402716513098
-28.74341005220522,-15.301723420986088
-28.738437750463046,-15.301043792220737
-28.733465448720874,-15.300363830089356
-28.7284931469787,-15.299683534464236
-28.723520845236525,-15.299002905217588
-28.71854854349435,-15.298321942221643
-28.713576241752175,-15.297640645348546
-28.70860394001,-15.296959014470431
-28.70363163826783,-15.296277049459384
-28.698659336525655,-15.295594750187472
-28.69368703478348,-15.294912116526683
-28.688714733041305,-15.294229148349007
-28.68374243129913,-15.29354584552638
-28.678770129556955,-15.292862207930723
-28.67379782781478,-15.292178235433887
-28.66882552607261,-15.291493927907707
-28.663853224330435,-15.290809285223977
-28.65888092258826,-15.29012430725444
-28.653908620846085,-15.28943899387083
-28.64893631910391,-15.288753344944837
-28.643964017361736,-15.288067360348064
-28.638991715619564,-15.28738103995215
-28.63401941387739,-15.28669438362864
-28.629047112135215,-15.286007391249107
-28.62407481039304,-15.285320062684995
-28.619102508650865,-15.284632397807801
-28.61413020690869,-15.283944396488922
-28.60915790516652,-15.283256058599752
-28.604185603424344,-15.282567384011625
-28.59921330168217,-15.281878372595859
-28.594240999939995,-15.281189024223735
-28.58926869819782,-15.280499338766479
-28.584296396455645,-15.279809316095278
-28.57932409471347,-15.279118956081287
-28.5743517929713,-15.278428258595651
-28.569379491229125,-15.277737223509453
-28.56440718948695,-15.277045850693712
-28.559434887744775,-15.27635414001948
-28.5544625860026,-15.2756620913577
-28.549490284260425,-15.274969704579316
-28.544517982518254,-15.274276979555225
-28.53954568077608,-15.273583916156294
-28.534573379033905,-15.272890514253337
-28.52960107729173,-15.272196773717148
-28.524628775549555,-15.271502694418489
-28.51965647380738,-15.270808276228044
-28.51468417206521,-15.270113519016522
-28.509711870323034,-15.269418422654523
-28.50473956858086,-15.268722987012662
-28.499767266838685,-15.268027211961522
-28.49479496509651,-15.267331097371615
-28.489822663354335,-15.266634643113436
-28.48485036161216,-15.26593784905741
-28.47987805986999,-15.26524071507399
-28.474905758127814,-15.264543241033532
-28.46993345638564,-15.263845426806357
-28.464961154643465,-15.263147272262799
-28.45998885290129,-15.262448777273105
-28.455016551159115,-15.261749941707516
-28.450044249416944,-15.261050765436202
-28.44507194767477,-15.26035124832934
-28.440099645932595,-15.259651390257012
-28.43512734419042,-15.258951191089333
-28.430155042448245,-15.25825065069631
-28.42518274070607,-15.257549768947966
-28.4202104389639,-15.256848545714275
-28.415238137221724,-15.25614698086514
-28.41026583547955,-15.255445074270455
-28.405293533737375,-15.25474282580009
-28.4003212319952,-15.25404023532387
-28.395348930253025,-15.25333730271155
-28.39037662851085,-15.252634027832881
-28.38540432676868,-15.251930410557565
-28.380432025026504,-15.251226450755283
-28.37545972328433,-15.250522148295632
-28.370487421542155,-15.249817503048243
-28.36551511979998,-15.24911251488263
-28.360542818057805,-15.248407183668334
-28.355570516315634,-15.247701509274853
-28.35059821457346,-15.2469954915716
-28.345625912831284,-15.246289130427986
-28.34065361108911,-15.245582425713373
-28.335681309346935,-15.244875377297094
-28.33070900760476,-15.24416798504846
-28.32573670586259,-15.243460248836683
-28.320764404120414,-15.24275216853105
-28.31579210237824,-15.242043744000677
-28.310819800636065,-15.241334975114738
-28.30584749889389,-15.24062586174234
-28.300875197151715,-15.239916403752526
-28.29590289540954,-15.239206601014333
-28.29093059366737,-15.23849645339679
-28.285958291925194,-15.23778596076882
-28.28098599018302,-15.237075122999332
-28.276013688440845,-15.236363939957243
-28.27104138669867,-15.235652411511351
-28.266069084956495,-15.234940537530495
-28.261096783214324,-15.234228317883447
-28.25612448147215,-15.233515752438905
-28.251152179729974,-15.232802841065592
-28.2461798779878,-15.232089583632122
-28.241207576245625,-15.231375980007194
-28.23623527450345,-15.230662030059303
-28.23126297276128,-15.229947733657037
-28.226290671019104,-15.229233090668894
-28.22131836927693,-15.228518100963331
-28.216346067534754,-15.227802764408803
-28.21137376579258,-15.227087080873682
-28.206401464050405,-15.226371050226328
-28.20142916230823,-15.225654672335045
-28.19645686056606,-15.224937947068142
-28.191484558823884,-15.224220874293863
-28.18651225708171,-15.223503453880381
-28.181539955339534,-15.222785685695873
-28.17656765359736,-15.222067569608493
-28.171595351855185,-15.221349105486325
-28.166623050113014,-15.220630293197397
-28.16165074837084,-15.219911132609758
-28.156678446628664,-15.219191623591373
-28.15170614488649,-15.218471766010197
-28.146733843144315,-15.217751559734118
-28.14176154140214,-15.217031004631025
-28.13678923965997,-15.21631010056871
-28.131816937917794,-15.215588847415033
-28.12684463617562,-15.214867245037658
-28.121872334433444,-15.214145293304371
-28.11690003269127,-15.213422992082833
-28.111927730949095,-15.212700341240684
-28.10695542920692,-15.211977340645527
-28.10198312746475,-15.211253990164924
-28.097010825722574,-15.210530289666398
-28.0920385239804,-15.20980623901747
-28.087066222238224,-15.20908183808557
-28.08209392049605,-15.208357086738106
-28.077121618753875,-15.20763198484248
-28.072149317011704,-15.206906532266032
-28.06717701526953,-15.206180728876044
-28.062204713527354,-15.205454574539807
-28.05723241178518,-15.204728069124522
-28.052260110043004,-15.204001212497374
-28.04728780830083,-15.203274004525568
-28.04231550655866,-15.202546445076178
-28.037343204816484,-15.20181853401628
-28.03237090307431,-15.201090271212932
-28.027398601332134,-15.20036165653313
-28.02242629958996,-15.199632689843828
-28.017453997847785,-15.198903371011962
-28.01248169610561,-15.198173699904418
-28.00750939436344,-15.197443676388056
-28.002537092621264,-15.19671330032968
-27.99756479087909,-15.195982571596074
-27.992592489136914,-15.19525149005395
-27.98762018739474,-15.194520055570056
-27.982647885652565,-15.193788268011014
-27.977675583910393,-15.193056127243471
-27.97270328216822,-15.192323633134018
-27.967730980426044,-15.191590785549186
-27.96275867868387,-15.190857584355486
-27.957786376941694,-15.19012402941943
-27.95281407519952,-15.189390120607397
-27.94784177345735,-15.188655857785847
-27.942869471715174,-15.187921240821092
-27.937897169973,-15.18718626957948
-27.932924868230824,-15.186450943927307
-27.92795256648865,-15.1857152637308
-27.922980264746474,-15.184979228856175
-27.9180079630043,-15.184242839169602
-27.91303566126213,-15.183506094537224
-27.908063359519954,-15.182768994825127
-27.90309105777778,-15.182031539899398
-27.898118756035604,-15.181293729626017
-27.89314645429343,-15.180555563871016
-27.888174152551255,-15.179817042500291
-27.883201850809083,-15.179078165379797
-27.87822954906691,-15.178338932375375
-27.873257247324734,-15.177599343352862
-27.86828494558256,-15.17685939817808
-27.863312643840384,-15.176119096716743
-27.85834034209821,-15.175378438834588
-27.853368040356038,-15.174637424397313
-27.848395738613863,-15.17389605327055
-27.84342343687169,-15.173154325319906
-27.838451135129514,-15.17241224041094
-27.83347883338734,-15.17166979840922
-27.828506531645164,-15.170926999180178
-27.82353422990299,-15.17018384258933
-27.81856192816082,-15.169440328502043
-27.813589626418644,-15.168696456783746
-27.80861732467647,-15.167952227299738
-27.803645022934294,-15.16720763991533
-27.79867272119212,-15.166462694495824
-27.793700419449944,-15.165717390906401
-27.788728117707773,-15.16497172901229
-27.7837558159656,-15.164225708678607
-27.778783514223424,-15.163479329770514
-27.77381121248125,-15.162732592153048
-27.768838910739074,-15.161985495691253
-27.7638666089969,-15.161238040250147
-27.758894307254728,-15.16049022569469
-27.753922005512553,-15.15974205188979
-27.74894970377038,-15.158993518700353
-27.743977402028204,-15.15824462599123
-27.73900510028603,-15.157495373627238
-27.734032798543854,-15.156745761473122
-27.72906049680168,-15.155995789393648
-27.724088195059508,-15.155245457253484
-27.719115893317333,-15.154494764917342
-27.71414359157516,-15.153743712249794
-27.709171289832984,-15.152992299115454
-27.70419898809081,-15.152240525378854
-27.699226686348634,-15.151488390904507
-27.694254384606463,-15.150735895556886
-27.68928208286429,-15.14998303920043
-27.684309781122113,-15.149229821699533
-27.67933747937994,-15.14847624291854
-27.674365177637764,-15.147722302721792
-27.66939287589559,-15.146968000973551
-27.664420574153418,-15.146213337538063
-27.659448272411243,-15.145458312279551
-27.65447597066907,-15.144702925062177
-27.649503668926894,-15.143947175750041
-27.64453136718472,-15.143191064207286
-27.639559065442544,-15.142434590297924
-27.63458676370037,-15.141677753885995
-27.629614461958198,-15.140920554835478
-27.624642160216023,-15.140162993010305
-27.61966985847385,-15.139405068274366
-27.614697556731674,-15.138646780491555
-27.6097252549895,-15.137888129525688
-27.604752953247324,-15.137129115240537
-27.599780651505153,-15.136369737499889
-27.594808349762978,-15.135609996167418
-27.589836048020803,-15.134849891106805
-27.58486374627863,-15.134089422181718
-27.579891444536454,-15.133328589255717
-27.57491914279428,-15.132567392192405
-27.569946841052108,-15.131805830855257
-27.564974539309933,-15.131043905107802
-27.56000223756776,-15.130281614813448
-27.555029935825583,-15.129518959835663
-27.55005763408341,-15.128755940037754
-27.545085332341234,-15.12799255528307
-27.540113030599063,-15.127228805434925
-27.535140728856888,-15.126464690356585
-27.530168427114713,-15.12570020991124
-27.52519612537254,-15.124935363962079
-27.520223823630364,-15.124170152372253
-27.51525152188819,-15.123404575004873
-27.510279220146014,-15.122638631722996
-27.505306918403843,-15.121872322389654
-27.500334616661668,-15.12110564686782
-27.495362314919493,-15.1203386050205
-27.49039001317732,-15.119571196710554
-27.485417711435144,-15.118803421800887
-27.48044540969297,-15.118035280154318
-27.475473107950798,-15.117266771633673
-27.470500806208623,-15.116497896101706
-27.465528504466448,-15.11572865342114
-27.460556202724273,-15.114959043454665
-27.4555839009821,-15.114189066064913
-27.450611599239924,-15.113418721114526
-27.445639297497753,-15.112648008466056
-27.440666995755578,-15.11187692798203
-27.435694694013403,-15.11110547952498
-27.430722392271228,-15.110333662957323
-27.425750090529053,-15.10956147814153
-27.42077778878688,-15.108788924939939
-27.415805487044704,-15.108016003214896
-27.410833185302533,-15.10724271282873
-27.405860883560358,-15.10646905364371
-27.400888581818183,-15.105695025522039
-27.39591628007601,-15.104920628325937
-27.390943978333834,-15.10414586191755
-27.38597167659166,-15.103370726159014
-27.380999374849488,-15.102595220912363
-27.376027073107313,-15.101819346039665
-27.371054771365138,-15.10104310140291
-27.366082469622963,-15.100266486864077
-27.36111016788079,-15.09948950228509
-27.356137866138614,-15.098712147527834
-27.351165564396442,-15.09793442245414
-27.346193262654268,-15.097156326925864
-27.341220960912093,-15.096377860804727
-27.336248659169918,-15.095599023952497
-27.331276357427743,-15.094819816230862
-27.32630405568557,-15.09404023750149
-27.321331753943394,-15.093260287625991
-27.316359452201223,-15.09247996646596
-27.311387150459048,-15.091699273882936
-27.306414848716873,-15.090918209738414
-27.301442546974698,-15.090136773893864
-27.296470245232523,-15.089354966210724
-27.29149794349035,-15.08857278655039
-27.286525641748177,-15.087790234774221
-27.281553340006003,-15.087007310743521
-27.276581038263828,-15.086224014319562
-27.271608736521653,-15.085440345363597
-27.26663643477948,-15.084656303736816
-27.261664133037304,-15.083871889300411
-27.256691831295132,-15.083087101915476
-27.251719529552958,-15.082301941443102
-27.246747227810783,-15.081516407744349
-27.241774926068608,-15.080730500680222
-27.236802624326433,-15.079944220111708
-27.23183032258426,-15.079157565899708
-27.226858020842084,-15.078370537905153
-27.221885719099912,-15.077583135988874
-27.216913417357738,-15.076795360011705
-27.211941115615563,-15.07600720983443
-27.206968813873388,-15.075218685317774
-27.201996512131213,-15.074429786322481
-27.19702421038904,-15.073640512709172
-27.192051908646867,-15.072850864338513
-27.187079606904692,-15.072060841071083
-27.182107305162518,-15.071270442767414
-27.177135003420343,-15.070479669288037
-27.172162701678168,-15.069688520493445
-27.167190399935993,-15.068896996244046
-27.162218098193822,-15.068105096400268
-27.157245796451647,-15.067312820822435
-27.152273494709473,-15.066520169370918
-27.147301192967298,-15.06572714190596
-27.142328891225123,-15.06493373828781
-27.13735658948295,-15.06413995837672
-27.132384287740773,-15.063345802032808
-27.127411985998602,-15.062551269116247
-27.122439684256427,-15.06175635948711
-27.117467382514253,-15.060961073005465
-27.112495080772078,-15.060165409531294
-27.107522779029903,-15.059369368924626
-27.10255047728773,-15.058572951045377
-27.097578175545557,-15.057776155753437
-27.092605873803382,-15.056978982908703
-27.087633572061208,-15.056181432370975
-27.082661270319033,-15.055383504000048
-27.077688968576858,-15.05458519765568
-27.072716666834683,-15.053786513197558
-27.067744365092512,-15.052987450485377
-27.062772063350337,-15.052188009378781
-27.057799761608162,-15.051388189737347
-27.052827459865988,-15.050587991420636
-27.047855158123813,-15.049787414288184
-27.042882856381638,-15.04898645819943
-27.037910554639463,-15.04818512301387
-27.032938252897292,-15.047383408590882
-27.027965951155117,-15.046581314789849
-27.022993649412943,-15.045778841470069
-27.018021347670768,-15.044975988490844
-27.013049045928593,-15.04417275571147
-27.00807674418642,-15.043369142991105
-27.003104442444247,-15.042565150188935
-26.998132140702072,-15.041760777164116
-26.993159838959897,-15.040956023775726
-26.988187537217723,-15.040150889882861
-26.983215235475548,-15.039345375344507
-26.978242933733373,-15.038539480019654
-26.973270631991202,-15.037733203767237
-26.968298330249027,-15.036926546446201
-26.963326028506852,-15.036119507915403
-26.958353726764678,-15.035312088033653
-26.953381425022503,-15.034504286659752
-26.948409123280328,-15.03369610365245
-26.943436821538153,-15.032887538870474
-26.938464519795982,-15.032078592172512
-26.933492218053807,-15.031269263417165
-26.928519916311632,-15.03045955246306
-26.923547614569458,-15.029649459168764
-26.918575312827283,-15.028838983392781
-26.913603011085108,-15.028028124993613
-26.908630709342937,-15.027216883829707
-26.903658407600762,-15.02640525975946
-26.898686105858587,-15.025593252641256
-26.893713804116413,-15.024780862333424
-26.888741502374238,-15.023968088694234
-26.883769200632063,-15.023154931581972
-26.87879689888989,-15.02234139085485
-26.873824597147717,-15.021527466371031
-26.868852295405542,-15.020713157988672
-26.863879993663367,-15.019898465565872
-26.858907691921193,-15.019083388960693
-26.853935390179018,-15.018267928031156
-26.848963088436843,-15.01745208263525
-26.843990786694672,-15.016635852630918
-26.839018484952497,-15.01581923787608
-26.834046183210322,-15.015002238228604
-26.829073881468148,-15.014184853546315
-26.824101579725973,-15.013367083687022
-26.819129277983798,-15.012548928508467
-26.814156976241627,-15.011730387868392
-26.809184674499452,-15.010911461624463
-26.804212372757277,-15.010092149634302
-26.799240071015102,-15.009272451755526
-26.794267769272928,-15.008452367845706
-26.789295467530753,-15.007631897762375
-26.78432316578858,-15.006811041363012
-26.779350864046407,-15.005989798505052
-26.774378562304232,-15.005168169045918
-26.769406260562057,-15.004346152842986
-26.764433958819883,-15.003523749753592
-26.759461657077708,-15.002700959635007
-26.754489355335533,-15.001877782344522
-26.74951705359336,-15.001054217739346
-26.744544751851187,-15.000230265676635
-26.739572450109012,-14.999405926013557
-26.734600148366837,-14.998581198607214
-26.729627846624663,-14.997756083314659
-26.724655544882488,-14.996930579992917
-26.719683243140317,-14.996104688499003
-26.714710941398142,-14.995278408689806
-26.709738639655967,-14.99445174042233
-26.704766337913792,-14.993624683553344
-26.699794036171618,-14.992797237939772
-26.694821734429443,-14.99196940343836
-26.68984943268727,-14.991141179905865
-26.684877130945097,-14.990312567199013
-26.679904829202922,-14.989483565174503
-26.674932527460747,-14.988654173688953
-26.669960225718572,-14.987824392598977
-26.664987923976398,-14.986994221761144
-26.660015622234223,-14.986163661031975
-26.65504332049205,-14.98533271026794
-26.650071018749877,-14.984501369325523
-26.645098717007702,-14.983669638061105
-26.640126415265527,-14.982837516331072
-26.635154113523352,-14.982005003991768
-26.630181811781178,-14.981172100899462
-26.625209510039006,-14.980338806910453
-26.62023720829683,-14.979505121880907
-26.615264906554657,-14.978671045667038
-26.610292604812482,-14.977836578124984
-26.605320303070307,-14.977001719110827
-26.600348001328133,-14.97616646848067
-26.59537569958596,-14.975330826090499
-26.590403397843787,-14.974494791796332
-26.585431096101612,-14.973658365454094
-26.580458794359437,-14.972821546919725
-26.575486492617262,-14.971984336049045
-26.570514190875087,-14.971146732697946
-26.565541889132913,-14.970308736722199
-26.56056958739074,-14.969470347977552
-26.555597285648567,-14.968631566319731
-26.550624983906392,-14.967792391604416
-26.545652682164217,-14.966952823687228
-26.540680380422042,-14.966112862423817
-26.535708078679868,-14.965272507669692
-26.530735776937696,-14.96443175928041
-26.52576347519552,-14.963590617111453
-26.520791173453347,-14.962749081018254
-26.515818871711172,-14.961907150856252
-26.510846569968997,-14.961064826480808
-26.505874268226822,-14.960222107747231
-26.50090196648465,-14.95937899451083
-26.495929664742476,-14.958535486626868
-26.4909573630003,-14.957691583950556
-26.485985061258127,-14.956847286337053
-26.481012759515952,-14.956002593641527
-26.476040457773777,-14.955157505719082
-26.471068156031603,-14.954312022424764
-26.46609585428943,-14.95346614361358
-26.461123552547257,-14.952619869140568
-26.456151250805082,-14.951773198860616
-26.451178949062907,-14.950926132628656
-26.446206647320732,-14.950078670299566
-26.441234345578557,-14.949230811728187
-26.436262043836386,-14.948382556769285
-26.43128974209421,-14.947533905277618
-26.426317440352037,-14.946684857107904
-26.421345138609862,-14.945835412114837
-26.416372836867687,-14.94498557015303
-26.411400535125512,-14.944135331077112
-26.40642823338334,-14.9432846947416
-26.401455931641166,-14.94243366100107
-26.39648362989899,-14.941582229709962
-26.391511328156817,-14.94073040072273
-26.386539026414642,-14.93987817389379
-26.381566724672467,-14.939025549077533
-26.376594422930292,-14.938172526128227
-26.37162212118812,-14.937319104900208
-26.366649819445946,-14.936465285247722
-26.36167751770377,-14.935611067024986
-26.356705215961597,-14.934756450086162
-26.351732914219422,-14.933901434285392
-26.346760612477247,-14.933046019476766
-26.341788310735076,-14.932190205514356
-26.3368160089929,-14.931333992252169
-26.331843707250727,-14.9304773795442
-26.32687140550855,-14.929620367244398
-26.321899103766377,-14.928762955206642
-26.316926802024202,-14.927905143284816
-26.31195450028203,-14.927046931332736
-26.306982198539856,-14.926188319204208
-26.30200989679768,-14.925329306752957
-26.297037595055507,-14.924469893832711
-26.292065293313332,-14.923610080297156
-26.287092991571157,-14.922749865999894
-26.282120689828982,-14.921889250794537
-26.27714838808681,-14.921028234534644
-26.272176086344636,-14.920166817073728
-26.26720378460246,-14.919304998265266
-26.262231482860287,-14.918442777962705
-26.257259181118112,-14.917580156019456
-26.252286879375937,-14.916717132288847
-26.247314577633766,-14.91585370662425
-26.24234227589159,-14.914989878878941
-26.237369974149416,-14.91412564890612
-26.23239767240724,-14.913261016559042
-26.227425370665067,-14.912395981690864
-26.222453068922892,-14.91153054415472
-26.21748076718072,-14.910664703803702
-26.212508465438546,-14.90979846049085
-26.20753616369637,-14.908931814069211
-26.202563861954197,-14.908064764391726
-26.19759156021202,-14.907197311311352
-26.192619258469847,-14.90632945468099
-26.187646956727672,-14.905461194353494
-26.1826746549855,-14.904592530181706
-26.177702353243326,-14.903723462018368
-26.17273005150115,-14.902853989716252
-26.167757749758977,-14.901984113128062
-26.162785448016802,-14.901113832106478
-26.157813146274627,-14.900243146504097
-26.152840844532456,-14.899372056173524
-26.14786854279028,-14.89850056096731
-26.142896241048106,-14.897628660737977
-26.13792393930593,-14.896756355337978
-26.132951637563757,-14.895883644619763
-26.127979335821582,-14.895010528435737
-26.12300703407941,-14.894137006638239
-26.118034732337236,-14.893263079079585
-26.11306243059506,-14.892388745612067
-26.108090128852886,-14.891514006087931
-26.10311782711071,-14.89063886035936
-26.098145525368537,-14.889763308278537
-26.093173223626362,-14.888887349697567
-26.08820092188419,-14.888010984468558
-26.083228620142016,-14.887134212443549
-26.07825631839984,-14.886257033474534
-26.073284016657666,-14.885379447413518
-26.06831171491549,-14.884501454112407
-26.063339413173317,-14.883623053423095
-26.058367111431146,-14.882744245197442
-26.05339480968897,-14.881865029287257
-26.048422507946796,-14.88098540554433
-26.04345020620462,-14.880105373820383
-26.038477904462447,-14.879224933967112
-26.033505602720272,-14.878344085836181
-26.0285333009781,-14.877462829279233
-26.023560999235926,-14.876581164147838
-26.01858869749375,-14.875699090293528
-26.013616395751576,-14.87481660756782
-26.0086440940094,-14.873933715822165
-26.003671792267227,-14.873050414908016
-25.998699490525052,-14.872166704676744
-25.99372718878288,-14.871282584979703
-25.988754887040706,-14.870398055668206
-25.98378258529853,-14.869513116593527
-25.978810283556356,-14.868627767606892
-25.97383798181418,-14.86774200855951
-25.968865680072007,-14.86685583930252
-25.963893378329836,-14.865969259687056
-25.95892107658766,-14.865082269564198
-25.953948774845486,-14.864194868784965
-25.94897647310331,-14.863307057200366
-25.944004171361136,-14.862418834661367
-25.93903186961896,-14.861530201018907
-25.93405956787679,-14.860641156123846
-25.929087266134616,-14.85975169982706
-25.92411496439244,-14.858861831979304
-25.919142662650266,-14.8579715524314
-25.91417036090809,-14.857080861034062
-25.909198059165917,-14.856189757637967
-25.904225757423742,-14.85529824209378
-25.89925345568157,-14.854406314252106
-25.894281153939396,-14.853513973963526
-25.88930885219722,-14.852621221078588
-25.884336550455046,-14.851728055447754
-25.87936424871287,-14.8508344769215
-25.874391946970697,-14.849940485350272
-25.869419645228525,-14.84904608058441
-25.86444734348635,-14.848151262474275
-25.859475041744176,-14.847256030870165
-25.854502740002,-14.846360385622368
-25.849530438259826,-14.845464326581052
-25.84455813651765,-14.844567853596462
-25.83958583477548,-14.843670966518724
-25.834613533033306,-14.842773665197944
-25.82964123129113,-14.84187594948418
-25.824668929548956,-14.840977819227488
-25.81969662780678,-14.84007927427786
-25.814724326064606,-14.839180314485212
-25.80975202432243,-14.838280939699512
-25.80477972258026,-14.837381149770588
-25.799807420838086,-14.836480944548308
-25.79483511909591,-14.835580323882452
-25.789862817353736,-14.834679287622803
-25.78489051561156,-14.83377783561906
-25.779918213869387,-14.832875967720911
-25.774945912127215,-14.831973683777981
-25.76997361038504,-14.831070983639917
-25.765001308642866,-14.83016786715626
-25.76002900690069,-14.829264334176527
-25.755056705158516,-14.828360384550198
-25.75008440341634,-14.827456018126759
-25.74511210167417,-14.826551234755584
-25.740139799931995,-14.825646034286052
-25.73516749818982,-14.824740416567526
-25.730195196447646,-14.823834381449265
-25.72522289470547,-14.82292792878052
-25.720250592963296,-14.82202105841053
-25.71527829122112,-14.82111377018845
-25.71030598947895,-14.82020606396344
-25.705333687736776,-14.81929793958458
-25.7003613859946,-14.818389396900953
-25.695389084252426,-14.817480435761558
-25.69041678251025,-14.816571056015375
-25.685444480768076,-14.815661257511366
-25.680472179025905,-14.814751040098413
-25.67549987728373,-14.813840403625415
-25.670527575541556,-14.812929347941145
-25.66555527379938,-14.812017872894458
-25.660582972057206,-14.811105978334064
-25.65561067031503,-14.810193664108656
-25.65063836857286,-14.809280930066958
-25.645666066830685,-14.808367776057553
-25.64069376508851,-14.807454201929058
-25.635721463346336,-14.806540207530025
-25.63074916160416,-14.805625792708968
-25.625776859861986,-14.804710957314379
-25.62080455811981,-14.803795701194655
-25.61583225637764,-14.802880024198236
-25.610859954635465,-14.801963926173471
-25.60588765289329,-14.801047406968669
-25.600915351151116,-14.800130466432131
-25.59594304940894,-14.799213104412095
-25.590970747666766,-14.798295320756758
-25.585998445924595,-14.797377115314276
-25.58102614418242,-14.79645848793281
-25.576053842440245,-14.79553943846042
-25.57108154069807,-14.794619966745142
-25.566109238955896,-14.793700072635032
-25.56113693721372,-14.792779755978026
-25.55616463547155,-14.791859016622077
-25.551192333729375,-14.790937854415066
-25.5462200319872,-14.790016269204838
-25.541247730245026,-14.789094260839224
-25.53627542850285,-14.788171829166007
-25.531303126760676,-14.787248974032908
-25.5263308250185,-14.786325695287628
-25.52135852327633,-14.785401992777832
-25.516386221534155,-14.784477866351146
-25.51141391979198,-14.783553315855148
-25.506441618049806,-14.782628341137372
-25.50146931630763,-14.781702942045328
-25.496497014565456,-14.780777118426492
-25.491524712823285,-14.77985087012828
-25.48655241108111,-14.778924196998078
-25.481580109338935,-14.777997098883244
-25.47660780759676,-14.777069575631076
-25.471635505854586,-14.77614162708886
-25.46666320411241,-14.775213253103807
-25.46169090237024,-14.774284453523114
-25.456718600628065,-14.773355228193953
-25.45174629888589,-14.77242557696344
-25.446773997143715,-14.771495499678622
-25.44180169540154,-14.770564996186547
-25.436829393659366,-14.769634066334245
-25.43185709191719,-14.768702709968629
-25.42688479017502,-14.767770926936644
-25.421912488432845,-14.766838717085154
-25.41694018669067,-14.765906080261036
-25.411967884948496,-14.764973016311068
-25.40699558320632,-14.764039525082008
-25.402023281464146,-14.76310560642061
-25.397050979721975,-14.762171260173528
-25.3920786779798,-14.761236486187437
-25.387106376237625,-14.760301284308921
-25.38213407449545,-14.759365654384556
-25.377161772753276,-14.75842959626088
-25.3721894710111,-14.757493109784402
-25.36721716926893,-14.756556194801544
-25.362244867526755,-14.755618851158735
-25.35727256578458,-14.754681078702337
-25.352300264042405,-14.753742877278707
-25.34732796230023,-14.75280424673414
-25.342355660558056,-14.751865186914861
-25.33738335881588,-14.750925697667128
-25.33241105707371,-14.749985778837111
-25.327438755331535,-14.749045430270938
-25.32246645358936,-14.748104651814726
-25.317494151847185,-14.747163443314545
-25.31252185010501,-14.746221804616376
-25.307549548362836,-14.745279735566248
-25.302577246620665,-14.7443372360101
-25.29760494487849,-14.743394305793819
-25.292632643136315,-14.742450944763295
-25.28766034139414,-14.741507152764362
-25.282688039651966,-14.740562929642797
-25.27771573790979,-14.739618275244341
-25.27274343616762,-14.738673189414726
-25.267771134425445,-14.73772767199962
-25.26279883268327,-14.736781722844647
-25.257826530941095,-14.73583534179541
-25.25285422919892,-14.734888528697475
-25.247881927456746,-14.73394128339635
-25.24290962571457,-14.732993605737509
-25.2379373239724,-14.732045495566387
-25.232965022230225,-14.731096952728423
-25.22799272048805,-14.730147977068935
-25.223020418745875,-14.729198568433258
-25.2180481170037,-14.728248726666692
-25.213075815261526,-14.727298451614457
-25.208103513519355,-14.726347743121778
-25.20313121177718,-14.725396601033806
-25.198158910035005,-14.724445025195678
-25.19318660829283,-14.723493015452473
-25.188214306550655,-14.722540571649255
-25.18324200480848,-14.721587693631035
-25.17826970306631,-14.720634381242771
-25.173297401324135,-14.719680634329402
-25.16832509958196,-14.718726452735828
-25.163352797839785,-14.71777183630689
-25.15838049609761,-14.716816784887415
-25.153408194355436,-14.715861298322164
-25.14843589261326,-14.714905376455906
-25.14346359087109,-14.713949019133315
-25.138491289128915,-14.712992226199045
-25.13351898738674,-14.712034997497724
-25.128546685644565,-14.71107733287396
-25.12357438390239,-14.710119232172254
-25.118602082160216,-14.709160695237124
-25.113629780418044,-14.708201721913056
-25.10865747867587,-14.707242312044453
-25.103685176933695,-14.706282465475693
-25.09871287519152,-14.70532218205114
-25.093740573449345,-14.70436146161511
-25.08876827170717,-14.70340030401186
-25.083795969965,-14.702438709085609
-25.078823668222824,-14.701476676680578
-25.07385136648065,-14.700514206640882
-25.068879064738475,-14.699551298810675
-25.0639067629963,-14.698587953034
-25.058934461254125,-14.697624169154908
-25.05396215951195,-14.696659947017402
-25.04898985776978,-14.695695286465405
-25.044017556027605,-14.694730187342875
-25.03904525428543,-14.69376464949368
-25.034072952543255,-14.692798672761631
-25.02910065080108,-14.691832256990576
-25.024128349058905,-14.690865402024247
-25.019156047316734,-14.68989810770637
-25.01418374557456,-14.68893037388063
-25.009211443832385,-14.687962200390684
-25.00423914209021,-14.68699358708012
-24.999266840348035,-14.686024533792523
-24.99429453860586,-14.685055040371411
-24.98932223686369,-14.684085106660264
-24.984349935121514,-14.683114732502558
-24.97937763337934,-14.682143917741666
-24.974405331637165,-14.681172662221
-24.96943302989499,-14.680200965783863
-24.964460728152815,-14.67922882827357
-24.95948842641064,-14.67825624953335
-24.95451612466847,-14.677283229406447
-24.949543822926294,-14.676309767736011
-24.94457152118412,-14.675335864365199
-24.939599219441945,-14.674361519137088
-24.93462691769977,-14.673386731894785
-24.929654615957595,-14.672411502481268
-24.924682314215424,-14.671435830739515
-24.91971001247325,-14.670459716512479
-24.914737710731075,-14.669483159643077
-24.9097654089889,-14.668506159974154
-24.904793107246725,-14.66752871734854
-24.89982080550455,-14.666550831609024
-24.89484850376238,-14.665572502598366
-24.889876202020204,-14.664593730159252
-24.88490390027803,-14.663614514134357
-24.879931598535855,-14.662634854366306
-24.87495929679368,-14.661654750697712
-24.869986995051505,-14.660674202971107
-24.86501469330933,-14.659693211029001
-24.86004239156716,-14.658711774713892
-24.855070089824984,-14.657729893868167
-24.85009778808281,-14.656747568334271
-24.845125486340635,-14.655764797954548
-24.84015318459846,-14.654781582571292
-24.835180882856285,-14.653797922026813
-24.830208581114114,-14.652813816163311
-24.82523627937194,-14.651829264823032
-24.820263977629764,-14.650844267848116
-24.81529167588759,-14.649858825080672
-24.810319374145415,-14.6488729363628
-24.80534707240324,-14.64788660153653
-24.80037477066107,-14.646899820443888
-24.795402468918894,-14.645912592926829
-24.79043016717672,-14.644924918827268
-24.785457865434545,-14.643936797987102
-24.78048556369237,-14.642948230248189
-24.775513261950195,-14.641959215452323
-24.77054096020802,-14.640969753441272
-24.76556865846585,-14.6399798440568
-24.760596356723674,-14.638989487140567
-24.7556240549815,-14.637998682534233
-24.750651753239325,-14.637007430079414
-24.74567945149715,-14.63601572961768
-24.740707149754975,-14.635023580990572
-24.735734848012804,-14.634030984039587
-24.73076254627063,-14.633037938606188
-24.725790244528454,-14.63204444453178
-24.72081794278628,-14.631050501657759
-24.715845641044105,-14.63005610982545
-24.71087333930193,-14.62906126887617
-24.70590103755976,-14.628065978651156
-24.700928735817584,-14.627070238991678
-24.69595643407541,-14.626074049738863
-24.690984132333234,-14.6250774107339
-24.68601183059106,-14.624080321817884
-24.681039528848885,-14.623082782831856
-24.67606722710671,-14.622084793616875
-24.67109492536454,-14.621086354013913
-24.666122623622364,-14.620087463863948
-24.66115032188019,-14.619088123007842
-24.656178020138015,-14.618088331286524
-24.65120571839584,-14.617088088540765
-24.646233416653665,-14.61608739461141
-24.641261114911494,-14.615086249339189
-24.63628881316932,-14.61408465256481
-24.631316511427144,-14.613082604128984
-24.62634420968497,-14.612080103872298
-24.621371907942795,-14.611077151635392
-24.61639960620062,-14.61007374725881
-24.61142730445845,-14.609069890583052
-24.606455002716274,-14.608065581448642
-24.6014827009741,-14.607060819695974
-24.596510399231924,-14.606055605165489
-24.59153809748975,-14.605049937697537
-24.586565795747575,-14.604043817132435
-24.5815934940054,-14.603037243310474
-24.57662119226323,-14.602030216071904
-24.571648890521054,-14.601022735256924
-24.56667658877888,-14.600014800705708
-24.561704287036704,-14.59900641225838
-24.55673198529453,-14.597997569755037
-24.551759683552355,-14.596988273035713
-24.546787381810184,-14.595978521940443
-24.54181508006801,-14.594968316309187
-24.536842778325834,-14.593957655981882
-24.53187047658366,-14.59294654079841
-24.526898174841484,-14.591934970598656
-24.52192587309931,-14.590922945222392
-24.51695357135714,-14.589910464509416
-24.511981269614964,-14.588897528299498
-24.50700896787279,-14.587884136432287
-24.502036666130614,-14.58687028874746
-24.49706436438844,-14.585855985084654
-24.492092062646265,-14.584841225283434
-24.48711976090409,-14.58382600918335
-24.48214745916192,-14.582810336623895
-24.477175157419744,-14.581794207444538
-24.47220285567757,-14.580777621484714
-24.467230553935394,-14.579760578583791
-24.46225825219322,-14.578743078581134
-24.457285950451045,-14.577725121316028
-24.452313648708873,-14.576706706627757
-24.4473413469667,-14.575687834355573
-24.442369045224524,-14.57466850433862
-24.43739674348235,-14.573648716416072
-24.432424441740174,-14.572628470427054
-24.427452139998,-14.571607766210619
-24.42247983825583,-14.570586603605816
-24.417507536513654,-14.569564982451622
-24.41253523477148,-14.56854290258701
-24.407562933029304,-14.567520363850882
-24.40259063128713,-14.566497366082126
-24.397618329544954,-14.565473909119584
-24.39264602780278,-14.564449992802052
-24.38767372606061,-14.563425616968278
-24.382701424318434,-14.562400781457004
-24.37772912257626,-14.561375486106906
-24.372756820834084,-14.560349730756615
-24.36778451909191,-14.559323515244731
-24.362812217349735,-14.558296839409838
-24.357839915607563,-14.557269703090457
-24.35286761386539,-14.556242106125065
-24.347895312123214,-14.555214048352116
-24.34292301038104,-14.554185529610018
-24.337950708638864,-14.553156549737155
-24.33297840689669,-14.552127108571819
-24.32800610515452,-14.55109720595233
-24.323033803412343,-14.55006684171695
-24.31806150167017,-14.54903601570387
-24.313089199927994,-14.54800472775126
-24.30811689818582,-14.546972977697262
-24.303144596443644,-14.54594076537998
-24.29817229470147,-14.544908090637467
-24.2931999929593,-14.543874953307734
-24.288227691217124,-14.542841353228761
-24.28325538947495,-14.54180729023849
-24.278283087732774,-14.540772764174823
-24.2733107859906,-14.53973777487561
-24.268338484248424,-14.538702322178679
-24.263366182506253,-14.537666405921822
-24.25839388076408,-14.536630025942756
-24.253421579021904,-14.535593182079216
-24.24844927727973,-14.534555874168852
-24.243476975537554,-14.533518102049293
-24.23850467379538,-14.53247986555811
-24.233532372053208,-14.531441164532882
-24.228560070311033,-14.530401998811094
-24.22358776856886,-14.529362368230242
-24.218615466826684,-14.528322272627722
-24.21364316508451,-14.527281711840953
-24.208670863342334,-14.52624068570726
-24.20369856160016,-14.52519919406398
-24.198726259857988,-14.524157236748378
-24.193753958115813,-14.523114813597696
-24.18878165637364,-14.52207192444912
-24.183809354631464,-14.521028569139808
-24.17883705288929,-14.519984747506879
-24.173864751147114,-14.51894045938741
-24.168892449404943,-14.51789570461845
-24.16392014766277,-14.516850483036993
-24.158947845920594,-14.515804794479997
-24.15397554417842,-14.514758638784379
-24.149003242436244,-14.513712015787048
-24.14403094069407,-14.512664925324806
-24.139058638951898,-14.511617367234496
-24.134086337209723,-14.510569341352864
-24.12911403546755,-14.509520847516653
-24.124141733725374,-14.508471885562534
-24.1191694319832,-14.507422455327145
-24.114197130241024,-14.506372556647124
-24.10922482849885,-14.50532218935902
-24.104252526756678,-14.504271353299378
-24.099280225014503,-14.503220048304694
-24.09430792327233,-14.502168274211376
-24.089335621530154,-14.501116030855888
-24.08436331978798,-14.500063318074606
-24.079391018045804,-14.499010135703825
-24.074418716303633,-14.49795648357986
-24.069446414561458,-14.496902361538996
-24.064474112819283,-14.495847769417406
-24.05950181107711,-14.494792707051296
-24.054529509334934,-14.493737174276793
-24.04955720759276,-14.492681170930005
-24.044584905850588,-14.491624696847008
-24.039612604108413,-14.49056775186379
-24.03464030236624,-14.489510335816354
-24.029668000624063,-14.488452448540652
-24.02469569888189,-14.48739408987258
-24.019723397139714,-14.486335259648001
-24.01475109539754,-14.485275957702743
-24.009778793655368,-14.484216183872597
-24.004806491913193,-14.483155937993308
-23.99983419017102,-14.48209521990061
-23.994861888428844,-14.481034029430122
-23.98988958668667,-14.479972366417517
-23.984917284944494,-14.47891023069838
-23.979944983202323,-14.477847622108252
-23.974972681460148,-14.476784540482658
-23.970000379717973,-14.475720985657068
-23.9650280779758,-14.474656957466932
-23.960055776233624,-14.473592455747614
-23.95508347449145,-14.472527480334502
-23.950111172749278,-14.471462031062895
-23.945138871007103,-14.470396107768087
-23.940166569264928,-14.469329710285322
-23.935194267522753,-14.46826283844978
-23.93022196578058,-14.467195492096641
-23.925249664038404,-14.466127671061011
-23.92027736229623,-14.465059375177987
-23.915305060554058,-14.463990604282618
-23.910332758811883,-14.462921358209895
-23.90536045706971,-14.4618516367948
-23.900388155327533,-14.460781439872237
-23.89541585358536,-14.459710767277125
-23.890443551843184,-14.458639618844291
-23.885471250101013,-14.457567994408544
-23.880498948358838,-14.45649589380468
-23.875526646616663,-14.4554233168674
-23.87055434487449,-14.454350263431408
-23.865582043132314,-14.453276733331366
-23.86060974139014,-14.452202726401874
-23.855637439647968,-14.451128242477534
-23.850665137905793,-14.450053281392835
-23.845692836163618,-14.448977842982329
-23.840720534421443,-14.447901927080437
-23.83574823267927,-14.44682553352159
-23.830775930937094,-14.44574866214017
-23.82580362919492,-14.444671312770511
-23.820831327452748,-14.443593485246916
-23.815859025710573,-14.44251517940365
-23.810886723968398,-14.441436395074936
-23.805914422226223,-14.440357132094956
-23.80094212048405,-14.439277390297866
-23.795969818741874,-14.438197169517757
-23.790997516999703,-14.437116469588714
-23.786025215257528,-14.436035290344734
-23.781052913515353,-14.434953631619841
-23.776080611773178,-14.433871493247981
-23.771108310031003,-14.432788875063022
-23.76613600828883,-14.431705776898887
-23.761163706546657,-14.430622198589383
-23.756191404804483,-14.429538139968312
-23.751219103062308,-14.428453600869418
-23.746246801320133,-14.427368581126428
-23.74127449957796,-14.426283080573002
-23.736302197835784,-14.42519709904281
-23.73132989609361,-14.424110636369406
-23.726357594351438,-14.423023692386376
-23.721385292609263,-14.421936266927236
-23.716412990867088,-14.420848359825456
-23.711440689124913,-14.419759970914503
-23.70646838738274,-14.418671100027762
-23.701496085640564,-14.417581746998573
-23.696523783898392,-14.416491911660303
-23.691551482156218,-14.415401593846234
-23.686579180414043,-14.414310793389557
-23.681606878671868,-14.413219510123547
-23.676634576929693,-14.412127743881323
-23.67166227518752,-14.411035494496044
-23.666689973445347,-14.40994276180079
-23.661717671703173,-14.408849545628607
-23.656745369960998,-14.407755845812515
-23.651773068218823,-14.40666166218549
-23.646800766476648,-14.405566994580425
-23.641828464734473,-14.404471842830272
-23.6368561629923,-14.403376206767845
-23.631883861250127,-14.402280086225995
-23.626911559507953,-14.401183481037467
-23.621939257765778,-14.40008639103501
-23.616966956023603,-14.398988816051318
-23.61199465428143,-14.397890755919065
-23.607022352539254,-14.396792210470863
-23.602050050797082,-14.395693179539288
-23.597077749054908,-14.394593662956884
-23.592105447312733,-14.393493660556166
-23.587133145570558,-14.392393172169585
-23.582160843828383,-14.391292197629568
-23.57718854208621,-14.39019073676853
-23.572216240344037,-14.389088789418762
-23.567243938601862,-14.38798635541261
-23.562271636859688,-14.386883434582337
-23.557299335117513,-14.385780026760163
-23.552327033375338,-14.384676131778306
-23.547354731633163,-14.383571749468876
-23.54238242989099,-14.38246687966403
-23.537410128148817,-14.381361522195812
-23.532437826406643,-14.380255676896255
-23.527465524664468,-14.379149343597364
-23.522493222922293,-14.3780425221311
-23.517520921180118,-14.376935212329375
-23.512548619437943,-14.375827414024068
-23.507576317695772,-14.374719127047012
-23.502604015953597,-14.373610351230006
-23.497631714211423,-14.372501086404828
-23.492659412469248,-14.371391332403174
-23.487687110727073,-14.370281089056746
-23.4827148089849,-14.369170356197193
-23.477742507242727,-14.368059133656095
-23.472770205500552,-14.366947421265033
-23.467797903758377,-14.365835218855542
-23.462825602016203,-14.364722526259097
-23.457853300274028,-14.363609343307145
-23.452880998531853,-14.362495669831093
-23.447908696789682,-14.361381505662333
-23.442936395047507,-14.360266850632172
-23.437964093305332,-14.359151704571913
-23.432991791563158,-14.358036067312801
-23.428019489820983,-14.356919938686046
-23.423047188078808,-14.355803318522844
-23.418074886336633,-14.35468620665433
-23.413102584594462,-14.353568602911574
-23.408130282852287,-14.352450507125653
-23.403157981110112,-14.35133191912758
-23.398185679367938,-14.350212838748343
-23.393213377625763,-14.349093265818876
-23.388241075883588,-14.347973200170069
-23.383268774141417,-14.346852641632813
-23.378296472399242,-14.345731590037909
-23.373324170657067,-14.344610045216134
-23.368351868914893,-14.34348800699826
-23.363379567172718,-14.342365475214978
-23.358407265430543,-14.341242449696953
-23.353434963688372,-14.340118930274828
-23.348462661946197,-14.338994916779173
-23.343490360204022,-14.337870409040535
-23.338518058461847,-14.33674540688945
-23.333545756719673,-14.335619910156367
-23.328573454977498,-14.334493918671738
-23.323601153235323,-14.333367432265943
-23.318628851493152,-14.332240450769344
-23.313656549750977,-14.33111297401223
-23.308684248008802,-14.329985001824934
-23.303711946266628,-14.32885653403764
-23.298739644524453,-14.327727570480585
-23.293767342782278,-14.326598110983896
-23.288795041040107,-14.325468155377704
-23.283822739297932,-14.3243377034921
-23.278850437555757,-14.323206755157132
-23.273878135813582,-14.32207531020278
-23.268905834071408,-14.320943368459027
-23.263933532329233,-14.319810929755793
-23.25896123058706,-14.318677993922961
-23.253988928844887,-14.31754456079038
-23.249016627102712,-14.31641063018787
-23.244044325360537,-14.315276201945183
-23.239072023618363,-14.314141275892062
-23.234099721876188,-14.31300585185818
-23.229127420134013,-14.311869929673213
-23.22415511839184,-14.31073350916675
-23.219182816649667,-14.309596590168395
-23.214210514907492,-14.30845917250765
-23.209238213165317,-14.307321256014035
-23.204265911423143,-14.306182840517002
-23.199293609680968,-14.305043925845968
-23.194321307938797,-14.3039045118303
-23.189349006196622,-14.302764598299364
-23.184376704454447,-14.301624185082423
-23.179404402712272,-14.300483272008785
-23.174432100970098,-14.299341858907638
-23.169459799227923,-14.298199945608173
-23.16448749748575,-14.297057531939542
-23.159515195743577,-14.295914617730853
-23.154542894001402,-14.294771202811159
-23.149570592259227,-14.29362728700951
-23.144598290517052,-14.29248287015486
-23.139625988774878,-14.291337952076203
-23.134653687032703,-14.290192532602418
-23.12968138529053,-14.289046611562387
-23.124709083548357,-14.287900188784945
-23.119736781806182,-14.28675326409888
-23.114764480064007,-14.285605837332959
-23.109792178321833,-14.284457908315874
-23.104819876579658,-14.28330947687632
-23.099847574837487,-14.282160542842941
-23.09487527309531,-14.281011106044327
-23.089902971353137,-14.279861166309031
-23.084930669610962,-14.278710723465577
-23.079958367868787,-14.277559777342455
-23.074986066126613,-14.276408327768099
-23.07001376438444,-14.275256374570915
-23.065041462642267,-14.274103917579275
-23.060069160900092,-14.272950956621502
-23.055096859157917,-14.271797491525875
-23.050124557415742,-14.27064352212066
-23.045152255673568,-14.269489048234034
-23.040179953931393,-14.268334069694191
-23.03520765218922,-14.267178586329265
-23.030235350447047,-14.26602259796734
-23.025263048704872,-14.264866104436468
-23.020290746962697,-14.263709105564656
-23.015318445220522,-14.262551601179895
-23.010346143478348,-14.261393591110114
-23.005373841736176,-14.260235075183207
-23.000401539994,-14.259076053227037
-22.995429238251827,-14.257916525069414
-22.990456936509652,-14.256756490538136
-22.985484634767477,-14.255595949460924
-22.980512333025302,-14.254434901665494
-22.97554003128313,-14.253273346979507
-22.970567729540956,-14.252111285230576
-22.96559542779878,-14.250948716246306
-22.960623126056607,-14.249785639854222
-22.955650824314432,-14.248622055881846
-22.950678522572257,-14.24745796415663
-22.945706220830083,-14.246293364506034
-22.94073391908791,-14.245128256757425
-22.935761617345737,-14.243962640738166
-22.930789315603562,-14.24279651627555
-22.925817013861387,-14.24162988319687
-22.920844712119212,-14.240462741329353
-22.915872410377037,-14.239295090500196
-22.910900108634866,-14.238126930536563
-22.90592780689269,-14.236958261265555
-22.900955505150517,-14.235789082514271
-22.895983203408342,-14.234619394109728
-22.891010901666167,-14.233449195878954
-22.886038599923992,-14.232278487648896
-22.88106629818182,-14.23110726924646
-22.876093996439646,-14.229935540498557
-22.87112169469747,-14.228763301232023
-22.866149392955297,-14.227590551273684
-22.861177091213122,-14.226417290450268
-22.856204789470947,-14.225243518588517
-22.851232487728772,-14.224069235515131
-22.8462601859866,-14.222894441056765
-22.841287884244426,-14.221719135040017
-22.83631558250225,-14.220543317291456
-22.831343280760077,-14.219366987637631
-22.826370979017902,-14.218190145905025
-22.821398677275727,-14.2170127919201
-22.816426375533556,-14.215834925509274
-22.81145407379138,-14.214656546498922
-22.806481772049207,-14.21347765471538
-22.801509470307032,-14.212298249984954
-22.796537168564857,-14.211118332133893
-22.791564866822682,-14.209937900988447
-22.78659256508051,-14.208756956374764
-22.781620263338336,-14.207575498119002
-22.77664796159616,-14.2063935260473
-22.771675659853987,-14.205211039985674
-22.766703358111812,-14.204028039760177
-22.761731056369637,-14.202844525196788
-22.756758754627462,-14.201660496121455
-22.75178645288529,-14.200475952360113
-22.746814151143116,-14.199290893738603
-22.74184184940094,-14.198105320082782
-22.736869547658767,-14.19691923121843
-22.731897245916592,-14.195732626971303
-22.726924944174417,-14.194545507167131
-22.721952642432246,-14.19335787163158
-22.71698034069007,-14.192169720190288
-22.712008038947896,-14.190981052668864
-22.70703573720572,-14.18979186889286
-22.702063435463547,-14.188602168687789
-22.697091133721372,-14.187411951879147
-22.6921188319792,-14.186221218292387
-22.687146530237026,-14.185029967752916
-22.68217422849485,-14.183838200086061
-22.677201926752677,-14.18264591511719
-22.6722296250105,-14.181453112671585
-22.667257323268327,-14.180259792574486
-22.662285021526152,-14.179065954651099
-22.65731271978398,-14.177871598726599
-22.652340418041806,-14.176676724626148
-22.64736811629963,-14.1754813321748
-22.642395814557457,-14.174285421197636
-22.637423512815282,-14.173088991519661
-22.632451211073107,-14.171892042965846
-22.627478909330936,-14.170694575361136
-22.62250660758876,-14.169496588530453
-22.617534305846586,-14.16829808229863
-22.61256200410441,-14.167099056490503
-22.607589702362237,-14.16589951093085
-22.602617400620062,-14.164699445444404
-22.59764509887789,-14.163498859855903
-22.592672797135716,-14.162297753989973
-22.58770049539354,-14.161096127671271
-22.582728193651366,-14.159893980724382
-22.57775589190919,-14.15869131297384
-22.572783590167017,-14.15748812424417
-22.567811288424842,-14.156284414359845
-22.56283898668267,-14.1550801831453
-22.557866684940496,-14.153875430424934
-22.55289438319832,-14.152670156023095
-22.547922081456147,-14.151464359764086
-22.54294977971397,-14.150258041472199
-22.537977477971797,-14.14905120097168
-22.533005176229626,-14.147843838086725
-22.52803287448745,-14.146635952641486
-22.523060572745276,-14.145427544460095
-22.5180882710031,-14.144218613366641
-22.513115969260927,-14.143009159185157
-22.508143667518752,-14.141799181739678
-22.50317136577658,-14.140588680854117
-22.498199064034406,-14.139377656352453
-22.49322676229223,-14.13816610805856
-22.488254460550056,-14.136954035796284
-22.48328215880788,-14.135741439389438
-22.478309857065707,-14.134528318661804
-22.473337555323532,-14.133314673437111
-22.46836525358136,-14.13210050353904
-22.463392951839186,-14.130885808791282
-22.45842065009701,-14.129670589017424
-22.453448348354836,-14.128454844041059
-22.44847604661266,-14.127238573685737
-22.443503744870487,-14.126021777774946
-22.438531443128316,-14.124804456132146
-22.43355914138614,-14.123586608580773
-22.428586839643966,-14.122368234944203
-22.42361453790179,-14.121149335045777
-22.418642236159616,-14.119929908708828
-22.41366993441744,-14.118709955756605
-22.40869763267527,-14.117489476012347
-22.403725330933096,-14.116268469299234
-22.39875302919092,-14.115046935440429
-22.393780727448746,-14.113824874259043
-22.38880842570657,-14.112602285578145
-22.383836123964397,-14.11137916922079
-22.378863822222222,-14.11015552500996
-22.37389152048005,-14.108931352768607
-22.368919218737876,-14.107706652319669
-22.3639469169957,-14.106481423486018
-22.358974615253526,-14.1052556660905
-22.35400231351135,-14.104029379955904
-22.349030011769177,-14.10280256490502
-22.344057710027005,-14.101575220760566
-22.33908540828483,-14.10034734734521
-22.334113106542656,-14.099118944481624
-22.32914080480048,-14.097890011992407
-22.324168503058306,-14.096660549700136
-22.31919620131613,-14.095430557427338
-22.31422389957396,-14.0942000349965
-22.309251597831786,-14.0929689822301
-22.30427929608961,-14.091737398950515
-22.299306994347436,-14.09050528498017
-22.29433469260526,-14.089272640141372
-22.289362390863086,-14.088039464256443
-22.28439008912091,-14.086805757147605
-22.27941778737874,-14.085571518637133
-22.274445485636566,-14.084336748547155
-22.26947318389439,-14.083101446699873
-22.264500882152216,-14.081865612917348
-22.25952858041004,-14.080629247021653
-22.254556278667867,-14.079392348834853
-22.249583976925695,-14.078154918178885
-22.24461167518352,-14.076916954875758
-22.239639373441346,-14.075678458747342
-22.23466707169917,-14.07443942961552
-22.229694769956996,-14.073199867302131
-22.22472246821482,-14.071959771628984
-22.21975016647265,-14.0707191424178
-22.214777864730475,-14.069477979490344
-22.2098055629883,-14.06823628266826
-22.204833261246126,-14.066994051773204
-22.19986095950395,-14.06575128662679
-22.194888657761776,-14.064507987050561
-22.1899163560196,-14.063264152866045
-22.18494405427743,-14.062019783894744
-22.179971752535256,-14.060774879958105
-22.17499945079308,-14.059529440877528
-22.170027149050906,-14.058283466474364
-22.16505484730873,-14.057036956570002
-22.160082545566556,-14.055789910985677
-22.155110243824385,-14.054542329542667
-22.15013794208221,-14.05329421206218
-22.145165640340036,-14.052045558365418
-22.14019333859786,-14.050796368273485
-22.135221036855686,-14.049546641607508
-22.13024873511351,-14.048296378188533
-22.12527643337134,-14.047045577837599
-22.120304131629165,-14.045794240375674
-22.11533182988699,-14.044542365623712
-22.110359528144816,-14.043289953402596
-22.10538722640264,-14.042037003533224
-22.100414924660466,-14.040783515836424
-22.09544262291829,-14.039529490132969
-22.09047032117612,-14.03827492624362
-22.085498019433945,-14.037019823989077
-22.08052571769177,-14.03576418319004
-22.075553415949596,-14.034508003667115
-22.07058111420742,-14.03325128524095
-22.065608812465246,-14.031994027732031
-22.060636510723075,-14.030736230960938
-22.0556642089809,-14.029477894748124
-22.050691907238726,-14.028219018914024
-22.04571960549655,-14.026959603279074
-22.040747303754376,-14.025699647663616
-22.0357750020122,-14.024439151887979
-22.03080270027003,-14.02317811577245
-22.025830398527855,-14.021916539137312
-22.02085809678568,-14.020654421802712
-22.015885795043506,-14.019391763588875
-22.01091349330133,-14.018128564315905
-22.005941191559156,-14.016864823803918
-22.00096888981698,-14.015600541872967
-21.99599658807481,-14.014335718343046
-21.991024286332635,-14.013070353034156
-21.98605198459046,-14.011804445766249
-21.981079682848286,-14.010537996359188
-21.97610738110611,-14.009271004632874
-21.971135079363936,-14.00800347040712
-21.966162777621765,-14.006735393501708
-21.96119047587959,-14.005466773736373
-21.956218174137415,-14.004197610930857
-21.95124587239524,-14.0029279049048
-21.946273570653066,-14.001657655477857
-21.94130126891089,-14.000386862469604
-21.93632896716872,-13.999115525699592
-21.931356665426545,-13.997843644987347
-21.92638436368437,-13.99657122015235
-21.921412061942195,-13.995298251014033
-21.91643976020002,-13.994024737391811
-21.911467458457846,-13.992750679105024
-21.90649515671567,-13.991476075973003
-21.9015228549735,-13.990200927815044
-21.896550553231325,-13.98892523445037
-21.89157825148915,-13.987648995698212
-21.886605949746976,-13.986372211377724
-21.8816336480048,-13.985094881308031
-21.876661346262626,-13.983817005308248
-21.871689044520455,-13.982538583197414
-21.86671674277828,-13.981259614794546
-21.861744441036105,-13.97998009991861
-21.85677213929393,-13.978700038388554
-21.851799837551756,-13.977419430023271
-21.84682753580958,-13.976138274641636
-21.84185523406741,-13.974856572062453
-21.836882932325235,-13.973574322104533
-21.83191063058306,-13.972291524586574
-21.826938328840885,-13.971008179327333
-21.82196602709871,-13.969724286145421
-21.816993725356536,-13.968439844859539
-21.81202142361436,-13.967154855288205
-21.80704912187219,-13.965869317250032
-21.802076820130015,-13.964583230563482
-21.79710451838784,-13.963296595047074
-21.792132216645665,-13.962009410519226
-21.78715991490349,-13.96072167679834
-21.782187613161316,-13.959433393702751
-21.777215311419145,-13.95814456105082
-21.77224300967697,-13.956855178660806
-21.767270707934795,-13.955565246350963
-21.76229840619262,-13.954274763939477
-21.757326104450446,-13.95298373124455
-21.75235380270827,-13.951692148084266
-21.7473815009661,-13.950400014276767
-21.742409199223925,-13.949107329640068
-21.73743689748175,-13.947814093992184
-21.732464595739575,-13.946520307151104
-21.7274922939974,-13.945225968934752
-21.722519992255226,-13.94393107916104
-21.71754769051305,-13.942635637647813
-21.71257538877088,-13.94133964421291
-21.707603087028705,-13.940043098674087
-21.70263078528653,-13.938746000849115
-21.697658483544355,-13.937448350555664
-21.69268618180218,-13.936150147611439
-21.687713880060006,-13.934851391834071
-21.682741578317835,-13.93355208304111
-21.67776927657566,-13.932252221050144
-21.672796974833485,-13.930951805678655
-21.66782467309131,-13.929650836744155
-21.662852371349135,-13.928349314064034
-21.65788006960696,-13.927047237455733
-21.65290776786479,-13.9257446067366
-21.647935466122615,-13.924441421723952
-21.64296316438044,-13.923137682235062
-21.637990862638265,-13.921833388087192
-21.63301856089609,-13.920528539097536
-21.628046259153916,-13.91922313508326
-21.62307395741174,-13.917917175861486
-21.61810165566957,-13.91661066124934
-21.613129353927395,-13.915303591063829
-21.60815705218522,-13.913995965121998
-21.603184750443045,-13.912687783240798
-21.59821244870087,-13.91137904523719
-21.593240146958696,-13.910069750928066
-21.588267845216524,-13.908759900130278
-21.58329554347435,-13.90744949266065
-21.578323241732175,-13.906138528335967
-21.57335093999,-13.904827006972967
-21.568378638247825,-13.903514928388363
-21.56340633650565,-13.902202292398824
-21.55843403476348,-13.900889098820977
-21.553461733021305,-13.899575347471435
-21.54848943127913,-13.89826103816671
-21.543517129536955,-13.896946170723332
-21.53854482779478,-13.8956307449578
-21.533572526052605,-13.894314760686527
-21.52860022431043,-13.89299821772591
-21.52362792256826,-13.89168111589233
-21.518655620826085,-13.890363455002106
-21.51368331908391,-13.8890452348715
-21.508711017341735,-13.887726455316782
-21.50373871559956,-13.88640711615415
-21.498766413857386,-13.88508721719978
-21.493794112115214,-13.883766758269802
-21.48882181037304,-13.882445739180291
-21.483849508630865,-13.881124159747317
-21.47887720688869,-13.879802019786895
-21.473904905146515,-13.878479319115007
-21.46893260340434,-13.877156057547595
-21.46396030166217,-13.875832234900525
-21.458987999919994,-13.874507850989696
-21.45401569817782,-13.873182905630946
-21.449043396435645,-13.871857398640012
-21.44407109469347,-13.870531329832678
-21.439098792951295,-13.869204699024644
-21.43412649120912,-13.867877506031572
-21.42915418946695,-13.866549750669114
-21.424181887724774,-13.865221432752838
-21.4192095859826,-13.863892552098322
-21.414237284240425,-13.862563108521075
-21.40926498249825,-13.861233101836566
-21.404292680756075,-13.859902531860293
-21.399320379013904,-13.858571398407582
-21.39434807727173,-13.857239701293816
-21.389375775529555,-13.855907440334356
-21.38440347378738,-13.854574615344463
-21.379431172045205,-13.853241226139414
-21.37445887030303,-13.851907272534378
-21.36948656856086,-13.85057275434457
-21.364514266818684,-13.849237671385088
-21.35954196507651,-13.847902023471057
-21.354569663334335,-13.846565810417522
-21.34959736159216,-13.845229032039503
-21.344625059849985,-13.843891688151988
-21.33965275810781,-13.842553778569926
-21.33468045636564,-13.841215303108191
-21.329708154623464,-13.839876261581683
-21.32473585288129,-13.838536653805235
-21.319763551139115,-13.837196479593619
-21.31479124939694,-13.8358557387616
-21.309818947654765,-13.834514431123871
-21.304846645912594,-13.83317255649514
-21.29987434417042,-13.831830114690016
-21.294902042428244,-13.830487105523112
-21.28992974068607,-13.829143528808991
-21.284957438943895,-13.82779938436218
-21.27998513720172,-13.826454671997155
-21.27501283545955,-13.825109391528356
-21.270040533717374,-13.823763542770203
-21.2650682319752,-13.82241712553706
-21.260095930233025,-13.821070139643265
-21.25512362849085,-13.819722584903115
-21.250151326748675,-13.818374461130862
-21.2451790250065,-13.817025768140725
-21.24020672326433,-13.81567650574688
-21.235234421522154,-13.814326673763457
-21.23026211977998,-13.812976272004589
-21.225289818037805,-13.811625300284296
-21.22031751629563,-13.81027375841666
-21.215345214553455,-13.808921646215635
-21.210372912811284,-13.807568963495168
-21.20540061106911,-13.806215710069191
-21.200428309326934,-13.804861885751569
-21.19545600758476,-13.803507490356136
-21.190483705842585,-13.802152523696662
-21.18551140410041,-13.800796985586974
-21.18053910235824,-13.79944087584074
-21.175566800616064,-13.798084194271668
-21.17059449887389,-13.796726940693386
-21.165622197131714,-13.795369114919497
-21.16064989538954,-13.794010716763587
-21.155677593647365,-13.792651746039196
-21.15070529190519,-13.791292202559797
-21.14573299016302,-13.789932086138842
-21.140760688420844,-13.788571396589749
-21.13578838667867,-13.78721013372591
-21.130816084936495,-13.785848297360651
-21.12584378319432,-13.784485887307287
-21.120871481452145,-13.783122903379066
-21.115899179709974,-13.781759345389235
-21.1109268779678,-13.780395213150971
-21.105954576225624,-13.779030506477419
-21.10098227448345,-13.77766522518168
-21.096009972741275,-13.776299369076852
-21.0910376709991,-13.774932937975962
-21.08606536925693,-13.773565931691996
-21.081093067514754,-13.77219835003792
-21.07612076577258,-13.770830192826676
-21.071148464030404,-13.769461459871106
-21.06617616228823,-13.768092150984089
-21.061203860546055,-13.766722265978423
-21.05623155880388,-13.765351804666864
-21.05125925706171,-13.763980766862161
-21.046286955319534,-13.762609152376996
-21.04131465357736,-13.761236961024023
-21.036342351835184,-13.75986419261588
-21.03137005009301,-13.758490846965097
-21.026397748350835,-13.757116923884272
-21.021425446608664,-13.755742423185865
-21.01645314486649,-13.754367344682361
-21.011480843124314,-13.75299168818619
-21.00650854138214,-13.751615453509718
-21.001536239639965,-13.750238640465323
-20.99656393789779,-13.748861248865294
-20.99159163615562,-13.747483278521916
-20.986619334413444,-13.746104729247419
-20.98164703267127,-13.744725600854025
-20.976674730929094,-13.743345893153858
-20.97170242918692,-13.741965605959068
-20.966730127444745,-13.740584739081738
-20.96175782570257,-13.739203292333903
-20.9567855239604,-13.737821265527558
-20.951813222218224,-13.736438658474718
-20.94684092047605,-13.735055470987257
-20.941868618733874,-13.733671702877128
-20.9368963169917,-13.73228735395613
-20.931924015249525,-13.73090242403613
-20.926951713507354,-13.729516912928887
-20.92197941176518,-13.728130820446147
-20.917007110023004,-13.726744146399625
-20.91203480828083,-13.725356890600946
-20.907062506538654,-13.723969052861797
-20.90209020479648,-13.722580632993727
-20.89711790305431,-13.721191630808303
-20.892145601312134,-13.719802046117056
-20.88717329956996,-13.718411878731427
-20.882200997827784,-13.717021128462878
-20.87722869608561,-13.715629795122794
-20.872256394343434,-13.71423787852258
-20.86728409260126,-13.712845378473506
-20.86231179085909,-13.7114522947869
-20.857339489116914,-13.710058627273991
-20.85236718737474,-13.70866437574599
-20.847394885632564,-13.707269540014074
-20.84242258389039,-13.705874119889394
-20.837450282148215,-13.704478115183013
-20.832477980406043,-13.70308152570604
-20.82750567866387,-13.701684351269442
-20.822533376921694,-13.700286591684247
-20.81756107517952,-13.698888246761364
-20.812588773437344,-13.697489316311747
-20.80761647169517,-13.69608980014623
-20.802644169953,-13.694689698075651
-20.797671868210823,-13.693289009910805
-20.79269956646865,-13.691887735462466
-20.787727264726474,-13.690485874541332
-20.7827549629843,-13.689083426958092
-20.777782661242124,-13.687680392523392
-20.77281035949995,-13.686276771047828
-20.76783805775778,-13.684872562341994
-20.762865756015604,-13.683467766216374
-20.75789345427343,-13.682062382481503
-20.752921152531254,-13.680656410947805
-20.74794885078908,-13.679249851425718
-20.742976549046904,-13.677842703725604
-20.738004247304733,-13.67643496765781
-20.73303194556256,-13.675026643032652
-20.728059643820384,-13.673617729660359
-20.72308734207821,-13.67220822735119
-20.718115040336034,-13.670798135915335
-20.71314273859386,-13.669387455162925
-20.708170436851688,-13.667976184904083
-20.703198135109513,-13.666564324948881
-20.69822583336734,-13.66515187510737
-20.693253531625164,-13.663738835189529
-20.68828122988299,-13.662325205005347
-20.683308928140814,-13.660910984364719
-20.67833662639864,-13.659496173077567
-20.67336432465647,-13.6580807709537
-20.668392022914293,-13.656664777802959
-20.66341972117212,-13.655248193435105
-20.658447419429944,-13.65383101765988
-20.65347511768777,-13.65241325028697
-20.648502815945594,-13.650994891126054
-20.643530514203423,-13.649575939986741
-20.63855821246125,-13.648156396678619
-20.633585910719074,-13.646736261011224
-20.6286136089769,-13.645315532794088
-20.623641307234724,-13.643894211836667
-20.61866900549255,-13.642472297948402
-20.613696703750378,-13.641049790938679
-20.608724402008203,-13.639626690616867
-20.60375210026603,-13.63820299679228
-20.598779798523854,-13.636778709274203
-20.59380749678168,-13.635353827871878
-20.588835195039504,-13.633928352394527
-20.58386289329733,-13.6325022826513
-20.578890591555158,-13.631075618451327
-20.573918289812983,-13.62964835960372
-20.56894598807081,-13.628220505917533
-20.563973686328634,-13.626792057201781
-20.55900138458646,-13.625363013265448
-20.554029082844284,-13.623933373917467
-20.549056781102113,-13.622503138966746
-20.544084479359938,-13.62107230822216
-20.539112177617763,-13.619640881492547
-20.53413987587559,-13.61820885858669
-20.529167574133414,-13.616776239313344
-20.52419527239124,-13.615343023481218
-20.519222970649068,-13.613909210898997
-20.514250668906893,-13.612474801375352
-20.50927836716472,-13.611039794718858
-20.504306065422544,-13.609604190738075
-20.49933376368037,-13.608167989241549
-20.494361461938194,-13.60673119003777
-20.48938916019602,-13.605293792935193
-20.484416858453848,-13.603855797742225
-20.479444556711673,-13.602417204267246
-20.4744722549695,-13.600978012318617
-20.469499953227324,-13.599538221704622
-20.46452765148515,-13.59809783223353
-20.459555349742974,-13.596656843713568
-20.454583048000803,-13.595215255952946
-20.449610746258628,-13.593773068759784
-20.444638444516453,-13.592330281942232
-20.43966614277428,-13.590886895308344
-20.434693841032104,-13.58944290866616
-20.42972153928993,-13.58799832182371
-20.424749237547758,-13.586553134588938
-20.419776935805583,-13.585107346769764
-20.414804634063408,-13.583660958174098
-20.409832332321233,-13.582213968609777
-20.40486003057906,-13.580766377884622
-20.399887728836884,-13.579318185806407
-20.39491542709471,-13.577869392182887
-20.389943125352538,-13.576419996821748
-20.384970823610363,-13.574969999530662
-20.37999852186819,-13.57351940011726
-20.375026220126013,-13.572068198389125
-20.37005391838384,-13.5706163941538
-20.365081616641664,-13.569163987218824
-20.360109314899493,-13.567710977391666
-20.355137013157318,-13.56625736447975
-20.350164711415143,-13.564803148290489
-20.34519240967297,-13.563348328631259
-20.340220107930794,-13.561892905309366
-20.33524780618862,-13.560436878132125
-20.330275504446448,-13.558980246906767
-20.325303202704273,-13.557523011440514
-20.320330900962098,-13.55606517154055
-20.315358599219923,-13.554606727014
-20.31038629747775,-13.553147677667969
-20.305413995735574,-13.551688023309538
-20.3004416939934,-13.550227763745722
-20.295469392251228,-13.548766898783521
-20.290497090509053,-13.54730542822988
-20.285524788766878,-13.545843351891687
-20.280552487024703,-13.544380669575878
-20.27558018528253,-13.54291738108925
-20.270607883540354,-13.541453486238613
-20.265635581798183,-13.539988984830751
-20.260663280056008,-13.538523876672372
-20.255690978313833,-13.537058161570165
-20.25071867657166,-13.535591839330808
-20.245746374829483,-13.534124909760889
-20.24077407308731,-13.532657372666984
-20.235801771345137,-13.531189227855664
-20.230829469602963,-13.52972047513341
-20.225857167860788,-13.528251114306684
-20.220884866118613,-13.526781145181946
-20.21591256437644,-13.525310567565548
-20.210940262634264,-13.523839381263873
-20.20596796089209,-13.522367586083211
-20.200995659149918,-13.520895181829879
-20.196023357407743,-13.519422168310072
-20.191051055665568,-13.51794854533003
-20.186078753923393,-13.51647431269591
-20.18110645218122,-13.514999470213834
-20.176134150439044,-13.513524017689909
-20.171161848696872,-13.512047954930168
-20.166189546954698,-13.510571281740651
-20.161217245212523,-13.509093997927327
-20.156244943470348,-13.50761610329616
-20.151272641728173,-13.506137597653007
-20.146300339986,-13.504658480803789
-20.141328038243827,-13.503178752554298
-20.136355736501653,-13.501698412710356
-20.131383434759478,-13.500217461077701
-20.126411133017303,-13.49873589746207
-20.121438831275128,-13.497253721669122
-20.116466529532953,-13.495770933504513
-20.11149422779078,-13.494287532773855
-20.106521926048607,-13.492803519282711
-20.101549624306433,-13.491318892836624
-20.096577322564258,-13.489833653241073
-20.091605020822083,-13.488347800301522
-20.08663271907991,-13.486861333823406
-20.081660417337734,-13.485374253612086
-20.076688115595562,-13.483886559472937
-20.071715813853388,-13.48239825121123
-20.066743512111213,-13.480909328632267
-20.061771210369038,-13.479419791541272
-20.056798908626863,-13.477929639743442
-20.05182660688469,-13.476438873043934
-20.046854305142517,-13.474947491247876
-20.041882003400342,-13.473455494160358
-20.036909701658168,-13.47196288158642
-20.031937399915993,-13.47046965333107
-20.026965098173818,-13.468975809199296
-20.021992796431643,-13.467481348996028
-20.01702049468947,-13.465986272526159
-20.012048192947297,-13.464490579594557
-20.007075891205123,-13.462994270006046
-20.002103589462948,-13.461497343565417
-19.997131287720773,-13.459999800077425
-19.992158985978598,-13.458501639346773
-19.987186684236423,-13.457002861178145
-19.982214382494252,-13.45550346537618
-19.977242080752077,-13.45400345174547
-19.972269779009903,-13.452502820090597
-19.967297477267728,-13.451001570216063
-19.962325175525553,-13.449499701926385
-19.95735287378338,-13.447997215025998
-19.952380572041207,-13.446494109319339
-19.947408270299032,-13.444990384610774
-19.942435968556858,-13.443486040704652
-19.937463666814683,-13.441981077405256
-19.932491365072508,-13.44047549451688
-19.927519063330333,-13.438969291843739
-19.92254676158816,-13.437462469190026
-19.917574459845987,-13.435955026359922
-19.912602158103812,-13.43444696315752
-19.907629856361638,-13.432938279386907
-19.902657554619463,-13.43142897485214
-19.897685252877288,-13.429919049357204
-19.892712951135113,-13.428408502706105
-19.887740649392942,-13.426897334702739
-19.882768347650767,-13.425385545151034
-19.877796045908593,-13.423873133854839
-19.872823744166418,-13.422360100617972
-19.867851442424243,-13.420846445244203
-19.862879140682068,-13.419332167537323
-19.857906838939897,-13.417817267301004
-19.852934537197722,-13.41630174433895
-19.847962235455547,-13.414785598454776
-19.842989933713373,-13.41326882945209
-19.838017631971198,-13.411751437134463
-19.833045330229023,-13.410233421305412
-19.82807302848685,-13.408714781768442
-19.823100726744677,-13.407195518326972
-19.818128425002502,-13.405675630784453
-19.813156123260327,-13.404155118944251
-19.808183821518153,-13.4026339826097
-19.803211519775978,-13.401112221584109
-19.798239218033803,-13.399589835670751
-19.793266916291632,-13.398066824672853
-19.788294614549457,-13.396543188393583
-19.783322312807282,-13.395018926636157
-19.778350011065108,-13.39349403920365
-19.773377709322933,-13.39196852589914
-19.768405407580758,-13.390442386525717
-19.763433105838587,-13.388915620886324
-19.758460804096412,-13.387388228783987
-19.753488502354237,-13.385860210021628
-19.748516200612062,-13.384331564402125
-19.743543898869888,-13.382802291728366
-19.738571597127713,-13.381272391803153
-19.733599295385538,-13.37974186442927
-19.728626993643367,-13.378210709409501
-19.723654691901192,-13.376678926546536
-19.718682390159017,-13.375146515643051
-19.713710088416843,-13.373613476501678
-19.708737786674668,-13.372079808925019
-19.703765484932493,-13.37054551271567
-19.698793183190322,-13.369010587676138
-19.693820881448147,-13.367475033608924
-19.688848579705972,-13.365938850316448
-19.683876277963797,-13.364402037601163
-19.678903976221623,-13.362864595265465
-19.673931674479448,-13.36132652311166
-19.668959372737277,-13.359787820942065
-19.663987070995102,-13.358248488558974
-19.659014769252927,-13.356708525764594
-19.654042467510752,-13.355167932361137
-19.649070165768578,-13.353626708150756
-19.644097864026403,-13.35208485293557
-19.639125562284228,-13.350542366517692
-19.634153260542057,-13.348999248699133
-19.629180958799882,-13.34745549928193
-19.624208657057707,-13.345911118068042
-19.619236355315532,-13.34436610485945
-19.614264053573358,-13.342820459457995
-19.609291751831183,-13.341274181665597
-19.60431945008901,-13.339727271284062
-19.599347148346837,-13.338179728115177
-19.594374846604662,-13.336631551960695
-19.589402544862487,-13.33508274262235
-19.584430243120313,-13.333533299901807
-19.579457941378138,-13.331983223600743
-19.574485639635967,-13.330432513520739
-19.56951333789379,-13.328881169463349
-19.564541036151617,-13.327329191230145
-19.559568734409442,-13.325776578622614
-19.554596432667267,-13.324223331442207
-19.549624130925093,-13.322669449490359
-19.544651829182918,-13.321114932568454
-19.539679527440747,-13.319559780477844
-19.534707225698572,-13.318003993019845
-19.529734923956397,-13.316447569995725
-19.524762622214222,-13.314890511206738
-19.519790320472048,-13.313332816454086
-19.514818018729873,-13.311774485538926
-19.5098457169877,-13.310215518262412
-19.504873415245527,-13.308655914425609
-19.499901113503352,-13.307095673829586
-19.494928811761177,-13.305534796275376
-19.489956510019002,-13.30397328156395
-19.484984208276828,-13.30241112949625
-19.480011906534656,-13.300848339873218
-19.47503960479248,-13.299284912495683
-19.470067303050307,-13.297720847164523
-19.465095001308132,-13.296156143680523
-19.460122699565957,-13.294590801844441
-19.455150397823783,-13.293024821457006
-19.450178096081608,-13.291458202318923
-19.445205794339437,-13.289890944230839
-19.44023349259726,-13.28832304699337
-19.435261190855087,-13.286754510407102
-19.430288889112912,-13.285185334272551
-19.425316587370737,-13.283615518390274
-19.420344285628563,-13.282045062560703
-19.41537198388639,-13.280473966584298
-19.410399682144217,-13.278902230261458
-19.405427380402042,-13.27732985339252
-19.400455078659867,-13.275756835777825
-19.395482776917692,-13.274183177217658
-19.390510475175518,-13.272608877512276
-19.385538173433346,-13.271033936461887
-19.38056587169117,-13.269458353866684
-19.375593569948997,-13.267882129526804
-19.370621268206822,-13.266305263242343
-19.365648966464647,-13.264727754813379
-19.360676664722472,-13.263149604039935
-19.3557043629803,-13.261570810722029
-19.350732061238126,-13.259991374659597
-19.34575975949595,-13.25841129565258
-19.340787457753777,-13.256830573500858
-19.335815156011602,-13.255249208004265
-19.330842854269427,-13.253667198962644
-19.325870552527252,-13.25208454617576
-19.32089825078508,-13.250501249443369
-19.315925949042906,-13.248917308565137
-19.31095364730073,-13.247332723340758
-19.305981345558557,-13.245747493569864
-19.301009043816382,-13.244161619052045
-19.296036742074207,-13.242575099586874
-19.291064440332036,-13.24098793497384
-19.28609213858986,-13.239400125012466
-19.281119836847687,-13.237811669502175
-19.276147535105512,-13.236222568242392
-19.271175233363337,-13.234632821032491
-19.266202931621162,-13.23304242767182
-19.26123062987899,-13.231451387959659
-19.256258328136816,-13.229859701695311
-19.25128602639464,-13.228267368677972
-19.246313724652467,-13.226674388706849
-19.241341422910292,-13.225080761581111
-19.236369121168117,-13.223486487099864
-19.231396819425942,-13.221891565062212
-19.22642451768377,-13.220295995267197
-19.221452215941596,-13.218699777513804
-19.21647991419942,-13.217102911601053
-19.211507612457247,-13.215505397327838
-19.206535310715072,-13.213907234493112
-19.201563008972897,-13.212308422895706
-19.196590707230726,-13.210708962334486
-19.19161840548855,-13.20910885260819
-19.186646103746376,-13.207508093515635
-19.1816738020042,-13.205906684855497
-19.176701500262027,-13.204304626426504
-19.171729198519852,-13.202701918027268
-19.16675689677768,-13.201098559456426
-19.161784595035506,-13.199494550512533
-19.15681229329333,-13.197889890994158
-19.151839991551157,-13.196284580699787
-19.146867689808982,-13.194678619427883
-19.141895388066807,-13.193072006976887
-19.136923086324632,-13.1914647431452
-19.13195078458246,-13.189856827731168
-19.126978482840286,-13.188248260533113
-19.12200618109811,-13.186639041349334
-19.117033879355937,-13.185029169978078
-19.112061577613762,-13.183418646217557
-19.107089275871587,-13.181807469865936
-19.102116974129416,-13.180195640721383
-19.09714467238724,-13.178583158581983
-19.092172370645066,-13.17697002324581
-19.08720006890289,-13.175356234510897
-19.082227767160717,-13.173741792175251
-19.077255465418542,-13.172126696036814
-19.07228316367637,-13.170510945893522
-19.067310861934196,-13.168894541543276
-19.06233856019202,-13.167277482783888
-19.057366258449846,-13.165659769413205
-19.05239395670767,-13.164041401229015
-19.047421654965497,-13.162422378029033
-19.042449353223322,-13.16080269961098
-19.03747705148115,-13.159182365772534
-19.032504749738976,-13.157561376311326
-19.0275324479968,-13.155939731024954
-19.022560146254627,-13.15431742971097
-19.01758784451245,-13.152694472166921
-19.012615542770277,-13.151070858190293
-19.007643241028106,-13.149446587578524
-19.00267093928593,-13.147821660129031
-18.997698637543756,-13.146196075639223
-18.99272633580158,-13.144569833906433
-18.987754034059407,-13.142942934727973
-18.982781732317232,-13.141315377901115
-18.97780943057506,-13.139687163223082
-18.972837128832886,-13.138058290491093
-18.96786482709071,-13.136428759502296
-18.962892525348536,-13.134798570053857
-18.95792022360636,-13.133167721942835
-18.952947921864187,-13.131536214966314
-18.947975620122012,-13.129904048921297
-18.94300331837984,-13.128271223604782
-18.938031016637666,-13.126637738813697
-18.93305871489549,-13.125003594344973
-18.928086413153316,-13.123368789995489
-18.92311411141114,-13.121733325562072
-18.918141809668967,-13.120097200841547
-18.913169507926796,-13.11846041563066
-18.90819720618462,-13.116822969726169
-18.903224904442446,-13.115184862924766
-18.89825260270027,-13.1135460950231
-18.893280300958097,-13.111906665817806
-18.88830799921592,-13.110266575105474
-18.88333569747375,-13.108625822682647
-18.878363395731576,-13.106984408345857
-18.8733910939894,-13.105342331891583
-18.868418792247226,-13.103699593116263
-18.86344649050505,-13.10205619181631
-18.858474188762877,-13.100412127788116
-18.853501887020702,-13.098767400827974
-18.84852958527853,-13.09712201073222
-18.843557283536356,-13.09547595729712
-18.83858498179418,-13.093829240318914
-18.833612680052006,-13.092181859593765
-18.82864037830983,-13.090533814917851
-18.823668076567657,-13.088885106087304
-18.818695774825486,-13.087235732898188
-18.81372347308331,-13.085585695146575
-18.808751171341136,-13.083934992628448
-18.80377886959896,-13.082283625139812
-18.798806567856786,-13.080631592476633
-18.79383426611461,-13.07897889443476
-18.78886196437244,-13.077325530810121
-18.783889662630266,-13.075671501398501
-18.77891736088809,-13.074016805995742
-18.773945059145916,-13.072361444397593
-18.76897275740374,-13.070705416399775
-18.764000455661566,-13.069048721798
-18.75902815391939,-13.067391360387887
-18.75405585217722,-13.065733331965099
-18.749083550435046,-13.064074636325198
-18.74411124869287,-13.062415273263738
-18.739138946950696,-13.060755242576235
-18.73416664520852,-13.059094544058174
-18.729194343466347,-13.057433177504993
-18.724222041724175,-13.055771142712077
-18.719249739982,-13.05410843947482
-18.714277438239826,-13.052445067588554
-18.70930513649765,-13.050781026848558
-18.704332834755476,-13.04911631705012
-18.6993605330133,-13.047450937988474
-18.69438823127113,-13.045784889458778
-18.689415929528955,-13.044118171256212
-18.68444362778678,-13.042450783175887
-18.679471326044606,-13.040782725012907
-18.67449902430243,-13.039113996562296
-18.669526722560256,-13.037444597619066
-18.66455442081808,-13.035774527978226
-18.65958211907591,-13.034103787434683
-18.654609817333736,-13.032432375783376
-18.64963751559156,-13.030760292819147
-18.644665213849386,-13.029087538336848
-18.63969291210721,-13.027414112131263
-18.634720610365036,-13.02574001399718
-18.629748308622865,-13.024065243729291
-18.62477600688069,-13.022389801122324
-18.619803705138516,-13.02071368597092
-18.61483140339634,-13.0190368980697
-18.609859101654166,-13.017359437213251
-18.60488679991199,-13.015681303196128
-18.59991449816982,-13.014002495812834
-18.594942196427645,-13.01232301485786
-18.58996989468547,-13.010642860125643
-18.584997592943296,-13.008962031410592
-18.58002529120112,-13.007280528507074
-18.575052989458946,-13.005598351209432
-18.57008068771677,-13.003915499311965
-18.5651083859746,-13.002231972608934
-18.560136084232425,-13.000547770894583
-18.55516378249025,-12.998862893963093
-18.550191480748076,-12.997177341608628
-18.5452191790059,-12.995491113625311
-18.540246877263726,-12.993804209807214
-18.535274575521555,-12.992116629948427
-18.53030227377938,-12.990428373842935
-18.525329972037206,-12.988739441284707
-18.52035767029503,-12.987049832067722
-18.515385368552856,-12.9853595459859
-18.51041306681068,-12.983668582833063
-18.50544076506851,-12.98197694240309
-18.500468463326335,-12.980284624489792
-18.49549616158416,-12.9785916288869
-18.490523859841986,-12.976897955388175
-18.48555155809981,-12.975203603787286
-18.480579256357636,-12.973508573877956
-18.47560695461546,-12.971812865453739
-18.47063465287329,-12.970116478308272
-18.465662351131115,-12.968419412235106
-18.46069004938894,-12.96672166702773
-18.455717747646766,-12.96502324247968
-18.45074544590459,-12.963324138384358
-18.445773144162416,-12.961624354535207
-18.440800842420245,-12.959923890725584
-18.43582854067807,-12.958222746748854
-18.430856238935895,-12.956520922398314
-18.42588393719372,-12.954818417467239
-18.420911635451546,-12.953115231748866
-18.41593933370937,-12.951411365036398
-18.4109670319672,-12.949706817122998
-18.405994730225025,-12.9480015878018
-18.40102242848285,-12.946295676865892
-18.396050126740676,-12.94458908410836
-18.3910778249985,-12.942881809322186
-18.386105523256326,-12.941173852300402
-18.38113322151415,-12.939465212835948
-18.37616091977198,-12.937755890721734
-18.371188618029805,-12.936045885750648
-18.36621631628763,-12.934335197715546
-18.361244014545456,-12.932623826409237
-18.35627171280328,-12.930911771624503
-18.351299411061106,-12.929199033154092
-18.346327109318935,-12.927485610790681
-18.34135480757676,-12.925771504326976
-18.336382505834585,-12.924056713555615
-18.33141020409241,-12.92234123826918
-18.326437902350236,-12.920625078260228
-18.32146560060806,-12.91890823332132
-18.31649329886589,-12.917190703244946
-18.311520997123715,-12.915472487823555
-18.30654869538154,-12.913753586849586
-18.301576393639365,-12.91203400011542
-18.29660409189719,-12.910313727413412
-18.291631790155016,-12.908592768535884
-18.28665948841284,-12.906871123275131
-18.28168718667067,-12.9051487914234
-18.276714884928495,-12.903425772772893
-18.27174258318632,-12.9017020671158
-18.266770281444145,-12.899977674244264
-18.26179797970197,-12.898252593950394
-18.256825677959796,-12.896526826026257
-18.251853376217625,-12.894800370263905
-18.24688107447545,-12.89307322645533
-18.241908772733275,-12.89134539439252
-18.2369364709911,-12.88961687386738
-18.231964169248926,-12.887887664671835
-18.22699186750675,-12.886157766597732
-18.22201956576458,-12.884427179436909
-18.217047264022405,-12.882695902981157
-18.21207496228023,-12.880963937022232
-18.207102660538055,-12.879231281351856
-18.20213035879588,-12.87749793576173
-18.197158057053706,-12.87576390004348
-18.19218575531153,-12.874029173988752
-18.18721345356936,-12.87229375738912
-18.182241151827185,-12.870557650036135
-18.17726885008501,-12.868820851721301
-18.172296548342835,-12.867083362236102
-18.16732424660066,-12.865345181371971
-18.162351944858486,-12.863606308920327
-18.157379643116315,-12.861866744672556
-18.15240734137414,-12.860126488419962
-18.147435039631965,-12.858385539953874
-18.14246273788979,-12.85664389906554
-18.137490436147615,-12.854901565546239
-18.13251813440544,-12.853158539187113
-18.12754583266327,-12.851414819779354
-18.122573530921095,-12.849670407114086
-18.11760122917892,-12.847925300982395
-18.112628927436745,-12.846179501175357
-18.10765662569457,-12.844433007483971
-18.102684323952396,-12.842685819699252
-18.09771202221022,-12.840937937612145
-18.09273972046805,-12.839189361013553
-18.087767418725875,-12.837440089694367
-18.0827951169837,-12.835690123445461
-18.077822815241525,-12.833939462057609
-18.07285051349935,-12.832188105321624
-18.067878211757176,-12.83043605302822
-18.062905910015004,-12.828683304968152
-18.05793360827283,-12.826929860932031
-18.052961306530655,-12.825175720710554
-18.04798900478848,-12.823420884094302
-18.043016703046305,-12.821665350873838
-18.03804440130413,-12.819909120839714
-18.03307209956196,-12.818152193782415
-18.028099797819785,-12.816394569492417
-18.02312749607761,-12.814636247760163
-18.018155194335435,-12.812877228376019
-18.01318289259326,-12.811117511130362
-18.008210590851085,-12.809357095813526
-18.00323828910891,-12.8075959822158
-17.998265987366736,-12.805834170127428
-17.993293685624565,-12.804071659338652
-17.988321383882386,-12.802308449639625
-17.983349082140215,-12.80054454082054
-17.978376780398044,-12.79877993267151
-17.973404478655866,-12.797014624982594
-17.968432176913694,-12.795248617543846
-17.963459875171516,-12.793481910145301
-17.958487573429345,-12.791714502576921
-17.953515271687174,-12.789946394628656
-17.948542969944995,-12.7881775860904
-17.943570668202824,-12.786408076752059
-17.938598366460646,-12.784637866403447
-17.933626064718474,-12.782866954834391
-17.928653762976296,-12.781095341834646
-17.923681461234125,-12.779323027193943
-17.918709159491954,-12.777550010702011
-17.913736857749775,-12.77577629214848
-17.908764556007604,-12.77400187132302
-17.903792254265426,-12.772226748015214
-17.898819952523255,-12.770450922014627
-17.893847650781076,-12.768674393110775
-17.888875349038905,-12.766897161093153
-17.883903047296734,-12.765119225751244
-17.878930745554555,-12.763340586874449
-17.873958443812384,-12.761561244252169
-17.868986142070206,-12.759781197673757
-17.864013840328035,-12.758000446928538
-17.859041538585863,-12.756218991805804
-17.854069236843685,-12.754436832094774
-17.849096935101514,-12.752653967584715
-17.844124633359336,-12.750870398064777
-17.839152331617164,-12.749086123324123
-17.834180029874986,-12.747301143151846
-17.829207728132815,-12.745515457337063
-17.824235426390644,-12.74372906566879
-17.819263124648465,-12.741941967936045
-17.814290822906294,-12.740154163927793
-17.809318521164116,-12.738365653433
-17.804346219421944,-12.736576436240561
-17.799373917679766,-12.734786512139332
-17.794401615937595,-12.732995880918173
-17.789429314195424,-12.731204542365882
-17.784457012453245,-12.729412496271221
-17.779484710711074,-12.727619742422942
-17.774512408968896,-12.725826280609734
-17.769540107226725,-12.724032110620248
-17.764567805484553,-12.722237232243138
-17.759595503742375,-12.720441645267
-17.754623202000204,-12.718645349480386
-17.749650900258025,-12.716848344671828
-17.744678598515854,-12.715050630629827
-17.739706296773676,-12.713252207142824
-17.734733995031505,-12.711453073999282
-17.729761693289333,-12.709653230987543
-17.724789391547155,-12.707852677895993
-17.719817089804984,-12.706051414512947
-17.714844788062805,-12.704249440626683
-17.709872486320634,-12.702446756025488
-17.704900184578456,-12.700643360497551
-17.699927882836285,-12.698839253831078
-17.694955581094113,-12.697034435814167
-17.689983279351935,-12.695228906235009
-17.685010977609764,-12.69342266488164
-17.680038675867586,-12.691615711542118
-17.675066374125414,-12.689808046004456
-17.670094072383243,-12.687999668056634
-17.665121770641065,-12.686190577486595
-17.660149468898894,-12.684380774082264
-17.655177167156715,-12.682570257631488
-17.650204865414544,-12.680759027922134
-17.645232563672366,-12.678947084741994
-17.640260261930194,-12.677134427878862
-17.635287960188023,-12.675321057120456
-17.630315658445845,-12.673506972254483
-17.625343356703674,-12.671692173068637
-17.620371054961495,-12.669876659350539
-17.615398753219324,-12.668060430887783
-17.610426451477146,-12.666243487467938
-17.605454149734975,-12.664425828878557
-17.600481847992803,-12.66260745490713
-17.595509546250625,-12.66078836534113
-17.590537244508454,-12.65896855996797
-17.585564942766275,-12.657148038575055
-17.580592641024104,-12.655326800949766
-17.575620339281933,-12.653504846879427
-17.570648037539755,-12.651682176151304
-17.565675735797583,-12.649858788552695
-17.560703434055405,-12.6480346838708
-17.555731132313234,-12.646209861892846
-17.550758830571056,-12.644384322405935
-17.545786528828884,-12.642558065197266
-17.540814227086713,-12.640731090053874
-17.535841925344535,-12.63890339676283
-17.530869623602364,-12.63707498511117
-17.525897321860185,-12.635245854885856
-17.520925020118014,-12.633416005873878
-17.515952718375836,-12.631585437862126
-17.510980416633664,-12.629754150637506
-17.506008114891493,-12.62792214398686
-17.501035813149315,-12.626089417697022
-17.496063511407144,-12.624255971554742
-17.491091209664965,-12.622421805346796
-17.486118907922794,-12.620586918859914
-17.481146606180623,-12.618751311880754
-17.476174304438445,-12.616914984195972
-17.471202002696273,-12.615077935592188
-17.466229700954095,-12.613240165855974
-17.461257399211924,-12.611401674773884
-17.456285097469745,-12.609562462132427
-17.451312795727574,-12.607722527718103
-17.446340493985403,-12.605881871317312
-17.441368192243225,-12.604040492716498
-17.436395890501053,-12.60219839170203
-17.431423588758875,-12.600355568060259
-17.426451287016704,-12.598512021577493
-17.421478985274526,-12.59666775203999
-17.416506683532354,-12.594822759234003
-17.411534381790183,-12.592977042945751
-17.406562080048005,-12.591130602961398
-17.401589778305834,-12.58928343906708
-17.396617476563655,-12.587435551048918
-17.391645174821484,-12.58558693869296
-17.386672873079313,-12.583737601785272
-17.381700571337134,-12.581887540111843
-17.376728269594963,-12.58003675345865
-17.371755967852785,-12.578185241611626
-17.366783666110614,-12.576333004356671
-17.361811364368435,-12.574480041479664
-17.356839062626264,-12.572626352766441
-17.351866760884093,-12.570771938002807
-17.346894459141915,-12.568916796974504
-17.341922157399743,-12.5670609294673
-17.336949855657565,-12.565204335266888
-17.331977553915394,-12.563347014158916
-17.327005252173215,-12.561488965929035
-17.322032950431044,-12.559630190362848
-17.317060648688873,-12.557770687245915
-17.312088346946695,-12.555910456363756
-17.307116045204523,-12.5540494975019
-17.302143743462345,-12.552187810445773
-17.297171441720174,-12.550325394980844
-17.292199139978003,-12.54846225089249
-17.287226838235824,-12.54659837796607
-17.282254536493653,-12.544733775986936
-17.277282234751475,-12.54286844474037
-17.272309933009304,-12.541002384011627
-17.267337631267125,-12.539135593585941
-17.262365329524954,-12.53726807324852
-17.257393027782783,-12.535399822784525
-17.252420726040604,-12.53353084197908
-17.247448424298433,-12.531661130617277
-17.242476122556255,-12.529790688484189
-17.237503820814084,-12.527919515364822
-17.232531519071905,-12.526047611044188
-17.227559217329734,-12.524174975307238
-17.222586915587563,-12.52230160793892
-17.217614613845384,-12.520427508724088
-17.212642312103213,-12.518552677447643
-17.207670010361035,-12.516677113894385
-17.202697708618864,-12.514800817849132
-17.197725406876692,-12.51292378909661
-17.192753105134514,-12.511046027421576
-17.187780803392343,-12.509167532608707
-17.182808501650165,-12.507288304442667
-17.177836199907993,-12.505408342708073
-17.172863898165815,-12.503527647189523
-17.167891596423644,-12.501646217671597
-17.162919294681473,-12.499764053938776
-17.157946992939294,-12.497881155775593
-17.152974691197123,-12.495997522966487
-17.148002389454945,-12.494113155295878
-17.143030087712773,-12.49222805254817
-17.138057785970595,-12.490342214507706
-17.133085484228424,-12.488455640958835
-17.128113182486253,-12.486568331685836
-17.123140880744074,-12.48468028647294
-17.118168579001903,-12.48279150510443
-17.113196277259725,-12.480901987364442
-17.108223975517554,-12.479011733037165
-17.103251673775382,-12.47712074190671
-17.098279372033204,-12.475229013757183
-17.093307070291033,-12.47333654837261
-17.088334768548854,-12.471443345537061
-17.083362466806683,-12.469549405034487
-17.078390165064505,-12.46765472664887
-17.073417863322334,-12.465759310164117
-17.068445561580162,-12.463863155364145
-17.063473259837984,-12.46196626203278
-17.058500958095813,-12.460068629953879
-17.053528656353635,-12.458170258911203
-17.048556354611463,-12.45627114868854
-17.043584052869285,-12.454371299069582
-17.038611751127114,-12.452470709838037
-17.033639449384943,-12.45056938077759
-17.028667147642764,-12.448667311671821
-17.023694845900593,-12.446764502304339
-17.018722544158415,-12.444860952458722
-17.013750242416243,-12.44295666191846
-17.008777940674072,-12.441051630467076
-17.003805638931894,-12.439145857888018
-16.998833337189723,-12.43723934396471
-16.993861035447544,-12.43533208848055
-16.988888733705373,-12.433424091218892
-16.983916431963195,-12.43151535196307
-16.978944130221024,-12.429605870496365
-16.973971828478852,-12.427695646602064
-16.968999526736674,-12.425784680063357
-16.964027224994503,-12.423872970663465
-16.959054923252324,-12.421960518185536
-16.954082621510153,-12.420047322412723
-16.949110319767975,-12.41813338312808
-16.944138018025804,-12.416218700114682
-16.939165716283632,-12.414303273155586
-16.934193414541454,-12.412387102033753
-16.929221112799283,-12.41047018653218
-16.924248811057105,-12.40855252643375
-16.919276509314933,-12.406634121521407
-16.914304207572762,-12.404714971577981
-16.909331905830584,-12.40279507638631
-16.904359604088413,-12.400874435729202
-16.899387302346234,-12.398953049389416
-16.894415000604063,-12.397030917149682
-16.889442698861885,-12.39510803879272
-16.884470397119713,-12.393184414101155
-16.879498095377542,-12.391260042857642
-16.874525793635364,-12.389334924844773
-16.869553491893193,-12.38740905984513
-16.864581190151014,-12.385482447641225
-16.859608888408843,-12.38355508801558
-16.854636586666665,-12.38162698075065
-16.849664284924494,-12.379698125628872
-16.844691983182322,-12.37776852243265
-16.839719681440144,-12.375838170944347
-16.834747379697973,-12.373907070946311
-16.829775077955794,-12.371975222220854
-16.824802776213623,-12.370042624550214
-16.819830474471452,-12.368109277716647
-16.814858172729274,-12.366175181502364
-16.809885870987102,-12.364240335689512
-16.804913569244924,-12.362304740060267
-16.799941267502753,-12.360368394396698
-16.794968965760575,-12.358431298480903
-16.789996664018403,-12.356493452094933
-16.785024362276232,-12.354554855020767
-16.780052060534054,-12.352615507040396
-16.775079758791883,-12.350675407935746
-16.770107457049704,-12.348734557488756
-16.765135155307533,-12.34679295548127
-16.760162853565355,-12.344850601695155
-16.755190551823183,-12.342907495912229
-16.750218250081012,-12.340963637914248
-16.745245948338834,-12.339019027482955
-16.740273646596663,-12.337073664400078
-16.735301344854484,-12.335127548447296
-16.730329043112313,-12.333180679406263
-16.725356741370142,-12.331233057058586
-16.720384439627964,-12.329284681185829
-16.715412137885792,-12.327335551569568
-16.710439836143614,-12.32538566799132
-16.705467534401443,-12.323435030232561
-16.700495232659264,-12.321483638074728
-16.695522930917093,-12.319531491299271
-16.690550629174922,-12.31757858968755
-16.685578327432744,-12.31562493302092
-16.680606025690572,-12.31367052108072
-16.675633723948394,-12.311715353648236
-16.670661422206223,-12.3097594305047
-16.665689120464044,-12.307802751431364
-16.660716818721873,-12.305845316209407
-16.655744516979702,-12.30388712461998
-16.650772215237524,-12.301928176444218
-16.645799913495352,-12.299968471463208
-16.640827611753174,-12.298008009458023
-16.635855310011003,-12.296046790209681
-16.63088300826883,-12.294084813499182
-16.625910706526653,-12.292122079107475
-16.620938404784482,-12.29015858681551
-16.615966103042304,-12.288194336404183
-16.610993801300133,-12.286229327654334
-16.606021499557954,-12.284263560346828
-16.601049197815783,-12.282297034262449
-16.596076896073612,-12.28032974918197
-16.591104594331433,-12.278361704886114
-16.586132292589262,-12.276392901155607
-16.581159990847084,-12.274423337771108
-16.576187689104913,-12.27245301451325
-16.571215387362734,-12.270481931162657
-16.566243085620563,-12.26851008749987
-16.561270783878392,-12.26653748330548
-16.556298482136214,-12.264564118359932
-16.551326180394042,-12.262589992443745
-16.546353878651864,-12.260615105337372
-16.541381576909693,-12.258639456821186
-16.53640927516752,-12.256663046675596
-16.531436973425343,-12.254685874680941
-16.526464671683172,-12.252707940617533
-16.521492369940994,-12.25072924426565
-16.516520068198822,-12.248749785405554
-16.511547766456644,-12.246769563817454
-16.506575464714473,-12.244788579281543
-16.5016031629723,-12.24280683157796
-16.496630861230123,-12.240824320486839
-16.491658559487952,-12.238841045788254
-16.486686257745774,-12.236857007262286
-16.481713956003603,-12.23487220468894
-16.476741654261424,-12.232886637848212
-16.471769352519253,-12.230900306520065
-16.466797050777082,-12.228913210484412
-16.461824749034903,-12.226925349521169
-16.456852447292732,-12.224936723410185
-16.451880145550554,-12.2229473319313
-16.446907843808383,-12.220957174864298
-16.44193554206621,-12.218966251988952
-16.436963240324033,-12.216974563085003
-16.431990938581862,-12.214982107932157
-16.427018636839684,-12.212988886310072
-16.422046335097512,-12.210994897998397
-16.417074033355334,-12.209000142776727
-16.412101731613163,-12.207004620424625
-16.40712942987099,-12.205008330721649
-16.402157128128813,-12.203011273447311
-16.397184826386642,-12.201013448381076
-16.392212524644464,-12.199014855302398
-16.387240222902292,-12.197015493990698
-16.382267921160114,-12.195015364225322
-16.377295619417943,-12.193014465785671
-16.37232331767577,-12.191012798451029
-16.367351015933593,-12.189010362000678
-16.362378714191422,-12.187007156213882
-16.357406412449244,-12.185003180869858
-16.352434110707073,-12.182998435747784
-16.3474618089649,-12.180992920626847
-16.342489507222723,-12.178986635286149
-16.33751720548055,-12.176979579504783
-16.332544903738373,-12.17497175306181
-16.327572601996202,-12.172963155736264
-16.322600300254024,-12.170953787307143
-16.317627998511853,-12.168943647553396
-16.31265569676968,-12.166932736253987
-16.307683395027503,-12.16492105318779
-16.302711093285332,-12.162908598133697
-16.297738791543154,-12.160895370870529
-16.292766489800982,-12.158881371177074
-16.287794188058804,-12.156866598832138
-16.282821886316633,-12.154851053614452
-16.27784958457446,-12.152834735302731
-16.272877282832283,-12.150817643675637
-16.267904981090112,-12.148799778511835
-16.262932679347934,-12.146781139589908
-16.257960377605762,-12.144761726688477
-16.25298807586359,-12.142741539586082
-16.248015774121413,-12.140720578061226
-16.24304347237924,-12.138698841892392
-16.238071170637063,-12.136676330858068
-16.233098868894892,-12.134653044736659
-16.228126567152714,-12.132628983306535
-16.223154265410543,-12.130604146346084
-16.21818196366837,-12.128578533633636
-16.213209661926193,-12.126552144947462
-16.20823736018402,-12.124524980065866
-16.203265058441843,-12.122497038767037
-16.198292756699672,-12.120468320829204
-16.193320454957494,-12.118438826030532
-16.188348153215323,-12.116408554149139
-16.18337585147315,-12.114377504963167
-16.178403549730973,-12.112345678250664
-16.173431247988802,-12.110313073789676
-16.168458946246623,-12.108279691358215
-16.163486644504452,-12.106245530734276
-16.15851434276228,-12.104210591695782
-16.153542041020103,-12.102174874020665
-16.14856973927793,-12.100138377486813
-16.143597437535753,-12.098101101872055
-16.138625135793582,-12.096063046954248
-16.133652834051404,-12.09402421251115
-16.128680532309232,-12.091984598320543
-16.12370823056706,-12.089944204160139
-16.118735928824883,-12.087903029807633
-16.11376362708271,-12.085861075040684
-16.108791325340533,-12.083818339636947
-16.103819023598362,-12.081774823374
-16.098846721856184,-12.079730526029419
-16.093874420114012,-12.077685447380748
-16.08890211837184,-12.075639587205476
-16.083929816629663,-12.073592945281101
-16.07895751488749,-12.071545521385039
-16.073985213145313,-12.06949731529472
-16.069012911403142,-12.067448326787531
-16.06404060966097,-12.065398555640794
-16.059068307918793,-12.063348001631844
-16.05409600617662,-12.061296664537968
-16.049123704434443,-12.059244544136405
-16.044151402692272,-12.057191640204392
-16.039179100950093,-12.055137952519136
-16.034206799207922,-12.053083480857762
-16.02923449746575,-12.05102822499741
-16.024262195723573,-12.048972184715186
-16.0192898939814,-12.046915359788159
-16.014317592239223,-12.044857749993337
-16.009345290497052,-12.04279935510775
-16.004372988754874,-12.04074017490837
-15.999400687012702,-12.038680209172115
-15.994428385270531,-12.036619457675931
-15.989456083528353,-12.034557920196663
-15.984483781786182,-12.03249559651116
-15.979511480044003,-12.030432486396242
-15.974539178301832,-12.028368589628704
-15.96956687655966,-12.026303905985287
-15.964594574817482,-12.024238435242715
-15.959622273075311,-12.022172177177687
-15.954649971333133,-12.020105131566853
-15.949677669590962,-12.018037298186837
-15.944705367848783,-12.015968676814245
-15.939733066106612,-12.013899267225629
-15.93476076436444,-12.011829069197537
-15.929788462622263,-12.00975808250647
-15.924816160880091,-12.0076863069289
-15.919843859137913,-12.005613742241248
-15.914871557395742,-12.003540388219944
-15.909899255653563,-12.001466244641376
-15.904926953911392,-11.999391311281867
-15.899954652169221,-11.99731558791775
-15.894982350427043,-11.995239074325289
-15.890010048684871,-11.99316177028075
-15.885037746942693,-11.991083675560374
-15.880065445200522,-11.989004789940317
-15.87509314345835,-11.986925113196778
-15.870120841716172,-11.984844645105843
-15.865148539974001,-11.982763385443642
-15.860176238231823,-11.980681333986245
-15.855203936489652,-11.97859849050967
-15.850231634747473,-11.976514854789928
-15.845259333005302,-11.974430426602996
-15.84028703126313,-11.972345205724821
-15.835314729520952,-11.9702591919313
-15.830342427778781,-11.96817238499833
-15.825370126036603,-11.966084784701758
-15.820397824294432,-11.963996390817389
-15.815425522552253,-11.961907203121031
-15.810453220810082,-11.959817221388432
-15.80548091906791,-11.95772644539533
-15.800508617325733,-11.955634874917395
-15.795536315583561,-11.953542509730312
-15.790564013841383,-11.951449349609709
-15.785591712099212,-11.949355394331182
-15.78061941035704,-11.947260643670319
-15.775647108614862,-11.945165097402647
-15.770674806872691,-11.94306875530368
-15.765702505130513,-11.940971617148907
-15.760730203388341,-11.938873682713751
-15.755757901646163,-11.936774951773652
-15.750785599903992,-11.934675424104002
-15.74581329816182,-11.932575099480141
-15.740840996419642,-11.930473977677378
-15.735868694677471,-11.928372058471059
-15.730896392935293,-11.926269341636388
-15.725924091193122,-11.924165826948645
-15.720951789450943,-11.922061514183
-15.715979487708772,-11.919956403114654
-15.7110071859666,-11.917850493518722
-15.706034884224422,-11.915743785170305
-15.701062582482251,-11.91363627784452
-15.696090280740073,-11.911527971316389
-15.691117978997902,-11.909418865360934
-15.68614567725573,-11.907308959753134
-15.681173375513552,-11.905198254267958
-15.67620107377138,-11.90308674868033
-15.671228772029203,-11.900974442765147
-15.666256470287031,-11.89886133629726
-15.661284168544853,-11.896747429051509
-15.656311866802682,-11.894632720802706
-15.65133956506051,-11.89251721132561
-15.646367263318332,-11.890400900394972
-15.641394961576161,-11.888283787785504
-15.636422659833983,-11.886165873271876
-15.631450358091811,-11.884047156628741
-15.626478056349633,-11.881927637630723
-15.621505754607462,-11.879807316052412
-15.61653345286529,-11.877686191668356
-15.611561151123112,-11.875564264253075
-15.606588849380941,-11.873441533581111
-15.601616547638763,-11.871317999426878
-15.596644245896591,-11.869193661564843
-15.59167194415442,-11.867068519769406
-15.586699642412242,-11.864942573814925
-15.58172734067007,-11.862815823475765
-15.576755038927892,-11.86068826852622
-15.571782737185721,-11.858559908740615
-15.566810435443543,-11.856430743893153
-15.561838133701372,-11.854300773758082
-15.5568658319592,-11.852169998109584
-15.551893530217022,-11.850038416721839
-15.54692122847485,-11.847906029368966
-15.541948926732672,-11.84577283582506
-15.536976624990501,-11.843638835864194
-15.532004323248323,-11.841504029260419
-15.527032021506152,-11.83936841578775
-15.52205971976398,-11.837231995220137
-15.517087418021802,-11.835094767331551
-15.512115116279631,-11.832956731895926
-15.507142814537453,-11.830817888687118
-15.502170512795281,-11.828678237478988
-15.49719821105311,-11.826537778045388
-15.492225909310932,-11.8243965101601
-15.48725360756876,-11.822254433596896
-15.482281305826582,-11.820111548129503
-15.477309004084411,-11.817967853531648
-15.472336702342233,-11.815823349576988
-15.467364400600061,-11.813678036039171
-15.46239209885789,-11.811531912691821
-15.457419797115712,-11.809384979308527
-15.45244749537354,-11.807237235662841
-15.447475193631362,-11.805088681528275
-15.442502891889191,-11.802939316678346
-15.437530590147013,-11.800789140886502
-15.432558288404842,-11.798638153926197
-15.42758598666267,-11.796486355570817
-15.422613684920492,-11.794333745593738
-15.41764138317832,-11.79218032376831
-15.412669081436142,-11.790026089867842
-15.407696779693971,-11.78787104366563
-15.4027244779518,-11.78571518493493
-15.397752176209622,-11.783558513448943
-15.39277987446745,-11.781401028980891
-15.387807572725272,-11.779242731303908
-15.3828352709831,-11.777083620191142
-15.377862969240923,-11.77492369541571
-15.372890667498751,-11.77276295675067
-15.36791836575658,-11.770601403969073
-15.362946064014402,-11.768439036843912
-15.35797376227223,-11.766275855148201
-15.353001460530052,-11.764111858654895
-15.348029158787881,-11.76194704713689
-15.343056857045703,-11.759781420367082
-15.338084555303531,-11.757614978118363
-15.33311225356136,-11.75544772016354
-15.328139951819182,-11.753279646275422
-15.32316765007701,-11.75111075622679
-15.318195348334832,-11.748941049790394
-15.313223046592661,-11.746770526738926
-15.30825074485049,-11.744599186845091
-15.303278443108312,-11.742427029881528
-15.29830614136614,-11.74025405562087
-15.293333839623962,-11.738080263835704
-15.28836153788179,-11.735905654298609
-15.283389236139612,-11.733730226782104
-15.278416934397441,-11.731553981058711
-15.27344463265527,-11.729376916900891
-15.268472330913092,-11.727199034081083
-15.26350002917092,-11.72502033237171
-15.258527727428742,-11.722840811545169
-15.25355542568657,-11.720660471373815
-15.248583123944393,-11.718479311629952
-15.243610822202221,-11.7162973320859
-15.23863852046005,-11.714114532513909
-15.233666218717872,-11.71193091268622
-15.2286939169757,-11.709746472375054
-15.223721615233522,-11.707561211352553
-15.218749313491351,-11.705375129390916
-15.21377701174918,-11.703188226262213
-15.208804710007001,-11.701000501738571
-15.20383240826483,-11.698811955592014
-15.198860106522652,-11.696622587594588
-15.19388780478048,-11.694432397518307
-15.188915503038302,-11.692241385135109
-15.183943201296131,-11.690049550216957
-15.17897089955396,-11.687856892535747
-15.173998597811782,-11.685663411863377
-15.16902629606961,-11.68346910797168
-15.164053994327432,-11.681273980632488
-15.15908169258526,-11.67907802961759
-15.154109390843082,-11.676881254698735
-15.149137089100911,-11.674683655647696
-15.14416478735874,-11.67248523223613
-15.139192485616562,-11.67028598423573
-15.13422018387439,-11.668085911418148
-15.129247882132212,-11.66588501355499
-15.12427558039004,-11.663683290417842
-15.11930327864787,-11.661480741778258
-15.114330976905691,-11.659277367407766
-15.10935867516352,-11.657073167077874
-15.104386373421342,-11.654868140560017
-15.09941407167917,-11.652662287625668
-15.094441769936992,-11.650455608046213
-15.089469468194821,-11.648248101593037
-15.08449716645265,-11.646039768037502
-15.079524864710471,-11.643830607150909
-15.0745525629683,-11.641620618704566
-15.069580261226122,-11.639409802469725
-15.06460795948395,-11.637198158217615
-15.059635657741772,-11.63498568571943
-15.054663355999601,-11.632772384746369
-15.04969105425743,-11.630558255069559
-15.044718752515251,-11.628343296460114
-15.03974645077308,-11.626127508689132
-15.034774149030902,-11.623910891527645
-15.02980184728873,-11.621693444746704
-15.02482954554656,-11.619475168117301
-15.019857243804381,-11.617256061410396
-15.01488494206221,-11.615036124396932
-15.009912640320032,-11.612815356847824
-15.00494033857786,-11.610593758533927
-14.999968036835682,-11.608371329226125
-14.99499573509351,-11.60614806869523
-14.99002343335134,-11.603923976712018
-14.985051131609161,-11.601699053047266
-14.98007882986699,-11.59947329747172
-14.975106528124812,-11.59724670975606
-14.97013422638264,-11.595019289670986
-14.965161924640462,-11.59279103698713
-14.960189622898291,-11.590561951475104
-14.95521732115612,-11.588332032905521
-14.950245019413941,-11.586101281048903
-14.94527271767177,-11.583869695675812
-14.940300415929592,-11.581637276556755
-14.93532811418742,-11.579404023462171
-14.93035581244525,-11.577169936162527
-14.925383510703071,-11.574935014428219
-14.9204112089609,-11.572699258029653
-14.915438907218721,-11.570462666737166
-14.91046660547655,-11.568225240321095
-14.905494303734372,-11.565986978551749
-14.9005220019922,-11.563747881199362
-14.89554970025003,-11.561507948034215
-14.890577398507851,-11.559267178826488
-14.88560509676568,-11.55702557334639
-14.880632795023502,-11.55478313136404
-14.87566049328133,-11.552539852649586
-14.870688191539152,-11.550295736973125
-14.86571588979698,-11.548050784104698
-14.86074358805481,-11.545804993814372
-14.855771286312631,-11.543558365872146
-14.85079898457046,-11.541310900047977
-14.845826682828282,-11.53906259611185
-14.84085438108611,-11.536813453833659
-14.83588207934394,-11.534563472983319
-14.83090977760176,-11.532312653330678
-14.82593747585959,-11.530060994645574
-14.820965174117411,-11.527808496697812
-14.81599287237524,-11.52555515925718
-14.811020570633062,-11.523300982093414
-14.80604826889089,-11.521045964976246
-14.80107596714872,-11.518790107675347
-14.796103665406541,-11.516533409960399
-14.79113136366437,-11.514275871601026
-14.786159061922191,-11.512017492366835
-14.78118676018002,-11.509758272027394
-14.776214458437842,-11.50749821035227
-14.77124215669567,-11.505237307110956
-14.7662698549535,-11.502975562072962
-14.761297553211321,-11.500712975007747
-14.75632525146915,-11.498449545684732
-14.751352949726972,-11.496185273873321
-14.7463806479848,-11.4939201593429
-14.741408346242629,-11.49165420186281
-14.73643604450045,-11.489387401202377
-14.73146374275828,-11.487119757130882
-14.726491441016101,-11.484851269417575
-14.72151913927393,-11.482581937831702
-14.716546837531752,-11.48031176214247
-14.71157453578958,-11.478040742119036
-14.70660223404741,-11.475768877530557
-14.70162993230523,-11.473496168146154
-14.69665763056306,-11.471222613734914
-14.691685328820881,-11.468948214065898
-14.68671302707871,-11.466672968908135
-14.681740725336532,-11.46439687803062
-14.67676842359436,-11.462119941202344
-14.67179612185219,-11.459842158192256
-14.666823820110011,-11.45756352876926
-14.66185151836784,-11.455284052702245
-14.656879216625661,-11.453003729760079
-14.65190691488349,-11.450722559711597
-14.646934613141319,-11.448440542325603
-14.64196231139914,-11.446157677370858
-14.63699000965697,-11.443873964616133
-14.632017707914791,-11.441589403830115
-14.62704540617262,-11.439303994781536
-14.622073104430442,-11.437017737239026
-14.61710080268827,-11.434730630971238
-14.612128500946099,-11.432442675746762
-14.60715619920392,-11.430153871334186
-14.60218389746175,-11.427864217502055
-14.597211595719571,-11.425573714018887
-14.5922392939774,-11.42328236065318
-14.587266992235222,-11.420990157173394
-14.58229469049305,-11.418697103347967
-14.57732238875088,-11.416403198945309
-14.5723500870087,-11.41410844373379
-14.56737778526653,-11.411812837481769
-14.562405483524351,-11.409516379957559
-14.55743318178218,-11.407219070929473
-14.552460880040009,-11.40492091016576
-14.54748857829783,-11.402621897434662
-14.54251627655566,-11.400322032504393
-14.537543974813481,-11.398021315143122
-14.53257167307131,-11.395719745119024
-14.527599371329131,-11.393417322200206
-14.52262706958696,-11.391114046154783
-14.517654767844789,-11.388809916750809
-14.51268246610261,-11.386504933756317
-14.50771016436044,-11.384199096939355
-14.502737862618261,-11.381892406067859
-14.49776556087609,-11.379584860909832
-14.492793259133911,-11.377276461233164
-14.48782095739174,-11.37496720680579
-14.482848655649569,-11.372657097395557
-14.47787635390739,-11.370346132770328
-14.47290405216522,-11.3680343126979
-14.467931750423041,-11.365721636946066
-14.46295944868087,-11.36340810528261
-14.457987146938699,-11.361093717475237
-14.45301484519652,-11.358778473291663
-14.44804254345435,-11.356462372499555
-14.44307024171217,-11.354145414866574
-14.43809793997,-11.351827600160336
-14.433125638227821,-11.349508928148433
-14.42815333648565,-11.347189398598434
-14.423181034743479,-11.344869011277858
-14.4182087330013,-11.342547765954247
-14.41323643125913,-11.340225662395047
-14.408264129516951,-11.337902700367724
-14.40329182777478,-11.33557887963972
-14.398319526032601,-11.333254199978409
-14.39334722429043,-11.330928661151173
-14.388374922548259,-11.328602262925358
-14.38340262080608,-11.326275005068247
-14.37843031906391,-11.323946887347171
-14.373458017321731,-11.321617909529357
-14.36848571557956,-11.319288071382053
-14.363513413837389,-11.316957372672457
-14.35854111209521,-11.314625813167734
-14.353568810353039,-11.312293392635032
-14.34859650861086,-11.309960110841503
-14.34362420686869,-11.307625967554204
-14.338651905126511,-11.305290962540194
-14.33367960338434,-11.30295509556654
-14.328707301642169,-11.30061836640023
-14.32373499989999,-11.298280774808235
-14.318762698157819,-11.295942320557556
-14.31379039641564,-11.293603003415061
-14.30881809467347,-11.291262823147674
-14.303845792931291,-11.288921779522287
-14.29887349118912,-11.286579872305703
-14.293901189446949,-11.28423710126476
-14.28892888770477,-11.281893466166236
-14.2839565859626,-11.279548966776911
-14.27898428422042,-11.277203602863501
-14.27401198247825,-11.274857374192697
-14.269039680736078,-11.272510280531204
-14.2640673789939,-11.270162321645657
-14.259095077251729,-11.267813497302697
-14.25412277550955,-11.26546380726888
-14.24915047376738,-11.26311325131082
-14.244178172025201,-11.260761829195022
-14.23920587028303,-11.25840954068801
-14.234233568540859,-11.256056385556274
-14.22926126679868,-11.253702363566266
-14.224288965056509,-11.251347474484422
-14.21931666331433,-11.248991718077141
-14.21434436157216,-11.246635094110797
-14.209372059829981,-11.244277602351755
-14.20439975808781,-11.2419192425663
-14.199427456345639,-11.239560014520753
-14.19445515460346,-11.237199917981368
-14.189482852861289,-11.234838952714389
-14.18451055111911,-11.232477118486024
-14.17953824937694,-11.230114415062465
-14.174565947634768,-11.227750842209858
-14.16959364589259,-11.22538639969434
-14.164621344150419,-11.223021087281998
-14.15964904240824,-11.220654904738922
-14.15467674066607,-11.218287851831164
-14.14970443892389,-11.215919928324734
-14.14473213718172,-11.213551133985625
-14.139759835439548,-11.211181468579797
-14.13478753369737,-11.208810931873213
-14.129815231955199,-11.206439523631754
-14.12484293021302,-11.204067243621315
-14.11987062847085,-11.201694091607761
-14.114898326728671,-11.199320067356911
-14.1099260249865,-11.196945170634582
-14.104953723244329,-11.194569401206541
-14.09998142150215,-11.192192758838518
-14.095009119759979,-11.18981524329626
-14.0900368180178,-11.187436854345455
-14.08506451627563,-11.185057591751761
-14.080092214533458,-11.182677455280846
-14.07511991279128,-11.180296444698271
-14.070147611049109,-11.177914559769675
-14.06517530930693,-11.175531800260577
-14.060203007564759,-11.173148165936535
-14.05523070582258,-11.170763656563034
-14.05025840408041,-11.168378271905581
-14.045286102338238,-11.165992011729593
-14.04031380059606,-11.163604875800504
-14.035341498853889,-11.161216863883734
-14.03036919711171,-11.15882797574461
-14.02539689536954,-11.156438211148512
-14.02042459362736,-11.15404756986074
-14.01545229188519,-11.151656051646588
-14.010479990143018,-11.14926365627131
-14.00550768840084,-11.146870383500149
-14.000535386658669,-11.144476233098315
-13.99556308491649,-11.142081204830982
-13.99059078317432,-11.13968529846331
-13.985618481432148,-11.137288513760405
-13.98064617968997,-11.13489085048742
-13.975673877947798,-11.132492308409368
-13.97070157620562,-11.13009288729134
-13.965729274463449,-11.127692586898329
-13.96075697272127,-11.125291406995355
-13.9557846709791,-11.12288934734736
-13.950812369236928,-11.120486407719303
-13.94584006749475,-11.118082587876074
-13.940867765752579,-11.115677887582581
-13.9358954640104,-11.113272306603678
-13.930923162268229,-11.110865844704188
-13.92595086052605,-11.108458501648938
-13.92097855878388,-11.106050277202701
-13.916006257041708,-11.103641171130215
-13.91103395529953,-11.10123118319622
-13.906061653557359,-11.09882031316542
-13.90108935181518,-11.096408560802466
-13.89611705007301,-11.093995925872022
-13.891144748330838,-11.091582408138729
-13.88617244658866,-11.089168007367125
-13.881200144846488,-11.08675272332182
-13.87622784310431,-11.084336555767345
-13.871255541362139,-11.081919504468216
-13.86628323961996,-11.079501569188903
-13.86131093787779,-11.077082749693883
-13.856338636135618,-11.074663045747581
-13.85136633439344,-11.072242457114411
-13.846394032651268,-11.06982098355876
-13.84142173090909,-11.067398624844962
-13.836449429166919,-11.064975380737366
-13.83147712742474,-11.062551251000253
-13.82650482568257,-11.060126235397913
-13.821532523940398,-11.0577003336946
-13.81656022219822,-11.055273545654511
-13.811587920456049,-11.052845871041871
-13.80661561871387,-11.050417309620835
-13.801643316971699,-11.04798786115554
-13.796671015229528,-11.045557525410121
-13.79169871348735,-11.043126302148648
-13.786726411745178,-11.040694191135204
-13.781754110003,-11.0382611921338
-13.776781808260829,-11.035827304908477
-13.77180950651865,-11.033392529223194
-13.766837204776479,-11.03095686484193
-13.761864903034308,-11.02852031152861
-13.75689260129213,-11.026082869047135
-13.751920299549958,-11.023644537161394
-13.74694799780778,-11.021205315635221
-13.741975696065609,-11.018765204232476
-13.73700339432343,-11.016324202716932
-13.73203109258126,-11.013882310852381
-13.727058790839088,-11.011439528402557
-13.72208648909691,-11.00899585513118
-13.717114187354738,-11.006551290801976
-13.71214188561256,-11.004105835178581
-13.707169583870389,-11.001659488024663
-13.702197282128218,-10.999212249103822
-13.69722498038604,-10.99676411817965
-13.692252678643868,-10.994315095015729
-13.68728037690169,-10.991865179375592
-13.682308075159519,-10.989414371022743
-13.67733577341734,-10.986962669720675
-13.672363471675169,-10.984510075232853
-13.667391169932998,-10.982056587322711
-13.66241886819082,-10.97960220575365
-13.657446566448648,-10.977146930289075
-13.65247426470647,-10.974690760692312
-13.647501962964299,-10.972233696726708
-13.64252966122212,-10.969775738155569
-13.637557359479949,-10.967316884742178
-13.632585057737778,-10.964857136249774
-13.6276127559956,-10.962396492441593
-13.622640454253428,-10.95993495308085
-13.61766815251125,-10.957472517930697
-13.612695850769079,-10.955009186754292
-13.607723549026908,-10.95254495931477
-13.60275124728473,-10.950079835375202
-13.597778945542558,-10.947613814698688
-13.59280664380038,-10.945146897048255
-13.587834342058208,-10.942679082186938
-13.58286204031603,-10.940210369877702
-13.577889738573859,-10.937740759883571
-13.572917436831688,-10.935270251967436
-13.56794513508951,-10.932798845892242
-13.562972833347338,-10.930326541420852
-13.55800053160516,-10.927853338316154
-13.553028229862988,-10.925379236340985
-13.54805592812081,-10.922904235258157
-13.543083626378639,-10.920428334830458
-13.538111324636468,-10.917951534820647
-13.53313902289429,-10.915473834991468
-13.528166721152118,-10.912995235105623
-13.52319441940994,-10.910515734925784
-13.518222117667769,-10.908035334214654
-13.513249815925597,-10.905554032734841
-13.508277514183419,-10.903071830248935
-13.503305212441248,-10.900588726519555
-13.49833291069907,-10.898104721309222
-13.493360608956898,-10.895619814380495
-13.48838830721472,-10.893134005495877
-13.483416005472549,-10.890647294417828
-13.478443703730377,-10.888159680908823
-13.4734714019882,-10.88567116473128
-13.468499100246028,-10.883181745647615
-13.46352679850385,-10.880691423420187
-13.458554496761678,-10.878200197811372
-13.4535821950195,-10.87570806858348
-13.448609893277329,-10.873215035498816
-13.443637591535158,-10.870721098319652
-13.43866528979298,-10.86822625680825
-13.433692988050808,-10.865730510726838
-13.42872068630863,-10.863233859837589
-13.423748384566458,-10.860736303902703
-13.418776082824287,-10.85823784268433
-13.413803781082109,-10.855738475944568
-13.408831479339938,-10.853238203445553
-13.40385917759776,-10.850737024949318
-13.398886875855588,-10.84823494021795
-13.39391457411341,-10.845731949013434
-13.388942272371239,-10.843228051097784
-13.383969970629067,-10.840723246232981
-13.378997668886889,-10.838217534180956
-13.374025367144718,-10.835710914703636
-13.36905306540254,-10.833203387562907
-13.364080763660368,-10.830694952520657
-13.35910846191819,-10.828185609338728
-13.354136160176019,-10.825675357778925
-13.349163858433847,-10.823164197603056
-13.34419155669167,-10.820652128572885
-13.339219254949498,-10.818139150450147
-13.33424695320732,-10.815625262996582
-13.329274651465148,-10.813110465973867
-13.324302349722977,-10.810594759143672
-13.319330047980799,-10.808078142267659
-13.314357746238628,-10.805560615107431
-13.30938544449645,-10.803042177424567
-13.304413142754278,-10.800522828980666
-13.2994408410121,-10.798002569537243
-13.294468539269928,-10.795481398855847
-13.289496237527757,-10.792959316697946
-13.284523935785579,-10.790436322825014
-13.279551634043408,-10.787912416998488
-13.27457933230123,-10.785387598979801
-13.269607030559058,-10.78286186853033
-13.264634728816887,-10.780335225411458
-13.259662427074709,-10.777807669384506
-13.254690125332537,-10.775279200210822
-13.249717823590359,-10.772749817651679
-13.244745521848188,-10.770219521468341
-13.23977322010601,-10.767688311422058
-13.234800918363838,-10.765156187274053
-13.229828616621667,-10.762623148785517
-13.224856314879489,-10.76008919571762
-13.219884013137317,-10.75755432783148
-13.214911711395139,-10.755018544888252
-13.209939409652968,-10.752481846649012
-13.20496710791079,-10.74994423287483
-13.199994806168618,-10.747405703326748
-13.195022504426447,-10.744866257765795
-13.190050202684269,-10.742325895952963
-13.185077900942098,-10.739784617649205
-13.18010559919992,-10.737242422615479
-13.175133297457748,-10.734699310612708
-13.170160995715577,-10.732155281401774
-13.165188693973398,-10.729610334743569
-13.160216392231227,-10.727064470398908
-13.155244090489049,-10.724517688128644
-13.150271788746878,-10.721969987693562
-13.1452994870047,-10.719421368854423
-13.140327185262528,-10.716871831371986
-13.135354883520357,-10.714321375006966
-13.130382581778179,-10.71176999952006
-13.125410280036007,-10.709217704671952
-13.120437978293829,-10.706664490223277
-13.115465676551658,-10.704110355934679
-13.11049337480948,-10.701555301566724
-13.105521073067308,-10.698999326880022
-13.100548771325137,-10.696442431635107
-13.095576469582959,-10.693884615592497
-13.090604167840787,-10.6913258785127
-13.085631866098609,-10.688766220156197
-13.080659564356438,-10.68620564028343
-13.075687262614267,-10.683644138654849
-13.070714960872088,-10.68108171503083
-13.065742659129917,-10.678518369171766
-13.060770357387739,-10.675954100837991
-13.055798055645568,-10.673388909789868
-13.05082575390339,-10.670822795787684
-13.045853452161218,-10.66825575859172
-13.040881150419047,-10.665687797962235
-13.035908848676868,-10.663118913659453
-13.030936546934697,-10.660549105443588
-13.025964245192519,-10.657978373074824
-13.020991943450348,-10.655406716313324
-13.01601964170817,-10.652834134919198
-13.011047339965998,-10.650260628652598
-13.006075038223827,-10.647686197273577
-13.001102736481648,-10.645110840542205
-12.996130434739477,-10.642534558218532
-12.991158132997299,-10.639957350062549
-12.986185831255128,-10.637379215834265
-12.981213529512956,-10.63480015529364
-12.976241227770778,-10.632220168200597
-12.971268926028607,-10.629639254315075
-12.966296624286429,-10.627057413396942
-12.961324322544257,-10.624474645206089
-12.956352020802079,-10.621890949502356
-12.951379719059908,-10.619306326045555
-12.946407417317737,-10.616720774595478
-12.941435115575558,-10.614134294911905
-12.936462813833387,-10.611546886754569
-12.931490512091209,-10.608958549883205
-12.926518210349037,-10.606369284057521
-12.92154590860686,-10.60377908903717
-12.916573606864688,-10.60118796458182
-12.911601305122517,-10.598595910451088
-12.906629003380338,-10.596002926404573
-12.901656701638167,-10.593409012201866
-12.896684399895989,-10.590814167602508
-12.891712098153818,-10.588218392366048
-12.886739796411646,-10.585621686251963
-12.881767494669468,-10.583024049019764
-12.876795192927297,-10.580425480428909
-12.871822891185118,-10.577825980238805
-12.866850589442947,-10.575225548208898
-12.861878287700769,-10.572624184098544
-12.856905985958598,-10.570021887667115
-12.851933684216426,-10.567418658673963
-12.846961382474248,-10.564814496878402
-12.841989080732077,-10.562209402039702
-12.837016778989899,-10.559603373917147
-12.832044477247727,-10.556996412269967
-12.827072175505549,-10.554388516857413
-12.822099873763378,-10.55177968743865
-12.817127572021207,-10.549169923772856
-12.812155270279028,-10.546559225619188
-12.807182968536857,-10.543947592736762
-12.802210666794679,-10.541335024884692
-12.797238365052507,-10.538721521822032
-12.792266063310336,-10.536107083307861
-12.787293761568158,-10.533491709101183
-12.782321459825987,-10.530875398961028
-12.777349158083808,-10.528258152646364
-12.772376856341637,-10.525639969916153
-12.767404554599459,-10.523020850529344
-12.762432252857288,-10.520400794244818
-12.757459951115116,-10.517779800821492
-12.752487649372938,-10.515157870018212
-12.747515347630767,-10.512535001593815
-12.742543045888588,-10.509911195307136
-12.737570744146417,-10.507286450916963
-12.732598442404239,-10.50466076818206
-12.727626140662068,-10.50203414686118
-12.722653838919896,-10.499406586713032
-12.717681537177718,-10.496778087496324
-12.712709235435547,-10.494148648969738
-12.707736933693369,-10.49151827089192
-12.702764631951197,-10.488886953021492
-12.697792330209026,-10.486254695117063
-12.692820028466848,-10.483621496937218
-12.687847726724677,-10.48098735824052
-12.682875424982498,-10.478352278785499
-12.677903123240327,-10.475716258330657
-12.672930821498149,-10.473079296634499
-12.667958519755977,-10.470441393455488
-12.662986218013806,-10.467802548552049
-12.658013916271628,-10.465162761682617
-12.653041614529457,-10.462522032605575
-12.648069312787278,-10.459880361079291
-12.643097011045107,-10.457237746862136
-12.638124709302929,-10.454594189712411
-12.633152407560758,-10.451949689388428
-12.628180105818586,-10.449304245648467
-12.623207804076408,-10.446657858250763
-12.618235502334237,-10.444010526953585
-12.613263200592058,-10.441362251515105
-12.608290898849887,-10.438713031693538
-12.603318597107716,-10.436062867247028
-12.598346295365538,-10.433411757933703
-12.593373993623366,-10.430759703511702
-12.588401691881188,-10.428106703739108
-12.583429390139017,-10.425452758373996
-12.578457088396839,-10.422797867174403
-12.573484786654667,-10.420142029898356
-12.568512484912496,-10.417485246303851
-12.563540183170318,-10.414827516148865
-12.558567881428147,-10.41216883919137
-12.553595579685968,-10.409509215189273
-12.548623277943797,-10.406848643900497
-12.543650976201619,-10.404187125082915
-12.538678674459447,-10.401524658494404
-12.533706372717276,-10.398861243892782
-12.528734070975098,-10.396196881035882
-12.523761769232927,-10.393531569681494
-12.518789467490748,-10.390865309587369
-12.513817165748577,-10.388198100511286
-12.508844864006406,-10.385529942210944
-12.503872562264227,-10.382860834444044
-12.498900260522056,-10.380190776968297
-12.493927958779878,-10.37751976954131
-12.488955657037707,-10.374847811920754
-12.483983355295528,-10.372174903864213
-12.479011053553357,-10.369501045129287
-12.474038751811186,-10.366826235473535
-12.469066450069008,-10.3641504746545
-12.464094148326836,-10.361473762429698
-12.459121846584658,-10.358796098556624
-12.454149544842487,-10.356117482792754
-12.449177243100308,-10.353437914895538
-12.444204941358137,-10.35075739462241
-12.439232639615966,-10.348075921730741
-12.434260337873788,-10.345393495977957
-12.429288036131616,-10.34271011712138
-12.424315734389438,-10.340025784918375
-12.419343432647267,-10.33734049912624
-12.414371130905096,-10.33465425950227
-12.409398829162917,-10.331967065803726
-12.404426527420746,-10.32927891778787
-12.399454225678568,-10.3265898152119
-12.394481923936397,-10.323899757833034
-12.389509622194218,-10.321208745408452
-12.384537320452047,-10.318516777695308
-12.379565018709876,-10.315823854450727
-12.374592716967697,-10.31312997543181
-12.369620415225526,-10.310435140395665
-12.364648113483348,-10.307739349099347
-12.359675811741177,-10.305042601299897
-12.354703509998998,-10.302344896754342
-12.349731208256827,-10.299646235219683
-12.344758906514656,-10.296946616452871
-12.339786604772478,-10.294246040210876
-12.334814303030306,-10.29154450625064
-12.329842001288128,-10.288842014329042
-12.324869699545957,-10.286138564202982
-12.319897397803786,-10.28343415562934
-12.314925096061607,-10.280728788364925
-12.309952794319436,-10.278022462166579
-12.304980492577258,-10.275315176791077
-12.300008190835086,-10.27260693199521
-12.295035889092908,-10.269897727535714
-12.290063587350737,-10.267187563169339
-12.285091285608566,-10.264476438652782
-12.280118983866387,-10.261764353742715
-12.275146682124216,-10.25905130819581
-12.270174380382038,-10.256337301768706
-12.265202078639867,-10.253622334218026
-12.260229776897688,-10.25090640530035
-12.255257475155517,-10.248189514772271
-12.250285173413346,-10.245471662390319
-12.245312871671167,-10.242752847911035
-12.240340569928996,-10.240033071090922
-12.235368268186818,-10.237312331686471
-12.230395966444647,-10.23459062945414
-12.225423664702475,-10.231867964150366
-12.220451362960297,-10.229144335531569
-12.215479061218126,-10.22641974335415
-12.210506759475948,-10.223694187374463
-12.205534457733776,-10.220967667348884
-12.200562155991598,-10.218240183033734
-12.195589854249427,-10.21551173418531
-12.190617552507256,-10.212782320559919
-12.185645250765077,-10.210051941913795
-12.180672949022906,-10.207320598003209
-12.175700647280728,-10.204588288584365
-12.170728345538556,-10.201855013413468
-12.165756043796378,-10.199120772246687
-12.160783742054207,-10.196385564840181
-12.155811440312036,-10.193649390950071
-12.150839138569857,-10.190912250332486
-12.145866836827686,-10.1881741427435
-12.140894535085508,-10.185435067939178
-12.135922233343337,-10.182695025675576
-12.130949931601165,-10.179954015708715
-12.125977629858987,-10.177212037794568
-12.121005328116816,-10.174469091689149
-12.116033026374637,-10.1717251771484
-12.111060724632466,-10.168980293928259
-12.106088422890288,-10.166234441784633
-12.101116121148117,-10.163487620473422
-12.096143819405945,-10.160739829750497
-12.091171517663767,-10.15799106937169
-12.086199215921596,-10.155241339092848
-12.081226914179418,-10.152490638669773
-12.076254612437246,-10.149738967858221
-12.071282310695068,-10.146986326413995
-12.066310008952897,-10.144232714092803
-12.061337707210726,-10.141478130650382
-12.056365405468547,-10.138722575842412
-12.051393103726376,-10.135966049424573
-12.046420801984198,-10.133208551152528
-12.041448500242026,-10.130450080781912
-12.036476198499855,-10.127690638068309
-12.031503896757677,-10.12493022276733
-12.026531595015506,-10.122168834634534
-12.021559293273327,-10.119406473425467
-12.016586991531156,-10.116643138895663
-12.011614689788978,-10.1138788308006
-12.006642388046807,-10.111113548895792
-12.001670086304635,-10.108347292936674
-11.996697784562457,-10.105580062678685
-11.991725482820286,-10.102811857877251
-11.986753181078107,-10.100042678287755
-11.981780879335936,-10.097272523665593
-11.976808577593758,-10.094501393766087
-11.971836275851587,-10.091729288344608
-11.966863974109415,-10.08895620715642
-11.961891672367237,-10.086182149956848
-11.956919370625066,-10.083407116501133
-11.951947068882887,-10.080631106544528
-11.946974767140716,-10.077854119842272
-11.942002465398545,-10.075076156149557
-11.937030163656367,-10.072297215221566
-11.932057861914195,-10.069517296813448
-11.927085560172017,-10.066736400680346
-11.922113258429846,-10.063954526577401
-11.917140956687668,-10.061171674259684
-11.912168654945496,-10.058387843482283
-11.907196353203325,-10.05560303400025
-11.902224051461147,-10.052817245568606
-11.897251749718976,-10.05003047794238
-11.892279447976797,-10.047242730876555
-11.887307146234626,-10.044454004126104
-11.882334844492448,-10.041664297445964
-11.877362542750276,-10.038873610591084
-11.872390241008105,-10.036081943316356
-11.867417939265927,-10.033289295376663
-11.862445637523756,-10.030495666526878
-11.857473335781577,-10.027701056521844
-11.852501034039406,-10.024905465116378
-11.847528732297235,-10.022108892065269
-11.842556430555057,-10.019311337123318
-11.837584128812885,-10.016512800045277
-11.832611827070707,-10.013713280585886
-11.827639525328536,-10.01091277849986
-11.822667223586357,-10.00811129354189
-11.817694921844186,-10.005308825466665
-11.812722620102015,-10.002505374028825
-11.807750318359837,-9.999700938983015
-11.802778016617665,-9.996895520083838
-11.797805714875487,-9.994089117085897
-11.792833413133316,-9.991281729743758
-11.787861111391138,-9.988473357811953
-11.782888809648966,-9.985664001045041
-11.777916507906795,-9.982853659197511
-11.772944206164617,-9.980042332023865
-11.767971904422446,-9.977230019278549
-11.762999602680267,-9.974416720716032
-11.758027300938096,-9.971602436090732
-11.753054999195925,-9.968787165157046
-11.748082697453746,-9.965970907669364
-11.743110395711575,-9.963153663382055
-11.738138093969397,-9.960335432049446
-11.733165792227226,-9.95751621342587
-11.728193490485047,-9.95469600726563
-11.723221188742876,-9.951874813323002
-11.718248887000705,-9.94905263135225
-11.713276585258527,-9.946229461107604
-11.708304283516355,-9.943405302343296
-11.703331981774177,-9.940580154813514
-11.698359680032006,-9.93775401827243
-11.693387378289827,-9.934926892474227
-11.688415076547656,-9.93209877717302
-11.683442774805485,-9.929269672122928
-11.678470473063307,-9.92643957707804
-11.673498171321135,-9.923608491792447
-11.668525869578957,-9.920776416020203
-11.663553567836786,-9.917943349515339
-11.658581266094615,-9.91510929203184
-11.653608964352436,-9.91227424332374
-11.648636662610265,-9.909438203145003
-11.643664360868087,-9.906601171249559
-11.638692059125916,-9.903763147391365
-11.633719757383737,-9.900924131324318
-11.628747455641566,-9.89808412280232
-11.623775153899395,-9.895243121579233
-11.618802852157216,-9.892401127408908
-11.613830550415045,-9.889558140045175
-11.608858248672867,-9.886714159241858
-11.603885946930696,-9.883869184752738
-11.598913645188517,-9.881023216331563
-11.593941343446346,-9.878176253732112
-11.588969041704175,-9.875328296708112
-11.583996739961997,-9.872479345013252
-11.579024438219825,-9.869629398401237
-11.574052136477647,-9.866778456625728
-11.569079834735476,-9.863926519440382
-11.564107532993305,-9.861073586598824
-11.559135231251126,-9.85821965785464
-11.554162929508955,-9.85536473296145
-11.549190627766777,-9.8525088116728
-11.544218326024605,-9.849651893742255
-11.539246024282427,-9.846793978923326
-11.534273722540256,-9.84393506696953
-11.529301420798085,-9.841075157634355
-11.524329119055906,-9.838214250671255
-11.519356817313735,-9.835352345833693
-11.514384515571557,-9.832489442875096
-11.509412213829386,-9.829625541548854
-11.504439912087207,-9.826760641608377
-11.499467610345036,-9.823894742807015
-11.494495308602865,-9.821027844898126
-11.489523006860686,-9.818159947635019
-11.484550705118515,-9.815291050771027
-11.479578403376337,-9.812421154059429
-11.474606101634166,-9.809550257253488
-11.469633799891994,-9.806678360106451
-11.464661498149816,-9.803805462371558
-11.459689196407645,-9.800931563802
-11.454716894665466,-9.79805666415097
-11.449744592923295,-9.795180763171645
-11.444772291181117,-9.79230386061717
-11.439799989438946,-9.789425956240674
-11.434827687696774,-9.786547049795256
-11.429855385954596,-9.783667141034023
-11.424883084212425,-9.780786229710037
-11.419910782470247,-9.777904315576341
-11.414938480728075,-9.77502139838597
-11.409966178985897,-9.772137477891944
-11.404993877243726,-9.769252553847243
-11.400021575501555,-9.76636662600484
-11.395049273759376,-9.763479694117688
-11.390076972017205,-9.760591757938728
-11.385104670275027,-9.75770281722085
-11.380132368532855,-9.754812871716963
-11.375160066790684,-9.751921921179946
-11.370187765048506,-9.749029965362633
-11.365215463306335,-9.746137004017873
-11.360243161564156,-9.743243036898482
-11.355270859821985,-9.740348063757239
-11.350298558079807,-9.73745208434694
-11.345326256337636,-9.734555098420326
-11.340353954595464,-9.731657105730145
-11.335381652853286,-9.728758106029094
-11.330409351111115,-9.725858099069896
-11.325437049368936,-9.722957084605225
-11.320464747626765,-9.720055062387717
-11.315492445884587,-9.71715203217003
-11.310520144142416,-9.714247993704792
-11.305547842400244,-9.711342946744583
-11.300575540658066,-9.708436891042007
-11.295603238915895,-9.705529826349604
-11.290630937173717,-9.702621752419923
-11.285658635431545,-9.699712669005496
-11.280686333689374,-9.69680257585882
-11.275714031947196,-9.693891472732382
-11.270741730205025,-9.69097935937865
-11.265769428462846,-9.688066235550059
-11.260797126720675,-9.68515210099905
-11.255824824978497,-9.682236955478018
-11.250852523236325,-9.679320798739374
-11.245880221494154,-9.676403630535466
-11.240907919751976,-9.673485450618648
-11.235935618009805,-9.670566258741257
-11.230963316267626,-9.667646054655592
-11.225991014525455,-9.664724838113976
-11.221018712783277,-9.661802608868653
-11.216046411041106,-9.658879366671885
-11.211074109298934,-9.655955111275913
-11.206101807556756,-9.65302984243295
-11.201129505814585,-9.650103559895202
-11.196157204072406,-9.64717626341484
-11.191184902330235,-9.644247952744017
-11.186212600588064,-9.641318627634886
-11.181240298845886,-9.638388287839554
-11.176267997103714,-9.635456933110142
-11.171295695361536,-9.632524563198722
-11.166323393619365,-9.629591177857357
-11.161351091877187,-9.626656776838095
-11.156378790135015,-9.623721359892977
-11.151406488392844,-9.62078492677399
-11.146434186650666,-9.617847477233134
-11.141461884908495,-9.614909011022377
-11.136489583166316,-9.61196952789367
-11.131517281424145,-9.609029027598957
-11.126544979681967,-9.606087509890134
-11.121572677939795,-9.603144974519108
-11.116600376197624,-9.600201421237754
-11.111628074455446,-9.597256849797914
-11.106655772713275,-9.594311259951446
-11.101683470971096,-9.591364651450167
-11.096711169228925,-9.588417024045878
-11.091738867486754,-9.585468377490354
-11.086766565744576,-9.58251871153535
-11.081794264002404,-9.57956802593264
-11.076821962260226,-9.576616320433928
-11.071849660518055,-9.573663594790942
-11.066877358775876,-9.570709848755351
-11.061905057033705,-9.567755082078833
-11.056932755291534,-9.564799294513048
-11.051960453549356,-9.56184248580961
-11.046988151807184,-9.558884655720156
-11.042015850065006,-9.555925803996264
-11.037043548322835,-9.552965930389533
-11.032071246580657,-9.55000503465151
-11.027098944838485,-9.547043116533732
-11.022126643096314,-9.54408017578773
-11.017154341354136,-9.541116212165008
-11.012182039611965,-9.538151225417039
-11.007209737869786,-9.535185215295305
-11.002237436127615,-9.53221818155125
-10.997265134385444,-9.529250123936304
-10.992292832643265,-9.526281042201866
-10.987320530901094,-9.523310936099366
-10.982348229158916,-9.520339805380145
-10.977375927416745,-9.51736764979556
-10.972403625674566,-9.51439446909698
-10.967431323932395,-9.511420263035683
-10.962459022190224,-9.508445031363017
-10.957486720448046,-9.505468773830225
-10.952514418705874,-9.502491490188602
-10.947542116963696,-9.499513180189377
-10.942569815221525,-9.496533843583784
-10.937597513479346,-9.493553480123042
-10.932625211737175,-9.490572089558336
-10.927652909995004,-9.487589671640844
-10.922680608252826,-9.484606226121715
-10.917708306510654,-9.481621752752089
-10.912736004768476,-9.478636251283097
-10.907763703026305,-9.475649721465834
-10.902791401284134,-9.472662163051373
-10.897819099541955,-9.469673575790797
-10.892846797799784,-9.466683959435139
-10.887874496057606,-9.46369331373544
-10.882902194315434,-9.46070163844271
-10.877929892573256,-9.457708933307945
-10.872957590831085,-9.454715198082116
-10.867985289088914,-9.451720432516177
-10.863012987346735,-9.448724636361066
-10.858040685604564,-9.445727809367717
-10.853068383862386,-9.442729951287019
-10.848096082120215,-9.439731061869878
-10.843123780378036,-9.436731140867135
-10.838151478635865,-9.43373018802967
-10.833179176893694,-9.430728203108282
-10.828206875151515,-9.427725185853815
-10.823234573409344,-9.42472113601705
-10.818262271667166,-9.421716053348765
-10.813289969924995,-9.418709937599736
-10.808317668182823,-9.415702788520688
-10.803345366440645,-9.412694605862349
-10.798373064698474,-9.409685389375436
-10.793400762956296,-9.406675138810636
-10.788428461214124,-9.40366385391862
-10.783456159471946,-9.400651534450033
-10.778483857729775,-9.39763818015552
-10.773511555987604,-9.394623790785706
-10.768539254245425,-9.391608366091184
-10.763566952503254,-9.388591905822532
-10.758594650761076,-9.385574409730328
-10.753622349018904,-9.38255587756512
-10.748650047276726,-9.379536309077421
-10.743677745534555,-9.376515704017768
-10.738705443792384,-9.37349406213665
-10.733733142050205,-9.370471383184523
-10.728760840308034,-9.367447666911874
-10.723788538565856,-9.364422913069145
-10.718816236823685,-9.361397121406746
-10.713843935081513,-9.358370291675103
-10.708871633339335,-9.355342423624576
-10.703899331597164,-9.352313517005571
-10.698927029854985,-9.349283571568428
-10.693954728112814,-9.34625258706349
-10.688982426370636,-9.343220563241074
-10.684010124628465,-9.340187499851485
-10.679037822886293,-9.337153396645014
-10.674065521144115,-9.334118253371912
-10.669093219401944,-9.331082069782463
-10.664120917659766,-9.328044845626865
-10.659148615917594,-9.325006580655353
-10.654176314175416,-9.321967274618133
-10.649204012433245,-9.318926927265368
-10.644231710691074,-9.315885538347239
-10.639259408948895,-9.312843107613883
-10.634287107206724,-9.309799634815448
-10.629314805464546,-9.306755119702013
-10.624342503722374,-9.3037095620237
-10.619370201980203,-9.30066296153059
-10.614397900238025,-9.29761531797273
-10.609425598495854,-9.29456663110018
-10.604453296753675,-9.29151690066295
-10.599480995011504,-9.28846612641106
-10.594508693269326,-9.285414308094511
-10.589536391527155,-9.282361445463255
-10.584564089784983,-9.279307538267277
-10.579591788042805,-9.276252586256497
-10.574619486300634,-9.273196589180866
-10.569647184558455,-9.270139546790265
-10.564674882816284,-9.26708145883459
-10.559702581074106,-9.264022325063724
-10.554730279331935,-9.26096214522754
-10.549757977589763,-9.257900919075833
-10.544785675847585,-9.254838646358463
-10.539813374105414,-9.251775326825218
-10.534841072363236,-9.248710960225898
-10.529868770621064,-9.245645546310275
-10.524896468878893,-9.242579084828094
-10.519924167136715,-9.239511575529091
-10.514951865394544,-9.23644301816301
-10.509979563652365,-9.233373412479533
-10.505007261910194,-9.230302758228362
-10.500034960168016,-9.227231055159153
-10.495062658425844,-9.224158303021582
-10.490090356683673,-9.22108450156527
-10.485118054941495,-9.218009650539841
-10.480145753199324,-9.214933749694902
-10.475173451457145,-9.211856798780033
-10.470201149714974,-9.208778797544825
-10.465228847972796,-9.205699745738803
-10.460256546230625,-9.202619643111534
-10.455284244488453,-9.199538489412515
-10.450311942746275,-9.196456284391259
-10.445339641004104,-9.19337302779726
-10.440367339261925,-9.190288719379971
-10.435395037519754,-9.187203358888873
-10.430422735777583,-9.184116946073384
-10.425450434035405,-9.181029480682918
-10.420478132293233,-9.177940962466902
-10.415505830551055,-9.174851391174714
-10.410533528808884,-9.171760766555728
-10.405561227066705,-9.168669088359293
-10.400588925324534,-9.165576356334753
-10.395616623582363,-9.162482570231433
-10.390644321840185,-9.159387729798624
-10.385672020098013,-9.156291834785634
-10.380699718355835,-9.153194884941735
-10.375727416613664,-9.15009688001617
-10.370755114871486,-9.146997819758182
-10.365782813129314,-9.143897703917007
-10.360810511387143,-9.140796532241843
-10.355838209644965,-9.137694304481881
-10.350865907902794,-9.134591020386301
-10.345893606160615,-9.13148667970425
-10.340921304418444,-9.12838128218489
-10.335949002676273,-9.125274827577336
-10.330976700934094,-9.12216731563069
-10.326004399191923,-9.119058746094058
-10.321032097449745,-9.11594911871652
-10.316059795707574,-9.11283843324712
-10.311087493965395,-9.109726689434922
-10.306115192223224,-9.106613887028944
-10.301142890481053,-9.103500025778207
-10.296170588738875,-9.100385105431695
-10.291198286996703,-9.097269125738391
-10.286225985254525,-9.094152086447282
-10.281253683512354,-9.09103398730729
-10.276281381770175,-9.087914828067355
-10.271309080028004,-9.084794608476397
-10.266336778285833,-9.08167332828332
-10.261364476543655,-9.078550987236994
-10.256392174801483,-9.075427585086304
-10.251419873059305,-9.072303121580084
-10.246447571317134,-9.069177596467192
-10.241475269574963,-9.066051009496437
-10.236502967832784,-9.062923360416622
-10.231530666090613,-9.059794648976546
-10.226558364348435,-9.056664874924959
-10.221586062606264,-9.05353403801064
-10.216613760864085,-9.050402137982331
-10.211641459121914,-9.047269174588733
-10.206669157379743,-9.044135147578581
-10.201696855637564,-9.04100005670056
-10.196724553895393,-9.037863901703346
-10.191752252153215,-9.034726682335599
-10.186779950411044,-9.031588398345969
-10.181807648668865,-9.028449049483083
-10.176835346926694,-9.025308635495572
-10.171863045184523,-9.022167156132012
-10.166890743442345,-9.019024611140997
-10.161918441700173,-9.015881000271095
-10.156946139957995,-9.01273632327085
-10.151973838215824,-9.009590579888812
-10.147001536473653,-9.006443769873508
-10.142029234731474,-9.003295892973412
-10.137056932989303,-9.000146948937045
-10.132084631247125,-8.996996937512856
-10.127112329504953,-8.993845858449324
-10.122140027762775,-8.990693711494885
-10.117167726020604,-8.987540496397969
-10.112195424278433,-8.984386212906976
-10.107223122536254,-8.981230860770314
-10.102250820794083,-8.978074439736366
-10.097278519051905,-8.974916949553485
-10.092306217309734,-8.971758389970034
-10.087333915567555,-8.968598760734338
-10.082361613825384,-8.965438061594728
-10.077389312083213,-8.962276292299501
-10.072417010341034,-8.959113452596936
-10.067444708598863,-8.95594954223532
-10.062472406856685,-8.952784560962906
-10.057500105114514,-8.949618508527944
-10.052527803372342,-8.946451384678644
-10.047555501630164,-8.943283189163235
-10.042583199887993,-8.940113921729909
-10.037610898145815,-8.936943582126831
-10.032638596403643,-8.933772170102193
-10.027666294661465,-8.930599685404138
-10.022693992919294,-8.92742612778079
-10.017721691177123,-8.924251496980272
-10.012749389434944,-8.921075792750706
-10.007777087692773,-8.917899014840163
-10.002804785950595,-8.914721162996736
-9.997832484208423,-8.91154223696847
-9.992860182466245,-8.908362236503406
-9.987887880724074,-8.905181161349601
-9.982915578981903,-8.901999011255043
-9.977943277239724,-8.89881578596774
-9.972970975497553,-8.895631485235679
-9.967998673755375,-8.892446108806828
-9.963026372013204,-8.889259656429145
-9.958054070271032,-8.886072127850559
-9.953081768528854,-8.882883522819002
-9.948109466786683,-8.87969384108239
-9.943137165044504,-8.876503082388606
-9.938164863302333,-8.873311246485528
-9.933192561560155,-8.870118333121043
-9.928220259817984,-8.866924342042976
-9.923247958075812,-8.863729272999178
-9.918275656333634,-8.860533125737458
-9.913303354591463,-8.857335900005628
-9.908331052849285,-8.85413759555149
-9.903358751107113,-8.850938212122799
-9.898386449364935,-8.847737749467331
-9.893414147622764,-8.844536207332819
-9.888441845880592,-8.84133358546701
-9.883469544138414,-8.83812988361761
-9.878497242396243,-8.834925101532328
-9.873524940654065,-8.83171923895884
-9.868552638911893,-8.828512295644837
-9.863580337169722,-8.825304271337956
-9.858608035427544,-8.82209516578586
-9.853635733685373,-8.818884978736165
-9.848663431943194,-8.815673709936496
-9.843691130201023,-8.812461359134444
-9.838718828458845,-8.809247926077596
-9.833746526716673,-8.806033410513527
-9.828774224974502,-8.802817812189781
-9.823801923232324,-8.799601130853917
-9.818829621490153,-8.796383366253451
-9.813857319747974,-8.793164518135887
-9.808885018005803,-8.789944586248751
-9.803912716263625,-8.786723570339495
-9.798940414521454,-8.783501470155613
-9.793968112779282,-8.78027828544454
-9.788995811037104,-8.777054015953729
-9.784023509294933,-8.773828661430604
-9.779051207552754,-8.770602221622562
-9.774078905810583,-8.767374696277027
-9.769106604068412,-8.76414608514137
-9.764134302326234,-8.760916387962947
-9.759162000584062,-8.757685604489135
-9.754189698841884,-8.754453734467248
-9.749217397099713,-8.75122077764463
-9.744245095357535,-8.74798673376859
-9.739272793615363,-8.744751602586424
-9.734300491873192,-8.741515383845417
-9.729328190131014,-8.73827807729282
-9.724355888388843,-8.735039682675916
-9.719383586646664,-8.731800199741919
-9.714411284904493,-8.728559628238079
-9.709438983162315,-8.725317967911593
-9.704466681420143,-8.722075218509662
-9.699494379677972,-8.718831379779482
-9.694522077935794,-8.715586451468187
-9.689549776193623,-8.71234043332298
-9.684577474451444,-8.709093325090965
-9.679605172709273,-8.705845126519304
-9.674632870967102,-8.702595837355076
-9.669660569224924,-8.699345457345391
-9.664688267482752,-8.69609398623736
-9.659715965740574,-8.692841423778013
-9.654743663998403,-8.689587769714448
-9.649771362256224,-8.68633302379368
-9.644799060514053,-8.68307718576275
-9.639826758771882,-8.679820255368686
-9.634854457029704,-8.676562232358467
-9.629882155287532,-8.67330311647909
-9.624909853545354,-8.670042907477534
-9.619937551803183,-8.66678160510076
-9.614965250061005,-8.663519209095709
-9.609992948318833,-8.660255719209319
-9.605020646576662,-8.656991135188516
-9.600048344834484,-8.653725456780176
-9.595076043092313,-8.650458683731236
-9.590103741350134,-8.647190815788532
-9.585131439607963,-8.643921852698957
-9.580159137865792,-8.640651794209353
-9.575186836123613,-8.63738064006655
-9.570214534381442,-8.634108390017383
-9.565242232639264,-8.630835043808647
-9.560269930897093,-8.627560601187149
-9.555297629154914,-8.624285061899677
-9.550325327412743,-8.621008425692983
-9.545353025670572,-8.617730692313843
-9.540380723928394,-8.61445186150897
-9.535408422186222,-8.611171933025132
-9.530436120444044,-8.607890906609002
-9.525463818701873,-8.604608782007318
-9.520491516959694,-8.601325558966746
-9.515519215217523,-8.598041237233959
-9.510546913475352,-8.59475581655563
-9.505574611733174,-8.591469296678405
-9.500602309991002,-8.588181677348906
-9.495630008248824,-8.58489295831376
-9.490657706506653,-8.581603139319588
-9.485685404764482,-8.578312220112968
-9.480713103022303,-8.575020200440484
-9.475740801280132,-8.571727080048714
-9.470768499537954,-8.568432858684186
-9.465796197795783,-8.565137536093474
-9.460823896053604,-8.561841112023068
-9.455851594311433,-8.558543586219521
-9.450879292569262,-8.555244958429311
-9.445906990827083,-8.551945228398932
-9.440934689084912,-8.548644395874856
-9.435962387342734,-8.545342460603552
-9.430990085600563,-8.542039422331456
-9.426017783858384,-8.538735280805
-9.421045482116213,-8.53543003577063
-9.416073180374042,-8.532123686974746
-9.411100878631864,-8.528816234163731
-9.406128576889692,-8.52550767708397
-9.401156275147514,-8.522198015481834
-9.396183973405343,-8.518887249103697
-9.391211671663172,-8.515575377695889
-9.386239369920993,-8.51226240100473
-9.381267068178822,-8.508948318776552
-9.376294766436644,-8.505633130757655
-9.371322464694472,-8.502316836694334
-9.366350162952294,-8.49899943633286
-9.361377861210123,-8.495680929419516
-9.356405559467952,-8.492361315700535
-9.351433257725773,-8.489040594922155
-9.346460955983602,-8.485718766830628
-9.341488654241424,-8.482395831172145
-9.336516352499252,-8.479071787692922
-9.331544050757074,-8.475746636139137
-9.326571749014903,-8.472420376256972
-9.321599447272732,-8.46909300779259
-9.316627145530553,-8.46576453049214
-9.311654843788382,-8.462434944101757
-9.306682542046204,-8.459104248367568
-9.301710240304033,-8.455772443035695
-9.296737938561861,-8.452439527852214
-9.291765636819683,-8.449105502563233
-9.286793335077512,-8.44577036691483
-9.281821033335333,-8.44243412065304
-9.276848731593162,-8.439096763523931
-9.271876429850984,-8.435758295273533
-9.266904128108813,-8.43241871564788
-9.261931826366641,-8.42907802439298
-9.256959524624463,-8.425736221254807
-9.251987222882292,-8.422393305979385
-9.247014921140114,-8.419049278312661
-9.242042619397942,-8.41570413800062
-9.237070317655764,-8.412357884789184
-9.232098015913593,-8.409010518424296
-9.227125714171422,-8.405662038651899
-9.222153412429243,-8.40231244521787
-9.217181110687072,-8.398961737868136
-9.212208808944894,-8.39560991634858
-9.207236507202722,-8.392256980405069
-9.202264205460551,-8.388902929783463
-9.197291903718373,-8.385547764229619
-9.192319601976202,-8.382191483489372
-9.187347300234023,-8.378834087308542
-9.182374998491852,-8.375475575432944
-9.177402696749674,-8.372115947608375
-9.172430395007503,-8.368755203580633
-9.167458093265331,-8.36539334309548
-9.162485791523153,-8.36203036589869
-9.157513489780982,-8.358666271736011
-9.152541188038803,-8.355301060353185
-9.147568886296632,-8.351934731495932
-9.142596584554454,-8.348567284909967
-9.137624282812283,-8.345198720341013
-9.132651981070111,-8.341829037534735
-9.127679679327933,-8.33845823623681
-9.122707377585762,-8.33508631619293
-9.117735075843584,-8.331713277148724
-9.112762774101412,-8.328339118849858
-9.107790472359241,-8.324963841041937
-9.102818170617063,-8.3215874434706
-9.097845868874892,-8.318209925881439
-9.092873567132713,-8.31483128802006
-9.087901265390542,-8.311451529632038
-9.082928963648364,-8.30807065046294
-9.077956661906192,-8.304688650258328
-9.072984360164021,-8.301305528763763
-9.068012058421843,-8.297921285724755
-9.063039756679672,-8.294535920886853
-9.058067454937493,-8.29114943399554
-9.053095153195322,-8.287761824796345
-9.048122851453144,-8.284373093034722
-9.043150549710973,-8.280983238456171
-9.038178247968801,-8.277592260806168
-9.033205946226623,-8.27420015983013
-9.028233644484452,-8.270806935273516
-9.023261342742273,-8.267412586881754
-9.018289041000102,-8.264017114400268
-9.013316739257931,-8.260620517574456
-9.008344437515753,-8.257222796149696
-9.003372135773581,-8.253823949871395
-8.998399834031403,-8.250423978484918
-8.993427532289232,-8.247022881735614
-8.988455230547054,-8.243620659368833
-8.983482928804882,-8.240217311129925
-8.978510627062711,-8.236812836764198
-8.973538325320533,-8.23340723601697
-8.968566023578362,-8.230000508633536
-8.963593721836183,-8.226592654359196
-8.958621420094012,-8.22318367293922
-8.953649118351834,-8.219773564118883
-8.948676816609662,-8.216362327643427
-8.943704514867491,-8.21294996325811
-8.938732213125313,-8.209536470708152
-8.933759911383142,-8.206121849738794
-8.928787609640963,-8.20270610009522
-8.923815307898792,-8.199289221522644
-8.91884300615662,-8.195871213766242
-8.913870704414443,-8.192452076571197
-8.908898402672271,-8.189031809682684
-8.903926100930093,-8.185610412845831
-8.898953799187922,-8.182187885805796
-8.893981497445743,-8.178764228307708
-8.889009195703572,-8.175339440096684
-8.884036893961401,-8.171913520917833
-8.879064592219223,-8.168486470516253
-8.874092290477051,-8.165058288637026
-8.869119988734873,-8.161628975025229
-8.864147686992702,-8.15819852942593
-8.859175385250524,-8.154766951584168
-8.854203083508352,-8.151334241244996
-8.849230781766181,-8.147900398153439
-8.844258480024003,-8.144465422054516
-8.839286178281831,-8.141029312693236
-8.834313876539653,-8.137592069814591
-8.829341574797482,-8.134153693163581
-8.82436927305531,-8.130714182485168
-8.819396971313132,-8.127273537524323
-8.814424669570961,-8.123831758025984
-8.809452367828783,-8.120388843735109
-8.804480066086612,-8.116944794396632
-8.799507764344433,-8.113499609755452
-8.794535462602262,-8.110053289556497
-8.78956316086009,-8.106605833544668
-8.784590859117912,-8.103157241464828
-8.779618557375741,-8.099707513061883
-8.774646255633563,-8.096256648080685
-8.769673953891392,-8.092804646266085
-8.764701652149213,-8.08935150736293
-8.759729350407042,-8.085897231116064
-8.754757048664871,-8.082441817270302
-8.749784746922693,-8.078985265570441
-8.744812445180521,-8.075527575761308
-8.739840143438343,-8.072068747587679
-8.734867841696172,-8.068608780794346
-8.729895539954,-8.065147675126063
-8.724923238211822,-8.061685430327595
-8.719950936469651,-8.058222046143692
-8.714978634727473,-8.05475752231909
-8.710006332985301,-8.051291858598523
-8.705034031243123,-8.047825054726692
-8.700061729500952,-8.044357110448312
-8.69508942775878,-8.04088802550808
-8.690117126016602,-8.037417799650672
-8.685144824274431,-8.033946432620777
-8.680172522532253,-8.03047392416304
-8.675200220790082,-8.027000274022134
-8.670227919047903,-8.023525481942684
-8.665255617305732,-8.020049547669341
-8.66028331556356,-8.01657247094672
-8.655311013821382,-8.013094251519417
-8.650338712079211,-8.009614889132052
-8.645366410337033,-8.006134383529215
-8.640394108594862,-8.002652734455475
-8.63542180685269,-7.999169941655413
-8.630449505110512,-7.995686004873579
-8.625477203368341,-7.992200923854543
-8.620504901626163,-7.988714698342821
-8.615532599883991,-7.9852273280829555
-8.610560298141813,-7.98173881281946
-8.605587996399642,-7.97824915229685
-8.60061569465747,-7.974758346259622
-8.595643392915292,-7.9712663944522495
-8.590671091173121,-7.967773296619235
-8.585698789430943,-7.964279052505032
-8.580726487688771,-7.960783661854109
-8.575754185946593,-7.957287124410906
-8.570781884204422,-7.953789439919855
-8.56580958246225,-7.950290608125402
-8.560837280720072,-7.946790628771948
-8.555864978977901,-7.943289501603911
-8.550892677235723,-7.939787226365679
-8.545920375493552,-7.936283802801655
-8.54094807375138,-7.932779230656213
-8.535975772009202,-7.929273509673707
-8.53100347026703,-7.9257666395985105
-8.526031168524852,-7.922258620174961
-8.521058866782681,-7.918749451147408
-8.516086565040503,-7.915239132260175
-8.511114263298332,-7.911727663257572
-8.50614196155616,-7.908215043883935
-8.501169659813982,-7.904701273883525
-8.49619735807181,-7.901186353000651
-8.491225056329633,-7.897670280979596
-8.486252754587461,-7.8941530575646315
-8.481280452845283,-7.890634682500003
-8.476308151103112,-7.887115155529976
-8.47133584936094,-7.883594476398774
-8.466363547618762,-7.880072644850634
-8.461391245876591,-7.876549660629802
-8.456418944134413,-7.873025523480456
-8.451446642392241,-7.869500233146806
-8.44647434065007,-7.865973789373067
-8.441502038907892,-7.862446191903382
-8.43652973716572,-7.8589174404819575
-8.431557435423542,-7.85538753485294
-8.426585133681371,-7.851856474760495
-8.421612831939193,-7.848324259948749
-8.416640530197022,-7.844790890161859
-8.41166822845485,-7.841256365143944
-8.406695926712672,-7.837720684639109
-8.4017236249705,-7.8341838483914685
-8.396751323228322,-7.830645856145115
-8.391779021486151,-7.827106707644155
-8.386806719743973,-7.823566402632648
-8.381834418001802,-7.820024940854659
-8.37686211625963,-7.816482322054266
-8.371889814517452,-7.812938545975508
-8.36691751277528,-7.80939361236243
-8.361945211033103,-7.805847520959052
-8.356972909290931,-7.80230027150942
-8.35200060754876,-7.79875186375752
-8.347028305806582,-7.795202297447375
-8.34205600406441,-7.7916515723229764
-8.337083702322232,-7.788099688128304
-8.332111400580061,-7.784546644607348
-8.327139098837883,-7.780992441504047
-8.322166797095711,-7.777437078562395
-8.31719449535354,-7.773880555526318
-8.312222193611362,-7.770322872139757
-8.30724989186919,-7.766764028146644
-8.302277590127012,-7.763204023290912
-8.297305288384841,-7.759642857316465
-8.292332986642663,-7.7560805299672015
-8.287360684900491,-7.752517040987022
-8.28238838315832,-7.748952390119829
-8.277416081416142,-7.7453865771094605
-8.27244377967397,-7.741819601699812
-8.267471477931792,-7.738251463634735
-8.262499176189621,-7.734682162658082
-8.25752687444745,-7.731111698513689
-8.252554572705272,-7.727540070945392
-8.2475822709631,-7.723967279697016
-8.242609969220922,-7.720393324512363
-8.23763766747875,-7.716818205135257
-8.232665365736572,-7.713241921309477
-8.227693063994401,-7.709664472778822
-8.22272076225223,-7.706085859287071
-8.217748460510052,-7.70250608057799
-8.21277615876788,-7.698925136395344
-8.207803857025702,-7.695343026482875
-8.202831555283531,-7.691759750584346
-8.197859253541353,-7.68817530844347
-8.192886951799181,-7.684589699803992
-8.18791465005701,-7.681002924409633
-8.182942348314832,-7.677414982004077
-8.17797004657266,-7.6738258723310615
-8.172997744830482,-7.670235595134247
-8.168025443088311,-7.666644150157325
-8.16305314134614,-7.663051537143987
-8.158080839603961,-7.659457755837873
-8.15310853786179,-7.6558628059826646
-8.148136236119612,-7.652266687321998
-8.14316393437744,-7.648669399599527
-8.138191632635262,-7.645070942558865
-8.133219330893091,-7.641471315943659
-8.12824702915092,-7.637870519497509
-8.123274727408742,-7.63426855296402
-8.11830242566657,-7.630665416086799
-8.113330123924392,-7.627061108609441
-8.10835782218222,-7.62345563027552
-8.103385520440042,-7.619848980828617
-8.098413218697871,-7.616241160012302
-8.0934409169557,-7.6126321675701085
-8.088468615213522,-7.609022003245608
-8.08349631347135,-7.605410666782337
-8.078524011729172,-7.60179815792382
-8.073551709987001,-7.598184476413595
-8.06857940824483,-7.594569621995171
-8.063607106502651,-7.59095359441205
-8.05863480476048,-7.587336393407748
-8.053662503018302,-7.583718018725737
-8.04869020127613,-7.580098470109516
-8.043717899533952,-7.576477747302545
-8.038745597791781,-7.572855850048314
-8.03377329604961,-7.569232778090269
-8.028800994307431,-7.5656085311718595
-8.02382869256526,-7.561983109036536
-8.018856390823082,-7.558356511427721
-8.01388408908091,-7.554728738088866
-8.008911787338732,-7.551099788763359
-8.003939485596561,-7.547469663194642
-7.99896718385439,-7.543838361126097
-7.9939948821122115,-7.5402058823011275
-7.98902258037004,-7.536572226463127
-7.984050278627862,-7.53293739335546
-7.979077976885691,-7.529301382721518
-7.9741056751435195,-7.5256641943046505
-7.969133373401341,-7.522025827848218
-7.96416107165917,-7.518386283095569
-7.959188769916992,-7.514745559790041
-7.95421646817482,-7.511103657674978
-7.949244166432642,-7.5074605764936955
-7.944271864690471,-7.503816315989524
-7.9392995629483,-7.500170875905749
-7.934327261206121,-7.496524255985689
-7.92935495946395,-7.49287645597264
-7.924382657721772,-7.489227475609885
-7.9194103559796005,-7.485577314640707
-7.914438054237422,-7.481925972808362
-7.909465752495251,-7.478273449856138
-7.90449345075308,-7.474619745527284
-7.899521149010901,-7.470964859565034
-7.89454884726873,-7.467308791712645
-7.889576545526552,-7.463651541713341
-7.884604243784381,-7.459993109310361
-7.879631942042209,-7.456333494246912
-7.874659640300031,-7.452672696266216
-7.86968733855786,-7.449010715111465
-7.8647150368156815,-7.445347550525857
-7.85974273507351,-7.441683202252597
-7.854770433331332,-7.438017670034847
-7.849798131589161,-7.434350953615797
-7.8448258298469895,-7.430683052738605
-7.839853528104811,-7.42701396714643
-7.83488122636264,-7.423343696582426
-7.829908924620462,-7.419672240789742
-7.82493662287829,-7.41599959951152
-7.819964321136112,-7.412325772490875
-7.814992019393941,-7.40865075947095
-7.81001971765177,-7.404974560194843
-7.805047415909591,-7.401297174405674
-7.80007511416742,-7.397618601846542
-7.795102812425242,-7.393938842260538
-7.7901305106830705,-7.390257895390756
-7.785158208940899,-7.386575760980279
-7.780185907198721,-7.382892438772165
-7.77521360545655,-7.379207928509498
-7.770241303714371,-7.375522229935329
-7.7652690019722,-7.37183534279271
-7.760296700230022,-7.368147266824691
-7.755324398487851,-7.364458001774301
-7.750352096745679,-7.360767547384583
-7.745379795003501,-7.357075903398553
-7.74040749326133,-7.353383069559229
-7.7354351915191515,-7.349689045609621
-7.73046288977698,-7.345993831292745
-7.725490588034802,-7.342297426351566
-7.720518286292631,-7.338599830529112
-7.7155459845504595,-7.334901043568355
-7.710573682808281,-7.331201065212245
-7.70560138106611,-7.327499895203784
-7.700629079323932,-7.323797533285913
-7.69565677758176,-7.320093979201609
-7.690684475839589,-7.316389232693803
-7.685712174097411,-7.312683293505438
-7.68073987235524,-7.308976161379454
-7.675767570613061,-7.3052678360587855
-7.67079526887089,-7.301558317286343
-7.665822967128712,-7.297847604805051
-7.6608506653865405,-7.294135698357819
-7.655878363644369,-7.290422597687534
-7.650906061902191,-7.2867083025371215
-7.64593376016002,-7.2829928126494385
-7.640961458417841,-7.279276127767382
-7.63598915667567,-7.27555824763383
-7.631016854933492,-7.271839171991647
-7.626044553191321,-7.268118900583706
-7.621072251449149,-7.264397433152849
-7.616099949706971,-7.2606747694419305
-7.6111276479648,-7.256950909193804
-7.6061553462226215,-7.253225852151295
-7.60118304448045,-7.24949959805724
-7.596210742738279,-7.245772146654459
-7.591238440996101,-7.242043497685772
-7.5862661392539295,-7.2383136508939945
-7.581293837511751,-7.234582606021926
-7.57632153576958,-7.230850362812368
-7.571349234027402,-7.227116921008113
-7.56637693228523,-7.22338228035195
-7.561404630543059,-7.219646440586659
-7.556432328800881,-7.215909401455009
-7.55146002705871,-7.212171162699772
-7.546487725316531,-7.208431724063704
-7.54151542357436,-7.204691085289566
-7.536543121832182,-7.200949246120109
-7.53157082009001,-7.197206206298074
-7.526598518347839,-7.193461965566198
-7.521626216605661,-7.189716523667193
-7.51665391486349,-7.1859698803438254
-7.511681613121311,-7.182222035338781
-7.50670931137914,-7.17847298839478
-7.501737009636969,-7.174722739254539
-7.4967647078947905,-7.170971287660736
-7.491792406152619,-7.167218633356088
-7.486820104410441,-7.163464776083278
-7.48184780266827,-7.159709715584977
-7.476875500926091,-7.155953451603884
-7.47190319918392,-7.15219598388265
-7.466930897441749,-7.148437312163956
-7.461958595699571,-7.144677436190445
-7.456986293957399,-7.14091635570478
-7.452013992215221,-7.137154070449611
-7.44704169047305,-7.133390580167567
-7.4420693887308715,-7.1296258846013
-7.4370970869887,-7.12585998349343
-7.432124785246529,-7.12209287658659
-7.427152483504351,-7.1183245636233865
-7.4221801817621795,-7.1145550443464485
-7.417207880020001,-7.110784318498363
-7.41223557827783,-7.1070123858217435
-7.407263276535659,-7.103239246059194
-7.40229097479348,-7.09946489895329
-7.397318673051309,-7.095689344246625
-7.392346371309131,-7.091912581681776
-7.38737406956696,-7.088134611001311
-7.382401767824781,-7.084355431947805
-7.37742946608261,-7.080575044263824
-7.372457164340439,-7.076793447691919
-7.3674848625982605,-7.073010641974637
-7.362512560856089,-7.069226626854535
-7.357540259113911,-7.0654414020741445
-7.35256795737174,-7.061654967376001
-7.347595655629561,-7.057867322502645
-7.34262335388739,-7.054078467196594
-7.337651052145219,-7.050288401200361
-7.332678750403041,-7.046497124256465
-7.327706448660869,-7.042704636107415
-7.322734146918691,-7.038910936495714
-7.31776184517652,-7.03511602516386
-7.312789543434349,-7.031319901854344
-7.30781724169217,-7.027522566309649
-7.302844939949999,-7.023724018272266
-7.297872638207821,-7.019924257484666
-7.2929003364656495,-7.016123283689321
-7.287928034723471,-7.012321096628694
-7.2829557329813,-7.0085176960452555
-7.277983431239129,-7.004713081681451
-7.27301112949695,-7.000907253279731
-7.268038827754779,-6.997100210582563
-7.263066526012601,-6.9932919533323545
-7.25809422427043,-6.989482481271564
-7.253121922528251,-6.98567179414261
-7.24814962078608,-6.981859891687932
-7.243177319043909,-6.978046773649948
-7.2382050173017305,-6.974232439771052
-7.233232715559559,-6.970416889793676
-7.228260413817381,-6.966600123460222
-7.22328811207521,-6.962782140513085
-7.2183158103330385,-6.958962940694664
-7.21334350859086,-6.95514252374735
-7.208371206848689,-6.9513208894135285
-7.203398905106511,-6.947498037435581
-7.198426603364339,-6.943673967555884
-7.193454301622161,-6.939848679516805
-7.18848199987999,-6.936022173060722
-7.183509698137819,-6.932194447929996
-7.17853739639564,-6.928365503866966
-7.173565094653469,-6.924535340613998
-7.168592792911291,-6.920703957913432
-7.1636204911691195,-6.916871355507635
-7.158648189426941,-6.913037533138909
-7.15367588768477,-6.909202490549621
-7.148703585942599,-6.9053662274820775
-7.14373128420042,-6.901528743678614
-7.138758982458249,-6.897690038881547
-7.133786680716071,-6.893850112833195
-7.1288143789739,-6.8900089652758565
-7.123842077231728,-6.88616659595186
-7.11886977548955,-6.882323004603484
-7.113897473747379,-6.878478190973045
-7.1089251720052005,-6.874632154802821
-7.103952870263029,-6.870784895835103
-7.098980568520851,-6.866936413812185
-7.09400826677868,-6.863086708476337
-7.0890359650365085,-6.859235779569835
-7.08406366329433,-6.855383626834953
-7.079091361552159,-6.851530250013961
-7.074119059809981,-6.847675648849107
-7.069146758067809,-6.843819823082667
-7.064174456325631,-6.8399627724568735
-7.05920215458346,-6.836104496713991
-7.054229852841289,-6.832244995596265
-7.04925755109911,-6.828384268845921
-7.044285249356939,-6.824522316205216
-7.039312947614761,-6.820659137416364
-7.0343406458725894,-6.816794732221606
-7.029368344130418,-6.812929100363161
-7.02439604238824,-6.8090622415832485
-7.019423740646069,-6.805194155624086
-7.01445143890389,-6.80132484222787
-7.009479137161719,-6.797454301136834
-7.004506835419541,-6.793582532093161
-6.9995345336773696,-6.7897095348390595
-6.994562231935198,-6.785835309116722
-6.98958993019302,-6.781959854668348
-6.984617628450849,-6.7780831712361085
-6.97964532670867,-6.774205258562195
-6.974673024966499,-6.7703261163887944
-6.969700723224321,-6.766445744458065
-6.96472842148215,-6.762564142512205
-6.959756119739978,-6.758681310293356
-6.9547838179978,-6.754797247543685
-6.949811516255629,-6.750911954005372
-6.9448392145134505,-6.747025429420543
-6.939866912771279,-6.743137673531379
-6.934894611029108,-6.739248686080014
-6.92992230928693,-6.73535846680859
-6.9249500075447585,-6.731467015459268
-6.91997770580258,-6.72757433177416
-6.915005404060409,-6.723680415495407
-6.910033102318231,-6.7197852663651485
-6.905060800576059,-6.715888884125506
-6.900088498833888,-6.7119912685186005
-6.89511619709171,-6.708092419286543
-6.890143895349539,-6.704192336171469
-6.88517159360736,-6.700291018915471
-6.880199291865189,-6.696388467260669
-6.875226990123011,-6.692484680949152
-6.8702546883808395,-6.688579659723053
-6.865282386638668,-6.684673403324438
-6.86031008489649,-6.680765911495408
-6.855337783154319,-6.676857183978066
-6.85036548141214,-6.672947220514493
-6.845393179669969,-6.669036020846772
-6.840420877927798,-6.665123584716982
-6.83544857618562,-6.661209911867195
-6.830476274443448,-6.657295002039497
-6.82550397270127,-6.653378854975951
-6.820531670959099,-6.649461470418619
-6.8155593692169205,-6.64554284810958
-6.810587067474749,-6.641622987790886
-6.805614765732578,-6.6377018892045925
-6.8006424639904,-6.63377955209275
-6.7956701622482285,-6.629855976197421
-6.79069786050605,-6.625931161260641
-6.785725558763879,-6.6220051070244645
-6.780753257021701,-6.6180778132309195
-6.775780955279529,-6.614149279622059
-6.770808653537358,-6.610219505939913
-6.76583635179518,-6.606288491926503
-6.760864050053009,-6.602356237323877
-6.75589174831083,-6.598422741874044
-6.750919446568659,-6.594488005319031
-6.745947144826488,-6.590552027400858
-6.7409748430843095,-6.586614807861549
-6.736002541342138,-6.582676346443108
-6.73103023959996,-6.5787366428875425
-6.726057937857789,-6.574795696936882
-6.72108563611561,-6.570853508333101
-6.716113334373439,-6.566910076818222
-6.711141032631268,-6.562965402134242
-6.70616873088909,-6.559019484023152
-6.701196429146918,-6.5550723222269465
-6.69622412740474,-6.5511239164876045
-6.691251825662569,-6.547174266547142
-6.6862795239203905,-6.543223372147516
-6.681307222178219,-6.53927123303073
-6.676334920436048,-6.535317848938749
-6.67136261869387,-6.531363219613548
-6.6663903169516985,-6.5274073447971155
-6.66141801520952,-6.523450224231407
-6.656445713467349,-6.519491857658401
-6.651473411725178,-6.515532244820063
-6.646501109982999,-6.511571385458344
-6.641528808240828,-6.507609279315227
-6.63655650649865,-6.503645926132649
-6.631584204756479,-6.499681325652579
-6.6266119030143,-6.495715477616963
-6.621639601272129,-6.491748381767754
-6.616667299529958,-6.487780037846907
-6.6116949977877795,-6.483810445596349
-6.606722696045608,-6.479839604758042
-6.60175039430343,-6.475867515073914
-6.596778092561259,-6.471894176285917
-6.59180579081908,-6.46791958813597
-6.586833489076909,-6.463943750366019
-6.581861187334738,-6.459966662717989
-6.57688888559256,-6.455988324933808
-6.571916583850388,-6.452008736755406
-6.56694428210821,-6.4480278979247085
-6.561971980366039,-6.4440458081836285
-6.556999678623868,-6.440062467274102
-6.552027376881689,-6.43607787493803
-6.547055075139518,-6.432092030917332
-6.54208277339734,-6.428104934953931
-6.5371104716551685,-6.424116586789719
-6.53213816991299,-6.420126986166617
-6.527165868170819,-6.416136132826538
-6.522193566428648,-6.412144026511372
-6.517221264686469,-6.408150666963019
-6.512248962944298,-6.4041560539234
-6.50727666120212,-6.400160187134391
-6.502304359459949,-6.396163066337904
-6.49733205771777,-6.392164691275815
-6.492359755975599,-6.388165061690038
-6.487387454233428,-6.38416417732246
-6.482415152491249,-6.380162037914946
-6.477442850749078,-6.376158643209402
-6.4724705490069,-6.3721539929477045
-6.467498247264729,-6.36814808687175
-6.462525945522557,-6.364140924723402
-6.457553643780379,-6.360132506244543
-6.452581342038208,-6.356122831177055
-6.4476090402960295,-6.352111899262808
-6.442636738553858,-6.348099710243679
-6.43766443681168,-6.34408626386154
-6.432692135069509,-6.34007155985826
-6.4277198333273375,-6.336055597975708
-6.422747531585159,-6.33203837795573
-6.417775229842988,-6.328019899540222
-6.41280292810081,-6.324000162471029
-6.407830626358638,-6.319979166490019
-6.40285832461646,-6.315956911339043
-6.397886022874289,-6.31193339675998
-6.392913721132118,-6.30790862249466
-6.387941419389939,-6.303882588284945
-6.382969117647768,-6.299855293872692
-6.37799681590559,-6.295826738999758
-6.3730245141634185,-6.291796923407995
-6.368052212421247,-6.287765846839237
-6.363079910679069,-6.283733509035336
-6.358107608936898,-6.279699909738149
-6.353135307194719,-6.2756650486895085
-6.348163005452548,-6.271628925631259
-6.34319070371037,-6.267591540305247
-6.338218401968199,-6.2635528924533075
-6.333246100226027,-6.259512981817288
-6.328273798483849,-6.255471808139013
-6.323301496741678,-6.251429371160328
-6.3183291949994995,-6.2473856706230695
-6.313356893257328,-6.243340706269062
-6.30838459151515,-6.2392944778401445
-6.303412289772979,-6.235246985078153
-6.2984399880308075,-6.231198227724909
-6.293467686288629,-6.227148205522244
-6.288495384546458,-6.223096918211985
-6.28352308280428,-6.219044365535959
-6.278550781062108,-6.214990547235992
-6.273578479319937,-6.21093546305391
-6.268606177577759,-6.206879112731535
-6.263633875835588,-6.202821496010687
-6.258661574093409,-6.198762612633186
-6.253689272351238,-6.194702462340856
-6.24871697060906,-6.190641044875514
-6.2437446688668885,-6.186578359978986
-6.238772367124717,-6.182514407393076
-6.233800065382539,-6.178449186859606
-6.228827763640368,-6.174382698120405
-6.223855461898189,-6.170314940917258
-6.218883160156018,-6.166245914991999
-6.21391085841384,-6.162175620086448
-6.208938556671669,-6.158104055942388
-6.203966254929497,-6.154031222301664
-6.198993953187319,-6.14995711890606
-6.194021651445148,-6.145881745497405
-6.1890493497029695,-6.141805101817487
-6.184077047960798,-6.13772718760813
-6.179104746218627,-6.133648002611143
-6.174132444476449,-6.129567546568315
-6.1691601427342775,-6.125485819221475
-6.164187840992099,-6.121402820312408
-6.159215539249928,-6.11731854958293
-6.15424323750775,-6.113233006774846
-6.149270935765578,-6.109146191629952
-6.144298634023407,-6.105058103890063
-6.139326332281229,-6.100968743296961
-6.134354030539058,-6.096878109592463
-6.129381728796879,-6.0927862025183686
-6.124409427054708,-6.088693021816483
-6.11943712531253,-6.084598567228596
-6.1144648235703585,-6.080502838496519
-6.109492521828187,-6.076405835362037
-6.104520220086009,-6.072307557566956
-6.099547918343838,-6.068208004853086
-6.094575616601659,-6.06410717696221
-6.089603314859488,-6.0600050736361375
-6.084631013117317,-6.055901694616655
-6.079658711375139,-6.051797039645563
-6.074686409632967,-6.047691108464659
-6.069714107890789,-6.043583900815744
-6.064741806148618,-6.039475416440616
-6.0597695044064395,-6.035365655081069
-6.054797202664268,-6.0312546164789
-6.049824900922097,-6.027142300375899
-6.044852599179919,-6.023028706513861
-6.0398802974377475,-6.018913834634601
-6.034907995695569,-6.014797684479882
-6.029935693953398,-6.010680255791535
-6.02496339221122,-6.006561548311328
-6.019991090469048,-6.002441561781073
-6.015018788726877,-5.998320295942561
-6.010046486984699,-5.99419775053758
-6.005074185242528,-5.990073925307933
-6.000101883500349,-5.985948819995413
-5.995129581758178,-5.98182243434182
-5.990157280016007,-5.977694768088951
-5.9851849782738284,-5.973565820978587
-5.980212676531657,-5.969435592752541
-5.975240374789479,-5.9653040831525965
-5.970268073047308,-5.96117129192056
-5.965295771305129,-5.957037218798213
-5.960323469562958,-5.952901863527368
-5.955351167820787,-5.948765225849821
-5.9503788660786086,-5.944627305507347
-5.945406564336437,-5.940488102241776
-5.940434262594259,-5.936347615794872
-5.935461960852088,-5.9322058459084595
-5.930489659109909,-5.928062792324326
-5.925517357367738,-5.923918454784272
-5.920545055625567,-5.919772833030095
-5.915572753883389,-5.915625926803586
-5.910600452141217,-5.911477735846557
-5.905628150399039,-5.907328259900803
-5.900655848656868,-5.903177498708128
-5.895683546914697,-5.899025452010328
-5.890711245172518,-5.894872119549209
-5.885738943430347,-5.890717501066561
-5.880766641688169,-5.886561596304207
-5.8757943399459975,-5.882404405003928
-5.870822038203819,-5.878245926907546
-5.865849736461648,-5.874086161756857
-5.860877434719477,-5.869925109293667
-5.855905132977298,-5.865762769259775
-5.850932831235127,-5.861599141396992
-5.845960529492949,-5.857434225447128
-5.840988227750778,-5.853268021151991
-5.836015926008599,-5.849100528253375
-5.831043624266428,-5.844931746493118
-5.826071322524257,-5.840761675612997
-5.8210990207820785,-5.836590315354838
-5.816126719039907,-5.8324176654604605
-5.811154417297729,-5.828243725671664
-5.806182115555558,-5.824068495730263
-5.8012098138133865,-5.819891975378073
-5.796237512071208,-5.815714164356902
-5.791265210329037,-5.81153506240858
-5.786292908586859,-5.807354669274908
-5.781320606844687,-5.803172984697719
-5.776348305102509,-5.798990008418813
-5.771376003360338,-5.794805740180029
-5.766403701618167,-5.790620179723177
-5.761431399875988,-5.786433326790077
-5.756459098133817,-5.782245181122555
-5.751486796391639,-5.778055742462432
-5.7465144946494675,-5.773865010551541
-5.741542192907289,-5.769672985131692
-5.736569891165118,-5.7654796659447225
-5.731597589422947,-5.7612850527324655
-5.726625287680768,-5.75708914523674
-5.721652985938597,-5.752891943199378
-5.716680684196419,-5.748693446362214
-5.711708382454248,-5.744493654467081
-5.706736080712076,-5.74029256725581
-5.701763778969898,-5.736090184470241
-5.696791477227727,-5.731886505852207
-5.6918191754855485,-5.727681531143546
-5.686846873743377,-5.7234752600861
-5.681874572001199,-5.7192676924217025
-5.676902270259028,-5.7150588278922125
-5.6719299685168565,-5.710848666239462
-5.666957666774678,-5.706637207205283
-5.661985365032507,-5.702424450531553
-5.657013063290329,-5.698210395960086
-5.652040761548157,-5.693995043232757
-5.647068459805979,-5.689778392091404
-5.642096158063808,-5.685560442277892
-5.637123856321637,-5.681341193534054
-5.632151554579458,-5.677120645601767
-5.627179252837287,-5.672898798222873
-5.622206951095109,-5.668675651139234
-5.6172346493529375,-5.664451204092719
-5.612262347610766,-5.660225456825186
-5.607290045868588,-5.655998409078488
-5.602317744126417,-5.651770060594503
-5.597345442384238,-5.647540411115094
-5.592373140642067,-5.6433094603821345
-5.587400838899889,-5.639077208137486
-5.582428537157718,-5.634843654123028
-5.577456235415546,-5.630608798080638
-5.572483933673368,-5.6263726397521765
-5.567511631931197,-5.622135178879542
-5.5625393301890185,-5.6178964152045925
-5.557567028446847,-5.613656348469231
-5.552594726704669,-5.609414978415326
-5.547622424962498,-5.605172304784771
-5.5426501232203265,-5.600928327319451
-5.537677821478148,-5.596683045761252
-5.532705519735977,-5.592436459852072
-5.527733217993799,-5.588188569333797
-5.522760916251627,-5.583939373948332
-5.517788614509456,-5.579688873437575
-5.512816312767278,-5.575437067543413
-5.507844011025107,-5.571183956007753
-5.502871709282928,-5.566929538572497
-5.497899407540757,-5.562673814979561
-5.492927105798579,-5.558416784970856
-5.4879548040564075,-5.554158448288274
-5.482982502314236,-5.549898804673739
-5.478010200572058,-5.5456378538691595
-5.473037898829887,-5.5413755956164605
-5.468065597087708,-5.537112029657555
-5.463093295345537,-5.532847155734373
-5.458120993603359,-5.528580973588825
-5.453148691861188,-5.524313482962857
-5.448176390119016,-5.520044683598381
-5.443204088376838,-5.515774575237327
-5.438231786634667,-5.511503157621644
-5.4332594848924884,-5.507230430493249
-5.428287183150317,-5.502956393594094
-5.423314881408146,-5.498681046666117
-5.418342579665968,-5.494404389451257
-5.413370277923796,-5.490126421691462
-5.408397976181618,-5.4858471431286775
-5.403425674439447,-5.481566553504861
-5.3984533726972685,-5.4772846525619645
-5.393481070955097,-5.473001440041943
-5.388508769212926,-5.468716915686746
-5.383536467470748,-5.46443107923834
-5.3785641657285765,-5.4601439304387025
-5.373591863986398,-5.45585546902978
-5.368619562244227,-5.451565694753557
-5.363647260502049,-5.447274607351988
-5.358674958759877,-5.4429822065670646
-5.353702657017706,-5.438688492140771
-5.348730355275528,-5.4343934638150575
-5.343758053533357,-5.430097121331931
-5.338785751791178,-5.425799464433366
-5.333813450049007,-5.421500492861359
-5.328841148306836,-5.417200206357903
-5.3238688465646575,-5.412898604664973
-5.318896544822486,-5.408595687524597
-5.313924243080308,-5.404291454678747
-5.308951941338137,-5.399985905869449
-5.303979639595958,-5.395679040838685
-5.299007337853787,-5.3913708593284895
-5.294035036111616,-5.38706136108086
-5.289062734369438,-5.382750545837816
-5.284090432627266,-5.378438413341372
-5.279118130885088,-5.374124963333555
-5.274145829142917,-5.369810195556382
-5.2691735274007385,-5.365494109751884
-5.264201225658567,-5.361176705662097
-5.259228923916396,-5.35685798302905
-5.254256622174218,-5.3525379415947745
-5.2492843204320465,-5.348216581101327
-5.244312018689868,-5.3438939012907305
-5.239339716947697,-5.339569901905045
-5.234367415205526,-5.335244582686318
-5.229395113463347,-5.330917943376605
-5.224422811721176,-5.3265899837179616
-5.219450509978998,-5.322260703452437
-5.214478208236827,-5.317930102322109
-5.209505906494648,-5.313598180069037
-5.204533604752477,-5.309264936435302
-5.199561303010306,-5.304930371162957
-5.1945890012681275,-5.300594483994095
-5.189616699525956,-5.296257274670789
-5.184644397783778,-5.291918742935125
-5.179672096041607,-5.287578888529198
-5.1746997942994355,-5.28323771119509
-5.169727492557257,-5.278895210674888
-5.164755190815086,-5.27455138671071
-5.159782889072908,-5.270206239044639
-5.154810587330736,-5.265859767418797
-5.149838285588558,-5.261511971575276
-5.144865983846387,-5.257162851256199
-5.139893682104216,-5.252812406203685
-5.134921380362037,-5.248460636159842
-5.129949078619866,-5.244107540866805
-5.124976776877688,-5.239753120066686
-5.1200044751355165,-5.235397373501634
-5.115032173393338,-5.231040300913775
-5.110059871651167,-5.226681902045256
-5.105087569908996,-5.222322176638214
-5.100115268166817,-5.217961124434788
-5.095142966424646,-5.213598745177132
-5.090170664682468,-5.209235038607398
-5.085198362940297,-5.2048700044677645
-5.080226061198125,-5.200503642500371
-5.075253759455947,-5.196135952447385
-5.070281457713776,-5.191766934050983
-5.0653091559715975,-5.1873965870533345
-5.060336854229426,-5.183024911196627
-5.055364552487248,-5.17865190622303
-5.050392250745077,-5.1742775718747405
-5.0454199490029055,-5.169901907893942
-5.040447647260727,-5.165524914022827
-5.035475345518556,-5.1611465900035975
-5.030503043776378,-5.156766935578454
-5.025530742034206,-5.152385950489606
-5.020558440292028,-5.1480036344792595
-5.015586138549857,-5.1436199872896395
-5.010613836807686,-5.139235008662958
-5.005641535065507,-5.134848698341432
-5.000669233323336,-5.130461056067303
-4.995696931581158,-5.126072081582787
-4.9907246298389865,-5.121681774630139
-4.985752328096815,-5.11729013495159
-4.980780026354637,-5.112897162289384
-4.975807724612466,-5.108502856385773
-4.970835422870287,-5.1041072169830075
-4.965863121128116,-5.099710243823353
-4.960890819385938,-5.095311936649055
-4.955918517643767,-5.090912295202409
-4.950946215901595,-5.086511319225666
-4.945973914159417,-5.082109008461111
-4.941001612417246,-5.077705362651019
-4.9360293106750674,-5.073300381537676
-4.931057008932896,-5.068894064863379
-4.926084707190718,-5.06448641237041
-4.921112405448547,-5.060077423801081
-4.916140103706375,-5.0556670988976915
-4.911167801964197,-5.05125543740254
-4.906195500222026,-5.04684243905796
-4.9012231984798476,-5.042428103606248
-4.896250896737676,-5.038012430789739
-4.891278594995505,-5.033595420350765
-4.886306293253327,-5.029177072031645
-4.8813339915111555,-5.024757385574731
-4.876361689768977,-5.02033636072234
-4.871389388026806,-5.015913997216844
-4.866417086284628,-5.011490294800576
-4.861444784542456,-5.007065253215909
-4.856472482800285,-5.002638872205204
-4.851500181058107,-4.998211151510806
-4.846527879315936,-4.993782090875107
-4.841555577573757,-4.989351690040468
-4.836583275831586,-4.984919948749284
-4.831610974089408,-4.980486866743935
-4.8266386723472365,-4.9760524437668066
-4.821666370605065,-4.971616679560305
-4.816694068862887,-4.967179573866821
-4.811721767120716,-4.962741126428776
-4.806749465378537,-4.958301336988562
-4.801777163636366,-4.953860205288608
-4.796804861894195,-4.9494177310713425
-4.791832560152017,-4.944973914079171
-4.786860258409845,-4.940528754054543
-4.781887956667667,-4.936082250739888
-4.776915654925496,-4.9316344038776565
-4.7719433531833175,-4.927185213210282
-4.766971051441146,-4.9227346784802375
-4.761998749698975,-4.918282799429965
-4.757026447956797,-4.913829575801933
-4.7520541462146255,-4.909375007338616
-4.747081844472447,-4.904919093782485
-4.742109542730276,-4.9004618348760225
-4.737137240988098,-4.896003230361696
-4.732164939245926,-4.8915432799820255
-4.727192637503755,-4.88708198347949
-4.722220335761577,-4.882619340596592
-4.717248034019406,-4.878155351075842
-4.712275732277227,-4.873690014659746
-4.707303430535056,-4.869223331090836
-4.702331128792885,-4.864755300111627
-4.6973588270507065,-4.8602859214646505
-4.692386525308535,-4.855815194892441
-4.687414223566357,-4.851343120137531
-4.682441921824186,-4.846869696942487
-4.677469620082007,-4.842394925049838
-4.672497318339836,-4.837918804202162
-4.667525016597665,-4.833441334142012
-4.662552714855487,-4.828962514611963
-4.657580413113315,-4.824482345354579
-4.652608111371137,-4.820000826112449
-4.647635809628966,-4.815517956628163
-4.6426635078867875,-4.811033736644308
-4.637691206144616,-4.806548165903482
-4.632718904402445,-4.802061244148298
-4.627746602660267,-4.797572971121354
-4.6227743009180955,-4.793083346565277
-4.617801999175917,-4.788592370222677
-4.612829697433746,-4.784100041836194
-4.607857395691575,-4.779606361148458
-4.602885093949396,-4.775111327902101
-4.597912792207225,-4.770614941839786
-4.592940490465047,-4.766117202704145
-4.587968188722876,-4.761618110237854
-4.582995886980697,-4.757117664183558
-4.578023585238526,-4.752615864283952
-4.573051283496355,-4.748112710281701
-4.5680789817541765,-4.74360820191948
-4.563106680012005,-4.7391023389399916
-4.558134378269827,-4.734595121085905
-4.553162076527656,-4.730086548099964
-4.548189774785477,-4.7255766197248406
-4.543217473043306,-4.721065335703267
-4.538245171301135,-4.7165526957779536
-4.533272869558957,-4.712038699691625
-4.528300567816785,-4.707523347187035
-4.523328266074607,-4.703006638006889
-4.518355964332436,-4.69848857189396
-4.513383662590265,-4.693969148590991
-4.508411360848086,-4.689448367840738
-4.503439059105915,-4.684926229385969
-4.498466757363737,-4.680402732969452
-4.4934944556215655,-4.675877878333977
-4.488522153879387,-4.671351665222312
-4.483549852137216,-4.666824093377255
-4.478577550395045,-4.662295162541608
-4.473605248652866,-4.657764872458164
-4.468632946910695,-4.653233222869745
-4.463660645168517,-4.648700213519158
-4.458688343426346,-4.6441658441492395
-4.453716041684167,-4.639630114502807
-4.448743739941996,-4.6350930243227015
-4.443771438199825,-4.630554573351774
-4.4387991364576465,-4.626014761332868
-4.433826834715475,-4.621473588008844
-4.428854532973297,-4.6169310531225625
-4.423882231231126,-4.612387156416901
-4.4189099294889544,-4.60784189763474
-4.413937627746776,-4.603295276518946
-4.408965326004605,-4.5987472928124316
-4.403993024262427,-4.594197946258081
-4.399020722520255,-4.589647236598809
-4.394048420778077,-4.585095163577517
-4.389076119035906,-4.5805417269371365
-4.3841038172937346,-4.5759869264205975
-4.379131515551556,-4.57143076177081
-4.374159213809385,-4.5668732327307335
-4.369186912067207,-4.562314339043307
-4.364214610325035,-4.5577540804514936
-4.359242308582857,-4.553192456698247
-4.354270006840686,-4.54862946752654
-4.349297705098515,-4.544065112679346
-4.344325403356336,-4.539499391899643
-4.339353101614165,-4.534932304930436
-4.334380799871987,-4.530363851514705
-4.3294084981298155,-4.525794031395467
-4.324436196387644,-4.5212228443157265
-4.319463894645466,-4.516650290018501
-4.314491592903295,-4.512076368246825
-4.309519291161116,-4.507501078743726
-4.304546989418945,-4.502924421252246
-4.299574687676767,-4.498346395515435
-4.294602385934596,-4.493767001276353
-4.289630084192424,-4.489186238278052
-4.284657782450246,-4.484604106263603
-4.279685480708075,-4.480020604976094
-4.2747131789658965,-4.475435734158608
-4.269740877223725,-4.470849493554226
-4.264768575481547,-4.46626188290606
-4.259796273739376,-4.461672901957215
-4.2548239719972045,-4.457082550450816
-4.249851670255026,-4.452490828129963
-4.244879368512855,-4.447897734737807
-4.239907066770677,-4.443303270017475
-4.234934765028505,-4.4387074337121195
-4.229962463286334,-4.434110225564892
-4.224990161544156,-4.429511645318949
-4.220017859801985,-4.424911692717467
-4.215045558059806,-4.420310367503612
-4.210073256317635,-4.415707669420579
-4.205100954575457,-4.411103598211557
-4.2001286528332855,-4.406498153619748
-4.195156351091114,-4.4018913353883535
-4.190184049348936,-4.397283143260591
-4.185211747606765,-4.392673576979692
-4.180239445864586,-4.388062636288872
-4.175267144122415,-4.383450320931389
-4.170294842380237,-4.3788366306504685
-4.165322540638066,-4.37422156518939
-4.160350238895894,-4.369605124291403
-4.155377937153716,-4.36498730769977
-4.150405635411545,-4.360368115157788
-4.1454333336693665,-4.35574754640873
-4.140461031927195,-4.3511256011959
-4.135488730185024,-4.346502279262602
-4.130516428442846,-4.341877580352136
-4.1255441267006745,-4.337251504207835
-4.120571824958496,-4.332624050573017
-4.115599523216325,-4.327995219191027
-4.110627221474147,-4.323365009805192
-4.105654919731975,-4.3187334221588864
-4.100682617989804,-4.314100455995461
-4.095710316247626,-4.309466111058276
-4.090738014505455,-4.304830387090719
-4.085765712763276,-4.300193283836169
-4.080793411021105,-4.295554801038028
-4.075821109278927,-4.290914938439685
-4.0708488075367555,-4.286273695784565
-4.065876505794584,-4.281631072816079
-4.060904204052406,-4.276987069277649
-4.055931902310235,-4.2723416849127265
-4.050959600568056,-4.267694919464735
-4.045987298825885,-4.263046772677146
-4.041014997083714,-4.258397244293406
-4.036042695341536,-4.253746334056994
-4.031070393599364,-4.249094041711379
-4.026098091857186,-4.244440367000055
-4.021125790115015,-4.239785309666522
-4.0161534883728365,-4.235128869454268
-4.011181186630665,-4.2304710461068185
-4.006208884888494,-4.225811839367697
-4.001236583146316,-4.22115124898042
-3.9962642814041445,-4.216489274688539
-3.991291979661966,-4.211825916235589
-3.986319677919795,-4.207161173365139
-3.9813473761776166,-4.202495045820739
-3.9763750744354454,-4.197827533345982
-3.971402772693274,-4.193158635684439
-3.966430470951096,-4.188488352579694
-3.9614581692089246,-4.183816683775355
-3.9564858674667462,-4.179143629015033
-3.951513565724575,-4.174469188042353
-3.946541263982404,-4.169793360600931
-3.9415689622402255,-4.165116146434389
-3.9365966604980542,-4.160437545286403
-3.931624358755876,-4.155757556900605
-3.9266520570137047,-4.151076181020662
-3.9216797552715263,-4.146393417390248
-3.916707453529355,-4.1417092657530485
-3.911735151787184,-4.1370237258527505
-3.9067628500450056,-4.132336797433041
-3.9017905483028343,-4.127648480237648
-3.896818246560656,-4.122958774010269
-3.891845944818485,-4.118267678494651
-3.8868736430763065,-4.11357519343451
-3.8819013413341352,-4.1088813185736095
-3.876929039591964,-4.104186053655694
-3.8719567378497857,-4.099489398424524
-3.8669844361076144,-4.094791352623873
-3.862012134365436,-4.090091915997531
-3.857039832623265,-4.0853910882892785
-3.8520675308810937,-4.08068886924293
-3.8470952291389153,-4.075985258602278
-3.842122927396744,-4.071280256111165
-3.8371506256545658,-4.066573861513388
-3.8321783239123945,-4.06186607455282
-3.827206022170216,-4.057156894973284
-3.822233720428045,-4.052446322518648
-3.8172614186858738,-4.0477343569327795
-3.8122891169436954,-4.043020997959549
-3.807316815201524,-4.038306245342848
-3.802344513459346,-4.033590098826565
-3.7973722117171747,-4.02887255815462
-3.7923999099749963,-4.024153623070903
-3.787427608232825,-4.019433293319365
-3.782455306490654,-4.014711568643923
-3.7774830047484755,-4.009988448788522
-3.7725107030063043,-4.005263933497123
-3.767538401264126,-4.000538022513682
-3.7625660995219548,-3.9958107155821803
-3.7575937977797835,-3.991082012446595
-3.752621496037605,-3.9863519128509157
-3.747649194295434,-3.9816204165391507
-3.7426768925532556,-3.976887523255303
-3.7377045908110844,-3.972153232743407
-3.732732289068906,-3.9674175447474918
-3.727759987326735,-3.9626804590115916
-3.7227876855845636,-3.9579419752797667
-3.7178153838423853,-3.9532020932960714
-3.712843082100214,-3.9484608128045835
-3.7078707803580357,-3.9437181335493734
-3.7028984786158645,-3.938974055274555
-3.697926176873686,-3.9342285777242068
-3.692953875131515,-3.9294817006424565
-3.6879815733893437,-3.9247334237734206
-3.6830092716471654,-3.919983746861229
-3.678036969904994,-3.91523266965003
-3.673064668162816,-3.9104801918839587
-3.6680923664206446,-3.905726313307205
-3.6631200646784734,-3.900971033663929
-3.658147762936295,-3.896214352698302
-3.653175461194124,-3.8914562701545394
-3.6482031594519455,-3.8866967857768224
-3.6432308577097743,-3.8819358993093815
-3.638258555967596,-3.877173610496427
-3.6332862542254247,-3.8724099190822128
-3.6283139524832535,-3.867644824810973
-3.623341650741075,-3.8628783274269476
-3.618369348998904,-3.8581104266744313
-3.6133970472567256,-3.853341122297671
-3.6084247455145544,-3.8485704140409815
-3.603452443772376,-3.843798301648642
-3.598480142030205,-3.8390247848649666
-3.5935078402880336,-3.8342498634342737
-3.5885355385458553,-3.8294735371008795
-3.583563236803684,-3.8246958056091396
-3.5785909350615057,-3.819916668703398
-3.5736186333193345,-3.8151361261280123
-3.5686463315771633,-3.8103541776273633
-3.563674029834985,-3.8055708229458096
-3.5587017280928137,-3.8007860618277736
-3.5537294263506354,-3.795999894017633
-3.548757124608464,-3.791212319259824
-3.543784822866286,-3.786423337298753
-3.5388125211241146,-3.781632947878865
-3.5338402193819434,-3.7768411507446022
-3.528867917639765,-3.7720479456404177
-3.523895615897594,-3.7672533323107937
-3.5189233141554155,-3.762457310500188
-3.5139510124132443,-3.757659879953111
-3.508978710671066,-3.7528610404140457
-3.5040064089288947,-3.748060791627523
-3.4990341071867235,-3.743259133338047
-3.494061805444545,-3.7384560652901513
-3.489089503702374,-3.7336515872283993
-3.4841172019601956,-3.7288456988973184
-3.4791449002180244,-3.724038400041506
-3.474172598475853,-3.7192296904055167
-3.469200296733675,-3.7144195697339404
-3.4642279949915036,-3.7096080377713894
-3.4592556932493252,-3.7047950942624652
-3.454283391507154,-3.699980738951791
-3.4493110897649757,-3.6951649715840005
-3.4443387880228045,-3.6903477919037395
-3.4393664862806332,-3.685529199655669
-3.434394184538455,-3.6807091945844346
-3.4294218827962837,-3.6758877764347413
-3.4244495810541054,-3.6710649449512585
-3.419477279311934,-3.6662406998787027
-3.414504977569756,-3.6614150409617734
-3.4095326758275846,-3.656587967945201
-3.4045603740854133,-3.651759480573717
-3.399588072343235,-3.646929578592065
-3.394615770601064,-3.642098261745006
-3.3896434688588855,-3.6372655297773075
-3.3846711671167142,-3.6324313824337584
-3.379698865374543,-3.6275958194591467
-3.3747265636323647,-3.6227588405982556
-3.3697542618901934,-3.6179204455959315
-3.364781960148015,-3.6130806341969803
-3.359809658405844,-3.608239406146256
-3.3548373566636656,-3.6033967611885886
-3.3498650549214943,-3.5985526990688577
-3.344892753179323,-3.5937072195319333
-3.3399204514371448,-3.588860322322687
-3.3349481496949736,-3.5840120071860317
-3.329975847952795,-3.57916227386686
-3.325003546210624,-3.57431112211011
-3.3200312444684457,-3.5694585516606954
-3.3150589427262744,-3.5646045622635785
-3.310086640984103,-3.5597491536636983
-3.305114339241925,-3.5548923256060276
-3.3001420374997537,-3.5500340778355497
-3.2951697357575753,-3.545174410097246
-3.290197434015404,-3.540313322136134
-3.285225132273233,-3.5354508136972176
-3.2802528305310545,-3.53058688452552
-3.2752805287888833,-3.5257215343660997
-3.270308227046705,-3.520854762963981
-3.2653359253045338,-3.515986570064247
-3.2603636235623554,-3.5111169554119606
-3.255391321820184,-3.506245918752216
-3.250419020078013,-3.5013734598301087
-3.2454467183358346,-3.496499578390751
-3.2404744165936634,-3.4916242741792636
-3.235502114851485,-3.4867475469407836
-3.230529813109314,-3.481869396420461
-3.2255575113671355,-3.4769898223634534
-3.2205852096249643,-3.472108824514932
-3.215612907882793,-3.467226402620088
-3.2106406061406148,-3.4623425564241037
-3.2056683043984435,-3.457457285672204
-3.200696002656265,-3.4525705901095933
-3.195723700914094,-3.4476824694815247
-3.1907513991719227,-3.442792923533227
-3.1857790974297444,-3.4379019520099647
-3.180806795687573,-3.4330095546570116
-3.175834493945395,-3.4281157312196426
-3.1708621922032236,-3.423220481443165
-3.1658898904610453,-3.418323805072877
-3.160917588718874,-3.413425701854106
-3.155945286976703,-3.4085261715321815
-3.1509729852345245,-3.403625213852446
-3.1460006834923533,-3.3987228285602678
-3.141028381750175,-3.3938190154010015
-3.1360560800080037,-3.3889137741200455
-3.1310837782658254,-3.384007104462785
-3.126111476523654,-3.3790990061746458
-3.121139174781483,-3.3741894790010347
-3.1161668730393046,-3.369278522687383
-3.1111945712971334,-3.364366136979147
-3.106222269554955,-3.3594523216217773
-3.101249967812784,-3.3545370763607547
-3.0962776660706126,-3.3496204009415687
-3.0913053643284343,-3.3447022951097005
-3.086333062586263,-3.3397827586106734
-3.0813607608440847,-3.3348617911900047
-3.0763884591019135,-3.329939392593243
-3.071416157359735,-3.3250155625659192
-3.066443855617564,-3.320090300853615
-3.0614715538753927,-3.3151636072018955
-3.0564992521332144,-3.3102354813563393
-3.051526950391043,-3.305305923062572
-3.046554648648865,-3.3003749320661826
-3.0415823469066936,-3.295442508112823
-3.0366100451645153,-3.2905086509481145
-3.031637743422344,-3.2855733603177186
-3.026665441680173,-3.280636635967304
-3.0216931399379945,-3.2756984776425444
-3.0167208381958233,-3.270758885089144
-3.011748536453645,-3.265817858052792
-3.0067762347114737,-3.260875396279224
-3.0018039329693025,-3.2559314995141735
-2.996831631227124,-3.250986167503365
-2.991859329484953,-3.2460393999925823
-2.9868870277427746,-3.241091196727579
-2.9819147260006034,-3.236141557454158
-2.976942424258425,-3.231190481918104
-2.971970122516254,-3.2262379698652444
-2.9669978207740826,-3.221284021041393
-2.9620255190319043,-3.216328635192391
-2.957053217289733,-3.2113718120640984
-2.9520809155475547,-3.2064135514023735
-2.9471086138053835,-3.2014538529531027
-2.942136312063205,-3.1964927164621733
-2.937164010321034,-3.1915301416755026
-2.9321917085788627,-3.1865661283390025
-2.9272194068366844,-3.1816006761986033
-2.922247105094513,-3.1766337850002624
-2.917274803352335,-3.1716654544899283
-2.9123025016101636,-3.1666956844135954
-2.9073301998679923,-3.1617244745172366
-2.902357898125814,-3.1567518245468573
-2.897385596383643,-3.151777734248481
-2.8924132946414645,-3.1468022033681238
-2.8874409928992932,-3.14182523165185
-2.882468691157115,-3.136846818845692
-2.8774963894149437,-3.1318669646957376
-2.8725240876727725,-3.1268856689480726
-2.867551785930594,-3.1219029313487816
-2.862579484188423,-3.1169187516439965
-2.8576071824462446,-3.111933129579822
-2.8526348807040733,-3.1069460649024236
-2.847662578961895,-3.1019575573579363
-2.842690277219724,-3.0969676066925405
-2.8377179754775526,-3.0919762126524124
-2.8327456737353742,-3.0869833749837463
-2.827773371993203,-3.0819890934327616
-2.8228010702510247,-3.0769933677456716
-2.8178287685088534,-3.0719961976687276
-2.812856466766682,-3.0669975829481766
-2.807884165024504,-3.06199752333028
-2.8029118632823327,-3.0569960185613283
-2.7979395615401543,-3.05199306838761
-2.792967259797983,-3.0469886725554414
-2.7879949580558048,-3.0419828308111394
-2.7830226563136335,-3.036975542901051
-2.7780503545714623,-3.031966808571518
-2.773078052829284,-3.026956627568908
-2.7681057510871128,-3.0219449996396115
-2.7631334493449344,-3.0169319245300112
-2.758161147602763,-3.0119174019865333
-2.753188845860585,-3.0069014317555838
-2.7482165441184137,-3.0018840135836156
-2.7432442423762424,-2.996865147217079
-2.738271940634064,-2.991844832402432
-2.733299638891893,-2.986823068886164
-2.7283273371497145,-2.9817998564147623
-2.7233550354075433,-2.9767751947347536
-2.718382733665372,-2.97174908359266
-2.7134104319231938,-2.966721522735006
-2.7084381301810225,-2.9616925119083652
-2.703465828438844,-2.9566620508592902
-2.698493526696673,-2.9516301393343793
-2.6935212249544946,-2.946596777080223
-2.6885489232123234,-2.941561963843441
-2.683576621470152,-2.936525699370658
-2.678604319727974,-2.9314879834085072
-2.6736320179858026,-2.926448815703663
-2.6686597162436243,-2.9214081960027816
-2.663687414501453,-2.916366124052566
-2.6587151127592747,-2.911322599599703
-2.6537428110171035,-2.906277622390923
-2.6487705092749323,-2.9012311921729492
-2.643798207532754,-2.8961833086925264
-2.6388259057905827,-2.8911339716964264
-2.6338536040484044,-2.8860831809314145
-2.628881302306233,-2.881030936144288
-2.623909000564062,-2.8759772370818526
-2.6189366988218836,-2.8709220834909286
-2.6139643970797124,-2.8658654751183574
-2.608992095337534,-2.8608074117109803
-2.604019793595363,-2.855747893015673
-2.5990474918531845,-2.8506869187793074
-2.5940751901110133,-2.845624488748796
-2.589102888368842,-2.8405606026710415
-2.5841305866266637,-2.8354952602929644
-2.5791582848844925,-2.8304284613615236
-2.574185983142314,-2.8253602056236615
-2.569213681400143,-2.820290492826362
-2.5642413796579646,-2.8152193227166022
-2.5592690779157934,-2.810146695041398
-2.554296776173622,-2.80507260954776
-2.549324474431444,-2.7999970659827227
-2.5443521726892726,-2.794920064093343
-2.5393798709470943,-2.7898416036266696
-2.534407569204923,-2.7847616843298058
-2.529435267462752,-2.779680305949827
-2.5244629657205735,-2.77459746823385
-2.5194906639784023,-2.7695131709290135
-2.514518362236224,-2.764427413782445
-2.5095460604940527,-2.759340196541309
-2.5045737587518744,-2.7542515189527705
-2.499601457009703,-2.7491613807640367
-2.494629155267532,-2.7440697817222977
-2.4896568535253536,-2.7389767215747707
-2.4846845517831824,-2.733882200068703
-2.479712250041004,-2.7287862169513324
-2.474739948298833,-2.7236887719699427
-2.4697676465566545,-2.7185898648718028
-2.4647953448144833,-2.713489495404224
-2.459823043072312,-2.7083876633145127
-2.4548507413301337,-2.703284368349993
-2.4498784395879625,-2.69817961025802
-2.444906137845784,-2.69307338878595
-2.439933836103613,-2.6879657036811713
-2.4349615343614417,-2.682856554691069
-2.4299892326192634,-2.6777459415630456
-2.425016930877092,-2.672633864044544
-2.420044629134914,-2.6675203218829866
-2.4150723273927426,-2.66240531482585
-2.4101000256505642,-2.6572888426205896
-2.405127723908393,-2.6521709050147098
-2.400155422166222,-2.6470515017557097
-2.3951831204240435,-2.6419306325911016
-2.3902108186818722,-2.6368082972684377
-2.385238516939694,-2.63168449553526
-2.3802662151975227,-2.6265592271391487
-2.3752939134553444,-2.621432491827681
-2.370321611713173,-2.6163042893484665
-2.365349309971002,-2.611174619449126
-2.3603770082288236,-2.606043481877275
-2.3554047064866523,-2.6009108763805844
-2.350432404744474,-2.595776802706713
-2.345460103002303,-2.5906412606033506
-2.3404878012601316,-2.585504249818189
-2.3355154995179532,-2.5803657700989406
-2.330543197775782,-2.575225821193353
-2.3255708960336037,-2.570084402849164
-2.3205985942914324,-2.5649415148141457
-2.315626292549254,-2.5597971568360682
-2.310653990807083,-2.5546513286627412
-2.3056816890649117,-2.549504030041983
-2.3007093873227333,-2.544355260721604
-2.295737085580562,-2.5392050204494736
-2.2907647838383838,-2.5340533089734434
-2.2857924820962126,-2.5289001260414037
-2.280820180354034,-2.523745471401241
-2.275847878611863,-2.5185893448008874
-2.2708755768696918,-2.5134317459882576
-2.2659032751275134,-2.508272674711292
-2.260930973385342,-2.5031121307179816
-2.255958671643164,-2.4979501137562794
-2.2509863699009927,-2.4927866235742084
-2.2460140681588214,-2.487621659919764
-2.241041766416643,-2.4824552225409833
-2.236069464674472,-2.4772873111859157
-2.2310971629322935,-2.4721179256026233
-2.2261248611901223,-2.466947065539196
-2.221152559447944,-2.4617747307437168
-2.2161802577057728,-2.45660092096432
-2.2112079559636015,-2.451425635949133
-2.206235654221423,-2.4462488754462894
-2.201263352479252,-2.4410706392039767
-2.1962910507370736,-2.4358909269703566
-2.1913187489949024,-2.430709738493658
-2.186346447252724,-2.425527073522072
-2.181374145510553,-2.4203429318038547
-2.1764018437683816,-2.4151573130872395
-2.1714295420262033,-2.409970217120502
-2.166457240284032,-2.4047816436519356
-2.1614849385418538,-2.399591592429833
-2.1565126367996825,-2.39440006320252
-2.1515403350575113,-2.3892070557183356
-2.146568033315333,-2.384012569725622
-2.1415957315731617,-2.3788166049727764
-2.1366234298309834,-2.3736191612081607
-2.131651128088812,-2.368420238180203
-2.126678826346634,-2.3632198356373073
-2.1217065246044626,-2.35801795332794
-2.1167342228622914,-2.3528145910005414
-2.111761921120113,-2.347609748403588
-2.106789619377942,-2.3424034252855854
-2.1018173176357635,-2.3371956213950322
-2.0968450158935923,-2.3319863364804614
-2.091872714151414,-2.3267755702904194
-2.0869004124092427,-2.3215633225734793
-2.0819281106670715,-2.3163495930782094
-2.076955808924893,-2.3111343815532077
-2.071983507182722,-2.305917687747102
-2.0670112054405436,-2.3006995114085087
-2.0620389036983724,-2.2954798522861046
-2.057066601956201,-2.290258710128539
-2.052094300214023,-2.285036084684501
-2.0471219984718516,-2.279811975702702
-2.0421496967296733,-2.274586382931858
-2.037177394987502,-2.269359306120714
-2.0322050932453237,-2.264130745018029
-2.0272327915031525,-2.2589006993725795
-2.0222604897609813,-2.2536691689331563
-2.017288188018803,-2.2484361534485595
-2.0123158862766317,-2.2432016526676377
-2.0073435845344534,-2.237965666339229
-2.002371282792282,-2.232728194212201
-1.9973989810501038,-2.227489236035431
-1.9924266793079326,-2.222248791557831
-1.9874543775657614,-2.2170068605283153
-1.982482075823583,-2.2117634426958124
-1.9775097740814118,-2.206518537809293
-1.9725374723392335,-2.2012721456177125
-1.9675651705970623,-2.196024265870083
-1.962592868854891,-2.190774898315401
-1.9576205671127127,-2.185524042702683
-1.9526482653705415,-2.1802716987810036
-1.9476759636283631,-2.1750178662993993
-1.942703661886192,-2.169762545006974
-1.9377313601440136,-2.164505734652814
-1.9327590584018424,-2.1592474349860455
-1.9277867566596711,-2.1539876457558047
-1.9228144549174928,-2.148726366711234
-1.9178421531753216,-2.143463597601525
-1.9128698514331433,-2.138199338175855
-1.907897549690972,-2.132933588183453
-1.9029252479487937,-2.1276663473735278
-1.8979529462066225,-2.122397615495341
-1.8929806444644512,-2.117127392298153
-1.888008342722273,-2.111855677531235
-1.8830360409801017,-2.106582470943919
-1.8780637392379234,-2.1013077722854945
-1.8730914374957521,-2.096031581305326
-1.868119135753581,-2.0907538977527635
-1.8631468340114026,-2.0854747213771723
-1.8581745322692313,-2.080194051927965
-1.853202230527053,-2.074911889154537
-1.8482299287848818,-2.0696282328063456
-1.8432576270427035,-2.0643430826328197
-1.8382853253005322,-2.0590564383834478
-1.833313023558361,-2.053768299807708
-1.8283407218161827,-2.0484786666551043
-1.8233684200740115,-2.0431875386751726
-1.8183961183318331,-2.0378949156174486
-1.813423816589662,-2.0326007972315097
-1.8084515148474836,-2.0273051832669204
-1.8034792131053123,-2.0220080734733
-1.7985069113631411,-2.016709467600272
-1.7935346096209628,-2.01140936539745
-1.7885623078787916,-2.006107766614514
-1.7835900061366132,-2.000804671001134
-1.778617704394442,-1.995500078307016
-1.7736454026522708,-1.990193988281867
-1.7686731009100924,-1.9848864006754208
-1.7637007991679212,-1.9795773152374365
-1.7587284974257429,-1.9742667317176772
-1.7537561956835717,-1.9689546498659505
-1.7487838939413933,-1.9636410694320456
-1.743811592199222,-1.9583259901658208
-1.7388392904570509,-1.9530094118171049
-1.7338669887148725,-1.947691334135764
-1.7288946869727013,-1.9423717568717023
-1.723922385230523,-1.9370506797748133
-1.7189500834883518,-1.9317281025950312
-1.7139777817461734,-1.926404025082296
-1.7090054800040022,-1.921078446986581
-1.704033178261831,-1.9157513680578644
-1.6990608765196527,-1.9104227880461435
-1.6940885747774814,-1.9050927067014576
-1.689116273035303,-1.899761123773831
-1.6841439712931319,-1.8944280390133459
-1.6791716695509606,-1.8890934521700673
-1.6741993678087823,-1.883757362994097
-1.669227066066611,-1.8784197712355724
-1.6642547643244328,-1.8730806766446064
-1.6592824625822615,-1.8677400789713847
-1.6543101608400832,-1.8623979779660667
-1.649337859097912,-1.8570543733788656
-1.6443655573557407,-1.8517092649599969
-1.6393932556135624,-1.8463626524596863
-1.6344209538713912,-1.8410145356282113
-1.6294486521292129,-1.8356649142158334
-1.6244763503870416,-1.8303137879728606
-1.6195040486448633,-1.8249611566495985
-1.614531746902692,-1.8196070199963947
-1.6095594451605209,-1.8142513777636065
-1.6045871434183425,-1.8088942297015962
-1.5996148416761713,-1.803535575560775
-1.594642539933993,-1.7981754150915483
-1.5896702381918217,-1.7928137480443684
-1.5846979364496505,-1.7874505741696747
-1.5797256347074722,-1.7820858932179446
-1.574753332965301,-1.7767197049396823
-1.5697810312231226,-1.7713520090853982
-1.5648087294809514,-1.7659828054056301
-1.559836427738773,-1.7606120936509293
-1.5548641259966018,-1.7552398735718808
-1.5498918242544306,-1.7498661449190778
-1.5449195225122523,-1.7444909074431303
-1.539947220770081,-1.7391141608946865
-1.5349749190279027,-1.7337359050243881
-1.5300026172857315,-1.7283561395829212
-1.5250303155435532,-1.722974864320977
-1.520058013801382,-1.7175920789892893
-1.5150857120592107,-1.7122077833385774
-1.5101134103170324,-1.7068219771196007
-1.5051411085748612,-1.701434660083148
-1.5001688068326828,-1.6960458319799985
-1.4951965050905116,-1.6906554925609978
-1.4902242033483404,-1.6852636415769675
-1.485251901606162,-1.679870278778763
-1.4802795998639908,-1.6744754039172802
-1.4753072981218125,-1.6690790167434002
-1.4703349963796413,-1.6636811170080659
-1.465362694637463,-1.6582817044622022
-1.4603903928952917,-1.6528807788567825
-1.4554180911531205,-1.6474783399427788
-1.4504457894109422,-1.6420743874711945
-1.445473487668771,-1.6366689211930676
-1.4405011859265926,-1.6312619408594207
-1.4355288841844214,-1.6258534462213394
-1.430556582442243,-1.6204434370298895
-1.4255842807000718,-1.6150319130362008
-1.4206119789579006,-1.6096188739913795
-1.4156396772157223,-1.60420431964658
-1.410667375473551,-1.598788249752981
-1.4056950737313727,-1.593370664061748
-1.4007227719892015,-1.5879515623241194
-1.3957504702470303,-1.5825309442913118
-1.390778168504852,-1.5771088097145685
-1.3858058667626807,-1.5716851583451785
-1.3808335650205024,-1.5662599899344223
-1.3758612632783311,-1.5608333042336284
-1.3708889615361528,-1.5554051009941163
-1.3659166597939816,-1.5499753799672582
-1.3609443580518104,-1.5445441409044265
-1.355972056309632,-1.5391113835570054
-1.3509997545674608,-1.5336771076764368
-1.3460274528252825,-1.5282413130141455
-1.3410551510831112,-1.5228039993215987
-1.336082849340933,-1.5173651663502803
-1.3311105475987617,-1.511924813851695
-1.3261382458565905,-1.5064829415773675
-1.3211659441144121,-1.5010395492788342
-1.316193642372241,-1.4955946367076838
-1.3112213406300626,-1.4901482036154796
-1.3062490388878913,-1.484700249753852
-1.3012767371457201,-1.4792507748744284
-1.2963044354035418,-1.4737997787288504
-1.2913321336613706,-1.4683472610688062
-1.2863598319191922,-1.4628932216459776
-1.281387530177021,-1.4574376602120966
-1.2764152284348427,-1.4519805765188845
-1.2714429266926714,-1.4465219703181207
-1.2664706249505002,-1.4410618413615761
-1.261498323208322,-1.4356001894010406
-1.2565260214661507,-1.4301370141883627
-1.2515537197239723,-1.4246723154753709
-1.246581417981801,-1.4192060930139425
-1.2416091162396228,-1.413738346555948
-1.2366368144974516,-1.4082690758533247
-1.2316645127552803,-1.4027982806579933
-1.226692211013102,-1.3973259607218937
-1.2217199092709308,-1.3918521157970218
-1.2167476075287524,-1.3863767456353584
-1.2117753057865812,-1.3808998499889376
-1.20680300404441,-1.3754214286097903
-1.2018307023022317,-1.3699414812499808
-1.1968584005600604,-1.3644600076615911
-1.191886098817882,-1.3589770075967267
-1.1869137970757109,-1.3534924808075257
-1.1819414953335325,-1.348006427046121
-1.1769691935913613,-1.3425188460646988
-1.17199689184919,-1.33702973761545
-1.1670245901070118,-1.3315391014505809
-1.1620522883648405,-1.3260469373223347
-1.1570799866226622,-1.320553244982973
-1.152107684880491,-1.3150580241847776
-1.1471353831383126,-1.30956127468004
-1.1421630813961414,-1.3040629962211077
-1.1371907796539702,-1.2985631885603175
-1.1322184779117919,-1.2930618514500252
-1.1272461761696206,-1.2875589846426478
-1.1222738744274423,-1.2820545878905758
-1.117301572685271,-1.2765486609462635
-1.1123292709430999,-1.2710412035621632
-1.1073569692009215,-1.2655322154907451
-1.1023846674587503,-1.2600216964845288
-1.097412365716572,-1.25450964629603
-1.0924400639744007,-1.248996064677802
-1.0874677622322224,-1.2434809513824043
-1.0824954604900512,-1.237964306162443
-1.07752315874788,-1.2324461287705228
-1.0725508570057016,-1.2269264189592786
-1.0675785552635304,-1.22140517648138
-1.062606253521352,-1.2158824010895015
-1.0576339517791808,-1.2103580925363489
-1.0526616500370025,-1.2048322505746452
-1.0476893482948313,-1.1993048749571513
-1.04271704655266,-1.1937759654366316
-1.0377447448104817,-1.1882455217658763
-1.0327724430683105,-1.1827135436977094
-1.0278001413261322,-1.177180030984964
-1.022827839583961,-1.1716449833805158
-1.0178555378417897,-1.1661084006372366
-1.0128832360996114,-1.160570282508029
-1.0079109343574402,-1.1550306287458436
-1.0029386326152618,-1.1494894391036152
-0.9979663308730906,-1.143946713334331
-0.9929940291309123,-1.1384024511909787
-0.9880217273887411,-1.132856652426601
-0.9830494256465698,-1.1273093167942188
-0.9780771239043915,-1.121760444046908
-0.9731048221622203,-1.1162100339377636
-0.9681325204200419,-1.110658086219883
-0.9631602186778707,-1.1051046006464236
-0.9581879169356924,-1.0995495769705297
-0.9532156151935212,-1.0939930149453905
-0.9482433134513499,-1.0884349143242147
-0.9432710117091716,-1.0828752748602106
-0.9382987099670004,-1.0773140963066536
-0.933326408224822,-1.0717513784167978
-0.9283541064826508,-1.0661871209439522
-0.9233818047404796,-1.060621323641435
-0.9184095029983013,-1.0550539862625836
-0.91343720125613,-1.0494851085607773
-0.9084648995139517,-1.0439146902893939
-0.9034925977717805,-1.03834273120185
-0.8985202960296022,-1.032769231051582
-0.8935479942874309,-1.027194189592056
-0.8885756925452597,-1.0216176065767502
-0.8836033908030814,-1.0160394817591583
-0.8786310890609101,-1.010459814892834
-0.8736587873187318,-1.0048786057313095
-0.8686864855765606,-0.9992958540281767
-0.8637141838343823,-0.99371155953702
-0.858741882092211,-0.9881257220114742
-0.8537695803500398,-0.982538341205188
-0.8487972786078615,-0.9769494168718172
-0.8438249768656902,-0.9713589487650717
-0.8388526751235119,-0.9657669366386553
-0.8338803733813407,-0.9601733802463218
-0.8289080716391695,-0.9545782793418257
-0.8239357698969911,-0.9489816336789586
-0.8189634681548199,-0.9433834430115349
-0.8139911664126416,-0.9377837070933732
-0.8090188646704704,-0.9321824256783585
-0.804046562928292,-0.9265795985203545
-0.7990742611861208,-0.9209752253732795
-0.7941019594439496,-0.9153693059910611
-0.7891296577017712,-0.9097618401276406
-0.7841573559596,-0.9041528275370174
-0.7791850542174217,-0.8985422679731698
-0.7742127524752505,-0.8929301611901452
-0.7692404507330721,-0.8873165069419722
-0.7642681489909009,-0.8817013049827447
-0.7592958472487297,-0.8760845550665523
-0.7543235455065513,-0.8704662569475019
-0.7493512437643801,-0.8648464103797576
-0.7443789420222018,-0.859225015117477
-0.7394066402800306,-0.8536020709148647
-0.7344343385378593,-0.8479775775261343
-0.729462036795681,-0.8423515347055123
-0.7244897350535098,-0.8367239422072813
-0.7195174333113314,-0.8310947997857184
-0.7145451315691602,-0.8254641071951518
-0.7095728298269819,-0.819831864189904
-0.7046005280848107,-0.8141980705243507
-0.6996282263426394,-0.8085627259528754
-0.6946559246004611,-0.8029258302298715
-0.6896836228582899,-0.7972873831097921
-0.6847113211161115,-0.7916473843470836
-0.6797390193739403,-0.7860058336962457
-0.674766717631762,-0.7803627309117647
-0.6697944158895908,-0.7747180757481902
-0.6648221141474195,-0.7690718679600672
-0.6598498124052412,-0.7634241073019714
-0.65487751066307,-0.7577747935285223
-0.6499052089208917,-0.7521239263943251
-0.6449329071787204,-0.7464715056540588
-0.6399606054365492,-0.7408175310623856
-0.6349883036943709,-0.7351620023740024
-0.6300160019521996,-0.729504919343649
-0.6250437002100213,-0.7238462817260459
-0.6200713984678501,-0.7181860892760025
-0.6150990967256718,-0.7125243417482812
-0.6101267949835005,-0.7068610388977241
-0.6051544932413293,-0.7011961804791648
-0.600182191499151,-0.6955297662474664
-0.5952098897569797,-0.689861795957531
-0.5902375880148014,-0.6841922693642536
-0.5852652862726302,-0.6785211862225864
-0.5802929845304519,-0.6728485462874617
-0.5753206827882806,-0.6671743493138783
-0.5703483810461094,-0.6614985950568285
-0.5653760793039311,-0.6558212832713187
-0.5604037775617599,-0.6501424137124016
-0.5554314758195815,-0.6444619861351133
-0.5504591740774103,-0.6387800002945458
-0.5454868723352391,-0.6330964559457718
-0.5405145705930607,-0.6274113528438855
-0.5355422688508895,-0.621724690744011
-0.5305699671087112,-0.6160364694012537
-0.52559766536654,-0.6103466885707522
-0.5206253636243616,-0.6046553480076252
-0.5156530618821904,-0.5989624474670021
-0.5106807601400192,-0.5932679867040062
-0.5057084583978408,-0.5875719654737278
-0.5007361566556696,-0.5818743835312755
-0.4957638549134913,-0.5761752406316916
-0.49079155317132006,-0.5704745365300186
-0.48581925142914173,-0.5647722709812175
-0.4808469496869705,-0.5590684437402234
-0.4758746479447993,-0.553363054561863
-0.47090234620262095,-0.5476561032008873
-0.4659300444604497,-0.5419475894119441
-0.4609577427182714,-0.5362375129495096
-0.45598544097610016,-0.5305258735679381
-0.45101313923392894,-0.5248126710213443
-0.4460408374917506,-0.5190979050636078
-0.4410685357495794,-0.5133815754483493
-0.43609623400740105,-0.5076636819288096
-0.4311239322652298,-0.5019442242578668
-0.4261516305230515,-0.4962232021878678
-0.42117932878088027,-0.4905006154706493
-0.41620702703870904,-0.4847764638573413
-0.4112347252965307,-0.47905074709828427
-0.4062624235543595,-0.4733234649429404
-0.40129012181218116,-0.467594617139627
-0.39631782007000993,-0.46186420343543694
-0.3913455183278316,-0.45613222357593514
-0.3863732165856604,-0.4503986773049748
-0.38140091484348915,-0.44466356436433147
-0.3764286131013108,-0.438926884493415
-0.3714563113591396,-0.4331886374288617
-0.36648400961696126,-0.42744882290404196
-0.36151170787479003,-0.42170744064856924
-0.3565394061326188,-0.41596449038763994
-0.3515671043904405,-0.41021997184134723
-0.34659480264826925,-0.4044738847238634
-0.3416225009060909,-0.39872622874245356
-0.3366501991639197,-0.39297700359641147
-0.33167789742174136,-0.387226208975782
-0.32670559567957014,-0.38147384455995226
-0.3217332939373989,-0.37571991001592997
-0.3167609921952206,-0.36996440499649275
-0.31178869045304936,-0.3642073291380252
-0.306816388710871,-0.3584486820579895
-0.3018440869686998,-0.35268846335218623
-0.29687178522652147,-0.3469266725914465
-0.29189948348435024,-0.34116330931811806
-0.286927181742179,-0.33539837304185033
-0.28195488,-0.329631863234977
