-50.0,-68.73862456251743
-49.99500889938594,-68.73783808669427
-49.99001779877188,-68.73705123888257
-49.98502669815782,-68.73626401895561
-49.980035597543754,-68.73547642678645
-49.97504449692969,-68.73468846224822
-49.970053396315635,-68.7339001252139
-49.96506229570157,-68.73311141555651
-49.96007119508751,-68.73232233314897
-49.955080094473445,-68.73153287786441
-49.95008899385939,-68.73074304957544
-49.945097893245325,-68.72995284815514
-49.94010679263126,-68.72916227347619
-49.9351156920172,-68.72837132541144
-49.93012459140314,-68.72758000383367
-49.92513349078908,-68.72678830861548
-49.920142390175016,-68.72599623962957
-49.91515128956095,-68.72520379674859
-49.9101601889469,-68.72441097984523
-49.90516908833283,-68.72361778879187
-49.90017798771877,-68.72282422346119
-49.895186887104714,-68.72203028372554
-49.89019578649065,-68.72123596945747
-49.88520468587659,-68.72044128052937
-49.880213585262524,-68.71964621681349
-49.87522248464847,-68.71885077818236
-49.870231384034405,-68.71805496450817
-49.86524028342034,-68.71725877566313
-49.86024918280628,-68.71646221151951
-49.85525808219222,-68.71566527194949
-49.85026698157816,-68.71486795682529
-49.845275880964095,-68.71407026601898
-49.84028478035003,-68.71327219940254
-49.835293679735976,-68.71247375684813
-49.83030257912191,-68.71167493822756
-49.82531147850785,-68.71087574341308
-49.820320377893786,-68.7100761722764
-49.81532927727973,-68.70927622468939
-49.81033817666567,-68.70847590052402
-49.8053470760516,-68.70767519965212
-49.80035597543754,-68.70687412194529
-49.795364874823484,-68.70607266727536
-49.79037377420942,-68.70527083551406
-49.78538267359536,-68.70446862653303
-49.7803915729813,-68.70366604020388
-49.77540047236724,-68.70286307639812
-49.770409371753175,-68.70205973498747
-49.76541827113911,-68.7012560158433
-49.760427170525055,-68.70045191883717
-49.75543606991099,-68.69964744384049
-49.75044496929693,-68.69884259072455
-49.745453868682866,-68.6980373593609
-49.74046276806881,-68.6972317496207
-49.735471667454746,-68.69642576137532
-49.73048056684068,-68.69561939449602
-49.72548946622662,-68.69481264885393
-49.72049836561256,-68.6940055243203
-49.7155072649985,-68.69319802076618
-49.71051616438444,-68.69239013806272
-49.705525063770374,-68.69158187608102
-49.70053396315632,-68.69077323469205
-49.695542862542254,-68.68996421376684
-49.69055176192819,-68.68915481317627
-49.685560661314135,-68.68834503279125
-49.68056956070007,-68.6875348724827
-49.67557846008601,-68.68672433212144
-49.670587359471945,-68.68591341157831
-49.66559625885789,-68.68510211072395
-49.660605158243825,-68.68429042942917
-49.65561405762976,-68.68347836756462
-49.6506229570157,-68.68266592500095
-49.64563185640164,-68.6818531016088
-49.64064075578758,-68.68103989725869
-49.635649655173516,-68.68022631182124
-49.63065855455945,-68.67941234516682
-49.6256674539454,-68.6785979971659
-49.62067635333133,-68.677783267689
-49.61568525271727,-68.67696815660653
-49.61069415210321,-68.67615266378868
-49.60570305148915,-68.67533678910581
-49.60071195087509,-68.67452053242825
-49.595720850261024,-68.67370389362613
-49.59072974964697,-68.67288687256968
-49.585738649032905,-68.67206946912913
-49.58074754841884,-68.67125168317446
-49.57575644780478,-68.67043351457595
-49.57076534719072,-68.66961496320344
-49.56577424657666,-68.66879602892702
-49.560783145962596,-68.66797671161666
-49.55579204534853,-68.6671570111422
-49.550800944734476,-68.66633692737368
-49.54580984412041,-68.66551646018085
-49.54081874350635,-68.6646956094336
-49.535827642892286,-68.66387437500155
-49.53083654227823,-68.66305275675458
-49.52584544166417,-68.6622307545624
-49.520854341050104,-68.66140836829462
-49.51586324043604,-68.66058559782084
-49.510872139821984,-68.65976244301069
-49.50588103920792,-68.65893890373367
-49.50088993859386,-68.65811497985933
-49.495898837979794,-68.65729067125716
-49.49090773736574,-68.65646597779656
-49.485916636751675,-68.65564089934689
-49.48092553613761,-68.65481543577768
-49.475934435523556,-68.65398958695803
-49.47094333490949,-68.65316335275733
-49.46595223429543,-68.65233673304485
-49.460961133681366,-68.65150972768978
-49.45597003306731,-68.65068233656123
-49.450978932453246,-68.64985455952834
-49.44598783183918,-68.6490263964603
-49.44099673122512,-68.6481978472261
-49.436005630611064,-68.64736891169477
-49.431014529997,-68.6465395897352
-49.42602342938294,-68.64570988121646
-49.421032328768874,-68.64487978600737
-49.41604122815482,-68.6440493039769
-49.411050127540754,-68.64321843499371
-49.40605902692669,-68.64238717892673
-49.401067926312635,-68.64155553564463
-49.39607682569857,-68.64072350501617
-49.39108572508451,-68.63989108691001
-49.386094624470445,-68.63905828119476
-49.38110352385639,-68.63822508773907
-49.376112423242326,-68.63739150641143
-49.37112132262826,-68.6365575370804
-49.3661302220142,-68.63572317961452
-49.36113912140014,-68.6348884338822
-49.35614802078608,-68.6340532997517
-49.351156920172016,-68.6332177770916
-49.34616581955795,-68.6323818657701
-49.3411747189439,-68.63154556565557
-49.336183618329834,-68.63070887661628
-49.33119251771577,-68.62987179852034
-49.32620141710171,-68.62903433123603
-49.32121031648765,-68.62819647463141
-49.31621921587359,-68.62735822857461
-49.311228115259524,-68.6265195929337
-49.30623701464546,-68.62568056757681
-49.301245914031405,-68.62484115237167
-49.29625481341734,-68.6240013471865
-49.29126371280328,-68.62316115188912
-49.28627261218922,-68.6223205663473
-49.28128151157516,-68.62147959042899
-49.276290410961096,-68.62063822400185
-49.27129931034703,-68.6197964669338
-49.266308209732976,-68.61895431909251
-49.26131710911891,-68.61811178034564
-49.25632600850485,-68.61726885056079
-49.25133490789079,-68.61642552960562
-49.24634380727673,-68.6155818173477
-49.24135270666267,-68.61473771365453
-49.236361606048604,-68.61389321839361
-49.23137050543454,-68.61304833143245
-49.226379404820484,-68.6122030526384
-49.22138830420642,-68.61135738187873
-49.21639720359236,-68.61051131902092
-49.211406102978295,-68.60966486393225
-49.20641500236424,-68.60881801647992
-49.201423901750175,-68.6079707765312
-49.19643280113611,-68.60712314395332
-49.191441700522056,-68.60627511861333
-49.18645059990799,-68.6054267003784
-49.18145949929393,-68.60457788911548
-49.176468398679866,-68.60372868469176
-49.17147729806581,-68.60287908697407
-49.166486197451746,-68.60202909582951
-49.16149509683768,-68.60117871112497
-49.15650399622362,-68.60032793272714
-49.151512895609564,-68.59947676050315
-49.1465217949955,-68.59862519431954
-49.14153069438144,-68.59777323404323
-49.136539593767374,-68.59692087954082
-49.13154849315332,-68.59606813067906
-49.126557392539254,-68.59521498732467
-49.12156629192519,-68.59436144934409
-49.11657519131113,-68.59350751660396
-49.11158409069707,-68.59265318897089
-49.10659299008301,-68.59179846631126
-49.101601889468945,-68.59094334849156
-49.09661078885489,-68.59008783537818
-49.091619688240826,-68.58923192683746
-49.08662858762676,-68.58837562273585
-49.0816374870127,-68.58751892293961
-49.07664638639864,-68.5866618273149
-49.07165528578458,-68.58580433572799
-49.06666418517052,-68.58494644804513
-49.06167308455645,-68.5840881641324
-49.0566819839424,-68.58322948385596
-49.051690883328334,-68.58237040708175
-49.04669978271427,-68.58151093367589
-49.04170868210021,-68.5806510635044
-49.03671758148615,-68.57979079643312
-49.03172648087209,-68.578930132328
-49.026735380258025,-68.57806907105498
-49.02174427964396,-68.5772076124798
-49.016753179029905,-68.57634575646833
-49.01176207841584,-68.5754835028863
-49.00677097780178,-68.57462085159935
-49.001779877187715,-68.57375780247332
-48.99678877657366,-68.57289435537366
-48.991797675959596,-68.57203051016607
-48.98680657534553,-68.57116626671613
-48.98181547473148,-68.57030162488934
-48.97682437411741,-68.56943658455114
-48.97183327350335,-68.56857114556706
-48.96684217288929,-68.56770530780243
-48.96185107227523,-68.5668390711227
-48.95685997166117,-68.56597243539309
-48.951868871047104,-68.56510540047896
-48.94687777043304,-68.56423796624556
-48.941886669818985,-68.56337013255803
-48.93689556920492,-68.5625018992817
-48.93190446859086,-68.56163326628145
-48.926913367976795,-68.56076423342267
-48.92192226736274,-68.55989480057023
-48.916931166748675,-68.5590249675892
-48.91194006613461,-68.55815473434464
-48.90694896552055,-68.5572841007013
-48.90195786490649,-68.55641306652426
-48.89696676429243,-68.5555416316783
-48.891975663678366,-68.5546697960282
-48.88698456306431,-68.55379755943875
-48.88199346245025,-68.55292492177487
-48.87700236183618,-68.55205188290107
-48.87201126122212,-68.5511784426821
-48.867020160608064,-68.55030460098267
-48.862029059994,-68.54943035766712
-48.85703795937994,-68.54855571260023
-48.852046858765874,-68.54768066564644
-48.84705575815182,-68.54680521667022
-48.842064657537755,-68.54592936553604
-48.83707355692369,-68.54505311210818
-48.83208245630963,-68.54417645625118
-48.82709135569557,-68.54329939782923
-48.82210025508151,-68.54242193670662
-48.817109154467445,-68.54154407274758
-48.81211805385338,-68.54066580581633
-48.807126953239326,-68.53978713577709
-48.80213585262526,-68.53890806249387
-48.7971447520112,-68.53802858583079
-48.79215365139714,-68.53714870565199
-48.78716255078308,-68.53626842182135
-48.78217145016902,-68.5353877342029
-48.77718034955495,-68.53450664266053
-48.7721892489409,-68.53362514705816
-48.767198148326834,-68.53274324725962
-48.76220704771277,-68.53186094312876
-48.75721594709871,-68.5309782345293
-48.75222484648465,-68.53009512132499
-48.74723374587059,-68.5292116033795
-48.742242645256525,-68.52832768055654
-48.73725154464246,-68.52744335271967
-48.732260444028405,-68.52655861973244
-48.72726934341434,-68.5256734814585
-48.72227824280028,-68.5247879377612
-48.717287142186215,-68.52390198850412
-48.71229604157216,-68.52301563355061
-48.707304940958096,-68.52212887276409
-48.70231384034403,-68.52124170600784
-48.69732273972997,-68.52035413314518
-48.69233163911591,-68.51946615403946
-48.68734053850185,-68.51857776855377
-48.68234943788779,-68.51768897655141
-48.67735833727373,-68.51679977789541
-48.67236723665967,-68.51591017244897
-48.667376136045604,-68.51502016007504
-48.66238503543154,-68.51412974063682
-48.657393934817485,-68.51323891399711
-48.65240283420342,-68.512347680019
-48.64741173358936,-68.51145603856531
-48.642420632975295,-68.51056398949899
-48.63742953236124,-68.50967153268276
-48.632438431747175,-68.50877866797951
-48.62744733113311,-68.50788539525192
-48.62245623051905,-68.50699171436275
-48.61746512990499,-68.50609762517463
-48.61247402929093,-68.50520312755027
-48.607482928676866,-68.50430822135219
-48.60249182806281,-68.5034129064429
-48.59750072744875,-68.50251718268508
-48.59250962683468,-68.50162104994101
-48.58751852622062,-68.50072450807328
-48.582527425606564,-68.49982755694421
-48.5775363249925,-68.49893019641621
-48.57254522437844,-68.49803242635149
-48.567554123764374,-68.49713424661239
-48.56256302315032,-68.49623565706122
-48.557571922536255,-68.4953366575601
-48.55258082192219,-68.49443724797115
-48.54758972130813,-68.49353742815666
-48.54259862069407,-68.49263719797845
-48.53760752008001,-68.49173655729881
-48.532616419465946,-68.49083550597962
-48.52762531885188,-68.48993404388281
-48.522634218237826,-68.48903217087043
-48.51764311762376,-68.48812988680426
-48.5126520170097,-68.48722719154621
-48.507660916395636,-68.48632408495793
-48.50266981578158,-68.48542056690145
-48.49767871516752,-68.48451663723824
-48.492687614553454,-68.48361229583018
-48.4876965139394,-68.48270754253879
-48.482705413325334,-68.48180237722572
-48.47771431271127,-68.48089679975254
-48.47272321209721,-68.47999080998076
-48.46773211148315,-68.47908440777192
-48.46274101086909,-68.4781775929874
-48.457749910255025,-68.47727036548865
-48.45275880964096,-68.47636272513704
-48.447767709026905,-68.47545467179384
-48.44277660841284,-68.47454620532042
-48.43778550779878,-68.47363732557804
-48.432794407184716,-68.47272803242781
-48.42780330657066,-68.47181832573102
-48.422812205956596,-68.47090820534872
-48.41782110534253,-68.469997671142
-48.41283000472847,-68.46908672297198
-48.40783890411441,-68.46817536069965
-48.40284780350035,-68.4672635841859
-48.39785670288629,-68.46635139329172
-48.392865602272224,-68.4654387878781
-48.38787450165817,-68.46452576780574
-48.382883401044104,-68.46361233293551
-48.37789230043004,-68.46269848312824
-48.372901199815985,-68.46178421824457
-48.36791009920192,-68.46086953814525
-48.36291899858786,-68.45995444269097
-48.357927897973795,-68.45903893174224
-48.35293679735974,-68.4581230051598
-48.347945696745676,-68.457206662804
-48.34295459613161,-68.4562899045355
-48.33796349551755,-68.45537273021462
-48.33297239490349,-68.45445513970186
-48.32798129428943,-68.4535371328576
-48.322990193675366,-68.4526187095421
-48.3179990930613,-68.45169986961575
-48.31300799244725,-68.45078061293874
-48.308016891833184,-68.4498609393713
-48.30302579121912,-68.44894084877367
-48.298034690605064,-68.44802034100591
-48.293043589991,-68.44709941592818
-48.28805248937694,-68.44617807340047
-48.283061388762874,-68.44525631328284
-48.27807028814882,-68.44433413543533
-48.273079187534755,-68.44341153971774
-48.26808808692069,-68.44248852599009
-48.26309698630663,-68.44156509411218
-48.25810588569257,-68.44064124394374
-48.25311478507851,-68.43971697534481
-48.248123684464446,-68.43879228817485
-48.24313258385038,-68.4378671822937
-48.238141483236326,-68.436941657561
-48.23315038262226,-68.43601571383637
-48.2281592820082,-68.4350893509794
-48.223168181394136,-68.43416256884962
-48.21817708078008,-68.43323536730652
-48.21318598016602,-68.43230774620953
-48.208194879551954,-68.4313797054182
-48.20320377893789,-68.4304512447917
-48.198212678323834,-68.42952236418958
-48.19322157770977,-68.42859306347093
-48.18823047709571,-68.42766334249521
-48.18323937648165,-68.42673320112154
-48.17824827586759,-68.42580263920908
-48.173257175253525,-68.42487165661701
-48.16826607463946,-68.42394025320448
-48.163274974025406,-68.42300842883041
-48.15828387341134,-68.42207618335394
-48.15329277279728,-68.42114351663396
-48.148301672183216,-68.42021042852953
-48.14331057156916,-68.41927691889947
-48.138319470955096,-68.41834298760261
-48.13332837034103,-68.4174086344978
-48.12833726972697,-68.41647385944387
-48.123346169112914,-68.41553866229945
-48.11835506849885,-68.41460304292336
-48.11336396788479,-68.4136670011741
-48.108372867270724,-68.4127305369105
-48.10338176665667,-68.41179364999094
-48.098390666042604,-68.41085634027411
-48.09339956542854,-68.40991860761842
-48.088408464814485,-68.40898045188233
-48.08341736420042,-68.40804187292429
-48.07842626358636,-68.40710287060263
-48.073435162972295,-68.40616344477574
-48.06844406235824,-68.4052235953019
-48.063452961744176,-68.4042833220394
-48.05846186113011,-68.40334262484643
-48.05347076051605,-68.40240150358107
-48.04847965990199,-68.40145995810157
-48.04348855928793,-68.400517988266
-48.038497458673866,-68.39957559393244
-48.0335063580598,-68.3986327749589
-48.02851525744575,-68.39768953120328
-48.023524156831684,-68.39674586252363
-48.01853305621762,-68.39580176877769
-48.01354195560356,-68.39485724982347
-48.0085508549895,-68.39391230551875
-48.00355975437544,-68.39296693572119
-47.998568653761374,-68.39202114028863
-47.99357755314732,-68.39107491907875
-47.988586452533255,-68.3901282719492
-47.98359535191919,-68.38918119875756
-47.97860425130513,-68.38823369936146
-47.97361315069107,-68.38728577361839
-47.96862205007701,-68.38633742138582
-47.963630949462946,-68.38538864252124
-47.95863984884888,-68.38443943688203
-47.953648748234826,-68.38348980432563
-47.94865764762076,-68.38253974470922
-47.9436665470067,-68.3815892578903
-47.93867544639264,-68.38063834372592
-47.93368434577858,-68.37968700207341
-47.92869324516452,-68.37873523278995
-47.923702144550454,-68.37778303573258
-47.91871104393639,-68.37683041075834
-47.913719943322334,-68.37587735772453
-47.90872884270827,-68.3749238764879
-47.90373774209421,-68.37396996690552
-47.898746641480145,-68.37301562883424
-47.89375554086609,-68.37206086213108
-47.888764440252025,-68.37110566665275
-47.88377333963796,-68.37015004225617
-47.878782239023906,-68.36919398879796
-47.87379113840984,-68.36823750613499
-47.86880003779578,-68.36728059412381
-47.863808937181716,-68.36632325262127
-47.85881783656766,-68.36536548148372
-47.8538267359536,-68.36440728056786
-47.84883563533953,-68.36344864973022
-47.84384453472547,-68.36248958882722
-47.838853434111414,-68.36153009771529
-47.83386233349735,-68.36057017625089
-47.82887123288329,-68.35960982429035
-47.823880132269224,-68.35864904168993
-47.81888903165517,-68.357687828306
-47.813897931041105,-68.35672618399472
-47.80890683042704,-68.35576410861236
-47.803915729812985,-68.35480160201499
-47.79892462919892,-68.35383866405878
-47.79393352858486,-68.3528752945999
-47.788942427970795,-68.35191149349413
-47.78395132735673,-68.35094726059772
-47.778960226742676,-68.34998259576639
-47.77396912612861,-68.34901749885626
-47.76897802551455,-68.3480519697231
-47.76398692490049,-68.34708600822275
-47.75899582428643,-68.34611961421095
-47.75400472367237,-68.34515278754344
-47.7490136230583,-68.34418552807615
-47.74402252244425,-68.34321783566446
-47.739031421830184,-68.34224971016415
-47.73404032121612,-68.34128115143072
-47.72904922060206,-68.34031215931988
-47.724058119988,-68.33934273368692
-47.71906701937394,-68.33837287438742
-47.714075918759875,-68.33740258127676
-47.70908481814581,-68.33643185421039
-47.704093717531755,-68.33546069304357
-47.69910261691769,-68.33448909763163
-47.69411151630363,-68.33351706782979
-47.68912041568957,-68.33254460349342
-47.68412931507551,-68.33157170447753
-47.679138214461446,-68.33059837063726
-47.67414711384738,-68.3296246018278
-47.66915601323333,-68.32865039790411
-47.66416491261926,-68.32767575872134
-47.6591738120052,-68.32670068413435
-47.65418271139114,-68.32572517399811
-47.64919161077708,-68.3247492281675
-47.64420051016302,-68.32377284649733
-47.639209409548954,-68.32279602884252
-47.63421830893489,-68.32181877505766
-47.629227208320835,-68.32084108499774
-47.62423610770677,-68.31986295851723
-47.61924500709271,-68.31888439547076
-47.614253906478645,-68.31790539571307
-47.60926280586459,-68.31692595909878
-47.604271705250525,-68.3159460854822
-47.59928060463646,-68.31496577471788
-47.5942895040224,-68.31398502666035
-47.58929840340834,-68.31300384116395
-47.58430730279428,-68.31202221808304
-47.579316202180216,-68.31104015727195
-47.57432510156616,-68.31005765858497
-47.5693340009521,-68.30907472187621
-47.56434290033803,-68.30809134700009
-47.55935179972397,-68.3071075338106
-47.554360699109914,-68.30612328216188
-47.54936959849585,-68.30513859190805
-47.54437849788179,-68.30415346290317
-47.539387397267724,-68.30316789500105
-47.53439629665367,-68.30218188805584
-47.529405196039605,-68.30119544192131
-47.52441409542554,-68.30020855645144
-47.51942299481148,-68.29922123150001
-47.51443189419742,-68.29823346692076
-47.50944079358336,-68.29724526256744
-47.504449692969295,-68.29625661829388
-47.49945859235524,-68.29526753395358
-47.494467491741176,-68.29427800940023
-47.48947639112711,-68.29328804448738
-47.48448529051305,-68.29229763906865
-47.47949418989899,-68.29130679299743
-47.47450308928493,-68.2903155061273
-47.46951198867087,-68.28932377831153
-47.4645208880568,-68.28833160940353
-47.45952978744275,-68.28733899925676
-47.454538686828684,-68.28634594772433
-47.44954758621462,-68.28535245465959
-47.44455648560056,-68.28435851991573
-47.4395653849865,-68.28336414334599
-47.43457428437244,-68.28236932480337
-47.429583183758375,-68.281374064141
-47.42459208314431,-68.280378361212
-47.419600982530255,-68.27938221586928
-47.41460988191619,-68.2783856279658
-47.40961878130213,-68.2773885973545
-47.404627680688066,-68.27639112388832
-47.39963658007401,-68.27539320742001
-47.394645479459946,-68.2743948478024
-47.38965437884588,-68.27339604488826
-47.38466327823183,-68.2723967985303
-47.37967217761776,-68.27139710858116
-47.3746810770037,-68.2703969748935
-47.36968997638964,-68.26939639731992
-47.36469887577558,-68.26839537571291
-47.35970777516152,-68.26739390992505
-47.354716674547454,-68.26639199980883
-47.34972557393339,-68.26538964521657
-47.344734473319335,-68.2643868460007
-47.33974337270527,-68.26338360201358
-47.33475227209121,-68.26237991310748
-47.329761171477145,-68.26137577913471
-47.32477007086309,-68.26037119994739
-47.319778970249025,-68.25936617539784
-47.31478786963496,-68.25836070533806
-47.3097967690209,-68.25735478962015
-47.30480566840684,-68.25634842809629
-47.29981456779278,-68.2553416206184
-47.294823467178716,-68.2543343670384
-47.28983236656465,-68.25332666720837
-47.2848412659506,-68.25231852098001
-47.27985016533653,-68.25130992820525
-47.27485906472247,-68.25030088873599
-47.269867964108414,-68.24929140242389
-47.26487686349435,-68.2482814691206
-47.25988576288029,-68.24727108867788
-47.254894662266224,-68.24626026094738
-47.24990356165217,-68.24524898578078
-47.244912461038105,-68.24423726302952
-47.23992136042404,-68.24322509254503
-47.23493025980998,-68.24221247417893
-47.22993915919592,-68.24119940778263
-47.22494805858186,-68.24018589320742
-47.219956957967796,-68.23917193030478
-47.21496585735373,-68.23815751892596
-47.209974756739676,-68.23714265892218
-47.20498365612561,-68.23612735014473
-47.19999255551155,-68.23511159244475
-47.19500145489749,-68.23409538567336
-47.19001035428343,-68.23307872968172
-47.18501925366937,-68.23206162432078
-47.180028153055304,-68.2310440694417
-47.17503705244125,-68.23002606489531
-47.170045951827184,-68.22900761053262
-47.16505485121312,-68.2279887062046
-47.16006375059906,-68.22696935176191
-47.155072649985,-68.22594954705545
-47.15008154937094,-68.22492929193601
-47.145090448756875,-68.22390858625425
-47.14009934814281,-68.22288742986095
-47.135108247528755,-68.22186582260663
-47.13011714691469,-68.22084376434196
-47.12512604630063,-68.21982125491749
-47.120134945686566,-68.21879829418369
-47.11514384507251,-68.21777488199106
-47.110152744458446,-68.21675101819002
-47.10516164384438,-68.215726702631
-47.10017054323032,-68.21470193516431
-47.09517944261626,-68.2136767156403
-47.0901883420022,-68.2126510439092
-47.08519724138814,-68.21162491982118
-47.08020614077408,-68.21059834322652
-47.07521504016002,-68.20957131397527
-47.070223939545954,-68.20854383191758
-47.06523283893189,-68.2075158969035
-47.060241738317835,-68.20648750878298
-47.05525063770377,-68.20545866740612
-47.05025953708971,-68.20442937262276
-47.045268436475645,-68.20339962428277
-47.04027733586159,-68.20236942223607
-47.035286235247526,-68.20133876633236
-47.03029513463346,-68.20030765642147
-47.0253040340194,-68.19927609235313
-47.02031293340534,-68.19824407397697
-47.01532183279128,-68.19721160114268
-47.010330732177216,-68.19617867369985
-47.00533963156316,-68.19514529149805
-47.0003485309491,-68.1941114543866
-46.995357430335034,-68.19307716221526
-46.99036632972097,-68.19204241483324
-46.98537522910691,-68.19100721209007
-46.98038412849285,-68.18997155383498
-46.97539302787879,-68.18893543991732
-46.970401927264724,-68.18789887018632
-46.96541082665067,-68.18686184449125
-46.960419726036605,-68.18582436268125
-46.95542862542254,-68.18478642460553
-46.95043752480848,-68.18374803011302
-46.94544642419442,-68.18270917905286
-46.94045532358036,-68.18166987127405
-46.935464222966296,-68.1806301066256
-46.93047312235223,-68.17958988495643
-46.925482021738176,-68.17854920611532
-46.92049092112411,-68.17750806995122
-46.91549982051005,-68.17646647631288
-46.91050871989599,-68.17542442504903
-46.90551761928193,-68.17438191600844
-46.90052651866787,-68.17333894903972
-46.895535418053804,-68.17229552399158
-46.89054431743975,-68.17125164071251
-46.885553216825684,-68.17020729905111
-46.88056211621162,-68.16916249885585
-46.87557101559756,-68.16811723997533
-46.8705799149835,-68.1670715222577
-46.86558881436944,-68.16602534555153
-46.860597713755375,-68.1649787097052
-46.85560661314131,-68.16393161456683
-46.850615512527256,-68.16288405998479
-46.84562441191319,-68.1618360458072
-46.84063331129913,-68.16078757188234
-46.835642210685066,-68.15973863805827
-46.83065111007101,-68.15868924418304
-46.825660009456946,-68.15763939010472
-46.82066890884288,-68.1565890756713
-46.81567780822882,-68.15553830073075
-46.810686707614764,-68.15448706513105
-46.8056956070007,-68.15343536871993
-46.80070450638664,-68.15238321134531
-46.795713405772574,-68.15133059285492
-46.79072230515852,-68.15027751309655
-46.785731204544454,-68.14922397191792
-46.78074010393039,-68.14816996916656
-46.775749003316335,-68.14711550469025
-46.77075790270227,-68.14606057833652
-46.76576680208821,-68.14500518995283
-46.760775701474145,-68.14394933938672
-46.75578460086009,-68.14289302648564
-46.750793500246026,-68.14183625109705
-46.74580239963196,-68.14077901306817
-46.7408112990179,-68.13972131224641
-46.73582019840384,-68.13866314847914
-46.73082909778978,-68.13760452161338
-46.72583799717572,-68.13654543149649
-46.72084689656165,-68.13548587797558
-46.7158557959476,-68.13442586089779
-46.710864695333534,-68.13336538011006
-46.70587359471947,-68.13230443545964
-46.700882494105414,-68.13124302679326
-46.69589139349135,-68.13018115395799
-46.69090029287729,-68.12911881680073
-46.685909192263225,-68.12805601516837
-46.68091809164916,-68.12699274890757
-46.675926991035105,-68.12592901786532
-46.67093589042104,-68.12486482188814
-46.66594478980698,-68.12380016082281
-46.66095368919292,-68.12273503451604
-46.65596258857886,-68.12166944281434
-46.650971487964796,-68.12060338556427
-46.64598038735073,-68.11953686261232
-46.640989286736676,-68.11846987380508
-46.63599818612261,-68.11740241898889
-46.63100708550855,-68.11633449801006
-46.62601598489449,-68.11526611071515
-46.62102488428043,-68.11419725695025
-46.61603378366637,-68.11312793656178
-46.611042683052304,-68.11205814939589
-46.60605158243824,-68.11098789529872
-46.601060481824184,-68.10991717411643
-46.59606938121012,-68.10884598569517
-46.59107828059606,-68.10777432988085
-46.586087179982,-68.10670220651961
-46.58109607936794,-68.1056296154574
-46.576104978753875,-68.10455655654008
-46.57111387813981,-68.1034830296136
-46.566122777525756,-68.10240903452365
-46.56113167691169,-68.10133457111614
-46.55614057629763,-68.10025963923687
-46.551149475683566,-68.09918423873144
-46.54615837506951,-68.09810836944557
-46.54116727445545,-68.09703203122481
-46.53617617384138,-68.09595522391483
-46.53118507322732,-68.09487794736108
-46.526193972613264,-68.09380020140915
-46.5212028719992,-68.09272198590446
-46.51621177138514,-68.09164330069244
-46.511220670771074,-68.09056414561836
-46.50622957015702,-68.08948452052762
-46.501238469542955,-68.0884044252655
-46.49624736892889,-68.08732385967721
-46.49125626831483,-68.08624282360798
-46.48626516770077,-68.08516131690293
-46.48127406708671,-68.0840793394071
-46.476282966472645,-68.08299689096573
-46.47129186585859,-68.08191397142375
-46.466300765244526,-68.08083058062606
-46.46130966463046,-68.07974671841777
-46.4563185640164,-68.07866238464372
-46.45132746340234,-68.0775775791486
-46.44633636278828,-68.07649230177745
-46.44134526217422,-68.07540655237494
-46.43635416156015,-68.07432033078571
-46.4313630609461,-68.07323363685462
-46.426371960332034,-68.07214647042622
-46.42138085971797,-68.07105883134497
-46.41638975910391,-68.06997071945568
-46.41139865848985,-68.06888213460276
-46.40640755787579,-68.06779307663062
-46.401416457261725,-68.06670354538372
-46.39642535664767,-68.0656135407064
-46.391434256033605,-68.0645230624431
-46.38644315541954,-68.06343211043801
-46.38145205480548,-68.06234068453547
-46.37646095419142,-68.06124878457969
-46.37146985357736,-68.0601564104147
-46.366478752963296,-68.05906356188487
-46.36148765234923,-68.057970238834
-46.35649655173518,-68.05687644110643
-46.35150545112111,-68.05578216854583
-46.34651435050705,-68.05468742099646
-46.34152324989299,-68.05359219830203
-46.33653214927893,-68.05249650030643
-46.33154104866487,-68.05140032685357
-46.326549948050804,-68.05030367778711
-46.32155884743674,-68.04920655295093
-46.316567746822685,-68.04810895218868
-46.31157664620862,-68.04701087534397
-46.30658554559456,-68.04591232226038
-46.301594444980495,-68.04481329278163
-46.29660334436644,-68.04371378675103
-46.291612243752375,-68.04261380401226
-46.28662114313831,-68.04151334440857
-46.281630042524256,-68.04041240778352
-46.27663894191019,-68.0393109939804
-46.27164784129613,-68.03820910284254
-46.266656740682066,-68.0371067342131
-46.26166564006801,-68.03600388793541
-46.25667453945395,-68.03490056385267
-46.25168343883988,-68.03379676180795
-46.24669233822582,-68.03269248164433
-46.241701237611764,-68.03158772320498
-46.2367101369977,-68.03048248633272
-46.23171903638364,-68.02937677087066
-46.226727935769574,-68.02827057666161
-46.22173683515552,-68.02716390354858
-46.216745734541455,-68.02605675137434
-46.21175463392739,-68.02494911998164
-46.20676353331333,-68.02384100921329
-46.20177243269927,-68.02273241891194
-46.19678133208521,-68.02162334892027
-46.191790231471145,-68.02051379908093
-46.18679913085708,-68.01940376923646
-46.181808030243026,-68.01829325922948
-46.17681692962896,-68.01718226890236
-46.1718258290149,-68.01607079809757
-46.16683472840084,-68.01495884665758
-46.16184362778678,-68.01384641442466
-46.15685252717272,-68.01273350124119
-46.15186142655865,-68.01162010694942
-46.1468703259446,-68.01050623139156
-46.141879225330534,-68.00939187440987
-46.13688812471647,-68.00827703584642
-46.13189702410241,-68.00716171554332
-46.12690592348835,-68.0060459133427
-46.12191482287429,-68.00492962908638
-46.116923722260225,-68.00381286261661
-46.11193262164616,-68.00269561377507
-46.106941521032105,-68.00157788240381
-46.10195042041804,-68.00045966834462
-46.09695931980398,-67.99934097143927
-46.09196821918992,-67.99822179152943
-46.08697711857586,-67.99710212845699
-46.081986017961796,-67.99598198206353
-46.07699491734773,-67.99486135219067
-46.07200381673368,-67.99374023867992
-46.06701271611961,-67.99261864137297
-46.06202161550555,-67.99149656011124
-46.05703051489149,-67.99037399473617
-46.05203941427743,-67.98925094508918
-46.04704831366337,-67.98812741101159
-46.042057213049304,-67.98700339234473
-46.03706611243524,-67.98587888892996
-46.032075011821185,-67.98475390060844
-46.02708391120712,-67.98362842722138
-46.02209281059306,-67.98250246860984
-46.017101709978995,-67.98137602461507
-46.01211060936494,-67.9802490950781
-46.007119508750876,-67.97912167983978
-46.00212840813681,-67.97799377874136
-45.99713730752275,-67.97686539162349
-45.99214620690869,-67.97573651832727
-45.98715510629463,-67.97460715869343
-45.982164005680566,-67.97347731256282
-45.97717290506651,-67.97234697977613
-45.97218180445245,-67.97121616017412
-45.967190703838384,-67.97008485359741
-45.96219960322432,-67.96895305988672
-45.957208502610264,-67.96782077888254
-45.9522174019962,-67.96668801042546
-45.94722630138214,-67.96555475435594
-45.942235200768074,-67.96442101051443
-45.93724410015402,-67.96328677874135
-45.932252999539955,-67.96215205887708
-45.92726189892589,-67.96101685076191
-45.92227079831183,-67.95988115423606
-45.91727969769777,-67.9587449691399
-45.91228859708371,-67.95760829531359
-45.907297496469646,-67.95647113259712
-45.90230639585559,-67.95533348083077
-45.897315295241526,-67.95419533985456
-45.89232419462746,-67.95305670950845
-45.8873330940134,-67.9519175896323
-45.882341993399336,-67.95077798006633
-45.87735089278528,-67.9496378806502
-45.87235979217122,-67.94849729122379
-45.867368691557154,-67.947356211627
-45.8623775909431,-67.94621464169941
-45.857386490329034,-67.94507258128085
-45.85239538971497,-67.94393003021096
-45.84740428910091,-67.94278698832936
-45.84241318848685,-67.94164345547564
-45.83742208787279,-67.94049943148923
-45.832430987258725,-67.93935491620974
-45.82743988664466,-67.93820990947658
-45.822448786030606,-67.93706441112917
-45.81745768541654,-67.93591842100685
-45.81246658480248,-67.93477193894886
-45.807475484188416,-67.93362496479465
-45.80248438357436,-67.93247749838324
-45.797493282960296,-67.93132953955393
-45.79250218234623,-67.93018108814591
-45.78751108173218,-67.92903214399813
-45.782519981118114,-67.92788270694976
-45.77752888050405,-67.92673277683977
-45.77253777988999,-67.92558235350715
-45.767546679275924,-67.92443143679071
-45.76255557866187,-67.92328002652943
-45.757564478047804,-67.92212812256209
-45.75257337743374,-67.92097572472754
-45.747582276819685,-67.91982283286453
-45.74259117620562,-67.91866944681168
-45.73760007559156,-67.91751556640773
-45.732608974977495,-67.91636119149118
-45.72761787436344,-67.91520632190068
-45.722626773749376,-67.91405095747484
-45.71763567313531,-67.91289509805195
-45.712644572521256,-67.9117387434706
-45.70765347190719,-67.91058189356912
-45.70266237129313,-67.90942454818583
-45.697671270679066,-67.90826670715911
-45.692680170065,-67.90710837032724
-45.68768906945095,-67.90594953752833
-45.682697968836884,-67.90479020860049
-45.67770686822282,-67.9036303833821
-45.672715767608764,-67.90247006171114
-45.6677246669947,-67.90130924342556
-45.66273356638064,-67.90014792836344
-45.657742465766574,-67.89898611636268
-45.65275136515252,-67.89782380726125
-45.647760264538455,-67.896661000897
-45.64276916392439,-67.89549769710776
-45.63777806331033,-67.89433389573118
-45.63278696269627,-67.89316959660529
-45.62779586208221,-67.89200479956737
-45.622804761468146,-67.89083950445549
-45.61781366085408,-67.88967371110691
-45.612822560240026,-67.88850741935943
-45.60783145962596,-67.88734062905041
-45.6028403590119,-67.88617334001731
-45.597849258397844,-67.88500555209765
-45.59285815778378,-67.88383726512883
-45.58786705716972,-67.88266847894808
-45.582875956555654,-67.88149919339273
-45.57788485594159,-67.88032940830007
-45.572893755327534,-67.87915912350724
-45.56790265471347,-67.8779883388515
-45.56291155409941,-67.87681705416985
-45.55792045348535,-67.87564526929943
-45.55292935287129,-67.87447298407726
-45.547938252257225,-67.87330019834027
-45.54294715164316,-67.87212691192553
-45.537956051029106,-67.8709531246697
-45.53296495041504,-67.86977883640994
-45.52797384980098,-67.86860404698285
-45.522982749186916,-67.86742875622514
-45.51799164857286,-67.86625296397375
-45.5130005479588,-67.86507667006519
-45.50800944734473,-67.86389987433616
-45.50301834673067,-67.86272257662313
-45.498027246116614,-67.86154477676277
-45.49303614550255,-67.86036647459153
-45.48804504488849,-67.85918766994587
-45.48305394427443,-67.85800836266213
-45.47806284366037,-67.85682855257689
-45.473071743046305,-67.85564823952619
-45.46808064243224,-67.85446742334648
-45.463089541818185,-67.8532861038739
-45.45809844120412,-67.85210428094472
-45.45310734059006,-67.85092195439503
-45.448116239975995,-67.84973912406095
-45.44312513936194,-67.84855578977852
-45.438134038747876,-67.84737195138379
-45.43314293813381,-67.8461876087126
-45.42815183751975,-67.84500276160101
-45.42316073690569,-67.8438174098849
-45.41816963629163,-67.84263155339994
-45.41317853567757,-67.8414451919821
-45.40818743506351,-67.84025832546698
-45.40319633444945,-67.83907095369041
-45.398205233835384,-67.83788307648797
-45.39321413322132,-67.83669469369529
-45.38822303260726,-67.83550580514793
-45.3832319319932,-67.83431641068145
-45.37824083137914,-67.83312651013114
-45.373249730765075,-67.83193610333265
-45.36825863015102,-67.83074519012135
-45.363267529536955,-67.82955377033245
-45.35827642892289,-67.82836184380137
-45.35328532830883,-67.8271694103633
-45.34829422769477,-67.82597646985352
-45.34330312708071,-67.82478302210704
-45.338312026466646,-67.82358906695912
-45.33332092585258,-67.82239460424488
-45.32832982523853,-67.82119963379921
-45.32333872462446,-67.82000415545706
-45.3183476240104,-67.81880816905357
-45.31335652339634,-67.81761167442357
-45.30836542278228,-67.81641467140189
-45.30337432216822,-67.81521715982329
-45.298383221554154,-67.81401913952257
-45.2933921209401,-67.81282061033448
-45.288401020326035,-67.81162157209366
-45.28340991971197,-67.81042202463476
-45.27841881909791,-67.80922196779228
-45.273427718483845,-67.80802140140095
-45.26843661786979,-67.80682032529518
-45.263445517255725,-67.80561873930927
-45.25845441664166,-67.8044166432778
-45.253463316027606,-67.80321403703508
-45.24847221541354,-67.8020109204155
-45.24348111479948,-67.80080729325323
-45.238490014185416,-67.79960315538246
-45.23349891357136,-67.79839850663751
-45.2285078129573,-67.79719334685254
-45.22351671234323,-67.79598767586148
-45.21852561172917,-67.7947814934985
-45.213534511115114,-67.79357479959751
-45.20854341050105,-67.79236759399264
-45.20355230988699,-67.79115987651763
-45.198561209272924,-67.78995164700635
-45.19357010865887,-67.78874290529285
-45.188579008044805,-67.78753365121067
-45.18358790743074,-67.78632388459356
-45.178596806816685,-67.78511360527534
-45.17360570620262,-67.7839028130897
-45.16861460558856,-67.78269150787004
-45.163623504974495,-67.78147968945002
-45.15863240436044,-67.7802673576632
-45.153641303746376,-67.77905451234302
-45.14865020313231,-67.77784115332283
-45.14365910251825,-67.77662728043609
-45.13866800190419,-67.77541289351613
-45.13367690129013,-67.77419799239624
-45.12868580067607,-67.7729825769096
-45.123694700062,-67.77176664688943
-45.11870359944795,-67.77055020216899
-45.113712498833884,-67.76933324258121
-45.10872139821982,-67.76811576795933
-45.103730297605765,-67.76689777813625
-45.0987391969917,-67.76567927294498
-45.09374809637764,-67.76446025221853
-45.088756995763575,-67.76324071578965
-45.08376589514951,-67.76202066349128
-45.078774794535455,-67.76080009515614
-45.07378369392139,-67.759579010617
-45.06879259330733,-67.75835740970662
-45.06380149269327,-67.7571352922576
-45.05881039207921,-67.75591265810259
-45.053819291465146,-67.75468950707415
-45.04882819085108,-67.75346583900479
-45.04383709023703,-67.75224165372698
-45.03884598962296,-67.75101695107328
-45.0338548890089,-67.74979173087591
-45.02886378839484,-67.74856599296731
-45.02387268778078,-67.74733973717973
-45.01888158716672,-67.7461129633455
-45.013890486552654,-67.74488567129679
-45.00889938593859,-67.74365786086571
-45.003908285324535,-67.74242953188447
-44.99891718471047,-67.74120068418513
-44.99392608409641,-67.73997131759963
-44.98893498348235,-67.7387414319601
-44.98394388286829,-67.73751102709836
-44.978952782254225,-67.73628010284631
-44.97396168164016,-67.73504865903591
-44.9689705810261,-67.73381669549886
-44.96397948041204,-67.73258421206698
-44.95898837979798,-67.731351208572
-44.953997279183916,-67.73011768484547
-44.94900617856986,-67.72888364071913
-44.9440150779558,-67.7276490760245
-44.93902397734173,-67.72641399059319
-44.93403287672767,-67.72517838425658
-44.929041776113614,-67.72394225684626
-44.92405067549955,-67.72270560819345
-44.91905957488549,-67.72146843812965
-44.91406847427143,-67.72023074648604
-44.90907737365737,-67.71899253309408
-44.904086273043305,-67.7177537977848
-44.89909517242924,-67.71651454038943
-44.89410407181518,-67.71527476073909
-44.88911297120112,-67.71403445866497
-44.88412187058706,-67.71279363399799
-44.879130769972996,-67.71155228656913
-44.87413966935894,-67.71031041620941
-44.869148568744876,-67.70906802274972
-44.86415746813081,-67.70782510602086
-44.85916636751675,-67.70658166585365
-44.85417526690269,-67.70533770207899
-44.84918416628863,-67.70409321452745
-44.84419306567457,-67.70284820302969
-44.839201965060504,-67.70160266741645
-44.83421086444645,-67.70035660751826
-44.829219763832384,-67.69911002316572
-44.82422866321832,-67.69786291418923
-44.81923756260426,-67.69661528041925
-44.8142464619902,-67.6953671216862
-44.80925536137614,-67.69411843782055
-44.804264260762075,-67.69286922865248
-44.79927316014802,-67.69161949401226
-44.794282059533955,-67.69036923373018
-44.78929095891989,-67.68911844763637
-44.78429985830583,-67.68786713556095
-44.779308757691766,-67.68661529733406
-44.77431765707771,-67.68536293278571
-44.769326556463646,-67.68411004174591
-44.76433545584958,-67.68285662404458
-44.75934435523553,-67.6816026795116
-44.75435325462146,-67.68034820797695
-44.7493621540074,-67.67909320927035
-44.74437105339334,-67.67783768322154
-44.73937995277928,-67.6765816296603
-44.73438885216522,-67.67532504841633
-44.729397751551154,-67.67406793931924
-44.72440665093709,-67.67281030219863
-44.719415550323035,-67.67155213688389
-44.71442444970897,-67.67029344320471
-44.70943334909491,-67.66903422099051
-44.704442248480845,-67.66777447007061
-44.69945114786679,-67.66651419027443
-44.694460047252726,-67.6652533814313
-44.68946894663866,-67.66399204337041
-44.684477846024606,-67.66273017592103
-44.67948674541054,-67.66146777891234
-44.67449564479648,-67.66020485217355
-44.669504544182416,-67.65894139553356
-44.66451344356835,-67.65767740882154
-44.6595223429543,-67.65641289186644
-44.654531242340234,-67.65514784449732
-44.64954014172617,-67.65388226654292
-44.644549041112114,-67.65261615783218
-44.63955794049805,-67.65134951819387
-44.63456683988399,-67.65008234745684
-44.629575739269924,-67.64881464544976
-44.62458463865587,-67.6475464120013
-44.619593538041805,-67.6462776469401
-44.61460243742774,-67.64500835009476
-44.609611336813686,-67.64373852129378
-44.60462023619962,-67.64246816036562
-44.59962913558556,-67.64119726713889
-44.594638034971496,-67.63992584144184
-44.58964693435743,-67.6386538831029
-44.584655833743376,-67.63738139195034
-44.57966473312931,-67.63610836781243
-44.57467363251525,-67.63483481051735
-44.569682531901194,-67.6335607198934
-44.56469143128713,-67.63228609576859
-44.55970033067307,-67.63101093797098
-44.554709230059004,-67.62973524632878
-44.54971812944495,-67.62845902066977
-44.544727028830884,-67.62718226082205
-44.53973592821682,-67.62590496661343
-44.53474482760276,-67.62462713787177
-44.5297537269887,-67.62334877442497
-44.52476262637464,-67.6220698761007
-44.519771525760575,-67.6207904427267
-44.51478042514651,-67.61951047413058
-44.509789324532456,-67.61822997014013
-44.50479822391839,-67.61694893058274
-44.49980712330433,-67.615667355286
-44.49481602269027,-67.61438524407751
-44.48982492207621,-67.6131025967846
-44.484833821462146,-67.61181941323464
-44.47984272084808,-67.6105356932551
-44.47485162023402,-67.60925143667319
-44.469860519619964,-67.60796664331616
-44.4648694190059,-67.60668131301126
-44.45987831839184,-67.60539544558566
-44.45488721777778,-67.60410904086643
-44.44989611716372,-67.60282209868079
-44.444905016549654,-67.60153461885562
-44.43991391593559,-67.60024660121796
-44.434922815321535,-67.5989580455946
-44.42993171470747,-67.59766895181268
-44.42494061409341,-67.59637931969891
-44.419949513479345,-67.5950891490801
-44.41495841286529,-67.593798439783
-44.409967312251226,-67.59250719163435
-44.40497621163716,-67.59121540446075
-44.3999851110231,-67.5899230780889
-44.39499401040904,-67.58863021234528
-44.39000290979498,-67.58733680705645
-44.38501180918092,-67.58604286204891
-44.38002070856686,-67.58474837714913
-44.3750296079528,-67.58345335218334
-44.370038507338734,-67.58215778697804
-44.36504740672467,-67.58086168135944
-44.360056306110614,-67.57956503515378
-44.35506520549655,-67.5782678481873
-44.35007410488249,-67.57697012028619
-44.345083004268425,-67.57567185127645
-44.34009190365437,-67.57437304098428
-44.335100803040305,-67.57307368923557
-44.33010970242624,-67.57177379585639
-44.32511860181218,-67.57047336067257
-44.32012750119812,-67.56917238351006
-44.31513640058406,-67.56787086419463
-44.310145299969996,-67.56656880255213
-44.30515419935594,-67.5652661984083
-44.300163098741876,-67.56396305158877
-44.29517199812781,-67.56265936191929
-44.29018089751375,-67.56135512922535
-44.28518979689969,-67.56005035333258
-44.28019869628563,-67.55874503406648
-44.27520759567157,-67.55743917125244
-44.270216495057504,-67.55613276471597
-44.26522539444345,-67.55482581428245
-44.260234293829384,-67.5535183197771
-44.25524319321532,-67.55221028102532
-44.25025209260126,-67.55090169785227
-44.2452609919872,-67.54959257008316
-44.24026989137314,-67.54828289754312
-44.235278790759075,-67.54697268005712
-44.23028769014501,-67.54566191745046
-44.225296589530956,-67.54435060954805
-44.22030548891689,-67.54303875617475
-44.21531438830283,-67.54172635715557
-44.210323287688766,-67.5404134123153
-44.20533218707471,-67.53909992147881
-44.20034108646065,-67.53778588447084
-44.19534998584658,-67.53647130111611
-44.19035888523253,-67.53515617123934
-44.185367784618464,-67.53384049466513
-44.1803766840044,-67.53252427121807
-44.17538558339034,-67.53120750072266
-44.170394482776274,-67.52989018300349
-44.16540338216222,-67.52857231788488
-44.160412281548155,-67.52725390519134
-44.15542118093409,-67.52593494474722
-44.150430080320035,-67.52461543637673
-44.14543897970597,-67.5232953799042
-44.14044787909191,-67.52197477515384
-44.135456778477845,-67.5206536219498
-44.13046567786379,-67.51933192011626
-44.125474577249726,-67.51800966947727
-44.12048347663566,-67.51668686985673
-44.1154923760216,-67.51536352107878
-44.11050127540754,-67.51403962296729
-44.10551017479348,-67.51271517534619
-44.10051907417942,-67.51139017803935
-44.09552797356535,-67.51006463087046
-44.0905368729513,-67.50873853366332
-44.085545772337234,-67.50741188624163
-44.08055467172317,-67.50608468842911
-44.075563571109114,-67.50475694004929
-44.07057247049505,-67.50342864092579
-44.06558136988099,-67.50209979088213
-44.060590269266925,-67.50077038974166
-44.05559916865287,-67.49944043732802
-44.050608068038805,-67.49810993346439
-44.04561696742474,-67.49677887797421
-44.04062586681068,-67.49544727068074
-44.03563476619662,-67.4941151114072
-44.03064366558256,-67.4927823999768
-44.025652564968496,-67.49144913621271
-44.02066146435443,-67.49011531993803
-44.01567036374038,-67.48878095097577
-44.01067926312631,-67.48744602914893
-44.00568816251225,-67.48611055428051
-44.000697061898194,-67.48477452619336
-43.99570596128413,-67.4834379447105
-43.99071486067007,-67.4821008096546
-43.985723760056004,-67.48076312084847
-43.98073265944194,-67.47942487811487
-43.975741558827885,-67.47808608127647
-43.97075045821382,-67.47674673015584
-43.96575935759976,-67.47540682457567
-43.9607682569857,-67.4740663643584
-43.95577715637164,-67.4727253493266
-43.950786055757575,-67.47138377930268
-43.94579495514351,-67.47004165410904
-43.940803854529456,-67.4686989735681
-43.93581275391539,-67.4673557375021
-43.93082165330133,-67.46601194573334
-43.925830552687266,-67.46466759808396
-43.92083945207321,-67.46332269437617
-43.91584835145915,-67.46197723443206
-43.91085725084508,-67.46063121807384
-43.90586615023102,-67.45928464512342
-43.900875049616964,-67.45793751540273
-43.8958839490029,-67.45658982873384
-43.89089284838884,-67.45524158493848
-43.88590174777478,-67.45389278383865
-43.88091064716072,-67.45254342525608
-43.875919546546655,-67.4511935090125
-43.87092844593259,-67.44984303492957
-43.86593734531853,-67.44849200282903
-43.86094624470447,-67.44714041253249
-43.85595514409041,-67.44578826386139
-43.850964043476345,-67.44443555663737
-43.84597294286229,-67.44308229068187
-43.840981842248226,-67.4417284658162
-43.83599074163416,-67.44037408186193
-43.8309996410201,-67.43901913864016
-43.82600854040604,-67.43766363597234
-43.82101743979198,-67.43630757367958
-43.81602633917792,-67.43495095158322
-43.81103523856386,-67.43359376950424
-43.8060441379498,-67.43223602726387
-43.801053037335734,-67.43087772468303
-43.79606193672167,-67.42951886158284
-43.79107083610761,-67.42815943778412
-43.78607973549355,-67.42679945310785
-43.78108863487949,-67.42543890737483
-43.776097534265425,-67.42407780040597
-43.77110643365137,-67.42271613202195
-43.766115333037305,-67.4213539020435
-43.76112423242324,-67.41999111029132
-43.75613313180918,-67.41862775658606
-43.75114203119512,-67.41726384074815
-43.74615093058106,-67.41589936259827
-43.741159829966996,-67.41453432195684
-43.73616872935293,-67.41316871864427
-43.73117762873888,-67.41180255248103
-43.72618652812481,-67.41043582328744
-43.72119542751075,-67.40906853088369
-43.71620432689669,-67.4077006750901
-43.71121322628263,-67.40633225572687
-43.70622212566857,-67.4049632726142
-43.701231025054504,-67.40359372557208
-43.69623992444045,-67.40222361442069
-43.691248823826385,-67.40085293897992
-43.68625772321232,-67.39948169906984
-43.68126662259826,-67.39810989451031
-43.676275521984195,-67.39673752512125
-43.67128442137014,-67.39536459072244
-43.666293320756076,-67.39399109113369
-43.66130222014201,-67.3926170261746
-43.656311119527956,-67.39124239566512
-43.65132001891389,-67.38986719942457
-43.64632891829983,-67.38849143727276
-43.641337817685766,-67.38711510902915
-43.63634671707171,-67.38573821451322
-43.63135561645765,-67.3843607535445
-43.62636451584358,-67.38298272594228
-43.62137341522952,-67.38160413152598
-43.616382314615464,-67.38022497011482
-43.6113912140014,-67.37884524152818
-43.60640011338734,-67.37746494558522
-43.601409012773274,-67.37608408210504
-43.59641791215922,-67.37470265090688
-43.591426811545155,-67.37332065180975
-43.58643571093109,-67.3719380846326
-43.581444610317035,-67.3705549491945
-43.57645350970297,-67.36917124531429
-43.57146240908891,-67.36778697281095
-43.566471308474846,-67.36640213150325
-43.56148020786078,-67.36501672121005
-43.556489107246726,-67.36363074174993
-43.55149800663266,-67.36224419294174
-43.5465069060186,-67.36085707460404
-43.54151580540454,-67.35946938655545
-43.53652470479048,-67.35808112861454
-43.53153360417642,-67.35669230059979
-43.526542503562354,-67.35530290232965
-43.5215514029483,-67.35391293362254
-43.516560302334234,-67.35252239429686
-43.51156920172017,-67.35113128417079
-43.506578101106115,-67.34973960306276
-43.50158700049205,-67.34834735079082
-43.49659589987799,-67.34695452717334
-43.491604799263925,-67.34556113202827
-43.48661369864986,-67.34416716517374
-43.481622598035806,-67.3427726264278
-43.47663149742174,-67.34137751560849
-43.47164039680768,-67.33998183253355
-43.46664929619362,-67.3385855770211
-43.46165819557956,-67.33718874888883
-43.456667094965496,-67.33579134795457
-43.45167599435143,-67.33439337403608
-43.44668489373738,-67.33299482695107
-43.441693793123314,-67.33159570651709
-43.43670269250925,-67.33019601255182
-43.43171159189519,-67.32879574487293
-43.42672049128113,-67.32739490329766
-43.42172939066707,-67.3259934876437
-43.416738290053004,-67.32459149772839
-43.41174718943894,-67.32318893336907
-43.406756088824885,-67.32178579438306
-43.40176498821082,-67.32038208058762
-43.39677388759676,-67.31897779180001
-43.3917827869827,-67.31757292783739
-43.38679168636864,-67.31616748851691
-43.381800585754576,-67.31476147365562
-43.37680948514051,-67.31335488307057
-43.37181838452645,-67.31194771657867
-43.36682728391239,-67.310539973997
-43.36183618329833,-67.30913165514237
-43.356845082684266,-67.3077227598316
-43.35185398207021,-67.30631328788151
-43.34686288145615,-67.30490323910888
-43.341871780842084,-67.30349261333033
-43.33688068022802,-67.30208141036256
-43.331889579613964,-67.30066963002221
-43.3268984789999,-67.29925727212576
-43.32190737838584,-67.2978443364898
-43.316916277771774,-67.29643082293074
-43.31192517715772,-67.295016731265
-43.306934076543655,-67.29360206130896
-43.30194297592959,-67.29218681287887
-43.29695187531553,-67.29077098579117
-43.29196077470147,-67.28935457986191
-43.28696967408741,-67.28793759490729
-43.281978573473346,-67.28652003074353
-43.27698747285929,-67.28510188718667
-43.271996372245226,-67.28368316405277
-43.26700527163116,-67.2822638611577
-43.2620141710171,-67.2808439783175
-43.257023070403044,-67.27942351534804
-43.25203196978898,-67.27800247206514
-43.24704086917492,-67.27658084828465
-43.242049768560854,-67.27515864382231
-43.2370586679468,-67.27373585849374
-43.232067567332734,-67.27231249211466
-43.22707646671867,-67.27088854450065
-43.22208536610461,-67.26946401546724
-43.21709426549055,-67.26803890483004
-43.21210316487649,-67.26661321240437
-43.207112064262425,-67.26518693800575
-43.20212096364837,-67.26376008144949
-43.197129863034306,-67.26233264255092
-43.19213876242024,-67.26090462112529
-43.18714766180618,-67.25947601698793
-43.182156561192116,-67.25804682995383
-43.17716546057806,-67.25661705983822
-43.172174359963996,-67.25518670645624
-43.16718325934993,-67.25375576962277
-43.16219215873588,-67.25232424915293
-43.157201058121814,-67.25089214486157
-43.15220995750775,-67.24945945656357
-43.14721885689369,-67.24802618407391
-43.14222775627963,-67.24659232720717
-43.13723665566557,-67.24515788577827
-43.132245555051504,-67.24372285960176
-43.12725445443744,-67.24228724849237
-43.122263353823385,-67.24085105226474
-43.11727225320932,-67.23941427073336
-43.11228115259526,-67.23797690371273
-43.107290051981195,-67.23653895101737
-43.10229895136714,-67.23510041246156
-43.097307850753076,-67.23366128785979
-43.09231675013901,-67.23222157702628
-43.087325649524956,-67.23078127977536
-43.08233454891089,-67.22934039592118
-43.07734344829683,-67.22789892527798
-43.07235234768277,-67.22645686765985
-43.0673612470687,-67.22501422288084
-43.06237014645465,-67.22357099075504
-43.057379045840584,-67.22212717109637
-43.05238794522652,-67.22068276371871
-43.047396844612464,-67.219237768436
-43.0424057439984,-67.2177921850621
-43.03741464338434,-67.21634601341071
-43.032423542770275,-67.2148992532957
-43.02743244215622,-67.21345190453067
-43.022441341542155,-67.21200396692926
-43.01745024092809,-67.21055544030499
-43.01245914031403,-67.20910632447153
-43.00746803969997,-67.20765661924234
-43.00247693908591,-67.20620632443088
-42.997485838471846,-67.20475543985049
-42.99249473785778,-67.20330396531457
-42.98750363724373,-67.20185190063641
-42.98251253662966,-67.20039924562924
-42.9775214360156,-67.19894600010636
-42.972530335401544,-67.19749216388084
-42.96753923478748,-67.19603773676573
-42.96254813417342,-67.1945827185742
-42.957557033559354,-67.19312710911933
-42.9525659329453,-67.19167090821395
-42.947574832331235,-67.19021411567104
-42.94258373171717,-67.18875673130337
-42.93759263110311,-67.18729875492396
-42.93260153048905,-67.18584018634537
-42.92761042987499,-67.18438102538055
-42.922619329260925,-67.18292127184196
-42.91762822864686,-67.1814609255423
-42.912637128032806,-67.17999998629426
-42.90764602741874,-67.17853845391026
-42.90265492680468,-67.17707632820273
-42.89766382619062,-67.17561360898434
-42.89267272557656,-67.1741502960672
-42.8876816249625,-67.1726863892638
-42.88269052434843,-67.17122188838644
-42.87769942373437,-67.1697567932473
-42.872708323120314,-67.16829110365865
-42.86771722250625,-67.1668248194326
-42.86272612189219,-67.16535794038114
-42.85773502127813,-67.16389046631654
-42.85274392066407,-67.16242239705062
-42.847752820050005,-67.16095373239546
-42.84276171943594,-67.15948447216282
-42.837770618821885,-67.1580146161647
-42.83277951820782,-67.15654416421283
-42.82778841759376,-67.15507311611903
-42.822797316979695,-67.15360147169488
-42.81780621636564,-67.15212923075221
-42.812815115751576,-67.15065639310257
-42.80782401513751,-67.14918295855742
-42.80283291452345,-67.14770892692844
-42.79784181390939,-67.14623429802711
-42.79285071329533,-67.14475907166468
-42.78785961268127,-67.14328324765263
-42.78286851206721,-67.14180682580232
-42.77787741145315,-67.14032980592495
-42.772886310839084,-67.13885218783179
-42.76789521022502,-67.13737397133409
-42.76290410961096,-67.13589515624281
-42.7579130089969,-67.1344157423691
-42.75292190838284,-67.13293572952408
-42.747930807768775,-67.13145511751867
-42.74293970715472,-67.12997390616378
-42.737948606540655,-67.12849209527037
-42.73295750592659,-67.12700968464927
-42.72796640531253,-67.1255266741112
-42.72297530469847,-67.124043063467
-42.71798420408441,-67.12255885252723
-42.712993103470346,-67.12107404110274
-42.70800200285629,-67.1195886290039
-42.70301090224223,-67.11810261604141
-42.69801980162816,-67.11661600202575
-42.6930287010141,-67.11512878676739
-42.68803760040004,-67.11364097007664
-42.68304649978598,-67.11215255176393
-42.67805539917192,-67.11066353163955
-42.673064298557854,-67.10917390951376
-42.6680731979438,-67.10768368519678
-42.663082097329735,-67.10619285849873
-42.65809099671567,-67.10470142922978
-42.65309989610161,-67.10320939719999
-42.64810879548755,-67.10171676221933
-42.64311769487349,-67.10022352409777
-42.638126594259425,-67.09872968264521
-42.63313549364536,-67.09723523767161
-42.628144393031306,-67.0957401889868
-42.62315329241724,-67.09424453640041
-42.61816219180318,-67.09274827972223
-42.613171091189116,-67.09125141876204
-42.60817999057506,-67.08975395332929
-42.603188889961,-67.08825588323373
-42.59819778934693,-67.08675720828474
-42.59320668873288,-67.08525792829188
-42.588215588118814,-67.08375804306455
-42.58322448750475,-67.08225755241219
-42.57823338689069,-67.08075645614406
-42.573242286276624,-67.07925475406954
-42.56825118566257,-67.07775244599772
-42.563260085048505,-67.07624953173794
-42.55826898443444,-67.07474601109922
-42.553277883820385,-67.07324188389074
-42.54828678320632,-67.07173714992152
-42.54329568259226,-67.07023180900048
-42.538304581978196,-67.06872586093664
-42.53331348136414,-67.06721930553894
-42.528322380750076,-67.06571214261616
-42.52333128013601,-67.06420437197708
-42.51834017952195,-67.0626959934305
-42.51334907890789,-67.06118700678505
-42.50835797829383,-67.05967741184942
-42.50336687767977,-67.05816720843228
-42.498375777065704,-67.05665639634208
-42.49338467645165,-67.0551449753874
-42.488393575837584,-67.05363294537665
-42.48340247522352,-67.05212030611825
-42.478411374609465,-67.05060705742056
-42.4734202739954,-67.0490931990919
-42.46842917338134,-67.04757873094054
-42.463438072767275,-67.04606365277468
-42.45844697215322,-67.0445479644025
-42.453455871539155,-67.04303166563203
-42.44846477092509,-67.04151475627143
-42.44347367031103,-67.03999723612876
-42.43848256969697,-67.0384791050118
-42.43349146908291,-67.03696036272865
-42.428500368468846,-67.03544100908711
-42.42350926785478,-67.03392104389499
-42.41851816724073,-67.03240046696008
-42.41352706662666,-67.03087927809008
-42.4085359660126,-67.02935747709274
-42.403544865398544,-67.02783506377563
-42.39855376478448,-67.02631203794627
-42.39356266417042,-67.02478839941227
-42.388571563556354,-67.02326414798107
-42.38358046294229,-67.02173928346015
-42.378589362328235,-67.02021380565678
-42.37359826171417,-67.01868771437842
-42.36860716110011,-67.0171610094323
-42.36361606048605,-67.0156336906256
-42.35862495987199,-67.01410575776558
-42.353633859257926,-67.01257721065937
-42.34864275864386,-67.01104804911397
-42.343651658029806,-67.00951827293656
-42.33866055741574,-67.00798788193406
-42.33366945680168,-67.00645687591336
-42.328678356187616,-67.00492525468137
-42.32368725557356,-67.00339301804497
-42.3186961549595,-67.0018601658109
-42.313705054345434,-67.00032669778601
-42.30871395373137,-66.99879261377689
-42.303722853117314,-66.9972579135902
-42.29873175250325,-66.99572259703253
-42.29374065188919,-66.99418666391048
-42.28874955127513,-66.9926501140305
-42.28375845066107,-66.99111294719901
-42.278767350047005,-66.98957516322253
-42.27377624943294,-66.98803676190727
-42.26878514881888,-66.98649774305964
-42.26379404820482,-66.98495810648579
-42.25880294759076,-66.98341785199202
-42.253811846976696,-66.98187697938442
-42.24882074636264,-66.98033548846912
-42.243829645748576,-66.97879337905214
-42.23883854513451,-66.97725065093955
-42.23384744452045,-66.9757073039372
-42.22885634390639,-66.97416333785115
-42.22386524329233,-66.97261875248711
-42.21887414267827,-66.97107354765095
-42.213883042064204,-66.96952772314847
-42.20889194145015,-66.96798127878533
-42.203900840836084,-66.96643421436723
-42.19890974022202,-66.96488652969971
-42.19391863960796,-66.96333822458845
-42.1889275389939,-66.96178929883882
-42.18393643837984,-66.96023975225638
-42.178945337765775,-66.95868958464648
-42.17395423715172,-66.95713879581461
-42.168963136537656,-66.95558738556596
-42.16397203592359,-66.95403535370586
-42.15898093530953,-66.95248270003945
-42.15398983469547,-66.950929424372
-42.14899873408141,-66.94937552650852
-42.144007633467346,-66.94782100625422
-42.13901653285328,-66.94626586341404
-42.13402543223923,-66.94471009779284
-42.129034331625164,-66.94315370919577
-42.1240432310111,-66.9415966974276
-42.11905213039704,-66.94003906229305
-42.11406102978298,-66.9384808035971
-42.10906992916892,-66.93692192114422
-42.104078828554854,-66.93536241473929
-42.0990877279408,-66.93380228418691
-42.094096627326735,-66.93224152929156
-42.08910552671267,-66.93068014985782
-42.08411442609861,-66.9291181456902
-42.079123325484545,-66.92755551659302
-42.07413222487049,-66.92599226237077
-42.069141124256426,-66.92442838282771
-42.06415002364236,-66.92286387776824
-42.059158923028306,-66.92129874699647
-42.05416782241424,-66.91973299031662
-42.04917672180018,-66.91816660753273
-42.04418562118612,-66.916599598449
-42.03919452057206,-66.91503196286943
-42.034203419958,-66.913463700598
-42.029212319343934,-66.91189481143866
-42.02422121872987,-66.91032529519522
-42.019230118115814,-66.90875515167161
-42.01423901750175,-66.90718438067162
-42.00924791688769,-66.9056129819988
-42.004256816273625,-66.90404095545705
-41.99926571565957,-66.90246830084993
-41.994274615045505,-66.90089501798106
-41.98928351443144,-66.89932110665389
-41.984292413817386,-66.89774656667196
-41.97930131320332,-66.89617139783866
-41.97431021258926,-66.89459559995743
-41.969319111975196,-66.89301917283169
-41.96432801136113,-66.89144211626453
-41.959336910747076,-66.88986443005935
-41.95434581013301,-66.88828611401924
-41.94935470951895,-66.8867071679474
-41.944363608904894,-66.88512759164698
-41.93937250829083,-66.88354738492087
-41.93438140767677,-66.88196654757223
-41.929390307062704,-66.88038507940384
-41.92439920644865,-66.87880298021867
-41.919408105834584,-66.87722024981949
-41.91441700522052,-66.87563688800932
-41.909425904606465,-66.87405289459055
-41.9044348039924,-66.87246826936621
-41.89944370337834,-66.87088301213869
-41.894452602764275,-66.86929712271076
-41.88946150215021,-66.86771060088485
-41.884470401536156,-66.86612344646349
-41.87947930092209,-66.86453565924919
-41.87448820030803,-66.86294723904426
-41.86949709969397,-66.86135818565106
-41.86450599907991,-66.8597684988718
-41.85951489846585,-66.85817817850898
-41.85452379785178,-66.85658722436457
-41.84953269723772,-66.8549956362408
-41.844541596623664,-66.8534034139397
-41.8395504960096,-66.85181055726343
-41.83455939539554,-66.85021706601391
-41.82956829478148,-66.84862293999308
-41.82457719416742,-66.84702817900285
-41.819586093553355,-66.8454327828451
-41.81459499293929,-66.84383675132153
-41.809603892325235,-66.84224008423404
-41.80461279171117,-66.84064278138423
-41.79962169109711,-66.83904484257374
-41.79463059048305,-66.83744626760424
-41.78963948986899,-66.83584705627719
-41.784648389254926,-66.83424720839412
-41.77965728864086,-66.8326467237565
-41.7746661880268,-66.83104560216577
-41.76967508741274,-66.82944384342318
-41.76468398679868,-66.82784144733013
-41.75969288618462,-66.8262384136877
-41.75470178557056,-66.82463474229732
-41.7497106849565,-66.82303043295995
-41.744719584342434,-66.8214254854768
-41.73972848372837,-66.81981989964885
-41.73473738311431,-66.8182136752772
-41.72974628250025,-66.8166068121627
-41.72475518188619,-66.81499931010627
-41.71976408127213,-66.81339116890877
-41.71477298065807,-66.811782388371
-41.709781880044005,-66.81017296829374
-41.70479077942994,-66.80856290847761
-41.69979967881588,-66.80695220872336
-41.69480857820182,-66.80534086883148
-41.68981747758776,-66.80372888860259
-41.684826376973696,-66.80211626783722
-41.67983527635964,-66.80050300633583
-41.67484417574558,-66.79888910389867
-41.66985307513151,-66.79727456032624
-41.66486197451745,-66.79565937541878
-41.65987087390339,-66.79404354897653
-41.65487977328933,-66.79242708079977
-41.64988867267527,-66.79080997068857
-41.644897572061204,-66.78919221844303
-41.63990647144715,-66.78757382386326
-41.634915370833085,-66.78595478674916
-41.62992427021902,-66.78433510690078
-41.62493316960496,-66.78271478411793
-41.6199420689909,-66.78109381820059
-41.61495096837684,-66.77947220894846
-41.609959867762775,-66.77784995616123
-41.60496876714872,-66.77622705963879
-41.599977666534656,-66.77460351918054
-41.59498656592059,-66.7729793345863
-41.58999546530653,-66.77135450565548
-41.585004364692466,-66.76972903218774
-41.58001326407841,-66.76810291398229
-41.57502216346435,-66.76647615083873
-41.57003106285028,-66.76484874255627
-41.56503996223623,-66.76322068893441
-41.560048861622164,-66.76159198977216
-41.5550577610081,-66.75996264486876
-41.55006666039404,-66.75833265402349
-41.545075559779974,-66.75670201703537
-41.54008445916592,-66.75507073370342
-41.535093358551855,-66.75343880382671
-41.5301022579378,-66.75180622720417
-41.525111157323735,-66.75017300363467
-41.52012005670967,-66.74853913291699
-41.51512895609561,-66.74690461485002
-41.510137855481545,-66.74526944923248
-41.50514675486749,-66.74363363586306
-41.500155654253426,-66.74199717454039
-41.49516455363936,-66.74036006506313
-41.49017345302531,-66.7387223072298
-41.48518235241124,-66.73708390083878
-41.48019125179718,-66.73544484568866
-41.47520015118312,-66.73380514157782
-41.47020905056905,-66.73216478830452
-41.465217949955,-66.73052378566706
-41.460226849340934,-66.72888213346377
-41.45523574872687,-66.72723983149274
-41.450244648112815,-66.72559687955223
-41.44525354749875,-66.72395327744024
-41.44026244688469,-66.72230902495485
-41.435271346270625,-66.72066412189403
-41.43028024565657,-66.71901856805576
-41.425289145042505,-66.7173723632378
-41.42029804442844,-66.71572550723819
-41.415306943814386,-66.71407799985457
-41.41031584320032,-66.71242984088474
-41.40532474258626,-66.7107810301264
-41.400333641972196,-66.7091315673772
-41.39534254135813,-66.7074814524346
-41.39035144074408,-66.70583068509625
-41.38536034013001,-66.7041792651597
-41.38036923951595,-66.70252719242227
-41.375378138901894,-66.70087446668137
-41.37038703828783,-66.6992210877343
-41.36539593767377,-66.6975670553785
-41.360404837059704,-66.69591236941105
-41.35541373644564,-66.69425702962911
-41.350422635831585,-66.69260103583002
-41.34543153521752,-66.69094438781072
-41.34044043460346,-66.68928708536815
-41.3354493339894,-66.6876291282995
-41.33045823337534,-66.68597051640148
-41.325467132761275,-66.68431124947122
-41.32047603214721,-66.68265132730538
-41.315484931533156,-66.6809907497007
-41.31049383091909,-66.67932951645415
-41.30550273030503,-66.67766762736217
-41.30051162969097,-66.6760050822215
-41.29552052907691,-66.67434188082862
-41.29052942846285,-66.6726780229802
-41.28553832784878,-66.67101350847256
-41.28054722723472,-66.6693483371023
-41.275556126620664,-66.66768250866568
-41.2705650260066,-66.66601602295908
-41.26557392539254,-66.66434887977874
-41.26058282477848,-66.6626810789209
-41.25559172416442,-66.66101262018172
-41.250600623550355,-66.6593435033573
-41.24560952293629,-66.65767372824376
-41.24061842232223,-66.65600329463715
-41.23562732170817,-66.65433220233334
-41.23063622109411,-66.65266045112834
-41.22564512048005,-66.650988040818
-41.22065401986599,-66.64931497119814
-41.215662919251926,-66.6476412420645
-41.21067181863786,-66.64596685321276
-41.2056807180238,-66.6442918044387
-41.20068961740974,-66.6426160955379
-41.19569851679568,-66.64093972630587
-41.19070741618162,-66.63926269653818
-41.18571631556756,-66.63758500603026
-41.1807252149535,-66.63590665457755
-41.175734114339434,-66.6342276419754
-41.17074301372537,-66.6325479680191
-41.16575191311131,-66.63086763250392
-41.16076081249725,-66.62918663522515
-41.15576971188319,-66.62750497597783
-41.150778611269125,-66.6258226545572
-41.14578751065507,-66.62413967075821
-41.140796410041006,-66.6224560243759
-41.13580530942694,-66.62077171520522
-41.13081420881288,-66.61908674304112
-41.12582310819882,-66.61740110767838
-41.12083200758476,-66.61571480891193
-41.115840906970696,-66.6140278465364
-41.11084980635664,-66.61234022034648
-41.10585870574258,-66.61065193013701
-41.100867605128514,-66.60896297570231
-41.09587650451445,-66.60727335683718
-41.09088540390039,-66.60558307333604
-41.08589430328633,-66.6038921249933
-41.08090320267227,-66.6022005116033
-41.075912102058204,-66.60050823296051
-41.07092100144415,-66.59881528885921
-41.065929900830085,-66.59712167909359
-41.06093880021602,-66.59542740345796
-41.05594769960196,-66.5937324617463
-41.050956598987895,-66.5920368537528
-41.04596549837384,-66.59034057927144
-41.040974397759776,-66.5886436380963
-41.03598329714571,-66.58694603002128
-41.030992196531656,-66.58524775484024
-41.02600109591759,-66.58354881234705
-41.02100999530353,-66.58184920233546
-41.016018894689466,-66.58014892459927
-41.01102779407541,-66.57844797893218
-41.00603669346135,-66.57674636512773
-41.001045592847284,-66.57504408297956
-40.99605449223323,-66.57334113228116
-40.991063391619164,-66.5716375128261
-40.9860722910051,-66.56993322440779
-40.98108119039104,-66.56822826681947
-40.976090089776974,-66.56652263985467
-40.97109898916292,-66.56481634330652
-40.966107888548855,-66.56310937696837
-40.96111678793479,-66.5614017406332
-40.956125687320736,-66.55969343409443
-40.95113458670667,-66.55798445714483
-40.94614348609261,-66.5562748095776
-40.941152385478546,-66.55456449118572
-40.93616128486448,-66.552853501762
-40.931170184250426,-66.55114184109938
-40.92617908363636,-66.54942950899071
-40.92118798302231,-66.54771650522866
-40.916196882408244,-66.54600282960605
-40.91120578179418,-66.54428848191549
-40.90621468118012,-66.5425734619496
-40.901223580566054,-66.54085776950093
-40.896232479952,-66.53914140436204
-40.891241379337934,-66.53742436632527
-40.88625027872387,-66.53570665518319
-40.881259178109815,-66.53398827072813
-40.87626807749575,-66.5322692127523
-40.87127697688169,-66.530549481048
-40.866285876267625,-66.52882907540751
-40.86129477565356,-66.52710799562286
-40.856303675039506,-66.52538624148622
-40.85131257442544,-66.52366381278969
-40.84632147381138,-66.52194070932516
-40.84133037319732,-66.52021693088469
-40.83633927258326,-66.51849247726005
-40.831348171969196,-66.51676734824318
-40.82635707135513,-66.51504154362593
-40.82136597074108,-66.51331506319991
-40.816374870127014,-66.51158790675694
-40.81138376951295,-66.5098600740885
-40.806392668898894,-66.50813156498636
-40.80140156828483,-66.5064023792419
-40.79641046767077,-66.50467251664678
-40.791419367056704,-66.50294197699228
-40.78642826644264,-66.50121076006987
-40.781437165828585,-66.49947886567084
-40.77644606521452,-66.49774629358653
-40.77145496460046,-66.49601304360817
-40.7664638639864,-66.4942791155268
-40.76147276337234,-66.49254450913378
-40.756481662758276,-66.49080922422002
-40.75149056214421,-66.4890732605766
-40.74649946153015,-66.48733661799447
-40.74150836091609,-66.48559929626461
-40.73651726030203,-66.48386129517783
-40.73152615968797,-66.48212261452501
-40.72653505907391,-66.4803832540969
-40.72154395845985,-66.47864321368421
-40.716552857845784,-66.47690249307762
-40.71156175723172,-66.4751610920677
-40.706570656617664,-66.47341901044507
-40.7015795560036,-66.4716762480002
-40.69658845538954,-66.46993280452358
-40.69159735477548,-66.46818867980565
-40.68660625416142,-66.46644387363669
-40.681615153547355,-66.46469838580701
-40.67662405293329,-66.462952216107
-40.67163295231923,-66.46120536432674
-40.66664185170517,-66.45945783025645
-40.66165075109111,-66.45770961368619
-40.656659650477046,-66.45596071440599
-40.65166854986299,-66.45421113220597
-40.64667744924893,-66.4524608668759
-40.64168634863486,-66.45070991820582
-40.6366952480208,-66.44895828598546
-40.63170414740674,-66.44720597000473
-40.62671304679268,-66.44545297005324
-40.62172194617862,-66.44369928592086
-40.61673084556456,-66.44194491739711
-40.6117397449505,-66.4401898642715
-40.606748644336434,-66.43843412633379
-40.60175754372237,-66.43667770337325
-40.59676644310831,-66.43492059517939
-40.59177534249425,-66.43316280154173
-40.58678424188019,-66.4314043222493
-40.581793141266125,-66.42964515709164
-40.57680204065207,-66.4278853058579
-40.571810940038006,-66.42612476833716
-40.56681983942394,-66.42436354431871
-40.56182873880988,-66.42260163359151
-40.556837638195816,-66.42083903594462
-40.55184653758176,-66.419075751167
-40.5468554369677,-66.41731177904754
-40.54186433635363,-66.41554711937518
-40.53687323573958,-66.4137817719386
-40.531882135125514,-66.4120157365267
-40.52689103451145,-66.41024901292816
-40.52189993389739,-66.40848160093155
-40.51690883328333,-66.40671350032558
-40.51191773266927,-66.4049447108988
-40.506926632055205,-66.40317523243965
-40.50193553144115,-66.40140506473666
-40.496944430827085,-66.39963420757815
-40.49195333021302,-66.39786266075254
-40.48696222959896,-66.3960904240481
-40.481971128984895,-66.39431749725311
-40.47698002837084,-66.39254388015564
-40.471988927756776,-66.390769572544
-40.46699782714271,-66.38899457420618
-40.46200672652866,-66.38721888493029
-40.45701562591459,-66.38544250450418
-40.45202452530053,-66.38366543271596
-40.44703342468647,-66.3818876693534
-40.4420423240724,-66.38010921420434
-40.43705122345835,-66.37833006705668
-40.432060122844284,-66.37655022769796
-40.42706902223023,-66.37476969591602
-40.422077921616165,-66.3729884714984
-40.4170868210021,-66.37120655423264
-40.41209572038804,-66.36942394390638
-40.407104619773975,-66.36764064030699
-40.40211351915992,-66.3658566432219
-40.397122418545855,-66.36407195243856
-40.39213131793179,-66.36228656774419
-40.387140217317736,-66.36050048892614
-40.38214911670367,-66.3587137157715
-40.37715801608961,-66.35692624806754
-40.372166915475546,-66.35513808560125
-40.36717581486148,-66.35334922815984
-40.36218471424743,-66.35155967553027
-40.35719361363336,-66.3497694274994
-40.3522025130193,-66.34797848385422
-40.347211412405244,-66.3461868443815
-40.34222031179118,-66.34439450886816
-40.33722921117712,-66.34260147710079
-40.332238110563054,-66.34080774886627
-40.327247009949,-66.33901332395104
-40.322255909334935,-66.33721820214184
-40.31726480872087,-66.3354223832252
-40.312273708106815,-66.3336258669874
-40.30728260749275,-66.33182865321514
-40.30229150687869,-66.33003074169471
-40.297300406264625,-66.32823213221236
-40.29230930565056,-66.32643282455444
-40.287318205036506,-66.3246328185072
-40.28232710442244,-66.32283211385669
-40.27733600380838,-66.32103071038918
-40.27234490319432,-66.31922860789071
-40.26735380258026,-66.31742580614721
-40.2623627019662,-66.31562230494475
-40.25737160135213,-66.31381810406916
-40.25238050073807,-66.31201320330636
-40.247389400124014,-66.3102076024421
-40.24239829950995,-66.30840130126228
-40.23740719889589,-66.30659429955237
-40.23241609828183,-66.30478659709826
-40.22742499766777,-66.30297819368545
-40.222433897053705,-66.30116908909943
-40.21744279643964,-66.29935928312574
-40.212451695825585,-66.2975487755499
-40.20746059521152,-66.29573756615721
-40.20246949459746,-66.2939256547331
-40.1974783939834,-66.29211304106279
-40.19248729336934,-66.29029972493147
-40.187496192755276,-66.28848570612448
-40.18250509214121,-66.28667098442675
-40.17751399152715,-66.28485555962362
-40.17252289091309,-66.28303943149992
-40.16753179029903,-66.28122259984069
-40.16254068968497,-66.27940506443079
-40.15754958907091,-66.2775868250552
-40.15255848845685,-66.27576788149864
-40.147567387842784,-66.27394823354601
-40.14257628722872,-66.27212788098188
-40.13758518661466,-66.27030682359103
-40.1325940860006,-66.26848506115797
-40.12760298538654,-66.26666259346739
-40.12261188477248,-66.26483942030363
-40.11762078415842,-66.26301554145124
-40.112629683544355,-66.26119095669465
-40.10763858293029,-66.25936566581817
-40.10264748231623,-66.25753966860611
-40.09765638170217,-66.25571296484281
-40.09266528108811,-66.25388555431225
-40.087674180474046,-66.25205743679871
-40.08268307985999,-66.25022861208635
-40.07769197924593,-66.24839907995909
-40.07270087863186,-66.24656884020091
-40.0677097780178,-66.24473789259581
-40.06271867740374,-66.24290623692765
-40.05772757678968,-66.24107387298021
-40.05273647617562,-66.23924080053733
-40.047745375561554,-66.23740701938279
-40.0427542749475,-66.23557252930009
-40.037763174333435,-66.23373733007303
-40.03277207371937,-66.23190142148505
-40.02778097310531,-66.23006480331972
-40.02278987249125,-66.22822747536051
-40.01779877187719,-66.22638943739076
-40.012807671263126,-66.22455068919393
-40.00781657064907,-66.22271123055323
-40.002825470035006,-66.22087106125204
-39.99783436942094,-66.21903018107349
-39.99284326880688,-66.21718858980066
-39.987852168192816,-66.2153462872167
-39.98286106757876,-66.2135032731047
-39.9778699669647,-66.21165954724769
-39.972878866350634,-66.20981510942849
-39.96788776573658,-66.20796995943
-39.962896665122514,-66.20612409703516
-39.95790556450845,-66.20427752202663
-39.95291446389439,-66.20243023418723
-39.947923363280324,-66.20058223329958
-39.94293226266627,-66.19873351914637
-39.937941162052205,-66.19688409151011
-39.93295006143814,-66.19503395017338
-39.927958960824085,-66.19318309491854
-39.92296786021002,-66.19133152552811
-39.91797675959596,-66.18947924178441
-39.912985658981896,-66.18762624346982
-39.90799455836784,-66.18577253036655
-39.903003457753776,-66.1839181022567
-39.89801235713971,-66.1820629589226
-39.89302125652566,-66.18020710014629
-39.88803015591159,-66.17835052570977
-39.88303905529753,-66.17649323539503
-39.87804795468347,-66.1746352289841
-39.873056854069404,-66.17277650625881
-39.86806575345535,-66.17091706700101
-39.863074652841284,-66.16905691099251
-39.85808355222722,-66.16719603801499
-39.853092451613165,-66.16533444785017
-39.8481013509991,-66.16347214027972
-39.84311025038504,-66.16160911508516
-39.838119149770975,-66.15974537204796
-39.83312804915691,-66.1578809109497
-39.828136948542856,-66.15601573157178
-39.82314584792879,-66.1541498336955
-39.818154747314736,-66.15228321710224
-39.81316364670067,-66.1504158815732
-39.80817254608661,-66.14854782688964
-39.803181445472546,-66.14667905283267
-39.79819034485848,-66.14480955918344
-39.79319924424443,-66.14293934572301
-39.788208143630364,-66.14106841223237
-39.7832170430163,-66.13919675849236
-39.778225942402244,-66.13732438428401
-39.77323484178818,-66.13545128938813
-39.76824374117412,-66.13357747358549
-39.763252640560054,-66.13170293665681
-39.75826153994599,-66.12982767838275
-39.753270439331935,-66.12795169854392
-39.74827933871787,-66.12607499692106
-39.74328823810381,-66.1241975732945
-39.73829713748975,-66.12231942744485
-39.73330603687569,-66.12044055915241
-39.728314936261626,-66.11856096819767
-39.72332383564756,-66.11668065436083
-39.718332735033506,-66.11479961742228
-39.71334163441944,-66.1129178571621
-39.70835053380538,-66.11103537336052
-39.70335943319132,-66.10915216579758
-39.69836833257726,-66.1072682342534
-39.6933772319632,-66.10538357850791
-39.688386131349134,-66.10349819834117
-39.68339503073507,-66.10161209353292
-39.678403930121014,-66.09972526386314
-39.67341282950695,-66.09783770911152
-39.66842172889289,-66.0959494290578
-39.66343062827883,-66.09406042348171
-39.65843952766477,-66.09217069216282
-39.653448427050705,-66.09028023488074
-39.64845732643664,-66.08838905141504
-39.64346622582258,-66.08649714154508
-39.63847512520852,-66.0846045050504
-39.63348402459446,-66.08271114171019
-39.628492923980396,-66.08081705130395
-39.62350182336634,-66.07892223361081
-39.618510722752276,-66.07702668841003
-39.61351962213821,-66.0751304154808
-39.60852852152415,-66.0732334146021
-39.603537420910094,-66.07133568555314
-39.59854632029603,-66.0694372281127
-39.59355521968197,-66.06753804205994
-39.58856411906791,-66.06563812717368
-39.58357301845385,-66.06373748323269
-39.578581917839784,-66.06183611001583
-39.57359081722572,-66.05993400730176
-39.56859971661166,-66.05803117486917
-39.5636086159976,-66.05612761249677
-39.55861751538354,-66.05422331996296
-39.553626414769475,-66.05231829704648
-39.54863531415542,-66.0504125435256
-39.543644213541356,-66.04850605917883
-39.53865311292729,-66.04659884378454
-39.53366201231323,-66.04469089712093
-39.528670911699166,-66.04278221896645
-39.52367981108511,-66.04087280909904
-39.51868871047105,-66.03896266729711
-39.51369760985699,-66.03705179333858
-39.50870650924293,-66.03514018700152
-39.503715408628864,-66.03322784806396
-39.4987243080148,-66.03131477630382
-39.49373320740074,-66.02940097149896
-39.48874210678668,-66.02748643342726
-39.48375100617262,-66.02557116186647
-39.478759905558555,-66.02365515659422
-39.4737688049445,-66.02173841738838
-39.468777704330435,-66.01982094402635
-39.46378660371637,-66.0179027362859
-39.45879550310231,-66.01598379394439
-39.453804402488245,-66.0140641167794
-39.44881330187419,-66.01214370456819
-39.443822201260126,-66.01022255708823
-39.43883110064606,-66.00830067411674
-39.433840000032006,-66.00637805543109
-39.42884889941794,-66.0044547008083
-39.42385779880388,-66.00253061002563
-39.41886669818982,-66.00060578286012
-39.41387559757576,-65.99868021908884
-39.4088844969617,-65.99675391848879
-39.403893396347634,-65.99482688083674
-39.39890229573358,-65.99289910590976
-39.393911195119514,-65.99097059348456
-39.38892009450545,-65.98904134333802
-39.38392899389139,-65.9871113552467
-39.378937893277325,-65.98518062898735
-39.37394679266327,-65.98324916433657
-39.368955692049205,-65.98131696107089
-39.36396459143514,-65.97938401896685
-39.358973490821086,-65.97745033780093
-39.35398239020702,-65.97551591734943
-39.34899128959296,-65.97358075738876
-39.344000188978896,-65.9716448576952
-39.33900908836483,-65.96970821804491
-39.33401798775078,-65.9677708382142
-39.32902688713671,-65.96583271797917
-39.32403578652266,-65.96389385711578
-39.319044685908594,-65.96195425540022
-39.31405358529453,-65.96001391260836
-39.30906248468047,-65.95807282851618
-39.304071384066404,-65.95613100289951
-39.29908028345235,-65.9541884355341
-39.294089182838285,-65.95224512619579
-39.28909808222422,-65.95030107466023
-39.284106981610165,-65.94835628070318
-39.2791158809961,-65.94641074410006
-39.27412478038204,-65.94446446462656
-39.269133679767975,-65.94251744205808
-39.26414257915391,-65.94056967617017
-39.259151478539856,-65.93862116673806
-39.25416037792579,-65.93667191353724
-39.24916927731173,-65.9347219163429
-39.24417817669767,-65.93277117493027
-39.23918707608361,-65.93081968907453
-39.23419597546955,-65.92886745855077
-39.22920487485548,-65.92691448313417
-39.22421377424143,-65.92496076259953
-39.219222673627364,-65.92300629672204
-39.2142315730133,-65.92105108527642
-39.209240472399244,-65.91909512803758
-39.20424937178518,-65.91713842478045
-39.19925827117112,-65.91518097527953
-39.194267170557055,-65.91322277930982
-39.18927606994299,-65.91126383664562
-39.184284969328935,-65.9093041470617
-39.17929386871487,-65.90734371033265
-39.17430276810081,-65.9053825262328
-39.16931166748675,-65.90342059453661
-39.16432056687269,-65.90145791501848
-39.159329466258626,-65.89949448745281
-39.15433836564456,-65.89753031161376
-39.1493472650305,-65.89556538727544
-39.14435616441644,-65.89359971421221
-39.13936506380238,-65.89163329219807
-39.13437396318832,-65.88966612100717
-39.12938286257426,-65.88769820041334
-39.1243917619602,-65.88572953019064
-39.119400661346134,-65.88376011011295
-39.11440956073207,-65.88178993995402
-39.109418460118015,-65.87981901948777
-39.10442735950395,-65.8778473484878
-39.09943625888989,-65.87587492672792
-39.09444515827583,-65.87390175398163
-39.08945405766177,-65.87192783002254
-39.084462957047705,-65.8699531546241
-39.07947185643364,-65.86797772755997
-39.07448075581958,-65.86600154860335
-39.06948965520552,-65.8640246175277
-39.06449855459146,-65.8620469341063
-39.059507453977396,-65.86006849811234
-39.05451635336334,-65.85808930931913
-39.04952525274928,-65.85610936749978
-39.04453415213521,-65.8541286724273
-39.03954305152115,-65.85214722387478
-39.03455195090709,-65.85016502161515
-39.02956085029303,-65.84818206542135
-39.02456974967897,-65.84619835506636
-39.01957864906491,-65.8442138903229
-39.01458754845085,-65.8422286709637
-39.009596447836785,-65.84024269676152
-39.00460534722272,-65.83825596748909
-38.99961424660866,-65.83626848291884
-38.9946231459946,-65.83428024282354
-38.98963204538054,-65.8322912469755
-38.984640944766475,-65.83030149514721
-38.97964984415242,-65.82831098711117
-38.974658743538356,-65.82631972263952
-38.96966764292429,-65.82432770150476
-38.96467654231023,-65.82233492347893
-38.959685441696166,-65.8203413883343
-38.95469434108211,-65.81834709584305
-38.94970324046805,-65.81635204577712
-38.94471213985398,-65.81435623790858
-38.93972103923993,-65.81235967200942
-38.934729938625864,-65.81036234785152
-38.9297388380118,-65.80836426520668
-38.92474773739774,-65.80636542384684
-38.91975663678368,-65.80436582354352
-38.91476553616962,-65.80236546406861
-38.909774435555555,-65.80036434519376
-38.9047833349415,-65.79836246669038
-38.899792234327435,-65.79635982833013
-38.89480113371337,-65.79435642988449
-38.88981003309931,-65.79235227112483
-38.884818932485246,-65.79034735182253
-38.87982783187119,-65.78834167174892
-38.874836731257126,-65.78633523067532
-38.86984563064306,-65.78432802837273
-38.86485453002901,-65.78232006461258
-38.85986342941494,-65.78031133916575
-38.85487232880088,-65.77830185180346
-38.84988122818682,-65.77629160229657
-38.844890127572754,-65.77428059041605
-38.8398990269587,-65.77226881593282
-38.834907926344634,-65.77025627861767
-38.82991682573057,-65.7682429782414
-38.824925725116515,-65.76622891457474
-38.81993462450245,-65.7642140873884
-38.81494352388839,-65.76219849645288
-38.809952423274325,-65.76018214153883
-38.80496132266027,-65.75816502241675
-38.799970222046205,-65.75614713885707
-38.79497912143214,-65.75412849063022
-38.789988020818086,-65.7521090775065
-38.78499692020402,-65.7500888992563
-38.78000581958996,-65.7480679556497
-38.775014718975896,-65.74604624645703
-38.77002361836183,-65.74402377144835
-38.76503251774778,-65.74200053039378
-38.76004141713371,-65.73997652306326
-38.75505031651965,-65.73795174922687
-38.750059215905594,-65.73592620865442
-38.74506811529153,-65.73389990111583
-38.74007701467747,-65.73187282638095
-38.735085914063404,-65.72984498421941
-38.73009481344934,-65.727816374401
-38.725103712835285,-65.72578699669532
-38.72011261222122,-65.72375685087204
-38.715121511607165,-65.72172593670065
-38.7101304109931,-65.71969425395058
-38.70513931037904,-65.71766180239129
-38.700148209764976,-65.71562858179217
-38.69515710915091,-65.71359459192257
-38.690166008536856,-65.71155983255171
-38.68517490792279,-65.70952430344883
-38.68018380730873,-65.70748800438311
-38.67519270669467,-65.70545093512364
-38.67020160608061,-65.70341309543936
-38.66521050546655,-65.70137448509942
-38.660219404852484,-65.69933510387277
-38.65522830423842,-65.69729495152812
-38.650237203624364,-65.69525402783454
-38.6452461030103,-65.69321233256065
-38.64025500239624,-65.69116986547515
-38.63526390178218,-65.68912662634688
-38.63027280116812,-65.68708261494425
-38.625281700554055,-65.68503783103598
-38.62029059993999,-65.68299227439054
-38.615299499325936,-65.68094594477641
-38.61030839871187,-65.67889884196192
-38.60531729809781,-65.67685096571542
-38.60032619748375,-65.67480231580531
-38.59533509686969,-65.67275289199975
-38.590343996255626,-65.670702694067
-38.58535289564156,-65.66865172177505
-38.5803617950275,-65.66659997489202
-38.575370694413444,-65.66454745318605
-38.57037959379938,-65.66249415642504
-38.56538849318532,-65.66044008437679
-38.56039739257126,-65.65838523680932
-38.5554062919572,-65.65632961349037
-38.550415191343134,-65.65427321418773
-38.54542409072907,-65.65221603866914
-38.54043299011501,-65.65015808670204
-38.53544188950095,-65.64809935805425
-38.53045078888689,-65.64603985249315
-38.52545968827283,-65.64397956978631
-38.52046858765877,-65.64191850970116
-38.515477487044706,-65.63985667200502
-38.51048638643064,-65.63779405646524
-38.50549528581658,-65.63573066284899
-38.50050418520252,-65.63366649092363
-38.49551308458846,-65.63160154045623
-38.490521983974396,-65.62953581121396
-38.48553088336034,-65.62746930296373
-38.48053978274628,-65.62540201547266
-38.475548682132214,-65.62333394850766
-38.47055758151815,-65.62126510183563
-38.46556648090409,-65.61919547522331
-38.46057538029003,-65.61712506843762
-38.45558427967597,-65.61505388124509
-38.450593179061904,-65.61298191341253
-38.44560207844785,-65.61090916470656
-38.440610977833785,-65.60883563489362
-38.43561987721972,-65.6067613237404
-38.43062877660566,-65.60468623101319
-38.425637675991595,-65.6026103564785
-38.42064657537754,-65.60053369990251
-38.415655474763476,-65.59845626105164
-38.41066437414942,-65.59637803969206
-38.405673273535356,-65.59429903559007
-38.40068217292129,-65.59221924851165
-38.39569107230723,-65.59013867822286
-38.39069997169317,-65.58805732448984
-38.38570887107911,-65.58597518707846
-38.38071777046505,-65.58389226575464
-38.375726669850984,-65.58180856028427
-38.37073556923693,-65.57972407043314
-38.365744468622864,-65.57763879596689
-38.3607533680088,-65.57555273665137
-38.35576226739474,-65.57346589225207
-38.350771166780675,-65.57137826253465
-38.34578006616662,-65.56928984726467
-38.340788965552555,-65.56720064620751
-38.33579786493849,-65.56511065912859
-38.330806764324436,-65.56301988579334
-38.32581566371037,-65.5609283259671
-38.32082456309631,-65.55883597941494
-38.315833462482246,-65.5567428459022
-38.31084236186819,-65.55464892519402
-38.305851261254126,-65.55255421705547
-38.30086016064006,-65.55045872125156
-38.29586906002601,-65.54836243754733
-38.290877959411944,-65.54626536570768
-38.28588685879788,-65.54416750549743
-38.28089575818382,-65.54206885668141
-38.275904657569754,-65.53996941902444
-38.2709135569557,-65.53786919229124
-38.265922456341634,-65.5357681762464
-38.26093135572757,-65.53366637065454
-38.255940255113515,-65.53156377528019
-38.25094915449945,-65.52946038988783
-38.24595805388539,-65.52735621424196
-38.240966953271325,-65.52525124810691
-38.23597585265726,-65.52314549124699
-38.230984752043206,-65.5210389434265
-38.22599365142914,-65.51893160440966
-38.221002550815086,-65.51682347396061
-38.21601145020102,-65.51471455184348
-38.21102034958696,-65.51260483782235
-38.2060292489729,-65.51049433166109
-38.20103814835883,-65.50838303312382
-38.19604704774478,-65.50627094197431
-38.191055947130714,-65.50415805797643
-38.18606484651665,-65.50204438089395
-38.181073745902594,-65.49992991049065
-38.17608264528853,-65.4978146465301
-38.17109154467447,-65.49569858877601
-38.166100444060405,-65.49358173699186
-38.16110934344634,-65.49146409094124
-38.156118242832285,-65.48934565038753
-38.15112714221822,-65.48722641509417
-38.14613604160416,-65.48510638482449
-38.1411449409901,-65.48298555934174
-38.13615384037604,-65.48086393840923
-38.131162739761976,-65.47874152179007
-38.12617163914791,-65.47661830924741
-38.12118053853386,-65.47449430054435
-38.11618943791979,-65.47236949544381
-38.11119833730573,-65.47024389370885
-38.106207236691674,-65.46811749510243
-38.10121613607761,-65.46599029938723
-38.09622503546355,-65.46386230632608
-38.091233934849484,-65.46173351568183
-38.08624283423542,-65.45960392721703
-38.081251733621365,-65.45747354069445
-38.0762606330073,-65.45534235587655
-38.07126953239324,-65.45321037252593
-38.06627843177918,-65.45107759040502
-38.06128733116512,-65.4489440092762
-38.056296230551055,-65.4468096289019
-38.05130512993699,-65.4446744490444
-38.04631402932293,-65.44253846946594
-38.04132292870887,-65.44040168992865
-38.03633182809481,-65.43826411019474
-38.031340727480746,-65.4361257300263
-38.02634962686669,-65.43398654918532
-38.02135852625263,-65.43184656743382
-38.01636742563856,-65.42970578453364
-38.0113763250245,-65.42756420024676
-38.006385224410444,-65.42542181433484
-38.00139412379638,-65.42327862655974
-37.99640302318232,-65.4211346366831
-37.99141192256826,-65.41898984446668
-37.9864208219542,-65.4168442496719
-37.981429721340135,-65.41469785206041
-37.97643862072607,-65.41255065139367
-37.97144752011201,-65.41040264743312
-37.96645641949795,-65.40825383994006
-37.96146531888389,-65.4061042286759
-37.956474218269825,-65.4039538134018
-37.95148311765577,-65.40180259387898
-37.946492017041706,-65.3996505698687
-37.94150091642764,-65.39749774113197
-37.93650981581358,-65.39534410742982
-37.931518715199516,-65.39318966852325
-37.92652761458546,-65.39103442417313
-37.9215365139714,-65.38887837414048
-37.91654541335734,-65.38672151818602
-37.91155431274328,-65.38456385607054
-37.906563212129214,-65.38240538755477
-37.90157211151515,-65.38024611239929
-37.89658101090109,-65.37808603036488
-37.89158991028703,-65.37592514121182
-37.88659880967297,-65.37376344470078
-37.881607709058905,-65.37160094059219
-37.87661660844485,-65.36943762864635
-37.871625507830785,-65.36727350862364
-37.86663440721672,-65.36510858028434
-37.86164330660266,-65.3629428433886
-37.856652205988595,-65.36077629769672
-37.85166110537454,-65.35860894296864
-37.846670004760476,-65.35644077896445
-37.84167890414641,-65.35427180544426
-37.83668780353236,-65.3521020221679
-37.83169670291829,-65.34993142889522
-37.82670560230423,-65.34776002538622
-37.82171450169017,-65.34558781140055
-37.81672340107611,-65.34341478669788
-37.81173230046205,-65.34124095103797
-37.806741199847984,-65.33906630418039
-37.80175009923393,-65.33689084588477
-37.796758998619865,-65.33471457591047
-37.7917678980058,-65.33253749401703
-37.78677679739174,-65.33035959996388
-37.781785696777675,-65.32818089351022
-37.77679459616362,-65.32600137441545
-37.771803495549555,-65.32382104243881
-37.76681239493549,-65.32163989733934
-37.761821294321436,-65.31945793887623
-37.75683019370737,-65.31727516680847
-37.75183909309331,-65.3150915808952
-37.746847992479246,-65.31290718089525
-37.74185689186518,-65.31072196656761
-37.73686579125113,-65.308535937671
-37.73187469063706,-65.3063490939643
-37.726883590023,-65.30416143520617
-37.721892489408944,-65.30197296115537
-37.71690138879488,-65.29978367157045
-37.71191028818082,-65.29759356620995
-37.706919187566754,-65.29540264483242
-37.7019280869527,-65.29321090719633
-37.696936986338635,-65.29101835306004
-37.69194588572457,-65.28882498218184
-37.686954785110515,-65.28663079432019
-37.68196368449645,-65.28443578923311
-37.67697258388239,-65.28223996667887
-37.671981483268326,-65.28004332641565
-37.66699038265426,-65.27784586820151
-37.661999282040206,-65.27564759179425
-37.65700818142614,-65.27344849695208
-37.65201708081208,-65.27124858343282
-37.64702598019802,-65.26904785099427
-37.64203487958396,-65.26684629939427
-37.6370437789699,-65.26464392839048
-37.632052678355834,-65.26244073774066
-37.62706157774177,-65.26023672720237
-37.622070477127714,-65.25803189653318
-37.61707937651365,-65.25582624549068
-37.612088275899595,-65.25361977383227
-37.60709717528553,-65.25141248131533
-37.60210607467147,-65.24920436769725
-37.597114974057405,-65.24699543273529
-37.59212387344334,-65.24478567618668
-37.587132772829285,-65.24257509780865
-37.58214167221522,-65.24036369735826
-37.57715057160116,-65.23815147459267
-37.5721594709871,-65.2359384292688
-37.56716837037304,-65.23372456114363
-37.562177269758976,-65.23150986997408
-37.55718616914491,-65.22929435551697
-37.55219506853085,-65.22707801752911
-37.54720396791679,-65.22486085576732
-37.54221286730273,-65.22264286998812
-37.53722176668867,-65.22042405994827
-37.53223066607461,-65.21820442540431
-37.52723956546055,-65.21598396611273
-37.522248464846484,-65.21376268183003
-37.51725736423242,-65.21154057231244
-37.512266263618365,-65.20931763731659
-37.5072751630043,-65.20709387659862
-37.50228406239024,-65.2048692899148
-37.49729296177618,-65.20264387702127
-37.49230186116212,-65.20041763767411
-37.487310760548056,-65.19819057162958
-37.48231965993399,-65.19596267864351
-37.47732855931993,-65.19373395847198
-37.47233745870587,-65.19150441087085
-37.46734635809181,-65.18927403559596
-37.462355257477746,-65.18704283240304
-37.45736415686369,-65.18481080104799
-37.45237305624963,-65.18257794128634
-37.447381955635564,-65.18034425287388
-37.4423908550215,-65.17810973556601
-37.43739975440744,-65.17587438911833
-37.43240865379338,-65.17363821328628
-37.42741755317932,-65.17140120782528
-37.42242645256526,-65.16916337249073
-37.4174353519512,-65.16692470703784
-37.412444251337135,-65.164685211222
-37.40745315072307,-65.16244488479812
-37.40246205010901,-65.16020372752155
-37.39747094949495,-65.1579617391473
-37.39247984888089,-65.15571891943038
-37.387488748266826,-65.15347526812573
-37.38249764765277,-65.1512307849883
-37.377506547038706,-65.14898546977298
-37.37251544642464,-65.14673932223444
-37.36752434581058,-65.1444923421275
-37.362533245196516,-65.14224452920689
-37.35754214458246,-65.13999588322713
-37.3525510439684,-65.13774640394281
-37.347559943354334,-65.13549609110851
-37.34256884274028,-65.13324494447873
-37.337577742126214,-65.1309929638077
-37.33258664151215,-65.12874014884987
-37.32759554089809,-65.12648649935966
-37.32260444028403,-65.12423201509104
-37.31761333966997,-65.12197669579842
-37.312622239055905,-65.11972054123581
-37.30763113844185,-65.11746355115733
-37.302640037827786,-65.11520572531701
-37.29764893721372,-65.11294706346877
-37.29265783659966,-65.11068756536648
-37.287666735985596,-65.1084272307641
-37.28267563537154,-65.10616605941532
-37.277684534757476,-65.10390405107393
-37.27269343414341,-65.1016412054936
-37.26770233352936,-65.09937752242797
-37.262711232915294,-65.09711300163056
-37.25772013230123,-65.09484764285496
-37.25272903168717,-65.0925814458545
-37.247737931073104,-65.09031441038282
-37.24274683045905,-65.08804653619298
-37.237755729844984,-65.08577782303844
-37.23276462923092,-65.08350827067244
-37.227773528616865,-65.0812378788481
-37.2227824280028,-65.07896664731858
-37.21779132738874,-65.07669457583691
-37.212800226774675,-65.07442166415616
-37.20780912616062,-65.07214791202921
-37.202818025546556,-65.0698733192091
-37.19782692493249,-65.06759788544852
-37.192835824318436,-65.06532161050025
-37.18784472370437,-65.06304449411718
-37.18285362309031,-65.06076653605194
-37.17786252247625,-65.05848773605705
-37.17287142186218,-65.05620809388513
-37.16788032124813,-65.05392760928872
-37.162889220634064,-65.05164628202026
-37.15789812002,-65.04936411183212
-37.152907019405944,-65.04708109847678
-37.14791591879188,-65.0447972417063
-37.14292481817782,-65.04251254127303
-37.137933717563754,-65.04022699692919
-37.13294261694969,-65.03794060842687
-37.127951516335635,-65.03565337551805
-37.12296041572157,-65.03336529795483
-37.117969315107516,-65.03107637548909
-37.11297821449345,-65.0287866078728
-37.10798711387939,-65.02649599485777
-37.102996013265326,-65.02420453619578
-37.09800491265126,-65.02191223163861
-37.093013812037206,-65.01961908093784
-37.08802271142314,-65.01732508384515
-37.08303161080908,-65.01503024011204
-37.078040510195024,-65.01273454949006
-37.07304940958096,-65.01043801173064
-37.0680583089669,-65.00814062658522
-37.063067208352834,-65.00584239380511
-37.05807610773877,-65.0035433131415
-37.053085007124714,-65.00124338434581
-37.04809390651065,-64.99894260716903
-37.04310280589659,-64.99664098136236
-37.03811170528253,-64.99433850667685
-37.03312060466847,-64.9920351828635
-37.028129504054405,-64.98973100967318
-37.02313840344034,-64.98742598685685
-37.018147302826286,-64.9851201141654
-37.01315620221222,-64.9828133913495
-37.00816510159816,-64.98050581815991
-37.0031740009841,-64.97819739434728
-36.99818290037004,-64.97588811966226
-36.99319179975598,-64.9735779938554
-36.98820069914191,-64.97126701667715
-36.98320959852785,-64.96895518787792
-36.978218497913794,-64.9666425072082
-36.97322739729973,-64.96432897441835
-36.96823629668567,-64.96201458925839
-36.96324519607161,-64.95969935147885
-36.95825409545755,-64.95738326082967
-36.953262994843485,-64.95506631706107
-36.94827189422942,-64.95274851992305
-36.94328079361536,-64.95042986916565
-36.9382896930013,-64.94811036453873
-36.93329859238724,-64.94579000579216
-36.928307491773175,-64.94346879267584
-36.92331639115912,-64.94114672493956
-36.918325290545056,-64.93882380233299
-36.91333418993099,-64.93650002460568
-36.90834308931693,-64.93417539150744
-36.90335198870287,-64.93184990278766
-36.89836088808881,-64.92952355819591
-36.89336978747475,-64.9271963574815
-36.88837868686069,-64.92486830039392
-36.88338758624663,-64.92253938668244
-36.878396485632564,-64.9202096160964
-36.8734053850185,-64.91787898838487
-36.86841428440444,-64.91554750329713
-36.86342318379038,-64.91321516058218
-36.85843208317632,-64.91088195998908
-36.853440982562255,-64.90854790126693
-36.8484498819482,-64.90621298416444
-36.843458781334135,-64.90387720843066
-36.83846768072007,-64.90154057381432
-36.83347658010601,-64.89920308006414
-36.828485479491945,-64.89686472692892
-36.82349437887789,-64.89452551415728
-36.818503278263826,-64.89218544149779
-36.81351217764977,-64.88984450869893
-36.80852107703571,-64.88750271550926
-36.80352997642164,-64.88516006167707
-36.79853887580758,-64.88281654695095
-36.79354777519352,-64.88047217107903
-36.78855667457946,-64.87812693380964
-36.7835655739654,-64.87578083489092
-36.778574473351334,-64.87343387407101
-36.77358337273728,-64.87108605109802
-36.768592272123215,-64.86873736572002
-36.76360117150915,-64.86638781768482
-36.75861007089509,-64.86403740674055
-36.753618970281025,-64.86168613263493
-36.74862786966697,-64.85933399511572
-36.743636769052905,-64.85698099393083
-36.73864566843884,-64.85462712882786
-36.733654567824786,-64.85227239955432
-36.72866346721072,-64.84991680585799
-36.72367236659666,-64.84756034748635
-36.718681265982596,-64.8452030241867
-36.71369016536854,-64.84284483570661
-36.70869906475448,-64.84048578179332
-36.70370796414041,-64.8381258621943
-36.69871686352636,-64.83576507665656
-36.693725762912294,-64.83340342492751
-36.68873466229823,-64.8310409067541
-36.68374356168417,-64.82867752188338
-36.678752461070104,-64.8263132700625
-36.67376136045605,-64.82394815103838
-36.668770259841985,-64.82158216455785
-36.66377915922792,-64.8192153103678
-36.658788058613865,-64.81684758821504
-36.6537969579998,-64.81447899784624
-36.64880585738574,-64.81210953900816
-36.643814756771675,-64.80973921144732
-36.63882365615761,-64.80736801491034
-36.633832555543556,-64.80499594914373
-36.62884145492949,-64.8026230138939
-36.62385035431543,-64.80024920890723
-36.61885925370137,-64.79787453393008
-36.61386815308731,-64.7954989887088
-36.60887705247325,-64.79312257298952
-36.60388595185918,-64.7907452865184
-36.59889485124513,-64.78836712904162
-36.593903750631064,-64.78598810030519
-36.588912650017,-64.78360820005508
-36.583921549402945,-64.78122742803731
-36.57893044878888,-64.77884578399772
-36.57393934817482,-64.77646326768205
-36.568948247560755,-64.77407987883619
-36.56395714694669,-64.7716956172058
-36.558966046332635,-64.76931048253658
-36.55397494571857,-64.76692447457405
-36.54898384510451,-64.7645375930639
-36.54399274449045,-64.7621498377515
-36.53900164387639,-64.75976120838232
-36.534010543262326,-64.75737170470173
-36.52901944264826,-64.75498132645494
-36.5240283420342,-64.75259007338742
-36.51903724142014,-64.75019794524425
-36.51404614080608,-64.74780494177061
-36.509055040192024,-64.7454110627116
-36.50406393957796,-64.74301630781214
-36.4990728389639,-64.74062067681739
-36.494081738349834,-64.73822416947209
-36.48909063773577,-64.73582678552134
-36.484099537121715,-64.73342852470975
-36.47910843650765,-64.7310293867821
-36.47411733589359,-64.72862937148325
-36.46912623527953,-64.72622847855759
-36.46413513466547,-64.72382670774984
-36.459144034051405,-64.72142405880449
-36.45415293343734,-64.71902053146607
-36.44916183282328,-64.71661612547904
-36.44417073220922,-64.7142108405876
-36.43917963159516,-64.7118046765361
-36.434188530981096,-64.70939763306879
-36.42919743036704,-64.70698970992993
-36.42420632975298,-64.70458090686354
-36.41921522913891,-64.70217122361373
-36.41422412852485,-64.6997606599246
-36.409233027910794,-64.69734921554002
-36.40424192729673,-64.69493689020392
-36.39925082668267,-64.69252368366018
-36.39425972606861,-64.6901095956525
-36.38926862545455,-64.68769462592466
-36.384277524840485,-64.68527877422038
-36.37928642422642,-64.6828620402832
-36.37429532361236,-64.6804444238568
-36.3693042229983,-64.67802592468449
-36.36431312238424,-64.67560654250994
-36.359322021770176,-64.67318627707637
-36.35433092115612,-64.67076512812726
-36.349339820542056,-64.66834309540582
-36.34434871992799,-64.66592017865526
-36.33935761931393,-64.66349637761878
-36.334366518699866,-64.66107169203946
-36.32937541808581,-64.65864612166037
-36.32438431747175,-64.65621966622444
-36.31939321685769,-64.65379232547474
-36.31440211624363,-64.65136409915405
-36.309411015629564,-64.64893498700518
-36.3044199150155,-64.64650498877103
-36.29942881440144,-64.64407410419417
-36.29443771378738,-64.64164233301736
-36.28944661317332,-64.63920967498314
-36.284455512559255,-64.636776129834
-36.2794644119452,-64.63434169731258
-36.274473311331136,-64.63190637716119
-36.26948221071707,-64.62947016912221
-36.26449111010301,-64.62703307293799
-36.259500009488946,-64.62459508835077
-36.25450890887489,-64.62215621510269
-36.249517808260826,-64.61971645293605
-36.24452670764676,-64.61727580159283
-36.23953560703271,-64.61483426081506
-36.23454450641864,-64.61239183034469
-36.22955340580458,-64.6099485099237
-36.22456230519052,-64.60750429929388
-36.21957120457646,-64.60505919819715
-36.2145801039624,-64.60261320637514
-36.209589003348334,-64.6001663235696
-36.20459790273428,-64.59771854952217
-36.199606802120215,-64.59526988397437
-36.19461570150615,-64.59282032666773
-36.18962460089209,-64.59036987734379
-36.184633500278025,-64.58791853574381
-36.17964239966397,-64.58546630160926
-36.174651299049906,-64.58301317468137
-36.16966019843584,-64.58055915470149
-36.164669097821786,-64.57810424141067
-36.15967799720772,-64.57564843455005
-36.15468689659366,-64.57319173386064
-36.149695795979596,-64.57073413908363
-36.14470469536553,-64.56827564995982
-36.13971359475148,-64.56581626623009
-36.134722494137414,-64.5633559876354
-36.12973139352335,-64.56089481391638
-36.124740292909294,-64.55843274481386
-36.11974919229523,-64.55596978006845
-36.11475809168117,-64.5535059194208
-36.109766991067104,-64.55104116261145
-36.10477589045305,-64.54857550938085
-36.099784789838985,-64.5461089594695
-36.09479368922492,-64.54364151261764
-36.089802588610866,-64.5411731685658
-36.0848114879968,-64.53870392705416
-36.07982038738274,-64.53623378782285
-36.074829286768676,-64.53376275061208
-36.06983818615461,-64.531290815162
-36.064847085540556,-64.52881798121257
-36.05985598492649,-64.52634424850378
-36.05486488431243,-64.52386961677566
-36.049873783698374,-64.52139408576791
-36.04488268308431,-64.51891765522049
-36.03989158247025,-64.51644032487299
-36.034900481856184,-64.51396209446528
-36.02990938124212,-64.51148296373681
-36.024918280628064,-64.5090029324274
-36.019927180014,-64.5065220002763
-36.014936079399945,-64.50404016702322
-36.00994497878588,-64.50155743240742
-36.00495387817182,-64.49907379616833
-35.999962777557755,-64.49658925804519
-35.99497167694369,-64.49410381777733
-35.989980576329636,-64.49161747510382
-35.98498947571557,-64.48913022976379
-35.97999837510151,-64.48664208149641
-35.97500727448745,-64.48415303004063
-35.97001617387339,-64.48166307513537
-35.965025073259326,-64.47917221651959
-35.96003397264526,-64.47668045393208
-35.9550428720312,-64.47418778711167
-35.950051771417144,-64.47169421579702
-35.94506067080308,-64.46919973972686
-35.94006957018902,-64.46670435863969
-35.93507846957496,-64.46420807227422
-35.9300873689609,-64.46171088036884
-35.925096268346834,-64.45921278266208
-35.92010516773277,-64.45671377889217
-35.915114067118715,-64.45421386879764
-35.91012296650465,-64.45171305211656
-35.90513186589059,-64.44921132858728
-35.90014076527653,-64.44670869794787
-35.89514966466247,-64.44420515993649
-35.890158564048406,-64.44170071429107
-35.88516746343434,-64.43919536074972
-35.88017636282028,-64.43668909905028
-35.87518526220622,-64.43418192893066
-35.87019416159216,-64.43167385012866
-35.8652030609781,-64.42916486238201
-35.86021196036404,-64.42665496542848
-35.85522085974998,-64.42414415900556
-35.850229759135914,-64.42163244285099
-35.84523865852185,-64.41911981670218
-35.84024755790779,-64.41660628029666
-35.83525645729373,-64.41409183337187
-35.83026535667967,-64.41157647566506
-35.825274256065605,-64.40906020691355
-35.82028315545155,-64.40654302685466
-35.815292054837485,-64.40402493522548
-35.81030095422342,-64.40150593176323
-35.80530985360936,-64.39898601620479
-35.8003187529953,-64.3964651882874
-35.79532765238124,-64.3939434477479
-35.790336551767176,-64.39142079432311
-35.78534545115312,-64.38889722775002
-35.780354350539056,-64.38637274776528
-35.77536324992499,-64.38384735410564
-35.77037214931093,-64.38132104650784
-35.76538104869687,-64.3787938247084
-35.76038994808281,-64.37626568844394
-35.75539884746875,-64.37373663745085
-35.750407746854684,-64.37120667146573
-35.74541664624063,-64.36867579022473
-35.740425545626564,-64.36614399346442
-35.7354344450125,-64.36361128092084
-35.73044334439844,-64.36107765233031
-35.725452243784375,-64.35854310742906
-35.72046114317032,-64.35600764595303
-35.715470042556255,-64.35347126763827
-35.7104789419422,-64.3509339722208
-35.705487841328136,-64.34839575943656
-35.70049674071407,-64.34585662902136
-35.69550564010001,-64.34331658071105
-35.690514539485946,-64.34077561424132
-35.68552343887189,-64.33823372934792
-35.68053233825783,-64.3356909257664
-35.67554123764376,-64.33314720323241
-35.67055013702971,-64.33060256148148
-35.665559036415644,-64.32805700024903
-35.66056793580158,-64.32551051927044
-35.65557683518752,-64.32296311828117
-35.650585734573454,-64.3204147970163
-35.6455946339594,-64.3178655552112
-35.640603533345335,-64.31531539260106
-35.63561243273127,-64.31276430892095
-35.630621332117215,-64.31021230390589
-35.62563023150315,-64.30765937729093
-35.62063913088909,-64.30510552881101
-35.615648030275025,-64.302550758201
-35.61065692966097,-64.29999506519572
-35.605665829046906,-64.29743844952999
-35.60067472843284,-64.29488091093847
-35.59568362781879,-64.29232244915585
-35.59069252720472,-64.28976306391667
-35.58570142659066,-64.28720275495547
-35.5807103259766,-64.28464152200686
-35.57571922536253,-64.28207936480511
-35.57072812474848,-64.2795162830847
-35.565737024134414,-64.27695227657978
-35.56074592352035,-64.27438734502485
-35.555754822906295,-64.27182148815392
-35.55076372229223,-64.26925470570119
-35.54577262167817,-64.2666869974007
-35.540781521064105,-64.26411836298648
-35.53579042045004,-64.26154880219254
-35.530799319835985,-64.2589783147527
-35.52580821922192,-64.25640690040092
-35.52081711860786,-64.25383455887088
-35.5158260179938,-64.25126128989642
-35.51083491737974,-64.24868709321122
-35.505843816765676,-64.24611196854872
-35.50085271615161,-64.2435359156427
-35.49586161553756,-64.24095893422654
-35.49087051492349,-64.23838102403373
-35.48587941430943,-64.23580218479758
-35.480888313695374,-64.23322241625155
-35.47589721308131,-64.23064171812887
-35.47090611246725,-64.22806009016271
-35.465915011853184,-64.22547753208622
-35.46092391123912,-64.22289404363264
-35.455932810625065,-64.22030962453482
-35.450941710011,-64.21772427452579
-35.44595060939694,-64.21513799333856
-35.44095950878288,-64.21255078070594
-35.43596840816882,-64.20996263636083
-35.430977307554755,-64.20737356003583
-35.42598620694069,-64.2047835514638
-35.42099510632663,-64.20219261037724
-35.41600400571257,-64.1996007365088
-35.41101290509851,-64.19700792959102
-35.40602180448445,-64.19441418935632
-35.40103070387039,-64.19181951553719
-35.39603960325633,-64.18922390786582
-35.39104850264226,-64.1866273660747
-35.3860574020282,-64.18402988989591
-35.381066301414144,-64.18143147906173
-35.37607520080008,-64.17883213330418
-35.37108410018602,-64.1762318523554
-35.36609299957196,-64.17363063594738
-35.3611018989579,-64.17102848381205
-35.356110798343835,-64.16842539568134
-35.35111969772977,-64.165821371287
-35.34612859711571,-64.1632164103609
-35.34113749650165,-64.16061051263468
-35.33614639588759,-64.15800367784004
-35.331155295273525,-64.1553959057086
-35.32616419465947,-64.15278719597177
-35.321173094045406,-64.15017754836114
-35.31618199343134,-64.14756696260818
-35.31119089281728,-64.14495543844424
-35.30619979220322,-64.14234297560061
-35.30120869158916,-64.13972957380847
-35.2962175909751,-64.13711523279912
-35.29122649036104,-64.13449995230364
-35.28623538974698,-64.13188373205313
-35.281244289132914,-64.12926657177862
-35.27625318851885,-64.12664847121103
-35.27126208790479,-64.12402943008136
-35.26627098729073,-64.12140944812037
-35.26127988667667,-64.11878852505886
-35.256288786062605,-64.11616666062763
-35.25129768544855,-64.11354385455729
-35.246306584834485,-64.11092010657848
-35.24131548422042,-64.10829541642171
-35.23632438360636,-64.10566978381759
-35.231333282992296,-64.10304320849646
-35.22634218237824,-64.10041569018875
-35.221351081764176,-64.09778722862481
-35.21635998115012,-64.0951578235349
-35.21136888053606,-64.09252747464919
-35.20637777992199,-64.08989618169782
-35.20138667930793,-64.08726394441096
-35.19639557869387,-64.0846307625187
-35.19140447807981,-64.08199663575087
-35.18641337746575,-64.07936156383751
-35.181422276851684,-64.07672554650837
-35.17643117623763,-64.07408858349339
-35.171440075623565,-64.07145067452218
-35.1664489750095,-64.0688118193246
-35.16145787439544,-64.06617201763008
-35.156466773781375,-64.06353126916841
-35.15147567316732,-64.06088957366896
-35.146484572553256,-64.05824693086124
-35.14149347193919,-64.0556033404746
-35.136502371325136,-64.05295880223852
-35.13151127071107,-64.05031331588214
-35.12652017009701,-64.04766688113472
-35.121529069482946,-64.04501949772553
-35.11653796886889,-64.04237116538349
-35.11154686825483,-64.03972188383781
-35.106555767640764,-64.0370716528175
-35.10156466702671,-64.03442047205138
-35.096573566412644,-64.0317683412684
-35.09158246579858,-64.02911526019739
-35.08659136518452,-64.0264612285671
-35.081600264570454,-64.02380624610619
-35.0766091639564,-64.02115031254343
-35.071618063342335,-64.01849342760728
-35.06662696272827,-64.01583559102627
-35.061635862114215,-64.01317680252905
-35.05664476150015,-64.01051706184383
-35.05165366088609,-64.00785636869904
-35.046662560272026,-64.00519472282306
-35.04167145965796,-64.00253212394404
-35.036680359043906,-63.999868571790216
-35.03168925842984,-63.99720406608961
-35.02669815781578,-63.994538606570366
-35.02170705720172,-63.991872192960535
-35.01671595658766,-63.98920482498804
-35.0117248559736,-63.98653650238075
-35.006733755359534,-63.98386722486649
-35.00174265474548,-63.98119699217312
-34.996751554131414,-63.97852580402819
-34.99176045351735,-63.97585366015953
-34.986769352903295,-63.97318056029467
-34.98177825228923,-63.97050650416115
-34.97678715167517,-63.96783149148653
-34.971796051061105,-63.96515552199814
-34.96680495044704,-63.96247859542342
-34.961813849832986,-63.959800711489656
-34.95682274921892,-63.957121869924066
-34.95183164860486,-63.95444207045386
-34.9468405479908,-63.9517613128063
-34.94184944737674,-63.94907959670827
-34.936858346762676,-63.94639692188694
-34.93186724614861,-63.943713288069176
-34.92687614553455,-63.941028694981945
-34.921885044920494,-63.93834314235217
-34.91689394430643,-63.935656629906475
-34.911902843692374,-63.93296915737165
-34.90691174307831,-63.93028072447434
-34.90192064246425,-63.927591330941304
-34.896929541850184,-63.924900976498996
-34.89193844123612,-63.92220966087383
-34.886947340622065,-63.91951738379241
-34.881956240008,-63.91682414498096
-34.87696513939394,-63.914129944166
-34.87197403877988,-63.91143478107361
-34.86698293816582,-63.90873865543005
-34.861991837551756,-63.90604156696154
-34.85700073693769,-63.90334351539414
-34.85200963632363,-63.9006445004538
-34.84701853570957,-63.89794452186653
-34.84202743509551,-63.895243579358315
-34.837036334481446,-63.89254167265499
-34.83204523386739,-63.88983880148236
-34.82705413325333,-63.88713496556608
-34.822063032639264,-63.88443016463197
-34.8170719320252,-63.881724398405545
-34.812080831411144,-63.8790176666124
-34.80708973079708,-63.876309968978084
-34.80209863018302,-63.873601305228
-34.79710752956896,-63.87089167508751
-34.7921164289549,-63.86818107828204
-34.787125328340835,-63.86546951453683
-34.78213422772677,-63.86275698357708
-34.77714312711271,-63.86004348512795
-34.77215202649865,-63.857329018914626
-34.76716092588459,-63.854613584662005
-34.762169825270526,-63.85189718209511
-34.75717872465647,-63.849179810938956
-34.752187624042406,-63.8464614709183
-34.74719652342834,-63.84374216175811
-34.74220542281428,-63.841021883182904
-34.73721432220022,-63.838300634917566
-34.73222322158616,-63.83557841668667
-34.7272321209721,-63.83285522821477
-34.722241020358034,-63.83013106922633
-34.71724991974398,-63.827405939446066
-34.712258819129914,-63.82467983859802
-34.70726771851585,-63.82195276640681
-34.70227661790179,-63.81922472259664
-34.69728551728773,-63.81649570689162
-34.69229441667367,-63.81376571901606
-34.687303316059605,-63.81103475869407
-34.68231221544555,-63.80830282564958
-34.677321114831486,-63.8055699196067
-34.67233001421742,-63.802836040289336
-34.66733891360336,-63.80010118742127
-34.662347812989296,-63.797365360726495
-34.65735671237524,-63.794628559928654
-34.65236561176118,-63.79189078475145
-34.64737451114711,-63.78915203491852
-34.64238341053306,-63.78641231015349
-34.637392309918994,-63.78367161017984
-34.63240120930493,-63.78092993472112
-34.62741010869087,-63.77818728350065
-34.622419008076804,-63.7754436562418
-34.61742790746275,-63.772699052667924
-34.612436806848685,-63.76995347250217
-34.60744570623463,-63.76720691546778
-34.602454605620565,-63.764459381287764
-34.5974635050065,-63.76171086968532
-34.59247240439244,-63.75896138038337
-34.587481303778375,-63.756210913104816
-34.58249020316432,-63.753459467572604
-34.577499102550256,-63.750707043509614
-34.57250800193619,-63.74795364063852
-34.567516901322136,-63.745199258682064
-34.56252580070807,-63.74244389736287
-34.55753470009401,-63.739687556403574
-34.55254359947995,-63.73693023552658
-34.54755249886588,-63.73417193445451
-34.54256139825183,-63.73141265290976
-34.537570297637764,-63.728652390614634
-34.5325791970237,-63.7258911472914
-34.527588096409644,-63.723128922662454
-34.52259699579558,-63.720365716449756
-34.51760589518152,-63.71760152837563
-34.512614794567455,-63.71483635816199
-34.5076236939534,-63.71207020553093
-34.502632593339335,-63.709303070204335
-34.49764149272527,-63.70653495190415
-34.492650392111216,-63.70376585035223
-34.48765929149715,-63.70099576527023
-34.48266819088309,-63.69822469637991
-34.477677090269026,-63.69545264340298
-34.47268598965496,-63.69267960606099
-34.46769488904091,-63.6899055840755
-34.46270378842684,-63.68713057716798
-34.45771268781278,-63.684354585059864
-34.452721587198724,-63.68157760747249
-34.44773048658466,-63.678799644127075
-34.4427393859706,-63.67602069474506
-34.437748285356534,-63.67324075904751
-34.43275718474247,-63.670459836755484
-34.427766084128415,-63.667677927590205
-34.42277498351435,-63.664895031272586
-34.41778388290029,-63.66211114752363
-34.41279278228623,-63.659326276064135
-34.40780168167217,-63.65654041661505
-34.402810581058105,-63.65375356889707
-34.39781948044404,-63.65096573263101
-34.392828379829986,-63.64817690753734
-34.38783727921592,-63.64538709333686
-34.38284617860186,-63.64259628974999
-34.3778550779878,-63.639804496497284
-34.37286397737374,-63.637011713299046
-34.36787287675968,-63.63421793987586
-34.36288177614561,-63.63142317594786
-34.35789067553155,-63.628627421235244
-34.352899574917494,-63.62583067545837
-34.34790847430343,-63.623032938337296
-34.34291737368937,-63.620234209592006
-34.33792627307531,-63.617434488942656
-34.33293517246125,-63.614633776109116
-34.327944071847185,-63.611832070811275
-34.32295297123312,-63.609029372769065
-34.31796187061906,-63.60622568170214
-34.312970770005,-63.60342099733035
-34.30797966939094,-63.60061531937315
-34.30298856877688,-63.59780864755035
-34.29799746816282,-63.595000981581386
-34.293006367548756,-63.59219232118582
-34.28801526693469,-63.58938266608299
-34.28302416632063,-63.586572015992274
-34.27803306570657,-63.583760370633016
-34.27304196509251,-63.58094772972449
-34.26805086447845,-63.57813409298583
-34.26305976386439,-63.57531946013621
-34.25806866325033,-63.57250383089468
-34.253077562636264,-63.569687204980205
-34.2480864620222,-63.56686958211184
-34.24309536140814,-63.56405096200841
-34.23810426079408,-63.56123134438884
-34.23311316018002,-63.558410728971744
-34.228122059565955,-63.55558911547603
-34.2231309589519,-63.55276650362032
-34.218139858337835,-63.54994289312306
-34.21314875772377,-63.54711828370295
-34.20815765710971,-63.54429267507849
-34.20316655649565,-63.541466066967985
-34.19817545588159,-63.538638459089924
-34.193184355267526,-63.5358098511625
-34.18819325465347,-63.5329802429041
-34.18320215403941,-63.530149634032746
-34.17821105342534,-63.527318024266705
-34.17321995281128,-63.52448541332411
-34.16822885219722,-63.52165180092275
-34.16323775158316,-63.518817186780744
-34.1582466509691,-63.515981570615956
-34.153255550355034,-63.513144952146206
-34.14826444974098,-63.5103073310893
-34.143273349126915,-63.50746870716302
-34.13828224851285,-63.50462908008479
-34.13329114789879,-63.50178844957251
-34.128300047284725,-63.49894681534357
-34.12330894667067,-63.49610417711543
-34.118317846056605,-63.493260534605675
-34.11332674544255,-63.49041588753149
-34.108335644828486,-63.487570235610235
-34.10334454421442,-63.48472357855919
-34.09835344360036,-63.481875916095596
-34.093362342986296,-63.479027247936514
-34.08837124237224,-63.476177573798985
-34.08338014175818,-63.473326893400134
-34.07838904114411,-63.47047520645682
-34.07339794053006,-63.467622512685985
-34.068406839915994,-63.4647688118044
-34.06341573930193,-63.46191410352897
-34.05842463868787,-63.45905838757631
-34.053433538073804,-63.45620166366309
-34.04844243745975,-63.45334393150595
-34.043451336845685,-63.45048519082144
-34.03846023623162,-63.44762544132603
-34.033469135617565,-63.44476468273612
-34.0284780350035,-63.44190291476809
-34.02348693438944,-63.439040137138285
-34.018495833775376,-63.43617634956283
-34.01350473316132,-63.43331155175812
-34.008513632547256,-63.430445743440096
-34.00352253193319,-63.42757892432489
-33.99853143131914,-63.424711094128575
-33.99354033070507,-63.42184225256707
-33.98854923009101,-63.418972399356186
-33.98355812947695,-63.416101534211954
-33.978567028862884,-63.41322965684989
-33.97357592824882,-63.4103567669859
-33.968584827634764,-63.40748286433556
-33.96359372702071,-63.404607948614526
-33.958602626406645,-63.4017320195384
-33.95361152579258,-63.39885507682248
-33.94862042517852,-63.395977120182266
-33.943629324564455,-63.39309814933322
-33.93863822395039,-63.390218163990525
-33.933647123336335,-63.38733716386944
-33.92865602272227,-63.38445514868523
-33.923664922108216,-63.3815721181529
-33.91867382149415,-63.378688071987646
-33.91368272088009,-63.37580300990443
-33.908691620266026,-63.372916931618164
-33.90370051965196,-63.37002983684384
-33.8987094190379,-63.367141725296136
-33.89371831842384,-63.364252596689944
-33.88872721780978,-63.36136245073993
-33.883736117195724,-63.35847128716085
-33.87874501658166,-63.355579105667076
-33.8737539159676,-63.352685905973296
-33.868762815353534,-63.349791687794095
-33.86377171473947,-63.34689645084365
-33.858780614125415,-63.34400019483648
-33.85378951351135,-63.3411029194869
-33.848798412897295,-63.33820462450905
-33.84380731228323,-63.33530530961711
-33.83881621166917,-63.33240497452533
-33.833825111055106,-63.32950361894767
-33.82883401044104,-63.32660124259816
-33.82384290982698,-63.323697845190836
-33.81885180921292,-63.320793426439415
-33.81386070859886,-63.31788798605779
-33.8088696079848,-63.314981523759755
-33.80387850737074,-63.312074039259066
-33.79888740675668,-63.30916553226929
-33.793896306142614,-63.30625600250401
-33.78890520552855,-63.30334544967687
-33.78391410491449,-63.30043387350121
-33.77892300430043,-63.29752127369051
-33.77393190368637,-63.294607649958124
-33.76894080307231,-63.29169300201736
-33.76394970245825,-63.2887773295814
-33.758958601844185,-63.285860632363445
-33.75396750123012,-63.28294291007671
-33.74897640061606,-63.28002416243409
-33.743985300002,-63.27710438914869
-33.73899419938794,-63.274183589933436
-33.73400309877388,-63.27126176450119
-33.72901199815982,-63.26833891256473
-33.724020897545756,-63.26541503383696
-33.71902979693169,-63.262490128030414
-33.71403869631763,-63.25956419485782
-33.70904759570357,-63.25663723403177
-33.70405649508951,-63.253709245264844
-33.69906539447545,-63.250780228269385
-33.69407429386139,-63.24785018275783
-33.68908319324733,-63.24491910844267
-33.684092092633264,-63.241987005035945
-33.6791009920192,-63.239053872250054
-33.67410989140514,-63.23611970979719
-33.669118790791075,-63.23318451738939
-33.66412769017702,-63.23024829473866
-33.65913658956296,-63.22731104155712
-33.6541454889489,-63.22437275755662
-33.649154388334836,-63.2214334424491
-33.64416328772077,-63.218493095946215
-33.63917218710671,-63.21555171775998
-33.634181086492646,-63.21260930760183
-33.62918998587859,-63.20966586518359
-33.624198885264526,-63.206721390216764
-33.61920778465047,-63.20377588241287
-33.61421668403641,-63.200829341483406
-33.609225583422344,-63.19788176713968
-33.60423448280828,-63.19493315909311
-33.59924338219422,-63.191983517054936
-33.594252281580154,-63.189032840736395
-33.5892611809661,-63.186081129848745
-33.584270080352034,-63.18312838410295
-33.57927897973798,-63.180174603210084
-33.574287879123915,-63.17721978688118
-33.56929677850985,-63.17426393482719
-33.56430567789579,-63.171307046758855
-33.559314577281725,-63.16834912238708
-33.55432347666767,-63.16539016142259
-33.549332376053606,-63.16243016357614
-33.54434127543955,-63.15946912855822
-33.539350174825486,-63.15650705607946
-33.53435907421142,-63.15354394585042
-33.52936797359736,-63.15057979758155
-33.5243768729833,-63.14761461098312
-33.51938577236923,-63.144648385765606
-33.51439467175518,-63.141681121639195
-33.509403571141114,-63.13871281831408
-33.50441247052706,-63.135743475500554
-33.499421369912994,-63.132773092908614
-33.49443026929893,-63.129801670248256
-33.48943916868487,-63.12682920722954
-33.484448068070805,-63.123855703562306
-33.47945696745674,-63.12088115895649
-33.474465866842685,-63.117905573121824
-33.46947476622862,-63.114928945768106
-33.464483665614566,-63.11195127660499
-33.4594925650005,-63.10897256534204
-33.45450146438644,-63.10599281168894
-33.449510363772376,-63.10301201535499
-33.44451926315831,-63.10003017604987
-33.439528162544256,-63.09704729348281
-33.43453706193019,-63.094063367363205
-33.42954596131614,-63.091078397400224
-33.424554860702074,-63.088092383303206
-33.41956376008801,-63.0851053247812
-33.41457265947395,-63.08211722154327
-33.409581558859884,-63.079128073298506
-33.40459045824582,-63.076137879755784
-33.399599357631764,-63.07314664062415
-33.3946082570177,-63.07015435561234
-33.389617156403645,-63.06716102442927
-33.38462605578958,-63.06416664678353
-33.37963495517552,-63.061171222383756
-33.374643854561455,-63.058174750938676
-33.36965275394739,-63.055177232156865
-33.36466165333333,-63.05217866574677
-33.35967055271927,-63.04917905141672
-33.354679452105216,-63.046178388875184
-33.34968835149115,-63.043176677830516
-33.34469725087709,-63.040173917990806
-33.33970615026303,-63.037170109064476
-33.33471504964896,-63.03416525075946
-33.3297239490349,-63.03115934278389
-33.324732848420844,-63.0281523848458
-33.31974174780678,-63.025144376653174
-33.314750647192724,-63.02213531791385
-33.30975954657866,-63.0191252083357
-33.3047684459646,-63.01611404762646
-33.299777345350535,-63.01310183549393
-33.29478624473647,-63.01008857164566
-33.28979514412241,-63.00707425578932
-33.28480404350835,-63.00405888763237
-33.27981294289429,-63.00104246688246
-33.27482184228023,-62.998024993246744
-33.26983074166617,-62.99500646643286
-33.264839641052106,-62.99198688614791
-33.25984854043804,-62.98896625209921
-33.25485743982398,-62.985944563993954
-33.24986633920992,-62.98292182153927
-33.24487523859586,-62.97989802444216
-33.239884137981804,-62.976873172409654
-33.23489303736774,-62.973847265148756
-33.22990193675368,-62.97082030236624
-33.224910836139614,-62.9677922837689
-33.21991973552555,-62.96476320906365
-33.21492863491149,-62.96173307795714
-33.20993753429743,-62.95870189015606
-33.20494643368337,-62.95566964536678
-33.19995533306931,-62.95263634329606
-33.19496423245525,-62.949601983650275
-33.189973131841185,-62.94656656613585
-33.18498203122712,-62.94353009045909
-33.17999093061306,-62.94049255632637
-33.174999829998995,-62.93745396344382
-33.17000872938494,-62.93441431151756
-33.165017628770876,-62.9313736002539
-33.16002652815682,-62.92833182935873
-33.15503542754276,-62.9252889985381
-33.15004432692869,-62.92224510749788
-33.14505322631463,-62.919200155944026
-33.14006212570057,-62.916154143582254
-33.13507102508651,-62.913107070118436
-33.13007992447245,-62.91005893525814
-33.12508882385839,-62.90700973870701
-33.12009772324433,-62.903959480170684
-33.115106622630265,-62.90090815935466
-33.1101155220162,-62.89785577596433
-33.10512442140214,-62.89480232970509
-33.100133320788075,-62.89174782028233
-33.09514222017402,-62.888692247401316
-33.090151119559955,-62.88563561076722
-33.0851600189459,-62.88257791008525
-33.080168918331836,-62.879519145060456
-33.07517781771777,-62.87645931539787
-33.07018671710371,-62.873398420802474
-33.065195616489646,-62.87033646097918
-33.06020451587559,-62.86727343563291
-33.05521341526153,-62.86420934446833
-33.05022231464747,-62.86114418719022
-33.04523121403341,-62.85807796350337
-33.040240113419344,-62.855010673112254
-33.03524901280528,-62.85194231572145
-33.03025791219122,-62.84887289103554
-33.025266811577154,-62.84580239875888
-33.0202757109631,-62.84273083859584
-33.015284610349035,-62.839658210250775
-33.01029350973498,-62.836584513427944
-33.005302409120915,-62.83350974783157
-33.00031130850685,-62.8304339131657
-32.99532020789279,-62.827357009134474
-32.990329107278725,-62.8242790354419
-32.98533800666466,-62.82119999179193
-32.980346906050606,-62.818119877888535
-32.97535580543654,-62.81503869343541
-32.97036470482249,-62.81195643813646
-32.96537360420842,-62.808873111695355
-32.96038250359436,-62.80578871381573
-32.9553914029803,-62.80270324420124
-32.95040030236623,-62.79961670255534
-32.94540920175218,-62.79652908858168
-32.940418101138114,-62.79344040198342
-32.93542700052406,-62.790350642464134
-32.930435899909995,-62.78725980972706
-32.92544479929593,-62.78416790347544
-32.92045369868187,-62.78107492341241
-32.915462598067805,-62.777980869241176
-32.91047149745374,-62.77488574066479
-32.905480396839685,-62.77178953738611
-32.90048929622562,-62.768692259108306
-32.895498195611566,-62.76559390553405
-32.8905070949975,-62.76249447636628
-32.88551599438344,-62.75939397130773
-32.880524893769376,-62.75629239006108
-32.87553379315531,-62.75318973232901
-32.87054269254125,-62.75008599781413
-32.86555159192719,-62.74698118621885
-32.86056049131314,-62.7438752972458
-32.855569390699074,-62.740768330597156
-32.85057829008501,-62.73766028597552
-32.84558718947095,-62.734551163082976
-32.840596088856884,-62.73144096162183
-32.83560498824282,-62.728329681294205
-32.830613887628765,-62.72521732180226
-32.8256227870147,-62.72210388284802
-32.820631686400645,-62.71898936413345
-32.81564058578658,-62.71587376536049
-32.81064948517252,-62.712757086230994
-32.805658384558456,-62.70963932644674
-32.80066728394439,-62.706520485709525
-32.79567618333033,-62.70340056372096
-32.79068508271627,-62.70027956018281
-32.78569398210221,-62.69715747479654
-32.78070288148815,-62.69403430726362
-32.77571178087409,-62.69091005728558
-32.77072068026003,-62.68778472456371
-32.765729579645964,-62.68465830879941
-32.7607384790319,-62.68153080969394
-32.755747378417844,-62.67840222694853
-32.75075627780378,-62.67527256026423
-32.745765177189725,-62.6721418093422
-32.74077407657566,-62.669009973883384
-32.7357829759616,-62.66587705358889
-32.730791875347535,-62.662743048159506
-32.72580077473347,-62.659607957296146
-32.72080967411941,-62.65647178069945
-32.71581857350535,-62.65333451807037
-32.71082747289129,-62.650196169109364
-32.70583637227723,-62.64705673351716
-32.70084527166317,-62.643916210994256
-32.695854171049106,-62.6407746012412
-32.69086307043504,-62.63763190395834
-32.68587196982098,-62.63448811884606
-32.680880869206916,-62.63134324560469
-32.67588976859286,-62.6281972839345
-32.6708986679788,-62.625050233535575
-32.66590756736474,-62.62190209410814
-32.66091646675068,-62.61875286535221
-32.655925366136614,-62.61560254696784
-32.65093426552255,-62.61245113865488
-32.64594316490849,-62.60929864011329
-32.64095206429443,-62.606145051042894
-32.63596096368037,-62.602990371143434
-32.63096986306631,-62.599834600114626
-32.62597876245225,-62.59667773765609
-32.620987661838186,-62.59351978346749
-32.61599656122412,-62.59036073724827
-32.61100546061006,-62.58720059869793
-32.606014359995996,-62.584039367515835
-32.60102325938194,-62.58087704340141
-32.596032158767876,-62.577713626053836
-32.59104105815382,-62.5745491151724
-32.58604995753976,-62.5713835104563
-32.581058856925694,-62.56821681160455
-32.57606775631163,-62.56504901831626
-32.57107665569757,-62.56188013029036
-32.566085555083504,-62.55871014722589
-32.56109445446945,-62.555539068821645
-32.55610335385539,-62.552366894776426
-32.55111225324133,-62.54919362478889
-32.546121152627265,-62.54601925855787
-32.5411300520132,-62.54284379578188
-32.53613895139914,-62.5396672361596
-32.531147850785075,-62.53648957938941
-32.52615675017102,-62.53331082516982
-32.521165649556956,-62.530130973199235
-32.5161745489429,-62.52695002317593
-32.511183448328836,-62.52376797479813
-32.50619234771477,-62.52058482776413
-32.50120124710071,-62.51740058177203
-32.496210146486646,-62.51421523651995
-32.49121904587258,-62.51102879170586
-32.48622794525853,-62.507841247027734
-32.481236844644464,-62.50465260218357
-32.47624574403041,-62.50146285687103
-32.471254643416344,-62.49827201078803
-32.46626354280228,-62.49508006363218
-32.46127244218822,-62.4918870151013
-32.456281341574154,-62.488692864892904
-32.4512902409601,-62.48549761270451
-32.446299140346035,-62.48230125823364
-32.44130803973198,-62.47910380117775
-32.436316939117916,-62.47590524123411
-32.43132583850385,-62.47270557810012
-32.42633473788979,-62.46950481147287
-32.421343637275726,-62.4663029410497
-32.41635253666166,-62.46309996652772
-32.411361436047606,-62.45989588760386
-32.40637033543354,-62.45669070397528
-32.40137923481949,-62.453484415338785
-32.396388134205424,-62.45027702139133
-32.39139703359136,-62.44706852182974
-32.3864059329773,-62.44385891635072
-32.381414832363234,-62.44064820465107
-32.37642373174917,-62.43743638642724
-32.371432631135114,-62.43422346137603
-32.36644153052105,-62.431009429193786
-32.361450429906995,-62.42779428957706
-32.35645932929293,-62.42457804222231
-32.35146822867887,-62.42136068682569
-32.346477128064805,-62.41814222308364
-32.34148602745074,-62.41492265069229
-32.336494926836686,-62.41170196934784
-32.33150382622262,-62.40848017874638
-32.326512725608566,-62.40525727858392
-32.3215216249945,-62.402033268556465
-32.31653052438044,-62.398808148359954
-32.311539423766376,-62.3955819176902
-32.30654832315231,-62.392354576243065
-32.30155722253825,-62.38912612371415
-32.296566121924194,-62.385896559799285
-32.29157502131013,-62.38266588419396
-32.286583920696074,-62.37943409659383
-32.28159282008201,-62.376201196694346
-32.27660171946795,-62.37296718419091
-32.271610618853884,-62.36973205877889
-32.26661951823982,-62.366495820153716
-32.261628417625765,-62.36325846801051
-32.2566373170117,-62.36002000204454
-32.251646216397646,-62.3567804219509
-32.24665511578358,-62.353539727424696
-32.24166401516952,-62.350297918160955
-32.236672914555456,-62.347054993854556
-32.23168181394139,-62.343810954200436
-32.22669071332733,-62.34056579889344
-32.22169961271327,-62.3373195276283
-32.21670851209921,-62.33407214009978
-32.211717411485154,-62.33082363600251
-32.20672631087109,-62.32757401503104
-32.20173521025703,-62.32432327687993
-32.196744109642964,-62.32107142124371
-32.1917530090289,-62.31781844781668
-32.18676190841484,-62.31456435629324
-32.18177080780078,-62.311309146367684
-32.17677970718672,-62.308052817734264
-32.17178860657266,-62.30479537008713
-32.1667975059586,-62.30153680312031
-32.161806405344535,-62.298277116528006
-32.15681530473047,-62.29501631000401
-32.15182420411641,-62.29175438324244
-32.14683310350235,-62.28849133593707
-32.14184200288829,-62.285227167781706
-32.13685090227423,-62.2819618784701
-32.13185980166017,-62.27869546769597
-32.12686870104611,-62.27542793515294
-32.12187760043204,-62.27215928053446
-32.11688649981798,-62.268889503534155
-32.11189539920392,-62.265618603845425
-32.10690429858986,-62.26234658116169
-32.1019131979758,-62.25907343517629
-32.09692209736174,-62.25579916558238
-32.09193099674768,-62.25252377207324
-32.086939896133615,-62.24924725434197
-32.08194879551955,-62.245969612081694
-32.07695769490549,-62.24269084498543
-32.071966594291425,-62.239410952746134
-32.06697549367737,-62.236129935056724
-32.061984393063305,-62.232847791609984
-32.05699329244925,-62.22956452209874
-32.052002191835186,-62.22628012621567
-32.04701109122112,-62.22299460365347
-32.04201999060706,-62.219707954104706
-32.037028889992996,-62.216420177261966
-32.03203778937894,-62.2131312728177
-32.02704668876488,-62.20984124046432
-32.02205558815082,-62.2065500798942
-32.01706448753676,-62.203257790799576
-32.012073386922694,-62.19996437287274
-32.00708228630863,-62.19666982580588
-32.00209118569457,-62.19337414929104
-31.997100085080508,-62.19007734302035
-31.992108984466448,-62.186779406685794
-31.987117883852385,-62.18348033997923
-31.982126783238325,-62.18018014259263
-31.97713568262426,-62.17687881421775
-31.972144582010202,-62.17357635454634
-31.96715348139614,-62.17027276327014
-31.96216238078208,-62.16696804008075
-31.95717128016802,-62.16366218466968
-31.952180179553956,-62.160355196728545
-31.947189078939896,-62.157047075948704
-31.942197978325833,-62.15373782202158
-31.937206877711773,-62.150427434638566
-31.93221577709771,-62.14711591349086
-31.92722467648365,-62.14380325826966
-31.922233575869587,-62.14048946866613
-31.917242475255527,-62.13717454437134
-31.912251374641464,-62.13385848507639
-31.907260274027404,-62.130541290472195
-31.90226917341334,-62.12722296024961
-31.89727807279928,-62.123903494099636
-31.892286972185218,-62.120582891712814
-31.88729587157116,-62.117261152780046
-31.882304770957095,-62.11393827699199
-31.877313670343035,-62.11061426403917
-31.872322569728972,-62.10728911361213
-31.867331469114912,-62.10396282540147
-31.86234036850085,-62.10063539909749
-31.85734926788679,-62.097306834390594
-31.85235816727273,-62.09397713097108
-31.847367066658666,-62.09064628852923
-31.842375966044607,-62.08731430675507
-31.837384865430543,-62.08398118533888
-31.832393764816484,-62.080646923970654
-31.82740266420242,-62.077311522340445
-31.82241156358836,-62.07397498013812
-31.817420462974297,-62.07063729705357
-31.812429362360238,-62.067298472776606
-31.807438261746174,-62.063958506997
-31.802447161132115,-62.06061739940443
-31.79745606051805,-62.05727514968851
-31.79246495990399,-62.05393175753891
-31.78747385928993,-62.05058722264503
-31.78248275867587,-62.047241544696384
-31.777491658061805,-62.043894723382344
-31.772500557447746,-62.04054675839217
-31.767509456833682,-62.03719764941528
-31.762518356219623,-62.03384739614078
-31.757527255605563,-62.03049599825782
-31.7525361549915,-62.02714345545563
-31.74754505437744,-62.02378976742298
-31.742553953763377,-62.020434933849025
-31.737562853149317,-62.01707895442263
-31.732571752535254,-62.01372182883265
-31.727580651921194,-62.01036355676788
-31.72258955130713,-62.007004137917015
-31.71759845069307,-62.00364357196861
-31.712607350079008,-62.00028185861149
-31.707616249464948,-61.99691899753402
-31.702625148850885,-61.99355498842486
-31.697634048236825,-61.9901898309722
-31.692642947622762,-61.98682352486458
-31.687651847008702,-61.98345606979022
-31.68266074639464,-61.98008746543737
-31.67766964578058,-61.9767177114943
-31.672678545166516,-61.97334680764895
-31.667687444552456,-61.96997475358956
-31.662696343938393,-61.96660154900401
-31.657705243324333,-61.963227193580195
-31.652714142710273,-61.95985168700613
-31.64772304209621,-61.95647502896956
-31.64273194148215,-61.95309721915831
-31.637740840868087,-61.94971825725989
-31.632749740254027,-61.9463381429621
-31.627758639639964,-61.94295687595244
-31.622767539025904,-61.93957445591844
-31.61777643841184,-61.936190882547564
-31.61278533779778,-61.93280615552727
-31.607794237183718,-61.92942027454467
-31.60280313656966,-61.92603323928729
-31.597812035955595,-61.922645049442096
-31.592820935341535,-61.9192557046965
-31.587829834727472,-61.91586520473736
-31.582838734113412,-61.912473549251786
-31.57784763349935,-61.90908073792674
-31.57285653288529,-61.905686770449215
-31.567865432271226,-61.90229164650584
-31.562874331657166,-61.8988953657836
-31.557883231043107,-61.89549792796915
-31.552892130429044,-61.892099332749126
-31.547901029814984,-61.88869957981016
-31.54290992920092,-61.88529866883875
-31.53791882858686,-61.88189659952141
-31.532927727972798,-61.87849337154459
-31.527936627358738,-61.875088984594626
-31.522945526744675,-61.871683438357806
-31.517954426130615,-61.868276732520336
-31.51296332551655,-61.864868866768404
-31.507972224902492,-61.86145984078816
-31.50298112428843,-61.858049654265606
-31.49799002367437,-61.85463830688677
-31.492998923060306,-61.85122579833758
-31.488007822446246,-61.847812128303936
-31.483016721832183,-61.844397296471605
-31.478025621218123,-61.84098130252633
-31.47303452060406,-61.8375641461539
-31.46804341999,-61.834145827039755
-31.463052319375937,-61.83072634486964
-31.458061218761877,-61.82730569932902
-31.453070118147817,-61.8238838901033
-31.448079017533754,-61.8204609168779
-31.443087916919694,-61.8170367793381
-31.43809681630563,-61.8136114771692
-31.43310571569157,-61.81018501005639
-31.428114615077508,-61.80675737768478
-31.423123514463448,-61.803328579739514
-31.418132413849385,-61.79989861590559
-31.413141313235325,-61.796467485868
-31.408150212621262,-61.793035189311574
-31.403159112007202,-61.78960172592122
-31.39816801139314,-61.78616709538159
-31.39317691077908,-61.782731297377595
-31.388185810165016,-61.779294331593746
-31.383194709550956,-61.775856197714724
-31.378203608936893,-61.77241689542497
-31.373212508322833,-61.768976424409004
-31.36822140770877,-61.7655347843513
-31.36323030709471,-61.762091974936105
-31.35823920648065,-61.75864799584777
-31.353248105866587,-61.75520284677045
-31.348257005252528,-61.75175652738844
-31.343265904638464,-61.74830903738574
-31.338274804024405,-61.744860376446425
-31.33328370341034,-61.741410544254606
-31.32829260279628,-61.73795954049396
-31.32330150218222,-61.734507364848625
-31.31831040156816,-61.73105401700217
-31.313319300954095,-61.72759949663844
-31.308328200340036,-61.72414380344116
-31.303337099725972,-61.720686937093895
-31.298345999111913,-61.71722889728021
-31.29335489849785,-61.71376968368364
-31.28836379788379,-61.71030929598759
-31.283372697269726,-61.70684773387541
-31.278381596655667,-61.703384997030476
-31.273390496041603,-61.699921085136026
-31.268399395427544,-61.69645599787528
-31.26340829481348,-61.69298973493131
-31.25841719419942,-61.689522295987224
-31.25342609358536,-61.68605368072601
-31.248434992971298,-61.682583888830706
-31.243443892357238,-61.67911291998403
-31.238452791743175,-61.675640773869006
-31.233461691129115,-61.67216745016832
-31.22847059051505,-61.66869294856464
-31.223479489900992,-61.665217268740626
-31.21848838928693,-61.66174041037895
-31.21349728867287,-61.65826237316206
-31.208506188058806,-61.65478315677243
-31.203515087444746,-61.65130276089246
-31.198523986830683,-61.64782118520451
-31.193532886216623,-61.64433842939082
-31.18854178560256,-61.640854493133666
-31.1835506849885,-61.637369376115224
-31.178559584374437,-61.63388307801753
-31.173568483760377,-61.63039559852265
-31.168577383146314,-61.62690693731255
-31.163586282532254,-61.62341709406921
-31.158595181918194,-61.61992606847434
-31.15360408130413,-61.61643386020983
-31.14861298069007,-61.61294046895748
-31.143621880076008,-61.609445894398796
-31.13863077946195,-61.60595013621555
-31.133639678847885,-61.602453194089215
-31.128648578233825,-61.598955067701255
-31.123657477619762,-61.59545575673312
-31.118666377005702,-61.591955260866236
-31.11367527639164,-61.5884535797819
-31.10868417577758,-61.58495071316125
-31.103693075163516,-61.58144666068555
-31.098701974549456,-61.57794142203596
-31.093710873935393,-61.57443499689342
-31.088719773321333,-61.570927384939104
-31.08372867270727,-61.5674185858537
-31.07873757209321,-61.56390859931835
-31.073746471479147,-61.56039742501376
-31.068755370865087,-61.55688506262068
-31.063764270251024,-61.55337151181982
-31.058773169636964,-61.54985677229185
-31.053782069022905,-61.546340843717275
-31.04879096840884,-61.54282372577663
-31.04379986779478,-61.53930541815043
-31.03880876718072,-61.535785920519004
-31.03381766656666,-61.53226523256262
-31.028826565952595,-61.52874335396168
-31.023835465338536,-61.52522028439633
-31.018844364724472,-61.52169602354675
-31.013853264110413,-61.51817057109294
-31.00886216349635,-61.514643926715046
-31.00387106288229,-61.51111609009295
-30.998879962268227,-61.50758706090656
-30.993888861654167,-61.504056838835766
-30.988897761040104,-61.50052542356022
-30.983906660426044,-61.49699281475979
-30.97891555981198,-61.49345901211413
-30.97392445919792,-61.48992401530273
-30.968933358583858,-61.48638782400514
-30.963942257969798,-61.48285043790103
-30.958951157355738,-61.4793118566696
-30.953960056741675,-61.475772079990236
-30.948968956127615,-61.472231107542285
-30.943977855513552,-61.468688939005
-30.938986754899492,-61.4651455740575
-30.93399565428543,-61.46160101237888
-30.92900455367137,-61.458055253648226
-30.924013453057306,-61.454508297544464
-30.919022352443246,-61.45096014374662
-30.914031251829183,-61.44741079193352
-30.909040151215123,-61.44386024178392
-30.90404905060106,-61.44030849297665
-30.899057949987,-61.43675554519023
-30.894066849372937,-61.433201398103485
-30.889075748758877,-61.429646051394904
-30.884084648144814,-61.42608950474288
-30.879093547530754,-61.422531757826
-30.87410244691669,-61.418972810322586
-30.86911134630263,-61.41541266191089
-30.864120245688568,-61.411851312269214
-30.859129145074508,-61.40828876107581
-30.85413804446045,-61.40472500800872
-30.849146943846385,-61.40116005274601
-30.844155843232326,-61.39759389496576
-30.839164742618262,-61.39402653434592
-30.834173642004203,-61.39045797056434
-30.82918254139014,-61.38688820329878
-30.82419144077608,-61.38331723222715
-30.819200340162016,-61.37974505702706
-30.814209239547957,-61.37617167737619
-30.809218138933893,-61.37259709295212
-30.804227038319834,-61.369021303432326
-30.79923593770577,-61.365444308494276
-30.79424483709171,-61.3618661078154
-30.789253736477647,-61.35828670107305
-30.784262635863588,-61.354706087944486
-30.779271535249524,-61.35112426810692
-30.774280434635465,-61.34754124123744
-30.7692893340214,-61.3439570070132
-30.76429823340734,-61.34037156511125
-30.75930713279328,-61.33678491520854
-30.75431603217922,-61.33319705698205
-30.74932493156516,-61.329607990108535
-30.744333830951096,-61.32601771426469
-30.739342730337036,-61.32242622912743
-30.734351629722973,-61.318833534373304
-30.729360529108913,-61.31523962967902
-30.72436942849485,-61.31164451472107
-30.71937832788079,-61.30804818917586
-30.714387227266727,-61.304450652719865
-30.709396126652667,-61.30085190502951
-30.704405026038604,-61.29725194578099
-30.699413925424544,-61.29365077465063
-30.69442282481048,-61.29004839131449
-30.68943172419642,-61.28644479544877
-30.684440623582358,-61.28283998672952
-30.679449522968298,-61.27923396483272
-30.674458422354235,-61.27562672943425
-30.669467321740175,-61.272018280210105
-30.66447622112611,-61.268408616835934
-30.659485120512052,-61.26479773898761
-30.654494019897992,-61.261185646340756
-30.64950291928393,-61.25757233857099
-30.64451181866987,-61.25395781535392
-30.639520718055806,-61.250342076364994
-30.634529617441746,-61.2467251212797
-30.629538516827683,-61.24310694977339
-30.624547416213623,-61.239487561521436
-30.61955631559956,-61.23586695619899
-30.6145652149855,-61.23224513348132
-30.609574114371437,-61.22862209304352
-30.604583013757377,-61.22499783456072
-30.599591913143314,-61.221372357707956
-30.594600812529254,-61.21774566216008
-30.58960971191519,-61.21411774759198
-30.58461861130113,-61.210488613678564
-30.579627510687068,-61.2068582600946
-30.57463641007301,-61.203226686514725
-30.569645309458945,-61.19959389261362
-30.564654208844885,-61.195959878065885
-30.559663108230822,-61.19232464254593
-30.554672007616762,-61.18868818572842
-30.549680907002703,-61.185050507287606
-30.54468980638864,-61.18141160689785
-30.53969870577458,-61.17777148423346
-30.534707605160516,-61.17413013896861
-30.529716504546457,-61.17048757077747
-30.524725403932393,-61.16684377933416
-30.519734303318334,-61.16319876431271
-30.51474320270427,-61.159552525386964
-30.50975210209021,-61.15590506223102
-30.504761001476147,-61.15225637451861
-30.499769900862088,-61.1486064619236
-30.494778800248024,-61.144955324119614
-30.489787699633965,-61.14130296078042
-30.4847965990199,-61.13764937157958
-30.47980549840584,-61.13399455619055
-30.47481439779178,-61.13033851428696
-30.46982329717772,-61.126681245542166
-30.464832196563655,-61.1230227496295
-30.459841095949596,-61.11936302622224
-30.454849995335536,-61.11570207499367
-30.449858894721473,-61.11203989561693
-30.444867794107413,-61.108376487765184
-30.43987669349335,-61.10471185111143
-30.43488559287929,-61.10104598532866
-30.429894492265227,-61.09737889008985
-30.424903391651167,-61.0937105650678
-30.419912291037104,-61.09004100993537
-30.414921190423044,-61.086370224365304
-30.40993008980898,-61.082698208030195
-30.40493898919492,-61.07902496060278
-30.399947888580858,-61.075350481755635
-30.394956787966798,-61.07167477116115
-30.389965687352735,-61.06799782849177
-30.384974586738675,-61.06431965341993
-30.379983486124612,-61.06064024561793
-30.374992385510552,-61.05695960475802
-30.37000128489649,-61.05327773051242
-30.36501018428243,-61.0495946225532
-30.360019083668366,-61.04591028055247
-30.355027983054306,-61.04222470418222
-30.350036882440246,-61.03853789311447
-30.345045781826183,-61.03484984702096
-30.340054681212123,-61.03116056557367
-30.33506358059806,-61.027470048444265
-30.330072479984,-61.02377829530444
-30.325081379369937,-61.020085305825894
-30.320090278755877,-61.01639107968016
-30.315099178141814,-61.01269561653875
-30.310108077527754,-61.00899891607325
-30.30511697691369,-61.00530097795486
-30.30012587629963,-61.00160180185499
-30.29513477568557,-60.997901387444934
-30.29014367507151,-60.99419973439585
-30.285152574457445,-60.99049684237898
-30.280161473843386,-60.986792711065334
-30.275170373229322,-60.98308734012594
-30.270179272615263,-60.979380729231856
-30.2651881720012,-60.97567287805387
-30.26019707138714,-60.97196378626285
-30.25520597077308,-60.968253453529634
-30.250214870159017,-60.96454187952488
-30.245223769544957,-60.960829063919256
-30.240232668930894,-60.957115006383376
-30.235241568316834,-60.95339970658776
-30.23025046770277,-60.94968316420292
-30.22525936708871,-60.94596537889922
-30.220268266474648,-60.94224635034699
-30.215277165860588,-60.93852607821656
-30.210286065246525,-60.93480456217824
-30.205294964632465,-60.93108180190204
-30.2003038640184,-60.92735779705814
-30.195312763404342,-60.92363254731657
-30.19032166279028,-60.91990605234734
-30.18533056217622,-60.91617831182036
-30.180339461562156,-60.91244932540545
-30.175348360948096,-60.90871909277249
-30.170357260334033,-60.904987613591146
-30.165366159719973,-60.90125488753109
-30.16037505910591,-60.897520914261925
-30.15538395849185,-60.89378569345325
-30.15039285787779,-60.89004922477459
-30.145401757263727,-60.886311507895286
-30.140410656649667,-60.88257254248478
-30.135419556035604,-60.87883232821231
-30.130428455421544,-60.87509086474714
-30.12543735480748,-60.87134815175849
-30.12044625419342,-60.86760418891545
-30.115455153579358,-60.86385897588712
-30.1104640529653,-60.86011251234238
-30.105472952351235,-60.856364797950334
-30.100481851737175,-60.85261583237977
-30.095490751123112,-60.84886561529946
-30.090499650509052,-60.84511414637828
-30.08550854989499,-60.8413614252848
-30.08051744928093,-60.83760745168765
-30.075526348666866,-60.83385222525557
-30.070535248052806,-60.830095745656855
-30.065544147438743,-60.82633801256002
-30.060553046824683,-60.82257902563353
-30.055561946210624,-60.81881878454561
-30.05057084559656,-60.81505728896461
-30.0455797449825,-60.8112945385586
-30.040588644368437,-60.80753053299581
-30.035597543754378,-60.80376527194433
-30.030606443140314,-60.79999875507217
-30.025615342526255,-60.796230982047184
-30.02062424191219,-60.79246195253736
-30.01563314129813,-60.78869166621059
-30.01064204068407,-60.78492012273449
-30.00565094007001,-60.781147321776814
-30.000659839455945,-60.7773732630053
-29.995668738841886,-60.77359794608741
-29.990677638227822,-60.769821370690735
-29.985686537613763,-60.766043536482805
-29.9806954369997,-60.762264443130825
-29.97570433638564,-60.75848409030224
-29.970713235771576,-60.754702477664445
-29.965722135157517,-60.75091960488444
-29.960731034543453,-60.74713547162953
-29.955739933929394,-60.743350077566696
-29.950748833315334,-60.73956342236312
-29.94575773270127,-60.73577550568561
-29.94076663208721,-60.731986327201234
-29.935775531473148,-60.72819588657665
-29.930784430859088,-60.72440418347883
-29.925793330245025,-60.720611217574366
-29.920802229630965,-60.716816988529935
-29.9158111290169,-60.713021496012246
-29.910820028402842,-60.70922473968772
-29.90582892778878,-60.705426719222864
-29.90083782717472,-60.70162743428407
-29.895846726560656,-60.69782688453781
-29.890855625946596,-60.69402506965023
-29.885864525332533,-60.690221989287615
-29.880873424718473,-60.68641764311614
-29.87588232410441,-60.68261203080193
-29.87089122349035,-60.678805152010945
-29.865900122876287,-60.674997006409356
-29.860909022262227,-60.6711875936629
-29.855917921648167,-60.66737691343749
-29.850926821034104,-60.66356496539893
-29.845935720420044,-60.65975174921296
-29.84094461980598,-60.6559372645453
-29.83595351919192,-60.65212151106151
-29.830962418577858,-60.648304488427165
-29.8259713179638,-60.64448619630775
-29.820980217349735,-60.64066663436872
-29.815989116735675,-60.636845802275396
-29.810998016121612,-60.63302369969312
-29.806006915507552,-60.62920032628716
-29.80101581489349,-60.625375681722616
-29.79602471427943,-60.621549765664646
-29.791033613665366,-60.61772257777834
-29.786042513051306,-60.61389411772877
-29.781051412437243,-60.61006438518067
-29.776060311823183,-60.60623337979912
-29.77106921120912,-60.602401101248795
-29.76607811059506,-60.5985675491945
-29.761087009980997,-60.59473272330091
-29.756095909366937,-60.59089662323269
-29.751104808752878,-60.587059248654434
-29.746113708138815,-60.58322059923053
-29.741122607524755,-60.57938067462552
-29.73613150691069,-60.575539474503785
-29.731140406296632,-60.57169699852952
-29.72614930568257,-60.56785324636718
-29.72115820506851,-60.56400821768082
-29.716167104454446,-60.56016191213465
-29.711176003840386,-60.55631432939273
-29.706184903226323,-60.552465469119014
-29.701193802612263,-60.548615330977555
-29.6962027019982,-60.54476391463212
-29.69121160138414,-60.54091121974667
-29.686220500770077,-60.53705724598488
-29.681229400156017,-60.533201993010536
-29.676238299541954,-60.529345460487136
-29.671247198927894,-60.52548764807841
-29.66625609831383,-60.52162855544778
-29.66126499769977,-60.51776818225879
-29.65627389708571,-60.51390652817475
-29.651282796471648,-60.51004359285905
-29.646291695857588,-60.50617937597494
-29.641300595243525,-60.502313877185664
-29.636309494629465,-60.498447096154344
-29.631318394015402,-60.494579032544024
-29.626327293401342,-60.49070968601786
-29.62133619278728,-60.486839056238615
-29.61634509217322,-60.48296714286941
-29.611353991559156,-60.47909394557296
-29.606362890945096,-60.47521946401209
-29.601371790331033,-60.47134369784952
-29.596380689716973,-60.46746664674786
-29.59138958910291,-60.46358831036973
-29.58639848848885,-60.45970868837764
-29.581407387874787,-60.4558277804342
-29.576416287260727,-60.45194558620156
-29.571425186646664,-60.44806210534228
-29.566434086032604,-60.444177337518575
-29.56144298541854,-60.44029128239271
-29.55645188480448,-60.43640393962682
-29.55146078419042,-60.432515308883
-29.54646968357636,-60.428625389823225
-29.5414785829623,-60.424734182109596
-29.536487482348235,-60.42084168540396
-29.531496381734176,-60.41694789936817
-29.526505281120112,-60.41305282366407
-29.521514180506053,-60.409156457953344
-29.51652307989199,-60.405258801897624
-29.51153197927793,-60.40135985515858
-29.506540878663866,-60.39745961739776
-29.501549778049807,-60.39355808827661
-29.496558677435743,-60.3896552674566
-29.491567576821684,-60.38575115459907
-29.48657647620762,-60.3818457493653
-29.48158537559356,-60.377939051416554
-29.476594274979497,-60.37403106041396
-29.471603174365438,-60.370121776018664
-29.466612073751374,-60.36621119789179
-29.461620973137315,-60.362299325694224
-29.45662987252325,-60.358386159086905
-29.45163877190919,-60.35447169773074
-29.446647671295132,-60.3505559412865
-29.44165657068107,-60.346638889415004
-29.43666547006701,-60.34272054177685
-29.431674369452946,-60.33880089803266
-29.426683268838886,-60.334879957843
-29.421692168224823,-60.33095772086847
-29.416701067610763,-60.32703418676935
-29.4117099669967,-60.3231093552061
-29.40671886638264,-60.31918322583905
-29.401727765768577,-60.315255798328295
-29.396736665154517,-60.3113270723343
-29.391745564540454,-60.3073970475169
-29.386754463926394,-60.30346572353639
-29.38176336331233,-60.299533100052635
-29.37677226269827,-60.29559917672562
-29.371781162084208,-60.29166395321524
-29.366790061470148,-60.287727429181224
-29.361798960856085,-60.283789604283506
-29.356807860242025,-60.27985047818156
-29.351816759627965,-60.27591005053522
-29.346825659013902,-60.271968321003904
-29.341834558399842,-60.268025289247184
-29.33684345778578,-60.26408095492453
-29.33185235717172,-60.260135317695266
-29.326861256557656,-60.25618837721875
-29.321870155943596,-60.25224013315428
-29.316879055329533,-60.24829058516108
-29.311887954715473,-60.24433973289811
-29.30689685410141,-60.24038757602454
-29.30190575348735,-60.236434114199504
-29.296914652873287,-60.23247934708181
-29.291923552259227,-60.22852327433037
-29.286932451645164,-60.22456589560408
-29.281941351031104,-60.22060721056165
-29.27695025041704,-60.21664721886183
-29.27195914980298,-60.21268592016319
-29.266968049188918,-60.20872331412439
-29.26197694857486,-60.204759400403894
-29.256985847960795,-60.2007941786602
-29.251994747346735,-60.19682764855166
-29.247003646732676,-60.192859809736674
-29.242012546118612,-60.18889066187349
-29.237021445504553,-60.184920204620305
-29.23203034489049,-60.18094843763518
-29.22703924427643,-60.17697536057635
-29.222048143662366,-60.173000973101765
-29.217057043048307,-60.169025274869426
-29.212065942434243,-60.1650482655372
-29.207074841820184,-60.16106994476294
-29.20208374120612,-60.15709031220445
-29.19709264059206,-60.15310936751936
-29.192101539977998,-60.14912711036548
-29.187110439363938,-60.14514354040027
-29.182119338749875,-60.141158657281224
-29.177128238135815,-60.137172460665894
-29.17213713752175,-60.13318495021177
-29.167146036907692,-60.12919612557606
-29.16215493629363,-60.12520598641609
-29.15716383567957,-60.12121453238908
-29.15217273506551,-60.11722176315224
-29.147181634451446,-60.113227678362584
-29.142190533837386,-60.109232277677236
-29.137199433223323,-60.10523556075308
-29.132208332609263,-60.1012375272471
-29.1272172319952,-60.097238176816056
-29.12222613138114,-60.093237509116854
-29.117235030767077,-60.08923552380617
-29.112243930153017,-60.08523222054061
-29.107252829538954,-60.08122759897685
-29.102261728924894,-60.07722165877145
-29.09727062831083,-60.073214399580884
-29.09227952769677,-60.06920582106148
-29.087288427082708,-60.06519592286965
-29.082297326468648,-60.06118470466171
-29.077306225854585,-60.05717216609383
-29.072315125240525,-60.05315830682224
-29.067324024626462,-60.049143126503054
-29.062332924012402,-60.04512662479235
-29.05734182339834,-60.04110880134601
-29.05235072278428,-60.03708965582
-29.04735962217022,-60.03306918787019
-29.042368521556156,-60.02904739715236
-29.037377420942097,-60.02502428332226
-29.032386320328033,-60.02099984603566
-29.027395219713974,-60.01697408494796
-29.02240411909991,-60.01294699971491
-29.01741301848585,-60.00891858999189
-29.012421917871787,-60.00488885543437
-29.007430817257728,-60.00085779569776
-29.002439716643664,-59.9968254104372
-28.997448616029605,-59.992791699308185
-28.99245751541554,-59.98875666196565
-28.98746641480148,-59.98472029806489
-28.98247531418742,-59.98068260726081
-28.97748421357336,-59.97664358920856
-28.972493112959295,-59.97260324356292
-28.967502012345236,-59.9685615699789
-28.962510911731172,-59.96451856811118
-28.957519811117113,-59.96047423761462
-28.952528710503053,-59.95642857814387
-28.94753760988899,-59.952381589353564
-28.94254650927493,-59.94833327089818
-28.937555408660867,-59.94428362243229
-28.932564308046807,-59.940232643610294
-28.927573207432744,-59.936180334086735
-28.922582106818684,-59.93212669351567
-28.91759100620462,-59.92807172155147
-28.91259990559056,-59.92401541784835
-28.907608804976498,-59.91995778206036
-28.902617704362438,-59.91589881384168
-28.897626603748375,-59.91183851284621
-28.892635503134315,-59.90777687872796
-28.88764440252025,-59.90371391114073
-28.882653301906192,-59.89964960973847
-28.87766220129213,-59.8955839741748
-28.87267110067807,-59.891517004103484
-28.867680000064006,-59.887448699178194
-28.862688899449946,-59.883379059052395
-28.857697798835883,-59.87930808337958
-28.852706698221823,-59.875235771813365
-28.847715597607763,-59.87116212400705
-28.8427244969937,-59.86708713961387
-28.83773339637964,-59.86301081828721
-28.832742295765577,-59.8589331596802
-28.827751195151517,-59.854854163445985
-28.822760094537454,-59.85077382923768
-28.817768993923394,-59.84669215670828
-28.81277789330933,-59.842609145510686
-28.80778679269527,-59.83852479529784
-28.802795692081208,-59.83443910572257
-28.79780459146715,-59.83035207643759
-28.792813490853085,-59.82626370709568
-28.787822390239025,-59.82217399734946
-28.782831289624962,-59.81808294685144
-28.777840189010902,-59.81399055525427
-28.77284908839684,-59.80989682221021
-28.76785798778278,-59.80580174737183
-28.762866887168716,-59.801705330391435
-28.757875786554656,-59.797607570921244
-28.752884685940597,-59.793508468613496
-28.747893585326533,-59.7894080231203
-28.742902484712474,-59.78530623409372
-28.73791138409841,-59.781203101185866
-28.73292028348435,-59.77709862404867
-28.727929182870287,-59.77299280233402
-28.722938082256228,-59.768885635693714
-28.717946981642164,-59.76477712377953
-28.712955881028105,-59.76066726624326
-28.70796478041404,-59.75655606273647
-28.70297367979998,-59.75244351291078
-28.69798257918592,-59.7483296164178
-28.69299147857186,-59.74421437290885
-28.688000377957795,-59.74009778203539
-28.683009277343736,-59.73597984344873
-28.678018176729672,-59.73186055680026
-28.673027076115613,-59.72773992174107
-28.66803597550155,-59.723617937922356
-28.66304487488749,-59.71949460499526
-28.658053774273426,-59.7153699226107
-28.653062673659367,-59.71124389041977
-28.648071573045307,-59.707116508073305
-28.643080472431244,-59.70298777522218
-28.638089371817184,-59.69885769151716
-28.63309827120312,-59.694726256608924
-28.62810717058906,-59.690593470148244
-28.623116069974998,-59.68645933178563
-28.618124969360938,-59.68232384117155
-28.613133868746875,-59.678186997956686
-28.608142768132815,-59.674048801791244
-28.603151667518752,-59.66990925232565
-28.598160566904692,-59.66576834921018
-28.59316946629063,-59.661626092095126
-28.58817836567657,-59.65748248063058
-28.583187265062506,-59.653337514466635
-28.578196164448446,-59.64919119325332
-28.573205063834383,-59.645043516640705
-28.568213963220323,-59.64089448427862
-28.56322286260626,-59.63674409581694
-28.5582317619922,-59.632592350905455
-28.55324066137814,-59.62843924919388
-28.548249560764077,-59.624284790331934
-28.543258460150017,-59.62012897396915
-28.538267359535954,-59.6159717997551
-28.533276258921894,-59.61181326733921
-28.52828515830783,-59.60765337637102
-28.52329405769377,-59.6034921264998
-28.518302957079708,-59.599329517374905
-28.51331185646565,-59.59516554864547
-28.508320755851585,-59.591000219960776
-28.503329655237525,-59.58683353096984
-28.498338554623462,-59.58266548132176
-28.493347454009402,-59.5784960706655
-28.48835635339534,-59.574325298650045
-28.48336525278128,-59.57015316492411
-28.478374152167216,-59.56597966913661
-28.473383051553157,-59.561804810936266
-28.468391950939093,-59.55762858997173
-28.463400850325034,-59.55345100589164
-28.45840974971097,-59.54927205834444
-28.45341864909691,-59.54509174697883
-28.44842754848285,-59.54091007144299
-28.443436447868788,-59.53672703138544
-28.438445347254728,-59.53254262645451
-28.433454246640665,-59.52835685629836
-28.428463146026605,-59.52416972056513
-28.42347204541254,-59.519981218903
-28.418480944798482,-59.515791350959994
-28.41348984418442,-59.511600116384166
-28.40849874357036,-59.50740751482341
-28.403507642956296,-59.503213545925504
-28.398516542342236,-59.49901820933842
-28.393525441728173,-59.49482150470976
-28.388534341114113,-59.490623431687276
-28.38354324050005,-59.4864239899186
-28.37855213988599,-59.48222317905123
-28.373561039271927,-59.47802099873269
-28.368569938657867,-59.47381744861042
-28.363578838043804,-59.46961252833177
-28.358587737429744,-59.46540623754408
-28.353596636815684,-59.46119857589457
-28.34860553620162,-59.456989543030446
-28.34361443558756,-59.452779138598764
-28.338623334973498,-59.448567362246706
-28.33363223435944,-59.444354213621146
-28.328641133745375,-59.44013969236915
-28.323650033131315,-59.43592379813748
-28.318658932517252,-59.43170653057294
-28.313667831903192,-59.42748788932238
-28.30867673128913,-59.42326787403236
-28.30368563067507,-59.419046484349714
-28.298694530061006,-59.41482371992077
-28.293703429446946,-59.41059958039217
-28.288712328832883,-59.40637406541034
-28.283721228218823,-59.40214717462158
-28.27873012760476,-59.39791890767228
-28.2737390269907,-59.39368926420868
-28.268747926376637,-59.389458243877
-28.263756825762577,-59.38522584632331
-28.258765725148514,-59.38099207119368
-28.253774624534454,-59.37675691813416
-28.248783523920395,-59.37252038679066
-28.24379242330633,-59.36828247680908
-28.23880132269227,-59.36404318783516
-28.23381022207821,-59.35980251951482
-28.22881912146415,-59.355560471493604
-28.223828020850085,-59.3513170434172
-28.218836920236026,-59.347072234931254
-28.213845819621962,-59.34282604568112
-28.208854719007903,-59.338578475312346
-28.20386361839384,-59.33432952347025
-28.19887251777978,-59.33007918980027
-28.193881417165716,-59.325827473947534
-28.188890316551657,-59.32157437555732
-28.183899215937593,-59.31731989427475
-28.178908115323534,-59.31306402974483
-28.17391701470947,-59.3088067816127
-28.16892591409541,-59.30454814952325
-28.163934813481347,-59.300288133121356
-28.158943712867288,-59.296026732051814
-28.153952612253224,-59.29176394595941
-28.148961511639165,-59.28749977448887
-28.143970411025105,-59.28323421728484
-28.13897931041104,-59.27896727399184
-28.133988209796982,-59.27469894425441
-28.12899710918292,-59.27042922771707
-28.12400600856886,-59.266158124024095
-28.119014907954796,-59.26188563281987
-28.114023807340736,-59.257611753748655
-28.109032706726673,-59.25333648645466
-28.104041606112613,-59.249059830582034
-28.09905050549855,-59.24478178577485
-28.09405940488449,-59.2405023516771
-28.089068304270427,-59.23622152793277
-28.084077203656367,-59.231939314185766
-28.079086103042304,-59.227655710079894
-28.074095002428244,-59.22337071525891
-28.06910390181418,-59.219084329366545
-28.06411280120012,-59.21479655204649
-28.059121700586058,-59.21050738294219
-28.054130599971998,-59.20621682169723
-28.04913949935794,-59.2019248679552
-28.044148398743875,-59.197631521359305
-28.039157298129815,-59.193336781552965
-28.034166197515752,-59.18904064817947
-28.029175096901692,-59.18474312088202
-28.02418399628763,-59.18044419930373
-28.01919289567357,-59.17614388308768
-28.014201795059506,-59.17184217187695
-28.009210694445446,-59.16753906531443
-28.004219593831383,-59.16323456304303
-27.999228493217323,-59.15892866470569
-27.99423739260326,-59.154621369945076
-27.9892462919892,-59.15031267840394
-27.984255191375137,-59.14600258972492
-27.979264090761077,-59.14169110355059
-27.974272990147014,-59.13737821952352
-27.969281889532954,-59.13306393728615
-27.96429078891889,-59.12874825648089
-27.95929968830483,-59.124431176750036
-27.954308587690768,-59.12011269773596
-27.94931748707671,-59.11579281908078
-27.94432638646265,-59.111471540426685
-27.939335285848585,-59.107148861415766
-27.934344185234526,-59.10282478169008
-27.929353084620463,-59.09849930089155
-27.924361984006403,-59.094172418662076
-27.91937088339234,-59.08984413464361
-27.91437978277828,-59.08551444847776
-27.909388682164217,-59.081183359806374
-27.904397581550157,-59.076850868271045
-27.899406480936094,-59.072516973513345
-27.894415380322034,-59.06818167517491
-27.88942427970797,-59.063844972897094
-27.88443317909391,-59.05950686632142
-27.879442078479848,-59.05516735508906
-27.874450977865788,-59.050826438841476
-27.869459877251725,-59.04648411721982
-27.864468776637665,-59.042140389865224
-27.8594776760236,-59.03779525641884
-27.854486575409542,-59.033448716521676
-27.849495474795482,-59.029100769814676
-27.84450437418142,-59.02475141593876
-27.83951327356736,-59.02040065453482
-27.834522172953296,-59.01604848524357
-27.829531072339236,-59.01169490770582
-27.824539971725173,-59.00733992156213
-27.819548871111113,-59.002983526453214
-27.81455777049705,-58.99862572201954
-27.80956666988299,-58.99426650790155
-27.804575569268927,-58.98990588373972
-27.799584468654867,-58.985543849174356
-27.794593368040804,-58.98118040384581
-27.789602267426744,-58.976815547394224
-27.78461116681268,-58.97244927945982
-27.77962006619862,-58.968081599682655
-27.774628965584558,-58.96371250770283
-27.7696378649705,-58.95934200316026
-27.764646764356435,-58.95497008569489
-27.759655663742375,-58.95059675494659
-27.754664563128312,-58.94622201055509
-27.749673462514252,-58.941845852160206
-27.744682361900193,-58.93746827940154
-27.73969126128613,-58.93308929191873
-27.73470016067207,-58.92870888935129
-27.729709060058006,-58.92432707133866
-27.724717959443947,-58.91994383752036
-27.719726858829883,-58.915559187535656
-27.714735758215824,-58.91117312102391
-27.70974465760176,-58.90678563762429
-27.7047535569877,-58.90239673697602
-27.699762456373637,-58.89800641871816
-27.694771355759578,-58.893614682489776
-27.689780255145514,-58.88922152792986
-27.684789154531455,-58.88482695467732
-27.67979805391739,-58.88043096237095
-27.67480695330333,-58.876033550649666
-27.66981585268927,-58.87163471915213
-27.66482475207521,-58.867234467517015
-27.659833651461145,-58.86283279538296
-27.654842550847086,-58.858429702388506
-27.649851450233026,-58.85402518817205
-27.644860349618963,-58.84961925237214
-27.639869249004903,-58.84521189462708
-27.63487814839084,-58.84080311457517
-27.62988704777678,-58.8363929118546
-27.624895947162717,-58.83198128610366
-27.619904846548657,-58.82756823696032
-27.614913745934594,-58.82315376406278
-27.609922645320534,-58.818737867048874
-27.60493154470647,-58.81432054555658
-27.59994044409241,-58.80990179922383
-27.594949343478348,-58.80548162768834
-27.589958242864288,-58.80106003058788
-27.584967142250225,-58.796637007560136
-27.579976041636165,-58.792212558242696
-27.5749849410221,-58.78778668227313
-27.569993840408042,-58.78335937928889
-27.56500273979398,-58.77893064892747
-27.56001163917992,-58.774500490826156
-27.555020538565856,-58.770068904622285
-27.550029437951796,-58.7656358899531
-27.545038337337736,-58.76120144645585
-27.540047236723673,-58.75676557376751
-27.535056136109613,-58.752328271525194
-27.53006503549555,-58.74788953936595
-27.52507393488149,-58.74344937692664
-27.520082834267427,-58.73900778384413
-27.515091733653367,-58.73456475975523
-27.510100633039304,-58.73012030429668
-27.505109532425244,-58.725674417105246
-27.50011843181118,-58.72122709781743
-27.49512733119712,-58.71677834606979
-27.490136230583058,-58.71232816149891
-27.485145129969,-58.70787654374118
-27.480154029354935,-58.7034234924329
-27.475162928740875,-58.698969007210486
-27.470171828126812,-58.69451308771009
-27.465180727512752,-58.69005573356795
-27.46018962689869,-58.68559694442018
-27.45519852628463,-58.681136719902824
-27.45020742567057,-58.67667505965184
-27.445216325056506,-58.672211963303184
-27.440225224442447,-58.66774743049277
-27.435234123828383,-58.66328146085642
-27.430243023214324,-58.658814054029754
-27.42525192260026,-58.65434520964862
-27.4202608219862,-58.64987492734852
-27.415269721372137,-58.64540320676503
-27.410278620758078,-58.64093004753367
-27.405287520144014,-58.636455449289926
-27.400296419529955,-58.63197941166904
-27.39530531891589,-58.62750193430646
-27.39031421830183,-58.62302301683736
-27.38532311768777,-58.61854265889689
-27.38033201707371,-58.61406086012029
-27.375340916459646,-58.60957762014251
-27.370349815845586,-58.605092938598595
-27.365358715231523,-58.60060681512351
-27.360367614617463,-58.59611924935206
-27.3553765140034,-58.591630240919095
-27.35038541338934,-58.587139789459385
-27.34539431277528,-58.58264789460764
-27.340403212161217,-58.57815455599832
-27.335412111547157,-58.57365977326617
-27.330421010933094,-58.569163546045644
-27.325429910319034,-58.564665873971165
-27.32043880970497,-58.56016675667713
-27.31544770909091,-58.55566619379779
-27.310456608476848,-58.551164184967504
-27.305465507862788,-58.546660729820324
-27.300474407248725,-58.54215582799051
-27.295483306634665,-58.53764947911205
-27.290492206020602,-58.53314168281893
-27.285501105406542,-58.52863243874515
-27.28051000479248,-58.52412174652456
-27.27551890417842,-58.519609605791025
-27.270527803564356,-58.51509601617821
-27.265536702950296,-58.51058097731984
-27.260545602336233,-58.506064488849574
-27.255554501722173,-58.50154655040095
-27.250563401108113,-58.497027161607484
-27.24557230049405,-58.492506322102614
-27.24058119987999,-58.4879840315197
-27.235590099265927,-58.4834602894921
-27.230598998651868,-58.478935095653014
-27.225607898037804,-58.47440844963572
-27.220616797423745,-58.469880351073265
-27.21562569680968,-58.46535079959878
-27.21063459619562,-58.46081979484523
-27.20564349558156,-58.456287336445556
-27.2006523949675,-58.4517534240327
-27.195661294353435,-58.44721805723939
-27.190670193739376,-58.44268123569847
-27.185679093125312,-58.43814295904253
-27.180687992511253,-58.433603226904324
-27.17569689189719,-58.429062038916335
-27.17070579128313,-58.42451939471114
-27.165714690669066,-58.419975293921105
-27.160723590055007,-58.415429736178666
-27.155732489440943,-58.410882721116145
-27.150741388826884,-58.40633424836581
-27.145750288212824,-58.401784317559766
-27.14075918759876,-58.39723292833029
-27.1357680869847,-58.39268008030936
-27.130776986370638,-58.38812577312899
-27.125785885756578,-58.38357000642112
-27.120794785142515,-58.379012779817685
-27.115803684528455,-58.374454092950465
-27.11081258391439,-58.36989394545127
-27.105821483300332,-58.365332336951774
-27.10083038268627,-58.36076926708357
-27.09583928207221,-58.3562047354783
-27.090848181458146,-58.35163874176741
-27.085857080844086,-58.34707128558242
-27.080865980230023,-58.34250236655461
-27.075874879615963,-58.33793198431543
-27.0708837790019,-58.333360138496055
-27.06589267838784,-58.32878682872776
-27.060901577773777,-58.324212054641585
-27.055910477159717,-58.31963581586868
-27.050919376545657,-58.31505811204001
-27.045928275931594,-58.31047894278659
-27.040937175317534,-58.30589830773923
-27.03594607470347,-58.30131620652885
-27.03095497408941,-58.296732638786104
-27.025963873475348,-58.29214760414174
-27.02097277286129,-58.28756110222643
-27.015981672247225,-58.282973132670705
-27.010990571633165,-58.27838369510514
-27.005999471019102,-58.273792789160126
-27.001008370405042,-58.26920041446606
-26.99601726979098,-58.26460657065337
-26.99102616917692,-58.26001125735211
-26.986035068562856,-58.25541447419268
-26.981043967948796,-58.25081622080515
-26.976052867334733,-58.2462164968196
-26.971061766720673,-58.24161530186601
-26.96607066610661,-58.237012635574416
-26.96107956549255,-58.23240849757466
-26.956088464878487,-58.227802887496544
-26.951097364264427,-58.22319580496985
-26.946106263650368,-58.21858724962438
-26.941115163036304,-58.21397722108957
-26.936124062422245,-58.209365718995215
-26.93113296180818,-58.2047527429707
-26.92614186119412,-58.20013829264554
-26.92115076058006,-58.195522367649055
-26.916159659966,-58.19090496761069
-26.911168559351935,-58.18628609215962
-26.906177458737876,-58.1816657409251
-26.901186358123812,-58.177043913536245
-26.896195257509753,-58.17242060962218
-26.89120415689569,-58.167795828811855
-26.88621305628163,-58.16316957073428
-26.881221955667566,-58.15854183501834
-26.876230855053507,-58.153912621292896
-26.871239754439443,-58.14928192918666
-26.866248653825384,-58.14464975832832
-26.86125755321132,-58.14001610834659
-26.85626645259726,-58.13538097887007
-26.851275351983197,-58.130744369527214
-26.846284251369138,-58.12610627994648
-26.841293150755078,-58.1214667097563
-26.836302050141015,-58.116825658585036
-26.831310949526955,-58.11218312606088
-26.826319848912892,-58.107539111812116
-26.821328748298832,-58.10289361546679
-26.81633764768477,-58.0982466366531
-26.81134654707071,-58.093598174999
-26.806355446456646,-58.088948230132466
-26.801364345842586,-58.08429680168144
-26.796373245228523,-58.07964388927367
-26.791382144614463,-58.07498949253699
-26.7863910440004,-58.070333611099144
-26.78139994338634,-58.06567624458766
-26.776408842772277,-58.06101739263028
-26.771417742158217,-58.056357054854345
-26.766426641544154,-58.051695230887475
-26.761435540930094,-58.047031920357
-26.75644444031603,-58.04236712289028
-26.75145333970197,-58.037700838114574
-26.74646223908791,-58.033033065657065
-26.741471138473848,-58.02836380514496
-26.73648003785979,-58.0236930562053
-26.731488937245725,-58.01902081846514
-26.726497836631665,-58.014347091551365
-26.721506736017602,-58.00967187509099
-26.716515635403542,-58.004995168710835
-26.71152453478948,-58.00031697203764
-26.70653343417542,-57.99563728469805
-26.701542333561356,-57.990956106318826
-26.696551232947296,-57.98627343652655
-26.691560132333233,-57.98158927494774
-26.686569031719173,-57.97690362120883
-26.68157793110511,-57.97221647493617
-26.67658683049105,-57.967527835756215
-26.671595729876987,-57.96283770329514
-26.666604629262928,-57.95814607717921
-26.661613528648864,-57.953452957034614
-26.656622428034805,-57.94875834248737
-26.65163132742074,-57.94406223316353
-26.64664022680668,-57.93936462868905
-26.641649126192622,-57.934665528689855
-26.63665802557856,-57.929964932791826
-26.6316669249645,-57.92526284062067
-26.626675824350436,-57.920559251802125
-26.621684723736376,-57.915854165961846
-26.616693623122313,-57.91114758272542
-26.611702522508253,-57.906439501718374
-26.60671142189419,-57.90172992256622
-26.60172032128013,-57.897018844894276
-26.596729220666067,-57.892306268327964
-26.591738120052007,-57.88759219249247
-26.586747019437944,-57.88287661701312
-26.581755918823884,-57.87815954151505
-26.57676481820982,-57.87344096562333
-26.57177371759576,-57.86872088896292
-26.566782616981698,-57.8639993111589
-26.561791516367638,-57.859276231836134
-26.556800415753575,-57.85455165061942
-26.551809315139515,-57.849825567133635
-26.546818214525455,-57.84509798100337
-26.541827113911392,-57.840368891853394
-26.536836013297332,-57.835638299308215
-26.53184491268327,-57.83090620299249
-26.52685381206921,-57.82617260253059
-26.521862711455146,-57.82143749754691
-26.516871610841086,-57.81670088766584
-26.511880510227023,-57.81196277251161
-26.506889409612963,-57.807223151708484
-26.5018983089989,-57.802482024880604
-26.49690720838484,-57.79773939165206
-26.491916107770777,-57.79299525164693
-26.486925007156717,-57.78824960448919
-26.481933906542654,-57.783502449802675
-26.476942805928594,-57.77875378721127
-26.47195170531453,-57.774003616338774
-26.46696060470047,-57.76925193680883
-26.461969504086408,-57.76449874824515
-26.45697840347235,-57.75974405027137
-26.451987302858285,-57.75498784251101
-26.446996202244225,-57.75023012458749
-26.442005101630166,-57.74547089612429
-26.437014001016102,-57.7407101567447
-26.432022900402043,-57.735947906071985
-26.42703179978798,-57.731184143729436
-26.42204069917392,-57.726418869340144
-26.417049598559856,-57.721652082527264
-26.412058497945797,-57.71688378291388
-26.407067397331733,-57.712113970122886
-26.402076296717674,-57.70734264377712
-26.39708519610361,-57.70256980349955
-26.39209409548955,-57.69779544891292
-26.387102994875487,-57.69301957963994
-26.382111894261428,-57.68824219530334
-26.377120793647364,-57.68346329552563
-26.372129693033305,-57.67868287992937
-26.36713859241924,-57.67390094813712
-26.36214749180518,-57.66911749977115
-26.35715639119112,-57.664332534453955
-26.35216529057706,-57.65954605180772
-26.347174189963,-57.65475805145469
-26.342183089348936,-57.64996853301702
-26.337191988734876,-57.6451774961169
-26.332200888120813,-57.640384940376165
-26.327209787506753,-57.635590865416965
-26.32221868689269,-57.630795270861235
-26.31722758627863,-57.625998156330695
-26.312236485664567,-57.62119952144727
-26.307245385050507,-57.61639936583252
-26.302254284436444,-57.61159768910825
-26.297263183822384,-57.606794490896036
-26.29227208320832,-57.60198977081735
-26.28728098259426,-57.59718352849367
-26.282289881980198,-57.592375763546556
-26.277298781366138,-57.58756647559717
-26.272307680752075,-57.58275566426697
-26.267316580138015,-57.57794332917705
-26.262325479523952,-57.57312946994869
-26.257334378909892,-57.56831408620285
-26.25234327829583,-57.56349717756065
-26.24735217768177,-57.558678743643135
-26.24236107706771,-57.55385878407109
-26.237369976453646,-57.54903729846542
-26.232378875839586,-57.544214286446994
-26.227387775225523,-57.5393897476364
-26.222396674611463,-57.534563681654426
-26.2174055739974,-57.529736088121666
-26.21241447338334,-57.524906966658534
-26.207423372769277,-57.52007631688561
-26.202432272155217,-57.51524413842335
-26.197441171541154,-57.510410430892016
-26.192450070927094,-57.50557519391194
-26.18745897031303,-57.50073842710335
-26.18246786969897,-57.495900130086426
-26.177476769084908,-57.491060302481245
-26.17248566847085,-57.48621894390788
-26.167494567856785,-57.48137605398633
-26.162503467242725,-57.476531632336474
-26.157512366628662,-57.47168567857816
-26.152521266014602,-57.46683819233119
-26.147530165400543,-57.461989173215315
-26.14253906478648,-57.45713862085012
-26.13754796417242,-57.45228653485537
-26.132556863558356,-57.44743291485047
-26.127565762944297,-57.44257776045497
-26.122574662330234,-57.43772107128824
-26.117583561716174,-57.432862846969684
-26.11259246110211,-57.42800308711865
-26.10760136048805,-57.42314179135423
-26.102610259873988,-57.41827895929561
-26.097619159259928,-57.41341459056197
-26.092628058645865,-57.40854868477243
-26.087636958031805,-57.4036812415458
-26.08264585741774,-57.398812260501046
-26.077654756803682,-57.39394174125711
-26.07266365618962,-57.38906968343271
-26.06767255557556,-57.38419608664661
-26.062681454961496,-57.37932095051746
-26.057690354347436,-57.374444274663894
-26.052699253733373,-57.369566058704514
-26.047708153119313,-57.36468630225761
-26.042717052505253,-57.35980500494185
-26.03772595189119,-57.3549221663754
-26.03273485127713,-57.35003778617668
-26.027743750663067,-57.345151863963856
-26.022752650049007,-57.34026439935506
-26.017761549434944,-57.335375391968526
-26.012770448820884,-57.3304848414222
-26.00777934820682,-57.3255927473341
-26.00278824759276,-57.32069910932217
-25.997797146978698,-57.31580392700425
-25.992806046364638,-57.3109071999981
-25.987814945750575,-57.30600892792153
-25.982823845136515,-57.30110911039218
-25.977832744522452,-57.29620774702762
-25.972841643908392,-57.29130483744547
-25.96785054329433,-57.286400381263235
-25.96285944268027,-57.28149437809818
-25.957868342066206,-57.27658682756781
-25.952877241452146,-57.271677729289415
-25.947886140838087,-57.266767082880186
-25.942895040224023,-57.26185488795733
-25.937903939609964,-57.256941144137905
-25.9329128389959,-57.25202585103904
-25.92792173838184,-57.247109008277654
-25.922930637767777,-57.24219061547071
-25.917939537153718,-57.23727067223506
-25.912948436539654,-57.23234917818749
-25.907957335925595,-57.227426132944714
-25.90296623531153,-57.222501536123524
-25.89797513469747,-57.21757538734042
-25.89298403408341,-57.21264768621204
-25.88799293346935,-57.207718432354774
-25.883001832855285,-57.20278762538507
-25.878010732241226,-57.197855264919305
-25.873019631627162,-57.19292135057383
-25.868028531013103,-57.18798588196483
-25.86303743039904,-57.183048858708496
-25.85804632978498,-57.17811028042095
-25.853055229170916,-57.17317014671823
-25.848064128556857,-57.16822845721638
-25.843073027942797,-57.16328521153124
-25.838081927328734,-57.158340409278715
-25.833090826714674,-57.15339405007461
-25.82809972610061,-57.14844613353464
-25.82310862548655,-57.143496659274504
-25.818117524872488,-57.13854562690984
-25.813126424258428,-57.13359303605616
-25.808135323644365,-57.12863888632901
-25.803144223030305,-57.123683177343814
-25.79815312241624,-57.118725908715774
-25.793162021802182,-57.11376708006047
-25.78817092118812,-57.10880669099293
-25.78317982057406,-57.10384474112841
-25.778188719959996,-57.09888123008204
-25.773197619345936,-57.093916157468804
-25.768206518731873,-57.08894952290382
-25.763215418117813,-57.08398132600188
-25.75822431750375,-57.07901156637794
-25.75323321688969,-57.07404024364676
-25.74824211627563,-57.06906735742313
-25.743251015661567,-57.0640929073217
-25.738259915047507,-57.05911689295707
-25.733268814433444,-57.054139313943836
-25.728277713819384,-57.04916016989643
-25.72328661320532,-57.044179460429355
-25.71829551259126,-57.03919718515695
-25.713304411977198,-57.03421334369354
-25.70831331136314,-57.02922793565326
-25.703322210749075,-57.024240960650495
-25.698331110135015,-57.01925241829919
-25.693340009520952,-57.014262308213425
-25.688348908906892,-57.00927063000728
-25.68335780829283,-57.00427738329462
-25.67836670767877,-56.9992825676893
-25.673375607064706,-56.9942861828052
-25.668384506450646,-56.989288228256
-25.663393405836583,-56.98428870365542
-25.658402305222523,-56.97928760861706
-25.65341120460846,-56.9742849427545
-25.6484201039944,-56.96928070568123
-25.64342900338034,-56.96427489701065
-25.638437902766277,-56.959267516356164
-25.633446802152218,-56.954258563331045
-25.628455701538154,-56.94924803754862
-25.623464600924095,-56.94423593862192
-25.61847350031003,-56.939222266164236
-25.61348239969597,-56.934207019788566
-25.60849129908191,-56.92919019910785
-25.60350019846785,-56.924171803735106
-25.598509097853785,-56.919151833283166
-25.593517997239726,-56.91413028736482
-25.588526896625662,-56.909107165592886
-25.583535796011603,-56.90408246757995
-25.57854469539754,-56.89905619293871
-25.57355359478348,-56.894028341281654
-25.568562494169417,-56.88899891222138
-25.563571393555357,-56.88396790537028
-25.558580292941294,-56.8789353203407
-25.553589192327234,-56.873901156744985
-25.54859809171317,-56.86886541419535
-25.54360699109911,-56.863828092304004
-25.53861589048505,-56.85878919068308
-25.533624789870988,-56.85374870894459
-25.528633689256928,-56.848706646700656
-25.523642588642865,-56.843663003563066
-25.518651488028805,-56.83861777914376
-25.513660387414742,-56.833570973054606
-25.508669286800682,-56.82852258490725
-25.50367818618662,-56.82347261431344
-25.49868708557256,-56.818421060884766
-25.493695984958496,-56.81336792423282
-25.488704884344436,-56.808313203969135
-25.483713783730373,-56.803256899705055
-25.478722683116313,-56.79819901105206
-25.47373158250225,-56.79313953762137
-25.46874048188819,-56.788078479024314
-25.463749381274127,-56.78301583487203
-25.458758280660067,-56.777951604775666
-25.453767180046004,-56.7728857883463
-25.448776079431944,-56.7678183851949
-25.443784978817884,-56.76274939493243
-25.43879387820382,-56.75767881716973
-25.43380277758976,-56.7526066515177
-25.428811676975698,-56.74753289758702
-25.42382057636164,-56.74245755498836
-25.418829475747575,-56.73738062333244
-25.413838375133516,-56.73230210222977
-25.408847274519452,-56.727221991290804
-25.403856173905393,-56.722140290126084
-25.39886507329133,-56.71705699834596
-25.39387397267727,-56.71197211556069
-25.388882872063206,-56.706885641380495
-25.383891771449147,-56.70179757541569
-25.378900670835083,-56.69670791727638
-25.373909570221024,-56.6916166665726
-25.36891846960696,-56.68652382291435
-25.3639273689929,-56.68142938591152
-25.358936268378837,-56.676333355174116
-25.353945167764778,-56.67123573031186
-25.348954067150714,-56.66613651093454
-25.343962966536655,-56.66103569665183
-25.338971865922595,-56.65593328707342
-25.33398076530853,-56.6508292818088
-25.328989664694472,-56.645723680467505
-25.32399856408041,-56.64061648265903
-25.31900746346635,-56.63550768799265
-25.314016362852286,-56.63039729607775
-25.309025262238226,-56.62528530652361
-25.304034161624163,-56.620171718939396
-25.299043061010103,-56.61505653293424
-25.29405196039604,-56.609939748117164
-25.28906085978198,-56.604821364097276
-25.284069759167917,-56.599701380483424
-25.279078658553857,-56.59457979688455
-25.274087557939794,-56.589456612909466
-25.269096457325734,-56.58433182816692
-25.26410535671167,-56.57920544226559
-25.25911425609761,-56.57407745481412
-25.254123155483548,-56.56894786542109
-25.249132054869488,-56.563816673695044
-25.24414095425543,-56.55868387924435
-25.239149853641365,-56.553549481677436
-25.234158753027305,-56.54841348060268
-25.229167652413242,-56.54327587562824
-25.224176551799182,-56.53813666636239
-25.21918545118512,-56.53299585241317
-25.21419435057106,-56.527853433388756
-25.209203249956996,-56.52270940889712
-25.204212149342936,-56.51756377854617
-25.199221048728873,-56.51241654194387
-25.194229948114813,-56.50726769869798
-25.18923884750075,-56.50211724841629
-25.18424774688669,-56.496965190706504
-25.179256646272627,-56.491811525176196
-25.174265545658567,-56.48665625143305
-25.169274445044504,-56.481499369084446
-25.164283344430444,-56.47634087773794
-25.15929224381638,-56.47118077700088
-25.15430114320232,-56.4660190664806
-25.149310042588258,-56.46085574578435
-25.1443189419742,-56.455690814519315
-25.13932784136014,-56.450524272292654
-25.134336740746075,-56.445356118711445
-25.129345640132016,-56.44018635338272
-25.124354539517952,-56.43501497591341
-25.119363438903893,-56.42984198591036
-25.11437233828983,-56.424667382980445
-25.10938123767577,-56.419491166730474
-25.104390137061706,-56.41431333676706
-25.099399036447647,-56.40913389269682
-25.094407935833583,-56.40395283412646
-25.089416835219524,-56.39877016066238
-25.08442573460546,-56.39358587191108
-25.0794346339914,-56.38839996747899
-25.074443533377337,-56.383212446972344
-25.069452432763278,-56.37802330999748
-25.064461332149214,-56.37283255616057
-25.059470231535155,-56.36764018506774
-25.05447913092109,-56.362446196325045
-25.04948803030703,-56.35725058953862
-25.044496929692972,-56.35205336431436
-25.03950582907891,-56.34685452025811
-25.03451472846485,-56.341654056975734
-25.029523627850786,-56.336451974072965
-25.024532527236726,-56.33124827115556
-25.019541426622663,-56.32604294782915
-25.014550326008603,-56.32083600369932
-25.00955922539454,-56.3156274383715
-25.00456812478048,-56.31041725145128
-24.999577024166417,-56.30520544254396
-24.994585923552357,-56.29999201125493
-24.989594822938294,-56.29477695718939
-24.984603722324234,-56.28956027995262
-24.97961262171017,-56.28434197914973
-24.97462152109611,-56.27912205438576
-24.969630420482048,-56.273900505265786
-24.964639319867988,-56.268677331394784
-24.959648219253925,-56.26345253237753
-24.954657118639865,-56.25822610781898
-24.949666018025802,-56.25299805732383
-24.944674917411742,-56.24776838049688
-24.939683816797682,-56.242537076942746
-24.93469271618362,-56.237304146265906
-24.92970161556956,-56.23206958807102
-24.924710514955496,-56.2268334019624
-24.919719414341436,-56.22159558754459
-24.914728313727373,-56.21635614442187
-24.909737213113313,-56.21111507219852
-24.90474611249925,-56.20587237047864
-24.89975501188519,-56.20062803886651
-24.894763911271127,-56.19538207696621
-24.889772810657067,-56.19013448438166
-24.884781710043004,-56.18488526071692
-24.879790609428944,-56.17963440557583
-24.87479950881488,-56.17438191856231
-24.86980840820082,-56.16912779928003
-24.86481730758676,-56.16387204733273
-24.8598262069727,-56.158614662324105
-24.854835106358635,-56.15335564385768
-24.849844005744576,-56.14809499153699
-24.844852905130516,-56.14283270496553
-24.839861804516453,-56.13756878374672
-24.834870703902393,-56.13230322748382
-24.82987960328833,-56.127036035780215
-24.82488850267427,-56.121767208239
-24.819897402060207,-56.11649674446335
-24.814906301446147,-56.11122464405641
-24.809915200832084,-56.10595090662118
-24.804924100218024,-56.10067553176065
-24.79993299960396,-56.09539851907765
-24.7949418989899,-56.09011986817506
-24.789950798375838,-56.08483957865561
-24.784959697761778,-56.07955765012213
-24.779968597147715,-56.074274082177226
-24.774977496533655,-56.06898887442337
-24.76998639591959,-56.06370202646325
-24.764995295305532,-56.058413537899234
-24.76000419469147,-56.0531234083338
-24.75501309407741,-56.047831637369214
-24.750021993463346,-56.04253822460777
-24.745030892849286,-56.03724316965169
-24.740039792235226,-56.0319464721032
-24.735048691621163,-56.026648131564286
-24.730057591007103,-56.02134814763707
-24.72506649039304,-56.01604651992344
-24.72007538977898,-56.01074324802533
-24.715084289164917,-56.00543833154461
-24.710093188550857,-56.00013177008304
-24.705102087936794,-55.99482356324226
-24.700110987322734,-55.98951371062409
-24.69511988670867,-55.98420221182998
-24.69012878609461,-55.97888906646155
-24.685137685480548,-55.973574274120246
-24.68014658486649,-55.968257834407424
-24.675155484252425,-55.96293974692448
-24.670164383638365,-55.95762001127265
-24.665173283024302,-55.9522986270533
-24.660182182410242,-55.94697559386737
-24.65519108179618,-55.941650911316096
-24.65019998118212,-55.93632457900045
-24.64520888056806,-55.93099659652148
-24.640217779953996,-55.92566696348002
-24.635226679339937,-55.92033567947694
-24.630235578725873,-55.91500274411304
-24.625244478111814,-55.90966815698903
-24.62025337749775,-55.904331917705534
-24.61526227688369,-55.898994025863246
-24.610271176269627,-55.89365448106261
-24.605280075655568,-55.888313282904136
-24.600288975041504,-55.8829704309882
-24.595297874427445,-55.87762592491518
-24.59030677381338,-55.8722797642854
-24.58531567319932,-55.86693194869899
-24.58032457258526,-55.86158247775618
-24.5753334719712,-55.85623135105708
-24.570342371357135,-55.85087856820167
-24.565351270743076,-55.84552412878998
-24.560360170129012,-55.840168032421914
-24.555369069514953,-55.83481027869729
-24.55037796890089,-55.829450867215876
-24.54538686828683,-55.82408979757751
-24.54039576767277,-55.81872706938173
-24.535404667058707,-55.8133626822282
-24.530413566444647,-55.80799663571646
-24.525422465830584,-55.80262892944599
-24.520431365216524,-55.797259563016176
-24.51544026460246,-55.79188853602636
-24.5104491639884,-55.78651584807593
-24.505458063374338,-55.781141498763965
-24.500466962760278,-55.77576548768974
-24.495475862146215,-55.77038781445235
-24.490484761532155,-55.765008478650785
-24.48549366091809,-55.75962747988405
-24.480502560304032,-55.7542448177511
-24.47551145968997,-55.748860491850735
-24.47052035907591,-55.743474501781755
-24.465529258461846,-55.73808684714289
-24.460538157847786,-55.73269752753286
-24.455547057233723,-55.727306542550195
-24.450555956619663,-55.721913891793456
-24.445564856005603,-55.716519574861145
-24.44057375539154,-55.711123591351694
-24.43558265477748,-55.70572594086349
-24.430591554163417,-55.70032662299474
-24.425600453549357,-55.69492563734375
-24.420609352935294,-55.6895229835086
-24.415618252321234,-55.68411866108751
-24.41062715170717,-55.67871266967843
-24.40563605109311,-55.67330500887941
-24.400644950479048,-55.66789567828836
-24.39565384986499,-55.66248467750314
-24.390662749250925,-55.657072006121496
-24.385671648636865,-55.65165766374115
-24.380680548022802,-55.64624164995991
-24.375689447408742,-55.640823964375244
-24.37069834679468,-55.6354046065848
-24.36570724618062,-55.62998357618601
-24.360716145566556,-55.624560872776286
-24.355725044952496,-55.619136495952986
-24.350733944338433,-55.6137104453135
-24.345742843724373,-55.608282720454916
-24.340751743110314,-55.60285332097457
-24.33576064249625,-55.597422246469414
-24.33076954188219,-55.59198949653666
-24.325778441268127,-55.586555070773166
-24.320787340654068,-55.581118968775904
-24.315796240040005,-55.57568119014176
-24.310805139425945,-55.570241734467515
-24.30581403881188,-55.56480060134992
-24.300822938197822,-55.55935779038558
-24.29583183758376,-55.55391330117124
-24.2908407369697,-55.54846713330339
-24.285849636355636,-55.54301928637848
-24.280858535741576,-55.53756975999296
-24.275867435127513,-55.532118553743246
-24.270876334513453,-55.52666566722553
-24.26588523389939,-55.5212111000362
-24.26089413328533,-55.51575485177135
-24.255903032671267,-55.510296922027074
-24.250911932057207,-55.504837310399495
-24.245920831443144,-55.49937601648452
-24.240929730829084,-55.49391303987818
-24.235938630215024,-55.48844838017632
-24.23094752960096,-55.4829820369747
-24.2259564289869,-55.477514009869054
-24.220965328372838,-55.47204429845508
-24.215974227758778,-55.466572902328494
-24.210983127144715,-55.46109982108472
-24.205992026530655,-55.45562505431928
-24.201000925916592,-55.45014860162765
-24.196009825302532,-55.44467046260521
-24.19101872468847,-55.43919063684729
-24.18602762407441,-55.43370912394894
-24.181036523460346,-55.42822592350562
-24.176045422846286,-55.42274103511231
-24.171054322232223,-55.417254458364035
-24.166063221618163,-55.41176619285591
-24.1610721210041,-55.40627623818274
-24.15608102039004,-55.40078459393948
-24.151089919775977,-55.39529125972089
-24.146098819161917,-55.38979623512177
-24.141107718547858,-55.38429951973685
-24.136116617933794,-55.37880111316065
-24.131125517319735,-55.373301014987724
-24.12613441670567,-55.36779922481267
-24.12114331609161,-55.3622957422299
-24.11615221547755,-55.35679056683374
-24.11116111486349,-55.35128369821853
-24.106170014249425,-55.34577513597849
-24.101178913635366,-55.34026487970792
-24.096187813021302,-55.334752929000835
-24.091196712407243,-55.32923928345133
-24.08620561179318,-55.32372394265342
-24.08121451117912,-55.31820690620107
-24.076223410565056,-55.31268817368814
-24.071232309950997,-55.307167744708345
-24.066241209336933,-55.301645618855595
-24.061250108722874,-55.296121795723536
-24.05625900810881,-55.2905962749057
-24.05126790749475,-55.28506905599578
-24.046276806880687,-55.27954013858721
-24.041285706266628,-55.2740095222735
-24.036294605652568,-55.26847720664791
-24.031303505038505,-55.26294319130391
-24.026312404424445,-55.25740747583468
-24.02132130381038,-55.2518700598334
-24.016330203196322,-55.24633094289323
-24.01133910258226,-55.2407901246072
-24.0063480019682,-55.2352476045684
-24.001356901354136,-55.229703382369706
-23.996365800740076,-55.22415745760409
-23.991374700126013,-55.2186098298642
-23.986383599511953,-55.21306049874292
-23.98139249889789,-55.20750946383298
-23.97640139828383,-55.201956724726976
-23.971410297669767,-55.196402281017406
-23.966419197055707,-55.19084613229691
-23.961428096441644,-55.18528827815779
-23.956436995827584,-55.1797287181926
-23.95144589521352,-55.17416745199352
-23.94645479459946,-55.16860447915292
-23.9414636939854,-55.16303979926295
-23.936472593371338,-55.15747341191565
-23.93148149275728,-55.15190531670334
-23.926490392143215,-55.14633551321786
-23.921499291529155,-55.14076400105112
-23.916508190915092,-55.135190779795174
-23.911517090301032,-55.12961584904169
-23.90652598968697,-55.12403920838254
-23.90153488907291,-55.11846085740939
-23.896543788458846,-55.11288079571387
-23.891552687844786,-55.107299022887574
-23.886561587230723,-55.10171553852202
-23.881570486616663,-55.09613034220862
-23.8765793860026,-55.09054343353887
-23.87158828538854,-55.084954812104
-23.866597184774477,-55.079364477495325
-23.861606084160417,-55.073772429304
-23.856614983546354,-55.068178667121266
-23.851623882932294,-55.062583190538085
-23.84663278231823,-55.05698599914558
-23.84164168170417,-55.051387092534675
-23.83665058109011,-55.045786470296235
-23.83165948047605,-55.04018413202116
-23.82666837986199,-55.03458007730015
-23.821677279247925,-55.02897430572393
-23.816686178633866,-55.02336681688322
-23.811695078019802,-55.017757610368506
-23.806703977405743,-55.01214668577036
-23.80171287679168,-55.00653404267924
-23.79672177617762,-55.00091968068552
-23.791730675563556,-54.99530359937957
-23.786739574949497,-54.98968579835164
-23.781748474335433,-54.984066277191964
-23.776757373721374,-54.97844503549069
-23.77176627310731,-54.97282207283788
-23.76677517249325,-54.967197388823614
-23.761784071879188,-54.961570983037774
-23.756792971265128,-54.95594285507029
-23.751801870651065,-54.95031300451108
-23.746810770037005,-54.94468143094984
-23.741819669422945,-54.939048133976286
-23.736828568808882,-54.93341311318013
-23.731837468194822,-54.92777636815088
-23.72684636758076,-54.92213789847818
-23.7218552669667,-54.91649770375137
-23.716864166352636,-54.91085578355996
-23.711873065738576,-54.90521213749321
-23.706881965124513,-54.899566765140456
-23.701890864510453,-54.893919666090895
-23.69689976389639,-54.88827083993369
-23.69190866328233,-54.88262028625795
-23.686917562668267,-54.876968004652646
-23.681926462054207,-54.871313994706824
-23.676935361440144,-54.8656582560094
-23.671944260826084,-54.86000078814914
-23.66695316021202,-54.8543415907149
-23.66196205959796,-54.84868066329535
-23.656970958983898,-54.84301800547915
-23.651979858369838,-54.83735361685496
-23.646988757755775,-54.831687497011316
-23.641997657141715,-54.82601964553658
-23.637006556527655,-54.82035006201928
-23.632015455913592,-54.814678746047726
-23.627024355299532,-54.80900569721016
-23.62203325468547,-54.80333091509488
-23.61704215407141,-54.79765439929004
-23.612051053457346,-54.79197614938371
-23.607059952843287,-54.78629616496397
-23.602068852229223,-54.78061444561874
-23.597077751615164,-54.77493099093595
-23.5920866510011,-54.76924580050347
-23.58709555038704,-54.76355887390911
-23.582104449772977,-54.75787021074059
-23.577113349158918,-54.75217981058556
-23.572122248544854,-54.746487673031616
-23.567131147930795,-54.74079379766631
-23.56214004731673,-54.73509818407715
-23.55714894670267,-54.7294008318515
-23.55215784608861,-54.72370174057681
-23.54716674547455,-54.71800090984028
-23.54217564486049,-54.71229833922912
-23.537184544246426,-54.706594028330656
-23.532193443632366,-54.7008879767319
-23.527202343018303,-54.69518018401984
-23.522211242404243,-54.68947064978154
-23.51722014179018,-54.68375937360385
-23.51222904117612,-54.6780463550738
-23.507237940562057,-54.67233159377797
-23.502246839947997,-54.66661508930322
-23.497255739333934,-54.66089684123622
-23.492264638719874,-54.65517684916353
-23.48727353810581,-54.64945511267178
-23.48228243749175,-54.6437316313474
-23.477291336877688,-54.63800640477681
-23.472300236263628,-54.632279432546426
-23.467309135649565,-54.626550714242434
-23.462318035035505,-54.62082024945124
-23.45732693442144,-54.61508803775891
-23.452335833807382,-54.60935407875157
-23.44734473319332,-54.60361837201526
-23.44235363257926,-54.597880917136074
-23.4373625319652,-54.592141713699846
-23.432371431351136,-54.58640076129249
-23.427380330737076,-54.58065805949981
-23.422389230123013,-54.57491360790744
-23.417398129508953,-54.569167406101215
-23.41240702889489,-54.563419453666675
-23.40741592828083,-54.55766975018947
-23.402424827666767,-54.55191829525491
-23.397433727052707,-54.54616508844858
-23.392442626438644,-54.54041012935584
-23.387451525824584,-54.534653417561984
-23.38246042521052,-54.52889495265216
-23.37746932459646,-54.52313473421174
-23.372478223982398,-54.51737276182568
-23.36748712336834,-54.51160903507916
-23.362496022754275,-54.505843553557085
-23.357504922140215,-54.50007631684446
-23.352513821526152,-54.49430732452616
-23.347522720912092,-54.488536576186966
-23.342531620298033,-54.482764071411594
-23.33754051968397,-54.47698980978484
-23.33254941906991,-54.47121379089122
-23.327558318455846,-54.46543601431539
-23.322567217841787,-54.45965647964184
-23.317576117227723,-54.45387518645493
-23.312585016613664,-54.44809213433914
-23.3075939159996,-54.442307322878754
-23.30260281538554,-54.436520751657994
-23.297611714771477,-54.43073242026104
-23.292620614157418,-54.424942328272124
-23.287629513543354,-54.41915047527526
-23.282638412929295,-54.413356860854385
-23.27764731231523,-54.40756148459355
-23.27265621170117,-54.401764346076625
-23.26766511108711,-54.395965444887395
-23.26267401047305,-54.39016478060955
-23.257682909858985,-54.38436235282691
-23.252691809244926,-54.37855816112314
-23.247700708630862,-54.37275220508167
-23.242709608016803,-54.366944484286094
-23.237718507402743,-54.361134998319905
-23.23272740678868,-54.35532374676636
-23.22773630617462,-54.349510729208916
-23.222745205560557,-54.34369594523074
-23.217754104946497,-54.33787939441512
-23.212763004332434,-54.332061076345155
-23.207771903718374,-54.326240990603885
-23.20278080310431,-54.320419136774426
-23.19778970249025,-54.314595514439596
-23.192798601876188,-54.30877012318242
-23.187807501262128,-54.30294296258565
-23.182816400648065,-54.29711403223207
-23.177825300034005,-54.291283331704406
-23.172834199419942,-54.28545086058525
-23.167843098805882,-54.27961661845727
-23.16285199819182,-54.27378060490287
-23.15786089757776,-54.26794281950459
-23.152869796963696,-54.262103261844906
-23.147878696349636,-54.256261931505975
-23.142887595735573,-54.250418828070146
-23.137896495121513,-54.24457395111971
-23.132905394507453,-54.2387273002367
-23.12791429389339,-54.23287887500322
-23.12292319327933,-54.22702867500137
-23.117932092665267,-54.221176699813036
-23.112940992051207,-54.21532294902014
-23.107949891437144,-54.20946742220453
-23.102958790823084,-54.20361011894803
-23.09796769020902,-54.19775103883229
-23.09297658959496,-54.19189018143898
-23.087985488980898,-54.186027546349635
-23.08299438836684,-54.18016313314591
-23.078003287752775,-54.174296941409146
-23.073012187138715,-54.168428970720875
-23.068021086524652,-54.162559220662274
-23.063029985910593,-54.156687690814756
-23.05803888529653,-54.15081438075957
-23.05304778468247,-54.14493929007778
-23.048056684068406,-54.13906241835054
-23.043065583454347,-54.133183765158805
-23.038074482840287,-54.12730333008362
-23.033083382226224,-54.12142111270588
-23.028092281612164,-54.115537112606454
-23.0231011809981,-54.109651329366024
-23.01811008038404,-54.10376376256547
-23.013118979769978,-54.097874411785334
-23.008127879155918,-54.09198327660629
-23.003136778541855,-54.08609035660883
-22.998145677927795,-54.080195651373465
-22.99315457731373,-54.07429916048055
-22.988163476699672,-54.0684008835105
-22.98317237608561,-54.062500820043624
-22.97818127547155,-54.05659896966007
-22.973190174857486,-54.05069533194006
-22.968199074243426,-54.04478990646367
-22.963207973629363,-54.038882692811
-22.958216873015303,-54.03297369056196
-22.95322577240124,-54.02706289929654
-22.94823467178718,-54.021150318594536
-22.943243571173117,-54.015235948035794
-22.938252470559057,-54.00931978719999
-22.933261369944997,-54.00340183566684
-22.928270269330934,-53.99748209301593
-22.923279168716874,-53.991560558826855
-22.91828806810281,-53.98563723267905
-22.91329696748875,-53.97971211415195
-22.908305866874688,-53.97378520282494
-22.90331476626063,-53.96785649827732
-22.898323665646565,-53.961926000088255
-22.893332565032505,-53.95599370783707
-22.888341464418442,-53.950059621102746
-22.883350363804382,-53.9441237394644
-22.87835926319032,-53.93818606250097
-22.87336816257626,-53.93224658979146
-22.868377061962196,-53.926305320914665
-22.863385961348136,-53.920362255449454
-22.858394860734073,-53.91441739297452
-22.853403760120013,-53.90847073306862
-22.84841265950595,-53.9025222753103
-22.84342155889189,-53.896572019278125
-22.83843045827783,-53.89061996455059
-22.833439357663767,-53.884666110706185
-22.828448257049708,-53.87871045732322
-22.823457156435644,-53.87275300398007
-22.818466055821585,-53.866793750254914
-22.81347495520752,-53.860832695725954
-22.80848385459346,-53.85486983997138
-22.8034927539794,-53.84890518256915
-22.79850165336534,-53.842938723097404
-22.793510552751275,-53.836970461133916
-22.788519452137216,-53.83100039625668
-22.783528351523152,-53.82502852804348
-22.778537250909093,-53.81905485607211
-22.77354615029503,-53.81307937992016
-22.76855504968097,-53.807102099165384
-22.763563949066906,-53.80112301338522
-22.758572848452847,-53.795142122157294
-22.753581747838783,-53.78915942505902
-22.748590647224724,-53.783174921667744
-22.74359954661066,-53.77718861156083
-22.7386084459966,-53.771200494315494
-22.73361734538254,-53.765210569508966
-22.728626244768478,-53.75921883671835
-22.723635144154418,-53.75322529552077
-22.718644043540355,-53.74722994549322
-22.713652942926295,-53.74123278621259
-22.70866184231223,-53.73523381725585
-22.703670741698172,-53.72923303819984
-22.69867964108411,-53.72323044862126
-22.69368854047005,-53.717226048096805
-22.688697439855986,-53.711219836203156
-22.683706339241926,-53.705211812516914
-22.678715238627863,-53.69920197661453
-22.673724138013803,-53.69319032807254
-22.66873303739974,-53.6871768664672
-22.66374193678568,-53.68116159137502
-22.658750836171617,-53.675144502372184
-22.653759735557557,-53.66912559903495
-22.648768634943494,-53.663104880939336
-22.643777534329434,-53.657082347661536
-22.638786433715374,-53.651057998777596
-22.63379533310131,-53.645031833863335
-22.62880423248725,-53.63900385249482
-22.623813131873188,-53.63297405424778
-22.61882203125913,-53.62694243869807
-22.613830930645065,-53.620909005421346
-22.608839830031005,-53.61487375399325
-22.603848729416942,-53.60883668398948
-22.598857628802882,-53.60279779498536
-22.59386652818882,-53.59675708655657
-22.58887542757476,-53.59071455827844
-22.583884326960696,-53.58467020972626
-22.578893226346636,-53.578624040475354
-22.573902125732573,-53.57257605010097
-22.568911025118513,-53.56652623817824
-22.56391992450445,-53.56047460428224
-22.55892882389039,-53.55442114798804
-22.553937723276327,-53.54836586887057
-22.548946622662267,-53.54230876650482
-22.543955522048204,-53.536249840465516
-22.538964421434144,-53.53018909032757
-22.533973320820085,-53.52412651566566
-22.52898222020602,-53.51806211605446
-22.52399111959196,-53.5119958910685
-22.5190000189779,-53.50592784028245
-22.51400891836384,-53.49985796327068
-22.509017817749776,-53.49378625960764
-22.504026717135716,-53.48771272886771
-22.499035616521653,-53.48163737062518
-22.494044515907593,-53.47556018445426
-22.48905341529353,-53.46948116992911
-22.48406231467947,-53.463400326623834
-22.479071214065407,-53.45731765411251
-22.474080113451347,-53.451233151969134
-22.469089012837284,-53.44514681976764
-22.464097912223224,-53.439058657081816
-22.45910681160916,-53.43296866348552
-22.4541157109951,-53.426876838552474
-22.449124610381038,-53.42078318185634
-22.444133509766978,-53.41468769297082
-22.439142409152918,-53.40859037146931
-22.434151308538855,-53.40249121692542
-22.429160207924795,-53.396390228912544
-22.424169107310732,-53.39028740700404
-22.419178006696672,-53.38418275077329
-22.41418690608261,-53.37807625979341
-22.40919580546855,-53.37196793363761
-22.404204704854486,-53.365857771879114
-22.399213604240426,-53.35974577409091
-22.394222503626363,-53.35363193984593
-22.389231403012303,-53.347516268717264
-22.38424030239824,-53.34139876027764
-22.37924920178418,-53.33527941410001
-22.374258101170117,-53.32915822975697
-22.369267000556057,-53.3230352068213
-22.364275899941994,-53.31691034486563
-22.359284799327934,-53.3107836434625
-22.35429369871387,-53.304655102184405
-22.34930259809981,-53.298524720603815
-22.344311497485748,-53.292392498293125
-22.33932039687169,-53.2862584348246
-22.33432929625763,-53.28012252977055
-22.329338195643565,-53.273984782703124
-22.324347095029506,-53.267845193194425
-22.319355994415442,-53.26170376081666
-22.314364893801383,-53.25556048514169
-22.30937379318732,-53.249415365741584
-22.30438269257326,-53.24326840218813
-22.299391591959196,-53.237119594053226
-22.294400491345137,-53.230968940908554
-22.289409390731073,-53.2248164423259
-22.284418290117014,-53.218662097876894
-22.27942718950295,-53.21250590713308
-22.27443608888889,-53.20634786966593
-22.269444988274827,-53.20018798504699
-22.264453887660768,-53.19402625284767
-22.259462787046704,-53.18786267263918
-22.254471686432645,-53.18169724399286
-22.24948058581858,-53.175529966479964
-22.24448948520452,-53.16936083967156
-22.239498384590462,-53.16318986313879
-22.2345072839764,-53.15701703645266
-22.22951618336234,-53.15084235918412
-22.224525082748276,-53.144665830904096
-22.219533982134216,-53.138487451183344
-22.214542881520153,-53.13230721959276
-22.209551780906093,-53.126125135702964
-22.20456068029203,-53.11994119908467
-22.19956957967797,-53.11375540930842
-22.194578479063907,-53.10756776594472
-22.189587378449847,-53.10137826856415
-22.184596277835784,-53.09518691673709
-22.179605177221724,-53.08899371003381
-22.17461407660766,-53.08279864802462
-22.1696229759936,-53.076601730279826
-22.164631875379538,-53.07040295636945
-22.159640774765478,-53.0642023258637
-22.154649674151415,-53.05799983833253
-22.149658573537355,-53.05179549334597
-22.14466747292329,-53.04558929047395
-22.139676372309232,-53.03938122928627
-22.134685271695172,-53.03317130935276
-22.12969417108111,-53.02695953024312
-22.12470307046705,-53.02074589152704
-22.119711969852986,-53.014530392774105
-22.114720869238926,-53.00831303355387
-22.109729768624863,-53.002093813435856
-22.104738668010803,-52.99587273198942
-22.09974756739674,-52.989649788783936
-22.09475646678268,-52.98342498338868
-22.089765366168617,-52.977198315372945
-22.084774265554557,-52.97096978430588
-22.079783164940494,-52.9647393897566
-22.074792064326434,-52.95850713129419
-22.06980096371237,-52.95227300848759
-22.06480986309831,-52.94603702090572
-22.059818762484248,-52.93979916811747
-22.05482766187019,-52.933559449691664
-22.049836561256125,-52.927317865196976
-22.044845460642065,-52.9210744142022
-22.039854360028006,-52.91482909627589
-22.034863259413942,-52.90858191098654
-22.029872158799883,-52.90233285790276
-22.02488105818582,-52.896081936592935
-22.01988995757176,-52.88982914662544
-22.014898856957696,-52.88357448756859
-22.009907756343637,-52.87731795899061
-22.004916655729573,-52.87105956045972
-21.999925555115514,-52.86479929154405
-21.99493445450145,-52.85853715181163
-21.98994335388739,-52.85227314083054
-21.984952253273327,-52.84600725816866
-21.979961152659268,-52.83973950339387
-21.974970052045204,-52.83346987607402
-21.969978951431145,-52.82719837577687
-21.96498785081708,-52.82092500207007
-21.95999675020302,-52.81464975452127
-21.95500564958896,-52.80837263269809
-21.9500145489749,-52.802093636167974
-21.945023448360836,-52.7958127644984
-21.940032347746776,-52.789530017256794
-21.935041247132716,-52.78324539401046
-21.930050146518653,-52.776958894326626
-21.925059045904593,-52.7706705177725
-21.92006794529053,-52.76438026391528
-21.91507684467647,-52.75808813232206
-21.910085744062407,-52.75179412255975
-21.905094643448347,-52.74549823419536
-21.900103542834284,-52.73920046679585
-21.895112442220224,-52.73290081992799
-21.89012134160616,-52.72659929315858
-21.8851302409921,-52.7202958860543
-21.880139140378038,-52.71399059818183
-21.875148039763978,-52.70768342910774
-21.870156939149915,-52.70137437839855
-21.865165838535855,-52.695063445620775
-21.860174737921792,-52.68875063034071
-21.855183637307732,-52.68243593212486
-21.85019253669367,-52.6761193505394
-21.84520143607961,-52.66980088515052
-21.840210335465546,-52.66348053552447
-21.835219234851486,-52.657158301227305
-21.830228134237426,-52.65083418182506
-21.825237033623363,-52.644508176883654
-21.820245933009303,-52.63818028596909
-21.81525483239524,-52.631850508647176
-21.81026373178118,-52.625518844483665
-21.805272631167117,-52.619185293044346
-21.800281530553058,-52.61284985389486
-21.795290429938994,-52.606512526600824
-21.790299329324935,-52.60017331072774
-21.78530822871087,-52.59383220584113
-21.78031712809681,-52.587489211506444
-21.77532602748275,-52.58114432728893
-21.77033492686869,-52.57479755275401
-21.765343826254625,-52.56844888746687
-21.760352725640566,-52.562098330992605
-21.755361625026502,-52.55574588289651
-21.750370524412443,-52.54939154274345
-21.74537942379838,-52.543035310098475
-21.74038832318432,-52.53667718452659
-21.73539722257026,-52.530317165592535
-21.730406121956197,-52.52395525286124
-21.725415021342137,-52.51759144589737
-21.720423920728074,-52.51122574426561
-21.715432820114014,-52.50485814753059
-21.71044171949995,-52.49848865525685
-21.70545061888589,-52.49211726700895
-21.700459518271828,-52.485743982351316
-21.695468417657768,-52.47936880084825
-21.690477317043705,-52.472991722064165
-21.685486216429645,-52.4666127455632
-21.68049511581558,-52.46023187090964
-21.675504015201522,-52.45384909766758
-21.67051291458746,-52.44746442540112
-21.6655218139734,-52.44107785367418
-21.660530713359336,-52.43468938205077
-21.655539612745276,-52.42829901009475
-21.650548512131213,-52.42190673736996
-21.645557411517153,-52.415512563440174
-21.64056631090309,-52.40911648786906
-21.63557521028903,-52.402718510220254
-21.63058410967497,-52.3963186300574
-21.625593009060907,-52.389916846943876
-21.620601908446847,-52.38351316044321
-21.615610807832784,-52.37710757011887
-21.610619707218724,-52.370700075534074
-21.60562860660466,-52.364290676252146
-21.6006375059906,-52.357879371836326
-21.595646405376538,-52.35146616184966
-21.59065530476248,-52.34505104585526
-21.585664204148415,-52.33863402341624
-21.580673103534355,-52.33221509409547
-21.575682002920292,-52.325794257455875
-21.570690902306232,-52.319371513060354
-21.56569980169217,-52.31294686047154
-21.56070870107811,-52.306520299252334
-21.555717600464046,-52.300091828965215
-21.550726499849986,-52.293661449172895
-21.545735399235923,-52.287229159437835
-21.540744298621863,-52.28079495932256
-21.535753198007804,-52.27435884838944
-21.53076209739374,-52.26792082620089
-21.52577099677968,-52.261480892319085
-21.520779896165617,-52.255039046306344
-21.515788795551558,-52.24859528772481
-21.510797694937494,-52.242149616136594
-21.505806594323435,-52.23570203110366
-21.50081549370937,-52.22925253218808
-21.49582439309531,-52.22280111895173
-21.49083329248125,-52.216347790956476
-21.48584219186719,-52.20989254776414
-21.480851091253125,-52.20343538893637
-21.475859990639066,-52.19697631403494
-21.470868890025002,-52.19051532262138
-21.465877789410943,-52.18405241425734
-21.46088668879688,-52.177587588504174
-21.45589558818282,-52.17112084492341
-21.450904487568756,-52.16465218307642
-21.445913386954697,-52.15818160252444
-21.440922286340633,-52.15170910282876
-21.435931185726574,-52.14523468355055
-21.430940085112514,-52.13875834425091
-21.42594898449845,-52.132280084490944
-21.42095788388439,-52.1257999038316
-21.415966783270328,-52.119317801833844
-21.410975682656268,-52.11283377805859
-21.405984582042205,-52.106347832066525
-21.400993481428145,-52.09985996341855
-21.396002380814082,-52.09337017167529
-21.391011280200022,-52.08687845639737
-21.38602017958596,-52.080384817145365
-21.3810290789719,-52.07388925347977
-21.376037978357836,-52.06739176496104
-21.371046877743776,-52.06089235114955
-21.366055777129713,-52.05439101160567
-21.361064676515653,-52.047887745889604
-21.35607357590159,-52.04138255356162
-21.35108247528753,-52.034875434181735
-21.346091374673467,-52.02836638731016
-21.341100274059407,-52.021855412506845
-21.336109173445347,-52.01534250933171
-21.331118072831284,-52.0088276773448
-21.326126972217224,-52.00231091610576
-21.32113587160316,-51.99579222517449
-21.3161447709891,-51.98927160411063
-21.311153670375038,-51.98274905247384
-21.30616256976098,-51.97622456982376
-21.301171469146915,-51.96969815571982
-21.296180368532855,-51.96316980972162
-21.291189267918792,-51.956639531388426
-21.286198167304732,-51.95010732027967
-21.28120706669067,-51.94357317595458
-21.27621596607661,-51.93703709797241
-21.271224865462546,-51.930499085892315
-21.266233764848486,-51.92395913927337
-21.261242664234423,-51.91741725767462
-21.256251563620363,-51.91087344065509
-21.2512604630063,-51.904327687773595
-21.24626936239224,-51.89777999858907
-21.241278261778177,-51.89123037266027
-21.236287161164118,-51.88467880954594
-21.231296060550058,-51.87812530880475
-21.226304959935995,-51.871569869995284
-21.221313859321935,-51.8650124926761
-21.21632275870787,-51.858453176405696
-21.211331658093812,-51.85189192074245
-21.20634055747975,-51.84532872524477
-21.20134945686569,-51.83876358947097
-21.196358356251626,-51.832196512979245
-21.191367255637566,-51.82562749532779
-21.186376155023503,-51.81905653607472
-21.181385054409443,-51.8124836347781
-21.17639395379538,-51.805908790995886
-21.17140285318132,-51.79933200428608
-21.166411752567257,-51.79275327420652
-21.161420651953197,-51.78617260031503
-21.156429551339134,-51.779589982169306
-21.151438450725074,-51.77300541932705
-21.14644735011101,-51.76641891134597
-21.14145624949695,-51.75983045778358
-21.13646514888289,-51.75324005819737
-21.131474048268828,-51.74664771214477
-21.126482947654768,-51.74005341918324
-21.121491847040705,-51.73345717887001
-21.116500746426645,-51.726858990762366
-21.111509645812582,-51.72025885441754
-21.106518545198522,-51.71365676939263
-21.10152744458446,-51.707052735244744
-21.0965363439704,-51.70044675153089
-21.091545243356336,-51.69383881780796
-21.086554142742276,-51.68722893363295
-21.081563042128213,-51.680617098562685
-21.076571941514153,-51.67400331215382
-21.07158084090009,-51.667387573963175
-21.06658974028603,-51.66076988354736
-21.061598639671967,-51.654150240462954
-21.056607539057907,-51.64752864426648
-21.051616438443844,-51.6409050945144
-21.046625337829784,-51.63427959076316
-21.04163423721572,-51.62765213256905
-21.03664313660166,-51.621022719488394
-21.0316520359876,-51.6143913510774
-21.02666093537354,-51.607758026892206
-21.02166983475948,-51.60112274648893
-21.016678734145415,-51.59448550942357
-21.011687633531356,-51.58784631525214
-21.006696532917292,-51.581205163530534
-21.001705432303233,-51.57456205381467
-20.99671433168917,-51.567916985660176
-20.99172323107511,-51.561269958622994
-20.986732130461046,-51.554620972258625
-20.981741029846987,-51.547970026122805
-20.976749929232923,-51.54131711977098
-20.971758828618864,-51.53466225275867
-20.9667677280048,-51.52800542464126
-20.96177662739074,-51.52134663497417
-20.956785526776677,-51.514685883312715
-20.951794426162618,-51.50802316921209
-20.946803325548554,-51.5013584922275
-20.941812224934495,-51.494691851914105
-20.936821124320435,-51.48802324782686
-20.93183002370637,-51.48135267952084
-20.926838923092312,-51.47468014655096
-20.92184782247825,-51.46800564847202
-20.91685672186419,-51.461329184838995
-20.911865621250126,-51.454650755206565
-20.906874520636066,-51.44797035912931
-20.901883420022003,-51.44128799616202
-20.896892319407943,-51.43460366585915
-20.89190121879388,-51.427917367775294
-20.88691011817982,-51.421229101464824
-20.881919017565757,-51.41453886648222
-20.876927916951697,-51.407846662381665
-20.871936816337634,-51.40115248871751
-20.866945715723574,-51.394456345044006
-20.86195461510951,-51.3877582309152
-20.85696351449545,-51.38105814588521
-20.851972413881388,-51.37435608950809
-20.846981313267328,-51.367652061337736
-20.841990212653265,-51.36094606092811
-20.836999112039205,-51.35423808783297
-20.832008011425145,-51.34752814160613
-20.827016910811082,-51.340816221801326
-20.822025810197022,-51.334102327972175
-20.81703470958296,-51.32738645967229
-20.8120436089689,-51.32066861645519
-20.807052508354836,-51.31394879787431
-20.802061407740776,-51.30722700348316
-20.797070307126713,-51.30050323283495
-20.792079206512653,-51.293777485483105
-20.78708810589859,-51.287049760980764
-20.78209700528453,-51.280320058881074
-20.777105904670467,-51.27358837873713
-20.772114804056407,-51.26685472010211
-20.767123703442344,-51.26011908252888
-20.762132602828284,-51.253381465570385
-20.75714150221422,-51.24664186877943
-20.75215040160016,-51.239900291708956
-20.747159300986098,-51.23315673391154
-20.74216820037204,-51.226411194939914
-20.73717709975798,-51.21966367434671
-20.732185999143915,-51.21291417168449
-20.727194898529856,-51.2061626865057
-20.722203797915792,-51.19940921836282
-20.717212697301733,-51.19265376680819
-20.71222159668767,-51.18589633139411
-20.70723049607361,-51.17913691167295
-20.702239395459547,-51.172375507196705
-20.697248294845487,-51.16561211751759
-20.692257194231424,-51.15884674218766
-20.687266093617364,-51.15207938075897
-20.6822749930033,-51.145310032783414
-20.67728389238924,-51.138538697812855
-20.672292791775178,-51.131765375399155
-20.667301691161118,-51.12499006509411
-20.662310590547055,-51.118212766449325
-20.657319489932995,-51.11143347901649
-20.65232838931893,-51.104652202347154
-20.647337288704872,-51.0978689359929
-20.64234618809081,-51.091083679505125
-20.63735508747675,-51.08429643243522
-20.63236398686269,-51.07750719433458
-20.627372886248626,-51.070715964754385
-20.622381785634566,-51.06392274324592
-20.617390685020503,-51.05712752936027
-20.612399584406443,-51.050330322648534
-20.60740848379238,-51.043531122661854
-20.60241738317832,-51.03672992895108
-20.597426282564257,-51.029926741067136
-20.592435181950197,-51.023121558560845
-20.587444081336134,-51.01631438098311
-20.582452980722074,-51.00950520788455
-20.57746188010801,-51.002694038815775
-20.57247077949395,-50.99588087332754
-20.567479678879888,-50.98906571097028
-20.562488578265828,-50.98224855129451
-20.557497477651765,-50.975429393850604
-20.552506377037705,-50.96860823818899
-20.547515276423642,-50.96178508385993
-20.542524175809582,-50.95495993041368
-20.53753307519552,-50.94813277740035
-20.53254197458146,-50.94130362437013
-20.5275508739674,-50.93447247087301
-20.522559773353336,-50.92763931645904
-20.517568672739277,-50.920804160678124
-20.512577572125213,-50.9139670030801
-20.507586471511154,-50.90712784321485
-20.50259537089709,-50.90028668063206
-20.49760427028303,-50.893443514881376
-20.492613169668967,-50.88659834551258
-20.487622069054908,-50.879751172075125
-20.482630968440844,-50.87290199411853
-20.477639867826785,-50.86605081119227
-20.47264876721272,-50.859197622845656
-20.46765766659866,-50.8523424286281
-20.4626665659846,-50.84548522808876
-20.45767546537054,-50.83862602077696
-20.452684364756475,-50.83176480624172
-20.447693264142416,-50.82490158403219
-20.442702163528352,-50.818036353697394
-20.437711062914293,-50.81116911478624
-20.432719962300233,-50.804299866847686
-20.42772886168617,-50.79742860943047
-20.42273776107211,-50.79055534208344
-20.417746660458047,-50.783680064355316
-20.412755559843987,-50.77680277579472
-20.407764459229924,-50.769923475950215
-20.402773358615864,-50.763042164370404
-20.3977822580018,-50.756158840603696
-20.39279115738774,-50.74927350419856
-20.387800056773678,-50.74238615470328
-20.382808956159618,-50.73549679166621
-20.377817855545555,-50.72860541463549
-20.372826754931495,-50.72171202315935
-20.36783565431743,-50.71481661678585
-20.362844553703372,-50.70791919506307
-20.35785345308931,-50.701019757539
-20.35286235247525,-50.69411830376153
-20.347871251861186,-50.687214833278546
-20.342880151247126,-50.68030934563783
-20.337889050633063,-50.673401840387115
-20.332897950019003,-50.66649231707411
-20.327906849404943,-50.65958077524641
-20.32291574879088,-50.65266721445154
-20.31792464817682,-50.64575163423706
-20.312933547562757,-50.63883403415037
-20.307942446948697,-50.63191441373882
-20.302951346334634,-50.6249927725498
-20.297960245720574,-50.618069110130484
-20.29296914510651,-50.611143426028136
-20.28797804449245,-50.60421571978981
-20.282986943878388,-50.59728599096261
-20.27799584326433,-50.59035423909359
-20.273004742650265,-50.58342046372963
-20.268013642036205,-50.57648466441764
-20.263022541422142,-50.56954684070445
-20.258031440808082,-50.56260699213682
-20.25304034019402,-50.55566511826148
-20.24804923957996,-50.54872121862505
-20.243058138965896,-50.54177529277411
-20.238067038351836,-50.534827340255184
-20.233075937737777,-50.52787736061481
-20.228084837123713,-50.52092535339925
-20.223093736509654,-50.513971318154915
-20.21810263589559,-50.5070152544281
-20.21311153528153,-50.500057161765014
-20.208120434667467,-50.493097039711785
-20.203129334053408,-50.48613488781457
-20.198138233439344,-50.47917070561939
-20.193147132825285,-50.47220449267217
-20.18815603221122,-50.465236248518856
-20.18316493159716,-50.45826597270536
-20.1781738309831,-50.45129366477736
-20.17318273036904,-50.44431932428066
-20.168191629754975,-50.43734295076089
-20.163200529140916,-50.430364543763744
-20.158209428526852,-50.42338410283472
-20.153218327912793,-50.416401627519264
-20.14822722729873,-50.40941711736287
-20.14323612668467,-50.40243057191094
-20.138245026070607,-50.39544199070864
-20.133253925456547,-50.38845137330134
-20.128262824842487,-50.38145871923419
-20.123271724228424,-50.374464028052294
-20.118280623614364,-50.367467299300756
-20.1132895230003,-50.36046853252456
-20.10829842238624,-50.35346772726867
-20.103307321772178,-50.34646488307792
-20.098316221158118,-50.33945999949717
-20.093325120544055,-50.332453076071204
-20.088334019929995,-50.325444112344655
-20.083342919315932,-50.318433107862184
-20.078351818701872,-50.31142006216844
-20.07336071808781,-50.304404974807795
-20.06836961747375,-50.297387845324856
-20.063378516859686,-50.29036867326395
-20.058387416245626,-50.28334745816942
-20.053396315631563,-50.27632419958552
-20.048405215017503,-50.26929889705653
-20.04341411440344,-50.26227155012656
-20.03842301378938,-50.25524215833966
-20.03343191317532,-50.24821072123994
-20.028440812561257,-50.241177238371314
-20.023449711947197,-50.23414170927775
-20.018458611333134,-50.22710413350306
-20.013467510719074,-50.22006451059107
-20.00847641010501,-50.21302284008545
-20.00348530949095,-50.205979121529914
-19.998494208876888,-50.19893335446801
-19.99350310826283,-50.19188553844339
-19.988512007648765,-50.18483567299947
-19.983520907034706,-50.17778375767964
-19.978529806420642,-50.17072979202735
-19.973538705806583,-50.16367377558587
-19.96854760519252,-50.15661570789841
-19.96355650457846,-50.14955558850819
-19.958565403964396,-50.142493416958374
-19.953574303350337,-50.13542919279192
-19.948583202736273,-50.12836291555188
-19.943592102122214,-50.12129458478123
-19.93860100150815,-50.11422420002278
-19.93360990089409,-50.10715176081946
-19.92861880028003,-50.10007726671394
-19.923627699665968,-50.093000717248906
-19.918636599051908,-50.08592211196702
-19.913645498437845,-50.07884145041089
-19.908654397823785,-50.07175873212299
-19.90366329720972,-50.06467395664579
-19.898672196595662,-50.0575871235217
-19.8936810959816,-50.05049823229306
-19.88868999536754,-50.04340728250206
-19.883698894753476,-50.036314273691055
-19.878707794139416,-50.02921920540208
-19.873716693525353,-50.02212207717723
-19.868725592911293,-50.01502288855869
-19.86373449229723,-50.007921639088224
-19.85874339168317,-50.000818328307865
-19.853752291069107,-49.99371295575938
-19.848761190455047,-49.986605520984654
-19.843770089840984,-49.97949602352538
-19.838778989226924,-49.97238446292323
-19.833787888612864,-49.96527083871977
-19.8287967879988,-49.95815515045656
-19.82380568738474,-49.951037397675115
-19.818814586770678,-49.94391757991683
-19.81382348615662,-49.93679569672311
-19.808832385542555,-49.92967174763526
-19.803841284928495,-49.92254573219445
-19.798850184314432,-49.91541764994196
-19.793859083700372,-49.90828750041882
-19.78886798308631,-49.90115528316619
-19.78387688247225,-49.89402099772498
-19.778885781858186,-49.88688464363614
-19.773894681244126,-49.87974622044062
-19.768903580630063,-49.872605727679165
-19.763912480016003,-49.865463164892596
-19.75892137940194,-49.858318531621606
-19.75393027878788,-49.85117182740684
-19.748939178173817,-49.84402305178879
-19.743948077559757,-49.836872204308044
-19.738956976945694,-49.82971928450503
-19.733965876331634,-49.82256429192018
-19.728974775717575,-49.81540722609386
-19.72398367510351,-49.80824808656624
-19.71899257448945,-49.8010868728776
-19.71400147387539,-49.79392358456809
-19.70901037326133,-49.78675822117778
-19.704019272647265,-49.779590782246736
-19.699028172033206,-49.77242126731498
-19.694037071419142,-49.76524967592226
-19.689045970805083,-49.75807600760857
-19.68405487019102,-49.75090026191368
-19.67906376957696,-49.74372243837729
-19.674072668962896,-49.736542536539055
-19.669081568348837,-49.729360555938605
-19.664090467734773,-49.72217649611552
-19.659099367120714,-49.71499035660926
-19.65410826650665,-49.70780213695925
-19.64911716589259,-49.70061183670487
-19.644126065278527,-49.6934194553854
-19.639134964664468,-49.686224992540154
-19.634143864050408,-49.67902844770827
-19.629152763436345,-49.671829820428854
-19.624161662822285,-49.66462911024094
-19.61917056220822,-49.65742631668362
-19.614179461594162,-49.650221439295855
-19.6091883609801,-49.64301447761645
-19.60419726036604,-49.63580543118425
-19.599206159751976,-49.62859429953804
-19.594215059137916,-49.621381082216466
-19.589223958523853,-49.61416577875825
-19.584232857909793,-49.606948388701866
-19.57924175729573,-49.59972891158601
-19.57425065668167,-49.59250734694896
-19.569259556067607,-49.58528369432925
-19.564268455453547,-49.57805795326513
-19.559277354839484,-49.57083012329494
-19.554286254225424,-49.563600203956824
-19.54929515361136,-49.556368194789
-19.5443040529973,-49.54913409532966
-19.539312952383238,-49.54189790511661
-19.534321851769178,-49.534659623688015
-19.52933075115512,-49.52741925058171
-19.524339650541055,-49.52017678533558
-19.519348549926995,-49.51293222748741
-19.514357449312932,-49.50568557657491
-19.509366348698872,-49.498436832135845
-19.50437524808481,-49.491185993707774
-19.49938414747075,-49.4839330608282
-19.494393046856686,-49.47667803303469
-19.489401946242626,-49.469420909864624
-19.484410845628563,-49.46216169085546
-19.479419745014503,-49.45490037554442
-19.47442864440044,-49.447636963468774
-19.46943754378638,-49.44037145416579
-19.464446443172317,-49.43310384717252
-19.459455342558257,-49.425834142026055
-19.454464241944194,-49.41856233826338
-19.449473141330134,-49.41128843542152
-19.44448204071607,-49.404012433037295
-19.43949094010201,-49.39673433064758
-19.434499839487952,-49.38945412778913
-19.42950873887389,-49.382171823998654
-19.42451763825983,-49.37488741881277
-19.419526537645766,-49.367600911768086
-19.414535437031706,-49.360312302401184
-19.409544336417643,-49.35302159024841
-19.404553235803583,-49.34572877484631
-19.39956213518952,-49.33843385573113
-19.39457103457546,-49.331136832439284
-19.389579933961397,-49.3238377045068
-19.384588833347337,-49.316536471470016
-19.379597732733274,-49.30923313286494
-19.374606632119214,-49.30192768822767
-19.36961553150515,-49.294620137094206
-19.36462443089109,-49.28731047900044
-19.359633330277028,-49.27999871348218
-19.354642229662968,-49.27268484007537
-19.349651129048905,-49.2653688583156
-19.344660028434845,-49.25805076773869
-19.33966892782078,-49.25073056788017
-19.334677827206722,-49.24340825827563
-19.329686726592662,-49.2360838384606
-19.3246956259786,-49.228757307970504
-19.31970452536454,-49.22142866634066
-19.314713424750476,-49.214097913106485
-19.309722324136416,-49.20676504780321
-19.304731223522353,-49.199430069966034
-19.299740122908293,-49.19209297913008
-19.29474902229423,-49.184753774830426
-19.28975792168017,-49.17741245660218
-19.284766821066107,-49.17006902398021
-19.279775720452047,-49.16272347649938
-19.274784619837984,-49.15537581369464
-19.269793519223924,-49.14802603510069
-19.26480241860986,-49.14067414025228
-19.2598113179958,-49.13332012868413
-19.254820217381738,-49.12596399993072
-19.24982911676768,-49.11860575352663
-19.244838016153615,-49.1112453890064
-19.239846915539555,-49.103882905904335
-19.234855814925492,-49.09651830375489
-19.229864714311432,-49.089151582092384
-19.224873613697373,-49.081782740450905
-19.21988251308331,-49.07441177836472
-19.21489141246925,-49.067038695368026
-19.209900311855186,-49.05966349099478
-19.204909211241127,-49.052286164779
-19.199918110627063,-49.04490671625464
-19.194927010013004,-49.037525144955566
-19.18993590939894,-49.03014145041551
-19.18494480878488,-49.02275563216838
-19.179953708170817,-49.01536768974777
-19.174962607556758,-49.007977622687335
-19.169971506942694,-49.00058543052067
-19.164980406328635,-48.993191112781275
-19.15998930571457,-48.98579466900262
-19.15499820510051,-48.97839609871802
-19.15000710448645,-48.97099540146091
-19.14501600387239,-48.963592576764576
-19.140024903258325,-48.95618762416213
-19.135033802644266,-48.94878054318677
-19.130042702030206,-48.94137133337165
-19.125051601416143,-48.933959994249676
-19.120060500802083,-48.92654652535395
-19.11506940018802,-48.91913092621726
-19.11007829957396,-48.91171319637259
-19.105087198959897,-48.90429333535265
-19.100096098345837,-48.89687134269026
-19.095104997731774,-48.889447217917926
-19.090113897117714,-48.88202096056838
-19.08512279650365,-48.874592570174144
-19.08013169588959,-48.86716204626777
-19.075140595275528,-48.859729388381595
-19.070149494661468,-48.852294596048026
-19.065158394047405,-48.84485766879941
-19.060167293433345,-48.837418606167944
-19.05517619281928,-48.82997740768583
-19.050185092205222,-48.822534072885205
-19.04519399159116,-48.81508860129817
-19.0402028909771,-48.80764099245667
-19.035211790363036,-48.80019124589273
-19.030220689748976,-48.79273936113826
-19.025229589134916,-48.78528533772496
-19.020238488520853,-48.777829175184685
-19.015247387906793,-48.77037087304914
-19.01025628729273,-48.762910430849985
-19.00526518667867,-48.75544784811879
-19.000274086064607,-48.7479831243871
-18.995282985450547,-48.74051625918633
-18.990291884836484,-48.733047252047925
-18.985300784222424,-48.72557610250333
-18.98030968360836,-48.718102810083685
-18.9753185829943,-48.71062737432024
-18.970327482380238,-48.70314979474427
-18.96533638176618,-48.69567007088681
-18.960345281152115,-48.68818820227889
-18.955354180538055,-48.68070418845152
-18.950363079923992,-48.673218028935636
-18.945371979309932,-48.665729723262125
-18.94038087869587,-48.658239270961715
-18.93538977808181,-48.6507466715653
-18.93039867746775,-48.64325192460343
-18.925407576853686,-48.6357550296068
-18.920416476239627,-48.62825598610596
-18.915425375625563,-48.62075479363142
-18.910434275011504,-48.61325145171361
-18.90544317439744,-48.60574595988294
-18.90045207378338,-48.59823831766976
-18.895460973169317,-48.590728524604266
-18.890469872555258,-48.583216580216764
-18.885478771941195,-48.57570248403728
-18.880487671327135,-48.56818623559602
-18.87549657071307,-48.56066783442296
-18.870505470099012,-48.55314728004808
-18.86551436948495,-48.54562457200122
-18.86052326887089,-48.538099709812336
-18.855532168256826,-48.53057269301115
-18.850541067642766,-48.52304352112741
-18.845549967028703,-48.515512193690775
-18.840558866414643,-48.507978710230844
-18.83556776580058,-48.50044307027719
-18.83057666518652,-48.49290527335929
-18.82558556457246,-48.485365319006576
-18.820594463958397,-48.47782320674838
-18.815603363344337,-48.470278936114035
-18.810612262730274,-48.462732506632825
-18.805621162116214,-48.45518391783391
-18.80063006150215,-48.44763316924637
-18.79563896088809,-48.440080260399306
-18.790647860274028,-48.43252519082175
-18.785656759659968,-48.42496796004263
-18.780665659045905,-48.41740856759084
-18.775674558431845,-48.40984701299517
-18.770683457817782,-48.402283295784464
-18.765692357203722,-48.3947174154874
-18.76070125658966,-48.38714937163256
-18.7557101559756,-48.37957916374863
-18.750719055361536,-48.37200679136407
-18.745727954747476,-48.36443225400738
-18.740736854133413,-48.35685555120697
-18.735745753519353,-48.34927668249115
-18.730754652905294,-48.34169564738824
-18.72576355229123,-48.33411244542643
-18.72077245167717,-48.32652707613394
-18.715781351063107,-48.3189395390389
-18.710790250449048,-48.311349833669304
-18.705799149834984,-48.30375795955311
-18.700808049220925,-48.296163916218326
-18.69581694860686,-48.28856770319275
-18.6908258479928,-48.28096932000423
-18.68583474737874,-48.27336876618051
-18.68084364676468,-48.26576604124931
-18.675852546150615,-48.25816114473819
-18.670861445536556,-48.250554076174744
-18.665870344922492,-48.24294483508653
-18.660879244308433,-48.23533342100097
-18.65588814369437,-48.227719833445434
-18.65089704308031,-48.22010407194722
-18.645905942466246,-48.21248613603364
-18.640914841852187,-48.204866025231915
-18.635923741238123,-48.19724373906922
-18.630932640624064,-48.18961927707257
-18.625941540010004,-48.18199263876901
-18.62095043939594,-48.174363823685525
-18.61595933878188,-48.166732831349094
-18.610968238167818,-48.159099661286454
-18.605977137553758,-48.15146431302444
-18.600986036939695,-48.143826786089775
-18.595994936325635,-48.136187080009165
-18.59100383571157,-48.12854519430918
-18.586012735097512,-48.12090112851644
-18.58102163448345,-48.11325488215732
-18.57603053386939,-48.10560645475837
-18.571039433255326,-48.097955845845846
-18.566048332641266,-48.09030305494617
-18.561057232027203,-48.08264808158551
-18.556066131413143,-48.07499092529013
-18.55107503079908,-48.0673315855861
-18.54608393018502,-48.05967006199952
-18.541092829570957,-48.05200635405638
-18.536101728956897,-48.04434046128267
-18.531110628342837,-48.03667238320423
-18.526119527728774,-48.02900211934697
-18.521128427114714,-48.02132966923662
-18.51613732650065,-48.013655032398894
-18.51114622588659,-48.005978208359394
-18.506155125272528,-47.998299196643785
-18.50116402465847,-47.990617996777566
-18.496172924044405,-47.982934608286264
-18.491181823430345,-47.975249030695224
-18.486190722816282,-47.96756126352983
-18.481199622202222,-47.9598713063154
-18.47620852158816,-47.95217915857713
-18.4712174209741,-47.94448481984021
-18.466226320360036,-47.93678828962978
-18.461235219745976,-47.92908956747084
-18.456244119131913,-47.921388652888396
-18.451253018517853,-47.91368554540745
-18.44626191790379,-47.90598024455283
-18.44127081728973,-47.8982727498493
-18.436279716675667,-47.890563060821734
-18.431288616061607,-47.88285117699474
-18.426297515447548,-47.875137097893
-18.421306414833484,-47.86742082304106
-18.416315314219425,-47.85970235196343
-18.41132421360536,-47.85198168418459
-18.4063331129913,-47.844258819228955
-18.40134201237724,-47.83653375662086
-18.39635091176318,-47.82880649588454
-18.391359811149115,-47.82107703654426
-18.386368710535056,-47.81334537812415
-18.381377609920992,-47.80561152014837
-18.376386509306933,-47.79787546214085
-18.37139540869287,-47.79013720362565
-18.36640430807881,-47.782396744126636
-18.361413207464746,-47.77465408316777
-18.356422106850687,-47.76690922027274
-18.351431006236623,-47.75916215496534
-18.346439905622564,-47.7514128867693
-18.3414488050085,-47.74366141520811
-18.33645770439444,-47.73590773980546
-18.33146660378038,-47.72815186008474
-18.326475503166318,-47.72039377556951
-18.321484402552258,-47.71263348578306
-18.316493301938195,-47.70487099024877
-18.311502201324135,-47.69710628848987
-18.306511100710072,-47.68933938002962
-18.301520000096012,-47.681570264391034
-18.29652889948195,-47.673798941097424
-18.29153779886789,-47.66602540967156
-18.286546698253826,-47.65824966963654
-18.281555597639766,-47.65047172051531
-18.276564497025703,-47.64269156183057
-18.271573396411643,-47.63490919310525
-18.26658229579758,-47.62712461386199
-18.26159119518352,-47.6193378236235
-18.256600094569457,-47.61154882191238
-18.251608993955397,-47.60375760825118
-18.246617893341334,-47.595964182162355
-18.241626792727274,-47.58816854316838
-18.23663569211321,-47.58037069079158
-18.23164459149915,-47.5725706245543
-18.22665349088509,-47.56476834397881
-18.221662390271028,-47.556963848587195
-18.21667128965697,-47.54915713790169
-18.211680189042905,-47.54134821144433
-18.206689088428845,-47.53353706873712
-18.201697987814782,-47.52572370930205
-18.196706887200722,-47.51790813266094
-18.19171578658666,-47.51009033833571
-18.1867246859726,-47.50227032584804
-18.181733585358536,-47.49444809471969
-18.176742484744477,-47.486623644472274
-18.171751384130413,-47.47879697462747
-18.166760283516354,-47.470968084706776
-18.16176918290229,-47.463136974231624
-18.15677808228823,-47.45530364272345
-18.151786981674167,-47.447468089703676
-18.146795881060108,-47.439630314693524
-18.141804780446044,-47.43179031721419
-18.136813679831985,-47.42394809678696
-18.131822579217925,-47.41610365293284
-18.12683147860386,-47.408256985173004
-18.121840377989802,-47.40040809302839
-18.11684927737574,-47.39255697601989
-18.11185817676168,-47.38470363366848
-18.106867076147616,-47.37684806549495
-18.101875975533556,-47.368990271019996
-18.096884874919493,-47.36113024976434
-18.091893774305433,-47.35326800124869
-18.08690267369137,-47.34540352499355
-18.08191157307731,-47.337536820519524
-18.076920472463247,-47.32966788734697
-18.071929371849187,-47.32179672499634
-18.066938271235124,-47.31392333298796
-18.061947170621064,-47.3060477108422
-18.056956070007,-47.298169858079156
-18.05196496939294,-47.290289774219104
-18.046973868778878,-47.28240745878211
-18.041982768164818,-47.27452291128816
-18.036991667550755,-47.26663613125728
-18.032000566936695,-47.25874711820943
-18.027009466322635,-47.25085587166445
-18.022018365708572,-47.24296239114214
-18.017027265094512,-47.23506667616229
-18.01203616448045,-47.22716872624453
-18.00704506386639,-47.21926854090848
-18.002053963252326,-47.211366119673784
-17.997062862638266,-47.2034614620599
-17.992071762024203,-47.19555456758629
-17.98708066141014,-47.18764543577231
-17.982089560796084,-47.17973406613739
-17.97709846018202,-47.17182045820066
-17.972107359567957,-47.16390461148141
-17.967116258953894,-47.155986525498875
-17.962125158339838,-47.14806619977204
-17.957134057725774,-47.140143633819896
-17.95214295711171,-47.13221882716158
-17.947151856497648,-47.124291779315804
-17.94216075588359,-47.11636248980164
-17.93716965526953,-47.108430958137696
-17.932178554655465,-47.10049718384285
-17.92718745404141,-47.0925611664357
-17.922196353427346,-47.0846229054349
-17.917205252813282,-47.07668240035897
-17.91221415219922,-47.06873965072644
-17.907223051585163,-47.06079465605574
-17.9022319509711,-47.05284741586525
-17.897240850357036,-47.044897929673255
-17.892249749742973,-47.03694619699808
-17.887258649128917,-47.02899221735788
-17.882267548514854,-47.02103599027089
-17.87727644790079,-47.013077515255056
-17.872285347286727,-47.0051167918285
-17.86729424667267,-46.997153819509194
-17.862303146058608,-46.98918859781493
-17.857312045444544,-46.98122112626366
-17.85232094483048,-46.9732514043731
-17.847329844216425,-46.96527943166107
-17.84233874360236,-46.95730520764516
-17.8373476429883,-46.949328731842996
-17.832356542374235,-46.94135000377212
-17.82736544176018,-46.933369022950025
-17.822374341146116,-46.925385788894154
-17.817383240532052,-46.91740030112191
-17.812392139917996,-46.909412559150525
-17.807401039303933,-46.90142256249727
-17.80240993868987,-46.89343031067941
-17.797418838075806,-46.88543580321399
-17.79242773746175,-46.87743903961812
-17.787436636847687,-46.86944001940887
-17.782445536233624,-46.8614387421031
-17.77745443561956,-46.85343520721775
-17.772463335005504,-46.84542941426968
-17.76747223439144,-46.83742136277557
-17.762481133777378,-46.82941105225228
-17.757490033163315,-46.82139848221635
-17.75249893254926,-46.81338365218446
-17.747507831935195,-46.80536656167311
-17.742516731321132,-46.79734721019877
-17.73752563070707,-46.7893255972779
-17.732534530093012,-46.781301722426825
-17.72754342947895,-46.77327558516186
-17.722552328864886,-46.76524718499929
-17.71756122825083,-46.7572165214552
-17.712570127636766,-46.74918359404576
-17.707579027022703,-46.741148402287116
-17.70258792640864,-46.733110945695174
-17.697596825794584,-46.725071223785925
-17.69260572518052,-46.71702923607522
-17.687614624566457,-46.708984982078974
-17.682623523952394,-46.70093846131282
-17.677632423338338,-46.69288967329261
-17.672641322724274,-46.68483861753394
-17.66765022211021,-46.67678529355234
-17.662659121496148,-46.66872970086337
-17.65766802088209,-46.66067183898259
-17.65267692026803,-46.65261170742533
-17.647685819653965,-46.64454930570693
-17.642694719039902,-46.636484633342725
-17.637703618425846,-46.62841768984796
-17.632712517811783,-46.620348474737796
-17.62772141719772,-46.61227698752732
-17.622730316583663,-46.60420322773167
-17.6177392159696,-46.59612719486574
-17.612748115355537,-46.58804888844455
-17.607757014741473,-46.579968307982966
-17.602765914127417,-46.571885452995765
-17.597774813513354,-46.56380032299774
-17.59278371289929,-46.55571291750361
-17.587792612285227,-46.547623236028016
-17.58280151167117,-46.539531278085505
-17.577810411057108,-46.53143704319065
-17.572819310443045,-46.523340530857865
-17.56782820982898,-46.5152417406016
-17.562837109214925,-46.50714067193618
-17.557846008600862,-46.49903732437589
-17.5528549079868,-46.490931697435
-17.547863807372735,-46.48282379062761
-17.54287270675868,-46.47471360346788
-17.537881606144616,-46.466601135469894
-17.532890505530553,-46.45848638614754
-17.527899404916496,-46.450369355014885
-17.522908304302433,-46.44225004158564
-17.51791720368837,-46.43412844537377
-17.512926103074307,-46.42600456589297
-17.50793500246025,-46.4178784026569
-17.502943901846187,-46.40974995517931
-17.497952801232124,-46.4016192229736
-17.49296170061806,-46.39348620555348
-17.487970600004004,-46.385350902432336
-17.48297949938994,-46.37721331312348
-17.477988398775878,-46.369073437140386
-17.472997298161815,-46.360931273996215
-17.46800619754776,-46.35278682320433
-17.463015096933695,-46.34464008427778
-17.458023996319632,-46.3364910567297
-17.45303289570557,-46.32833974007312
-17.448041795091513,-46.320186133821146
-17.44305069447745,-46.31203023748654
-17.438059593863386,-46.30387205058225
-17.433068493249323,-46.29571157262109
-17.428077392635267,-46.28754880311582
-17.423086292021203,-46.27938374157913
-17.41809519140714,-46.27121638752358
-17.413104090793084,-46.26304674046188
-17.40811299017902,-46.25487479990634
-17.403121889564957,-46.24670056536962
-17.398130788950894,-46.23852403636398
-17.393139688336838,-46.23034521240188
-17.388148587722775,-46.222164092995484
-17.38315748710871,-46.21398067765704
-17.378166386494648,-46.20579496589873
-17.373175285880592,-46.19760695723266
-17.36818418526653,-46.18941665117083
-17.363193084652465,-46.18122404722525
-17.358201984038402,-46.17302914490787
-17.353210883424346,-46.16483194373053
-17.348219782810283,-46.15663244320503
-17.34322868219622,-46.14843064284312
-17.338237581582156,-46.14022654215648
-17.3332464809681,-46.13202014065675
-17.328255380354037,-46.123811437855466
-17.323264279739973,-46.115600433264184
-17.318273179125917,-46.107387126394364
-17.313282078511854,-46.09917151675736
-17.30829097789779,-46.09095360386447
-17.303299877283727,-46.082733387227094
-17.29830877666967,-46.07451086635629
-17.293317676055608,-46.06628604076334
-17.288326575441545,-46.05805890995925
-17.28333547482748,-46.0498294734551
-17.278344374213425,-46.041597730761914
-17.273353273599362,-46.033363681390526
-17.2683621729853,-46.025127324851894
-17.263371072371235,-46.01688866065671
-17.25837997175718,-46.00864768831581
-17.253388871143116,-46.0004044073398
-17.248397770529053,-45.99215881723938
-17.24340666991499,-45.983910917525044
-17.238415569300933,-45.975660707707355
-17.23342446868687,-45.967408187296755
-17.228433368072807,-45.9591533558036
-17.22344226745875,-45.95089621273826
-17.218451166844687,-45.94263675761099
-17.213460066230624,-45.934374989931975
-17.20846896561656,-45.92611090921141
-17.203477865002505,-45.91784451495938
-17.19848676438844,-45.90957580668589
-17.193495663774378,-45.901304783900926
-17.188504563160315,-45.89303144611444
-17.18351346254626,-45.88475579283625
-17.178522361932195,-45.87647782357619
-17.173531261318132,-45.868197537844
-17.16854016070407,-45.85991493514935
-17.163549060090013,-45.85163001500181
-17.15855795947595,-45.84334277691106
-17.153566858861886,-45.835053220386506
-17.148575758247823,-45.82676134493759
-17.143584657633767,-45.81846715007383
-17.138593557019703,-45.81017063530441
-17.13360245640564,-45.80187180013865
-17.128611355791584,-45.79357064408576
-17.12362025517752,-45.785267166654876
-17.118629154563457,-45.77696136735511
-17.113638053949394,-45.76865324569551
-17.108646953335338,-45.760342801185026
-17.103655852721275,-45.752030033332595
-17.09866475210721,-45.74371494164708
-17.093673651493148,-45.735397525637225
-17.088682550879092,-45.72707778481186
-17.08369145026503,-45.718755718679574
-17.078700349650966,-45.71043132674902
-17.073709249036902,-45.70210460852878
-17.068718148422846,-45.693775563527325
-17.063727047808783,-45.68544419125311
-17.05873594719472,-45.6771104912146
-17.053744846580656,-45.66877446292
-17.0487537459666,-45.660436105877686
-17.043762645352537,-45.65209541959575
-17.038771544738474,-45.64375240358245
-17.03378044412441,-45.635407057345844
-17.028789343510354,-45.62705938039396
-17.02379824289629,-45.61870937223474
-17.018807142282228,-45.61035703237611
-17.01381604166817,-45.60200236032602
-17.008824941054108,-45.59364535559215
-17.003833840440045,-45.58528601768229
-16.99884273982598,-45.57692434610412
-16.993851639211925,-45.56856034036532
-16.988860538597862,-45.56019399997331
-16.9838694379838,-45.551825324435704
-16.978878337369736,-45.543454313259886
-16.97388723675568,-45.53508096595334
-16.968896136141616,-45.526705282023286
-16.963905035527553,-45.51832726097703
-16.95891393491349,-45.5099469023218
-16.953922834299433,-45.501564205564755
-16.94893173368537,-45.493179170212954
-16.943940633071307,-45.48479179577345
-16.938949532457244,-45.47640208175317
-16.933958431843187,-45.46801002765909
-16.928967331229124,-45.45961563299807
-16.92397623061506,-45.45121889727695
-16.918985130001005,-45.44281982000231
-16.91399402938694,-45.434418400680975
-16.90900292877288,-45.42601463881953
-16.904011828158815,-45.4176085339245
-16.89902072754476,-45.409200085502455
-16.894029626930696,-45.40078929305983
-16.889038526316632,-45.392376156102955
-16.88404742570257,-45.3839606741382
-16.879056325088513,-45.375542846671856
-16.87406522447445,-45.367122673210105
-16.869074123860386,-45.35870015325907
-16.864083023246323,-45.35027528632491
-16.859091922632267,-45.341848071913624
-16.854100822018204,-45.333418509531185
-16.84910972140414,-45.32498659868353
-16.844118620790077,-45.31655233887654
-16.83912752017602,-45.30811572961596
-16.834136419561958,-45.29967677040755
-16.829145318947894,-45.29123546075701
-16.824154218333838,-45.282791800169946
-16.819163117719775,-45.27434578815199
-16.81417201710571,-45.265897424208525
-16.80918091649165,-45.257446707845084
-16.804189815877592,-45.24899363856703
-16.79919871526353,-45.24053821587971
-16.794207614649466,-45.232080439288396
-16.789216514035402,-45.2236203082983
-16.784225413421346,-45.215157822414575
-16.779234312807283,-45.206692981142304
-16.77424321219322,-45.198225783986565
-16.769252111579156,-45.189756230452275
-16.7642610109651,-45.181284320044405
-16.759269910351037,-45.17281005226779
-16.754278809736974,-45.16433342662727
-16.74928770912291,-45.15585444262758
-16.744296608508854,-45.14737309977336
-16.73930550789479,-45.13888939756927
-16.734314407280728,-45.13040333551986
-16.729323306666664,-45.12191491312968
-16.72433220605261,-45.11342412990318
-16.719341105438545,-45.104930985344716
-16.71435000482448,-45.09643547895863
-16.709358904210426,-45.08793761024925
-16.704367803596362,-45.0794373787207
-16.6993767029823,-45.07093478387721
-16.694385602368236,-45.06242982522282
-16.68939450175418,-45.05392250226168
-16.684403401140116,-45.04541281449763
-16.679412300526053,-45.0369007614347
-16.67442119991199,-45.028386342576724
-16.669430099297934,-45.019869557427505
-16.66443899868387,-45.01135040549081
-16.659447898069807,-45.002828886270315
-16.654456797455744,-44.99430499926963
-16.649465696841688,-44.985778743992384
-16.644474596227624,-44.97725011994203
-16.63948349561356,-44.96871912662205
-16.634492394999498,-44.960185763535854
-16.62950129438544,-44.95165003018676
-16.62451019377138,-44.94311192607808
-16.619519093157315,-44.93457145071297
-16.61452799254326,-44.92602860359468
-16.609536891929196,-44.91748338422628
-16.604545791315132,-44.908935792110746
-16.59955469070107,-44.900385826751126
-16.594563590087013,-44.891833487650416
-16.58957248947295,-44.88327877431135
-16.584581388858886,-44.87472168623683
-16.579590288244823,-44.86616222292965
-16.574599187630767,-44.85760038389236
-16.569608087016704,-44.849036168627755
-16.56461698640264,-44.84046957663829
-16.559625885788577,-44.83190060742654
-16.55463478517452,-44.82332926049501
-16.549643684560458,-44.814755535345974
-16.544652583946394,-44.8061794314819
-16.53966148333233,-44.79760094840505
-16.534670382718275,-44.78902008561759
-16.529679282104212,-44.78043684262177
-16.52468818149015,-44.771851218919586
-16.519697080876092,-44.763263214013215
-16.51470598026203,-44.75467282740458
-16.509714879647966,-44.746080058595645
-16.504723779033903,-44.73748490708824
-16.499732678419846,-44.72888737238425
-16.494741577805783,-44.7202874539854
-16.48975047719172,-44.711685151393404
-16.484759376577657,-44.7030804641099
-16.4797682759636,-44.6944733916365
-16.474777175349537,-44.6858639334746
-16.469786074735474,-44.67725208912577
-16.46479497412141,-44.6686378580915
-16.459803873507354,-44.660021239873025
-16.45481277289329,-44.65140223397166
-16.449821672279228,-44.64278083988861
-16.444830571665165,-44.63415705712513
-16.43983947105111,-44.62553088518224
-16.434848370437045,-44.6169023235611
-16.429857269822982,-44.608271371762626
-16.424866169208926,-44.59963802928782
-16.419875068594862,-44.59100229563751
-16.4148839679808,-44.582364170312545
-16.409892867366736,-44.5737236528137
-16.40490176675268,-44.56508074264174
-16.399910666138616,-44.55643543929718
-16.394919565524553,-44.547787742280725
-16.38992846491049,-44.53913765109285
-16.384937364296434,-44.530485165234076
-16.37994626368237,-44.52183028420475
-16.374955163068307,-44.5131730075053
-16.369964062454244,-44.504513334635995
-16.364972961840188,-44.49585126509704
-16.359981861226125,-44.48718679838875
-16.35499076061206,-44.47851993401105
-16.349999659997998,-44.469850671464144
-16.345008559383942,-44.461179010248046
-16.34001745876988,-44.45250494986265
-16.335026358155815,-44.44382848980783
-16.330035257541752,-44.4351496295835
-16.325044156927696,-44.426468368689385
-16.320053056313633,-44.41778470662517
-16.31506195569957,-44.40909864289058
-16.310070855085513,-44.40041017698516
-16.30507975447145,-44.391719308408476
-16.300088653857387,-44.38302603665999
-16.295097553243323,-44.374330361239195
-16.290106452629267,-44.365632281645404
-16.285115352015204,-44.3569317973779
-16.28012425140114,-44.34822890793595
-16.275133150787077,-44.33952361281878
-16.27014205017302,-44.330815911525534
-16.265150949558958,-44.32210580355516
-16.260159848944895,-44.313393288406836
-16.25516874833083,-44.304678365579484
-16.250177647716775,-44.29596103457187
-16.245186547102712,-44.28724129488302
-16.24019544648865,-44.27851914601161
-16.235204345874585,-44.269794587456424
-16.23021324526053,-44.26106761871607
-16.225222144646466,-44.25233823928916
-16.220231044032403,-44.24360644867432
-16.215239943418347,-44.23487224636999
-16.210248842804283,-44.22613563187458
-16.20525774219022,-44.21739660468647
-16.200266641576157,-44.20865516430406
-16.1952755409621,-44.199911310225474
-16.190284440348037,-44.19116504194909
-16.185293339733974,-44.18241635897285
-16.18030223911991,-44.173665260795
-16.175311138505855,-44.16491174691346
-16.17032003789179,-44.15615581682626
-16.165328937277728,-44.14739747003132
-16.160337836663665,-44.13863670602643
-16.15534673604961,-44.12987352430946
-16.150355635435545,-44.121107924378094
-16.145364534821482,-44.11233990572998
-16.14037343420742,-44.10356946786282
-16.135382333593363,-44.09479661027414
-16.1303912329793,-44.08602133246144
-16.125400132365236,-44.077243633922116
-16.12040903175118,-44.06846351415362
-16.115417931137117,-44.059680972653304
-16.110426830523053,-44.050896008918336
-16.10543572990899,-44.04210862244602
-16.100444629294934,-44.033318812733484
-16.09545352868087,-44.02452657927778
-16.090462428066807,-44.015731921576005
-16.085471327452744,-44.00693483912506
-16.080480226838688,-43.998135331422
-16.075489126224625,-43.98933339796361
-16.07049802561056,-43.98052903824669
-16.065506924996498,-43.97172225176796
-16.060515824382442,-43.96291303802419
-16.05552472376838,-43.954101396511895
-16.050533623154315,-43.94528732672777
-16.045542522540252,-43.936470828168254
-16.040551421926196,-43.92765190032984
-16.035560321312133,-43.91883054270889
-16.03056922069807,-43.91000675480176
-16.025578120084013,-43.90118053610479
-16.02058701946995,-43.8923518861141
-16.015595918855887,-43.88352080432594
-16.010604818241823,-43.874687290236345
-16.005613717627767,-43.865851343341426
-16.000622617013704,-43.857012963137144
-15.99563151639964,-43.84817214911944
-15.990640415785577,-43.8393289007842
-15.985649315171521,-43.830483217627254
-15.980658214557458,-43.82163509914434
-15.975667113943395,-43.81278454483112
-15.970676013329332,-43.803931554183315
-15.965684912715275,-43.79507612669646
-15.960693812101212,-43.786218261866075
-15.955702711487149,-43.7773579591877
-15.950711610873086,-43.76849521815666
-15.94572051025903,-43.75963003826836
-15.940729409644966,-43.750762419018024
-15.935738309030903,-43.74189235990099
-15.93074720841684,-43.73301986041237
-15.925756107802783,-43.724144920047294
-15.92076500718872,-43.71526753830086
-15.915773906574657,-43.7063877146681
-15.9107828059606,-43.69750544864381
-15.905791705346537,-43.688620739723035
-15.900800604732474,-43.67973358740057
-15.89580950411841,-43.67084399117111
-15.890818403504355,-43.66195195052948
-15.885827302890291,-43.65305746497027
-15.880836202276228,-43.64416053398809
-15.875845101662165,-43.63526115707747
-15.870854001048109,-43.62635933373291
-15.865862900434045,-43.61745506344886
-15.860871799819982,-43.60854834571965
-15.855880699205919,-43.599639180039546
-15.850889598591863,-43.59072756590292
-15.8458984979778,-43.58181350280386
-15.840907397363736,-43.57289699023651
-15.835916296749673,-43.56397802769499
-15.830925196135617,-43.55505661467335
-15.825934095521554,-43.54613275066545
-15.82094299490749,-43.537206435165274
-15.815951894293434,-43.5282776676667
-15.81096079367937,-43.519346447663374
-15.805969693065308,-43.51041277464914
-15.800978592451244,-43.501476648117645
-15.795987491837188,-43.4925380675625
-15.790996391223125,-43.4835970324772
-15.786005290609062,-43.47465354235535
-15.781014189994998,-43.465707596690365
-15.776023089380942,-43.45675919497555
-15.771031988766879,-43.44780833670432
-15.766040888152816,-43.43885502136985
-15.761049787538752,-43.42989924846542
-15.756058686924696,-43.42094101748419
-15.751067586310633,-43.4119803279192
-15.74607648569657,-43.40301717926352
-15.741085385082506,-43.39405157101007
-15.73609428446845,-43.38508350265186
-15.731103183854387,-43.37611297368169
-15.726112083240324,-43.367139983592374
-15.721120982626267,-43.35816453187668
-15.716129882012204,-43.34918661802726
-15.711138781398141,-43.3402062415368
-15.706147680784078,-43.331223401897766
-15.701156580170021,-43.32223809860278
-15.696165479555958,-43.31325033114422
-15.691174378941895,-43.30426009901454
-15.686183278327832,-43.295267401706056
-15.681192177713775,-43.28627223871108
-15.676201077099712,-43.27727460952179
-15.671209976485649,-43.26827451363034
-15.666218875871586,-43.2592719505289
-15.66122777525753,-43.25026691970953
-15.656236674643466,-43.24125942066412
-15.651245574029403,-43.23224945288469
-15.64625447341534,-43.223237015863134
-15.641263372801284,-43.21422210909124
-15.63627227218722,-43.20520473206073
-15.631281171573157,-43.19618488426334
-15.6262900709591,-43.18716256519075
-15.621298970345038,-43.17813777433455
-15.616307869730974,-43.1691105111862
-15.611316769116911,-43.160080775237184
-15.606325668502855,-43.15104856597899
-15.601334567888792,-43.14201388290292
-15.596343467274728,-43.13297672550032
-15.591352366660665,-43.123937093262334
-15.586361266046609,-43.1148949856803
-15.581370165432546,-43.10585040224521
-15.576379064818482,-43.09680334244815
-15.571387964204419,-43.087753805780174
-15.566396863590363,-43.07870179173225
-15.5614057629763,-43.06964729979521
-15.556414662362236,-43.06059032945996
-15.551423561748173,-43.05153088021723
-15.546432461134117,-43.04246895155778
-15.541441360520054,-43.0334045429722
-15.53645025990599,-43.0243376539512
-15.531459159291927,-43.01526828398527
-15.526468058677871,-43.006196432564906
-15.521476958063808,-42.997122099180515
-15.516485857449744,-42.98804528332256
-15.511494756835688,-42.97896598448127
-15.506503656221625,-42.96988420214693
-15.501512555607562,-42.96079993580975
-15.496521454993498,-42.951713184959885
-15.491530354379442,-42.942623949087455
-15.486539253765379,-42.933532227682385
-15.481548153151316,-42.92443802023473
-15.476557052537252,-42.91534132623439
-15.471565951923196,-42.90624214517123
-15.466574851309133,-42.89714047653501
-15.46158375069507,-42.8880363198155
-15.456592650081006,-42.87892967450241
-15.45160154946695,-42.8698205400853
-15.446610448852887,-42.860708916053824
-15.441619348238824,-42.85159480189739
-15.43662824762476,-42.8424781971055
-15.431637147010704,-42.833359101167595
-15.426646046396641,-42.82423751357297
-15.421654945782578,-42.81511343381083
-15.416663845168522,-42.805986861370556
-15.411672744554458,-42.79685779574121
-15.406681643940395,-42.78772623641191
-15.401690543326332,-42.778592182871726
-15.396699442712276,-42.769455634609656
-15.391708342098212,-42.76031659111456
-15.386717241484149,-42.751175051875435
-15.381726140870086,-42.742031016381006
-15.37673504025603,-42.732884484120106
-15.371743939641966,-42.723735454581345
-15.366752839027903,-42.71458392725345
-15.36176173841384,-42.705429901625
-15.356770637799784,-42.69627337718447
-15.35177953718572,-42.68711435342038
-15.346788436571657,-42.677952829821216
-15.341797335957594,-42.66878880587515
-15.336806235343538,-42.65962228107063
-15.331815134729474,-42.65045325489588
-15.326824034115411,-42.64128172683905
-15.321832933501355,-42.63210769638826
-15.316841832887292,-42.622931163031694
-15.311850732273228,-42.61375212625717
-15.306859631659165,-42.60457058555279
-15.301868531045109,-42.59538654040647
-15.296877430431046,-42.58619999030595
-15.291886329816982,-42.57701093473902
-15.28689522920292,-42.56781937319348
-15.281904128588863,-42.558625305156944
-15.2769130279748,-42.54942873011706
-15.271921927360737,-42.54022964756134
-15.266930826746673,-42.531028056977284
-15.261939726132617,-42.521823957852355
-15.256948625518554,-42.51261734967388
-15.25195752490449,-42.50340823192928
-15.246966424290427,-42.49419660410577
-15.241975323676371,-42.484982465690486
-15.236984223062308,-42.475765816170686
-15.231993122448245,-42.4665466550334
-15.227002021834181,-42.457324981765716
-15.222010921220125,-42.448100795854565
-15.217019820606062,-42.438874096786876
-15.212028719991999,-42.42964488404947
-15.207037619377942,-42.42041315712929
-15.20204651876388,-42.41117891551292
-15.197055418149816,-42.40194215868713
-15.192064317535753,-42.39270288613856
-15.187073216921696,-42.38346109735376
-15.182082116307633,-42.37421679181929
-15.17709101569357,-42.364969969021516
-15.172099915079507,-42.35572062844693
-15.16710881446545,-42.34646876958187
-15.162117713851387,-42.33721439191261
-15.157126613237324,-42.32795749492534
-15.15213551262326,-42.31869807810632
-15.147144412009204,-42.30943614094161
-15.142153311395141,-42.300171682917195
-15.137162210781078,-42.29090470351923
-15.132171110167015,-42.281635202233566
-15.127180009552958,-42.27236317854611
-15.122188908938895,-42.263088631942665
-15.117197808324832,-42.253811561909046
-15.112206707710776,-42.244531967930975
-15.107215607096713,-42.23524984949406
-15.10222450648265,-42.22596520608391
-15.097233405868586,-42.21667803718607
-15.09224230525453,-42.207388342286016
-15.087251204640467,-42.1980961208692
-15.082260104026403,-42.18880137242098
-15.07726900341234,-42.17950409642669
-15.072277902798284,-42.17020429237155
-15.06728680218422,-42.16090195974079
-15.062295701570157,-42.151597098019515
-15.057304600956094,-42.142289706692836
-15.052313500342038,-42.13297978524578
-15.047322399727975,-42.12366733316328
-15.042331299113911,-42.114352349930286
-15.037340198499848,-42.10503483503161
-15.032349097885792,-42.095714787952126
-15.027357997271729,-42.0863922081765
-15.022366896657665,-42.077067095189435
-15.01737579604361,-42.067739448475514
-15.012384695429546,-42.05840926751937
-15.007393594815483,-42.04907655180549
-15.00240249420142,-42.03974130081834
-14.997411393587363,-42.03040351404227
-14.9924202929733,-42.02106319096167
-14.987429192359237,-42.011720331060786
-14.982438091745173,-42.002374933823845
-14.977446991131117,-41.99302699873501
-14.972455890517054,-41.983676525278426
-14.96746478990299,-41.97432351293809
-14.962473689288927,-41.964967961198084
-14.957482588674871,-41.955609869542236
-14.952491488060808,-41.946249237454445
-14.947500387446745,-41.93688606441861
-14.942509286832681,-41.9275203499184
-14.937518186218625,-41.9181520934376
-14.932527085604562,-41.90878129445985
-14.927535984990499,-41.89940795246865
-14.922544884376443,-41.89003206694766
-14.91755378376238,-41.88065363738028
-14.912562683148316,-41.87127266324999
-14.907571582534253,-41.86188914404007
-14.902580481920197,-41.85250307923396
-14.897589381306133,-41.84311446831475
-14.89259828069207,-41.83372331076576
-14.887607180078007,-41.82432960607008
-14.88261607946395,-41.814933353710735
-14.877624978849887,-41.80553455317083
-14.872633878235824,-41.79613320393329
-14.86764277762176,-41.786729305481
-14.862651677007705,-41.777322857296895
-14.857660576393641,-41.76791385886363
-14.852669475779578,-41.75850230966401
-14.847678375165515,-41.74908820918073
-14.842687274551459,-41.739671556896475
-14.837696173937395,-41.73025235229363
-14.832705073323332,-41.72083059485486
-14.827713972709269,-41.71140628406255
-14.822722872095213,-41.701979419399095
-14.81773177148115,-41.69255000034679
-14.812740670867086,-41.683118026387966
-14.80774957025303,-41.67368349700487
-14.802758469638967,-41.664246411679606
-14.797767369024903,-41.65480676989427
-14.79277626841084,-41.645364571131005
-14.787785167796784,-41.63591981487168
-14.78279406718272,-41.62647250059831
-14.777802966568657,-41.61702262779273
-14.772811865954594,-41.607570195936766
-14.767820765340538,-41.59811520451223
-14.762829664726475,-41.58865765300079
-14.757838564112411,-41.579197540884074
-14.752847463498348,-41.5697348676437
-14.747856362884292,-41.56026963276122
-14.742865262270229,-41.5508018357181
-14.737874161656165,-41.54133147599571
-14.732883061042102,-41.53185855307549
-14.727891960428046,-41.52238306643871
-14.722900859813983,-41.51290501556656
-14.71790975919992,-41.50342439994032
-14.712918658585863,-41.49394121904115
-14.7079275579718,-41.484455472349985
-14.702936457357737,-41.474967159348
-14.697945356743674,-41.46547627951606
-14.692954256129617,-41.455982832335124
-14.687963155515554,-41.44648681728601
-14.68297205490149,-41.43698823384947
-14.677980954287428,-41.42748708150636
-14.672989853673371,-41.417983359737285
-14.667998753059308,-41.40847706802286
-14.663007652445245,-41.39896820584365
-14.658016551831182,-41.389456772680184
-14.653025451217125,-41.37994276801288
-14.648034350603062,-41.37042619132217
-14.643043249988999,-41.360907042088385
-14.638052149374936,-41.351385319791774
-14.63306104876088,-41.34186102391254
-14.628069948146816,-41.332334153930965
-14.623078847532753,-41.322804709326995
-14.618087746918697,-41.31327268958079
-14.613096646304633,-41.30373809417233
-14.60810554569057,-41.29420092258153
-14.603114445076507,-41.28466117428825
-14.59812334446245,-41.27511884877237
-14.593132243848387,-41.26557394551363
-14.588141143234324,-41.25602646399171
-14.583150042620261,-41.2464764036863
-14.578158942006205,-41.236923764077
-14.573167841392141,-41.2273685446433
-14.568176740778078,-41.217810744864735
-14.563185640164015,-41.20825036422069
-14.558194539549959,-41.19868740219059
-14.553203438935896,-41.18912185825364
-14.548212338321832,-41.1795537318892
-14.543221237707769,-41.169983022576425
-14.538230137093713,-41.16040972979443
-14.53323903647965,-41.15083385302234
-14.528247935865586,-41.141255391739115
-14.52325683525153,-41.13167434542382
-14.518265734637467,-41.12209071355528
-14.513274634023404,-41.11250449561243
-14.50828353340934,-41.10291569107395
-14.503292432795284,-41.09332429941871
-14.49830133218122,-41.08373032012533
-14.493310231567158,-41.07413375267245
-14.488319130953094,-41.064534596538614
-14.483328030339038,-41.05493285120239
-14.478336929724975,-41.0453285161422
-14.473345829110912,-41.035721590836424
-14.468354728496848,-41.02611207476342
-14.463363627882792,-41.0164999674015
-14.458372527268729,-41.006885268228864
-14.453381426654666,-40.99726797672366
-14.448390326040602,-40.98764809236409
-14.443399225426546,-40.97802561462816
-14.438408124812483,-40.96840054299378
-14.43341702419842,-40.95877287693904
-14.428425923584356,-40.949142615941774
-14.4234348229703,-40.93950975947982
-14.418443722356237,-40.9298743070309
-14.413452621742174,-40.92023625807283
-14.408461521128118,-40.91059561208317
-14.403470420514054,-40.90095236853957
-14.398479319899991,-40.891306526919614
-14.393488219285928,-40.88165808670069
-14.388497118671872,-40.87200704736038
-14.383506018057808,-40.862353408375895
-14.378514917443745,-40.852697169224626
-14.373523816829682,-40.84303832938386
-14.368532716215626,-40.833376888330825
-14.363541615601562,-40.82371284554258
-14.358550514987499,-40.81404620049625
-14.353559414373436,-40.804376952668896
-14.34856831375938,-40.79470510153753
-14.343577213145316,-40.78503064657899
-14.338586112531253,-40.77535358727019
-14.33359501191719,-40.76567392308794
-14.328603911303134,-40.755991653508964
-14.32361281068907,-40.74630677800997
-14.318621710075007,-40.736619296067616
-14.313630609460951,-40.72692920715848
-14.308639508846888,-40.71723651075904
-14.303648408232824,-40.70754120634583
-14.298657307618761,-40.69784329339521
-14.293666207004705,-40.6881427713835
-14.288675106390642,-40.6784396397871
-14.283684005776578,-40.66873389808219
-14.278692905162515,-40.65902554574496
-14.273701804548459,-40.64931458225155
-14.268710703934396,-40.639601007077985
-14.263719603320332,-40.62988481970032
-14.25872850270627,-40.62016601959454
-14.253737402092213,-40.61044460623651
-14.24874630147815,-40.60072057910204
-14.243755200864086,-40.59099393766699
-14.238764100250023,-40.581264681407006
-14.233772999635967,-40.57153280979785
-14.228781899021904,-40.56179832231506
-14.22379079840784,-40.55206121843427
-14.218799697793784,-40.54232149763093
-14.213808597179721,-40.53257915938049
-14.208817496565658,-40.52283420315834
-14.203826395951594,-40.5130866284398
-14.198835295337538,-40.503336434700245
-14.193844194723475,-40.49358362141478
-14.188853094109412,-40.48382818805859
-14.183861993495348,-40.47407013410684
-14.178870892881292,-40.46430945903451
-14.173879792267229,-40.45454616231663
-14.168888691653166,-40.44478024342814
-14.163897591039103,-40.435011701843926
-14.158906490425046,-40.42524053703882
-14.153915389810983,-40.41546674848753
-14.14892428919692,-40.40569033566478
-14.143933188582857,-40.39591129804524
-14.1389420879688,-40.386129635103586
-14.133950987354737,-40.37634534631418
-14.128959886740674,-40.366558431151674
-14.12396878612661,-40.35676888909041
-14.118977685512554,-40.346976719604825
-14.113986584898491,-40.337181922169115
-14.108995484284428,-40.32738449625762
-14.104004383670372,-40.31758444134459
-14.099013283056308,-40.30778175690408
-14.094022182442245,-40.29797644241021
-14.089031081828182,-40.28816849733699
-14.084039981214126,-40.278357921158424
-14.079048880600062,-40.26854471334841
-14.074057779986,-40.25872887338082
-14.069066679371936,-40.24891040072943
-14.06407557875788,-40.23908929486808
-14.059084478143816,-40.229265555270324
-14.054093377529753,-40.21943918140992
-14.04910227691569,-40.20961017276036
-14.044111176301634,-40.19977852879522
-14.03912007568757,-40.18994424898794
-14.034128975073507,-40.1801073328119
-14.029137874459444,-40.170267779740534
-14.024146773845388,-40.160425589247076
-14.019155673231324,-40.15058076080481
-14.014164572617261,-40.14073329388687
-14.009173472003205,-40.13088318796637
-14.004182371389142,-40.12103044251642
-13.999191270775079,-40.11117505701003
-13.994200170161015,-40.101317030920164
-13.989209069546959,-40.09145636371971
-13.984217968932896,-40.08159305488148
-13.979226868318833,-40.07172710387834
-13.97423576770477,-40.0618585101829
-13.969244667090713,-40.05198727326793
-13.96425356647665,-40.04211339260607
-13.959262465862587,-40.03223686766981
-13.954271365248523,-40.02235769793165
-13.949280264634467,-40.01247588286408
-13.944289164020404,-40.00259142193948
-13.93929806340634,-39.99270431463022
-13.934306962792277,-39.98281456040851
-13.929315862178221,-39.97292215874662
-13.924324761564158,-39.963027109116716
-13.919333660950095,-39.953129410990854
-13.914342560336038,-39.943229063841166
-13.909351459721975,-39.933326067139575
-13.904360359107912,-39.92342042035808
-13.899369258493849,-39.91351212296855
-13.894378157879792,-39.90360117444278
-13.88938705726573,-39.89368757425255
-13.884395956651666,-39.88377132186963
-13.879404856037603,-39.87385241676561
-13.874413755423546,-39.8639308584121
-13.869422654809483,-39.85400664628069
-13.86443155419542,-39.84407977984286
-13.859440453581357,-39.834150258570006
-13.8544493529673,-39.82421808193352
-13.849458252353237,-39.81428324940474
-13.844467151739174,-39.804345760454915
-13.83947605112511,-39.79440561455524
-13.834484950511055,-39.78446281117689
-13.829493849896991,-39.77451734979092
-13.824502749282928,-39.764569229868464
-13.819511648668872,-39.75461845088039
-13.814520548054809,-39.74466501229767
-13.809529447440745,-39.73470891359117
-13.804538346826682,-39.7247501542317
-13.799547246212626,-39.71478873369002
-13.794556145598563,-39.70482465143683
-13.7895650449845,-39.69485790694275
-13.784573944370436,-39.6848884996784
-13.77958284375638,-39.674916429114326
-13.774591743142317,-39.66494169472099
-13.769600642528253,-39.65496429596877
-13.76460954191419,-39.64498423232805
-13.759618441300134,-39.63500150326917
-13.75462734068607,-39.625016108262336
-13.749636240072007,-39.61502804677774
-13.744645139457944,-39.60503731828556
-13.739654038843888,-39.59504392225587
-13.734662938229825,-39.585047858158646
-13.729671837615761,-39.57504912546383
-13.724680737001698,-39.565047723641456
-13.719689636387642,-39.555043652161324
-13.714698535773579,-39.545036910493195
-13.709707435159515,-39.53502749810681
-13.70471633454546,-39.52501541447191
-13.699725233931396,-39.51500065905809
-13.694734133317333,-39.504983231334975
-13.68974303270327,-39.494963130771964
-13.684751932089213,-39.48494035683864
-13.67976083147515,-39.47491490900439
-13.674769730861087,-39.46488678673848
-13.669778630247023,-39.454855989510285
-13.664787529632967,-39.444822516788975
-13.659796429018904,-39.434786368043845
-13.65480532840484,-39.424747542743866
-13.649814227790777,-39.41470604035823
-13.644823127176721,-39.40466186035591
-13.639832026562658,-39.39461500220583
-13.634840925948595,-39.384565465376895
-13.629849825334531,-39.37451324933799
-13.624858724720475,-39.36445835355784
-13.619867624106412,-39.35440077750527
-13.614876523492349,-39.34434052064886
-13.609885422878293,-39.33427758245731
-13.60489432226423,-39.32421196239912
-13.599903221650166,-39.31414365994277
-13.594912121036103,-39.30407267455679
-13.589921020422047,-39.29399900570952
-13.584929919807983,-39.28392265286931
-13.57993881919392,-39.273843615504454
-13.574947718579857,-39.263761893083206
-13.5699566179658,-39.25367748507365
-13.564965517351737,-39.24359039094392
-13.559974416737674,-39.23350061016217
-13.55498331612361,-39.22340814219624
-13.549992215509555,-39.21331298651425
-13.545001114895491,-39.203215142583964
-13.540010014281428,-39.19311460987325
-13.535018913667365,-39.183011387849845
-13.530027813053309,-39.17290547598155
-13.525036712439245,-39.16279687373598
-13.520045611825182,-39.152685580580766
-13.515054511211126,-39.142571595983405
-13.510063410597063,-39.13245491941146
-13.505072309983,-39.12233555033235
-13.500081209368936,-39.11221348821339
-13.49509010875488,-39.102088732522006
-13.490099008140817,-39.09196128272544
-13.485107907526753,-39.08183113829089
-13.48011680691269,-39.071698298685476
-13.475125706298634,-39.061562763376415
-13.47013460568457,-39.05142453183063
-13.465143505070508,-39.0412836035152
-13.460152404456444,-39.03113997789697
-13.455161303842388,-39.02099365444294
-13.450170203228325,-39.0108446326198
-13.445179102614262,-39.00069291189443
-13.440188002000198,-38.990538491733474
-13.435196901386142,-38.980381371603606
-13.430205800772079,-38.970221550971445
-13.425214700158016,-38.960059029303444
-13.42022359954396,-38.94989380606621
-13.415232498929896,-38.939725880726115
-13.410241398315833,-38.92955525274951
-13.40525029770177,-38.919381921602735
-13.400259197087713,-38.909205886752105
-13.39526809647365,-38.8990271476637
-13.390276995859587,-38.88884570380378
-13.385285895245524,-38.878661554638434
-13.380294794631467,-38.86847469963367
-13.375303694017404,-38.858285138255475
-13.37031259340334,-38.84809286996973
-13.365321492789278,-38.8378978942424
-13.360330392175221,-38.82770021053923
-13.355339291561158,-38.817499818325956
-13.350348190947095,-38.80729671706837
-13.345357090333032,-38.797090906232064
-13.340365989718975,-38.78688238528258
-13.335374889104912,-38.77667115368554
-13.330383788490849,-38.7664572109064
-13.325392687876786,-38.75624055641054
-13.32040158726273,-38.74602118966339
-13.315410486648666,-38.73579911013017
-13.310419386034603,-38.725574317276234
-13.305428285420547,-38.7153468105667
-13.300437184806484,-38.70511658946678
-13.29544608419242,-38.69488365344153
-13.290454983578357,-38.68464800195594
-13.2854638829643,-38.6744096344751
-13.280472782350238,-38.66416855046376
-13.275481681736174,-38.65392474938693
-13.270490581122111,-38.64367823070935
-13.265499480508055,-38.633428993895784
-13.260508379893992,-38.623177038410944
-13.255517279279928,-38.61292236371944
-13.250526178665865,-38.60266496928581
-13.245535078051809,-38.5924048545747
-13.240543977437746,-38.58214201905051
-13.235552876823682,-38.57187646217769
-13.230561776209619,-38.56160818342053
-13.225570675595563,-38.55133718224343
-13.2205795749815,-38.541063458110585
-13.215588474367436,-38.53078701048618
-13.21059737375338,-38.520507838834355
-13.205606273139317,-38.51022594261922
-13.200615172525254,-38.49994132130476
-13.19562407191119,-38.48965397435496
-13.190632971297134,-38.47936390123375
-13.185641870683071,-38.46907110140499
-13.180650770069008,-38.458775574332435
-13.175659669454944,-38.448477319479906
-13.170668568840888,-38.43817633631102
-13.165677468226825,-38.42787262428944
-13.160686367612762,-38.41756618287871
-13.155695266998698,-38.40725701154241
-13.150704166384642,-38.39694510974401
-13.145713065770579,-38.38663047694693
-13.140721965156516,-38.3763131126144
-13.135730864542452,-38.36599301620986
-13.130739763928396,-38.355670187196516
-13.125748663314333,-38.34534462503748
-13.12075756270027,-38.335016329195994
-13.115766462086214,-38.32468529913513
-13.11077536147215,-38.31435153431778
-13.105784260858087,-38.30401503420705
-13.100793160244024,-38.293675798265745
-13.095802059629968,-38.28333382595682
-13.090810959015904,-38.27298911674298
-13.085819858401841,-38.26264167008697
-13.080828757787778,-38.25229148545157
-13.075837657173722,-38.24193856229934
-13.070846556559658,-38.231582900092874
-13.065855455945595,-38.22122449829464
-13.060864355331532,-38.2108633563672
-13.055873254717476,-38.20049947377285
-13.050882154103412,-38.19013284997402
-13.045891053489349,-38.179763484432996
-13.040899952875286,-38.169391376612
-13.03590885226123,-38.15901652597319
-13.030917751647166,-38.14863893197875
-13.025926651033103,-38.1382585940907
-13.020935550419047,-38.127875511771116
-13.015944449804984,-38.11748968448192
-13.01095334919092,-38.107101111685004
-13.005962248576857,-38.09670979284227
-13.000971147962801,-38.08631572741547
-12.995980047348738,-38.075918914866335
-12.990988946734674,-38.06551935465662
-12.985997846120611,-38.055117046247865
-12.981006745506555,-38.04471198910167
-12.976015644892492,-38.03430418267957
-12.971024544278428,-38.02389362644301
-12.966033443664365,-38.01348031985337
-12.961042343050309,-38.00306426237209
-12.956051242436246,-37.99264545346038
-12.951060141822182,-37.98222389257946
-12.94606904120812,-37.97179957919063
-12.941077940594063,-37.96137251275489
-12.93608683998,-37.950942692733385
-12.931095739365936,-37.94051011858704
-12.926104638751873,-37.930074789776974
-12.921113538137817,-37.919636705763914
-12.916122437523754,-37.909195866008865
-12.91113133690969,-37.89875226997249
-12.906140236295634,-37.88830591711562
-12.901149135681571,-37.877856806898876
-12.896158035067508,-37.867404938782904
-12.891166934453445,-37.85695031222832
-12.886175833839388,-37.8464929266956
-12.881184733225325,-37.8360327816451
-12.876193632611262,-37.82556987653744
-12.871202531997199,-37.815104210832835
-12.866211431383142,-37.804635783991586
-12.86122033076908,-37.79416459547393
-12.856229230155016,-37.783690644740034
-12.851238129540953,-37.7732139312501
-12.846247028926896,-37.76273445446413
-12.841255928312833,-37.75225221384212
-12.83626482769877,-37.74176720884413
-12.831273727084707,-37.73127943892993
-12.82628262647065,-37.72078890355951
-12.821291525856587,-37.71029560219257
-12.816300425242524,-37.69979953428885
-12.811309324628468,-37.68930069930809
-12.806318224014404,-37.67879909670986
-12.801327123400341,-37.66829472595373
-12.796336022786278,-37.657787586499246
-12.791344922172222,-37.647277677805874
-12.786353821558158,-37.636764999332975
-12.781362720944095,-37.626249550539946
-12.776371620330032,-37.615731330886035
-12.771380519715976,-37.60521033983052
-12.766389419101912,-37.594686576832544
-12.76139831848785,-37.58416004135127
-12.756407217873786,-37.57363073284575
-12.75141611725973,-37.56309865077502
-12.746425016645667,-37.552563794598
-12.741433916031603,-37.54202616377363
-12.73644281541754,-37.53148575776075
-12.731451714803484,-37.52094257601816
-12.72646061418942,-37.510396618004606
-12.721469513575357,-37.49984788317872
-12.716478412961301,-37.48929637099923
-12.711487312347238,-37.47874208092457
-12.706496211733175,-37.46818501241338
-12.701505111119111,-37.45762516492406
-12.696514010505055,-37.44706253791503
-12.691522909890992,-37.43649713084467
-12.686531809276929,-37.42592894317118
-12.681540708662865,-37.415357974352894
-12.67654960804881,-37.404784223848026
-12.671558507434746,-37.39420769111455
-12.666567406820683,-37.383628375610705
-12.66157630620662,-37.373046276794426
-12.656585205592563,-37.362461394123706
-12.6515941049785,-37.351873727056436
-12.646603004364437,-37.34128327505045
-12.641611903750373,-37.33069003756356
-12.636620803136317,-37.32009401405353
-12.631629702522254,-37.30949520397803
-12.62663860190819,-37.29889360679467
-12.621647501294127,-37.288289221961065
-12.616656400680071,-37.27768204893469
-12.611665300066008,-37.2670720871731
-12.606674199451945,-37.25645933613353
-12.601683098837889,-37.245843795273515
-12.596691998223825,-37.235225464050274
-12.591700897609762,-37.224604341921
-12.586709796995699,-37.21398042834303
-12.581718696381643,-37.20335372277333
-12.57672759576758,-37.19272422466911
-12.571736495153516,-37.18209193348728
-12.566745394539453,-37.17145684868491
-12.561754293925397,-37.16081896971882
-12.556763193311333,-37.150178296045915
-12.55177209269727,-37.139534827122965
-12.546780992083207,-37.12888856240677
-12.54178989146915,-37.11823950135399
-12.536798790855087,-37.10758764342126
-12.531807690241024,-37.09693298806512
-12.52681658962696,-37.08627553474217
-12.521825489012905,-37.07561528290884
-12.516834388398841,-37.06495223202152
-12.511843287784778,-37.05428638153663
-12.506852187170722,-37.043617730910405
-12.501861086556659,-37.03294627959914
-12.496869985942595,-37.022272027058996
-12.491878885328532,-37.01159497274612
-12.486887784714476,-37.00091511611661
-12.481896684100413,-36.9902324566265
-12.47690558348635,-36.97954699373173
-12.471914482872286,-36.968858726888236
-12.46692338225823,-36.95816765555189
-12.461932281644167,-36.94747377917846
-12.456941181030103,-36.93677709722374
-12.45195008041604,-36.92607760914338
-12.446958979801984,-36.91537531439308
-12.44196787918792,-36.904670212428364
-12.436976778573857,-36.893962302704786
-12.431985677959794,-36.88325158467786
-12.426994577345738,-36.87253805780291
-12.422003476731675,-36.8618217215354
-12.417012376117611,-36.85110257533063
-12.412021275503555,-36.84038061864377
-12.407030174889492,-36.82965585093009
-12.402039074275429,-36.81892827164468
-12.397047973661365,-36.808197880242744
-12.39205687304731,-36.79746467617919
-12.387065772433246,-36.78672865890905
-12.382074671819183,-36.77598982788724
-12.37708357120512,-36.7652481825686
-12.372092470591063,-36.754503722407996
-12.367101369977,-36.74375644686017
-12.362110269362937,-36.73300635537978
-12.357119168748874,-36.72225344742153
-12.352128068134817,-36.711497722440015
-12.347136967520754,-36.70073917988971
-12.34214586690669,-36.689977819225156
-12.337154766292628,-36.67921363990072
-12.332163665678571,-36.66844664137087
-12.327172565064508,-36.65767682308984
-12.322181464450445,-36.64690418451193
-12.317190363836389,-36.63612872509132
-12.312199263222325,-36.62535044428216
-12.307208162608262,-36.61456934153853
-12.302217061994199,-36.60378541631455
-12.297225961380143,-36.592998668064155
-12.29223486076608,-36.582209096241264
-12.287243760152016,-36.57141670029979
-12.282252659537953,-36.560621479693495
-12.277261558923897,-36.549823433876234
-12.272270458309833,-36.53902256230162
-12.26727935769577,-36.52821886442336
-12.262288257081707,-36.51741233969508
-12.25729715646765,-36.5066029875703
-12.252306055853587,-36.49579080750245
-12.247314955239524,-36.484975798945044
-12.242323854625461,-36.47415796135145
-12.237332754011405,-36.463337294175
-12.232341653397341,-36.45251379686893
-12.227350552783278,-36.44168746888644
-12.222359452169215,-36.430858309680744
-12.217368351555159,-36.42002631870495
-12.212377250941095,-36.40919149541207
-12.207386150327032,-36.39835383925511
-12.202395049712976,-36.387513349687026
-12.197403949098913,-36.376670026160674
-12.19241284848485,-36.36582386812891
-12.187421747870786,-36.35497487504453
-12.18243064725673,-36.34412304636022
-12.177439546642667,-36.33326838152862
-12.172448446028604,-36.32241088000237
-12.16745734541454,-36.31155054123406
-12.162466244800484,-36.300687364676136
-12.15747514418642,-36.2898213497811
-12.152484043572358,-36.27895249600127
-12.147492942958294,-36.26808080278901
-12.142501842344238,-36.25720626959664
-12.137510741730175,-36.24632889587636
-12.132519641116112,-36.235448681080314
-12.127528540502048,-36.224565624660656
-12.122537439887992,-36.21367972606945
-12.117546339273929,-36.20279098475866
-12.112555238659866,-36.19189940018028
-12.10756413804581,-36.18100497178621
-12.102573037431746,-36.170107699028236
-12.097581936817683,-36.159207581358146
-12.09259083620362,-36.14830461822773
-12.087599735589563,-36.13739880908869
-12.0826086349755,-36.12649015339256
-12.077617534361437,-36.115578650590926
-12.072626433747374,-36.104664300135326
-12.067635333133317,-36.09374710147723
-12.062644232519254,-36.082827054067984
-12.057653131905191,-36.07190415735896
-12.052662031291128,-36.0609784108015
-12.047670930677072,-36.05004981384678
-12.042679830063008,-36.03911836594602
-12.037688729448945,-36.02818406655032
-12.032697628834882,-36.01724691511076
-12.027706528220826,-36.006306911078376
-12.022715427606762,-35.9953640539041
-12.017724326992699,-35.98441834303887
-12.012733226378643,-35.97346977793354
-12.00774212576458,-35.962518358038885
-12.002751025150516,-35.951564082805646
-11.997759924536453,-35.94060695168456
-11.992768823922397,-35.929646964126206
-11.987777723308334,-35.91868411958119
-11.98278662269427,-35.907718417500014
-11.977795522080207,-35.89674985733319
-11.97280442146615,-35.885778438531126
-11.967813320852088,-35.87480416054414
-11.962822220238024,-35.86382702282254
-11.957831119623961,-35.85284702481662
-11.952840019009905,-35.841864165976595
-11.947848918395842,-35.830878445752546
-11.942857817781778,-35.819889863594526
-11.937866717167715,-35.80889841895269
-11.932875616553659,-35.797904111276914
-11.927884515939596,-35.78690694001714
-11.922893415325532,-35.77590690462326
-11.917902314711476,-35.764904004545095
-11.912911214097413,-35.75389823923236
-11.90792011348335,-35.74288960813477
-11.902929012869286,-35.731878110702006
-11.89793791225523,-35.72086374638361
-11.892946811641167,-35.70984651462916
-11.887955711027104,-35.69882641488813
-11.88296461041304,-35.68780344660996
-11.877973509798984,-35.67677760924404
-11.872982409184921,-35.66574890223961
-11.867991308570858,-35.65471732504599
-11.863000207956794,-35.64368287711242
-11.858009107342738,-35.63264555788801
-11.853018006728675,-35.62160536682189
-11.848026906114612,-35.61056230336308
-11.843035805500548,-35.59951636696057
-11.838044704886492,-35.58846755706332
-11.833053604272429,-35.57741587312022
-11.828062503658366,-35.566361314580035
-11.823071403044302,-35.55530388089163
-11.818080302430246,-35.54424357150366
-11.813089201816183,-35.53318038586482
-11.80809810120212,-35.52211432342368
-11.803107000588064,-35.51104538362885
-11.798115899974,-35.49997356592874
-11.793124799359937,-35.48889886977191
-11.788133698745874,-35.47782129460668
-11.783142598131818,-35.46674083988138
-11.778151497517754,-35.45565750504436
-11.773160396903691,-35.44457128954377
-11.768169296289628,-35.43348219282779
-11.763178195675572,-35.422390214344595
-11.758187095061508,-35.41129535354217
-11.753195994447445,-35.400197609868556
-11.748204893833382,-35.38909698277175
-11.743213793219326,-35.377993471699604
-11.738222692605262,-35.366887076099964
-11.7332315919912,-35.35577779542061
-11.728240491377136,-35.34466562910932
-11.72324939076308,-35.33355057661377
-11.718258290149016,-35.32243263738154
-11.713267189534953,-35.31131181086023
-11.708276088920897,-35.30018809649735
-11.703284988306834,-35.289061493740356
-11.69829388769277,-35.27793200203667
-11.693302787078707,-35.266799620833616
-11.688311686464651,-35.255664349578566
-11.683320585850588,-35.24452618771868
-11.678329485236524,-35.233385134701194
-11.673338384622461,-35.22224118997318
-11.668347284008405,-35.211094352981846
-11.663356183394342,-35.19994462317413
-11.658365082780278,-35.18879199999697
-11.653373982166215,-35.17763648289737
-11.648382881552159,-35.16647807132213
-11.643391780938096,-35.155316764718044
-11.638400680324033,-35.14415256253192
-11.63340957970997,-35.132985464210435
-11.628418479095913,-35.121815469200286
-11.62342737848185,-35.11064257694794
-11.618436277867787,-35.09946678689999
-11.61344517725373,-35.08828809850296
-11.608454076639667,-35.07710651120323
-11.603462976025604,-35.06592202444719
-11.59847187541154,-35.05473463768115
-11.593480774797484,-35.043544350351375
-11.588489674183421,-35.0323511619041
-11.583498573569358,-35.02115507178542
-11.578507472955295,-35.00995607944145
-11.573516372341238,-34.9987541843183
-11.568525271727175,-34.98754938586186
-11.563534171113112,-34.976341683518136
-11.558543070499049,-34.96513107673303
-11.553551969884992,-34.9539175649523
-11.54856086927093,-34.94270114762175
-11.543569768656866,-34.93148182418708
-11.538578668042803,-34.92025959409399
-11.533587567428746,-34.90903445678805
-11.528596466814683,-34.897806411714825
-11.52360536620062,-34.886575458319854
-11.518614265586557,-34.87534159604856
-11.5136231649725,-34.864104824346306
-11.508632064358437,-34.852865142658466
-11.503640963744374,-34.841622550430294
-11.498649863130318,-34.83037704710705
-11.493658762516255,-34.81912863213392
-11.488667661902191,-34.80787730495593
-11.483676561288128,-34.79662306501825
-11.478685460674072,-34.78536591176585
-11.473694360060009,-34.77410584464366
-11.468703259445945,-34.76284286309664
-11.463712158831882,-34.751576966569594
-11.458721058217826,-34.740308154507346
-11.453729957603763,-34.729036426354604
-11.4487388569897,-34.71776178155609
-11.443747756375636,-34.70648421955638
-11.43875665576158,-34.695203739800114
-11.433765555147517,-34.68392034173178
-11.428774454533453,-34.67263402479581
-11.42378335391939,-34.661344788436715
-11.418792253305334,-34.65005263209874
-11.41380115269127,-34.63875755522627
-11.408810052077207,-34.62745955726353
-11.403818951463151,-34.61615863765473
-11.398827850849088,-34.60485479584396
-11.393836750235025,-34.59354803127535
-11.388845649620961,-34.582238343392916
-11.383854549006905,-34.57092573164068
-11.378863448392842,-34.5596101954625
-11.373872347778779,-34.54829173430231
-11.368881247164715,-34.5369703476039
-11.36389014655066,-34.525646034811004
-11.358899045936596,-34.51431879536735
-11.353907945322533,-34.502988628716594
-11.34891684470847,-34.49165553430236
-11.343925744094413,-34.48031951156814
-11.33893464348035,-34.46898055995745
-11.333943542866287,-34.45763867891374
-11.328952442252223,-34.44629386788037
-11.323961341638167,-34.43494612630072
-11.318970241024104,-34.42359545361798
-11.31397914041004,-34.412241849275375
-11.308988039795985,-34.40088531271617
-11.303996939181921,-34.389525843383375
-11.299005838567858,-34.378163440720044
-11.294014737953795,-34.366798104169256
-11.289023637339739,-34.35542983317394
-11.284032536725675,-34.34405862717693
-11.279041436111612,-34.33268448562112
-11.274050335497549,-34.32130740794927
-11.269059234883493,-34.309927393604156
-11.26406813426943,-34.298544442028394
-11.259077033655366,-34.287158552664586
-11.254085933041303,-34.27576972495541
-11.249094832427247,-34.264377958343296
-11.244103731813183,-34.25298325227072
-11.23911263119912,-34.2415856061801
-11.234121530585057,-34.23018501951379
-11.229130429971,-34.21878149171407
-11.224139329356937,-34.20737502222317
-11.219148228742874,-34.19596561048333
-11.214157128128818,-34.18455325593666
-11.209166027514755,-34.17313795802523
-11.204174926900691,-34.16171971619107
-11.199183826286628,-34.150298529876174
-11.194192725672572,-34.13887439852245
-11.189201625058509,-34.12744732157172
-11.184210524444445,-34.11601729846588
-11.179219423830382,-34.10458432864662
-11.174228323216326,-34.093148411555646
-11.169237222602263,-34.08170954663465
-11.1642461219882,-34.070267733325196
-11.159255021374136,-34.058822971068786
-11.15426392076008,-34.047375259307
-11.149272820146017,-34.0359245974812
-11.144281719531953,-34.02447098503272
-11.13929061891789,-34.01301442140301
-11.134299518303834,-34.001554906033256
-11.12930841768977,-33.99009243836469
-11.124317317075707,-33.97862701783846
-11.119326216461644,-33.96715864389572
-11.114335115847588,-33.95568731597749
-11.109344015233525,-33.94421303352475
-11.104352914619462,-33.93273579597846
-11.099361814005405,-33.92125560277954
-11.094370713391342,-33.90977245336877
-11.089379612777279,-33.89828634718699
-11.084388512163216,-33.88679728367491
-11.07939741154916,-33.87530526227319
-11.074406310935096,-33.863810282422435
-11.069415210321033,-33.85231234356327
-11.06442410970697,-33.8408114451362
-11.059433009092913,-33.82930758658165
-11.05444190847885,-33.81780076734001
-11.049450807864787,-33.806290986851664
-11.044459707250724,-33.79477824455688
-11.039468606636667,-33.783262539895986
-11.034477506022604,-33.771743872309074
-11.02948640540854,-33.76022224123629
-11.024495304794478,-33.748697646117776
-11.019504204180421,-33.73717008639351
-11.014513103566358,-33.72563956150349
-11.009522002952295,-33.71410607088758
-11.004530902338239,-33.70256961398574
-10.999539801724175,-33.69103019023766
-10.994548701110112,-33.6794877990832
-10.989557600496049,-33.66794243996204
-10.984566499881993,-33.656394112313826
-10.97957539926793,-33.64484281557813
-10.974584298653866,-33.63328854919452
-10.969593198039803,-33.62173131260245
-10.964602097425747,-33.61017110524139
-10.959610996811683,-33.598607926550706
-10.95461989619762,-33.58704177596973
-10.949628795583557,-33.57547265293774
-10.9446376949695,-33.563900556893934
-10.939646594355438,-33.552325487277486
-10.934655493741374,-33.54074744352748
-10.929664393127311,-33.52916642508303
-10.924673292513255,-33.517582431383055
-10.919682191899192,-33.50599546186656
-10.914691091285128,-33.49440551597247
-10.909699990671072,-33.4828125931396
-10.904708890057009,-33.4712166928067
-10.899717789442946,-33.459617814412496
-10.894726688828882,-33.448015957395725
-10.889735588214826,-33.436411121195036
-10.884744487600763,-33.424803305248915
-10.8797533869867,-33.41319250899589
-10.874762286372636,-33.401578731874494
-10.86977118575858,-33.389961973323075
-10.864780085144517,-33.37834223278002
-10.859788984530454,-33.366719509683584
-10.85479788391639,-33.355093803472066
-10.849806783302334,-33.34346511358367
-10.844815682688271,-33.331833439456496
-10.839824582074208,-33.32019878052864
-10.834833481460144,-33.308561136238154
-10.829842380846088,-33.296920506023
-10.824851280232025,-33.2852768893211
-10.819860179617962,-33.27363028557032
-10.814869079003905,-33.26198069420856
-10.809877978389842,-33.25032811467345
-10.804886877775779,-33.23867254640282
-10.799895777161716,-33.227013988834194
-10.79490467654766,-33.215352441405315
-10.789913575933596,-33.20368790355364
-10.784922475319533,-33.192020374716726
-10.77993137470547,-33.18034985433196
-10.774940274091414,-33.1686763418368
-10.76994917347735,-33.15699983666846
-10.764958072863287,-33.145320338264305
-10.759966972249224,-33.13363784606161
-10.754975871635168,-33.121952359497456
-10.749984771021104,-33.110263878009
-10.744993670407041,-33.09857240103325
-10.740002569792978,-33.08687792800732
-10.735011469178922,-33.07518045836812
-10.730020368564858,-33.06347999155254
-10.725029267950795,-33.051776526997415
-10.720038167336732,-33.0400700641396
-10.715047066722676,-33.02836060241581
-10.710055966108612,-33.0166481412627
-10.705064865494549,-33.004932680116944
-10.700073764880493,-32.99321421841514
-10.69508266426643,-32.98149275559373
-10.690091563652366,-32.969768291089316
-10.685100463038303,-32.95804082433821
-10.680109362424247,-32.946310354776855
-10.675118261810184,-32.934576881841494
-10.67012716119612,-32.92284040496843
-10.665136060582057,-32.91110092359389
-10.660144959968001,-32.899358437153964
-10.655153859353938,-32.8876129450848
-10.650162758739874,-32.87586444682243
-10.645171658125811,-32.86411294180284
-10.640180557511755,-32.85235842946199
-10.635189456897692,-32.84060090923572
-10.630198356283628,-32.8288403805599
-10.625207255669565,-32.81707684287028
-10.620216155055509,-32.80531029560261
-10.615225054441446,-32.79354073819251
-10.610233953827382,-32.7817681700757
-10.605242853213326,-32.76999259068763
-10.600251752599263,-32.75821399946388
-10.5952606519852,-32.74643239583986
-10.590269551371136,-32.73464777925099
-10.58527845075708,-32.722860149132636
-10.580287350143017,-32.71106950492006
-10.575296249528954,-32.6992758460485
-10.57030514891489,-32.687479171953186
-10.565314048300834,-32.67567948206924
-10.560322947686771,-32.663876775831696
-10.555331847072708,-32.65207105267561
-10.550340746458645,-32.640262312036015
-10.545349645844588,-32.6284505533477
-10.540358545230525,-32.61663577604563
-10.535367444616462,-32.6048179795646
-10.530376344002399,-32.592997163339355
-10.525385243388342,-32.581173326804645
-10.520394142774279,-32.56934646939506
-10.515403042160216,-32.557516590545205
-10.51041194154616,-32.54568368968964
-10.505420840932096,-32.53384776626287
-10.500429740318033,-32.52200881969932
-10.49543863970397,-32.51016684943336
-10.490447539089914,-32.49832185489935
-10.48545643847585,-32.486473835531534
-10.480465337861787,-32.47462279076419
-10.475474237247724,-32.462768720031434
-10.470483136633668,-32.450911622767386
-10.465492036019604,-32.4390514984061
-10.460500935405541,-32.42718834638165
-10.455509834791478,-32.41532216612793
-10.450518734177422,-32.40345295707888
-10.445527633563358,-32.39158071866829
-10.440536532949295,-32.379705450330036
-10.435545432335232,-32.36782715149783
-10.430554331721176,-32.35594582160533
-10.425563231107112,-32.34406146008624
-10.42057213049305,-32.33217406637405
-10.415581029878993,-32.32028363990235
-10.41058992926493,-32.3083901801046
-10.405598828650866,-32.29649368641421
-10.400607728036803,-32.28459415826456
-10.395616627422747,-32.27269159508898
-10.390625526808684,-32.26078599632071
-10.38563442619462,-32.24887736139293
-10.380643325580557,-32.236965689738845
-10.375652224966501,-32.225050980791586
-10.370661124352438,-32.21313323398413
-10.365670023738375,-32.20121244874947
-10.360678923124311,-32.1892886245206
-10.355687822510255,-32.17736176073035
-10.350696721896192,-32.165431856811615
-10.345705621282129,-32.153498912197115
-10.340714520668065,-32.1415629263196
-10.33572342005401,-32.1296238986118
-10.330732319439946,-32.11768182850624
-10.325741218825883,-32.105736715435555
-10.32075011821182,-32.09378855883222
-10.315759017597763,-32.08183735812871
-10.3107679169837,-32.06988311275746
-10.305776816369637,-32.057925822150786
-10.30078571575558,-32.04596548574099
-10.295794615141517,-32.03400210296035
-10.290803514527454,-32.02203567324106
-10.28581241391339,-32.01006619601518
-10.280821313299334,-31.998093670714884
-10.275830212685271,-31.9861180967722
-10.270839112071208,-31.974139473619058
-10.265848011457145,-31.96215780068741
-10.260856910843088,-31.950173077409175
-10.255865810229025,-31.938185303216084
-10.250874709614962,-31.92619447753997
-10.245883609000899,-31.91420059981254
-10.240892508386843,-31.902203669465464
-10.23590140777278,-31.890203685930306
-10.230910307158716,-31.87820064863864
-10.225919206544653,-31.866194557021952
-10.220928105930597,-31.854185410511757
-10.215937005316533,-31.842173208539382
-10.21094590470247,-31.83015795053617
-10.205954804088414,-31.81813963593343
-10.20096370347435,-31.80611826416242
-10.195972602860287,-31.79409383465427
-10.190981502246224,-31.78206634684012
-10.185990401632168,-31.770035800151074
-10.180999301018105,-31.75800219401815
-10.176008200404041,-31.745965527872237
-10.171017099789978,-31.733925801144363
-10.166025999175922,-31.721883013265355
-10.161034898561859,-31.709837163666005
-10.156043797947795,-31.697788251777023
-10.151052697333732,-31.685736277029207
-10.146061596719676,-31.67368123885316
-10.141070496105613,-31.661623136679466
-10.13607939549155,-31.649561969938645
-10.131088294877486,-31.63749773806126
-10.12609719426343,-31.6254304404777
-10.121106093649367,-31.613360076618356
-10.116114993035303,-31.601286645913554
-10.111123892421247,-31.589210147793597
-10.106132791807184,-31.577130581688646
-10.10114169119312,-31.56504794702889
-10.096150590579057,-31.552962243244497
-10.091159489965001,-31.540873469765472
-10.086168389350938,-31.528781626021917
-10.081177288736875,-31.516686711443693
-10.076186188122811,-31.504588725460714
-10.071195087508755,-31.492487667502886
-10.066203986894692,-31.480383536999977
-10.061212886280629,-31.468276333381706
-10.056221785666565,-31.456166056077798
-10.05123068505251,-31.444052704517894
-10.046239584438446,-31.431936278131584
-10.041248483824383,-31.419816776348366
-10.03625738321032,-31.407694198597735
-10.031266282596263,-31.395568544309167
-10.0262751819822,-31.38343981291194
-10.021284081368137,-31.37130800383543
-10.016292980754073,-31.359173116508916
-10.011301880140017,-31.347035150361588
-10.006310779525954,-31.334894104822627
-10.00131967891189,-31.322749979321088
-9.996328578297835,-31.31060277328613
-9.991337477683771,-31.298452486146626
-9.986346377069708,-31.286299117331637
-9.981355276455645,-31.27414266627
-9.976364175841589,-31.261983132390533
-9.971373075227525,-31.24982051512212
-9.966381974613462,-31.237654813893403
-9.961390873999399,-31.22548602813309
-9.956399773385343,-31.213314157269835
-9.95140867277128,-31.201139200732207
-9.946417572157216,-31.18896115794871
-9.941426471543153,-31.17678002834785
-9.936435370929097,-31.16459581135805
-9.931444270315033,-31.152408506407614
-9.92645316970097,-31.14021811292488
-9.921462069086907,-31.128024630338107
-9.91647096847285,-31.115828058075564
-9.911479867858787,-31.10362839556535
-9.906488767244724,-31.091425642235542
-9.901497666630668,-31.07921979751425
-9.896506566016605,-31.067010860829388
-9.891515465402541,-31.05479883160894
-9.886524364788478,-31.042583709280787
-9.881533264174422,-31.030365493272836
-9.876542163560359,-31.018144183012758
-9.871551062946295,-31.00591977792832
-9.866559962332232,-30.993692277447213
-9.861568861718176,-30.98146168099708
-9.856577761104113,-30.969227988005457
-9.85158666049005,-30.95699119789986
-9.846595559875986,-30.944751310107776
-9.84160445926193,-30.93250832405663
-9.836613358647867,-30.92026223917372
-9.831622258033804,-30.90801305488638
-9.82663115741974,-30.895760770621905
-9.821640056805684,-30.88350538580746
-9.81664895619162,-30.87124689987017
-9.811657855577558,-30.85898531223713
-9.806666754963501,-30.846720622335454
-9.801675654349438,-30.834452829592045
-9.796684553735375,-30.8221819334339
-9.791693453121312,-30.80990793328785
-9.786702352507255,-30.797630828580782
-9.781711251893192,-30.78535061873944
-9.776720151279129,-30.7730673031905
-9.771729050665066,-30.760780881360716
-9.76673795005101,-30.748491352676638
-9.761746849436946,-30.73619871656491
-9.756755748822883,-30.723902972451985
-9.75176464820882,-30.71160411976433
-9.746773547594763,-30.699302157928372
-9.7417824469807,-30.68699708637041
-9.736791346366637,-30.674688904516792
-9.731800245752574,-30.66237761179376
-9.726809145138517,-30.65006320762756
-9.721818044524454,-30.63774569144424
-9.716826943910391,-30.625425062669937
-9.711835843296335,-30.613101320730696
-9.706844742682271,-30.600774465052474
-9.701853642068208,-30.58844449506123
-9.696862541454145,-30.57611141018279
-9.691871440840089,-30.56377520984306
-9.686880340226026,-30.551435893467758
-9.681889239611962,-30.539093460482626
-9.676898138997899,-30.52674791031329
-9.671907038383843,-30.51439924238546
-9.66691593776978,-30.502047456124565
-9.661924837155716,-30.489692550956214
-9.656933736541653,-30.477334526305807
-9.651942635927597,-30.46497338159882
-9.646951535313534,-30.45260911626051
-9.64196043469947,-30.440241729716245
-9.636969334085407,-30.427871221391243
-9.63197823347135,-30.415497590710697
-9.626987132857288,-30.40312083709975
-9.621996032243224,-30.39074095998346
-9.617004931629161,-30.378357958786925
-9.612013831015105,-30.365971832935074
-9.607022730401042,-30.353582581852827
-9.602031629786978,-30.341190204965123
-9.597040529172922,-30.32879470169673
-9.592049428558859,-30.31639607147244
-9.587058327944796,-30.303994313716945
-9.582067227330732,-30.291589427854912
-9.577076126716676,-30.279181413311022
-9.572085026102613,-30.26677026950973
-9.56709392548855,-30.254355995875617
-9.562102824874486,-30.24193859183312
-9.55711172426043,-30.22951805680665
-9.552120623646367,-30.217094390220534
-9.547129523032304,-30.204667591499042
-9.54213842241824,-30.192237660066493
-9.537147321804184,-30.179804595347033
-9.532156221190121,-30.167368396764786
-9.527165120576058,-30.15492906374382
-9.522174019961994,-30.142486595708252
-9.517182919347938,-30.130040992082005
-9.512191818733875,-30.117592252288993
-9.507200718119812,-30.105140375753106
-9.502209617505756,-30.09268536189822
-9.497218516891692,-30.08022721014801
-9.492227416277629,-30.067765919926252
-9.487236315663566,-30.055301490656596
-9.48224521504951,-30.042833921762654
-9.477254114435446,-30.030363212668
-9.472263013821383,-30.017889362796126
-9.46727191320732,-30.005412371570454
-9.462280812593264,-29.992932238414454
-9.4572897119792,-29.980448962751435
-9.452298611365137,-29.967962544004667
-9.447307510751074,-29.955472981597424
-9.442316410137018,-29.942980274952905
-9.437325309522954,-29.93048442349422
-9.432334208908891,-29.917985426644517
-9.427343108294828,-29.905483283826733
-9.422352007680772,-29.89297799446395
-9.417360907066708,-29.88046955797899
-9.412369806452645,-29.867957973794837
-9.407378705838589,-29.855443241334267
-9.402387605224526,-29.84292536002003
-9.397396504610462,-29.830404329274824
-9.3924054039964,-29.81788014852137
-9.387414303382343,-29.805352817182282
-9.38242320276828,-29.79282233468007
-9.377432102154216,-29.78028870043727
-9.372441001540153,-29.767751913876356
-9.367449900926097,-29.755211974419712
-9.362458800312034,-29.742668881489656
-9.35746769969797,-29.73012263450855
-9.352476599083907,-29.71757323289858
-9.347485498469851,-29.70502067608197
-9.342494397855788,-29.692464963480873
-9.337503297241724,-29.67990609451734
-9.332512196627661,-29.667344068613428
-9.327521096013605,-29.654778885191124
-9.322529995399542,-29.64221054367235
-9.317538894785478,-29.62963904347897
-9.312547794171422,-29.61706438403283
-9.307556693557359,-29.604486564755707
-9.302565592943296,-29.59190558506929
-9.297574492329232,-29.579321444395287
-9.292583391715176,-29.566734142155237
-9.287592291101113,-29.554143677770817
-9.28260119048705,-29.541550050663467
-9.277610089872987,-29.52895326025463
-9.27261898925893,-29.51635330596579
-9.267627888644867,-29.50375018721819
-9.262636788030804,-29.4911439034332
-9.25764568741674,-29.478534454032083
-9.252654586802684,-29.465921838436017
-9.247663486188621,-29.453306056066143
-9.242672385574558,-29.440687106343507
-9.237681284960495,-29.42806498868922
-9.232690184346438,-29.415439702524186
-9.227699083732375,-29.402811247269465
-9.222707983118312,-29.3901796223458
-9.217716882504249,-29.377544827174084
-9.212725781890192,-29.364906861175122
-9.20773468127613,-29.352265723769587
-9.202743580662066,-29.33962141437816
-9.19775248004801,-29.326973932421506
-9.192761379433946,-29.31432327732015
-9.187770278819883,-29.30166944849461
-9.18277917820582,-29.289012445365355
-9.177788077591764,-29.276352267352802
-9.1727969769777,-29.263688913877278
-9.167805876363637,-29.251022384359107
-9.162814775749574,-29.23835267821858
-9.157823675135518,-29.225679794875848
-9.152832574521454,-29.213003733751094
-9.147841473907391,-29.20032449426434
-9.142850373293328,-29.187642075835733
-9.137859272679272,-29.174956477885214
-9.132868172065209,-29.16226769983269
-9.127877071451145,-29.149575741098115
-9.122885970837082,-29.136880601101296
-9.117894870223026,-29.124182279262
-9.112903769608963,-29.111480774999972
-9.1079126689949,-29.098776087734883
-9.102921568380843,-29.08606821688636
-9.09793046776678,-29.073357161874
-9.092939367152717,-29.060642922117253
-9.087948266538653,-29.04792549703566
-9.082957165924597,-29.03520488604861
-9.077966065310534,-29.022481088575454
-9.07297496469647,-29.009754104035537
-9.067983864082407,-28.99702393184809
-9.062992763468351,-28.98429057143234
-9.058001662854288,-28.971554022207428
-9.053010562240225,-28.95881428359247
-9.048019461626161,-28.946071355006502
-9.043028361012105,-28.933325235868537
-9.038037260398042,-28.9205759255975
-9.033046159783979,-28.907823423612328
-9.028055059169915,-28.895067729331803
-9.02306395855586,-28.882308842174726
-9.018072857941796,-28.86954676155989
-9.013081757327733,-28.856781486905927
-9.008090656713676,-28.844013017631493
-9.003099556099613,-28.83124135315514
-8.99810845548555,-28.81846649289543
-8.993117354871487,-28.805688436270817
-8.98812625425743,-28.79290718269974
-8.983135153643367,-28.780122731600564
-8.978144053029304,-28.76733508239161
-8.97315295241524,-28.754544234491156
-8.968161851801185,-28.741750187317393
-8.963170751187121,-28.72895294028849
-8.958179650573058,-28.716152492822584
-8.953188549958995,-28.703348844337693
-8.948197449344939,-28.69054199425188
-8.943206348730875,-28.677731941983048
-8.938215248116812,-28.664918686949115
-8.933224147502749,-28.6521022285679
-8.928233046888693,-28.639282566257275
-8.92324194627463,-28.626459699434957
-8.918250845660566,-28.61363362751858
-8.913259745046503,-28.600804349925873
-8.908268644432447,-28.58797186607438
-8.903277543818383,-28.575136175381655
-8.89828644320432,-28.562297277265177
-8.893295342590264,-28.549455171142373
-8.8883042419762,-28.53660985643061
-8.883313141362137,-28.523761332547238
-8.878322040748074,-28.51090959890954
-8.873330940134018,-28.498054654934744
-8.868339839519955,-28.48519650003999
-8.863348738905891,-28.47233513364242
-8.858357638291828,-28.459470555159097
-8.853366537677772,-28.446602764007093
-8.848375437063709,-28.433731759603273
-8.843384336449645,-28.42085754136459
-8.838393235835582,-28.407980108707964
-8.833402135221526,-28.395099461050137
-8.828411034607463,-28.382215597807882
-8.8234199339934,-28.3693285183979
-8.818428833379336,-28.356438222236836
-8.81343773276528,-28.343544708741348
-8.808446632151217,-28.330647977327892
-8.803455531537153,-28.317748027413025
-8.798464430923097,-28.304844858413198
-8.793473330309034,-28.291938469744743
-8.78848222969497,-28.27902886082403
-8.783491129080907,-28.266116031067398
-8.778500028466851,-28.253199979891047
-8.773508927852788,-28.24028070671111
-8.768517827238725,-28.227358210943827
-8.763526726624661,-28.214432492005166
-8.758535626010605,-28.201503549311248
-8.753544525396542,-28.188571382278006
-8.748553424782479,-28.17563599032133
-8.743562324168416,-28.162697372857163
-8.73857122355436,-28.1497555293013
-8.733580122940296,-28.136810459069494
-8.728589022326233,-28.12386216157744
-8.72359792171217,-28.110910636240845
-8.718606821098113,-28.097955882475315
-8.71361572048405,-28.084997899696386
-8.708624619869987,-28.072036687319613
-8.70363351925593,-28.05907224476041
-8.698642418641867,-28.046104571434235
-8.693651318027804,-28.03313366675635
-8.68866021741374,-28.02015953014213
-8.683669116799685,-28.007182161006813
-8.678678016185621,-27.994201558765578
-8.673686915571558,-27.981217722833584
-8.668695814957495,-27.9682306526259
-8.663704714343439,-27.95524034755763
-8.658713613729375,-27.942246807043706
-8.653722513115312,-27.929250030499038
-8.648731412501249,-27.91625001733859
-8.643740311887193,-27.903246766977183
-8.63874921127313,-27.89024027882954
-8.633758110659066,-27.877230552310436
-8.628767010045003,-27.86421758683453
-8.623775909430947,-27.851201381816512
-8.618784808816883,-27.83818193667086
-8.61379370820282,-27.82515925081217
-8.608802607588764,-27.81213332365487
-8.6038115069747,-27.79910415461339
-8.598820406360637,-27.78607174310211
-8.593829305746574,-27.77303608853532
-8.588838205132518,-27.75999719032736
-8.583847104518455,-27.74695504789232
-8.578856003904392,-27.73390966064444
-8.573864903290328,-27.7208610279978
-8.568873802676272,-27.707809149366494
-8.563882702062209,-27.694754024164478
-8.558891601448146,-27.681695651805754
-8.553900500834082,-27.66863403170418
-8.548909400220026,-27.655569163273636
-8.543918299605963,-27.64250104592789
-8.5389271989919,-27.629429679080673
-8.533936098377836,-27.616355062145757
-8.52894499776378,-27.603277194536737
-8.523953897149717,-27.59019607566716
-8.518962796535654,-27.577111704950656
-8.51397169592159,-27.56402408180063
-8.508980595307534,-27.550933205630567
-8.50398949469347,-27.537839075853842
-8.498998394079408,-27.524741691883737
-8.494007293465351,-27.511641053133612
-8.489016192851288,-27.498537159016617
-8.484025092237225,-27.48543000894601
-8.479033991623162,-27.472319602334842
-8.474042891009105,-27.459205938596238
-8.469051790395042,-27.446089017143183
-8.464060689780979,-27.43296883738866
-8.459069589166916,-27.41984539874558
-8.45407848855286,-27.406718700626847
-8.449087387938796,-27.393588742445218
-8.444096287324733,-27.380455523613485
-8.43910518671067,-27.36731904354436
-8.434114086096614,-27.354179301650518
-8.42912298548255,-27.341036297344505
-8.424131884868487,-27.32789003003893
-8.419140784254424,-27.31474049914629
-8.414149683640368,-27.301587704079065
-8.409158583026304,-27.28843164424959
-8.404167482412241,-27.275272319070247
-8.399176381798185,-27.262109727953348
-8.394185281184122,-27.248943870311138
-8.389194180570058,-27.235774745555773
-8.384203079955995,-27.222602353099443
-8.379211979341939,-27.20942669235421
-8.374220878727876,-27.19624776273213
-8.369229778113812,-27.183065563645123
-8.364238677499749,-27.169880094505256
-8.359247576885693,-27.15669135472431
-8.35425647627163,-27.143499343714154
-8.349265375657566,-27.130304060886537
-8.344274275043503,-27.117105505653246
-8.339283174429447,-27.103903677425933
-8.334292073815384,-27.090698575616173
-8.32930097320132,-27.077490199635637
-8.324309872587257,-27.064278548895775
-8.319318771973201,-27.051063622808094
-8.314327671359138,-27.03784542078397
-8.309336570745074,-27.024623942234836
-8.304345470131018,-27.011399186571968
-8.299354369516955,-26.99817115320664
-8.294363268902892,-26.98493984155005
-8.289372168288828,-26.971705251013372
-8.284381067674772,-26.958467381007736
-8.279389967060709,-26.94522623094416
-8.274398866446646,-26.931981800233668
-8.269407765832582,-26.91873408828726
-8.264416665218526,-26.90548309451579
-8.259425564604463,-26.89222881833012
-8.2544344639904,-26.878971259141032
-8.249443363376336,-26.86571041635933
-8.24445226276228,-26.852446289395676
-8.239461162148217,-26.839178877660725
-8.234470061534154,-26.825908180565065
-8.22947896092009,-26.812634197519213
-8.224487860306034,-26.799356927933744
-8.219496759691971,-26.786076371219004
-8.214505659077908,-26.772792526785437
-8.209514558463852,-26.759505394043362
-8.204523457849788,-26.746214972403056
-8.199532357235725,-26.732921261274814
-8.194541256621662,-26.719624260068745
-8.189550156007606,-26.706323968195015
-8.184559055393542,-26.69302038506371
-8.179567954779479,-26.67971351008483
-8.174576854165416,-26.666403342668364
-8.16958575355136,-26.653089882224272
-8.164594652937296,-26.63977312816238
-8.159603552323233,-26.62645307989253
-8.15461245170917,-26.6131297368245
-8.149621351095114,-26.599803098368
-8.14463025048105,-26.5864731639327
-8.139639149866987,-26.573139932928207
-8.134648049252924,-26.559803404764107
-8.129656948638868,-26.546463578849913
-8.124665848024804,-26.533120454595075
-8.119674747410741,-26.519774031409025
-8.114683646796678,-26.50642430870108
-8.109692546182622,-26.49307128588066
-8.104701445568558,-26.47971496235688
-8.099710344954495,-26.466355337538992
-8.094719244340439,-26.45299241083621
-8.089728143726376,-26.439626181657555
-8.084737043112312,-26.4262566494121
-8.07974594249825,-26.412883813508884
-8.074754841884193,-26.399507673356876
-8.06976374127013,-26.38612822836488
-8.064772640656066,-26.37274547794179
-8.059781540042003,-26.359359421496404
-8.054790439427947,-26.3459700584375
-8.049799338813884,-26.332577388173704
-8.04480823819982,-26.31918141011371
-8.039817137585757,-26.305782123666066
-8.034826036971701,-26.29237952823934
-8.029834936357638,-26.278973623242013
-8.024843835743575,-26.26556440808249
-8.019852735129511,-26.252151882169212
-8.014861634515455,-26.238736044910503
-8.009870533901392,-26.225316895714588
-8.004879433287329,-26.211894433989748
-7.999888332673272,-26.198468659144115
-7.994897232059209,-26.18503957058589
-7.989906131445146,-26.171607167723053
-7.984915030831083,-26.158171449963724
-7.979923930217026,-26.14473241671583
-7.974932829602963,-26.13129006738728
-7.9699417289889,-26.117844401385977
-7.964950628374837,-26.10439541811974
-7.95995952776078,-26.090943116996343
-7.954968427146717,-26.07748749742345
-7.949977326532654,-26.064028558808754
-7.944986225918591,-26.050566300559883
-7.939995125304534,-26.037100722084443
-7.935004024690471,-26.023631822789866
-7.930012924076408,-26.010159602083643
-7.925021823462345,-25.99668405937317
-7.9200307228482885,-25.983205194065867
-7.915039622234225,-25.969723005568966
-7.910048521620162,-25.956237493289777
-7.905057421006106,-25.942748656635484
-7.9000663203920425,-25.92925649501321
-7.895075219777979,-25.915761007830096
-7.890084119163916,-25.902262194493183
-7.88509301854986,-25.888760054409516
-7.8801019179357965,-25.875254586985953
-7.875110817321733,-25.861745791629446
-7.87011971670767,-25.848233667746822
-7.865128616093614,-25.83471821474493
-7.8601375154795505,-25.821199432030433
-7.855146414865487,-25.807677319010057
-7.850155314251424,-25.79415187509048
-7.845164213637368,-25.780623099678245
-7.8401731130233046,-25.76709099217993
-7.835182012409241,-25.753555552001977
-7.830190911795178,-25.740016778550853
-7.825199811181122,-25.726474671232964
-7.820208710567059,-25.712929229454613
-7.815217609952995,-25.699380452622066
-7.810226509338932,-25.685828340141583
-7.805235408724876,-25.67227289141938
-7.800244308110813,-25.658714105861495
-7.795253207496749,-25.645151982874086
-7.790262106882693,-25.631586521863195
-7.78527100626863,-25.61801772223469
-7.780279905654567,-25.60444558339462
-7.775288805040503,-25.590870104748788
-7.770297704426447,-25.57729128570303
-7.765306603812384,-25.563709125663138
-7.760315503198321,-25.55012362403482
-7.755324402584257,-25.536534780223743
-7.750333301970201,-25.52294259363554
-7.745342201356138,-25.50934706367575
-7.740351100742075,-25.49574818974991
-7.735360000128011,-25.4821459712635
-7.730368899513955,-25.468540407621912
-7.725377798899892,-25.454931498230504
-7.720386698285829,-25.441319242494618
-7.715395597671765,-25.42770363981949
-7.710404497057709,-25.41408468961035
-7.705413396443646,-25.40046239127234
-7.700422295829583,-25.386836744210594
-7.6954311952155265,-25.373207747830136
-7.690440094601463,-25.359575401535988
-7.6854489939874,-25.345939704733112
-7.680457893373337,-25.332300656826394
-7.675466792759281,-25.318658257220743
-7.670475692145217,-25.305012505320878
-7.665484591531154,-25.291363400531576
-7.660493490917091,-25.27771094225758
-7.655502390303035,-25.26405512990353
-7.650511289688971,-25.25039596287395
-7.645520189074908,-25.236733440573474
-7.640529088460845,-25.223067562406555
-7.635537987846789,-25.20939832777767
-7.630546887232725,-25.195725736091177
-7.625555786618662,-25.182049786751445
-7.620564686004599,-25.168370479162757
-7.615573585390543,-25.15468781272938
-7.610582484776479,-25.14100178685543
-7.605591384162416,-25.12731240094513
-7.60060028354836,-25.113619654402537
-7.595609182934297,-25.099923546631675
-7.590618082320233,-25.08622407703655
-7.58562698170617,-25.07252124502109
-7.580635881092114,-25.058815049989178
-7.575644780478051,-25.045105491344632
-7.570653679863987,-25.03139256849126
-7.565662579249924,-25.01767628083278
-7.560671478635868,-25.003956627772922
-7.555680378021805,-24.990233608715254
-7.550689277407741,-24.97650722306335
-7.545698176793678,-24.96277747022079
-7.540707076179622,-24.94904434959103
-7.535715975565559,-24.93530786057746
-7.5307248749514955,-24.921568002583502
-7.525733774337432,-24.907824775012486
-7.520742673723376,-24.894078177267676
-7.515751573109313,-24.880328208752243
-7.5107604724952495,-24.866574868869435
-7.505769371881193,-24.852818157022327
-7.50077827126713,-24.839058072614005
-7.495787170653067,-24.825294615047476
-7.4907960700390035,-24.811527783725733
-7.485804969424947,-24.7977575780517
-7.480813868810884,-24.78398399742819
-7.475822768196821,-24.770207041258047
-7.4708316675827575,-24.756426708944055
-7.465840566968701,-24.742642999888947
-7.460849466354638,-24.728855913495313
-7.455858365740575,-24.715065449165834
-7.4508672651265115,-24.701271606303024
-7.445876164512455,-24.687474384309425
-7.440885063898392,-24.67367378258752
-7.435893963284329,-24.659869800539653
-7.430902862670266,-24.646062437568208
-7.425911762056209,-24.632251693075535
-7.420920661442146,-24.618437566463854
-7.415929560828083,-24.60462005713535
-7.41093846021402,-24.59079916449224
-7.405947359599963,-24.576974887936572
-7.4009562589859,-24.563147226870434
-7.395965158371837,-24.549316180695786
-7.390974057757781,-24.53548174881468
-7.385982957143717,-24.52164393062887
-7.380991856529654,-24.507802725540316
-7.376000755915591,-24.493958132950805
-7.371009655301535,-24.480110152262085
-7.3660185546874715,-24.466258782875816
-7.361027454073408,-24.452404024193637
-7.356036353459345,-24.438545875617198
-7.351045252845289,-24.424684336548054
-7.3460541522312255,-24.41081940638765
-7.341063051617162,-24.39695108453745
-7.336071951003099,-24.383079370398868
-7.331080850389043,-24.369204263373227
-7.3260897497749795,-24.355325762861835
-7.321098649160916,-24.341443868265912
-7.316107548546853,-24.327558578986643
-7.311116447932797,-24.313669894425207
-7.3061253473187335,-24.299777813982672
-7.30113424670467,-24.28588233706009
-7.296143146090614,-24.271983463058408
-7.291152045476551,-24.2580811913786
-7.2861609448624876,-24.244175521421568
-7.281169844248424,-24.23026645258813
-7.276178743634368,-24.216353984279085
-7.271187643020305,-24.202438115895134
-7.266196542406242,-24.18851884683695
-7.261205441792178,-24.174596176505236
-7.256214341178122,-24.16067010430057
-7.251223240564059,-24.14674062962341
-7.246232139949996,-24.132807751874296
-7.241241039335932,-24.118871470453627
-7.236249938721876,-24.104931784761842
-7.231258838107813,-24.090988694199194
-7.22626773749375,-24.077042198166012
-7.221276636879686,-24.06309229606249
-7.21628553626563,-24.049138987288877
-7.211294435651567,-24.035182271245226
-7.206303335037504,-24.02122214733163
-7.2013122344234475,-24.00725861494818
-7.196321133809384,-23.993291673494745
-7.191330033195321,-23.979321322371334
-7.186338932581258,-23.965347560977776
-7.1813478319672015,-23.951370388713908
-7.176356731353138,-23.937389804979514
-7.171365630739075,-23.923405809174316
-7.166374530125012,-23.90941840069797
-7.1613834295109555,-23.89542757895012
-7.156392328896892,-23.881433343330325
-7.151401228282829,-23.86743569323808
-7.146410127668766,-23.8534346280729
-7.1414190270547095,-23.839430147234186
-7.136427926440646,-23.825422250121324
-7.131436825826583,-23.811410936133584
-7.12644572521252,-23.79739620467029
-7.121454624598464,-23.783378055130623
-7.1164635239844,-23.76935648691381
-7.111472423370337,-23.75533149941886
-7.106481322756281,-23.741303092044948
-7.101490222142218,-23.727271264191007
-7.096499121528154,-23.713236015256026
-7.091508020914091,-23.69919734463896
-7.086516920300035,-23.685155251738635
-7.081525819685972,-23.67110973595384
-7.076534719071908,-23.657060796683393
-7.071543618457845,-23.64300843332599
-7.066552517843789,-23.628952645280293
-7.061561417229726,-23.61489343194488
-7.056570316615662,-23.600830792718362
-7.051579216001599,-23.586764726999203
-7.046588115387543,-23.572695234185915
-7.04159701477348,-23.558622313676842
-7.036605914159416,-23.544545964870423
-7.031614813545353,-23.530466187164887
-7.026623712931297,-23.516382979958564
-7.021632612317234,-23.50229634264959
-7.01664151170317,-23.488206274636195
-7.011650411089107,-23.474112775316414
-7.006659310475051,-23.46001584408838
-7.001668209860988,-23.445915480349996
-6.996677109246924,-23.431811683499348
-6.991686008632868,-23.417704452934256
-6.986694908018805,-23.403593788052568
-6.981703807404742,-23.38947968825213
-6.9767127067906785,-23.375362152930688
-6.971721606176622,-23.361241181485944
-6.966730505562559,-23.34711677331551
-6.961739404948496,-23.332988927817045
-6.9567483043344325,-23.318857644388057
-6.951757203720376,-23.304722922426112
-6.946766103106313,-23.290584761328585
-6.94177500249225,-23.276443160492917
-6.9367839018781865,-23.262298119316448
-6.93179280126413,-23.24814963719653
-6.926801700650067,-23.23399771353031
-6.921810600036004,-23.219842347715087
-6.9168194994219405,-23.20568353914795
-6.911828398807884,-23.19152128722602
-6.906837298193821,-23.177355591346362
-6.901846197579758,-23.16318645090594
-6.896855096965702,-23.149013865301733
-6.891863996351638,-23.134837833930625
-6.886872895737575,-23.12065835618944
-6.881881795123512,-23.106475431475005
-6.876890694509456,-23.09228905918408
-6.871899593895392,-23.07809923871332
-6.866908493281329,-23.063905969459398
-6.861917392667266,-23.04970925081889
-6.85692629205321,-23.035509082188383
-6.851935191439146,-23.02130546296432
-6.846944090825083,-23.00709839254321
-6.84195299021102,-22.992887870321383
-6.836961889596964,-22.97867389569523
-6.8319707889829004,-22.964456468061012
-6.826979688368837,-22.950235586814973
-6.821988587754774,-22.93601125135334
-6.816997487140718,-22.92178346107225
-6.8120063865266545,-22.90755221536775
-6.807015285912591,-22.893317513635917
-6.802024185298535,-22.879079355272786
-6.797033084684472,-22.8648377396742
-6.7920419840704085,-22.85059266623615
-6.787050883456345,-22.836344134354412
-6.782059782842289,-22.82209214342481
-6.777068682228226,-22.807836692843082
-6.7720775816141625,-22.793577782004895
-6.767086481000099,-22.779315410305916
-6.762095380386043,-22.765049577141752
-6.75710427977198,-22.7507802819079
-6.7521131791579165,-22.736507523999872
-6.747122078543853,-22.7222313028131
-6.742130977929797,-22.707951617743017
-6.737139877315734,-22.69366846818488
-6.732148776701671,-22.679381853534043
-6.727157676087607,-22.66509177318573
-6.722166575473551,-22.650798226535137
-6.717175474859488,-22.6365012129774
-6.712184374245425,-22.622200731907576
-6.707193273631368,-22.607896782720744
-6.702202173017305,-22.593589364811873
-6.697211072403242,-22.579278477575944
-6.692219971789179,-22.564964120407744
-6.687228871175122,-22.55064629270223
-6.682237770561059,-22.536324993854098
-6.677246669946996,-22.52200022325816
-6.672255569332933,-22.50767198030902
-6.6672644687188765,-22.49334026440142
-6.662273368104813,-22.479005074929848
-6.65728226749075,-22.46466641128889
-6.652291166876687,-22.450324272873036
-6.6473000662626305,-22.43597865907674
-6.642308965648567,-22.42162956929432
-6.637317865034504,-22.40727700292018
-6.632326764420441,-22.392920959348576
-6.6273356638063845,-22.378561437973765
-6.622344563192321,-22.364198438189888
-6.617353462578258,-22.349831959391135
-6.612362361964195,-22.33546200097155
-6.6073712613501385,-22.321088562325233
-6.602380160736075,-22.306711642846096
-6.597389060122012,-22.29233124192812
-6.592397959507956,-22.277947358965175
-6.5874068588938925,-22.263559993351087
-6.582415758279829,-22.249169144479666
-6.577424657665766,-22.234774811744657
-6.57243355705171,-22.220376994539713
-6.567442456437647,-22.205975692258487
-6.562451355823583,-22.19157090429454
-6.55746025520952,-22.17716263004143
-6.552469154595464,-22.162750868892687
-6.547478053981401,-22.148335620241657
-6.542486953367337,-22.13391688348176
-6.537495852753274,-22.11949465800637
-6.532504752139218,-22.10506894320876
-6.527513651525155,-22.090639738482114
-6.522522550911091,-22.07620704321966
-6.517531450297028,-22.06177085681454
-6.512540349682972,-22.04733117865984
-6.507549249068909,-22.032888008148564
-6.502558148454845,-22.01844134467373
-6.497567047840789,-22.003991187628245
-6.492575947226726,-21.989537536405027
-6.487584846612663,-21.975080390396876
-6.482593745998599,-21.9606197489966
-6.477602645384543,-21.946155611596946
-6.47261154477048,-21.931687977590595
-6.467620444156417,-21.917216846370145
-6.462629343542353,-21.90274221732822
-6.457638242928297,-21.888264089857355
-6.452647142314234,-21.873782463350018
-6.447656041700171,-21.859297337198647
-6.442664941086107,-21.844808710795643
-6.437673840472051,-21.830316583533374
-6.432682739857988,-21.815820954804053
-6.427691639243925,-21.801321823999952
-6.4227005386298615,-21.786819190513256
-6.417709438015805,-21.77231305373612
-6.412718337401742,-21.757803413060593
-6.407727236787679,-21.743290267878738
-6.402736136173623,-21.728773617582558
-6.397745035559559,-21.714253461563935
-6.392753934945496,-21.69972979921481
-6.387762834331433,-21.685202629926977
-6.382771733717377,-21.67067195309227
-6.377780633103313,-21.656137768102404
-6.37278953248925,-21.641600074349025
-6.367798431875187,-21.627058871223863
-6.362807331261131,-21.61251415811843
-6.357816230647067,-21.597965934424302
-6.352825130033004,-21.583414199532932
-6.347834029418941,-21.568858952835757
-6.342842928804885,-21.55430019372425
-6.337851828190821,-21.53973792158964
-6.332860727576758,-21.52517213582328
-6.327869626962695,-21.510602835816385
-6.322878526348639,-21.496030020960156
-6.317887425734575,-21.481453690645726
-6.312896325120512,-21.46687384426419
-6.307905224506449,-21.452290481206564
-6.302914123892393,-21.437703600863887
-6.297923023278329,-21.42311320262705
-6.292931922664266,-21.408519285886975
-6.28794082205021,-21.393921850034495
-6.282949721436147,-21.379320894460374
-6.2779586208220834,-21.364716418555375
-6.27296752020802,-21.3501084217102
-6.267976419593964,-21.335496903315473
-6.262985318979901,-21.320881862761805
-6.2579942183658375,-21.306263299439713
-6.253003117751774,-21.291641212739684
-6.248012017137718,-21.2770156020522
-6.243020916523655,-21.262386466767623
-6.2380298159095915,-21.2477538062763
-6.233038715295528,-21.23311761996853
-6.228047614681472,-21.218477907234558
-6.223056514067409,-21.20383466746457
-6.2180654134533455,-21.189187900048683
-6.213074312839282,-21.174537604377065
-6.208083212225226,-21.1598837798397
-6.203092111611163,-21.1452264258266
-6.1981010109970995,-21.130565541727677
-6.193109910383043,-21.1159011269329
-6.18811880976898,-21.101233180832043
-6.183127709154917,-21.086561702814922
-6.178136608540854,-21.071886692271317
-6.173145507926797,-21.057208148590878
-6.168154407312734,-21.042526071163287
-6.163163306698671,-21.02784045937812
-6.158172206084608,-21.0131513126249
-6.153181105470551,-20.998458630293218
-6.148190004856488,-20.9837624117724
-6.143198904242425,-20.969062656451936
-6.138207803628362,-20.9543593637211
-6.133216703014305,-20.939652532969294
-6.128225602400242,-20.924942163585634
-6.123234501786179,-20.91022825495944
-6.118243401172116,-20.89551080647979
-6.1132523005580595,-20.880789817535817
-6.108261199943996,-20.866065287516545
-6.103270099329933,-20.851337215811007
-6.098278998715877,-20.83660560180815
-6.0932878981018135,-20.82187044489684
-6.08829679748775,-20.807131744465945
-6.083305696873687,-20.792389499904285
-6.078314596259631,-20.777643710600643
-6.0733234956455675,-20.76289437594364
-6.068332395031504,-20.748141495321967
-6.063341294417441,-20.733385068124246
-6.058350193803385,-20.718625093739053
-6.0533590931893215,-20.703861571554793
-6.048367992575258,-20.689094500960003
-6.043376891961195,-20.67432388134308
-6.038385791347139,-20.659549712092414
-6.0333946907330755,-20.644771992596215
-6.028403590119012,-20.62999072224281
-6.023412489504949,-20.615205900420392
-6.018421388890893,-20.600417526517127
-6.01343028827683,-20.585625599921112
-6.008439187662766,-20.570830120020403
-6.00344808704871,-20.556031086203017
-5.998456986434647,-20.541228497856913
-5.993465885820584,-20.526422354370006
-5.98847478520652,-20.511612655130122
-5.983483684592464,-20.49679939952511
-5.978492583978401,-20.48198258694272
-5.973501483364338,-20.467162216770653
-5.968510382750274,-20.452338288396618
-5.963519282136218,-20.437510801208163
-5.958528181522155,-20.422679754592885
-5.953537080908092,-20.407845147938293
-5.948545980294028,-20.393006980631885
-5.943554879679972,-20.378165252061017
-5.938563779065909,-20.363319961613087
-5.933572678451846,-20.348471108675366
-5.928581577837782,-20.33361869263521
-5.923590477223726,-20.318762712879767
-5.918599376609663,-20.303903168796232
-5.9136082759956,-20.289040059771683
-5.908617175381536,-20.274173385193215
-5.90362607476748,-20.259303144447898
-5.898634974153417,-20.24442933692263
-5.893643873539354,-20.22955196200434
-5.8886527729252975,-20.214671019079947
-5.883661672311234,-20.19978650753624
-5.878670571697171,-20.184898426759965
-5.873679471083108,-20.170006776137846
-5.868688370469052,-20.155111555056646
-5.863697269854988,-20.14021276290287
-5.858706169240925,-20.125310399063146
-5.853715068626862,-20.11040446292401
-5.848723968012806,-20.095494953871942
-5.843732867398742,-20.080581871293315
-5.838741766784679,-20.065665214574537
-5.833750666170616,-20.050744983101982
-5.82875956555656,-20.035821176261877
-5.823768464942496,-20.020893793440433
-5.818777364328433,-20.00596283402384
-5.81378626371437,-19.991028297398252
-5.808795163100314,-19.976090182949775
-5.80380406248625,-19.961148490064357
-5.798812961872187,-19.946203218128023
-5.793821861258131,-19.931254366526765
-5.788830760644068,-19.916301934646352
-5.783839660030004,-19.901345921872693
-5.778848559415941,-19.88638632759153
-5.773857458801885,-19.871423151188644
-5.768866358187822,-19.85645639204968
-5.763875257573758,-19.841486049560295
-5.758884156959695,-19.826512123106042
-5.753893056345639,-19.81153461207254
-5.748901955731576,-19.796553515845183
-5.743910855117512,-19.781568833809445
-5.738919754503449,-19.766580565350736
-5.733928653889393,-19.751588709854396
-5.72893755327533,-19.736593266705672
-5.7239464526612664,-19.72159423528983
-5.718955352047203,-19.706591614992067
-5.713964251433147,-19.691585405197568
-5.708973150819084,-19.67657560529132
-5.7039820502050205,-19.661562214658453
-5.698990949590964,-19.64654523268394
-5.693999848976901,-19.631524658752692
-5.689008748362838,-19.616500492249678
-5.6840176477487745,-19.601472732559674
-5.679026547134718,-19.586441379067537
-5.674035446520655,-19.571406431157964
-5.669044345906592,-19.55636788821568
-5.6640532452925285,-19.54132574962534
-5.659062144678472,-19.526280014771515
-5.654071044064409,-19.51123068303879
-5.649079943450346,-19.496177753811665
-5.6440888428362825,-19.48112122647454
-5.639097742222226,-19.466061100411917
-5.634106641608163,-19.450997375008058
-5.6291155409941,-19.43593004964731
-5.624124440380037,-19.42085912371393
-5.61913333976598,-19.405784596592135
-5.614142239151917,-19.390706467666046
-5.609151138537854,-19.375624736319793
-5.604160037923798,-19.360539401937434
-5.599168937309734,-19.345450463902996
-5.594177836695671,-19.33035792160039
-5.589186736081608,-19.315261774413575
-5.584195635467552,-19.300162021726422
-5.579204534853488,-19.2850586629227
-5.574213434239425,-19.26995169738619
-5.569222333625362,-19.2548411245006
-5.564231233011306,-19.239726943649647
-5.5592401323972425,-19.224609154216875
-5.554249031783179,-19.209487755585897
-5.549257931169116,-19.1943627471402
-5.54426683055506,-19.179234128263314
-5.5392757299409965,-19.164101898338576
-5.534284629326933,-19.14896605674942
-5.52929352871287,-19.133826602879125
-5.524302428098814,-19.118683536111014
-5.5193113274847505,-19.103536855828256
-5.514320226870687,-19.088386561414048
-5.509329126256624,-19.073232652251516
-5.504338025642568,-19.058075127723757
-5.4993469250285045,-19.042913987213765
-5.494355824414441,-19.02774923010452
-5.489364723800385,-19.012580855778985
-5.484373623186322,-18.997408863620002
-5.4793825225722586,-18.982233253010396
-5.474391421958195,-18.96705402333298
-5.469400321344139,-18.9518711739705
-5.464409220730076,-18.93668470430561
-5.459418120116013,-18.921494613720917
-5.454427019501949,-18.90630090159906
-5.449435918887893,-18.89110356732257
-5.44444481827383,-18.87590261027387
-5.439453717659767,-18.860698029835472
-5.434462617045703,-18.845489825389727
-5.429471516431647,-18.830277996319015
-5.424480415817584,-18.81506254200553
-5.419489315203521,-18.799843461831635
-5.414498214589457,-18.78462075517947
-5.409507113975401,-18.76939442143115
-5.404516013361338,-18.75416445996883
-5.399524912747275,-18.738930870174496
-5.3945338121332185,-18.723693651430207
-5.389542711519155,-18.708452803117837
-5.384551610905092,-18.69320832461932
-5.379560510291029,-18.677960215316517
-5.3745694096769725,-18.66270847459125
-5.369578309062909,-18.6474531018252
-5.364587208448846,-18.632194096400106
-5.359596107834783,-18.616931457697646
-5.3546050072207265,-18.601665185099446
-5.349613906606663,-18.58639527798695
-5.3446228059926,-18.571121735741748
-5.339631705378537,-18.555844557745306
-5.3346406047644805,-18.540563743379014
-5.329649504150417,-18.52527929202423
-5.324658403536354,-18.50999120306223
-5.319667302922291,-18.494699475874327
-5.314676202308235,-18.479404109841724
-5.309685101694171,-18.46410510434559
-5.304694001080108,-18.44880245876699
-5.299702900466052,-18.433496172487068
-5.294711799851989,-18.418186244886776
-5.289720699237925,-18.402872675347115
-5.284729598623862,-18.387555463248976
-5.279738498009806,-18.372234607973294
-5.274747397395743,-18.356910108900795
-5.269756296781679,-18.341581965412338
-5.264765196167616,-18.326250176888585
-5.25977409555356,-18.31091474271027
-5.254782994939497,-18.295575662257967
-5.249791894325433,-18.28023293491227
-5.24480079371137,-18.264886560053696
-5.239809693097314,-18.249536537062774
-5.234818592483251,-18.234182865319852
-5.229827491869187,-18.21882554420538
-5.224836391255124,-18.203464573099655
-5.219845290641068,-18.188099951383
-5.214854190027005,-18.17273167843559
-5.209863089412941,-18.157359753637675
-5.204871988798878,-18.141984176369316
-5.199880888184822,-18.12660494601071
-5.194889787570759,-18.111222061941785
-5.189898686956695,-18.095835523542565
-5.184907586342639,-18.080445330193054
-5.179916485728576,-18.065051481273073
-5.174925385114513,-18.04965397616247
-5.1699342845004495,-18.03425281424106
-5.164943183886393,-18.01884799488863
-5.15995208327233,-18.00343951748478
-5.154960982658267,-17.988027381409267
-5.1499698820442035,-17.972611586041605
-5.144978781430147,-17.957192130761428
-5.139987680816084,-17.941769014948115
-5.134996580202021,-17.926342237981235
-5.1300054795879575,-17.91091179924015
-5.125014378973901,-17.895477698104244
-5.120023278359838,-17.880039933952762
-5.115032177745775,-17.864598506164988
-5.1100410771317115,-17.84915341412016
-5.105049976517655,-17.833704657197423
-5.100058875903592,-17.818252234775894
-5.095067775289529,-17.802796146234606
-5.090076674675473,-17.787336390952618
-5.085085574061409,-17.77187296830886
-5.080094473447346,-17.756405877682262
-5.075103372833283,-17.74093511845169
-5.070112272219227,-17.725460689995998
-5.065121171605163,-17.7099825916939
-5.0601300709911,-17.69450082292414
-5.055138970377037,-17.67901538306541
-5.050147869762981,-17.66352627149633
-5.045156769148917,-17.64803348759544
-5.040165668534854,-17.632537030741315
-5.035174567920791,-17.61703690031238
-5.030183467306735,-17.60153309568714
-5.025192366692671,-17.586025616243898
-5.020201266078608,-17.57051446136104
-5.015210165464545,-17.55499963041682
-5.010219064850489,-17.539481122789514
-5.0052279642364255,-17.52395893785725
-5.000236863622362,-17.508433074998187
-4.995245763008306,-17.492903533590454
-4.990254662394243,-17.477370313012013
-4.9852635617801795,-17.461833412640903
-4.980272461166116,-17.446292831855093
-4.97528136055206,-17.430748570032463
-4.970290259937997,-17.41520062655084
-4.9652991593239335,-17.399649000787985
-4.96030805870987,-17.38409369212172
-4.955316958095814,-17.36853469992971
-4.950325857481751,-17.352972023589594
-4.9453347568676875,-17.337405662479007
-4.940343656253624,-17.321835615975456
-4.935352555639568,-17.306261883456504
-4.930361455025505,-17.290684464299567
-4.9253703544114416,-17.275103357882077
-4.920379253797378,-17.25951856358136
-4.915388153183322,-17.243930080774764
-4.910397052569259,-17.22833790883954
-4.905405951955196,-17.212742047152897
-4.900414851341139,-17.19714249509199
-4.895423750727076,-17.18153925203393
-4.890432650113013,-17.165932317355786
-4.88544154949895,-17.15032169043461
-4.880450448884893,-17.134707370647387
-4.87545934827083,-17.119089357370974
-4.870468247656767,-17.10346764998227
-4.865477147042704,-17.08784224785811
-4.8604860464286475,-17.072213150375298
-4.855494945814584,-17.056580356910494
-4.850503845200521,-17.040943866840408
-4.845512744586458,-17.025303679541693
-4.8405216439724015,-17.009659794390945
-4.835530543358338,-16.994012210764616
-4.830539442744275,-16.978360928039244
-4.825548342130212,-16.962705945591264
-4.8205572415161555,-16.947047262797106
-4.815566140902092,-16.931384879033033
-4.810575040288029,-16.915718793675357
-4.805583939673966,-16.90004900610036
-4.8005928390599095,-16.884375515684216
-4.795601738445846,-16.868698321803045
-4.790610637831783,-16.853017423832963
-4.785619537217727,-16.83733282115003
-4.7806284366036635,-16.821644513130234
-4.7756373359896,-16.80595249914951
-4.770646235375537,-16.790256778583792
-4.765655134761481,-16.774557350808916
-4.760664034147418,-16.758854215200696
-4.755672933533354,-16.74314737113488
-4.750681832919291,-16.72743681798717
-4.745690732305235,-16.71172255513328
-4.740699631691172,-16.696004581948763
-4.735708531077108,-16.68028289780918
-4.730717430463045,-16.664557502090094
-4.725726329848989,-16.648828394166948
-4.720735229234926,-16.633095573415144
-4.715744128620862,-16.617359039210065
-4.710753028006799,-16.601618790927034
-4.705761927392743,-16.58587482794137
-4.70077082677868,-16.57012714962819
-4.695779726164616,-16.554375755362763
-4.69078862555056,-16.538620644520208
-4.685797524936497,-16.52286181647553
-4.680806424322434,-16.50709927060385
-4.67581532370837,-16.491333006280094
-4.670824223094314,-16.475563022879243
-4.665833122480251,-16.45978931977612
-4.660842021866188,-16.444011896345614
-4.655850921252124,-16.4282307519625
-4.650859820638068,-16.412445886001542
-4.645868720024005,-16.396657297837375
-4.640877619409942,-16.38086498684468
-4.635886518795878,-16.365068952398047
-4.630895418181822,-16.34926919387205
-4.625904317567759,-16.333465710641118
-4.620913216953696,-16.317658502079766
-4.6159221163396325,-16.30184756756238
-4.610931015725576,-16.28603290646332
-4.605939915111513,-16.270214518156866
-4.60094881449745,-16.25439240201729
-4.595957713883394,-16.238566557418828
-4.59096661326933,-16.222736983735594
-4.585975512655267,-16.20690368034172
-4.580984412041204,-16.19106664661126
-4.575993311427148,-16.175225881918255
-4.571002210813084,-16.159381385636653
-4.566011110199021,-16.14353315714037
-4.561020009584958,-16.127681195803284
-4.556028908970902,-16.11182550099926
-4.551037808356838,-16.09596607210197
-4.546046707742775,-16.080102908485205
-4.541055607128712,-16.06423600952265
-4.536064506514656,-16.048365374587934
-4.531073405900592,-16.032491003054606
-4.526082305286529,-16.016612894296195
-4.521091204672466,-16.000731047686234
-4.51610010405841,-15.984845462598154
-4.511109003444346,-15.968956138405305
-4.506117902830283,-15.953063074481031
-4.501126802216227,-15.93716627019865
-4.496135701602164,-15.92126572493137
-4.4911446009881,-15.905361438052406
-4.486153500374037,-15.889453408934916
-4.481162399759981,-15.873541636951991
-4.476171299145918,-15.857626121476665
-4.471180198531854,-15.841706861881965
-4.466189097917791,-15.82578385754081
-4.461197997303735,-15.809857107826154
-4.456206896689672,-15.79392661211082
-4.4512157960756085,-15.777992369767611
-4.446224695461545,-15.7620543801693
-4.441233594847489,-15.746112642688626
-4.436242494233426,-15.730167156698196
-4.4312513936193625,-15.714217921570688
-4.426260293005299,-15.698264936678612
-4.421269192391243,-15.682308201394541
-4.41627809177718,-15.66634771509091
-4.4112869911631165,-15.65038347714014
-4.406295890549053,-15.634415486914643
-4.401304789934997,-15.61844374378674
-4.396313689320934,-15.602468247128668
-4.3913225887068705,-15.58648899631268
-4.386331488092814,-15.570505990710997
-4.381340387478751,-15.554519229695702
-4.376349286864688,-15.538528712638879
-4.3713581862506246,-15.522534438912585
-4.366367085636568,-15.506536407888834
-4.361375985022505,-15.490534618939524
-4.356384884408442,-15.4745290714366
-4.351393783794379,-15.458519764751836
-4.346402683180322,-15.442506698257116
-4.341411582566259,-15.426489871324106
-4.336420481952196,-15.410469283324572
-4.331429381338133,-15.394444933630137
-4.326438280724076,-15.37841682161242
-4.321447180110013,-15.362384946642965
-4.31645607949595,-15.346349308093274
-4.311464978881887,-15.3303099053348
-4.3064738782678305,-15.314266737739024
-4.301482777653767,-15.298219804677222
-4.296491677039704,-15.282169105520763
-4.291500576425648,-15.266114639640916
-4.2865094758115845,-15.250056406408866
-4.281518375197521,-15.233994405195821
-4.276527274583458,-15.217928635372878
-4.271536173969402,-15.201859096311145
-4.2665450733553385,-15.185785787381635
-4.261553972741275,-15.169708707955305
-4.256562872127212,-15.153627857403121
-4.251571771513156,-15.137543235095976
-4.2465806708990925,-15.121454840404644
-4.241589570285029,-15.105362672699975
-4.236598469670966,-15.089266731352689
-4.23160736905691,-15.073167015733477
-4.2266162684428465,-15.057063525212975
-4.221625167828783,-15.040956259161781
-4.21663406721472,-15.02484521695045
-4.211642966600664,-15.008730397949504
-4.206651865986601,-14.99261180152936
-4.201660765372537,-14.976489427060436
-4.196669664758481,-14.960363273913105
-4.191678564144418,-14.944233341457617
-4.186687463530355,-14.928099629064283
-4.181696362916291,-14.911962136103305
-4.176705262302235,-14.895820861944857
-4.171714161688172,-14.879675805959039
-4.166723061074109,-14.863526967515893
-4.161731960460045,-14.847374345985495
-4.156740859845989,-14.8312179407378
-4.151749759231926,-14.815057751142719
-4.146758658617863,-14.798893776570141
-4.141767558003799,-14.78272601638987
-4.136776457389743,-14.766554469971712
-4.13178535677568,-14.750379136685385
-4.126794256161617,-14.734200015900594
-4.121803155547553,-14.718017106986947
-4.116812054933497,-14.701830409314063
-4.111820954319434,-14.685639922251447
-4.106829853705371,-14.669445645168611
-4.1018387530913145,-14.653247577435035
-4.096847652477251,-14.637045718420048
-4.091856551863188,-14.620840067493038
-4.086865451249125,-14.604630624023295
-4.0818743506350685,-14.588417387380101
-4.076883250021005,-14.572200356932616
-4.071892149406942,-14.55597953205001
-4.066901048792879,-14.539754912101422
-4.061909948178823,-14.523526496455931
-4.056918847564759,-14.50729428448246
-4.051927746950696,-14.491058275550046
-4.046936646336633,-14.474818469027598
-4.041945545722577,-14.458574864283984
-4.036954445108513,-14.442327460687999
-4.03196334449445,-14.42607625760846
-4.026972243880387,-14.409821254414075
-4.021981143266331,-14.393562450473523
-4.016990042652267,-14.37729984515542
-4.011998942038204,-14.361033437828361
-4.007007841424141,-14.344763227860906
-4.002016740810085,-14.328489214621518
-3.9970256401960214,-14.312211397478622
-3.992034539581958,-14.295929775800637
-3.987043438967902,-14.279644348955925
-3.9820523383538386,-14.263355116312713
-3.9770612377397754,-14.247062077239308
-3.972070137125712,-14.230765231103895
-3.967079036511656,-14.21446457727464
-3.9620879358975927,-14.198160115119626
-3.9570968352835294,-14.18185184400689
-3.952105734669466,-14.16553976330449
-3.94711463405541,-14.149223872380396
-3.9421235334413467,-14.132904170602469
-3.9371324328272834,-14.1165806573386
-3.93214133221322,-14.100253331956592
-3.927150231599164,-14.08392219382428
-3.9221591309851007,-14.067587242309298
-3.9171680303710374,-14.051248476779367
-3.912176929756974,-14.034905896602123
-3.907185829142918,-14.018559501145143
-3.9021947285288547,-14.002209289775907
-3.8972036279147915,-13.98585526186197
-3.8922125273007353,-13.96949741677073
-3.887221426686672,-13.953135753869581
-3.8822303260726088,-13.936770272525882
-3.8772392254585455,-13.920400972106894
-3.8722481248444893,-13.904027851979894
-3.867257024230426,-13.887650911512054
-3.862265923616363,-13.87127015007055
-3.8572748230022995,-13.85488556702246
-3.8522837223882433,-13.83849716173487
-3.84729262177418,-13.822104933574753
-3.842301521160117,-13.805708881909064
-3.8373104205460535,-13.789309006104732
-3.8323193199319974,-13.772905305528655
-3.827328219317934,-13.756497779547614
-3.822337118703871,-13.740086427528365
-3.8173460180898076,-13.723671248837645
-3.8123549174757514,-13.70725224284214
-3.807363816861688,-13.690829408908455
-3.802372716247625,-13.674402746403151
-3.7973816156335687,-13.657972254692828
-3.7923905150195054,-13.641537933143875
-3.787399414405442,-13.625099781122794
-3.782408313791379,-13.608657797995955
-3.7774172131773227,-13.592211983129703
-3.7724261125632594,-13.575762335890305
-3.767435011949196,-13.55930885564404
-3.762443911335133,-13.542851541757065
-3.7574528107210767,-13.52639039359558
-3.7524617101070135,-13.509925410525659
-3.74747060949295,-13.493456591913342
-3.742479508878887,-13.476983937124647
-3.7374884082648308,-13.460507445525554
-3.7324973076507675,-13.44402711648195
-3.727506207036704,-13.427542949359674
-3.722515106422641,-13.41105494352461
-3.7175240058085848,-13.394563098342493
-3.7125329051945215,-13.37806741317902
-3.7075418045804582,-13.361567887399872
-3.702550703966395,-13.3450645203707
-3.697559603352339,-13.328557311457088
-3.6925685027382755,-13.312046260024514
-3.6875774021242123,-13.29553136543851
-3.682586301510156,-13.27901262706451
-3.677595200896093,-13.262490044267873
-3.6726041002820295,-13.24596361641395
-3.6676129996679663,-13.229433342868035
-3.66262189905391,-13.21289922299541
-3.657630798439847,-13.196361256161184
-3.6526396978257836,-13.179819441730604
-3.6476485972117203,-13.163273779068708
-3.642657496597664,-13.146724267540588
-3.637666395983601,-13.13017090651124
-3.6326752953695376,-13.1136136953456
-3.6276841947554743,-13.097052633408612
-3.622693094141418,-13.08048772006516
-3.617701993527355,-13.063918954679993
-3.6127108929132916,-13.047346336617922
-3.6077197922992283,-13.030769865243673
-3.602728691685172,-13.014189539921961
-3.597737591071109,-12.997605360017324
-3.5927464904570456,-12.981017324894383
-3.5877553898429895,-12.964425433917693
-3.582764289228926,-12.947829686451716
-3.577773188614863,-12.931230081860908
-3.5727820880007997,-12.914626619509617
-3.5677909873867435,-12.898019298762247
-3.5627998867726802,-12.881408118983014
-3.557808786158617,-12.864793079536264
-3.5528176855445537,-12.848174179786104
-3.5478265849304975,-12.831551419096774
-3.5428354843164342,-12.814924796832287
-3.537844383702371,-12.798294312356784
-3.5328532830883077,-12.78165996503422
-3.5278621824742515,-12.76502175422861
-3.5228710818601883,-12.748379679303792
-3.517879981246125,-12.731733739623701
-3.5128888806320617,-12.715083934552137
-3.5078977800180056,-12.698430263452902
-3.5029066794039423,-12.681772725689658
-3.497915578789879,-12.665111320626133
-3.492924478175823,-12.648446047625947
-3.4879333775617596,-12.631776906052693
-3.4829422769476963,-12.615103895269883
-3.477951176333633,-12.598427014641011
-3.472960075719577,-12.581746263529553
-3.4679689751055136,-12.56506164129885
-3.4629778744914503,-12.548373147312285
-3.457986773877387,-12.531680780933163
-3.452995673263331,-12.514984541524734
-3.4480045726492676,-12.498284428450171
-3.4430134720352044,-12.481580441072653
-3.438022371421141,-12.464872578755289
-3.433031270807085,-12.448160840861153
-3.4280401701930217,-12.431445226753246
-3.4230490695789584,-12.414725735794532
-3.418057968964895,-12.398002367347956
-3.413066868350839,-12.381275120776385
-3.4080757677367757,-12.364543995442618
-3.4030846671227124,-12.347808990709455
-3.3980935665086562,-12.33107010593964
-3.393102465894593,-12.314327340495831
-3.3881113652805297,-12.297580693740667
-3.3831202646664664,-12.280830165036733
-3.3781291640524103,-12.26407575374664
-3.373138063438347,-12.247317459232772
-3.3681469628242837,-12.23055528085766
-3.3631558622102204,-12.21378921798367
-3.3581647615961643,-12.197019269973175
-3.353173660982101,-12.180245436188471
-3.3481825603680377,-12.163467715991793
-3.3431914597539745,-12.14668610874537
-3.3382003591399183,-12.129900613811404
-3.333209258525855,-12.113111230551933
-3.3282181579117918,-12.0963179583291
-3.3232270572977285,-12.079520796504882
-3.3182359566836723,-12.062719744441306
-3.313244856069609,-12.04591480150021
-3.308253755455546,-12.029105967043568
-3.3032626548414825,-12.012293240433147
-3.2982715542274263,-11.995476621030798
-3.293280453613363,-11.978656108198178
-3.2882893529993,-11.961831701297053
-3.2832982523852436,-11.945003399689032
-3.2783071517711804,-11.928171202735689
-3.273316051157117,-11.911335109798634
-3.268324950543054,-11.894495120239311
-3.2633338499289977,-11.877651233419234
-3.2583427493149344,-11.860803448699755
-3.253351648700871,-11.843951765442256
-3.248360548086808,-11.82709618300805
-3.2433694474727517,-11.810236700758441
-3.2383783468586884,-11.793373318054607
-3.233387246244625,-11.776506034257707
-3.228396145630562,-11.759634848728895
-3.2234050450165057,-11.742759760829253
-3.2184139444024424,-11.72588076991979
-3.213422843788379,-11.7089978753615
-3.208431743174316,-11.692111076515303
-3.2034406425602597,-11.675220372742155
-3.1984495419461965,-11.658325763402813
-3.193458441332133,-11.641427247858097
-3.188467340718077,-11.624524825468814
-3.1834762401040138,-11.607618495595583
-3.1784851394899505,-11.590708257599076
-3.173494038875887,-11.573794110839923
-3.168502938261831,-11.556876054678698
-3.1635118376477678,-11.539954088475868
-3.1585207370337045,-11.523028211591928
-3.1535296364196412,-11.50609842338728
-3.148538535805585,-11.489164723222329
-3.143547435191522,-11.472227110457355
-3.1385563345774585,-11.455285584452634
-3.1335652339633953,-11.438340144568425
-3.128574133349339,-11.421390790164931
-3.123583032735276,-11.404437520602237
-3.1185919321212126,-11.387480335240427
-3.1136008315071493,-11.370519233439595
-3.108609730893093,-11.353554214559718
-3.10361863027903,-11.336585277960692
-3.0986275296649666,-11.31961242300247
-3.0936364290509104,-11.302635649044923
-3.088645328436847,-11.285654955447782
-3.083654227822784,-11.26867034157087
-3.0786631272087206,-11.251681806773867
-3.0736720265946644,-11.234689350416454
-3.068680925980601,-11.21769297185823
-3.063689825366538,-11.200692670458798
-3.0586987247524746,-11.183688445577646
-3.0537076241384185,-11.166680296574294
-3.048716523524355,-11.14966822280812
-3.043725422910292,-11.13265222363852
-3.0387343222962286,-11.11563229842485
-3.0337432216821725,-11.09860844652642
-3.028752121068109,-11.081580667302422
-3.023761020454046,-11.06454896011205
-3.0187699198399827,-11.047513324314481
-3.0137788192259265,-11.030473759268816
-3.0087877186118632,-11.013430264334087
-3.0037966179978,-10.996382838869314
-2.998805517383744,-10.979331482233466
-2.9938144167696805,-10.962276193785419
-2.9888233161556172,-10.945216972884072
-2.983832215541554,-10.928153818888228
-2.978841114927498,-10.911086731156674
-2.9738500143134345,-10.894015709048134
-2.9688589136993713,-10.876940751921248
-2.963867813085308,-10.859861859134691
-2.958876712471252,-10.842779030047053
-2.9538856118571886,-10.825692264016817
-2.9488945112431253,-10.808601560402515
-2.943903410629062,-10.791506918562568
-2.938912310015006,-10.774408337855414
-2.9339212094009426,-10.757305817639343
-2.9289301087868793,-10.740199357272708
-2.923939008172816,-10.723088956113726
-2.91894790755876,-10.70597461352064
-2.9139568069446966,-10.68885632885157
-2.9089657063306333,-10.671734101464647
-2.90397460571657,-10.654607930717956
-2.898983505102514,-10.63747781596953
-2.8939924044884506,-10.620343756577288
-2.8890013038743874,-10.603205751899198
-2.884010203260331,-10.586063801293143
-2.879019102646268,-10.568917904116926
-2.8740280020322047,-10.551768059728351
-2.8690369014181414,-10.534614267485157
-2.864045800804085,-10.517456526745052
-2.859054700190022,-10.500294836865645
-2.8540635995759587,-10.483129197204557
-2.8490724989618954,-10.465959607119329
-2.8440813983478392,-10.448786065967496
-2.839090297733776,-10.43160857310648
-2.8340991971197127,-10.414427127893715
-2.8291080965056494,-10.397241729686549
-2.8241169958915933,-10.38005237784235
-2.81912589527753,-10.362859071718287
-2.8141347946634667,-10.345661810671649
-2.8091436940494035,-10.328460594059624
-2.8041525934353473,-10.311255421239359
-2.799161492821284,-10.294046291567854
-2.7941703922072207,-10.276833204402207
-2.7891792915931646,-10.259616159099417
-2.7841881909791013,-10.242395155016375
-2.779197090365038,-10.225170191510042
-2.7742059897509748,-10.207941267937183
-2.7692148891369186,-10.19070838365471
-2.7642237885228553,-10.17347153801931
-2.759232687908792,-10.156230730387671
-2.754241587294729,-10.138985960116488
-2.7492504866806726,-10.121737226562404
-2.7442593860666094,-10.104484529081942
-2.739268285452546,-10.087227867031647
-2.734277184838483,-10.069967239767962
-2.7292860842244266,-10.052702646647388
-2.7242949836103634,-10.035434087026216
-2.7193038829963,-10.01816156026084
-2.714312782382237,-10.000885065707521
-2.7093216817681807,-9.983604602722538
-2.7043305811541174,-9.96632017066204
-2.699339480540054,-9.949031768882186
-2.694348379925998,-9.931739396739106
-2.6893572793119347,-9.914443053588816
-2.6843661786978714,-9.897142738787345
-2.679375078083808,-9.879838451690638
-2.674383977469752,-9.862530191654649
-2.6693928768556887,-9.845217958035196
-2.6644017762416254,-9.827901750188108
-2.659410675627562,-9.810581567469187
-2.654419575013506,-9.793257409234162
-2.6494284743994427,-9.77592927483869
-2.6444373737853795,-9.75859716363839
-2.639446273171316,-9.741261074988888
-2.63445517255726,-9.723921008245727
-2.6294640719431968,-9.706576962764354
-2.6244729713291335,-9.689228937900253
-2.61948187071507,-9.671876933008798
-2.614490770101014,-9.654520947445373
-2.609499669486951,-9.637160980565277
-2.6045085688728875,-9.619797031723756
-2.5995174682588242,-9.602429100276034
-2.594526367644768,-9.585057185577302
-2.589535267030705,-9.567681286982618
-2.5845441664166415,-9.55030140384713
-2.5795530658025854,-9.532917535525842
-2.574561965188522,-9.515529681373682
-2.569570864574459,-9.498137840745613
-2.5645797639603956,-9.480742012996549
-2.5595886633463394,-9.463342197481353
-2.554597562732276,-9.445938393554753
-2.549606462118213,-9.42853060057151
-2.5446153615041496,-9.41111881788634
-2.5396242608900934,-9.393703044853927
-2.53463316027603,-9.376283280828844
-2.529642059661967,-9.358859525165638
-2.5246509590479036,-9.341431777218842
-2.5196598584338474,-9.324000036342955
-2.514668757819784,-9.306564301892333
-2.509677657205721,-9.289124573221413
-2.5046865565916576,-9.271680849684461
-2.4996954559776015,-9.254233130635843
-2.494704355363538,-9.23678141542971
-2.489713254749475,-9.219325703420292
-2.4847221541354187,-9.20186599396173
-2.4797310535213555,-9.184402286408096
-2.474739952907292,-9.166934580113452
-2.469748852293229,-9.149462874431826
-2.4647577516791728,-9.131987168717147
-2.4597666510651095,-9.114507462323317
-2.4547755504510462,-9.097023754604225
-2.449784449836983,-9.079536044913656
-2.444793349222927,-9.06204433260543
-2.4398022486088635,-9.04454861703318
-2.4348111479948003,-9.027048897550667
-2.429820047380737,-9.009545173511478
-2.424828946766681,-8.99203744426924
-2.4198378461526175,-8.97452570917744
-2.4148467455385543,-8.95700996758961
-2.409855644924491,-8.939490218859138
-2.404864544310435,-8.921966462339476
-2.3998734436963716,-8.904438697383952
-2.3948823430823083,-8.886906923345874
-2.389891242468252,-8.869371139578515
-2.384900141854189,-8.851831345435054
-2.3799090412401256,-8.83428754026868
-2.3749179406260623,-8.816739723432475
-2.369926840012006,-8.799187894279582
-2.364935739397943,-8.781632052162974
-2.3599446387838796,-8.764072196435613
-2.3549535381698163,-8.746508326450465
-2.34996243755576,-8.728940441560457
-2.344971336941697,-8.711368541118322
-2.3399802363276336,-8.693792624476949
-2.3349891357135704,-8.676212690989034
-2.329998035099514,-8.658628740007323
-2.325006934485451,-8.641040770884418
-2.3200158338713877,-8.623448782972918
-2.3150247332573244,-8.605852775625456
-2.310033632643268,-8.588252748194506
-2.305042532029205,-8.570648700032503
-2.3000514314151417,-8.553040630491937
-2.2950603308010855,-8.535428538925135
-2.2900692301870222,-8.517812424684436
-2.285078129572959,-8.500192287122106
-2.2800870289588957,-8.482568125590412
-2.2750959283448395,-8.464939939441553
-2.2701048277307763,-8.447307728027642
-2.265113727116713,-8.429671490700775
-2.2601226265026497,-8.41203122681302
-2.2551315258885936,-8.394386935716382
-2.2501404252745303,-8.376738616762806
-2.245149324660467,-8.359086269304198
-2.2401582240464037,-8.341429892692442
-2.2351671234323476,-8.32376948627936
-2.2301760228182843,-8.306105049416692
-2.225184922204221,-8.288436581456205
-2.2201938215901578,-8.270764081749538
-2.2152027209761016,-8.2530875496484
-2.2102116203620383,-8.235406984504278
-2.205220519747975,-8.217722385668772
-2.200229419133912,-8.200033752493347
-2.1952383185198556,-8.182341084329499
-2.1902472179057924,-8.16464438052858
-2.185256117291729,-8.14694364044195
-2.180265016677673,-8.129238863420971
-2.1752739160636096,-8.111530048816833
-2.1702828154495464,-8.093817195980806
-2.165291714835483,-8.076100304264015
-2.160300614221427,-8.05837937301765
-2.1553095136073637,-8.040654401592718
-2.1503184129933004,-8.02292538934027
-2.145327312379237,-8.005192335611325
-2.140336211765181,-7.987455239756816
-2.1353451111511177,-7.969714101127576
-2.1303540105370544,-7.951968919074518
-2.125362909922991,-7.934219692948408
-2.120371809308935,-7.916466422100018
-2.1153807086948717,-7.898709105880048
-2.1103896080808084,-7.880947743639133
-2.105398507466745,-7.863182334727921
-2.100407406852689,-7.845412878496995
-2.0954163062386257,-7.827639374296853
-2.0904252056245625,-7.809861821477931
-2.0854341050105063,-7.792080219390751
-2.080443004396443,-7.774294567385607
-2.0754519037823798,-7.756504864812895
-2.0704608031683165,-7.738711111022868
-2.0654697025542603,-7.720913305365828
-2.060478601940197,-7.703111447191899
-2.055487501326134,-7.685305535851276
-2.0504964007120705,-7.667495570694071
-2.0455053000980143,-7.649681551070339
-2.040514199483951,-7.63186347633006
-2.035523098869888,-7.614041345823243
-2.0305319982558245,-7.5962151588997795
-2.0255408976417684,-7.5783849149096065
-2.020549797027705,-7.560550613202481
-2.015558696413642,-7.542712253128201
-2.0105675957995786,-7.524869834036517
-2.0055764951855224,-7.507023355277154
-2.000585394571459,-7.4891728161996705
-1.9955942939573958,-7.471318216153726
-1.9906031933433397,-7.453459554488884
-1.9856120927292764,-7.435596830554622
-1.9806209921152131,-7.417730043700377
-1.9756298915011499,-7.399859193275601
-1.9706387908870937,-7.3819842786297025
-1.9656476902730304,-7.364105299111882
-1.9606565896589672,-7.346222254071517
-1.955665489044904,-7.328335142857785
-1.9506743884308477,-7.31044396481992
-1.9456832878167845,-7.292548719306993
-1.9406921872027212,-7.274649405668134
-1.935701086588658,-7.256746023252394
-1.9307099859746018,-7.238838571408769
-1.9257188853605385,-7.220927049486193
-1.9207277847464752,-7.203011456833573
-1.915736684132412,-7.1850917927997795
-1.9107455835183558,-7.16716805673364
-1.9057544829042925,-7.1492402479838795
-1.9007633822902292,-7.131308365899265
-1.895772281676173,-7.113372409828461
-1.8907811810621098,-7.095432379120075
-1.8857900804480465,-7.077488273122713
-1.8807989798339833,-7.059540091184891
-1.875807879219927,-7.04158783265515
-1.8708167786058638,-7.0236314968818805
-1.8658256779918005,-7.005671083213499
-1.8608345773777373,-6.987706590998344
-1.855843476763681,-6.969738019584787
-1.8508523761496178,-6.9517653683210066
-1.8458612755355546,-6.933788636555259
-1.8408701749214913,-6.915807823635708
-1.8358790743074351,-6.897822928910499
-1.8308879736933719,-6.879833951727663
-1.8258968730793086,-6.861840891435262
-1.8209057724652453,-6.843843747381276
-1.8159146718511892,-6.825842518913651
-1.8109235712371259,-6.807837205380264
-1.8059324706230626,-6.789827806128967
-1.8009413700089993,-6.771814320507545
-1.7959502693949432,-6.75379674786381
-1.79095916878088,-6.735775087545397
-1.7859680681668166,-6.71774933890001
-1.7809769675527605,-6.699719501275297
-1.7759858669386972,-6.681685574018739
-1.770994766324634,-6.663647556477943
-1.7660036657105707,-6.645605448000335
-1.7610125650965145,-6.627559247933411
-1.7560214644824512,-6.609508955624476
-1.751030363868388,-6.591454570420942
-1.7460392632543247,-6.573396091670065
-1.7410481626402685,-6.555333518719111
-1.7360570620262052,-6.537266850915273
-1.731065961412142,-6.519196087605693
-1.7260748607980787,-6.501121228137507
-1.7210837601840225,-6.483042271857794
-1.7160926595699593,-6.464959218113544
-1.711101558955896,-6.446872066251731
-1.7061104583418327,-6.428780815619294
-1.7011193577277766,-6.410685465563143
-1.6961282571137133,-6.392586015430032
-1.69113715649965,-6.374482464566819
-1.6861460558855939,-6.356374812320272
-1.6811549552715306,-6.338263058036989
-1.6761638546574673,-6.320147201063702
-1.671172754043404,-6.302027240746983
-1.6661816534293479,-6.283903176433458
-1.6611905528152846,-6.265775007469513
-1.6561994522012213,-6.247642733201715
-1.651208351587158,-6.229506352976472
-1.646217250973102,-6.211365866140167
-1.6412261503590386,-6.193221272039087
-1.6362350497449754,-6.175072570019551
-1.631243949130912,-6.156919759427798
-1.626252848516856,-6.138762839610011
-1.6212617479027926,-6.1206018099123325
-1.6162706472887294,-6.102436669680879
-1.611279546674666,-6.084267418261682
-1.60628844606061,-6.066094055000793
-1.6012973454465467,-6.047916579244142
-1.5963062448324834,-6.029734990337649
-1.5913151442184272,-6.0115492876272185
-1.586324043604364,-5.993359470458619
-1.5813329429903007,-5.975165538177653
-1.5763418423762374,-5.956967490130074
-1.5713507417621813,-5.9387653256616035
-1.566359641148118,-5.9205590441177955
-1.5613685405340547,-5.902348644844296
-1.5563774399199914,-5.884134127186649
-1.5513863393059353,-5.8659154904904085
-1.546395238691872,-5.847692734100958
-1.5414041380778087,-5.829465857363742
-1.5364130374637455,-5.811234859624143
-1.5314219368496893,-5.792999740227481
-1.526430836235626,-5.774760498518992
-1.5214397356215628,-5.7565171338439525
-1.5164486350074995,-5.738269645547522
-1.5114575343934433,-5.720018032974884
-1.50646643377938,-5.7017622954710605
-1.5014753331653168,-5.683502432381135
-1.4964842325512606,-5.665238443050135
-1.4914931319371973,-5.646970326822988
-1.486502031323134,-5.628698083044585
-1.4815109307090708,-5.610421711059819
-1.4765198300950146,-5.592141210213551
-1.4715287294809514,-5.5738565798504505
-1.466537628866888,-5.55556781931532
-1.4615465282528248,-5.537274927952814
-1.4565554276387687,-5.518977905107598
-1.4515643270247054,-5.500676750124221
-1.4465732264106421,-5.482371462347252
-1.4415821257965789,-5.464062041121167
-1.4365910251825227,-5.4457484857904745
-1.4315999245684594,-5.427430795699505
-1.4266088239543961,-5.40910897019268
-1.4216177233403329,-5.390783008614284
-1.4166266227262767,-5.37245291030862
-1.4116355221122134,-5.354118674619852
-1.4066444214981502,-5.33578030089222
-1.401653320884087,-5.31743778846981
-1.3966622202700307,-5.299091136696764
-1.3916711196559675,-5.28074034491708
-1.3866800190419042,-5.262385412474758
-1.381688918427848,-5.244026338713781
-1.3766978178137848,-5.2256631229779895
-1.3717067171997215,-5.207295764611294
-1.3667156165856582,-5.188924262957506
-1.361724515971602,-5.17054861736039
-1.3567334153575388,-5.152168827163635
-1.3517423147434755,-5.1337848917109365
-1.3467512141294122,-5.1153968103459615
-1.341760113515356,-5.097004582412259
-1.3367690129012928,-5.07860820725335
-1.3317779122872295,-5.060207684212761
-1.3267868116731663,-5.041803012633934
-1.32179571105911,-5.023394191860298
-1.3168046104450468,-5.004981221235149
-1.3118135098309835,-4.986564100101829
-1.3068224092169203,-4.968142827803582
-1.3018313086028641,-4.949717403683716
-1.2968402079888008,-4.93128782708529
-1.2918491073747376,-4.912854097351487
-1.2868580067606814,-4.894416213825396
-1.2818669061466181,-4.875974175850031
-1.2768758055325549,-4.857527982768405
-1.2718847049184916,-4.839077633923448
-1.2668936043044354,-4.820623128658093
-1.2619025036903722,-4.802164466315151
-1.2569114030763089,-4.783701646237431
-1.2519203024622456,-4.765234667767747
-1.2469292018481895,-4.746763530248799
-1.2419381012341262,-4.728288233023238
-1.236947000620063,-4.7098087754336895
-1.2319559000059996,-4.691325156822742
-1.2269647993919435,-4.67283737653297
-1.2219736987778802,-4.654345433906797
-1.216982598163817,-4.635849328286721
-1.2119914975497537,-4.617349059015113
-1.2070003969356975,-4.5988446254343645
-1.2020092963216342,-4.580336026886749
-1.197018195707571,-4.56182326271451
-1.1920270950935148,-4.543306332259946
-1.1870359944794515,-4.5247852348651385
-1.1820448938653882,-4.5062599698722385
-1.177053793251325,-4.487730536623348
-1.1720626926372688,-4.469196934460533
-1.1670715920232055,-4.450659162725703
-1.1620804914091423,-4.432117220760861
-1.157089390795079,-4.413571107907855
-1.1520982901810228,-4.395020823508633
-1.1471071895669596,-4.376466366904901
-1.1421160889528963,-4.357907737438472
-1.137124988338833,-4.339344934451044
-1.1321338877247769,-4.320777957284313
-1.1271427871107136,-4.302206805279876
-1.1221516864966503,-4.283631477779341
-1.117160585882587,-4.265051974124204
-1.1121694852685309,-4.246468293656022
-1.1071783846544676,-4.227880435716166
-1.1021872840404043,-4.209288399646064
-1.097196183426341,-4.190692184787092
-1.092205082812285,-4.172091790480521
-1.0872139821982216,-4.153487216067635
-1.0822228815841584,-4.1348784608896425
-1.0772317809701022,-4.116265524287728
-1.072240680356039,-4.097648405602989
-1.0672495797419757,-4.079027104176539
-1.0622584791279124,-4.060401619349368
-1.0572673785138562,-4.041771950462544
-1.052276277899793,-4.0231380968569255
-1.0472851772857297,-4.004500057873469
-1.0422940766716664,-3.9858578328529886
-1.0373029760576102,-3.9672114211363367
-1.032311875443547,-3.9485608220642217
-1.0273207748294837,-3.929906034977401
-1.0223296742154204,-3.9112470592165236
-1.0173385736013643,-3.8925838941222755
-1.012347472987301,-3.873916539035144
-1.0073563723732377,-3.85524499329572
-1.0023652717591744,-3.8365692562444846
-0.9973741711451183,-3.8178893272219043
-0.992383070531055,-3.7992052055683327
-0.9873919699169917,-3.78051689062416
-0.9824008693029356,-3.761824381729703
-0.9774097686888723,-3.7431276782251524
-0.972418668074809,-3.7244267794508104
-0.9674275674607458,-3.7057216847468144
-0.9624364668466896,-3.6870123934533408
-0.9574453662326263,-3.668298904910368
-0.9524542656185631,-3.649581218458019
-0.9474631650044998,-3.630859333436246
-0.9424720643904436,-3.612133249185025
-0.9374809637763803,-3.593402965044233
-0.9324898631623171,-3.574668480353722
-0.9274987625482538,-3.555929794453314
-0.9225076619341976,-3.5371869066827797
-0.9175165613201344,-3.5184398163818256
-0.9125254607060711,-3.4996885228901444
-0.9075343600920078,-3.4809330255473374
-0.9025432594779517,-3.462173323693029
-0.8975521588638884,-3.4434094166666984
-0.8925610582498251,-3.4246413038078782
-0.887569957635769,-3.4058689844560353
-0.8825788570217057,-3.3870924579505073
-0.8775877564076424,-3.3683117236307107
-0.8725966557935791,-3.3495267808359244
-0.867605555179523,-3.330737628905451
-0.8626144545654597,-3.311944267178468
-0.8576233539513964,-3.2931466949941854
-0.8526322533373332,-3.2743449116917076
-0.847641152723277,-3.2555389166101603
-0.8426500521092137,-3.2367287090885184
-0.8376589514951505,-3.2179142884658227
-0.8326678508810872,-3.1990956540810194
-0.827676750267031,-3.1802728052730282
-0.8226856496529678,-3.161445741380662
-0.8176945490389045,-3.1426144617427663
-0.8127034484248412,-3.123778965698102
-0.807712347810785,-3.1049392525854373
-0.8027212471967218,-3.0860953217433735
-0.7977301465826585,-3.0672471725105637
-0.7927390459686023,-3.0483948042256617
-0.7877479453545391,-3.029538216227122
-0.7827568447404758,-3.0106774078534806
-0.7777657441264125,-2.9918123784431936
-0.7727746435123564,-2.972943127334678
-0.7677835428982931,-2.9540696538662616
-0.7627924422842298,-2.935191957376267
-0.7578013416701666,-2.9163100372029946
-0.7528102410561104,-2.89742389268467
-0.7478191404420471,-2.8785335231594433
-0.7428280398279838,-2.8596389279654595
-0.7378369392139206,-2.8407401064408044
-0.7328458385998644,-2.821837057923557
-0.7278547379858011,-2.80292978175168
-0.7228636373717379,-2.7840182772631232
-0.7178725367576746,-2.7651025437958205
-0.7128814361436184,-2.746182580687637
-0.7078903355295552,-2.7272583872763567
-0.7028992349154919,-2.70832996289977
-0.6979081343014286,-2.6893973068956094
-0.6929170336873725,-2.6704604186015852
-0.6879259330733092,-2.6515192973552817
-0.6829348324592459,-2.6325739424942873
-0.6779437318451897,-2.613624353356182
-0.6729526312311265,-2.5946705292784378
-0.6679615306170632,-2.575712469598506
-0.6629704300029999,-2.556750173653783
-0.6579793293889438,-2.537783640781672
-0.6529882287748805,-2.5188128703194272
-0.6479971281608172,-2.4998378616043104
-0.643006027546754,-2.480858613973566
-0.6380149269326978,-2.4618751267643875
-0.6330238263186345,-2.4428873993138227
-0.6280327257045712,-2.423895430958955
-0.623041625090508,-2.404899221036817
-0.6180505244764518,-2.3858987688843953
-0.6130594238623885,-2.3668940738385364
-0.6080683232483253,-2.347885135236159
-0.603077222634262,-2.328871952414014
-0.5980861220202058,-2.309854524708918
-0.5930950214061426,-2.290832851457478
-0.5881039207920793,-2.2718069319963416
-0.5831128201780231,-2.2527767656620843
-0.5781217195639599,-2.2337423517911916
-0.5731306189498966,-2.214703689720028
-0.5681395183358333,-2.1956607787849998
-0.5631484177217772,-2.1766136183223375
-0.5581573171077139,-2.1575622076681698
-0.5531662164936506,-2.138506546158609
-0.5481751158795873,-2.1194466331296185
-0.5431840152655312,-2.100382467917038
-0.5381929146514679,-2.081314049856565
-0.5332018140374046,-2.0622413782837916
-0.5282107134233414,-2.0431644525341204
-0.5232196128092852,-2.0240832719428257
-0.5182285121952219,-2.004997835844886
-0.5132374115811587,-1.9859081435751387
-0.5082463109670954,-1.9668141944681459
-0.5032552103530392,-1.9477159878581924
-0.49826410973897595,-1.9286135230791321
-0.4932730091249127,-1.9095067994645565
-0.4882819085108565,-1.8903958163475518
-0.48329080789679324,-1.8712805730607154
-0.47829970728272997,-1.8521610689360555
-0.4733086066686667,-1.833037303304914
-0.46831750605461053,-1.8139092754979094
-0.46332640544054726,-1.7947769848446582
-0.458335304826484,-1.7756404306738613
-0.4533442042124207,-1.7564996123129677
-0.44835310359836456,-1.737354529088088
-0.4433620029843013,-1.7182051803236782
-0.438370902370238,-1.699051565342413
-0.43337980175617474,-1.6798936834648066
-0.4283887011421186,-1.6607315340089386
-0.4233976005280553,-1.6415651162899996
-0.41840649991399204,-1.6223944296198964
-0.41341539929992877,-1.6032194733067142
-0.4084242986858726,-1.58404024665418
-0.40343319807180933,-1.5648567489608376
-0.39844209745774606,-1.5456689795194176
-0.3934509968436899,-1.5264769376158418
-0.3884598962296266,-1.507280622528142
-0.38346879561556335,-1.4880800335253979
-0.3784776950015001,-1.4688751698662277
-0.3734865943874439,-1.449666030797253
-0.36849549377338064,-1.4304526155512611
-0.3635043931593174,-1.4112349233451655
-0.3585132925452541,-1.392012953377675
-0.35352219193119794,-1.3727867048265172
-0.34853109131713467,-1.3535561768452744
-0.3435399907030714,-1.334321368560096
-0.3385488900890081,-1.31508227906548
-0.33355778947495196,-1.295838907419903
-0.3285666888608887,-1.2765912526404617
-0.3235755882468254,-1.2573393136972768
-0.31858448763276215,-1.2380830895067012
-0.313593387018706,-1.2188225789240272
-0.3086022864046427,-1.1995577807349407
-0.30361118579057944,-1.180288693646304
-0.29862008517651617,-1.1610153162755616
-0.29362898456246,-1.1417376471387959
-0.28863788394839673,-1.1224556846377127
-0.28364678333433346,-1.1031694270450731
-0.2786556827202773,-1.0838788724883597
-0.273664582106214,-1.0645840189318887
-0.26867348149215076,-1.0452848641572652
-0.2636823808780875,-1.0259814057417036
-0.2586912802640313,-1.0066736410346455
-0.25370017964996805,-0.9873615671320888
-0.24870907903590478,-0.9680451808494929
-0.2437179784218415,-0.9487244786921607
-0.23872687780778534,-0.9293994568243857
-0.23373577719372207,-0.9100701110365742
-0.2287446765796588,-0.8907364367116593
-0.22375357596559553,-0.871398428790303
-0.21876247535153936,-0.8520560817363403
-0.2137713747374761,-0.8327093895025616
-0.20878027412341282,-0.8133583454987889
-0.20378917350934955,-0.794002942562785
-0.1987980728952934,-0.7746431729361662
-0.19380697228123012,-0.7552790282472263
-0.18881587166716685,-0.7359104995035999
-0.18382477105311068,-0.7165375770973058
-0.1788336704390474,-0.6971602508260789
-0.17384256982498414,-0.6777785099356123
-0.16885146921092087,-0.6583923431871287
-0.1638603685968647,-0.6390017389563908
-0.15886926798280143,-0.619606685370494
-0.15387816736873816,-0.6002071704901154
-0.1488870667546749,-0.5808031825446751
-0.14389596614061873,-0.5613947102295289
-0.13890486552655545,-0.5419817430744621
-0.13391376491249218,-0.5225642718931669
-0.1289226642984289,-0.5031422893231426
-0.12393156368437275,-0.48371579046579977
-0.11894046307030948,-0.4642847736351204
-0.1139493624562462,-0.44484924122246733
-0.10895826184218294,-0.42540920068228133
-0.10396716122812677,-0.4059646656410799
-0.0989760606140635,-0.3865156571277598
-0.09398496,-0.367062204919203
