-49.906013,-16.37364903249525
-49.90104069846185,-16.373629628046903
-49.896068396923695,-16.373610173812505
-49.89109609538554,-16.37359066976717
-49.88612379384739,-16.373571115886097
-49.88115149230923,-16.373551512144395
-49.876179190771076,-16.373531858517225
-49.87120688923292,-16.373512154979665
-49.86623458769477,-16.373492401506855
-49.86126228615662,-16.373472598073878
-49.85628998461846,-16.373452744655822
-49.85131768308031,-16.373432841227746
-49.84634538154216,-16.373412887764736
-49.841373080004004,-16.373392884241813
-49.83640077846585,-16.37337283063406
-49.83142847692769,-16.373352726916444
-49.82645617538954,-16.37333257306404
-49.821483873851385,-16.373312369051806
-49.81651157231323,-16.373292114854756
-49.81153927077508,-16.37327181044787
-49.806566969236926,-16.37325145580611
-49.80159466769877,-16.37323105090443
-49.79662236616062,-16.3732105957178
-49.791650064622466,-16.373190090221147
-49.78667776308431,-16.373169534389383
-49.78170546154615,-16.373148928197423
-49.776733160008,-16.37312827162016
-49.77176085846985,-16.37310756463252
-49.766788556931694,-16.37308680720932
-49.76181625539354,-16.373065999325473
-49.75684395385539,-16.37304514095581
-49.751871652317234,-16.373024232075206
-49.74689935077908,-16.373003272658437
-49.74192704924093,-16.37298226268037
-49.736954747702775,-16.372961202115807
-49.731982446164615,-16.372940090939526
-49.72701014462646,-16.372918929126318
-49.72203784308831,-16.372897716650954
-49.717065541550156,-16.372876453488217
-49.712093240012,-16.372855139612824
-49.70712093847385,-16.372833774999542
-49.702148636935696,-16.372812359623083
-49.69717633539754,-16.37279089345818
-49.69220403385939,-16.372769376479486
-49.68723173232124,-16.37274780866177
-49.68225943078308,-16.37272618997964
-49.677287129244924,-16.372704520407826
-49.67231482770677,-16.372682799920963
-49.66734252616862,-16.372661028493653
-49.662370224630465,-16.372639206100594
-49.65739792309231,-16.37261733271637
-49.65242562155416,-16.37259540831562
-49.647453320016005,-16.372573432872937
-49.64248101847785,-16.37255140636286
-49.63750871693969,-16.37252932876003
-49.63253641540154,-16.372507200038978
-49.627564113863386,-16.37248502017427
-49.62259181232523,-16.372462789140435
-49.61761951078708,-16.372440506912014
-49.61264720924893,-16.37241817346351
-49.60767490771077,-16.372395788769435
-49.60270260617262,-16.372373352804285
-49.59773030463447,-16.37235086554255
-49.592758003096314,-16.37232832695869
-49.587785701558154,-16.37230573702718
-49.58281340002,-16.372283095722437
-49.57784109848185,-16.372260403018924
-49.572868796943695,-16.372237658891056
-49.56789649540554,-16.372214863313225
-49.56292419386739,-16.372192016259877
-49.557951892329235,-16.37216911770537
-49.55297959079108,-16.372146167624077
-49.54800728925293,-16.372123165990374
-49.543034987714776,-16.372100112778615
-49.538062686176616,-16.372077007963146
-49.53309038463846,-16.372053851518288
-49.52811808310031,-16.372030643418338
-49.52314578156216,-16.37200738363766
-49.518173480024004,-16.37198407215051
-49.51320117848585,-16.371960708931155
-49.5082288769477,-16.371937293953906
-49.503256575409544,-16.371913827192984
-49.49828427387139,-16.371890308622664
-49.49331197233324,-16.37186673821719
-49.48833967079508,-16.37184311595075
-49.483367369256925,-16.371819441797594
-49.47839506771877,-16.371795715731903
-49.47342276618062,-16.371771937727853
-49.468450464642466,-16.371748107759647
-49.46347816310431,-16.371724225801433
-49.45850586156616,-16.371700291827377
-49.453533560028006,-16.371676305811604
-49.44856125848985,-16.371652267728265
-49.4435889569517,-16.371628177551436
-49.43861665541354,-16.37160403525528
-49.43364435387539,-16.371579840813872
-49.428672052337234,-16.371555594201258
-49.42369975079908,-16.371531295391545
-49.41872744926093,-16.371506944358778
-49.413755147722775,-16.371482541077018
-49.40878284618462,-16.371458085520278
-49.40381054464647,-16.371433577662614
-49.398838243108315,-16.371409017477987
-49.393865941570155,-16.371384404940443
-49.388893640032,-16.371359740023948
-49.38392133849385,-16.371335022702482
-49.378949036955696,-16.371310252949996
-49.37397673541754,-16.37128543074045
-49.36900443387939,-16.371260556047783
-49.36403213234124,-16.37123562884594
-49.35905983080308,-16.371210649108807
-49.35408752926493,-16.371185616810305
-49.34911522772678,-16.371160531924314
-49.34414292618862,-16.371135394424755
-49.339170624650464,-16.371110204285436
-49.33419832311231,-16.371084961480253
-49.32922602157416,-16.37105966598303
-49.324253720036005,-16.371034317767602
-49.31928141849785,-16.371008916807813
-49.3143091169597,-16.37098346307745
-49.309336815421545,-16.370957956550303
-49.30436451388339,-16.370932397200157
-49.29939221234524,-16.37090678500082
-49.29441991080708,-16.370881119926008
-49.289447609268926,-16.370855401949473
-49.28447530773077,-16.37082963104499
-49.27950300619262,-16.370803807186256
-49.27453070465447,-16.370777930346964
-49.269558403116314,-16.370752000500854
-49.26458610157816,-16.370726017621593
-49.25961380004001,-16.370699981682858
-49.254641498501854,-16.370673892658314
-49.2496691969637,-16.370647750521623
-49.24469689542554,-16.370621555246423
-49.23972459388739,-16.37059530680634
-49.234752292349235,-16.37056900517497
-49.22977999081108,-16.370542650325945
-49.22480768927293,-16.370516242232846
-49.219835387734776,-16.37048978086925
-49.21486308619662,-16.37046326620872
-49.20989078465847,-16.370436698224836
-49.204918483120316,-16.370410076891133
-49.19994618158216,-16.37038340218114
-49.194973880044,-16.370356674068358
-49.19000157850585,-16.370329892526314
-49.1850292769677,-16.37030305752851
-49.180056975429544,-16.370276169048395
-49.17508467389139,-16.370249227059492
-49.17011237235324,-16.370222231535205
-49.165140070815085,-16.37019518244904
-49.16016776927693,-16.370168079774384
-49.15519546773878,-16.370140923484694
-49.15022316620062,-16.37011371355334
-49.145250864662465,-16.37008644995377
-49.14027856312431,-16.37005913265933
-49.13530626158616,-16.37003176164342
-49.130333960048006,-16.37000433687939
-49.12536165850985,-16.369976858340593
-49.1203893569717,-16.369949326000363
-49.11541705543355,-16.36992173983203
-49.11044475389539,-16.36989409980891
-49.10547245235724,-16.369866405904308
-49.10050015081908,-16.369838658091506
-49.09552784928093,-16.36981085634378
-49.090555547742774,-16.36978300063441
-49.08558324620462,-16.36975509093663
-49.08061094466647,-16.36972712722368
-49.075638643128315,-16.369699109468815
-49.07066634159016,-16.369671037645222
-49.06569404005201,-16.369642911726107
-49.060721738513855,-16.369614731684692
-49.0557494369757,-16.369586497494126
-49.05077713543754,-16.369558209127582
-49.04580483389939,-16.36952986655823
-49.040832532361236,-16.369501469759186
-49.03586023082308,-16.369473018703612
-49.03088792928493,-16.369444513364613
-49.02591562774678,-16.36941595371531
-49.020943326208624,-16.36938733972876
-49.01597102467047,-16.369358671378087
-49.01099872313232,-16.369329948636306
-49.006026421594164,-16.369301171476526
-49.001054120056004,-16.36927233987179
-48.99608181851785,-16.36924345379511
-48.9911095169797,-16.36921451321951
-48.986137215441545,-16.369185518117995
-48.98116491390339,-16.369156468463576
-48.97619261236524,-16.369127364229236
-48.971220310827086,-16.369098205387903
-48.96624800928893,-16.369068991912606
-48.96127570775078,-16.369039723776233
-48.956303406212626,-16.369010400951773
-48.951331104674466,-16.36898102341212
-48.94635880313631,-16.368951591130156
-48.94138650159816,-16.36892210407881
-48.93641420006001,-16.368892562230972
-48.931441898521854,-16.368862965559497
-48.9264695969837,-16.368833314037243
-48.92149729544555,-16.368803607637087
-48.916524993907395,-16.36877384633185
-48.91155269236924,-16.36874403009435
-48.90658039083108,-16.368714158897383
-48.90160808929293,-16.36868423271379
-48.896635787754775,-16.368654251516315
-48.89166348621662,-16.36862421527777
-48.88669118467847,-16.368594123970865
-48.881718883140316,-16.368563977568407
-48.87674658160216,-16.368533776043105
-48.87177428006401,-16.36850351936768
-48.86680197852586,-16.368473207514864
-48.8618296769877,-16.368442840457334
-48.85685737544954,-16.368412418167782
-48.85188507391139,-16.368381940618892
-48.84691277237324,-16.36835140778333
-48.841940470835084,-16.368320819633734
-48.83696816929693,-16.36829017614274
-48.83199586775878,-16.368259477282976
-48.827023566220625,-16.368228723027062
-48.82205126468247,-16.368197913347604
-48.81707896314432,-16.368167048217174
-48.812106661606165,-16.368136127608352
-48.807134360068005,-16.368105151493722
-48.80216205852985,-16.3680741198458
-48.7971897569917,-16.36804303263715
-48.792217455453546,-16.368011889840282
-48.78724515391539,-16.367980691427725
-48.78227285237724,-16.36794943737197
-48.77730055083909,-16.36791812764548
-48.772328249300934,-16.367886762220788
-48.76735594776278,-16.367855341070317
-48.76238364622463,-16.367823864166525
-48.75741134468647,-16.367792331481837
-48.752439043148314,-16.367760742988715
-48.74746674161016,-16.36772909865954
-48.74249444007201,-16.367697398466728
-48.737522138533855,-16.367665642382665
-48.7325498369957,-16.367633830379727
-48.72757753545755,-16.36760196243029
-48.722605233919396,-16.367570038506667
-48.71763293238124,-16.367538058581225
-48.71266063084309,-16.367506022626287
-48.70768832930493,-16.367473930614178
-48.702716027766776,-16.36744178251716
-48.69774372622862,-16.36740957830755
-48.69277142469047,-16.367377317957633
-48.68779912315232,-16.36734500143965
-48.682826821614164,-16.367312628725852
-48.67785452007601,-16.36728019978849
-48.67288221853786,-16.367247714599777
-48.667909916999704,-16.367215173131928
-48.662937615461544,-16.367182575357152
-48.65796531392339,-16.367149921247627
-48.65299301238524,-16.367117210775536
-48.648020710847085,-16.36708444391304
-48.64304840930893,-16.367051620632264
-48.63807610777078,-16.367018740905387
-48.633103806232626,-16.366985804704502
-48.62813150469447,-16.366952812001717
-48.62315920315632,-16.36691976276915
-48.61818690161817,-16.366886656978892
-48.613214600080006,-16.366853494603017
-48.60824229854185,-16.366820275613552
-48.6032699970037,-16.366786999982583
-48.59829769546555,-16.366753667682108
-48.593325393927394,-16.366720278684184
-48.58835309238924,-16.366686832960827
-48.58338079085109,-16.366653330484006
-48.578408489312935,-16.36661977122572
-48.57343618777478,-16.36658615515794
-48.56846388623663,-16.366552482252626
-48.56349158469847,-16.36651875248172
-48.558519283160315,-16.366484965817172
-48.55354698162216,-16.366451122230878
-48.54857468008401,-16.36641722169477
-48.543602378545856,-16.36638326418073
-48.5386300770077,-16.366349249660654
-48.53365777546955,-16.36631517810639
-48.5286854739314,-16.366281049489828
-48.523713172393244,-16.36624686378279
-48.51874087085509,-16.366212620957132
-48.51376856931693,-16.366178320984634
-48.50879626777878,-16.366143963837146
-48.503823966240624,-16.36610954948643
-48.49885166470247,-16.366075077904277
-48.49387936316432,-16.36604054906247
-48.488907061626165,-16.366005962932746
-48.48393476008801,-16.365971319486853
-48.47896245854986,-16.365936618696544
-48.473990157011706,-16.3659018605335
-48.46901785547355,-16.36586704496945
-48.46404555393539,-16.365832171976066
-48.45907325239724,-16.365797241525055
-48.454100950859086,-16.365762253588077
-48.44912864932093,-16.365727208136754
-48.44415634778278,-16.365692105142774
-48.43918404624463,-16.365656944577726
-48.434211744706474,-16.365621726413252
-48.42923944316832,-16.36558645062095
-48.42426714163017,-16.36555111717238
-48.41929484009201,-16.36551572603917
-48.414322538553854,-16.36548027719283
-48.4093502370157,-16.365444770604938
-48.40437793547755,-16.365409206247055
-48.399405633939395,-16.365373584090655
-48.39443333240124,-16.3653379041073
-48.38946103086309,-16.36530216626845
-48.384488729324936,-16.365266370545612
-48.37951642778678,-16.365230516910263
-48.37454412624863,-16.365194605333873
-48.36957182471047,-16.365158635787857
-48.364599523172316,-16.365122608243666
-48.35962722163416,-16.36508652267273
-48.35465492009601,-16.365050379046448
-48.34968261855786,-16.365014177336228
-48.344710317019704,-16.36497791751345
-48.33973801548155,-16.36494159954947
-48.3347657139434,-16.364905223415672
-48.329793412405245,-16.364868789083385
-48.32482111086709,-16.364832296523932
-48.31984880932893,-16.364795745708648
-48.31487650779078,-16.364759136608843
-48.309904206252625,-16.364722469195787
-48.30493190471447,-16.364685743440777
-48.29995960317632,-16.364648959315076
-48.294987301638166,-16.364612116789942
-48.29001500010001,-16.36457521583663
-48.28504269856186,-16.364538256426325
-48.28007039702371,-16.36450123853028
-48.27509809548555,-16.36446416211969
-48.27012579394739,-16.36442702716572
-48.26515349240924,-16.364389833639592
-48.26018119087109,-16.36435258151243
-48.255208889332934,-16.364315270755412
-48.25023658779478,-16.364277901339662
-48.24526428625663,-16.364240473236293
-48.240291984718475,-16.364202986416426
-48.23531968318032,-16.364165440851153
-48.23034738164217,-16.36412783651159
-48.225375080104016,-16.364090173368766
-48.220402778565855,-16.364052451393768
-48.2154304770277,-16.364014670557644
-48.21045817548955,-16.3639768308314
-48.205485873951396,-16.36393893218607
-48.20051357241324,-16.36390097459268
-48.19554127087509,-16.363862958022217
-48.19056896933694,-16.363824882445645
-48.185596667798784,-16.36378674783393
-48.18062436626063,-16.363748554158047
-48.17565206472247,-16.363710301388917
-48.17067976318432,-16.36367198949749
-48.165707461646164,-16.363633618454664
-48.16073516010801,-16.36359518823135
-48.15576285856986,-16.363556698798423
-48.150790557031705,-16.36351815012679
-48.14581825549355,-16.36347954218728
-48.1408459539554,-16.363440874950765
-48.135873652417246,-16.363402148388097
-48.13090135087909,-16.363363362470025
-48.12592904934093,-16.36332451716745
-48.12095674780278,-16.36328561245112
-48.115984446264626,-16.363246648291824
-48.11101214472647,-16.363207624660358
-48.10603984318832,-16.363168541527436
-48.10106754165017,-16.36312939886385
-48.096095240112014,-16.36309019664029
-48.09112293857386,-16.3630509348275
-48.08615063703571,-16.363011613396193
-48.081178335497555,-16.36297223231704
-48.076206033959394,-16.36293279156072
-48.07123373242124,-16.3628932910979
-48.06626143088309,-16.362853730899257
-48.061289129344935,-16.362814110935403
-48.05631682780678,-16.36277443117696
-48.05134452626863,-16.36273469159457
-48.046372224730476,-16.362694892158803
-48.04139992319232,-16.362655032840287
-48.03642762165417,-16.36261511360953
-48.03145532011602,-16.36257513443715
-48.026483018577856,-16.362535095293673
-48.0215107170397,-16.362494996149636
-48.01653841550155,-16.362454836975537
-48.0115661139634,-16.362414617741912
-48.006593812425244,-16.362374338419233
-48.00162151088709,-16.36233399897801
-47.99664920934894,-16.36229359938868
-47.991676907810785,-16.3622531396217
-47.98670460627263,-16.362212619647526
-47.98173230473448,-16.362172039436587
-47.97676000319632,-16.36213139895929
-47.971787701658165,-16.362090698186034
-47.96681540012001,-16.362049937087203
-47.96184309858186,-16.362009115633168
-47.956870797043706,-16.361968233794304
-47.95189849550555,-16.361927291540944
-47.9469261939674,-16.36188628884344
-47.94195389242925,-16.361845225672106
-47.936981590891094,-16.36180410199723
-47.93200928935293,-16.361762917789143
-47.92703698781478,-16.361721673018103
-47.92206468627663,-16.361680367654365
-47.917092384738474,-16.36163900166822
-47.91212008320032,-16.361597575029865
-47.90714778166217,-16.361556087709566
-47.902175480124015,-16.361514539677522
-47.89720317858586,-16.36147293090392
-47.89223087704771,-16.361431261358963
-47.887258575509556,-16.36138953101285
-47.882286273971395,-16.361347739835683
-47.87731397243324,-16.361305887797652
-47.87234167089509,-16.361263974868887
-47.867369369356936,-16.36122200101949
-47.86239706781878,-16.361179966219584
-47.85742476628063,-16.36113787043926
-47.85245246474248,-16.361095713648584
-47.847480163204324,-16.361053495817654
-47.84250786166617,-16.361011216916484
-47.83753556012802,-16.36096887691516
-47.83256325858986,-16.36092647578366
-47.827590957051704,-16.360884013492026
-47.82261865551355,-16.360841490010255
-47.8176463539754,-16.36079890530834
-47.812674052437245,-16.360756259356226
-47.80770175089909,-16.360713552123904
-47.80272944936094,-16.360670783581305
-47.797757147822786,-16.360627953698344
-47.79278484628463,-16.360585062444983
-47.78781254474647,-16.360542109791094
-47.78284024320832,-16.36049909570656
-47.777867941670166,-16.360456020161312
-47.77289564013201,-16.360412883125143
-47.76792333859386,-16.360369684567978
-47.76295103705571,-16.36032642445959
-47.757978735517554,-16.36028310276985
-47.7530064339794,-16.360239719468527
-47.74803413244125,-16.360196274525467
-47.743061830903095,-16.36015276791041
-47.73808952936494,-16.360109199593158
-47.73311722782678,-16.360065569543455
-47.72814492628863,-16.360021877731047
-47.723172624750475,-16.35997812412564
-47.71820032321232,-16.359934308697
-47.71322802167417,-16.35989043141478
-47.708255720136016,-16.35984649224869
-47.70328341859786,-16.35980249116842
-47.69831111705971,-16.35975842814361
-47.69333881552156,-16.359714303143903
-47.6883665139834,-16.35967011613896
-47.68339421244524,-16.359625867098384
-47.67842191090709,-16.359581555991788
-47.67344960936894,-16.359537182788763
-47.668477307830784,-16.359492747458887
-47.66350500629263,-16.35944824997174
-47.65853270475448,-16.359403690296855
-47.653560403216325,-16.359359068403773
-47.64858810167817,-16.359314384262053
-47.64361580014002,-16.359269637841162
-47.63864349860186,-16.35922482911062
-47.633671197063705,-16.35917995803993
-47.62869889552555,-16.35913502459853
-47.6237265939874,-16.359090028755897
-47.618754292449246,-16.35904497048146
-47.61378199091109,-16.35899984974466
-47.60880968937294,-16.358954666514933
-47.60383738783479,-16.358909420761634
-47.598865086296634,-16.3588641124542
-47.59389278475848,-16.358818741561983
-47.58892048322032,-16.35877330805434
-47.58394818168217,-16.358727811900643
-47.578975880144014,-16.3586822530702
-47.57400357860586,-16.358636631532352
-47.56903127706771,-16.358590947256374
-47.564058975529555,-16.358545200211605
-47.5590866739914,-16.358499390367296
-47.55411437245325,-16.35845351769271
-47.549142070915096,-16.358407582157135
-47.544169769376936,-16.358361583729742
-47.53919746783878,-16.35831552237981
-47.53422516630063,-16.358269398076555
-47.529252864762476,-16.35822321078914
-47.52428056322432,-16.358176960486777
-47.51930826168617,-16.3581306471386
-47.51433596014802,-16.35808427071381
-47.509363658609864,-16.35803783118151
-47.50439135707171,-16.35799132851084
-47.49941905553356,-16.357944762670943
-47.494446753995405,-16.357898133630876
-47.489474452457245,-16.35785144135976
-47.48450215091909,-16.35780468582663
-47.47952984938094,-16.357757867000604
-47.474557547842785,-16.357710984850666
-47.46958524630463,-16.35766403934588
-47.46461294476648,-16.35761703045527
-47.459640643228326,-16.35756995814782
-47.45466834169017,-16.35752282239254
-47.44969604015202,-16.357475623158376
-47.44472373861386,-16.357428360414332
-47.43975143707571,-16.357381034129315
-47.43477913553755,-16.35733364427229
-47.4298068339994,-16.357286190812157
-47.42483453246125,-16.35723867371786
-47.419862230923094,-16.35719109295824
-47.41488992938494,-16.357143448502214
-47.40991762784679,-16.357095740318634
-47.404945326308635,-16.35704796837636
-47.39997302477048,-16.357000132644213
-47.39500072323232,-16.356952233091043
-47.39002842169417,-16.35690426968563
-47.385056120156015,-16.35685624239678
-47.38008381861786,-16.35680815119331
-47.37511151707971,-16.356759996043937
-47.370139215541556,-16.356711776917454
-47.3651669140034,-16.356663493782552
-47.36019461246525,-16.356615146608007
-47.3552223109271,-16.35656673536251
-47.350250009388944,-16.356518260014777
-47.345277707850784,-16.35646972053346
-47.34030540631263,-16.356421116887258
-47.33533310477448,-16.35637244904482
-47.330360803236324,-16.3563237169748
-47.32538850169817,-16.35627492064578
-47.32041620016002,-16.356226060026437
-47.315443898621865,-16.356177135085332
-47.31047159708371,-16.356128145791068
-47.30549929554556,-16.35607909211221
-47.3005269940074,-16.356029974017325
-47.295554692469246,-16.355980791474963
-47.29058239093109,-16.355931544453636
-47.28561008939294,-16.35588223292187
-47.280637787854786,-16.355832856848174
-47.27566548631663,-16.35578341620102
-47.27069318477848,-16.355733910948896
-47.26572088324033,-16.35568434106026
-47.260748581702174,-16.35563470650358
-47.25577628016402,-16.355585007247235
-47.25080397862587,-16.355535243259716
-47.24583167708771,-16.355485414509342
-47.240859375549554,-16.355435520964576
-47.2358870740114,-16.355385562593767
-47.23091477247325,-16.355335539365274
-47.225942470935095,-16.355285451247454
-47.22097016939694,-16.355235298208658
-47.21599786785879,-16.355185080217144
-47.211025566320636,-16.35513479724128
-47.20605326478248,-16.355084449249333
-47.20108096324432,-16.3550340362096
-47.19610866170617,-16.354983558090325
-47.19113636016802,-16.35493301485975
-47.18616405862986,-16.354882406486126
-47.18119175709171,-16.35483173293768
-47.17621945555356,-16.35478099418261
-47.171247154015404,-16.3547301901891
-47.16627485247725,-16.35467932092536
-47.1613025509391,-16.354628386359515
-47.156330249400945,-16.35457738645975
-47.151357947862785,-16.354526321194175
-47.14638564632463,-16.35447519053093
-47.14141334478648,-16.354423994438108
-47.136441043248325,-16.354372732883814
-47.13146874171017,-16.35432140583613
-47.12649644017202,-16.354270013263122
-47.121524138633866,-16.35421855513283
-47.11655183709571,-16.3541670314133
-47.11157953555756,-16.354115442072562
-47.10660723401941,-16.35406378707862
-47.10163493248125,-16.35401206639944
-47.096662630943094,-16.353960280003054
-47.09169032940494,-16.353908427857387
-47.08671802786679,-16.35385650993041
-47.081745726328634,-16.35380452619005
-47.07677342479048,-16.353752476604246
-47.07180112325233,-16.353700361140902
-47.066828821714175,-16.353648179767912
-47.06185652017602,-16.35359593245316
-47.05688421863786,-16.3535436191645
-47.05191191709971,-16.353491239869786
-47.046939615561556,-16.353438794536867
-47.0419673140234,-16.353386283133567
-47.03699501248525,-16.35333370562771
-47.032022710947096,-16.353281061987033
-47.02705040940894,-16.353228352179364
-47.02207810787079,-16.35317557617248
-47.01710580633264,-16.353122733934104
-47.012133504794484,-16.35306982543198
-47.00716120325633,-16.353016850633843
-47.00218890171817,-16.3529638095074
-46.99721660018002,-16.35291070202034
-46.992244298641864,-16.352857528140348
-46.98727199710371,-16.352804287835088
-46.98229969556556,-16.352750981072198
-46.977327394027405,-16.352697607819355
-46.97235509248925,-16.352644168044147
-46.9673827909511,-16.35259066171418
-46.962410489412946,-16.352537088797085
-46.957438187874786,-16.35248344926043
-46.95246588633663,-16.352429743071728
-46.94749358479848,-16.352375970198626
-46.94252128326033,-16.352322130608574
-46.93754898172217,-16.352268224269125
-46.93257668018402,-16.352214251147824
-46.92760437864587,-16.35216021121211
-46.922632077107714,-16.35210610442949
-46.91765977556956,-16.35205193076744
-46.91268747403141,-16.35199769019338
-46.90771517249325,-16.351943382674776
-46.902742870955095,-16.351889008179025
-46.89777056941694,-16.351834566673546
-46.89279826787879,-16.35178005812573
-46.887825966340635,-16.35172548250299
-46.88285366480248,-16.351670839772616
-46.87788136326433,-16.35161612990202
-46.872909061726176,-16.351561352858507
-46.86793676018802,-16.351506508609432
-46.86296445864987,-16.35145159712206
-46.85799215711171,-16.351396618363697
-46.85301985557356,-16.351341572301635
-46.8480475540354,-16.351286458903136
-46.84307525249725,-16.351231278135423
-46.8381029509591,-16.351176029965746
-46.833130649420944,-16.351120714361336
-46.82815834788279,-16.351065331289387
-46.82318604634464,-16.351009880717086
-46.818213744806485,-16.350954362611606
-46.813241443268325,-16.350898776940095
-46.80826914173017,-16.350843123669765
-46.80329684019202,-16.350787402767686
-46.798324538653866,-16.350731614200964
-46.79335223711571,-16.350675757936774
-46.78837993557756,-16.35061983394214
-46.783407634039406,-16.350563842184158
-46.77843533250125,-16.350507782629894
-46.7734630309631,-16.350451655246385
-46.76849072942495,-16.350395460000673
-46.763518427886794,-16.35033919685975
-46.758546126348634,-16.350282865790636
-46.75357382481048,-16.350226466760308
-46.74860152327233,-16.35016999973575
-46.743629221734174,-16.350113464683922
-46.73865692019602,-16.350056861571762
-46.73368461865787,-16.350000190366167
-46.728712317119715,-16.349943451034108
-46.72374001558156,-16.349886643542447
-46.71876771404341,-16.349829767858072
-46.71379541250525,-16.34977282394785
-46.708823110967096,-16.349715811778662
-46.70385080942894,-16.349658731317316
-46.69887850789079,-16.34960158253066
-46.693906206352636,-16.349544365385487
-46.68893390481448,-16.34948707984863
-46.68396160327633,-16.34942972588682
-46.67898930173818,-16.349372303466854
-46.674017000200024,-16.34931481255549
-46.66904469866187,-16.34925725311947
-46.66407239712371,-16.349199625125465
-46.65910009558556,-16.34914192854025
-46.654127794047405,-16.349084163330488
-46.64915549250925,-16.34902632946287
-46.6441831909711,-16.348968426904023
-46.639210889432945,-16.348910455620647
-46.63423858789479,-16.348852415579355
-46.62926628635664,-16.348794306746782
-46.624293984818486,-16.348736129089488
-46.61932168328033,-16.348677882574115
-46.61434938174217,-16.348619567167226
-46.60937708020402,-16.348561182835372
-46.60440477866587,-16.348502729545107
-46.59943247712771,-16.348444207262954
-46.59446017558956,-16.348385615955433
-46.58948787405141,-16.348326955589076
-46.584515572513254,-16.348268226130315
-46.5795432709751,-16.348209427545665
-46.57457096943695,-16.34815055980156
-46.56959866789879,-16.348091622864473
-46.564626366360635,-16.348032616700795
-46.55965406482248,-16.34797354127697
-46.55468176328433,-16.347914396559396
-46.549709461746176,-16.347855182514447
-46.54473716020802,-16.347795899108466
-46.53976485866987,-16.347736546307857
-46.534792557131716,-16.347677124078924
-46.52982025559356,-16.34761763238802
-46.52484795405541,-16.347558071201433
-46.51987565251726,-16.34749844048546
-46.5149033509791,-16.34743874020639
-46.509931049440944,-16.347378970330475
-46.50495874790279,-16.34731913082398
-46.49998644636464,-16.34725922165313
-46.495014144826484,-16.34719924278416
-46.49004184328833,-16.347139194183264
-46.48506954175018,-16.347079075816637
-46.480097240212025,-16.347018887650464
-46.47512493867387,-16.346958629650867
-46.47015263713571,-16.346898301784055
-46.46518033559756,-16.346837904016105
-46.460208034059406,-16.346777436313165
-46.45523573252125,-16.34671689864133
-46.4502634309831,-16.34665629096666
-46.445291129444946,-16.346595613255275
-46.44031882790679,-16.346534865473195
-46.43534652636864,-16.346474047586458
-46.43037422483049,-16.346413159561138
-46.425401923292334,-16.34635220136321
-46.420429621754174,-16.34629117295866
-46.41545732021602,-16.3462300743135
-46.41048501867787,-16.34616890539368
-46.405512717139715,-16.346107666165157
-46.40054041560156,-16.346046356593874
-46.39556811406341,-16.345984976645735
-46.390595812525255,-16.34592352628665
-46.3856235109871,-16.34586200548256
-46.38065120944895,-16.345800414199264
-46.375678907910796,-16.345738752402664
-46.370706606372636,-16.345677020058616
-46.36573430483448,-16.345615217132952
-46.36076200329633,-16.34555334359148
-46.35578970175818,-16.345491399399986
-46.35081740022002,-16.345429384524284
-46.34584509868187,-16.345367298930125
-46.34087279714372,-16.34530514258328
-46.335900495605564,-16.345242915449493
-46.33092819406741,-16.345180617494478
-46.32595589252925,-16.34511824868396
-46.3209835909911,-16.34505580898363
-46.316011289452945,-16.344993298359153
-46.31103898791479,-16.344930716776222
-46.30606668637664,-16.344868064200483
-46.301094384838485,-16.344805340597574
-46.29612208330033,-16.34474254593311
-46.29114978176218,-16.344679680172685
-46.286177480224026,-16.344616743281918
-46.28120517868587,-16.34455373522634
-46.27623287714772,-16.344490655971565
-46.27126057560956,-16.344427505483125
-46.26628827407141,-16.344364283726527
-46.261315972533254,-16.344300990667314
-46.2563436709951,-16.344237626270974
-46.25137136945695,-16.344174190502983
-46.246399067918794,-16.344110683328832
-46.24142676638064,-16.34404710471394
-46.23645446484249,-16.343983454623796
-46.231482163304335,-16.343919733023792
-46.226509861766175,-16.34385593987936
-46.22153756022802,-16.343792075155864
-46.21656525868987,-16.34372813881872
-46.211592957151716,-16.34366413083323
-46.20662065561356,-16.34360005116481
-46.20164835407541,-16.343535899778768
-46.196676052537256,-16.343471676640434
-46.1917037509991,-16.343407381715085
-46.18673144946095,-16.34334301496802
-46.1817591479228,-16.343278576364522
-46.17678684638464,-16.34321406586985
-46.171814544846484,-16.343149483449228
-46.16684224330833,-16.343084829067895
-46.16186994177018,-16.343020102691064
-46.156897640232025,-16.34295530428393
-46.15192533869387,-16.342890433811657
-46.14695303715572,-16.342825491239445
-46.141980735617565,-16.342760476532426
-46.13700843407941,-16.342695389655724
-46.13203613254126,-16.342630230574493
-46.1270638310031,-16.342564999253806
-46.122091529464946,-16.342499695658777
-46.11711922792679,-16.34243431975443
-46.11214692638864,-16.342368871505887
-46.10717462485049,-16.34230335087816
-46.10220232331233,-16.34223775783629
-46.09723002177418,-16.342172092345276
-46.09225772023603,-16.34210635437013
-46.087285418697874,-16.342040543875825
-46.082313117159714,-16.34197466082733
-46.07734081562156,-16.3419087051896
-46.07236851408341,-16.341842676927566
-46.067396212545255,-16.341776576006144
-46.0624239110071,-16.341710402390277
-46.05745160946895,-16.341644156044808
-46.052479307930795,-16.341577836934604
-46.04750700639264,-16.341511445024572
-46.04253470485449,-16.34144498027955
-46.037562403316336,-16.34137844266435
-46.03259010177818,-16.341311832143777
-46.02761780024002,-16.34124514868265
-46.02264549870187,-16.341178392245737
-46.01767319716372,-16.3411115627978
-46.012700895625564,-16.34104466030363
-46.00772859408741,-16.34097768472791
-46.00275629254926,-16.34091063603538
-45.997783991011104,-16.34084351419077
-45.99281168947295,-16.34077631915875
-45.9878393879348,-16.34070905090399
-45.98286708639664,-16.340641709391157
-45.977894784858485,-16.340574294584908
-45.97292248332033,-16.340506806449834
-45.96795018178218,-16.340439244950566
-45.962977880244026,-16.34037161005174
-45.95800557870587,-16.34030390171788
-45.95303327716772,-16.34023611991358
-45.948060975629566,-16.340168264603403
-45.94308867409141,-16.340100335751863
-45.93811637255326,-16.34003233332348
-45.9331440710151,-16.339964257282773
-45.92817176947695,-16.33989610759422
-45.923199467938794,-16.339827884222284
-45.91822716640064,-16.339759587131454
-45.91325486486249,-16.339691216286145
-45.908282563324335,-16.33962277165081
-45.90331026178618,-16.339554253189835
-45.89833796024803,-16.339485660867627
-45.893365658709875,-16.33941699464857
-45.88839335717172,-16.33934825449703
-45.88342105563356,-16.339279440377332
-45.87844875409541,-16.33921055225383
-45.873476452557256,-16.339141590090865
-45.8685041510191,-16.339072553852688
-45.86353184948095,-16.339003443503625
-45.8585595479428,-16.338934259007928
-45.85358724640464,-16.338865000329864
-45.84861494486649,-16.33879566743366
-45.84364264332834,-16.338726260283575
-45.83867034179018,-16.338656778843756
-45.833698040252024,-16.33858722307846
-45.82872573871387,-16.338517592951824
-45.82375343717572,-16.338447888428018
-45.818781135637565,-16.338378109471208
-45.81380883409941,-16.3383082560455
-45.80883653256126,-16.33823832811503
-45.803864231023105,-16.338168325643892
-45.79889192948495,-16.338098248596154
-45.7939196279468,-16.33802809693591
-45.788947326408646,-16.337957870627164
-45.783975024870486,-16.337887569634017
-45.77900272333233,-16.337817193920454
-45.77403042179418,-16.337746743450477
-45.76905812025603,-16.33767621818809
-45.764085818717874,-16.337605618097264
-45.75911351717972,-16.33753494314195
-45.75414121564157,-16.337464193286113
-45.749168914103414,-16.33739336849366
-45.74419661256526,-16.337322468728495
-45.7392243110271,-16.337251493954536
-45.73425200948895,-16.337180444135633
-45.729279707950795,-16.337109319235676
-45.72430740641264,-16.337038119218512
-45.71933510487449,-16.33696684404797
-45.714362803336336,-16.336895493687855
-45.70939050179818,-16.336824068101972
-45.70441820026003,-16.336752567254134
-45.699445898721876,-16.33668099110807
-45.69447359718372,-16.336609339627554
-45.68950129564557,-16.33653761277632
-45.68452899410741,-16.336465810518092
-45.67955669256926,-16.33639393281658
-45.674584391031104,-16.336321979635485
-45.66961208949295,-16.336249950938438
-45.6646397879548,-16.336177846689147
-45.659667486416645,-16.336105666851232
-45.65469518487849,-16.336033411388325
-45.64972288334034,-16.335961080264042
-45.644750581802185,-16.33588867344197
-45.639778280264025,-16.335816190885676
-45.63480597872587,-16.335743632558767
-45.62983367718772,-16.335670998424746
-45.624861375649566,-16.33559828844718
-45.61988907411141,-16.33552550258955
-45.61491677257326,-16.335452640815383
-45.60994447103511,-16.335379703088172
-45.60497216949695,-16.33530668937135
-45.5999998679588,-16.335233599628417
-45.59502756642064,-16.33516043382274
-45.59005526488249,-16.335087191917815
-45.585082963344334,-16.33501387387702
-45.58011066180618,-16.33494047966374
-45.57513836026803,-16.334867009241325
-45.570166058729875,-16.334793462573177
-45.56519375719172,-16.3347198396226
-45.56022145565357,-16.334646140352948
-45.555249154115415,-16.334572364727507
-45.55027685257726,-16.3344985127096
-45.54530455103911,-16.33442458426248
-45.54033224950095,-16.334350579349437
-45.535359947962796,-16.334276497933676
-45.53038764642464,-16.334202339978443
-45.52541534488649,-16.33412810544696
-45.52044304334834,-16.334053794302438
-45.515470741810184,-16.333979406508032
-45.51049844027203,-16.33390494202692
-45.50552613873388,-16.333830400822244
-45.500553837195724,-16.333755782857136
-45.495581535657564,-16.333681088094746
-45.49060923411941,-16.333606316498134
-45.48563693258126,-16.333531468030426
-45.480664631043105,-16.333456542654645
-45.47569232950495,-16.333381540333896
-45.4707200279668,-16.333306461031178
-45.465747726428646,-16.33323130470954
-45.46077542489049,-16.33315607133196
-45.45580312335234,-16.333080760861428
-45.45083082181418,-16.33300537326096
-45.44585852027603,-16.332929908493487
-45.44088621873787,-16.332854366521946
-45.43591391719972,-16.33277874730925
-45.43094161566157,-16.332703050818342
-45.425969314123414,-16.332627277012076
-45.42099701258526,-16.332551425853364
-45.41602471104711,-16.33247549730505
-45.411052409508954,-16.33239949133
-45.4060801079708,-16.332323407891003
-45.40110780643265,-16.33224724695091
-45.39613550489449,-16.332171008472503
-45.391163203356335,-16.332094692418554
-45.38619090181818,-16.33201829875184
-45.38121860028003,-16.331941827435102
-45.376246298741876,-16.33186527843109
-45.37127399720372,-16.331788651702485
-45.36630169566557,-16.331711947212018
-45.36132939412742,-16.331635164922375
-45.35635709258926,-16.331558304796182
-45.3513847910511,-16.331481366796133
-45.34641248951295,-16.331404350884846
-45.3414401879748,-16.331327257024945
-45.336467886436644,-16.331250085179043
-45.33149558489849,-16.331172835309705
-45.32652328336034,-16.331095507379498
-45.321550981822185,-16.33101810135101
-45.31657868028403,-16.33094061718673
-45.31160637874588,-16.330863054849242
-45.306634077207725,-16.33078541430099
-45.30166177566957,-16.33070769550451
-45.29668947413141,-16.330629898422256
-45.29171717259326,-16.330552023016658
-45.286744871055106,-16.330474069250208
-45.28177256951695,-16.330396037085293
-45.2768002679788,-16.33031792648434
-45.27182796644065,-16.330239737409745
-45.266855664902494,-16.33016146982386
-45.26188336336434,-16.330083123689064
-45.25691106182619,-16.33000469896769
-45.25193876028803,-16.32992619562205
-45.246966458749874,-16.329847613614497
-45.24199415721172,-16.3297689529073
-45.23702185567357,-16.329690213462715
-45.232049554135415,-16.329611395243052
-45.22707725259726,-16.32953249821052
-45.22210495105911,-16.329453522327334
-45.217132649520956,-16.329374467555773
-45.2121603479828,-16.329295333857964
-45.20718804644464,-16.32921612119612
-45.202215744906496,-16.32913682953239
-45.197243443368336,-16.32905745882893
-45.19227114183018,-16.32897800904787
-45.18729884029203,-16.32889848015133
-45.18232653875388,-16.3288188721014
-45.177354237215724,-16.32873918486016
-45.17238193567757,-16.328659418389673
-45.16740963413942,-16.328579572652
-45.162437332601264,-16.328499647609178
-45.15746503106311,-16.328419643223196
-45.15249272952495,-16.32833955945607
-45.1475204279868,-16.328259396269793
-45.142548126448645,-16.328179153626298
-45.13757582491049,-16.328098831487594
-45.13260352337234,-16.328018429815558
-45.127631221834186,-16.327937948572124
-45.12265892029603,-16.327857387719206
-45.11768661875788,-16.327776747218692
-45.11271431721973,-16.32769602703244
-45.107742015681566,-16.327615227122276
-45.10276971414341,-16.327534347450076
-45.09779741260526,-16.327453387977638
-45.09282511106711,-16.327372348666792
-45.087852809528954,-16.327291229479275
-45.0828805079908,-16.32721003037689
-45.07790820645265,-16.32712875132138
-45.072935904914495,-16.3270473922745
-45.06796360337634,-16.326965953197934
-45.06299130183819,-16.326884434053405
-45.058019000300035,-16.32680283480261
-45.053046698761875,-16.326721155407203
-45.04807439722372,-16.326639395828856
-45.04310209568557,-16.326557556029186
-45.038129794147416,-16.32647563596981
-45.03315749260926,-16.326393635612366
-45.02818519107111,-16.326311554918412
-45.02321288953296,-16.32622939384951
-45.0182405879948,-16.326147152367238
-45.01326828645665,-16.326064830433136
-45.00829598491849,-16.325982428008707
-45.00332368338034,-16.325899945055482
-44.998351381842184,-16.325817381534907
-44.99337908030403,-16.32573473740849
-44.98840677876588,-16.325652012637693
-44.983434477227725,-16.3255692071839
-44.97846217568957,-16.325486321008587
-44.97348987415142,-16.325403354073128
-44.968517572613266,-16.325320306338956
-44.963545271075105,-16.325237177767384
-44.95857296953696,-16.325153968319796
-44.9536006679988,-16.325070677957527
-44.948628366460646,-16.324987306641923
-44.94365606492249,-16.324903854334234
-44.93868376338434,-16.324820320995794
-44.93371146184619,-16.324736706587856
-44.928739160308034,-16.324653011071693
-44.92376685876988,-16.32456923440854
-44.91879455723173,-16.32448537655959
-44.913822255693574,-16.324401437486085
-44.908849954155414,-16.324317417149192
-44.90387765261726,-16.324233315510075
-44.89890535107911,-16.32414913252992
-44.893933049540955,-16.324064868169852
-44.8889607480028,-16.323980522390965
-44.88398844646465,-16.32389609515441
-44.879016144926496,-16.323811586421247
-44.87404384338834,-16.323726996152555
-44.86907154185019,-16.323642324309375
-44.86409924031203,-16.323557570852763
-44.859126938773876,-16.323472735743742
-44.85415463723572,-16.323387818943292
-44.84918233569757,-16.323302820412422
-44.84421003415942,-16.32321774011211
-44.839237732621264,-16.32313257800329
-44.83426543108311,-16.3230473340469
-44.82929312954496,-16.32296200820388
-44.824320828006805,-16.322876600435134
-44.81934852646865,-16.32279111070152
-44.8143762249305,-16.322705538963923
-44.80940392339234,-16.322619885183208
-44.804431621854185,-16.32253414932019
-44.79945932031603,-16.32244833133571
-44.79448701877788,-16.32236243119056
-44.789514717239726,-16.322276448845535
-44.78454241570157,-16.32219038426138
-44.77957011416342,-16.322104237398886
-44.77459781262527,-16.322018008218762
-44.76962551108711,-16.321931696681713
-44.76465320954895,-16.321845302748457
-44.7596809080108,-16.321758826379703
-44.75470860647265,-16.321672267536087
-44.749736304934494,-16.32158562617827
-44.74476400339634,-16.32149890226689
-44.73979170185819,-16.321412095762557
-44.734819400320035,-16.32132520662588
-44.72984709878188,-16.32123823481742
-44.72487479724373,-16.321151180297775
-44.71990249570557,-16.32106404302749
-44.71493019416742,-16.320976822967083
-44.70995789262926,-16.32088952007707
-44.70498559109111,-16.320802134317947
-44.700013289552956,-16.32071466565022
-44.6950409880148,-16.320627114034338
-44.69006868647665,-16.32053947943073
-44.6850963849385,-16.32045176179987
-44.680124083400344,-16.320363961102135
-44.67515178186219,-16.320276077297933
-44.67017948032404,-16.320188110347658
-44.66520717878588,-16.320100060211654
-44.660234877247724,-16.32001192685027
-44.65526257570957,-16.31992371022385
-44.65029027417142,-16.3198354102927
-44.645317972633265,-16.31974702701709
-44.64034567109511,-16.31965856035734
-44.63537336955696,-16.319570010273683
-44.630401068018806,-16.319481376726376
-44.62542876648065,-16.31939265967564
-44.62045646494249,-16.319303859081685
-44.61548416340434,-16.31921497490471
-44.610511861866186,-16.31912600710487
-44.60553956032803,-16.31903695564234
-44.60056725878988,-16.318947820477284
-44.59559495725173,-16.31885860156978
-44.590622655713574,-16.31876929887996
-44.58565035417542,-16.318679912367934
-44.58067805263727,-16.318590441993727
-44.575705751099115,-16.31850088771746
-44.57073344956096,-16.318411249499107
-44.5657611480228,-16.318321527298714
-44.56078884648465,-16.31823172107632
-44.555816544946495,-16.318141830791877
-44.55084424340834,-16.318051856405344
-44.54587194187019,-16.317961797876706
-44.540899640332036,-16.317871655165902
-44.53592733879388,-16.31778142823281
-44.53095503725573,-16.31769111703738
-44.52598273571758,-16.317600721539463
-44.521010434179416,-16.31751024169894
-44.51603813264126,-16.31741967747567
-44.51106583110311,-16.317329028829466
-44.50609352956496,-16.31723829572017
-44.501121228026804,-16.317147478107547
-44.49614892648865,-16.317056575951423
-44.4911766249505,-16.316965589211524
-44.486204323412345,-16.31687451784762
-44.48123202187419,-16.31678336181944
-44.47625972033603,-16.316692121086675
-44.471287418797885,-16.316600795609048
-44.466315117259725,-16.316509385346226
-44.46134281572157,-16.316417890257885
-44.45637051418342,-16.31632631030364
-44.451398212645266,-16.316234645443142
-44.44642591110711,-16.316142895635984
-44.44145360956896,-16.316051060841772
-44.43648130803081,-16.31595914102008
-44.431509006492654,-16.315867136130468
-44.4265367049545,-16.315775046132458
-44.42156440341634,-16.315682870985597
-44.41659210187819,-16.31559061064938
-44.411619800340034,-16.31549826508328
-44.40664749880188,-16.315405834246818
-44.40167519726373,-16.31531331809939
-44.396702895725575,-16.315220716600464
-44.39173059418742,-16.31512802970946
-44.38675829264927,-16.31503525738576
-44.381785991111116,-16.31494239958879
-44.376813689572955,-16.314849456277866
-44.3718413880348,-16.314756427412384
-44.36686908649665,-16.31466331295165
-44.361896784958496,-16.31457011285497
-44.35692448342034,-16.314476827081677
-44.35195218188219,-16.314383455591013
-44.34697988034404,-16.31428999834229
-44.342007578805884,-16.3141964552947
-44.33703527726773,-16.314102826407513
-44.33206297572958,-16.31400911163991
-44.327090674191425,-16.313915310951128
-44.322118372653264,-16.313821424300286
-44.31714607111511,-16.31372745164657
-44.31217376957696,-16.31363339294914
-44.307201468038805,-16.313539248167093
-44.30222916650065,-16.31344501725956
-44.2972568649625,-16.313350700185612
-44.292284563424346,-16.31325629690432
-44.28731226188619,-16.31316180737475
-44.28233996034804,-16.313067231555937
-44.27736765880988,-16.312972569406895
-44.272395357271726,-16.31287782088662
-44.26742305573357,-16.312782985954133
-44.26245075419542,-16.312688064568338
-44.25747845265727,-16.312593056688247
-44.252506151119114,-16.312497962272758
-44.24753384958096,-16.31240278128079
-44.24256154804281,-16.312307513671247
-44.237589246504655,-16.31221215940301
-44.232616944966495,-16.31211671843492
-44.22764464342835,-16.31202119072584
-44.22267234189019,-16.311925576234614
-44.217700040352035,-16.311829874920026
-44.21272773881388,-16.31173408674087
-44.20775543727573,-16.311638211655936
-44.202783135737576,-16.31154224962397
-44.19781083419942,-16.31144620060369
-44.19283853266127,-16.311350064553867
-44.18786623112312,-16.31125384143317
-44.182893929584964,-16.311157531200294
-44.1779216280468,-16.311061133813908
-44.17294932650865,-16.31096464923267
-44.1679770249705,-16.310868077415208
-44.163004723432344,-16.310771418320122
-44.15803242189419,-16.310674671906053
-44.15306012035604,-16.310577838131543
-44.148087818817885,-16.310480916955175
-44.14311551727973,-16.3103839083355
-44.13814321574158,-16.310286812231002
-44.13317091420342,-16.310189628600227
-44.128198612665265,-16.310092357401697
-44.12322631112711,-16.30999499859385
-44.11825400958896,-16.30989755213516
-44.113281708050806,-16.309800017984028
-44.10830940651265,-16.309702396098917
-44.1033371049745,-16.309604686438238
-44.09836480343635,-16.30950688896035
-44.093392501898194,-16.30940900362363
-44.08842020036004,-16.309311030386453
-44.08344789882189,-16.30921296920711
-44.07847559728373,-16.309114820043956
-44.073503295745574,-16.309016582855257
-44.06853099420742,-16.308918257599345
-44.06355869266927,-16.308819844234417
-44.058586391131115,-16.308721342718773
-44.05361408959296,-16.308622753010596
-44.04864178805481,-16.308524075068153
-44.043669486516656,-16.30842530884956
-44.0386971849785,-16.308326454313068
-44.03372488344034,-16.30822751141678
-44.02875258190219,-16.30812848011887
-44.023780280364036,-16.308029360377432
-44.01880797882588,-16.30793015215058
-44.01383567728773,-16.307830855396407
-44.00886337574958,-16.30773147007298
-44.003891074211424,-16.307631996138344
-43.99891877267327,-16.30753243355052
-43.99394647113512,-16.30743278226754
-43.98897416959696,-16.307333042247386
-43.98400186805881,-16.307233213448058
-43.97902956652065,-16.307133295827498
-43.9740572649825,-16.30703328934366
-43.969084963444345,-16.30693319395445
-43.96411266190619,-16.306833009617808
-43.95914036036804,-16.3067327362916
-43.954168058829886,-16.306632373933695
-43.94919575729173,-16.306531922501964
-43.94422345575358,-16.306431381954248
-43.93925115421543,-16.306330752248336
-43.93427885267727,-16.306230033342047
-43.92930655113911,-16.306129225193157
-43.92433424960096,-16.30602832775944
-43.91936194806281,-16.30592734099865
-43.914389646524654,-16.305826264868482
-43.9094173449865,-16.305725099326683
-43.90444504344835,-16.305623844330913
-43.899472741910195,-16.305522499838883
-43.89450044037204,-16.305421065808225
-43.88952813883388,-16.305319542196603
-43.88455583729573,-16.305217928961586
-43.879583535757575,-16.305116226060832
-43.87461123421942,-16.3050144334519
-43.86963893268127,-16.304912551092364
-43.864666631143116,-16.30481057893977
-43.85969432960496,-16.30470851695166
-43.85472202806681,-16.30460636508554
-43.84974972652866,-16.304504123298887
-43.844777424990504,-16.304401791549218
-43.83980512345235,-16.304299369793974
-43.83483282191419,-16.304196857990586
-43.82986052037604,-16.30409425609647
-43.824888218837884,-16.303991564069058
-43.81991591729973,-16.30388878186573
-43.81494361576158,-16.303785909443853
-43.809971314223425,-16.303682946760777
-43.80499901268527,-16.30357989377382
-43.80002671114712,-16.303476750440318
-43.795054409608966,-16.303373516717567
-43.790082108070806,-16.30327019256285
-43.78510980653265,-16.303166777933406
-43.7801375049945,-16.30306327278649
-43.775165203456346,-16.30295967707934
-43.77019290191819,-16.302855990769157
-43.76522060038004,-16.302752213813104
-43.76024829884189,-16.302648346168386
-43.755275997303734,-16.30254438779214
-43.75030369576558,-16.302440338641496
-43.74533139422742,-16.302336198673576
-43.740359092689275,-16.302231967845483
-43.735386791151114,-16.302127646114283
-43.73041448961296,-16.30202323343707
-43.72544218807481,-16.301918729770847
-43.720469886536655,-16.301814135072657
-43.7154975849985,-16.30170944929954
-43.71052528346035,-16.30160467240843
-43.705552981922196,-16.301499804356315
-43.70058068038404,-16.30139484510018
-43.69560837884589,-16.301289794596908
-43.69063607730773,-16.301184652803478
-43.68566377576958,-16.301079419676718
-43.68069147423142,-16.300974095173554
-43.67571917269327,-16.300868679250847
-43.67074687115512,-16.300763171865444
-43.665774569616964,-16.300657572974142
-43.66080226807881,-16.300551882533757
-43.65582996654066,-16.300446100501095
-43.650857665002505,-16.300340226832915
-43.645885363464345,-16.300234261485983
-43.64091306192619,-16.300128204417035
-43.63594076038804,-16.30002205558276
-43.630968458849885,-16.29991581493988
-43.62599615731173,-16.29980948244505
-43.62102385577358,-16.299703058054963
-43.616051554235426,-16.299596541726252
-43.61107925269727,-16.299489933415533
-43.60610695115912,-16.299383233079432
-43.60113464962097,-16.299276440674507
-43.596162348082814,-16.299169556157334
-43.591190046544654,-16.2990625794845
-43.5862177450065,-16.298955510612487
-43.58124544346835,-16.29884834949785
-43.576273141930194,-16.298741096097096
-43.57130084039204,-16.298633750366644
-43.56632853885389,-16.29852631226301
-43.561356237315735,-16.298418781742598
-43.55638393577758,-16.298311158761873
-43.55141163423943,-16.298203443277206
-43.54643933270127,-16.298095635244973
-43.541467031163116,-16.297987734621582
-43.53649472962496,-16.297879741363378
-43.53152242808681,-16.297771655426665
-43.526550126548656,-16.29766347676777
-43.5215778250105,-16.297555205343006
-43.51660552347235,-16.29744684110861
-43.5116332219342,-16.297338384020865
-43.506660920396044,-16.297229834036
-43.501688618857884,-16.297121191110254
-43.49671631731974,-16.297012455199827
-43.49174401578158,-16.296903626260878
-43.486771714243424,-16.296794704249614
-43.48179941270527,-16.296685689122135
-43.47682711116712,-16.296576580834593
-43.471854809628965,-16.29646737934312
-43.46688250809081,-16.296358084603785
-43.46191020655266,-16.29624869657265
-43.456937905014506,-16.296139215205788
-43.45196560347635,-16.29602964045925
-43.44699330193819,-16.295919972289013
-43.44202100040004,-16.29581021065112
-43.43704869886189,-16.29570035550152
-43.43207639732373,-16.295590406796183
-43.42710409578558,-16.295480364491066
-43.42213179424743,-16.29537022854208
-43.417159492709274,-16.29525999890514
-43.41218719117112,-16.29514967553614
-43.40721488963297,-16.295039258390943
-43.40224258809481,-16.2949287474254
-43.397270286556655,-16.29481814259535
-43.3922979850185,-16.294707443856584
-43.38732568348035,-16.29459665116492
-43.382353381942195,-16.294485764476146
-43.37738108040404,-16.294374783745987
-43.37240877886589,-16.294263708930217
-43.367436477327736,-16.294152539984548
-43.36246417578958,-16.29404127686466
-43.35749187425143,-16.29392991952627
-43.35251957271328,-16.293818467925025
-43.34754727117512,-16.29370692201656
-43.34257496963696,-16.293595281756552
-43.33760266809881,-16.293483547100553
-43.33263036656066,-16.29337171800419
-43.327658065022504,-16.293259794423015
-43.32268576348435,-16.29314777631261
-43.3177134619462,-16.29303566362847
-43.312741160408045,-16.292923456326136
-43.30776885886989,-16.29281115436112
-43.30279655733173,-16.292698757688882
-43.29782425579358,-16.292586266264877
-43.292851954255426,-16.29247368004456
-43.28787965271727,-16.292360998983348
-43.28290735117912,-16.29224822303664
-43.277935049640966,-16.292135352159857
-43.27296274810281,-16.292022386308314
-43.26799044656466,-16.29190932543739
-43.26301814502651,-16.291796169502415
-43.25804584348835,-16.291682918458694
-43.2530735419502,-16.291569572261515
-43.24810124041204,-16.291456130866138
-43.24312893887389,-16.291342594227864
-43.238156637335734,-16.29122896230189
-43.23318433579758,-16.29111523504345
-43.22821203425943,-16.29100141240772
-43.223239732721275,-16.290887494349917
-43.21826743118312,-16.29077348082515
-43.21329512964497,-16.290659371788625
-43.208322828106816,-16.290545167195432
-43.203350526568656,-16.29043086700066
-43.1983782250305,-16.29031647115941
-43.19340592349235,-16.29020197962676
-43.188433621954196,-16.29008739235776
-43.18346132041604,-16.289972709307396
-43.17848901887789,-16.28985793043074
-43.17351671733974,-16.28974305568273
-43.168544415801584,-16.28962808501838
-43.16357211426343,-16.28951301839261
-43.15859981272527,-16.2893978557604
-43.15362751118712,-16.28928259707661
-43.148655209648965,-16.289167242296163
-43.14368290811081,-16.28905179137397
-43.13871060657266,-16.288936244264836
-43.133738305034505,-16.288820600923643
-43.12876600349635,-16.288704861305185
-43.1237937019582,-16.28858902536429
-43.118821400420046,-16.28847309305571
-43.11384909888189,-16.28835706433424
-43.10887679734374,-16.288240939154612
-43.10390449580558,-16.28812471747156
-43.09893219426743,-16.28800839923979
-43.09395989272927,-16.287891984413985
-43.08898759119112,-16.28777547294884
-43.08401528965297,-16.287658864798978
-43.079042988114814,-16.28754215991903
-43.07407068657666,-16.28742535826363
-43.06909838503851,-16.287308459787358
-43.064126083500355,-16.287191464444792
-43.059153781962195,-16.287074372190514
-43.05418148042404,-16.28695718297901
-43.04920917888589,-16.286839896764857
-43.044236877347736,-16.286722513502518
-43.03926457580958,-16.28660503314647
-43.03429227427143,-16.286487455651205
-43.029319972733276,-16.28636978097115
-43.02434767119512,-16.286252009060718
-43.01937536965697,-16.28613413987431
-43.01440306811881,-16.28601617336635
-43.009430766580664,-16.28589810949117
-43.004458465042504,-16.285779948203135
-42.99948616350435,-16.28566168945653
-42.9945138619662,-16.28554333320573
-42.989541560428044,-16.285424879405006
-42.98456925888989,-16.285306328008595
-42.97959695735174,-16.28518767897078
-42.974624655813585,-16.285068932245785
-42.96965235427543,-16.284950087787816
-42.96468005273728,-16.28483114555111
-42.95970775119912,-16.28471210548978
-42.954735449660966,-16.28459296755802
-42.94976314812281,-16.284473731709973
-42.94479084658466,-16.28435439789974
-42.939818545046506,-16.284234966081424
-42.93484624350835,-16.284115436209103
-42.9298739419702,-16.283995808236867
-42.92490164043205,-16.28387608211871
-42.919929338893894,-16.28375625780868
-42.914957037355734,-16.283636335260777
-42.90998473581758,-16.283516314428987
-42.90501243427943,-16.28339619526729
-42.900040132741275,-16.283275977729627
-42.89506783120312,-16.28315566176988
-42.89009552966497,-16.283035247342017
-42.885123228126815,-16.282914734399895
-42.88015092658866,-16.28279412289739
-42.87517862505051,-16.282673412788366
-42.870206323512356,-16.282552604026623
-42.8652340219742,-16.282431696565993
-42.86026172043604,-16.282310690360273
-42.85528941889789,-16.282189585363227
-42.85031711735974,-16.28206838152859
-42.84534481582158,-16.28194707881014
-42.84037251428343,-16.281825677161564
-42.83540021274528,-16.281704176536568
-42.830427911207124,-16.281582576888823
-42.82545560966897,-16.281460878171973
-42.82048330813082,-16.281339080339684
-42.81551100659266,-16.281217183345568
-42.810538705054505,-16.28109518714321
-42.80556640351635,-16.28097309168621
-42.8005941019782,-16.28085089692811
-42.795621800440045,-16.280728602822467
-42.79064949890189,-16.28060620932279
-42.78567719736374,-16.280483716382584
-42.780704895825586,-16.280361123955355
-42.77573259428743,-16.28023843199453
-42.77076029274927,-16.280115640453584
-42.76578799121113,-16.27999274928595
-42.76081568967297,-16.279869758445003
-42.755843388134814,-16.279746667884147
-42.75087108659666,-16.279623477556726
-42.74589878505851,-16.279500187416144
-42.740926483520354,-16.279376797415683
-42.7359541819822,-16.27925330750866
-42.73098188044405,-16.27912971764838
-42.726009578905895,-16.279006027788085
-42.72103727736774,-16.278882237881053
-42.71606497582958,-16.278758347880526
-42.71109267429143,-16.278634357739687
-42.706120372753276,-16.278510267411736
-42.70114807121512,-16.27838607684984
-42.69617576967697,-16.278261786007185
-42.691203468138816,-16.27813739483688
-42.68623116660066,-16.278012903292044
-42.68125886506251,-16.277888311325782
-42.67628656352436,-16.27776361889115
-42.6713142619862,-16.277638825941217
-42.666341960448044,-16.277513932429017
-42.66136965890989,-16.27738893830759
-42.65639735737174,-16.27726384352989
-42.651425055833585,-16.27713864804894
-42.64645275429543,-16.27701335181766
-42.64148045275728,-16.276887954789046
-42.636508151219125,-16.276762456915947
-42.63153584968097,-16.27663685815131
-42.62656354814282,-16.276511158448017
-42.621591246604666,-16.27638535775891
-42.616618945066506,-16.276259456036833
-42.61164664352835,-16.27613345323463
-42.6066743419902,-16.276007349305075
-42.60170204045205,-16.27588114420098
-42.59672973891389,-16.27575483787509
-42.59175743737574,-16.275628430280133
-42.58678513583759,-16.275501921368868
-42.581812834299434,-16.27537531109399
-42.57684053276128,-16.27524859940818
-42.57186823122312,-16.275121786264105
-42.56689592968497,-16.27499487161442
-42.561923628146815,-16.27486785541172
-42.55695132660866,-16.274740737608642
-42.55197902507051,-16.274613518157782
-42.547006723532355,-16.274486197011676
-42.5420344219942,-16.274358774122895
-42.53706212045605,-16.27423124944396
-42.532089818917896,-16.2741036229274
-42.527117517379736,-16.27397589452566
-42.52214521584159,-16.273848064191224
-42.51717291430343,-16.273720131876562
-42.51220061276528,-16.27359209753411
-42.507228311227124,-16.27346396111625
-42.50225600968897,-16.273335722575393
-42.49728370815082,-16.273207381863894
-42.492311406612664,-16.27307893893412
-42.48733910507451,-16.27295039373838
-42.48236680353636,-16.272821746229003
-42.477394501998205,-16.27269299635829
-42.472422200460045,-16.27256414407851
-42.46744989892189,-16.272435189341902
-42.46247759738374,-16.272306132100706
-42.457505295845586,-16.272176972307125
-42.45253299430743,-16.27204770991336
-42.44756069276928,-16.271918344871594
-42.442588391231126,-16.271788877133968
-42.43761608969297,-16.271659306652655
-42.43264378815482,-16.271529633379714
-42.42767148661666,-16.27139985726724
-42.42269918507851,-16.271269978267355
-42.417726883540354,-16.27113999633208
-42.4127545820022,-16.27100991141345
-42.40778228046405,-16.27087972346351
-42.402809978925895,-16.27074943243422
-42.39783767738774,-16.270619038277566
-42.39286537584959,-16.270488540945514
-42.387893074311435,-16.270357940389992
-42.38292077277328,-16.27022723656293
-42.37794847123513,-16.270096429416192
-42.37297616969697,-16.269965518901692
-42.368003868158816,-16.269834504971257
-42.36303156662066,-16.269703387576737
-42.35805926508251,-16.269572166669953
-42.35308696354436,-16.269440842202705
-42.3481146620062,-16.269309414126734
-42.34314236046805,-16.26917788239385
-42.3381700589299,-16.26904624695573
-42.333197757391744,-16.26891450776416
-42.328225455853584,-16.268782664770793
-42.32325315431543,-16.26865071792733
-42.31828085277728,-16.2685186671854
-42.313308551239125,-16.268386512496647
-42.30833624970097,-16.268254253812707
-42.30336394816282,-16.268121891085165
-42.298391646624665,-16.26798942426561
-42.29341934508651,-16.267856853305574
-42.28844704354836,-16.267724178156634
-42.2834747420102,-16.26759139877027
-42.27850244047205,-16.267458515098
-42.27353013893389,-16.267325527091298
-42.26855783739574,-16.267192434701617
-42.26358553585759,-16.267059237880396
-42.258613234319434,-16.266925936579067
-42.25364093278128,-16.266792530748987
-42.24866863124313,-16.26665902034159
-42.243696329704974,-16.266525405308183
-42.23872402816682,-16.266391685600148
-42.23375172662867,-16.266257861168775
-42.22877942509051,-16.266123931965357
-42.223807123552355,-16.265989897941207
-42.2188348220142,-16.26585575904755
-42.21386252047605,-16.265721515235626
-42.208890218937896,-16.265587166456644
-42.20391791739974,-16.265452712661826
-42.19894561586159,-16.26531815380234
-42.193973314323436,-16.26518348982932
-42.18900101278528,-16.265048720693947
-42.18402871124712,-16.264913846347312
-42.17905640970897,-16.264778866740503
-42.17408410817082,-16.26464378182461
-42.169111806632664,-16.264508591550687
-42.16413950509451,-16.264373295869778
-42.15916720355636,-16.264237894732887
-42.154194902018205,-16.264102388091008
-42.14922260048005,-16.263966775895106
-42.1442502989419,-16.26383105809618
-42.139277997403745,-16.26369523464514
-42.13430569586559,-16.263559305492876
-42.12933339432743,-16.26342327059032
-42.12436109278928,-16.26328712988833
-42.119388791251126,-16.26315088333778
-42.11441648971297,-16.263014530889468
-42.10944418817482,-16.262878072494235
-42.10447188663667,-16.262741508102884
-42.09949958509851,-16.262604837666164
-42.09452728356036,-16.26246806113484
-42.08955498202221,-16.262331178459632
-42.08458268048405,-16.262194189591273
-42.079610378945894,-16.262057094480454
-42.07463807740774,-16.26191989307783
-42.06966577586959,-16.261782585334068
-42.064693474331435,-16.26164517119981
-42.05972117279328,-16.261507650625646
-42.05474887125513,-16.26137002356218
-42.049776569716975,-16.261232289959967
-42.04480426817882,-16.261094449769583
-42.03983196664066,-16.260956502941553
-42.034859665102516,-16.260818449426374
-42.029887363564356,-16.260680289174537
-42.0249150620262,-16.260542022136537
-42.01994276048805,-16.26040364826278
-42.0149704589499,-16.260265167503732
-42.009998157411744,-16.260126579809796
-42.00502585587359,-16.259987885131334
-42.00005355433544,-16.259849083418754
-41.995081252797284,-16.25971017462237
-41.99010895125913,-16.259571158692523
-41.98513664972097,-16.25943203557953
-41.98016434818282,-16.25929280523364
-41.975192046644665,-16.25915346760516
-41.97021974510651,-16.259014022644337
-41.96524744356836,-16.258874470301375
-41.960275142030206,-16.258734810526473
-41.95530284049205,-16.258595043269843
-41.9503305389539,-16.258455168481625
-41.945358237415746,-16.258315186111982
-41.940385935877586,-16.25817509611102
-41.93541363433943,-16.258034898428846
-41.93044133280128,-16.257894593015553
-41.92546903126313,-16.257754179821184
-41.920496729724974,-16.25761365879579
-41.91552442818682,-16.257473029889415
-41.91055212664867,-16.257332293052016
-41.905579825110514,-16.257191448233613
-41.90060752357236,-16.25705049538414
-41.8956352220342,-16.256909434453547
-41.890662920496055,-16.256768265391752
-41.885690618957895,-16.256626988148632
-41.88071831741974,-16.25648560267411
-41.87574601588159,-16.256344108918
-41.870773714343436,-16.256202506830167
-41.86580141280528,-16.256060796360405
-41.86082911126713,-16.25591897745852
-41.85585680972898,-16.255777050074276
-41.85088450819082,-16.255635014157455
-41.84591220665267,-16.255492869657758
-41.84093990511451,-16.25535061652494
-41.83596760357636,-16.25520825470867
-41.830995302038204,-16.25506578415859
-41.82602300050005,-16.25492320482439
-41.8210506989619,-16.254780516655686
-41.816078397423745,-16.254637719602105
-41.81110609588559,-16.25449481361324
-41.80613379434744,-16.254351798638606
-41.801161492809285,-16.254208674627808
-41.796189191271125,-16.25406544153037
-41.79121688973298,-16.25392209929576
-41.78624458819482,-16.253778647873506
-41.781272286656666,-16.25363508721306
-41.77629998511851,-16.25349141726386
-41.77132768358036,-16.253347637975338
-41.76635538204221,-16.2532037492969
-41.761383080504054,-16.253059751177926
-41.7564107789659,-16.252915643567768
-41.75143847742775,-16.252771426415787
-41.746466175889594,-16.252627099671308
-41.741493874351434,-16.2524826632836
-41.73652157281328,-16.252338117201965
-41.73154927127513,-16.252193461375665
-41.726576969736975,-16.25204869575395
-41.72160466819882,-16.251903820285996
-41.71663236666067,-16.251758834921027
-41.711660065122516,-16.251613739608224
-41.70668776358436,-16.251468534296738
-41.70171546204621,-16.2513232189357
-41.69674316050805,-16.251177793474223
-41.6917708589699,-16.251032257861407
-41.68679855743174,-16.250886612046322
-41.68182625589359,-16.25074085597801
-41.67685395435544,-16.250594989605514
-41.671881652817284,-16.250449012877848
-41.66690935127913,-16.250302925744
-41.66193704974098,-16.25015672815291
-41.656964748202824,-16.25001042005358
-41.651992446664664,-16.249864001394876
-41.64702014512652,-16.249717472125752
-41.64204784358836,-16.24957083219507
-41.637075542050205,-16.2494240815517
-41.63210324051205,-16.24927722014448
-41.6271309389739,-16.249130247922245
-41.622158637435746,-16.2489831648338
-41.61718633589759,-16.24883597082789
-41.61221403435944,-16.248688665853336
-41.60724173282129,-16.248541249858807
-41.60226943128313,-16.248393722793097
-41.59729712974497,-16.248246084604837
-41.59232482820682,-16.248098335242723
-41.58735252666867,-16.24795047465545
-41.582380225130514,-16.247802502791593
-41.57740792359236,-16.247654419599822
-41.57243562205421,-16.247506225028673
-41.567463320516055,-16.247357919026765
-41.5624910189779,-16.247209501542624
-41.55751871743975,-16.247060972524817
-41.55254641590159,-16.246912331921795
-41.54757411436344,-16.24676357968208
-41.54260181282528,-16.24661471575414
-41.53762951128713,-16.24646574008642
-41.532657209748976,-16.246316652627343
-41.52768490821082,-16.24616745332532
-41.52271260667267,-16.246018142128705
-41.51774030513452,-16.245868718985918
-41.51276800359636,-16.24571918384523
-41.50779570205821,-16.24556953665501
-41.50282340052006,-16.245419777363562
-41.4978510989819,-16.245269905919134
-41.492878797443744,-16.245119922269996
-41.48790649590559,-16.244969826364382
-41.48293419436744,-16.244819618150512
-41.477961892829285,-16.244669297576593
-41.47298959129113,-16.244518864590763
-41.46801728975298,-16.244368319141234
-41.463044988214826,-16.24421766117606
-41.45807268667667,-16.24406689064341
-41.45310038513851,-16.24391600749135
-41.448128083600366,-16.243765011667946
-41.443155782062206,-16.243613903121258
-41.43818348052405,-16.243462681799283
-41.4332111789859,-16.243311347650064
-41.42823887744775,-16.243159900621567
-41.423266575909594,-16.24300834066175
-41.41829427437144,-16.242856667718552
-41.41332197283329,-16.24270488173991
-41.40834967129513,-16.24255298267372
-41.40337736975698,-16.24240097046784
-41.39840506821882,-16.242248845070144
-41.39343276668067,-16.242096606428458
-41.388460465142515,-16.24194425449061
-41.38348816360436,-16.241791789204363
-41.37851586206621,-16.24163921051754
-41.373543560528056,-16.241486518377844
-41.3685712589899,-16.241333712733024
-41.36359895745175,-16.241180793530805
-41.358626655913596,-16.241027760718843
-41.353654354375436,-16.240874614244827
-41.34868205283728,-16.24072135405637
-41.34370975129913,-16.24056798010117
-41.33873744976098,-16.240414492326735
-41.333765148222824,-16.24026089068069
-41.32879284668467,-16.240107175110612
-41.32382054514652,-16.239953345564004
-41.318848243608365,-16.239799401988403
-41.31387594207021,-16.23964534433131
-41.30890364053205,-16.239491172540184
-41.303931338993905,-16.2393368865625
-41.298959037455745,-16.239182486345673
-41.29398673591759,-16.239027971837118
-41.28901443437944,-16.238873342984235
-41.284042132841286,-16.23871859973438
-41.27906983130313,-16.238563742034884
-41.27409752976498,-16.238408769833114
-41.26912522822683,-16.23825368307634
-41.26415292668867,-16.238098481711873
-41.25918062515052,-16.23794316568694
-41.25420832361236,-16.237787734948824
-41.24923602207421,-16.237632189444707
-41.244263720536054,-16.2374765291218
-41.2392914189979,-16.23732075392729
-41.23431911745975,-16.237164863808303
-41.229346815921595,-16.237008858711995
-41.22437451438344,-16.23685273858548
-41.21940221284529,-16.236696503375846
-41.214429911307136,-16.236540153030163
-41.209457609768975,-16.236383687495476
-41.20448530823083,-16.236227106718793
-41.19951300669267,-16.23607041064716
-41.194540705154516,-16.23591359922752
-41.18956840361636,-16.235756672406872
-41.18459610207821,-16.235599630132135
-41.17962380054006,-16.23544247235024
-41.174651499001904,-16.235285199008068
-41.16967919746375,-16.23512781005249
-41.16470689592559,-16.234970305430384
-41.159734594387444,-16.23481268508859
-41.154762292849284,-16.234654948973887
-41.14978999131113,-16.234497097033106
-41.14481768977298,-16.23433912921298
-41.139845388234825,-16.234181045460264
-41.13487308669667,-16.2340228457217
-41.12990078515852,-16.233864529943986
-41.124928483620366,-16.233706098073796
-41.11995618208221,-16.23354755005781
-41.11498388054406,-16.23338888584264
-41.1100115790059,-16.233230105374957
-41.105039277467746,-16.233071208601284
-41.10006697592959,-16.23291219546825
-41.09509467439144,-16.232753065922388
-41.09012237285329,-16.232593819910242
-41.085150071315134,-16.232434457378304
-41.08017776977698,-16.232274978273086
-41.07520546823883,-16.23211538254104
-41.070233166700675,-16.231955670128627
-41.065260865162514,-16.231795840982254
-41.06028856362437,-16.23163589504833
-41.05531626208621,-16.231475832273244
-41.050343960548055,-16.231315652603357
-41.0453716590099,-16.23115535598498
-41.04039935747175,-16.230994942364447
-41.035427055933596,-16.23083441168807
-41.03045475439544,-16.230673763902082
-41.02548245285729,-16.230512998952776
-41.02051015131914,-16.23035211678635
-41.01553784978098,-16.230191117349044
-41.01056554824282,-16.23003000058701
-41.00559324670467,-16.229868766446437
-41.00062094516652,-16.229707414873484
-40.995648643628364,-16.22954594581422
-40.99067634209021,-16.229384359214777
-40.98570404055206,-16.229222655021214
-40.980731739013905,-16.22906083317961
-40.97575943747575,-16.228898893635993
-40.9707871359376,-16.228736836336378
-40.96581483439944,-16.228574661226745
-40.96084253286129,-16.228412368253075
-40.95587023132313,-16.228249957361317
-40.95089792978498,-16.228087428497375
-40.945925628246826,-16.22792478160718
-40.94095332670867,-16.227762016636596
-40.93598102517052,-16.22759913353149
-40.93100872363237,-16.227436132237703
-40.926036422094214,-16.22727301270104
-40.92106412055605,-16.227109774867312
-40.91609181901791,-16.22694641868229
-40.91111951747975,-16.22678294409171
-40.906147215941594,-16.226619351041315
-40.90117491440344,-16.226455639476825
-40.89620261286529,-16.22629180934391
-40.891230311327135,-16.22612786058821
-40.88625800978898,-16.225963793155408
-40.88128570825083,-16.225799606991103
-40.876313406712676,-16.22563530204091
-40.87134110517452,-16.225470878250388
-40.86636880363636,-16.2253063355651
-40.86139650209821,-16.22514167393059
-40.856424200560056,-16.224976893292357
-40.8514518990219,-16.224811993595882
-40.84647959748375,-16.224646974786634
-40.8415072959456,-16.224481836810074
-40.836534994407444,-16.224316579611624
-40.83156269286929,-16.224151203136653
-40.82659039133114,-16.223985707330595
-40.82161808979298,-16.22382009213877
-40.81664578825483,-16.22365435750653
-40.81167348671667,-16.22348850337917
-40.80670118517852,-16.223322529702006
-40.801728883640365,-16.223156436420272
-40.79675658210221,-16.222990223479268
-40.79178428056406,-16.222823890824184
-40.786811979025906,-16.222657438400226
-40.78183967748775,-16.222490866152572
-40.7768673759496,-16.222324174026397
-40.77189507441145,-16.222157361966858
-40.766922772873286,-16.221990429919032
-40.76195047133513,-16.221823377828024
-40.75697816979698,-16.221656205638922
-40.75200586825883,-16.221488913296746
-40.747033566720674,-16.221321500746555
-40.74206126518252,-16.22115396793335
-40.73708896364437,-16.220986314802094
-40.732116662106215,-16.220818541297778
-40.72714436056806,-16.22065064736532
-40.7221720590299,-16.22048263294963
-40.717199757491755,-16.220314497995616
-40.712227455953595,-16.22014624244817
-40.70725515441544,-16.21997786625212
-40.70228285287729,-16.219809369352305
-40.697310551339136,-16.219640751693536
-40.69233824980098,-16.219472013220592
-40.68736594826283,-16.21930315387823
-40.68239364672468,-16.219134173611184
-40.67742134518652,-16.218965072364217
-40.67244904364837,-16.218795850081968
-40.66747674211021,-16.21862650670915
-40.66250444057206,-16.218457042190384
-40.657532139033904,-16.218287456470353
-40.65255983749575,-16.218117749493622
-40.6475875359576,-16.217947921204775
-40.642615234419445,-16.217777971548408
-40.63764293288129,-16.21760790046903
-40.63267063134314,-16.217437707911163
-40.627698329804986,-16.21726739381933
-40.622726028266825,-16.217096958137997
-40.61775372672867,-16.2169264008116
-40.61278142519052,-16.21675572178458
-40.607809123652366,-16.21658492100134
-40.60283682211421,-16.21641399840628
-40.59786452057606,-16.216242953943752
-40.59289221903791,-16.21607178755812
-40.587919917499754,-16.215900499193673
-40.5829476159616,-16.21572908879472
-40.57797531442344,-16.215557556305523
-40.573003012885295,-16.21538590167036
-40.568030711347134,-16.215214124833448
-40.56305840980898,-16.21504222573899
-40.55808610827083,-16.214870204331195
-40.553113806732675,-16.21469806055422
-40.54814150519452,-16.214525794352173
-40.54316920365637,-16.214353405669208
-40.538196902118216,-16.2141808944494
-40.53322460058006,-16.214008260636824
-40.52825229904191,-16.213835504175563
-40.52327999750375,-16.21366262500963
-40.518307695965596,-16.21348962308301
-40.51333539442744,-16.21331649833972
-40.50836309288929,-16.21314325072369
-40.50339079135114,-16.212969880178893
-40.498418489812984,-16.212796386649224
-40.49344618827483,-16.212622770078582
-40.48847388673668,-16.212449030410887
-40.483501585198525,-16.212275167589898
-40.478529283660365,-16.212101181559518
-40.47355698212222,-16.211927072263517
-40.46858468058406,-16.21175283964568
-40.463612379045905,-16.211578483649806
-40.45864007750775,-16.211404004219595
-40.4536677759696,-16.211229401298763
-40.448695474431446,-16.21105467483101
-40.44372317289329,-16.210879824760035
-40.43875087135514,-16.21070485102945
-40.43377856981698,-16.2105297535829
-40.428806268278834,-16.21035453236398
-40.42383396674067,-16.21017918731629
-40.41886166520252,-16.210003718383355
-40.41388936366437,-16.209828125508754
-40.408917062126214,-16.209652408635957
-40.40394476058806,-16.209476567708485
-40.39897245904991,-16.209300602669785
-40.394000157511755,-16.20912451346336
-40.3890278559736,-16.208948300032567
-40.38405555443545,-16.208771962320824
-40.37908325289729,-16.20859550027153
-40.374110951359135,-16.20841891382803
-40.36913864982098,-16.20824220293367
-40.36416634828283,-16.208065367531734
-40.359194046744676,-16.207888407565523
-40.35422174520652,-16.207711322978323
-40.34924944366837,-16.20753411371336
-40.34427714213022,-16.20735677971384
-40.339304840592064,-16.207179320922993
-40.334332539053904,-16.207001737283974
-40.32936023751576,-16.206824028739952
-40.3243879359776,-16.20664619523403
-40.319415634439444,-16.20646823670935
-40.31444333290129,-16.206290153108974
-40.30947103136314,-16.20611194437598
-40.304498729824985,-16.2059336104534
-40.29952642828683,-16.205755151284247
-40.29455412674868,-16.20557656681152
-40.289581825210526,-16.2053978569782
-40.28460952367237,-16.205219021727224
-40.27963722213421,-16.205040061001547
-40.27466492059606,-16.20486097474403
-40.269692619057906,-16.20468176289757
-40.26472031751975,-16.20450242540503
-40.2597480159816,-16.204322962209265
-40.25477571444345,-16.20414337325306
-40.249803412905294,-16.20396365847924
-40.24483111136714,-16.203783817830512
-40.23985880982899,-16.203603851249685
-40.23488650829083,-16.203423758679453
-40.22991420675268,-16.203243540062513
-40.22494190521452,-16.203063195341567
-40.21996960367637,-16.202882724459222
-40.214997302138215,-16.20270212735815
-40.21002500060006,-16.202521403980953
-40.20505269906191,-16.20234055427021
-40.200080397523756,-16.202159578168477
-40.1951080959856,-16.20197847561832
-40.19013579444744,-16.201797246562236
-40.1851634929093,-16.201615890942723
-40.18019119137114,-16.201434408702266
-40.17521888983298,-16.201252799783283
-40.17024658829483,-16.201071064128243
-40.16527428675668,-16.20088920167952
-40.160301985218524,-16.200707212379506
-40.15532968368037,-16.20052509617054
-40.15035738214222,-16.200342852994993
-40.145385080604065,-16.20016048279516
-40.14041277906591,-16.199977985513314
-40.13544047752775,-16.199795361091745
-40.1304681759896,-16.19961260947267
-40.125495874451445,-16.199429730598336
-40.12052357291329,-16.199246724410948
-40.11555127137514,-16.199063590852667
-40.110578969836986,-16.198880329865624
-40.10560666829883,-16.198696941391976
-40.10063436676068,-16.198513425373815
-40.09566206522253,-16.198329781753237
-40.09068976368437,-16.198146010472318
-40.08571746214622,-16.197962111473057
-40.08074516060806,-16.197778084697493
-40.07577285906991,-16.19759393008759
-40.070800557531754,-16.197409647585353
-40.0658282559936,-16.19722523713271
-40.06085595445545,-16.197040698671593
-40.055883652917295,-16.19685603214388
-40.05091135137914,-16.196671237491472
-40.04593904984099,-16.196486314656212
-40.040966748302836,-16.196301263579944
-40.035994446764676,-16.19611608420446
-40.03102214522652,-16.195930776471542
-40.02604984368837,-16.195745340322958
-40.021077542150216,-16.19555977570046
-40.01610524061206,-16.195374082545744
-40.01113293907391,-16.195188260800514
-40.00616063753576,-16.195002310406437
-40.001188335997604,-16.19481623130517
-39.99621603445945,-16.19463002343832
-39.99124373292129,-16.194443686747494
-39.986271431383145,-16.19425722117426
-39.981299129844984,-16.19407062666018
-39.97632682830683,-16.193883903146805
-39.97135452676868,-16.193697050575594
-39.966382225230525,-16.193510068888106
-39.96140992369237,-16.193322958025753
-39.95643762215422,-16.193135717929955
-39.951465320616066,-16.19294834854217
-39.946493019077906,-16.192760849803765
-39.94152071753976,-16.19257322165615
-39.9365484160016,-16.192385464040623
-39.93157611446345,-16.192197576898515
-39.92660381292529,-16.192009560171154
-39.92163151138714,-16.191821413799786
-39.91665920984899,-16.19163313772569
-39.911686908310834,-16.19144473189008
-39.90671460677268,-16.191256196234168
-39.90174230523453,-16.191067530699137
-39.896770003696375,-16.190878735226153
-39.891797702158215,-16.190689809756357
-39.88682540062006,-16.190500754230865
-39.88185309908191,-16.19031156859073
-39.876880797543755,-16.190122252777073
-39.8719084960056,-16.189932806730916
-39.86693619446745,-16.189743230393283
-39.861963892929296,-16.189553523705186
-39.85699159139114,-16.189363686607557
-39.85201928985299,-16.189173719041392
-39.84704698831483,-16.18898362094761
-39.842074686776684,-16.188793392267094
-39.83710238523852,-16.18860303294075
-39.83213008370037,-16.188412542909447
-39.82715778216222,-16.188221922113982
-39.822185480624064,-16.18803117049521
-39.81721317908591,-16.18784028799389
-39.81224087754776,-16.187649274550793
-39.807268576009605,-16.187458130106666
-39.80229627447145,-16.187266854602242
-39.7973239729333,-16.187075447978184
-39.79235167139514,-16.18688391017519
-39.787379369856986,-16.1866922411339
-39.78240706831883,-16.18650044079495
-39.77743476678068,-16.18630850909895
-39.772462465242526,-16.18611644598643
-39.76749016370437,-16.185924251398006
-39.76251786216622,-16.185731925274162
-39.75754556062807,-16.18553946755544
-39.752573259089914,-16.185346878182333
-39.747600957551754,-16.185154157095255
-39.74262865601361,-16.18496130423468
-39.73765635447545,-16.184768319541007
-39.732684052937294,-16.18457520295467
-39.72771175139914,-16.184381954415986
-39.72273944986099,-16.184188573865303
-39.717767148322835,-16.183995061242975
-39.71279484678468,-16.183801416489278
-39.70782254524653,-16.18360763954451
-39.70285024370837,-16.18341373034888
-39.69787794217022,-16.18321968884266
-39.69290564063206,-16.183025514966026
-39.68793333909391,-16.182831208659177
-39.682961037555756,-16.182636769862246
-39.6779887360176,-16.18244219851538
-39.67301643447945,-16.182247494558705
-39.6680441329413,-16.182052657932292
-39.663071831403144,-16.1818576885762
-39.65809952986499,-16.18166258643048
-39.65312722832684,-16.181467351435128
-39.64815492678868,-16.181271983530177
-39.643182625250525,-16.181076482655563
-39.63821032371237,-16.180880848751226
-39.63323802217422,-16.1806850817571
-39.628265720636065,-16.180489181613098
-39.62329341909791,-16.18029314825908
-39.61832111755976,-16.180096981634897
-39.613348816021606,-16.17990068168037
-39.60837651448345,-16.179704248335327
-39.60340421294529,-16.179507681539512
-39.59843191140715,-16.17931098123272
-39.59345960986899,-16.179114147354657
-39.58848730833083,-16.178917179845055
-39.58351500679268,-16.178720078643593
-39.57854270525453,-16.178522843689915
-39.573570403716374,-16.17832547492367
-39.56859810217822,-16.178127972284493
-39.56362580064007,-16.177930335711938
-39.558653499101915,-16.17773256514561
-39.55368119756376,-16.177534660525037
-39.5487088960256,-16.17733662178974
-39.54373659448745,-16.177138448879205
-39.538764292949296,-16.176940141732917
-39.53379199141114,-16.176741700290332
-39.52881968987299,-16.17654312449087
-39.523847388334836,-16.176344414273924
-39.51887508679668,-16.176145569578875
-39.51390278525853,-16.17594659034509
-39.50893048372038,-16.17574747651188
-39.50395818218222,-16.175548228018577
-39.49898588064407,-16.175348844804432
-39.49401357910591,-16.175149326808757
-39.48904127756776,-16.174949673970723
-39.484068976029604,-16.174749886229577
-39.47909667449145,-16.174549963524516
-39.4741243729533,-16.174349905794685
-39.469152071415145,-16.174149712979254
-39.46417976987699,-16.173949385017284
-39.45920746833883,-16.173748921847906
-39.454235166800686,-16.173548323410195
-39.449262865262526,-16.1733475896432
-39.44429056372437,-16.173146720485924
-39.43931826218622,-16.17294571587735
-39.434345960648066,-16.172744575756493
-39.42937365910991,-16.172543300062284
-39.42440135757176,-16.17234188873365
-39.41942905603361,-16.172140341709465
-39.414456754495454,-16.171938658928664
-39.4094844529573,-16.171736840330073
-39.40451215141914,-16.171534885852513
-39.39953984988099,-16.17133279543479
-39.394567548342835,-16.17113056901571
-39.38959524680468,-16.170928206534033
-39.38462294526653,-16.170725707928447
-39.379650643728375,-16.170523073137716
-39.37467834219022,-16.170320302100514
-39.36970604065207,-16.170117394755493
-39.364733739113916,-16.16991435104131
-39.359761437575756,-16.169711170896562
-39.35478913603761,-16.169507854259844
-39.34981683449945,-16.16930440106975
-39.3448445329613,-16.169100811264776
-39.33987223142314,-16.16889708478348
-39.33489992988499,-16.168693221564343
-39.32992762834684,-16.16848922154585
-39.324955326808684,-16.16828508466645
-39.31998302527053,-16.168080810864524
-39.31501072373238,-16.16787640007852
-39.310038422194225,-16.16767185224681
-39.305066120656065,-16.167467167307734
-39.30009381911791,-16.167262345199614
-39.29512151757976,-16.167057385860765
-39.290149216041605,-16.166852289229453
-39.28517691450345,-16.166647055243953
-39.2802046129653,-16.16644168384249
-39.275232311427146,-16.16623617496326
-39.27026000988899,-16.16603052854446
-39.26528770835084,-16.16582474452425
-39.26031540681268,-16.165618822840752
-39.255343105274534,-16.165412763432094
-39.250370803736374,-16.16520656623635
-39.24539850219822,-16.1650002311916
-39.24042620066007,-16.16479375823586
-39.235453899121914,-16.16458714730716
-39.23048159758376,-16.164380398343496
-39.22550929604561,-16.16417351128284
-39.220536994507455,-16.163966486063092
-39.215564692969295,-16.16375932262222
-39.21059239143115,-16.163552020898084
-39.20562008989299,-16.163344580828596
-39.200647788354836,-16.16313700235155
-39.19567548681668,-16.162929285404804
-39.19070318527853,-16.162721429926144
-39.185730883740376,-16.162513435853356
-39.18075858220222,-16.16230530312417
-39.17578628066407,-16.162097031676314
-39.17081397912592,-16.1618886214475
-39.165841677587764,-16.1616800723754
-39.160869376049604,-16.161471384397668
-39.15589707451145,-16.16126255745194
-39.1509247729733,-16.1610535914758
-39.145952471435145,-16.16084448640685
-39.14098016989699,-16.160635242182625
-39.13600786835884,-16.160425858740666
-39.131035566820685,-16.16021633601846
-39.12606326528253,-16.160006673953543
-39.12109096374438,-16.15979687248335
-39.11611866220622,-16.159586931545274
-39.11114636066807,-16.15937685107676
-39.10617405912991,-16.15916663101521
-39.10120175759176,-16.15895627129796
-39.09622945605361,-16.158745771862346
-39.09125715451545,-16.158535132645707
-39.0862848529773,-16.15832435358531
-39.08131255143915,-16.15811343461841
-39.076340249900994,-16.15790237568226
-39.07136794836284,-16.157691176714103
-39.06639564682469,-16.157479837651074
-39.06142334528653,-16.15726835843039
-39.056451043748375,-16.15705673898915
-39.05147874221022,-16.156844979264502
-39.04650644067207,-16.156633079193533
-39.041534139133915,-16.156421038713322
-39.03656183759576,-16.15620885776089
-39.03158953605761,-16.155996536273292
-39.026617234519456,-16.15578407418749
-39.0216449329813,-16.155571471440474
-39.01667263144314,-16.15535872796918
-39.011700329905,-16.155145843710546
-39.00672802836684,-16.154932818601456
-39.001755726828684,-16.15471965257878
-38.99678342529053,-16.154506345579396
-38.99181112375238,-16.15429289754013
-38.986838822214224,-16.15407930839774
-38.98186652067607,-16.153865578089032
-38.97689421913792,-16.153651706550754
-38.97192191759976,-16.15343769371964
-38.96694961606161,-16.15322353953237
-38.96197731452345,-16.15300924392565
-38.9570050129853,-16.152794806836106
-38.952032711447146,-16.15258022820041
-38.94706040990899,-16.152365507955125
-38.94208810837084,-16.152150646036848
-38.937115806832686,-16.15193564238214
-38.93214350529453,-16.151720496927528
-38.92717120375638,-16.15150520960951
-38.92219890221823,-16.151289780364564
-38.91722660068007,-16.15107420912919
-38.912254299141914,-16.150858495839753
-38.90728199760376,-16.150642640432718
-38.90230969606561,-16.150426642844458
-38.897337394527455,-16.150210503011312
-38.8923650929893,-16.149994220869637
-38.88739279145115,-16.149777796355725
-38.882420489912995,-16.149561229405858
-38.87744818837484,-16.14934451995633
-38.87247588683668,-16.149127667943354
-38.867503585298536,-16.148910673303128
-38.862531283760376,-16.14869353597188
-38.85755898222222,-16.148476255885722
-38.85258668068407,-16.148258832980847
-38.84761437914592,-16.148041267193317
-38.84264207760776,-16.147823558459258
-38.83766977606961,-16.147605706714714
-38.83269747453146,-16.147387711895732
-38.827725172993304,-16.14716957393832
-38.82275287145515,-16.146951292778464
-38.81778056991699,-16.14673286835215
-38.81280826837884,-16.146514300595303
-38.807835966840685,-16.146295589443838
-38.80286366530253,-16.146076734833645
-38.79789136376438,-16.145857736700602
-38.792919062226225,-16.145638594980547
-38.78794676068807,-16.145419309609277
-38.78297445914992,-16.14519988052263
-38.778002157611766,-16.144980307656326
-38.773029856073606,-16.144760590946117
-38.76805755453546,-16.144540730327737
-38.7630852529973,-16.14432072573688
-38.75811295145915,-16.144100577109207
-38.753140649920994,-16.14388028438036
-38.74816834838284,-16.143659847485946
-38.74319604684469,-16.143439266361586
-38.738223745306534,-16.143218540942826
-38.73325144376838,-16.142997671165226
-38.72827914223022,-16.142776656964294
-38.723306840692075,-16.142555498275538
-38.718334539153915,-16.142334195034422
-38.71336223761576,-16.14211274717637
-38.70838993607761,-16.14189115463684
-38.703417634539456,-16.14166941735121
-38.6984453330013,-16.14144753525483
-38.69347303146315,-16.141225508283068
-38.688500729924996,-16.141003336371266
-38.68352842838684,-16.140781019454693
-38.67855612684869,-16.14055855746861
-38.67358382531053,-16.140335950348266
-38.66861152377238,-16.140113198028907
-38.663639222234224,-16.13989030044571
-38.65866692069607,-16.13966725753386
-38.65369461915792,-16.139444069228485
-38.648722317619765,-16.139220735464725
-38.64375001608161,-16.138997256177664
-38.63877771454346,-16.13877363130238
-38.633805413005305,-16.138549860773907
-38.628833111467145,-16.13832594452728
-38.623860809929,-16.138101882497516
-38.61888850839084,-16.137877674619542
-38.613916206852686,-16.13765332082833
-38.60894390531453,-16.13742882105882
-38.60397160377638,-16.137204175245866
-38.59899930223823,-16.136979383324356
-38.59402700070007,-16.136754445229172
-38.58905469916192,-16.136529360895082
-38.58408239762377,-16.136304130256903
-38.579110096085614,-16.136078753249432
-38.574137794547454,-16.13585322980741
-38.5691654930093,-16.13562755986551
-38.56419319147115,-16.135401743358475
-38.559220889932995,-16.13517578022098
-38.55424858839484,-16.13494967038764
-38.54927628685669,-16.134723413793097
-38.544303985318535,-16.13449701037194
-38.53933168378038,-16.134270460058765
-38.53435938224223,-16.134043762788068
-38.52938708070407,-16.133816918494414
-38.52441477916592,-16.13358992711229
-38.51944247762776,-16.13336278857617
-38.51447017608961,-16.133135502820473
-38.50949787455146,-16.132908069779642
-38.504525573013304,-16.13268048938808
-38.49955327147515,-16.132452761580154
-38.494580969937,-16.13222488629019
-38.489608668398844,-16.131996863452514
-38.484636366860684,-16.131768693001455
-38.47966406532254,-16.13154037487124
-38.47469176378438,-16.131311908996125
-38.469719462246225,-16.13108329531034
-38.46474716070807,-16.130854533748103
-38.45977485916992,-16.130625624243514
-38.454802557631766,-16.130396566730774
-38.44983025609361,-16.130167361143975
-38.44485795455546,-16.129938007417238
-38.439885653017306,-16.1297085054846
-38.43491335147915,-16.129478855280123
-38.42994104994099,-16.12924905673782
-38.42496874840284,-16.129019109791706
-38.41999644686469,-16.128789014375702
-38.415024145326534,-16.12855877042378
-38.41005184378838,-16.128328377869853
-38.40507954225023,-16.12809783664782
-38.400107240712074,-16.12786714669152
-38.39513493917392,-16.127636307934818
-38.39016263763577,-16.12740532031155
-38.38519033609761,-16.127174183755457
-38.38021803455946,-16.126942898200337
-38.3752457330213,-16.126711463579912
-38.37027343148315,-16.126479879827926
-38.365301129944996,-16.126248146878037
-38.36032882840684,-16.126016264663924
-38.35535652686869,-16.125784233119212
-38.35038422533054,-16.12555205217754
-38.34541192379238,-16.125319721772478
-38.34043962225423,-16.125087241837583
-38.33546732071608,-16.124854612306418
-38.33049501917792,-16.124621833112467
-38.325522717639764,-16.124388904189228
-38.32055041610161,-16.124155825470154
-38.31557811456346,-16.123922596888697
-38.310605813025305,-16.12368921837825
-38.30563351148715,-16.123455689872213
-38.300661209949,-16.123222011303923
-38.295688908410845,-16.12298818260675
-38.29071660687269,-16.12275420371398
-38.28574430533453,-16.122520074558874
-38.280772003796386,-16.122285795074728
-38.275799702258226,-16.122051365194768
-38.27082740072007,-16.12181678485219
-38.26585509918192,-16.12158205398018
-38.26088279764377,-16.12134717251189
-38.255910496105614,-16.121112140380443
-38.25093819456746,-16.120876957518966
-38.24596589302931,-16.120641623860514
-38.24099359149115,-16.12040613933817
-38.236021289953,-16.120170503884946
-38.23104898841484,-16.11993471743383
-38.22607668687669,-16.11969877991781
-38.221104385338535,-16.119462691269863
-38.21613208380038,-16.119226451422886
-38.21115978226223,-16.118990060309777
-38.206187480724076,-16.118753517863425
-38.20121517918592,-16.11851682401669
-38.19624287764777,-16.118279978702372
-38.191270576109616,-16.11804298185328
-38.186298274571456,-16.11780583340221
-38.1813259730333,-16.117568533281865
-38.17635367149515,-16.117331081425
-38.171381369957,-16.11709347776428
-38.166409068418844,-16.116855722232422
-38.16143676688069,-16.116617814762037
-38.15646446534254,-16.11637975528575
-38.151492163804384,-16.11614154373615
-38.14651986226623,-16.115903180045827
-38.14154756072807,-16.115664664147303
-38.136575259189925,-16.115425995973098
-38.131602957651765,-16.115187175455706
-38.12663065611361,-16.1149482025276
-38.12165835457546,-16.11470907712121
-38.116686053037306,-16.114469799168944
-38.11171375149915,-16.114230368603206
-38.106741449961,-16.113990785356368
-38.10176914842285,-16.113751049360737
-38.09679684688469,-16.113511160548647
-38.09182454534654,-16.11327111885237
-38.08685224380838,-16.113030924204168
-38.08187994227023,-16.11279057653629
-38.076907640732074,-16.112550075780934
-38.07193533919392,-16.112309421870286
-38.06696303765577,-16.112068614736483
-38.061990736117615,-16.111827654311693
-38.05701843457946,-16.111586540527988
-38.05204613304131,-16.111345273317472
-38.047073831503155,-16.11110385261219
-38.042101529964995,-16.11086227834418
-38.03712922842685,-16.110620550445407
-38.03215692688869,-16.110378668847904
-38.027184625350536,-16.110136633483577
-38.02221232381238,-16.109894444284375
-38.01724002227423,-16.109652101182196
-38.01226772073608,-16.10940960410889
-38.00729541919792,-16.109166952996336
-38.00232311765977,-16.10892414777633
-37.99735081612161,-16.108681188380704
-37.992378514583464,-16.10843807474119
-37.987406213045304,-16.108194806789538
-37.98243391150715,-16.107951384457476
-37.977461609969,-16.107707807676718
-37.972489308430845,-16.107464076378896
-37.96751700689269,-16.107220190495664
-37.96254470535454,-16.106976149958626
-37.957572403816386,-16.106731954699416
-37.95260010227823,-16.106487604649537
-37.94762780074008,-16.106243099740546
-37.94265549920192,-16.105998439903967
-37.937683197663766,-16.10575362507129
-37.93271089612561,-16.10550865517396
-37.92773859458746,-16.105263530143404
-37.92276629304931,-16.105018249911048
-37.917793991511154,-16.10477281440827
-37.912821689973,-16.104527223566425
-37.90784938843485,-16.10428147731683
-37.902877086896694,-16.1040355755908
-37.897904785358534,-16.103789518319623
-37.89293248382039,-16.10354330543453
-37.88796018228223,-16.103296936866744
-37.882987880744075,-16.103050412547503
-37.87801557920592,-16.102803732407935
-37.87304327766777,-16.10255689637922
-37.868070976129616,-16.102309904392445
-37.86309867459146,-16.102062756378764
-37.85812637305331,-16.101815452269182
-37.853154071515156,-16.10156799199479
-37.848181769977,-16.101320375486573
-37.84320946843884,-16.101072602675547
-37.83823716690069,-16.100824673492667
-37.83326486536254,-16.100576587868876
-37.828292563824384,-16.100328345735072
-37.82332026228623,-16.10007994702216
-37.81834796074808,-16.099831391661006
-37.813375659209925,-16.099582679582422
-37.80840335767177,-16.099333810717226
-37.80343105613362,-16.099084784996236
-37.79845875459546,-16.09883560235016
-37.79348645305731,-16.09858626270975
-37.78851415151915,-16.098336766005684
-37.783541849981,-16.09808711216871
-37.778569548442846,-16.097837301129395
-37.77359724690469,-16.097587332818414
-37.76862494536654,-16.097337207166365
-37.76365264382839,-16.097086924103806
-37.75868034229023,-16.09683648356131
-37.75370804075207,-16.096585885469374
-37.74873573921393,-16.096335129758486
-37.74376343767577,-16.096084216359152
-37.738791136137614,-16.09583314520177
-37.73381883459946,-16.095581916216794
-37.72884653306131,-16.0953305293346
-37.723874231523155,-16.09507898448556
-37.718901929985,-16.09482728159998
-37.71392962844685,-16.094575420608212
-37.708957326908696,-16.094323401440526
-37.70398502537054,-16.094071224027186
-37.69901272383238,-16.093818888298408
-37.69404042229423,-16.09356639418441
-37.689068120756076,-16.093313741615404
-37.68409581921792,-16.09306093052147
-37.67912351767977,-16.092807960832797
-37.67415121614162,-16.092554832479465
-37.669178914603464,-16.092301545391567
-37.66420661306531,-16.092048099499138
-37.65923431152716,-16.09179449473218
-37.654262009989,-16.09154073102072
-37.64928970845085,-16.091286808294736
-37.64431740691269,-16.09103272648414
-37.63934510537454,-16.090778485518864
-37.634372803836385,-16.090524085328788
-37.62940050229823,-16.090269525843816
-37.62442820076008,-16.090014806993736
-37.619455899221926,-16.0897599287084
-37.61448359768377,-16.089504890917564
-37.60951129614562,-16.089249693550997
-37.604538994607466,-16.088994336538423
-37.599566693069306,-16.088738819809574
-37.59459439153115,-16.088483143294116
-37.589622089993,-16.088227306921702
-37.58464978845485,-16.087971310621967
-37.579677486916694,-16.087715154324492
-37.57470518537854,-16.087458837958852
-37.56973288384039,-16.08720236145464
-37.564760582302235,-16.08694572474131
-37.55978828076408,-16.08668892774841
-37.55481597922592,-16.086431970405382
-37.549843677687775,-16.086174852641676
-37.544871376149615,-16.085917574386706
-37.53989907461146,-16.085660135569867
-37.53492677307331,-16.085402536120508
-37.529954471535156,-16.085144775967986
-37.524982169997,-16.08488685504159
-37.52000986845885,-16.084628773270616
-37.5150375669207,-16.084370530584323
-37.510065265382536,-16.084112126911908
-37.50509296384439,-16.08385356218264
-37.50012066230623,-16.083594836325634
-37.49514836076808,-16.083335949270072
-37.490176059229924,-16.08307690094506
-37.48520375769177,-16.082817691279736
-37.48023145615362,-16.082558320203116
-37.475259154615465,-16.082298787644266
-37.47028685307731,-16.082039093532206
-37.46531455153916,-16.081779237795942
-37.460342250001005,-16.081519220364406
-37.455369948462845,-16.081259041166565
-37.45039764692469,-16.08099870013132
-37.44542534538654,-16.08073819718756
-37.440453043848386,-16.080477532264123
-37.43548074231023,-16.080216705289864
-37.43050844077208,-16.079955716193584
-37.42553613923393,-16.079694564904074
-37.420563837695774,-16.07943325135003
-37.41559153615762,-16.07917177546023
-37.41061923461946,-16.078910137163362
-37.405646933081314,-16.078648336388103
-37.400674631543154,-16.07838637306307
-37.395702330005,-16.07812424711691
-37.39073002846685,-16.077861958478195
-37.385757726928695,-16.077599507075515
-37.38078542539054,-16.077336892837383
-37.37581312385239,-16.077074115692326
-37.370840822314236,-16.076811175568807
-37.36586852077608,-16.0765480723953
-37.36089621923793,-16.07628480610026
-37.35592391769977,-16.076021376612054
-37.350951616161616,-16.07575778385905
-37.34597931462346,-16.07549402776965
-37.34100701308531,-16.075230108272155
-37.33603471154716,-16.07496602529484
-37.331062410009004,-16.074701778765988
-37.32609010847085,-16.074437368613857
-37.3211178069327,-16.074172794766675
-37.316145505394545,-16.073908057152597
-37.311173203856384,-16.073643155699806
-37.30620090231824,-16.073378090336426
-37.30122860078008,-16.073112860990587
-37.296256299241925,-16.072847467590357
-37.29128399770377,-16.072581910063793
-37.28631169616562,-16.072316188338927
-37.281339394627466,-16.07205030234377
-37.27636709308931,-16.071784252006292
-37.27139479155116,-16.07151803725445
-37.266422490013,-16.07125165801615
-37.26145018847485,-16.070985114219283
-37.25647788693669,-16.070718405791755
-37.25150558539854,-16.070451532661334
-37.24653328386039,-16.07018449475593
-37.241560982322234,-16.069917292003254
-37.23658868078408,-16.069649924331113
-37.23161637924593,-16.069382391667208
-37.226644077707775,-16.069114693939284
-37.22167177616962,-16.068846831074968
-37.21669947463147,-16.068578803001966
-37.21172717309331,-16.068310609647867
-37.206754871555155,-16.068042250940298
-37.201782570017,-16.067773726806816
-37.19681026847885,-16.067505037174964
-37.191837966940696,-16.067236181972266
-37.18686566540254,-16.0669671611262
-37.18189336386439,-16.066697974564267
-37.17692106232624,-16.066428622213856
-37.171948760788084,-16.066159104002402
-37.16697645924992,-16.0658894198573
-37.16200415771178,-16.06561956970589
-37.15703185617362,-16.065349553475503
-37.152059554635464,-16.065079371093447
-37.14708725309731,-16.064809022487005
-37.14211495155916,-16.064538507583393
-37.137142650021005,-16.064267826309855
-37.13217034848285,-16.06399697859359
-37.1271980469447,-16.063725964361762
-37.122225745406546,-16.063454783541502
-37.11725344386839,-16.063183436059933
-37.11228114233023,-16.062911921844144
-37.10730884079208,-16.062640240821167
-37.102336539253926,-16.06236839291808
-37.09736423771577,-16.06209637806185
-37.09239193617762,-16.06182419617945
-37.08741963463947,-16.061551847197865
-37.082447333101314,-16.061279331043984
-37.07747503156316,-16.06100664764474
-37.07250273002501,-16.060733796926968
-37.06753042848685,-16.06046077881752
-37.0625581269487,-16.060187593243214
-37.05758582541054,-16.05991424013085
-37.05261352387239,-16.05964071940716
-37.047641222334235,-16.059367030998903
-37.04266892079608,-16.059093174832764
-37.03769661925793,-16.058819150835433
-37.032724317719776,-16.058544958933577
-37.02775201618162,-16.058270599053788
-37.02277971464346,-16.057996071122695
-37.01780741310532,-16.057721375066837
-37.012835111567156,-16.05744651081279
-37.007862810029,-16.05717147828705
-37.00289050849085,-16.056896277416115
-36.9979182069527,-16.056620908126423
-36.992945905414544,-16.056345370344435
-36.98797360387639,-16.05606966399655
-36.98300130233824,-16.05579378900914
-36.978029000800085,-16.05551774530857
-36.97305669926193,-16.05524153282114
-36.96808439772377,-16.054965151473166
-36.96311209618562,-16.054688601190936
-36.958139794647465,-16.05441188190067
-36.95316749310931,-16.054134993528592
-36.94819519157116,-16.05385793600087
-36.943222890033006,-16.053580709243697
-36.93825058849485,-16.05330331318318
-36.9332782869567,-16.05302574774544
-36.92830598541855,-16.05274801285656
-36.92333368388039,-16.052470108442588
-36.91836138234224,-16.05219203442953
-36.91338908080408,-16.051913790743424
-36.90841677926593,-16.05163537731018
-36.903444477727774,-16.051356794055803
-36.89847217618962,-16.05107804090617
-36.89349987465147,-16.05079911778717
-36.888527573113315,-16.050520024624703
-36.88355527157516,-16.050240761344543
-36.87858297003701,-16.049961327872527
-36.873610668498856,-16.049681724134434
-36.868638366960695,-16.04940195005601
-36.86366606542254,-16.04912200556298
-36.85869376388439,-16.048841890581038
-36.853721462346236,-16.048561605035854
-36.84874916080808,-16.048281148853054
-36.84377685926993,-16.048000521958276
-36.83880455773178,-16.0477197242771
-36.833832256193624,-16.047438755735072
-36.82885995465547,-16.047157616257724
-36.82388765311731,-16.046876305770578
-36.818915351579165,-16.04659482419908
-36.813943050041004,-16.046313171468718
-36.80897074850285,-16.046031347504872
-36.8039984469647,-16.045749352232964
-36.799026145426545,-16.045467185578357
-36.79405384388839,-16.045184847466377
-36.78908154235024,-16.04490233782235
-36.784109240812086,-16.044619656571538
-36.779136939273926,-16.044336803639215
-36.77416463773578,-16.04405377895061
-36.76919233619762,-16.043770582430902
-36.764220034659466,-16.043487214005307
-36.75924773312131,-16.04320367359894
-36.75427543158316,-16.042919961136892
-36.74930313004501,-16.042636076544305
-36.744330828506854,-16.04235201974622
-36.7393585269687,-16.042067790667684
-36.73438622543055,-16.041783389233704
-36.729413923892395,-16.041498815369216
-36.724441622354234,-16.04121406899923
-36.71946932081608,-16.04092915004864
-36.71449701927793,-16.04064405844235
-36.709524717739775,-16.040358794105245
-36.70455241620162,-16.040073356962147
-36.69958011466347,-16.039787746937865
-36.694607813125316,-16.0395019639572
-36.68963551158716,-16.03921600794492
-36.68466321004901,-16.038929878825755
-36.67969090851085,-16.03864357652437
-36.674718606972704,-16.038357100965467
-36.66974630543454,-16.038070452073708
-36.66477400389639,-16.0377836297737
-36.65980170235824,-16.03749663399004
-36.654829400820084,-16.03720946464729
-36.64985709928193,-16.036922121669996
-36.64488479774378,-16.036634604982634
-36.639912496205625,-16.03634691450973
-36.63494019466747,-16.03605905017572
-36.62996789312932,-16.035771011905034
-36.62499559159116,-16.03548279962206
-36.620023290053005,-16.035194413251162
-36.61505098851485,-16.03490585271672
-36.6100786869767,-16.034617117943004
-36.605106385438546,-16.03432820885434
-36.60013408390039,-16.034039125374978
-36.59516178236224,-16.03374986742912
-36.59018948082409,-16.033460434941013
-36.585217179285934,-16.033170827834795
-36.580244877747774,-16.032881046034642
-36.57527257620963,-16.03259108946466
-36.57030027467147,-16.03230095804896
-36.565327973133314,-16.0320106517116
-36.56035567159516,-16.031720170376595
-36.55538337005701,-16.03142951396798
-36.550411068518855,-16.031138682409726
-36.5454387669807,-16.03084767562578
-36.54046646544255,-16.0305564935401
-36.53549416390439,-16.030265136076533
-36.53052186236624,-16.029973603158993
-36.52554956082808,-16.029681894711292
-36.52057725928993,-16.029390010657263
-36.515604957751776,-16.029097950920693
-36.51063265621362,-16.02880571542533
-36.50566035467547,-16.028513304094915
-36.50068805313732,-16.028220716853117
-36.495715751599164,-16.027927953623657
-36.49074345006101,-16.027635014330162
-36.48577114852286,-16.027341898896236
-36.4807988469847,-16.02704860724552
-36.475826545446544,-16.026755139301518
-36.47085424390839,-16.026461494987775
-36.46588194237024,-16.026167674227818
-36.460909640832085,-16.025873676945118
-36.45593733929393,-16.025579503063145
-36.45096503775578,-16.025285152505287
-36.445992736217626,-16.024990625194953
-36.44102043467947,-16.02469592105551
-36.43604813314131,-16.024401040010293
-36.43107583160317,-16.024105981982633
-36.42610353006501,-16.023810746895794
-36.42113122852685,-16.023515334673025
-36.4161589269887,-16.02321974523757
-36.41118662545055,-16.022923978512612
-36.406214323912394,-16.02262803442132
-36.40124202237424,-16.022331912886866
-36.39626972083609,-16.022035613832337
-36.391297419297935,-16.021739137180813
-36.38632511775978,-16.021442482855395
-36.38135281622162,-16.021145650779044
-36.37638051468347,-16.020848640874824
-36.371408213145315,-16.020551453065693
-36.36643591160716,-16.020254087274548
-36.36146361006901,-16.01995654342439
-36.356491308530856,-16.019658821438046
-36.3515190069927,-16.019360921238412
-36.34654670545455,-16.019062842748298
-36.3415744039164,-16.018764585890526
-36.33660210237824,-16.018466150587837
-36.33162980084009,-16.01816753676304
-36.32665749930193,-16.017868744338795
-36.32168519776378,-16.017569773237838
-36.316712896225624,-16.017270623382846
-36.31174059468747,-16.016971294696393
-36.30676829314932,-16.016671787101117
-36.301795991611165,-16.016372100519604
-36.29682369007301,-16.016072234874414
-36.29185138853485,-16.015772190088054
-36.286879086996706,-16.01547196608302
-36.281906785458546,-16.015171562781788
-36.27693448392039,-16.01487098010679
-36.27196218238224,-16.014570217980435
-36.266989880844086,-16.014269276325095
-36.26201757930593,-16.013968155063143
-36.25704527776778,-16.0136668541169
-36.25207297622963,-16.01336537340867
-36.247100674691474,-16.013063712860696
-36.24212837315332,-16.012761872395245
-36.23715607161516,-16.012459851934512
-36.23218377007701,-16.01215765140068
-36.227211468538854,-16.011855270715923
-36.2222391670007,-16.011552709802352
-36.21726686546255,-16.011249968582074
-36.212294563924395,-16.010947046977165
-36.20732226238624,-16.010643944909656
-36.20234996084809,-16.010340662301562
-36.197377659309936,-16.010037199074873
-36.192405357771776,-16.00973355515154
-36.18743305623363,-16.0094297304535
-36.18246075469547,-16.009125724902646
-36.177488453157316,-16.00882153842086
-36.17251615161916,-16.00851717092997
-36.16754385008101,-16.008212622351827
-36.16257154854286,-16.00790789260816
-36.157599247004704,-16.007602981620774
-36.15262694546655,-16.007297889311385
-36.1476546439284,-16.00699261560169
-36.142682342390245,-16.006687160413367
-36.137710040852085,-16.00638152366807
-36.13273773931393,-16.0060757052874
-36.12776543777578,-16.005769705192964
-36.122793136237625,-16.0054635233063
-36.11782083469947,-16.00515715954894
-36.11284853316132,-16.004850613842407
-36.107876231623166,-16.00454388610815
-36.10290393008501,-16.00423697626762
-36.09793162854686,-16.00392988424226
-36.0929593270087,-16.003622609953432
-36.087987025470554,-16.00331515332252
-36.08301472393239,-16.003007514270823
-36.07804242239424,-16.002699692719677
-36.07307012085609,-16.00239168859033
-36.068097819317934,-16.002083501804044
-36.06312551777978,-16.00177513228203
-36.05815321624163,-16.001466579945472
-36.053180914703475,-16.001157844715543
-36.048208613165315,-16.000848926513353
-36.04323631162717,-16.00053982526004
-36.03826401008901,-16.000230540876654
-36.033291708550856,-15.999921073284257
-36.0283194070127,-15.999611422403854
-36.02334710547455,-15.99930158815642
-36.018374803936396,-15.998991570462941
-36.01340250239824,-15.998681369244343
-36.00843020086009,-15.998370984421523
-36.00345789932194,-15.998060415915363
-35.998485597783784,-15.997749663646701
-35.993513296245624,-15.997438727536377
-35.98854099470747,-15.997127607505137
-35.98356869316932,-15.996816303473768
-35.978596391631164,-15.996504815363002
-35.97362409009301,-15.99619314309353
-35.96865178855486,-15.995881286586041
-35.963679487016705,-15.995569245761175
-35.95870718547855,-15.995257020539531
-35.9537348839404,-15.994944610841737
-35.94876258240224,-15.994632016588303
-35.94379028086409,-15.9943192376998
-35.93881797932593,-15.994006274096725
-35.93384567778778,-15.993693125699524
-35.928873376249626,-15.993379792428668
-35.92390107471147,-15.99306627420455
-35.91892877317332,-15.992752570947589
-35.91395647163517,-15.992438682578097
-35.908984170097014,-15.992124609016438
-35.904011868558854,-15.991810350182911
-35.89903956702071,-15.991495905997795
-35.89406726548255,-15.9911812763813
-35.889094963944395,-15.990866461253669
-35.88412266240624,-15.99055146053509
-35.87915036086809,-15.990236274145701
-35.874178059329935,-15.989920902005633
-35.86920575779178,-15.98960534403498
-35.86423345625363,-15.989289600153844
-35.859261154715476,-15.988973670282238
-35.85428885317732,-15.988657554340188
-35.84931655163916,-15.988341252247656
-35.84434425010102,-15.988024763924626
-35.83937194856286,-15.987708089291006
-35.8343996470247,-15.987391228266707
-35.82942734548655,-15.987074180771577
-35.8244550439484,-15.986756946725494
-35.819482742410244,-15.98643952604821
-35.81451044087209,-15.986121918659562
-35.80953813933394,-15.985804124479268
-35.80456583779578,-15.985486143427057
-35.79959353625763,-15.985167975422648
-35.79462123471947,-15.984849620385692
-35.78964893318132,-15.984531078235824
-35.784676631643165,-15.98421234889265
-35.77970433010501,-15.983893432275753
-35.77473202856686,-15.983574328304694
-35.769759727028706,-15.983255036898981
-35.76478742549055,-15.982935557978108
-35.7598151239524,-15.982615891461547
-35.75484282241425,-15.982296037268721
-35.74987052087609,-15.98197599531904
-35.744898219337934,-15.981655765531908
-35.73992591779978,-15.981335347826624
-35.73495361626163,-15.981014742122541
-35.729981314723474,-15.980693948338914
-35.72500901318532,-15.980372966395066
-35.72003671164717,-15.980051796210175
-35.715064410109015,-15.979730437703468
-35.71009210857086,-15.979408890794096
-35.7051198070327,-15.979087155401224
-35.700147505494556,-15.978765231443958
-35.695175203956396,-15.978443118841414
-35.69020290241824,-15.97812081751261
-35.68523060088009,-15.977798327376584
-35.680258299341936,-15.97747564835236
-35.67528599780378,-15.977152780358864
-35.67031369626563,-15.976829723315085
-35.66534139472748,-15.976506477139916
-35.66036909318932,-15.97618304175223
-35.65539679165117,-15.975859417070891
-35.65042449011301,-15.975535603014725
-35.64545218857486,-15.975211599502513
-35.640479887036705,-15.974887406453046
-35.63550758549855,-15.974563023785041
-35.6305352839604,-15.974238451417218
-35.625562982422245,-15.973913689268256
-35.62059068088409,-15.973588737256803
-35.61561837934594,-15.973263595301482
-35.610646077807786,-15.972938263320883
-35.605673776269626,-15.972612741233561
-35.60070147473148,-15.972287028958066
-35.59572917319332,-15.971961126412891
-35.59075687165517,-15.97163503351651
-35.58578457011701,-15.971308750187378
-35.58081226857886,-15.970982276343898
-35.57583996704071,-15.970655611904466
-35.570867665502554,-15.97032875678745
-35.5658953639644,-15.970001710911177
-35.56092306242624,-15.96967447419392
-35.555950760888095,-15.969347046553986
-35.550978459349935,-15.969019427909592
-35.54600615781178,-15.96869161817896
-35.54103385627363,-15.968363617280268
-35.536061554735475,-15.968035425131681
-35.53108925319732,-15.967707041651316
-35.52611695165917,-15.967378466757248
-35.521144650121016,-15.967049700367586
-35.51617234858286,-15.966720742400339
-35.51120004704471,-15.96639159277351
-35.50622774550655,-15.966062251405077
-35.5012554439684,-15.965732718213015
-35.496283142430244,-15.965402993115228
-35.49131084089209,-15.965073076029576
-35.48633853935394,-15.964742966873965
-35.481366237815784,-15.9644126655662
-35.47639393627763,-15.964082172024112
-35.47142163473948,-15.963751486165433
-35.466449333201325,-15.96342060790793
-35.461477031663165,-15.963089537169308
-35.45650473012502,-15.962758273867275
-35.45153242858686,-15.962426817919448
-35.446560127048706,-15.962095169243486
-35.44158782551055,-15.961763327756948
-35.4366155239724,-15.96143129337745
-35.431643222434246,-15.961099066022491
-35.42667092089609,-15.960766645609606
-35.42169861935794,-15.960434032056254
-35.41672631781978,-15.960101225279898
-35.411754016281634,-15.959768225197939
-35.406781714743474,-15.959435031727786
-35.40180941320532,-15.95910164478679
-35.39683711166717,-15.958768064292292
-35.391864810129015,-15.958434290161575
-35.38689250859086,-15.95810032231193
-35.38192020705271,-15.957766160660608
-35.376947905514555,-15.957431805124793
-35.3719756039764,-15.957097255621704
-35.36700330243825,-15.956762512068465
-35.36203100090009,-15.9564275743822
-35.35705869936194,-15.956092442480037
-35.35208639782378,-15.955757116279033
-35.34711409628563,-15.955421595696192
-35.34214179474748,-15.955085880648554
-35.33716949320932,-15.954749971053078
-35.33219719167117,-15.954413866826728
-35.32722489013302,-15.954077567886428
-35.322252588594864,-15.953741074149047
-35.317280287056704,-15.953404385531444
-35.31230798551856,-15.953067501950459
-35.3073356839804,-15.952730423322889
-35.302363382442245,-15.95239314956551
-35.29739108090409,-15.952055680595059
-35.29241877936594,-15.951718016328241
-35.287446477827785,-15.95138015668176
-35.28247417628963,-15.951042101572225
-35.27750187475148,-15.950703850916307
-35.272529573213326,-15.950365404630583
-35.26755727167517,-15.9500267626316
-35.26258497013701,-15.949687924835898
-35.25761266859886,-15.949348891159994
-35.25264036706071,-15.949009661520353
-35.247668065522554,-15.948670235833424
-35.2426957639844,-15.94833061401561
-35.23772346244625,-15.947990795983316
-35.232751160908094,-15.947650781652884
-35.22777885936994,-15.947310570940658
-35.22280655783179,-15.94697016376289
-35.21783425629363,-15.946629560035898
-35.21286195475548,-15.946288759675886
-35.20788965321732,-15.945947762599083
-35.20291735167917,-15.945606568721647
-35.197945050141016,-15.945265177959751
-35.19297274860286,-15.944923590229498
-35.18800044706471,-15.944581805446973
-35.183028145526556,-15.944239823528234
-35.1780558439884,-15.943897644389319
-35.17308354245024,-15.943555267946213
-35.1681112409121,-15.943212694114894
-35.16313893937394,-15.942869922811312
-35.158166637835784,-15.942526953951369
-35.15319433629763,-15.942183787450942
-35.14822203475948,-15.94184042322588
-35.143249733221325,-15.941496861192
-35.13827743168317,-15.941153101265105
-35.13330513014502,-15.940809143360953
-35.128332828606865,-15.940464987395258
-35.12336052706871,-15.940120633283744
-35.11838822553055,-15.939776080942066
-35.113415923992406,-15.939431330285872
-35.108443622454246,-15.939086381230787
-35.10347132091609,-15.938741233692376
-35.09849901937794,-15.938395887586195
-35.09352671783979,-15.938050342827738
-35.08855441630163,-15.937704599332548
-35.08358211476348,-15.937358657016068
-35.07860981322533,-15.937012515793738
-35.07363751168717,-15.936666175580925
-35.06866521014902,-15.936319636293042
-35.06369290861086,-15.935972897845396
-35.05872060707271,-15.93562596015335
-35.053748305534555,-15.93527882313214
-35.0487760039964,-15.934931486697035
-35.04380370245825,-15.934583950763264
-35.038831400920095,-15.93423621524601
-35.03385909938194,-15.933888280060444
-35.02888679784379,-15.933540145121693
-35.023914496305636,-15.933191810344878
-35.018942194767476,-15.932843275645043
-35.01396989322932,-15.93249454093724
-35.00899759169117,-15.932145606136496
-35.00402529015302,-15.93179647115778
-34.999052988614864,-15.931447135916066
-34.99408068707671,-15.931097600326256
-34.98910838553856,-15.930747864303253
-34.984136084000404,-15.930397927761934
-34.97916378246225,-15.930047790617095
-34.97419148092409,-15.929697452783566
-34.969219179385945,-15.92934691417612
-34.964246877847785,-15.928996174709479
-34.95927457630963,-15.928645234298388
-34.95430227477148,-15.92829409285752
-34.949329973233326,-15.927942750301513
-34.94435767169517,-15.927591206544989
-34.93938537015702,-15.927239461502564
-34.934413068618866,-15.926887515088785
-34.929440767080706,-15.926535367218206
-34.92446846554256,-15.926183017805295
-34.9194961640044,-15.925830466764548
-34.91452386246625,-15.92547771401038
-34.909551560928094,-15.925124759457253
-34.90457925938994,-15.924771603019511
-34.89960695785179,-15.92441824461152
-34.894634656313634,-15.924064684147577
-34.88966235477548,-15.923710921541996
-34.88469005323733,-15.923356956709044
-34.879717751699175,-15.92300278956295
-34.874745450161015,-15.922648420017923
-34.86977314862287,-15.922293847988099
-34.86480084708471,-15.921939073387652
-34.859828545546556,-15.921584096130674
-34.8548562440084,-15.921228916131266
-34.84988394247025,-15.920873533303459
-34.8449116409321,-15.920517947561283
-34.83993933939394,-15.920162158818716
-34.83496703785579,-15.919806166989726
-34.82999473631763,-15.919449971988264
-34.825022434779484,-15.919093573728201
-34.820050133241324,-15.91873697212341
-34.81507783170317,-15.91838016708775
-34.81010553016502,-15.918023158534995
-34.805133228626865,-15.917665946378948
-34.80016092708871,-15.917308530533367
-34.79518862555056,-15.916950910911918
-34.790216324012405,-15.916593087428339
-34.78524402247425,-15.916235059996295
-34.7802717209361,-15.915876828529374
-34.77529941939794,-15.91551839294119
-34.770327117859786,-15.915159753145312
-34.76535481632163,-15.914800909055273
-34.76038251478348,-15.914441860584585
-34.75541021324533,-15.914082607646687
-34.750437911707174,-15.913723150155075
-34.74546561016902,-15.913363488023151
-34.74049330863087,-15.913003621164291
-34.735521007092714,-15.912643549491838
-34.730548705554554,-15.912283272919144
-34.72557640401641,-15.911922791359482
-34.72060410247825,-15.911562104726102
-34.715631800940095,-15.91120121293225
-34.71065949940194,-15.910840115891142
-34.70568719786379,-15.910478813515942
-34.700714896325636,-15.910117305719801
-34.69574259478748,-15.909755592415797
-34.69077029324933,-15.909393673517048
-34.68579799171117,-15.909031548936586
-34.68082569017302,-15.908669218587407
-34.67585338863486,-15.908306682382548
-34.67088108709671,-15.907943940234933
-34.66590878555856,-15.907580992057527
-34.660936484020404,-15.907217837763195
-34.65596418248225,-15.906854477264801
-34.6509918809441,-15.906490910475204
-34.646019579405944,-15.9061271373072
-34.64104727786779,-15.905763157673565
-34.63607497632964,-15.905398971487054
-34.63110267479148,-15.905034578660365
-34.62613037325333,-15.904669979106204
-34.62115807171517,-15.904305172737205
-34.61618577017702,-15.903940159465986
-34.611213468638866,-15.90357493920517
-34.60624116710071,-15.903209511867301
-34.60126886556256,-15.902843877364917
-34.59629656402441,-15.902478035610514
-34.59132426248625,-15.902111986516575
-34.58635196094809,-15.901745729995529
-34.58137965940995,-15.901379265959777
-34.57640735787179,-15.90101259432171
-34.571435056333634,-15.90064571499369
-34.56646275479548,-15.900278627888005
-34.56149045325733,-15.899911332916963
-34.556518151719175,-15.899543829992831
-34.55154585018102,-15.899176119027802
-34.54657354864287,-15.898808199934104
-34.541601247104715,-15.89844007262389
-34.53662894556656,-15.89807173700931
-34.5316566440284,-15.897703193002435
-34.52668434249025,-15.897334440515325
-34.521712040952096,-15.896965479460105
-34.51673973941394,-15.896596309748709
-34.51176743787579,-15.89622693129315
-34.50679513633764,-15.89585734400538
-34.50182283479948,-15.89548754779731
-34.49685053326133,-15.895117542580829
-34.49187823172318,-15.894747328267789
-34.48690593018502,-15.894376904770054
-34.48193362864687,-15.894006271999384
-34.47696132710871,-15.893635429867567
-34.47198902557056,-15.893264378286302
-34.467016724032405,-15.892893117167347
-34.46204442249425,-15.89252164642235
-34.4570721209561,-15.892149965962965
-34.452099819417946,-15.891778075700774
-34.44712751787979,-15.89140597554738
-34.44215521634163,-15.89103366541434
-34.437182914803486,-15.890661145213205
-34.432210613265326,-15.890288414855407
-34.42723831172717,-15.88991547425243
-34.42226601018902,-15.889542323315688
-34.41729370865087,-15.889168961956633
-34.412321407112714,-15.88879539008656
-34.40734910557456,-15.888421607616852
-34.40237680403641,-15.888047614458802
-34.397404502498254,-15.887673410523673
-34.3924322009601,-15.887298995722722
-34.38745989942194,-15.886924369967158
-34.382487597883795,-15.886549533168179
-34.377515296345635,-15.886174485236921
-34.37254299480748,-15.885799226084481
-34.36757069326933,-15.885423755622002
-34.362598391731176,-15.8850480737605
-34.35762609019302,-15.884672180411032
-34.35265378865487,-15.88429607548456
-34.347681487116716,-15.883919758892079
-34.342709185578556,-15.883543230544529
-34.33773688404041,-15.883166490352792
-34.33276458250225,-15.882789538227758
-34.3277922809641,-15.882412374080245
-34.322819979425944,-15.882034997821098
-34.31784767788779,-15.88165740936109
-34.31287537634964,-15.881279608610967
-34.307903074811485,-15.880901595481427
-34.30293077327333,-15.88052336988319
-34.29795847173518,-15.880144931726893
-34.292986170197025,-15.87976628092319
-34.288013868658865,-15.879387417382631
-34.28304156712071,-15.879008341015814
-34.27806926558256,-15.87862905173327
-34.273096964044406,-15.878249549445497
-34.26812466250625,-15.877869834062963
-34.2631523609681,-15.877489905496109
-34.25818005942995,-15.87710976365534
-34.25320775789179,-15.87672940845105
-34.24823545635364,-15.876348839793588
-34.24326315481548,-15.875968057593232
-34.238290853277334,-15.875587061760333
-34.233318551739174,-15.875205852205088
-34.22834625020102,-15.874824428837737
-34.22337394866287,-15.874442791568486
-34.218401647124715,-15.87406094030748
-34.21342934558656,-15.873678874964869
-34.20845704404841,-15.873296595450748
-34.203484742510256,-15.872914101675143
-34.198512440972095,-15.87253139354815
-34.19354013943395,-15.872148470979733
-34.18856783789579,-15.87176533387991
-34.183595536357636,-15.871381982158589
-34.17862323481948,-15.870998415725694
-34.17365093328133,-15.870614634491107
-34.16867863174318,-15.870230638364681
-34.163706330205024,-15.869846427256224
-34.15873402866687,-15.869462001075554
-34.15376172712872,-15.869077359732405
-34.148789425590564,-15.868692503136485
-34.143817124052404,-15.868307431197536
-34.13884482251426,-15.867922143825187
-34.1338725209761,-15.867536640929078
-34.128900219437945,-15.867150922418812
-34.12392791789979,-15.866764988203965
-34.11895561636164,-15.866378838194075
-34.113983314823486,-15.865992472298634
-34.10901101328533,-15.865605890427144
-34.10403871174718,-15.86521909248905
-34.09906641020902,-15.864832078393732
-34.09409410867087,-15.864444848050612
-34.08912180713271,-15.864057401369031
-34.08414950559456,-15.863669738258313
-34.07917720405641,-15.863281858627717
-34.074204902518254,-15.862893762386534
-34.0692326009801,-15.862505449443994
-34.06426029944195,-15.862116919709289
-34.059287997903795,-15.861728173091553
-34.05431569636564,-15.861339209499963
-34.04934339482749,-15.860950028843593
-34.04437109328933,-15.860560631031522
-34.039398791751175,-15.860171015972805
-34.03442649021302,-15.85978118357642
-34.02945418867487,-15.859391133751362
-34.024481887136716,-15.859000866406578
-34.01950958559856,-15.858610381450994
-34.01453728406041,-15.858219678793468
-34.00956498252226,-15.857828758342851
-34.0045926809841,-15.857437620008003
-33.99962037944594,-15.857046263697661
-33.9946480779078,-15.856654689320619
-33.98967577636964,-15.856262896785605
-33.984703474831484,-15.855870886001302
-33.97973117329333,-15.855478656876349
-33.97475887175518,-15.855086209319419
-33.969786570217025,-15.854693543239092
-33.96481426867887,-15.854300658543957
-33.95984196714072,-15.853907555142538
-33.95486966560256,-15.853514232943352
-33.94989736406441,-15.853120691854842
-33.94492506252625,-15.852726931785492
-33.9399527609881,-15.852332952643705
-33.934980459449946,-15.851938754337837
-33.93000815791179,-15.85154433677629
-33.92503585637364,-15.851149699867342
-33.92006355483549,-15.850754843519274
-33.915091253297334,-15.850359767640368
-33.91011895175918,-15.84996447213884
-33.90514665022103,-15.849568956922866
-33.90017434868287,-15.849173221900644
-33.89520204714472,-15.848777266980283
-33.89022974560656,-15.848381092069854
-33.88525744406841,-15.847984697077486
-33.880285142530255,-15.84758808191115
-33.8753128409921,-15.847191246478893
-33.87034053945395,-15.846794190688682
-33.865368237915796,-15.846396914448432
-33.86039593637764,-15.84599941766607
-33.85542363483948,-15.845601700249492
-33.850451333301336,-15.845203762106525
-33.845479031763176,-15.844805603144984
-33.84050673022503,-15.844407223272654
-33.83553442868687,-15.844008622397281
-33.83056212714872,-15.843609800426613
-33.825589825610564,-15.843210757268311
-33.82061752407241,-15.842811492830021
-33.81564522253426,-15.842412007019409
-33.8106729209961,-15.842012299744043
-33.80570061945795,-15.84161237091149
-33.80072831791979,-15.841212220429279
-33.795756016381645,-15.840811848204913
-33.790783714843485,-15.840411254145852
-33.78581141330533,-15.840010438159561
-33.78083911176718,-15.839609400153382
-33.775866810229026,-15.839208140034769
-33.77089450869087,-15.83880665771102
-33.76592220715271,-15.83840495308942
-33.76094990561457,-15.838003026077297
-33.755977604076406,-15.837600876581874
-33.75100530253826,-15.837198504510347
-33.7460330010001,-15.836795909769934
-33.74106069946195,-15.836393092267771
-33.736088397923794,-15.835990051910988
-33.73111609638564,-15.835586788606658
-33.72614379484749,-15.835183302261836
-33.721171493309335,-15.83477959278356
-33.71619919177118,-15.834375660078807
-33.71122689023302,-15.833971504054562
-33.706254588694875,-15.833567124617755
-33.701282287156715,-15.833162521675238
-33.69630998561857,-15.832757695133918
-33.69133768408041,-15.83235264490063
-33.686365382542256,-15.831947370882167
-33.6813930810041,-15.831541872985296
-33.67642077946595,-15.831136151116764
-33.6714484779278,-15.830730205183269
-33.66647617638964,-15.8303240350915
-33.66150387485149,-15.829917640748095
-33.65653157331333,-15.829511022059668
-33.651559271775184,-15.829104178932788
-33.646586970237024,-15.828697111274016
-33.64161466869887,-15.828289818989875
-33.63664236716072,-15.827882301986826
-33.631670065622565,-15.827474560171341
-33.62669776408441,-15.82706659344986
-33.62172546254626,-15.82665840172873
-33.616753161008106,-15.826249984914314
-33.611780859469945,-15.825841342912991
-33.6068085579318,-15.82543247563099
-33.60183625639364,-15.825023382974612
-33.59686395485549,-15.82461406485008
-33.59189165331733,-15.824204521163574
-33.58691935177918,-15.823794751821294
-33.58194705024103,-15.823384756729334
-33.576974748702874,-15.822974535793838
-33.57200244716472,-15.82256408892084
-33.56703014562656,-15.822153416016429
-33.562057844088415,-15.821742516986543
-33.557085542550254,-15.821331391737223
-33.55211324101211,-15.820920040174384
-33.54714093947395,-15.820508462203946
-33.542168637935795,-15.820096657731767
-33.53719633639764,-15.819684626663696
-33.53222403485949,-15.819272368905587
-33.527251733321336,-15.818859884363201
-33.522279431783176,-15.818447172942275
-33.51730713024503,-15.818034234548529
-33.51233482870687,-15.817621069087703
-33.50736252716872,-15.817207676465399
-33.50239022563056,-15.816794056587247
-33.49741792409241,-15.81638020935887
-33.49244562255426,-15.81596613468578
-33.487473321016104,-15.81555183247356
-33.48250101947795,-15.815137302627653
-33.4775287179398,-15.814722545053563
-33.472556416401645,-15.814307559656699
-33.467584114863485,-15.813892346342499
-33.46261181332534,-15.813476905016278
-33.45763951178718,-15.813061235583403
-33.45266721024903,-15.812645337949167
-33.44769490871087,-15.812229212018863
-33.44272260717272,-15.811812857697689
-33.437750305634566,-15.811396274890901
-33.43277800409641,-15.810979463503637
-33.42780570255826,-15.810562423441086
-33.4228334010201,-15.810145154608314
-33.417861099481954,-15.809727656910406
-33.41288879794379,-15.809309930252434
-33.40791649640565,-15.808891974539394
-33.40294419486749,-15.808473789676286
-33.397971893329334,-15.808055375568028
-33.39299959179118,-15.8076367321196
-33.38802729025303,-15.807217859235816
-33.383054988714875,-15.806798756821594
-33.37808268717672,-15.806379424781701
-33.37311038563857,-15.805959863020984
-33.36813808410041,-15.805540071444153
-33.36316578256226,-15.805120049955985
-33.3581934810241,-15.804699798461114
-33.353221179485956,-15.804279316864259
-33.348248877947796,-15.803858605070003
-33.34327657640964,-15.803437662982969
-33.33830427487149,-15.803016490507723
-33.33333197333334,-15.802595087548784
-33.328359671795184,-15.802173454010658
-33.323387370257024,-15.801751589797835
-33.31841506871888,-15.801329494814734
-33.31344276718072,-15.800907168965741
-33.30847046564257,-15.800484612155277
-33.30349816410441,-15.800061824287642
-33.29852586256626,-15.799638805267154
-33.293553561028105,-15.7992155549981
-33.28858125948995,-15.798792073384705
-33.2836089579518,-15.798368360331182
-33.27863665641364,-15.797944415741735
-33.27366435487549,-15.797520239520486
-33.26869205333733,-15.797095831571548
-33.26371975179919,-15.796671191799016
-33.258747450261026,-15.796246320106937
-33.25377514872287,-15.795821216399313
-33.24880284718472,-15.795395880580177
-33.24383054564657,-15.794970312553415
-33.238858244108414,-15.794544512222986
-33.23388594257026,-15.79411847949279
-33.22891364103211,-15.793692214266647
-33.22394133949395,-15.79326571644842
-33.2189690379558,-15.792838985941868
-33.21399673641764,-15.792412022650778
-33.209024434879495,-15.791984826478833
-33.204052133341335,-15.791557397329782
-33.19907983180318,-15.791129735107246
-33.19410753026503,-15.79070183971488
-33.189135228726876,-15.790273711056265
-33.18416292718872,-15.789845349034959
-33.17919062565056,-15.78941675355452
-33.17421832411242,-15.78898792451843
-33.16924602257426,-15.788558861830165
-33.16427372103611,-15.78812956539316
-33.15930141949795,-15.787700035110811
-33.1543291179598,-15.787270270886498
-33.149356816421644,-15.786840272623543
-33.14438451488349,-15.786410040225283
-33.13941221334534,-15.785979573594954
-33.134439911807185,-15.785548872635811
-33.12946761026903,-15.78511793725107
-33.12449530873087,-15.784686767343905
-33.119523007192726,-15.784255362817458
-33.114550705654565,-15.783823723574828
-33.10957840411642,-15.78339184951912
-33.10460610257826,-15.78295974055336
-33.099633801040106,-15.78252739658056
-33.09466149950195,-15.782094817503712
-33.0896891979638,-15.781662003225758
-33.08471689642565,-15.78122895364961
-33.07974459488749,-15.780795668678163
-33.07477229334934,-15.780362148214264
-33.06979999181118,-15.779928392160729
-33.064827690273034,-15.779494400420333
-33.059855388734874,-15.779060172895864
-33.05488308719672,-15.778625709490003
-33.04991078565857,-15.778191010105452
-33.044938484120415,-15.777756074644877
-33.03996618258226,-15.777320903010885
-33.0349938810441,-15.7768854951061
-33.030021579505956,-15.77644985083305
-33.025049277967796,-15.776013970094267
-33.02007697642965,-15.775577852792239
-33.01510467489149,-15.775141498829433
-33.010132373353336,-15.774704908108276
-33.00516007181518,-15.774268080531172
-33.00018777027703,-15.77383101600044
-32.99521546873888,-15.773393714418503
-32.990243167200724,-15.772956175687552
-32.98527086566257,-15.772518399709936
-32.98029856412441,-15.772080386387831
-32.975326262586265,-15.771642135623441
-32.970353961048104,-15.771203647318979
-32.96538165950996,-15.770764921376534
-32.9604093579718,-15.770325957698224
-32.955437056433645,-15.769886756186125
-32.95046475489549,-15.769447316742266
-32.94549245335734,-15.769007639268628
-32.940520151819186,-15.768567723667221
-32.935547850281026,-15.768127569839965
-32.93057554874288,-15.767687177688753
-32.92560324720472,-15.76724654711549
-32.92063094566657,-15.766805678021994
-32.91565864412841,-15.766364570310069
-32.91068634259026,-15.765923223881506
-32.90571404105211,-15.765481638638006
-32.900741739513954,-15.765039814481343
-32.8957694379758,-15.764597751313149
-32.89079713643765,-15.764155449035078
-32.885824834899495,-15.763712907548753
-32.880852533361335,-15.76327012675572
-32.87588023182319,-15.762827106557554
-32.87090793028503,-15.76238384685578
-32.86593562874688,-15.76194034755183
-32.86096332720872,-15.761496608547183
-32.85599102567057,-15.761052629743256
-32.851018724132416,-15.760608411041408
-32.84604642259426,-15.76016395234302
-32.84107412105611,-15.759719253549406
-32.83610181951795,-15.759274314561798
-32.831129517979804,-15.758829135281507
-32.82615721644164,-15.758383715609703
-32.8211849149035,-15.757938055447626
-32.81621261336534,-15.757492154696376
-32.811240311827184,-15.75704601325709
-32.80626801028903,-15.756599631030868
-32.80129570875088,-15.75615300791874
-32.796323407212725,-15.755706143821742
-32.791351105674565,-15.755259038640867
-32.78637880413642,-15.754811692277045
-32.78140650259826,-15.754364104631223
-32.77643420106011,-15.753916275604286
-32.77146189952195,-15.753468205097072
-32.7664895979838,-15.753019893010423
-32.761517296445646,-15.752571339245126
-32.75654499490749,-15.752122543701926
-32.75157269336934,-15.75167350628155
-32.74660039183119,-15.751224226884716
-32.741628090293034,-15.750774705412065
-32.736655788754874,-15.750324941764204
-32.73168348721673,-15.749874935841746
-32.72671118567857,-15.749424687545241
-32.72173888414042,-15.748974196775258
-32.71676658260226,-15.748523463432218
-32.71179428106411,-15.748072487416625
-32.706821979525955,-15.747621268628896
-32.7018496779878,-15.747169806969465
-32.69687737644965,-15.746718102338626
-32.69190507491149,-15.746266154636757
-32.68693277337334,-15.745813963764126
-32.68196047183518,-15.745361529621013
-32.67698817029704,-15.744908852107658
-32.672015868758876,-15.744455931124232
-32.66704356722072,-15.744002766570919
-32.66207126568257,-15.74354935834784
-32.65709896414442,-15.743095706355085
-32.652126662606264,-15.742641810492735
-32.64715436106811,-15.742187670660831
-32.64218205952996,-15.741733286759342
-32.6372097579918,-15.741278658688238
-32.63223745645365,-15.740823786347471
-32.62726515491549,-15.740368669636942
-32.622292853377346,-15.739913308456499
-32.617320551839185,-15.73945770270598
-32.61234825030103,-15.739001852285202
-32.60737594876288,-15.73854575709389
-32.602403647224726,-15.738089417031855
-32.59743134568657,-15.737632831998727
-32.59245904414841,-15.737176001894197
-32.58748674261027,-15.736718926617884
-32.58251444107211,-15.736261606069425
-32.57754213953396,-15.73580404014838
-32.5725698379958,-15.735346228754246
-32.56759753645765,-15.734888171786588
-32.562625234919494,-15.734429869144824
-32.55765293338134,-15.733971320728399
-32.55268063184319,-15.733512526436735
-32.54770833030503,-15.733053486169183
-32.54273602876688,-15.732594199825098
-32.53776372722872,-15.73213466730376
-32.532791425690576,-15.731674888504473
-32.527819124152415,-15.73121486332643
-32.52284682261426,-15.730754591668878
-32.51787452107611,-15.730294073430938
-32.512902219537956,-15.729833308511806
-32.5079299179998,-15.72937229681056
-32.50295761646165,-15.728911038226236
-32.4979853149235,-15.728449532657937
-32.49301301338534,-15.72798778000462
-32.48804071184719,-15.727525780165257
-32.48306841030903,-15.727063533038837
-32.478096108770885,-15.72660103852419
-32.473123807232724,-15.726138296520238
-32.46815150569457,-15.725675306925803
-32.46317920415642,-15.725212069639705
-32.458206902618265,-15.724748584560704
-32.45323460108011,-15.724284851587527
-32.44826229954195,-15.72382087061889
-32.443289998003806,-15.723356641553464
-32.438317696465646,-15.722892164289911
-32.4333453949275,-15.722427438726802
-32.42837309338934,-15.72196246476271
-32.423400791851186,-15.721497242296184
-32.41842849031303,-15.721031771225741
-32.41345618877488,-15.720566051449849
-32.40848388723673,-15.720100082866937
-32.403511585698574,-15.719633865375387
-32.39853928416042,-15.71916739887363
-32.39356698262226,-15.718700683259977
-32.388594681084115,-15.718233718432709
-32.383622379545955,-15.71776650429012
-32.37865007800781,-15.71729904073044
-32.37367777646965,-15.71683132765189
-32.368705474931495,-15.716363364952633
-32.36373317339334,-15.715895152530797
-32.35876087185519,-15.715426690284517
-32.353788570317036,-15.714957978111816
-32.348816268778876,-15.714489015910766
-32.34384396724073,-15.71401980357938
-32.33887166570257,-15.7135503410156
-32.333899364164424,-15.71308062811738
-32.32892706262626,-15.712610664782645
-32.32395476108811,-15.71214045090923
-32.31898245954996,-15.711669986394996
-32.314010158011804,-15.711199271137717
-32.30903785647365,-15.710728305035198
-32.30406555493549,-15.710257087985156
-32.299093253397345,-15.709785619885324
-32.294120951859185,-15.709313900633333
-32.28914865032104,-15.708841930126846
-32.28417634878288,-15.708369708263454
-32.279204047244725,-15.707897234940734
-32.27423174570657,-15.707424510056212
-32.26925944416842,-15.706951533507409
-32.264287142630266,-15.706478305191771
-32.25931484109211,-15.706004825006753
-32.25434253955396,-15.705531092849748
-32.2493702380158,-15.705057108618128
-32.244397936477654,-15.70458287220924
-32.239425634939494,-15.704108383520367
-32.23445333340135,-15.703633642448775
-32.22948103186319,-15.703158648891712
-32.224508730325034,-15.702683402746388
-32.21953642878688,-15.702207903909956
-32.21456412724873,-15.70173215227954
-32.209591825710575,-15.701256147752238
-32.204619524172415,-15.700779890225174
-32.19964722263427,-15.70030337959529
-32.19467492109611,-15.699826615759665
-32.18970261955796,-15.699349598615225
-32.1847303180198,-15.6988723280589
-32.17975801648165,-15.69839480398762
-32.174785714943496,-15.697917026298223
-32.16981341340534,-15.697438994887557
-32.16484111186719,-15.696960709652393
-32.15986881032904,-15.696482170489528
-32.154896508790884,-15.69600337729567
-32.149924207252724,-15.695524329967546
-32.14495190571458,-15.695045028401765
-32.13997960417642,-15.694565472495007
-32.13500730263827,-15.694085662143852
-32.13003500110011,-15.693605597244858
-32.12506269956196,-15.693125277694561
-32.120090398023805,-15.692644703389439
-32.11511809648565,-15.69216387422598
-32.1101457949475,-15.691682790100586
-32.10517349340934,-15.691201450909668
-32.10020119187119,-15.69071985654959
-32.09522889033303,-15.690238006916683
-32.09025658879489,-15.689755901907201
-32.08528428725673,-15.689273541417442
-32.08031198571857,-15.688790925343621
-32.07533968418042,-15.688308053581931
-32.07036738264227,-15.687824926028496
-32.065395081104114,-15.687341542579512
-32.060422779565954,-15.686857903131008
-32.05545047802781,-15.68637400757907
-32.05047817648965,-15.685889855819706
-32.0455058749515,-15.685405447748918
-32.04053357341334,-15.684920783262651
-32.03556127187519,-15.684435862256825
-32.030588970337035,-15.68395068462734
-32.02561666879888,-15.683465250270059
-32.02064436726073,-15.682979559080769
-32.015672065722576,-15.682493610955275
-32.01069976418442,-15.682007405789332
-32.00572746264626,-15.681520943478665
-32.00075516110812,-15.68103422391894
-31.99578285956996,-15.680547247005817
-31.990810558031807,-15.680060012634927
-31.98583825649365,-15.67957252070183
-31.980865954955497,-15.679084771102096
-31.975893653417344,-15.67859676373124
-31.97092135187919,-15.678108498484718
-31.965949050341038,-15.677619975258004
-31.96097674880288,-15.677131193946504
-31.95600444726473,-15.676642154445599
-31.951032145726575,-15.676152856650644
-31.946059844188422,-15.675663300456941
-31.94108754265027,-15.675173485759771
-31.936115241112113,-15.674683412454367
-31.93114293957396,-15.674193080435964
-31.926170638035806,-15.67370248959973
-31.921198336497653,-15.6732116398408
-31.9162260349595,-15.672720531054292
-31.911253733421344,-15.672229163135277
-31.90628143188319,-15.671737535978783
-31.901309130345037,-15.671245649479843
-31.896336828806884,-15.670753503533424
-31.89136452726873,-15.670261098034475
-31.886392225730575,-15.669768432877854
-31.88141992419242,-15.669275507958487
-31.87644762265427,-15.668782323171197
-31.871475321116115,-15.668288878410772
-31.866503019577962,-15.667795173571992
-31.861530718039806,-15.667301208549603
-31.856558416501652,-15.66680698323828
-31.8515861149635,-15.66631249753271
-31.846613813425346,-15.665817751327541
-31.84164151188719,-15.665322744517344
-31.836669210349037,-15.664827476996699
-31.831696908810883,-15.66433194866011
-31.82672460727273,-15.663836159402116
-31.821752305734577,-15.663340109117176
-31.81678000419642,-15.662843797699692
-31.811807702658268,-15.662347225044098
-31.806835401120114,-15.661850391044725
-31.80186309958196,-15.661353295595902
-31.79689079804381,-15.660855938591926
-31.79191849650565,-15.66035831992707
-31.7869461949675,-15.659860439495548
-31.781973893429345,-15.659362297191537
-31.777001591891192,-15.658863892909233
-31.77202929035304,-15.658365226542724
-31.767056988814883,-15.657866297986113
-31.76208468727673,-15.657367107133446
-31.757112385738576,-15.656867653878766
-31.752140084200423,-15.656367938116025
-31.74716778266227,-15.655867959739203
-31.742195481124114,-15.655367718642214
-31.73722317958596,-15.654867214718934
-31.732250878047807,-15.654366447863215
-31.727278576509654,-15.65386541796889
-31.7223062749715,-15.653364124929723
-31.717333973433345,-15.65286256863946
-31.71236167189519,-15.652360748991814
-31.70738937035704,-15.651858665880479
-31.702417068818885,-15.651356319199088
-31.697444767280732,-15.650853708841241
-31.692472465742576,-15.650350834700554
-31.687500164204423,-15.649847696670545
-31.68252786266627,-15.649344294644713
-31.677555561128116,-15.64884062851655
-31.672583259589963,-15.64833669817949
-31.667610958051807,-15.647832503526926
-31.662638656513654,-15.647328044452252
-31.6576663549755,-15.646823320848794
-31.652694053437347,-15.646318332609852
-31.647721751899194,-15.645813079628704
-31.642749450361038,-15.645307561798571
-31.637777148822884,-15.644801779012667
-31.63280484728473,-15.644295731164158
-31.62783254574658,-15.643789418146174
-31.622860244208425,-15.643282839851818
-31.61788794267027,-15.642775996174135
-31.612915641132115,-15.642268887006178
-31.607943339593962,-15.641761512240908
-31.60297103805581,-15.641253871771328
-31.597998736517653,-15.640745965490346
-31.5930264349795,-15.640237793290844
-31.588054133441346,-15.639729355065679
-31.583081831903193,-15.639220650707701
-31.57810953036504,-15.638711680109672
-31.573137228826884,-15.63820244316437
-31.56816492728873,-15.637692939764484
-31.563192625750577,-15.637183169802745
-31.558220324212424,-15.636673133171762
-31.55324802267427,-15.636162829764165
-31.548275721136115,-15.635652259472558
-31.54330341959796,-15.63514142218946
-31.53833111805981,-15.634630317807416
-31.533358816521655,-15.634118946218893
-31.528386514983502,-15.633607307316309
-31.523414213445346,-15.633095400992113
-31.518441911907193,-15.632583227138676
-31.51346961036904,-15.632070785648326
-31.508497308830886,-15.631558076413388
-31.503525007292733,-15.631045099326123
-31.498552705754577,-15.630531854278777
-31.493580404216424,-15.630018341163558
-31.48860810267827,-15.629504559872633
-31.483635801140117,-15.628990510298122
-31.478663499601964,-15.628476192332153
-31.473691198063808,-15.627961605866785
-31.468718896525655,-15.627446750794048
-31.4637465949875,-15.626931627005938
-31.45877429344935,-15.626416234394428
-31.453801991911195,-15.625900572851437
-31.44882969037304,-15.62538464226888
-31.443857388834886,-15.624868442538608
-31.438885087296732,-15.624351973552422
-31.43391278575858,-15.623835235202142
-31.428940484220426,-15.623318227379523
-31.42396818268227,-15.62280094997627
-31.418995881144117,-15.622283402884111
-31.414023579605963,-15.621765585994646
-31.40905127806781,-15.62124749919953
-31.404078976529657,-15.620729142390342
-31.3991066749915,-15.620210515458632
-31.394134373453348,-15.619691618295922
-31.389162071915194,-15.619172450793688
-31.38418977037704,-15.618653012843366
-31.37921746883889,-15.61813330433637
-31.37424516730073,-15.617613325164093
-31.36927286576258,-15.617093075217868
-31.364300564224425,-15.616572554389004
-31.359328262686272,-15.616051762568771
-31.354355961148116,-15.615530699648428
-31.349383659609963,-15.615009365519176
-31.34441135807181,-15.614487760072153
-31.339439056533656,-15.613965883198517
-31.334466754995503,-15.613443734789392
-31.329494453457347,-15.612921314735809
-31.324522151919194,-15.612398622928813
-31.31954985038104,-15.611875659259415
-31.314577548842887,-15.611352423618538
-31.309605247304734,-15.610828915897166
-31.304632945766578,-15.610305135986138
-31.299660644228425,-15.609781083776365
-31.29468834269027,-15.609256759158635
-31.28971604115212,-15.608732162023745
-31.284743739613965,-15.608207292262454
-31.27977143807581,-15.607682149765475
-31.274799136537656,-15.607156734423507
-31.269826834999503,-15.606631046127209
-31.26485453346135,-15.606105084767162
-31.259882231923196,-15.60557885023399
-31.25490993038504,-15.605052342418196
-31.249937628846887,-15.60452556121033
-31.244965327308734,-15.603998506500867
-31.23999302577058,-15.603471178180202
-31.235020724232427,-15.602943576138815
-31.23004842269427,-15.602415700267027
-31.225076121156118,-15.601887550455208
-31.220103819617965,-15.60135912659365
-31.21513151807981,-15.60083042857261
-31.21015921654166,-15.600301456282338
-31.2051869150035,-15.599772209613038
-31.20021461346535,-15.599242688454858
-31.195242311927196,-15.598712892697947
-31.190270010389042,-15.59818282223238
-31.18529770885089,-15.597652476948259
-31.180325407312733,-15.59712185673557
-31.17535310577458,-15.59659096148431
-31.170380804236427,-15.59605979108445
-31.165408502698273,-15.595528345425901
-31.16043620116012,-15.594996624398545
-31.155463899621964,-15.59446462789227
-31.15049159808381,-15.593932355796841
-31.145519296545658,-15.593399808002086
-31.140546995007504,-15.592866984397729
-31.13557469346935,-15.592333884873488
-31.130602391931195,-15.591800509319064
-31.12563009039304,-15.591266857624056
-31.12065778885489,-15.590732929678103
-31.115685487316735,-15.590198725370769
-31.11071318577858,-15.589664244591605
-31.105740884240426,-15.58912948723012
-31.100768582702273,-15.588594453175748
-31.09579628116412,-15.58805914231796
-31.090823979625966,-15.587523554546141
-31.08585167808781,-15.586987689749659
-31.080879376549657,-15.586451547817841
-31.075907075011504,-15.585915128639996
-31.07093477347335,-15.585378432105376
-31.065962471935197,-15.58484145810318
-31.06099017039704,-15.584304206522635
-31.056017868858888,-15.583766677252893
-31.051045567320735,-15.58322887018306
-31.04607326578258,-15.582690785202217
-31.04110096424443,-15.58215242219945
-31.036128662706272,-15.581613781063737
-31.03115636116812,-15.581074861684067
-31.026184059629966,-15.580535663949401
-31.021211758091813,-15.579996187748653
-31.01623945655366,-15.579456432970678
-31.011267155015503,-15.578916399504331
-31.00629485347735,-15.578376087238432
-31.001322551939197,-15.57783549606171
-30.996350250401044,-15.577294625862946
-30.99137794886289,-15.576753476530827
-30.986405647324734,-15.576212047954014
-30.98143334578658,-15.575670340021135
-30.976461044248428,-15.575128352620798
-30.971488742710275,-15.574586085641561
-30.96651644117212,-15.574043538971962
-30.961544139633965,-15.573500712500456
-30.95657183809581,-15.572957606115555
-30.95159953655766,-15.572414219705625
-30.946627235019506,-15.571870553159089
-30.941654933481352,-15.571326606364293
-30.936682631943196,-15.57078237920955
-30.931710330405043,-15.57023787158314
-30.92673802886689,-15.569693083373313
-30.921765727328737,-15.569148014468274
-30.916793425790583,-15.568602664756206
-30.911821124252427,-15.56805703412525
-30.906848822714274,-15.567511122463516
-30.90187652117612,-15.56696492965907
-30.896904219637968,-15.56641845559994
-30.891931918099814,-15.565871700174153
-30.886959616561658,-15.565324663269646
-30.881987315023505,-15.564777344774372
-30.87701501348535,-15.564229744576213
-30.8720427119472,-15.563681862563035
-30.867070410409042,-15.563133698622677
-30.86209810887089,-15.562585252642913
-30.857125807332736,-15.562036524511498
-30.852153505794583,-15.561487514116177
-30.84718120425643,-15.560938221344596
-30.842208902718273,-15.560388646084421
-30.83723660118012,-15.559838788223292
-30.832264299641967,-15.559288647648751
-30.827291998103814,-15.55873822424839
-30.82231969656566,-15.55818751790966
-30.817347395027504,-15.5576365285201
-30.81237509348935,-15.557085255967081
-30.807402791951198,-15.556533700138058
-30.802430490413045,-15.555981860920395
-30.79745818887489,-15.55542973820139
-30.792485887336735,-15.55487733186839
-30.78751358579858,-15.554324641808618
-30.78254128426043,-15.55377166790934
-30.777568982722276,-15.553218410057715
-30.772596681184123,-15.55266486814093
-30.767624379645966,-15.5521110420461
-30.762652078107813,-15.55155693166028
-30.75767977656966,-15.551002536870573
-30.752707475031507,-15.55044785756397
-30.747735173493353,-15.549892893627447
-30.742762871955197,-15.549337644947965
-30.737790570417044,-15.54878211141243
-30.73281826887889,-15.548226292907719
-30.727845967340738,-15.547670189320678
-30.722873665802584,-15.547113800538105
-30.717901364264428,-15.546557126446777
-30.712929062726275,-15.546000166933416
-30.70795676118812,-15.545442921884744
-30.70298445964997,-15.544885391187416
-30.698012158111815,-15.544327574728047
-30.69303985657366,-15.543769472393258
-30.688067555035506,-15.5432110840696
-30.683095253497353,-15.542652409643564
-30.6781229519592,-15.5420934490017
-30.673150650421046,-15.541534202030382
-30.66817834888289,-15.540974668616112
-30.663206047344737,-15.540414848645216
-30.658233745806584,-15.539854742004058
-30.65326144426843,-15.539294348578954
-30.648289142730277,-15.538733668256187
-30.64331684119212,-15.53817270092197
-30.638344539653968,-15.537611446462542
-30.633372238115815,-15.537049904764052
-30.62839993657766,-15.536488075712636
-30.623427635039505,-15.535925959194415
-30.618455333501352,-15.53536355509543
-30.6134830319632,-15.534800863301712
-30.608510730425046,-15.534237883699266
-30.603538428886893,-15.533674616174036
-30.598566127348736,-15.533111060611976
-30.593593825810583,-15.532547216898937
-30.58862152427243,-15.53198308492078
-30.583649222734277,-15.531418664563347
-30.578676921196124,-15.53085395571239
-30.573704619657967,-15.53028895825366
-30.568732318119814,-15.5297236720729
-30.56376001658166,-15.52915809705572
-30.558787715043508,-15.528592233087819
-30.553815413505355,-15.528026080054792
-30.548843111967198,-15.527459637842185
-30.543870810429045,-15.52689290633554
-30.53889850889089,-15.526325885420361
-30.53392620735274,-15.525758574982122
-30.528953905814586,-15.525190974906213
-30.52398160427643,-15.52462308507806
-30.519009302738276,-15.524054905382998
-30.514037001200123,-15.523486435706376
-30.50906469966197,-15.522917675933448
-30.504092398123817,-15.522348625949467
-30.49912009658566,-15.52177928563969
-30.494147795047507,-15.521209654889251
-30.489175493509354,-15.520639733583295
-30.4842031919712,-15.520069521606954
-30.479230890433048,-15.519499018845277
-30.47425858889489,-15.518928225183314
-30.469286287356738,-15.518357140506065
-30.464313985818585,-15.517785764698495
-30.45934168428043,-15.517214097645525
-30.45436938274228,-15.516642139232063
-30.449397081204122,-15.516069889342969
-30.44442477966597,-15.515497347863072
-30.439452478127816,-15.51492451467713
-30.434480176589663,-15.514351389669926
-30.42950787505151,-15.51377797272616
-30.424535573513353,-15.513204263730518
-30.4195632719752,-15.51263026256765
-30.414590970437047,-15.512055969122173
-30.409618668898894,-15.511481383278651
-30.40464636736074,-15.5109065049216
-30.399674065822584,-15.51033133393559
-30.39470176428443,-15.509755870205014
-30.389729462746278,-15.509180113614352
-30.384757161208125,-15.508604064048004
-30.379784859669968,-15.508027721390297
-30.374812558131815,-15.507451085525563
-30.369840256593662,-15.506874156338123
-30.36486795505551,-15.506296933712209
-30.359895653517356,-15.505719417532053
-30.3549233519792,-15.505141607681814
-30.349951050441046,-15.504563504045644
-30.344978748902893,-15.503985106507681
-30.34000644736474,-15.50340641495199
-30.335034145826587,-15.502827429262577
-30.33006184428843,-15.50224814932351
-30.325089542750277,-15.501668575018712
-30.320117241212124,-15.501088706232125
-30.31514493967397,-15.500508542847655
-30.310172638135818,-15.499928084749158
-30.30520033659766,-15.499347331820466
-30.300228035059508,-15.498766283945368
-30.295255733521355,-15.498184941007624
-30.2902834319832,-15.497603302890937
-30.28531113044505,-15.497021369479013
-30.280338828906892,-15.496439140655463
-30.27536652736874,-15.495856616303943
-30.270394225830586,-15.495273796308025
-30.265421924292433,-15.494690680551205
-30.26044962275428,-15.49410726891706
-30.255477321216123,-15.493523561289003
-30.25050501967797,-15.49293955755049
-30.245532718139817,-15.492355257584899
-30.240560416601664,-15.491770661275611
-30.23558811506351,-15.491185768505957
-30.230615813525354,-15.490600579159212
-30.2256435119872,-15.490015093118647
-30.220671210449048,-15.489429310267461
-30.215698908910895,-15.488843230488861
-30.21072660737274,-15.488256853665991
-30.205754305834585,-15.487670179681938
-30.200782004296432,-15.487083208419806
-30.19580970275828,-15.486495939762609
-30.190837401220126,-15.485908373593391
-30.185865099681973,-15.485320509795075
-30.180892798143816,-15.484732348250633
-30.175920496605663,-15.484143888842938
-30.17094819506751,-15.483555131454851
-30.165975893529357,-15.482966075969228
-30.161003591991204,-15.482376722268818
-30.156031290453047,-15.481787070236392
-30.151058988914894,-15.481197119754686
-30.14608668737674,-15.480606870706362
-30.141114385838588,-15.48001632297406
-30.13614208430043,-15.4794254764404
-30.131169782762278,-15.478834330987965
-30.126197481224125,-15.478242886499281
-30.121225179685972,-15.477651142856853
-30.11625287814782,-15.477059099943158
-30.111280576609662,-15.476466757640628
-30.10630827507151,-15.475874115831624
-30.101335973533356,-15.47528117439856
-30.096363671995203,-15.474687933223718
-30.09139137045705,-15.474094392189404
-30.086419068918893,-15.473500551177851
-30.08144676738074,-15.472906410071305
-30.076474465842587,-15.472311968751923
-30.071502164304434,-15.471717227101866
-30.06652986276628,-15.471122185003216
-30.061557561228124,-15.47052684233808
-30.05658525968997,-15.46993119898846
-30.051612958151818,-15.469335254836382
-30.046640656613665,-15.468739009763793
-30.04166835507551,-15.468142463652645
-30.036696053537355,-15.46754561638479
-30.031723751999202,-15.46694846784213
-30.02675145046105,-15.466351017906467
-30.021779148922896,-15.465753266459568
-30.016806847384743,-15.465155213383202
-30.011834545846586,-15.464556858559078
-30.006862244308433,-15.463958201868882
-30.00188994277028,-15.463359243194239
-29.996917641232127,-15.462759982416749
-29.991945339693974,-15.462160419417996
-29.986973038155817,-15.46156055407951
-29.982000736617664,-15.46096038628279
-29.97702843507951,-15.46035991590929
-29.972056133541358,-15.459759142840444
-29.967083832003205,-15.459158066957617
-29.962111530465048,-15.458556688142192
-29.957139228926895,-15.457955006275466
-29.952166927388742,-15.457353021238726
-29.94719462585059,-15.456750732913216
-29.942222324312436,-15.456148141180153
-29.93725002277428,-15.4555452459207
-29.932277721236126,-15.454942047016003
-29.927305419697973,-15.454338544347147
-29.92233311815982,-15.453734737795209
-29.917360816621667,-15.453130627241208
-29.91238851508351,-15.452526212566143
-29.907416213545357,-15.451921493650966
-29.902443912007204,-15.451316470376604
-29.89747161046905,-15.450711142623948
-29.892499308930894,-15.45010551027381
-29.88752700739274,-15.449499573207033
-29.882554705854588,-15.448893331304406
-29.877582404316435,-15.44828678444664
-29.87261010277828,-15.44767993251444
-29.867637801240125,-15.447072775388495
-29.862665499701972,-15.44646531294941
-29.85769319816382,-15.445857545077798
-29.852720896625666,-15.445249471654217
-29.847748595087513,-15.444641092559184
-29.842776293549356,-15.444032407673172
-29.837803992011203,-15.443423416876666
-29.83283169047305,-15.442814120050068
-29.827859388934897,-15.442204517073733
-29.822887087396744,-15.441594607828046
-29.817914785858587,-15.440984392193263
-29.812942484320434,-15.440373870049697
-29.80797018278228,-15.439763041277546
-29.802997881244128,-15.439151905757022
-29.798025579705975,-15.43854046336831
-29.793053278167818,-15.437928713991509
-29.788080976629665,-15.43731665750672
-29.783108675091512,-15.43670429379397
-29.77813637355336,-15.436091622733318
-29.773164072015206,-15.4354786442047
-29.76819177047705,-15.434865358088107
-29.763219468938896,-15.434251764263397
-29.758247167400743,-15.433637862610492
-29.75327486586259,-15.4330236530092
-29.748302564324437,-15.432409135339311
-29.74333026278628,-15.4317943094806
-29.738357961248127,-15.431179175312783
-29.733385659709974,-15.4305637327156
-29.72841335817182,-15.429947981568652
-29.723441056633668,-15.42933192175156
-29.71846875509551,-15.42871555314392
-29.713496453557358,-15.428098875625293
-29.708524152019205,-15.42748188907516
-29.703551850481052,-15.426864593373018
-29.6985795489429,-15.426246988398285
-29.693607247404742,-15.425629074030347
-29.68863494586659,-15.425010850148626
-29.683662644328436,-15.424392316632408
-29.678690342790283,-15.423773473360978
-29.67371804125213,-15.423154320213593
-29.668745739713973,-15.422534857069495
-29.66377343817582,-15.421915083807873
-29.658801136637667,-15.421295000307847
-29.653828835099514,-15.420674606448532
-29.648856533561357,-15.420053902108998
-29.643884232023204,-15.4194328871683
-29.63891193048505,-15.418811561505438
-29.633939628946898,-15.418189924999364
-29.628967327408745,-15.417567977528998
-29.623995025870588,-15.416945718973267
-29.619022724332435,-15.416323149211
-29.614050422794282,-15.415700268121002
-29.60907812125613,-15.415077075582097
-29.604105819717976,-15.414453571473013
-29.59913351817982,-15.413829755672456
-29.594161216641666,-15.413205628059105
-29.589188915103513,-15.412581188511592
-29.58421661356536,-15.41195643690852
-29.579244312027207,-15.411331373128471
-29.57427201048905,-15.410705997049934
-29.569299708950897,-15.410080308551455
-29.564327407412744,-15.409454307511446
-29.55935510587459,-15.408827993808329
-29.554382804336438,-15.408201367320519
-29.54941050279828,-15.407574427926345
-29.544438201260128,-15.406947175504094
-29.539465899721975,-15.406319609932078
-29.534493598183822,-15.405691731088522
-29.52952129664567,-15.405063538851609
-29.524548995107512,-15.404435033099524
-29.51957669356936,-15.403806213710391
-29.514604392031206,-15.403177080562303
-29.509632090493053,-15.402547633533299
-29.5046597889549,-15.401917872501405
-29.499687487416743,-15.401287797344635
-29.49471518587859,-15.400657407940882
-29.489742884340437,-15.400026704168077
-29.484770582802284,-15.39939568590411
-29.47979828126413,-15.39876435302681
-29.474825979725974,-15.398132705413964
-29.46985367818782,-15.397500742943341
-29.464881376649668,-15.39686846549268
-29.459909075111515,-15.396235872939647
-29.454936773573362,-15.395602965161912
-29.449964472035205,-15.394969742037102
-29.444992170497052,-15.394336203442775
-29.4400198689589,-15.393702349256497
-29.435047567420746,-15.39306817935576
-29.430075265882593,-15.392433693618031
-29.425102964344436,-15.39179889192077
-29.420130662806283,-15.391163774141356
-29.41515836126813,-15.39052834015715
-29.410186059729977,-15.389892589845497
-29.40521375819182,-15.38925652308367
-29.400241456653667,-15.388620139748912
-29.395269155115514,-15.387983439718452
-29.39029685357736,-15.38734642286946
-29.385324552039208,-15.386709089079103
-29.38035225050105,-15.386071438224448
-29.375379948962898,-15.38543347018261
-29.370407647424745,-15.384795184830578
-29.365435345886592,-15.384156582045373
-29.36046304434844,-15.383517661703952
-29.355490742810282,-15.382878423683213
-29.35051844127213,-15.382238867860089
-29.345546139733976,-15.3815989941114
-29.340573838195823,-15.380958802313975
-29.33560153665767,-15.38031829234456
-29.330629235119513,-15.379677464079935
-29.32565693358136,-15.37903631739677
-29.320684632043207,-15.37839485217175
-29.315712330505054,-15.377753068281518
-29.3107400289669,-15.377110965602633
-29.305767727428744,-15.376468544011674
-29.30079542589059,-15.375825803385144
-29.295823124352438,-15.375182743599565
-29.290850822814285,-15.374539364531332
-29.285878521276132,-15.373895666056914
-29.280906219737975,-15.373251648052648
-29.275933918199822,-15.372607310394867
-29.27096161666167,-15.371962652959878
-29.265989315123516,-15.371317675623942
-29.261017013585363,-15.3706723782633
-29.256044712047206,-15.370026760754122
-29.251072410509053,-15.369380822972609
-29.2461001089709,-15.368734564794808
-29.241127807432747,-15.368087986096862
-29.236155505894594,-15.36744108675476
-29.231183204356437,-15.366793866644564
-29.226210902818284,-15.366146325642195
-29.22123860128013,-15.365498463623611
-29.216266299741978,-15.364850280464712
-29.211293998203825,-15.364201776041345
-29.20632169666567,-15.363552950229348
-29.201349395127515,-15.362903802904492
-29.196377093589362,-15.362254333942545
-29.19140479205121,-15.361604543219213
-29.186432490513056,-15.360954430610168
-29.1814601889749,-15.360303995991048
-29.176487887436746,-15.35965323923747
-29.171515585898593,-15.359002160224982
-29.16654328436044,-15.358350758829133
-29.161570982822283,-15.357699034925385
-29.15659868128413,-15.357046988389213
-29.151626379745977,-15.356394619096058
-29.146654078207824,-15.355741926921276
-29.14168177666967,-15.355088911740213
-29.136709475131514,-15.35443557342817
-29.13173717359336,-15.353781911860462
-29.126764872055208,-15.353127926912276
-29.121792570517055,-15.352473618458832
-29.116820268978902,-15.351818986375303
-29.111847967440745,-15.351164030536776
-29.106875665902592,-15.350508750818385
-29.10190336436444,-15.349853147095155
-29.096931062826286,-15.349197219242086
-29.091958761288133,-15.348540967134214
-29.086986459749976,-15.347884390646401
-29.082014158211823,-15.347227489653624
-29.07704185667367,-15.346570264030701
-29.072069555135517,-15.345912713652483
-29.067097253597364,-15.345254838393751
-29.062124952059207,-15.344596638129278
-29.057152650521054,-15.343938112733788
-29.0521803489829,-15.343279262081937
-29.047208047444748,-15.34262008604838
-29.042235745906595,-15.341960584507751
-29.03726344436844,-15.3413007573346
-29.032291142830285,-15.340640604403452
-29.027318841292132,-15.339980125588841
-29.02234653975398,-15.339319320765187
-29.017374238215826,-15.338658189806956
-29.01240193667767,-15.337996732588524
-29.007429635139516,-15.337334948984205
-29.002457333601363,-15.336672838868354
-28.99748503206321,-15.33601040211526
-28.992512730525057,-15.335347638599115
-28.9875404289869,-15.334684548194154
-28.982568127448747,-15.334021130774552
-28.977595825910594,-15.333357386214411
-28.97262352437244,-15.33269331438784
-28.967651222834288,-15.332028915168904
-28.96267892129613,-15.3313641884316
-28.957706619757978,-15.33069913404992
-28.952734318219825,-15.33003375189782
-28.947762016681672,-15.329368041849182
-28.94278971514352,-15.3287020037779
-28.937817413605362,-15.328035637557809
-28.93284511206721,-15.327368943062696
-28.927872810529056,-15.32670192016633
-28.922900508990903,-15.326034568742424
-28.917928207452746,-15.325366888664663
-28.912955905914593,-15.324698879806709
-28.90798360437644,-15.32403054204218
-28.903011302838287,-15.323361875244613
-28.898039001300134,-15.322692879287613
-28.893066699761977,-15.32202355404461
-28.888094398223824,-15.321353899389107
-28.88312209668567,-15.320683915194527
-28.878149795147518,-15.320013601334258
-28.873177493609365,-15.31934295768165
-28.86820519207121,-15.318671984110038
-28.863232890533055,-15.318000680492682
-28.858260588994902,-15.317329046702834
-28.85328828745675,-15.316657082613693
-28.848315985918596,-15.315984788098422
-28.84334368438044,-15.315312163030162
-28.838371382842286,-15.314639207282024
-28.833399081304133,-15.313965920727034
-28.82842677976598,-15.313292303238223
-28.823454478227827,-15.312618354688592
-28.81848217668967,-15.311944074951061
-28.813509875151517,-15.31126946389855
-28.808537573613364,-15.310594521403951
-28.80356527207521,-15.309919247340044
-28.798592970537058,-15.309243641579679
-28.7936206689989,-15.308567703995614
-28.78864836746075,-15.30789143446055
-28.783676065922595,-15.307214832847203
-28.778703764384442,-15.306537899028182
-28.77373146284629,-15.305860632876136
-28.768759161308132,-15.305183034263615
-28.76378685976998,-15.304505103063171
-28.758814558231826,-15.303826839147304
-28.753842256693673,-15.30314824238847
-28.74886995515552,-15.302469312659102
-28.743897653617363,-15.301790049831606
-28.73892535207921,-15.30111045377831
-28.733953050541057,-15.30043052437154
-28.728980749002904,-15.299750261483586
-28.72400844746475,-15.299069664986671
-28.719036145926594,-15.298388734753011
-28.71406384438844,-15.297707470654766
-28.709091542850288,-15.297025872564074
-28.704119241312135,-15.296343940353026
-28.699146939773982,-15.295661673893656
-28.694174638235825,-15.294979073058013
-28.689202336697672,-15.294296137718078
-28.68423003515952,-15.293612867745786
-28.679257733621366,-15.292929263013031
-28.67428543208321,-15.2922453233917
-28.669313130545056,-15.291561048753632
-28.664340829006903,-15.290876438970598
-28.65936852746875,-15.290191493914378
-28.654396225930597,-15.289506213456685
-28.64942392439244,-15.288820597469208
-28.644451622854287,-15.288134645823598
-28.639479321316134,-15.287448358391448
-28.63450701977798,-15.286761735044333
-28.629534718239828,-15.286074775653814
-28.62456241670167,-15.285387480091348
-28.61959011516352,-15.28469984822844
-28.614617813625365,-15.284011879936493
-28.609645512087212,-15.28332357508688
-28.60467321054906,-15.282634933550968
-28.599700909010902,-15.281945955200076
-28.59472860747275,-15.281256639905452
-28.589756305934596,-15.280566987538357
-28.584784004396443,-15.279876997969984
-28.57981170285829,-15.279186671071512
-28.574839401320133,-15.278496006714033
-28.56986709978198,-15.277805004768652
-28.564894798243827,-15.277113665106437
-28.559922496705674,-15.276421987598379
-28.55495019516752,-15.275729972115462
-28.549977893629364,-15.27503761852864
-28.54500559209121,-15.274344926708787
-28.54003329055306,-15.27365189652679
-28.535060989014905,-15.272958527853474
-28.530088687476752,-15.272264820559622
-28.525116385938595,-15.271570774516
-28.520144084400442,-15.270876389593306
-28.51517178286229,-15.270181665662234
-28.510199481324136,-15.269486602593425
-28.505227179785983,-15.268791200257475
-28.500254878247826,-15.268095458524947
-28.495282576709673,-15.267399377266395
-28.49031027517152,-15.26670295635228
-28.485337973633367,-15.26600619565307
-28.480365672095214,-15.265309095039187
-28.475393370557057,-15.264611654381019
-28.470421069018904,-15.263913873548878
-28.46544876748075,-15.26321575241309
-28.460476465942598,-15.262517290843947
-28.455504164404445,-15.26181848871164
-28.45053186286629,-15.26111934588638
-28.445559561328135,-15.260419862238317
-28.440587259789982,-15.259720037637567
-28.43561495825183,-15.259019871954235
-28.430642656713673,-15.258319365058323
-28.42567035517552,-15.257618516819885
-28.420698053637366,-15.256917327108873
-28.415725752099213,-15.256215795795205
-28.41075345056106,-15.255513922748792
-28.405781149022904,-15.254811707839481
-28.40080884748475,-15.254109150937097
-28.395836545946597,-15.253406251911429
-28.390864244408444,-15.25270301063222
-28.38589194287029,-15.251999426969167
-28.380919641332135,-15.251295500791937
-28.37594733979398,-15.250591231970171
-28.37097503825583,-15.249886620373466
-28.366002736717675,-15.249181665871387
-28.361030435179522,-15.24847636833345
-28.356058133641366,-15.247770727629137
-28.351085832103212,-15.247064743627883
-28.34611353056506,-15.246358416199124
-28.341141229026906,-15.2456517452122
-28.336168927488753,-15.244944730536464
-28.331196625950597,-15.244237372041201
-28.326224324412443,-15.243529669595679
-28.32125202287429,-15.242821623069124
-28.316279721336137,-15.242113232330707
-28.311307419797984,-15.241404497249578
-28.306335118259828,-15.24069541769484
-28.301362816721674,-15.239985993535582
-28.29639051518352,-15.23927622464083
-28.29141821364537,-15.238566110879571
-28.286445912107215,-15.237855652120784
-28.28147361056906,-15.237144848233372
-28.276501309030905,-15.236433699086207
-28.271529007492752,-15.235722204548175
-28.2665567059546,-15.235010364488055
-28.261584404416446,-15.23429817877464
-28.25661210287829,-15.233585647276657
-28.251639801340136,-15.232872769862778
-28.246667499801983,-15.232159546401695
-28.24169519826383,-15.231445976762021
-28.236722896725677,-15.230732060812327
-28.23175059518752,-15.230017798421187
-28.226778293649367,-15.229303189457076
-28.221805992111214,-15.228588233788491
-28.21683369057306,-15.227872931283866
-28.211861389034908,-15.22715728181158
-28.20688908749675,-15.226441285239988
-28.2019167859586,-15.225724941437456
-28.196944484420445,-15.225008250272225
-28.191972182882292,-15.224291211612552
-28.186999881344136,-15.223573825326632
-28.182027579805982,-15.222856091282688
-28.17705527826783,-15.222138009348804
-28.172082976729676,-15.221419579393089
-28.167110675191523,-15.220700801283598
-28.162138373653367,-15.21998167488838
-28.157166072115213,-15.219262200075372
-28.15219377057706,-15.218542376712566
-28.147221469038907,-15.217822204667836
-28.142249167500754,-15.217101683809082
-28.137276865962598,-15.216380814004113
-28.132304564424444,-15.215659595120728
-28.12733226288629,-15.214938027026708
-28.12235996134814,-15.214216109589753
-28.117387659809985,-15.21349384267753
-28.11241535827183,-15.212771226157736
-28.107443056733675,-15.212048259897943
-28.102470755195522,-15.211324943765705
-28.09749845365737,-15.210601277628603
-28.092526152119216,-15.209877261354105
-28.08755385058106,-15.209152894809645
-28.082581549042906,-15.208428177862675
-28.077609247504753,-15.207703110380583
-28.0726369459666,-15.206977692230682
-28.067664644428447,-15.206251923280318
-28.06269234289029,-15.20552580339673
-28.057720041352137,-15.204799332447134
-28.052747739813984,-15.204072510298781
-28.04777543827583,-15.203345336818785
-28.042803136737678,-15.20261781187427
-28.03783083519952,-15.201889935332336
-28.03285853366137,-15.201161707060011
-28.027886232123215,-15.200433126924283
-28.022913930585062,-15.199704194792156
-28.01794162904691,-15.198974910530541
-28.012969327508753,-15.198245274006343
-28.0079970259706,-15.197515285086396
-28.003024724432446,-15.196784943637535
-27.998052422894293,-15.196054249526536
-27.99308012135614,-15.195323202620145
-27.988107819817984,-15.194591802785059
-27.98313551827983,-15.193860049887949
-27.978163216741677,-15.19312794379544
-27.973190915203524,-15.192395484374122
-27.96821861366537,-15.19166267149055
-27.963246312127215,-15.190929505011255
-27.95827401058906,-15.190195984802704
-27.95330170905091,-15.189462110731315
-27.948329407512755,-15.18872788266354
-27.9433571059746,-15.187993300465694
-27.938384804436446,-15.187258364004137
-27.933412502898292,-15.186523073145151
-27.92844020136014,-15.185787427754997
-27.923467899821986,-15.185051427699856
-27.91849559828383,-15.184315072845948
-27.913523296745677,-15.18357836305936
-27.908550995207523,-15.182841298206256
-27.90357869366937,-15.18210387815266
-27.898606392131217,-15.181366102764596
-27.89363409059306,-15.180627971908068
-27.888661789054908,-15.17988948544901
-27.883689487516754,-15.179150643253369
-27.8787171859786,-15.17841144518696
-27.87374488444045,-15.177671891115663
-27.86877258290229,-15.176931980905287
-27.86380028136414,-15.176191714421556
-27.858827979825985,-15.175451091530201
-27.853855678287832,-15.17471011209695
-27.84888337674968,-15.173968775987385
-27.843911075211523,-15.173227083067177
-27.83893877367337,-15.172485033201854
-27.833966472135216,-15.171742626256965
-27.828994170597063,-15.170999862098027
-27.82402186905891,-15.170256740590471
-27.819049567520754,-15.169513261599738
-27.8140772659826,-15.168769424991194
-27.809104964444447,-15.168025230630201
-27.804132662906294,-15.167280678382054
-27.79916036136814,-15.166535768112034
-27.794188059829985,-15.165790499685352
-27.78921575829183,-15.165044872967242
-27.78424345675368,-15.164298887822818
-27.779271155215525,-15.163552544117206
-27.774298853677372,-15.16280584171552
-27.769326552139216,-15.162058780482772
-27.764354250601063,-15.161311360283976
-27.75938194906291,-15.160563580984089
-27.754409647524756,-15.15981544244805
-27.749437345986603,-15.159066944540776
-27.744465044448447,-15.15831808712708
-27.739492742910294,-15.157568870071797
-27.73452044137214,-15.15681929323969
-27.729548139833987,-15.156069356495527
-27.724575838295834,-15.155319059703984
-27.719603536757678,-15.154568402729753
-27.714631235219525,-15.153817385437424
-27.70965893368137,-15.153066007691608
-27.70468663214322,-15.152314269356856
-27.69971433060506,-15.151562170297675
-27.69474202906691,-15.150809710378562
-27.689769727528756,-15.150056889463917
-27.684797425990602,-15.14930370741816
-27.67982512445245,-15.148550164105648
-27.674852822914293,-15.147796259390708
-27.66988052137614,-15.147041993137638
-27.664908219837987,-15.146287365210656
-27.659935918299833,-15.145532375473984
-27.65496361676168,-15.144777023791823
-27.649991315223524,-15.144021310028268
-27.64501901368537,-15.143265234047407
-27.640046712147218,-15.142508795713349
-27.635074410609064,-15.141751994890082
-27.63010210907091,-15.140994831441576
-27.625129807532755,-15.140237305231816
-27.6201575059946,-15.139479416124674
-27.61518520445645,-15.138721163984016
-27.610212902918295,-15.137962548673691
-27.605240601380142,-15.137203570057494
-27.600268299841986,-15.136444227999174
-27.595295998303833,-15.135684522362418
-27.59032369676568,-15.134924453010973
-27.585351395227526,-15.134164019808408
-27.580379093689373,-15.133403222618352
-27.575406792151217,-15.132642061304388
-27.570434490613064,-15.131880535730026
-27.56546218907491,-15.131118645758757
-27.560489887536757,-15.13035639125403
-27.555517585998604,-15.129593772079275
-27.550545284460448,-15.128830788097856
-27.545572982922295,-15.128067439173092
-27.54060068138414,-15.127303725168298
-27.53562837984599,-15.126539645946744
-27.530656078307835,-15.125775201371649
-27.52568377676968,-15.125010391306182
-27.520711475231526,-15.124245215613506
-27.515739173693373,-15.123479674156721
-27.51076687215522,-15.122713766798892
-27.505794570617066,-15.121947493403098
-27.50082226907891,-15.121180853832268
-27.495849967540757,-15.120413847949393
-27.490877666002604,-15.119646475617404
-27.48590536446445,-15.118878736699147
-27.480933062926297,-15.118110631057506
-27.47596076138814,-15.117342158555246
-27.470988459849988,-15.116573319055165
-27.466016158311835,-15.115804112419973
-27.46104385677368,-15.115034538512386
-27.456071555235525,-15.114264597195024
-27.45109925369737,-15.113494288330516
-27.44612695215922,-15.112723611781451
-27.441154650621066,-15.111952567410345
-27.436182349082912,-15.111181155079716
-27.431210047544756,-15.11040937465203
-27.426237746006603,-15.109637225989689
-27.42126544446845,-15.108864708955092
-27.416293142930297,-15.108091823410604
-27.411320841392143,-15.10731856921851
-27.406348539853987,-15.106544946241089
-27.401376238315834,-15.105770954340596
-27.39640393677768,-15.104996593379195
-27.391431635239528,-15.104221863219065
-27.386459333701374,-15.103446763722317
-27.381487032163218,-15.102671294751035
-27.376514730625065,-15.101895456167272
-27.37154242908691,-15.101119247833031
-27.36657012754876,-15.100342669610272
-27.361597826010605,-15.099565721360921
-27.35662552447245,-15.098788402946875
-27.351653222934296,-15.098010714229991
-27.346680921396143,-15.09723265507209
-27.34170861985799,-15.096454225334938
-27.336736318319836,-15.09567542488027
-27.33176401678168,-15.094896253569797
-27.326791715243527,-15.094116711265192
-27.321819413705374,-15.093336797828044
-27.31684711216722,-15.092556513119986
-27.311874810629067,-15.091775857002528
-27.30690250909091,-15.090994829337207
-27.301930207552758,-15.090213429985482
-27.296957906014605,-15.089431658808792
-27.29198560447645,-15.088649515668525
-27.2870133029383,-15.087867000426058
-27.28204100140014,-15.087084112942678
-27.27706869986199,-15.086300853079694
-27.272096398323836,-15.085517220698344
-27.267124096785682,-15.084733215659817
-27.26215179524753,-15.083948837825314
-27.257179493709373,-15.083164087055922
-27.25220719217122,-15.08237896321278
-27.247234890633067,-15.08159346615689
-27.242262589094913,-15.0808075957493
-27.23729028755676,-15.080021351850958
-27.232317986018604,-15.079234734322855
-27.22734568448045,-15.078447743025837
-27.222373382942298,-15.077660377820793
-27.217401081404144,-15.076872638568526
-27.212428779865988,-15.076084525129852
-27.207456478327835,-15.075296037365495
-27.20248417678968,-15.074507175136176
-27.19751187525153,-15.073717938302558
-27.192539573713375,-15.072928326725268
-27.18756727217522,-15.072138340264914
-27.182594970637066,-15.07134797878205
-27.177622669098913,-15.070557242137205
-27.17265036756076,-15.069766130190818
-27.167678066022606,-15.068974642803369
-27.16270576448445,-15.068182779835244
-27.157733462946297,-15.067390541146828
-27.152761161408144,-15.066597926598412
-27.14778885986999,-15.065804936050322
-27.142816558331837,-15.065011569362786
-27.13784425679368,-15.06421782639604
-27.132871955255528,-15.063423707010235
-27.127899653717375,-15.062629211065513
-27.12292735217922,-15.06183433842196
-27.11795505064107,-15.06103908893967
-27.112982749102912,-15.060243462478619
-27.10801044756476,-15.059447458898834
-27.103038146026606,-15.05865107806022
-27.098065844488453,-15.057854319822715
-27.0930935429503,-15.057057184046174
-27.088121241412143,-15.056259670590427
-27.08314893987399,-15.055461779315266
-27.078176638335837,-15.054663510080458
-27.073204336797684,-15.053864862745666
-27.06823203525953,-15.053065837170633
-27.063259733721374,-15.052266433214966
-27.05828743218322,-15.051466650738279
-27.053315130645068,-15.050666489600127
-27.048342829106915,-15.049865949660019
-27.04337052756876,-15.049065030777447
-27.038398226030605,-15.048263732811881
-27.03342592449245,-15.047462055622717
-27.0284536229543,-15.046659999069318
-27.023481321416146,-15.04585756301101
-27.018509019877992,-15.045054747307105
-27.013536718339836,-15.044251551816854
-27.008564416801683,-15.043447976399467
-27.00359211526353,-15.04264402091414
-26.998619813725377,-15.041839685219983
-26.993647512187223,-15.041034969176135
-26.988675210649067,-15.040229872641637
-26.983702909110914,-15.039424395475534
-26.97873060757276,-15.03861853753677
-26.973758306034608,-15.037812298684349
-26.96878600449645,-15.03700567877716
-26.963813702958298,-15.036198677674077
-26.958841401420145,-15.035391295233904
-26.95386909988199,-15.034583531315493
-26.94889679834384,-15.033775385777577
-26.943924496805682,-15.032966858478853
-26.93895219526753,-15.032157949278012
-26.933979893729376,-15.031348658033743
-26.929007592191223,-15.030538984604581
-26.92403529065307,-15.029728928849135
-26.919062989114913,-15.028918490625914
-26.91409068757676,-15.028107669793433
-26.909118386038607,-15.027296466210114
-26.904146084500454,-15.026484879734376
-26.8991737829623,-15.025672910224612
-26.894201481424144,-15.024860557539125
-26.88922917988599,-15.024047821536245
-26.884256878347838,-15.023234702074216
-26.879284576809685,-15.022421199011267
-26.87431227527153,-15.021607312205566
-26.869339973733375,-15.020793041515256
-26.864367672195222,-15.019978386798476
-26.85939537065707,-15.019163347913247
-26.854423069118916,-15.018347924717636
-26.849450767580763,-15.017532117069605
-26.844478466042606,-15.016715924827128
-26.839506164504453,-15.01589934784812
-26.8345338629663,-15.015082385990423
-26.829561561428147,-15.014265039111912
-26.824589259889994,-15.013447307070376
-26.819616958351837,-15.012629189723558
-26.814644656813684,-15.011810686929191
-26.80967235527553,-15.010991798544959
-26.804700053737378,-15.010172524428514
-26.799727752199225,-15.009352864437469
-26.794755450661068,-15.008532818429357
-26.789783149122915,-15.007712386261751
-26.78481084758476,-15.006891567792104
-26.77983854604661,-15.006070362877894
-26.774866244508456,-15.005248771376536
-26.7698939429703,-15.004426793145386
-26.764921641432146,-15.003604428041797
-26.759949339893993,-15.002781675923067
-26.75497703835584,-15.001958536646455
-26.750004736817683,-15.001135010069174
-26.74503243527953,-15.000311096048444
-26.740060133741377,-14.999486794441363
-26.735087832203224,-14.998662105105074
-26.73011553066507,-14.997837027896598
-26.725143229126914,-14.997011562673036
-26.72017092758876,-14.996185709291321
-26.715198626050608,-14.99535946760843
-26.710226324512455,-14.99453283748129
-26.7052540229743,-14.993705818766731
-26.700281721436145,-14.992878411321646
-26.695309419897992,-14.992050615002814
-26.69033711835984,-14.99122242966699
-26.685364816821686,-14.990393855170865
-26.680392515283533,-14.989564891371208
-26.675420213745376,-14.988735538124583
-26.670447912207223,-14.987905795287647
-26.66547561066907,-14.987075662716927
-26.660503309130917,-14.986245140268977
-26.655531007592764,-14.98541422780031
-26.650558706054607,-14.984582925167334
-26.645586404516454,-14.983751232226506
-26.6406141029783,-14.982919148834172
-26.635641801440148,-14.982086674846688
-26.630669499901995,-14.981253810120334
-26.625697198363838,-14.980420554511399
-26.620724896825685,-14.979586907876085
-26.615752595287532,-14.97875287007058
-26.61078029374938,-14.977918440951019
-26.605807992211226,-14.977083620373513
-26.60083569067307,-14.976248408194149
-26.595863389134916,-14.975412804268945
-26.590891087596763,-14.97457680845389
-26.58591878605861,-14.973740420604924
-26.580946484520457,-14.972903640577984
-26.5759741829823,-14.972066468228942
-26.571001881444147,-14.971228903413621
-26.566029579905994,-14.970390945987848
-26.56105727836784,-14.969552595807338
-26.556084976829688,-14.968713852727848
-26.55111267529153,-14.96787471660505
-26.546140373753378,-14.967035187294591
-26.541168072215225,-14.966195264652066
-26.53619577067707,-14.965354948533072
-26.53122346913892,-14.964514238793102
-26.526251167600762,-14.963673135287669
-26.52127886606261,-14.962831637872213
-26.516306564524456,-14.961989746402159
-26.511334262986303,-14.961147460732876
-26.506361961448146,-14.960304780719698
-26.501389659909993,-14.959461706217922
-26.49641735837184,-14.958618237082813
-26.491445056833687,-14.957774373169581
-26.486472755295534,-14.956930114333426
-26.481500453757377,-14.956085460429456
-26.476528152219224,-14.955240411312825
-26.47155585068107,-14.954394966838573
-26.466583549142918,-14.953549126861711
-26.461611247604765,-14.952702891237253
-26.456638946066608,-14.95185625982015
-26.451666644528455,-14.9510092324653
-26.446694342990302,-14.950161809027595
-26.44172204145215,-14.949313989361853
-26.436749739913996,-14.948465773322855
-26.43177743837584,-14.947617160765395
-26.426805136837686,-14.946768151544168
-26.421832835299533,-14.945918745513882
-26.41686053376138,-14.94506894252914
-26.411888232223227,-14.944218742444564
-26.40691593068507,-14.943368145114729
-26.401943629146917,-14.942517150394155
-26.396971327608764,-14.94166575813731
-26.39199902607061,-14.940813968198677
-26.387026724532458,-14.939961780432638
-26.3820544229943,-14.93910919469356
-26.377082121456148,-14.938256210835815
-26.372109819917995,-14.937402828713656
-26.36713751837984,-14.936549048181366
-26.36216521684169,-14.93569486909314
-26.357192915303532,-14.934840291303177
-26.35222061376538,-14.933985314665625
-26.347248312227226,-14.933129939034545
-26.342276010689073,-14.93227416426403
-26.33730370915092,-14.931417990208095
-26.332331407612763,-14.930561416720732
-26.32735910607461,-14.929704443655893
-26.322386804536457,-14.928847070867478
-26.317414502998304,-14.927989298209342
-26.31244220146015,-14.927131125535341
-26.307469899921994,-14.926272552699244
-26.30249759838384,-14.925413579554828
-26.297525296845688,-14.924554205955793
-26.292552995307535,-14.923694431755822
-26.28758069376938,-14.922834256808557
-26.282608392231225,-14.921973680967584
-26.277636090693072,-14.921112704086468
-26.27266378915492,-14.920251326018736
-26.267691487616766,-14.919389546617857
-26.26271918607861,-14.91852736573731
-26.257746884540456,-14.917664783230457
-26.252774583002303,-14.916801798950686
-26.24780228146415,-14.915938412751338
-26.242829979925997,-14.915074624485676
-26.23785767838784,-14.914210434006971
-26.232885376849687,-14.913345841168434
-26.227913075311534,-14.912480845823227
-26.22294077377338,-14.911615447824499
-26.217968472235228,-14.910749647025337
-26.21299617069707,-14.909883443278792
-26.208023869158918,-14.909016836437893
-26.203051567620765,-14.908149826355633
-26.198079266082612,-14.90728241288494
-26.19310696454446,-14.906414595878712
-26.188134663006302,-14.90554637518982
-26.18316236146815,-14.904677750671087
-26.178190059929996,-14.903808722175295
-26.173217758391843,-14.902939289555208
-26.16824545685369,-14.902069452663532
-26.163273155315533,-14.901199211352937
-26.15830085377738,-14.900328565476032
-26.153328552239227,-14.899457514885441
-26.148356250701074,-14.898586059433715
-26.14338394916292,-14.897714198973343
-26.138411647624764,-14.89684193335683
-26.13343934608661,-14.895969262436612
-26.128467044548458,-14.89509618606507
-26.123494743010305,-14.894222704094588
-26.11852244147215,-14.893348816377479
-26.113550139933995,-14.89247452276603
-26.108577838395842,-14.891599823112484
-26.10360553685769,-14.890724717269032
-26.098633235319536,-14.889849205087865
-26.093660933781383,-14.888973286421114
-26.088688632243226,-14.888096961120825
-26.083716330705073,-14.8872202290391
-26.07874402916692,-14.88634309002794
-26.073771727628767,-14.885465543939308
-26.068799426090614,-14.884587590625152
-26.063827124552457,-14.883709229937361
-26.058854823014304,-14.882830461727783
-26.05388252147615,-14.881951285848256
-26.048910219937998,-14.881071702150548
-26.043937918399845,-14.8801917104864
-26.038965616861688,-14.879311310707514
-26.033993315323535,-14.87843050266556
-26.029021013785382,-14.877549286212163
-26.02404871224723,-14.876667661198915
-26.019076410709072,-14.87578562747736
-26.01410410917092,-14.874903184898994
-26.009131807632766,-14.874020333315293
-26.004159506094613,-14.873137072577713
-25.99918720455646,-14.87225340253761
-25.994214903018303,-14.871369323046347
-25.98924260148015,-14.870484833955269
-25.984270299941997,-14.869599935115621
-25.979297998403844,-14.868714626378646
-25.97432569686569,-14.867828907595559
-25.969353395327534,-14.866942778617487
-25.96438109378938,-14.866056239295576
-25.959408792251228,-14.86516928948092
-25.954436490713075,-14.864281929024543
-25.949464189174922,-14.863394157777455
-25.944491887636765,-14.862505975590606
-25.939519586098612,-14.861617382314963
-25.93454728456046,-14.860728377801383
-25.929574983022306,-14.859838961900726
-25.924602681484153,-14.858949134463796
-25.919630379945996,-14.858058895341362
-25.914658078407843,-14.857168244384185
-25.90968577686969,-14.856277181442938
-25.904713475331537,-14.855385706368272
-25.899741173793384,-14.854493819010818
-25.894768872255227,-14.853601519221158
-25.889796570717074,-14.852708806849812
-25.88482426917892,-14.851815681747272
-25.879851967640768,-14.85092214376405
-25.874879666102615,-14.850028192750525
-25.869907364564458,-14.8491338285571
-25.864935063026305,-14.84823905103409
-25.859962761488152,-14.847343860031849
-25.85499045995,-14.846448255400617
-25.850018158411846,-14.845552236990624
-25.84504585687369,-14.844655804652067
-25.840073555335536,-14.843758958235114
-25.835101253797383,-14.842861697589834
-25.83012895225923,-14.841964022566332
-25.825156650721077,-14.84106593301464
-25.82018434918292,-14.840167428784738
-25.815212047644767,-14.839268509726622
-25.810239746106614,-14.83836917569017
-25.80526744456846,-14.837469426525272
-25.800295143030308,-14.836569262081788
-25.79532284149215,-14.835668682209496
-25.790350539953998,-14.834767686758157
-25.785378238415845,-14.833866275577519
-25.780405936877692,-14.83296444851726
-25.775433635339535,-14.832062205427002
-25.770461333801382,-14.831159546156398
-25.76548903226323,-14.830256470554973
-25.760516730725076,-14.829352978472288
-25.755544429186923,-14.828449069757818
-25.750572127648766,-14.827544744261015
-25.745599826110613,-14.826640001831295
-25.74062752457246,-14.825734842318033
-25.735655223034307,-14.824829265570576
-25.730682921496154,-14.823923271438225
-25.725710619957997,-14.823016859770204
-25.720738318419844,-14.822110030415748
-25.71576601688169,-14.821202783224058
-25.710793715343538,-14.820295118044259
-25.705821413805385,-14.819387034725445
-25.70084911226723,-14.818478533116695
-25.695876810729075,-14.817569613067029
-25.690904509190922,-14.816660274425438
-25.68593220765277,-14.815750517040867
-25.680959906114616,-14.814840340762213
-25.67598760457646,-14.813929745438365
-25.671015303038306,-14.813018730918133
-25.666043001500153,-14.812107297050318
-25.661070699962,-14.811195443683669
-25.656098398423847,-14.810283170666924
-25.65112609688569,-14.80937047784872
-25.646153795347537,-14.808457365077729
-25.641181493809384,-14.80754383220252
-25.63620919227123,-14.806629879071666
-25.631236890733078,-14.805715505533684
-25.62626458919492,-14.804800711437064
-25.621292287656768,-14.803885496630215
-25.616319986118615,-14.802969860961579
-25.611347684580462,-14.802053804279511
-25.60637538304231,-14.801137326432313
-25.601403081504152,-14.800220427268295
-25.596430779966,-14.7993031066357
-25.591458478427846,-14.79838536438274
-25.586486176889693,-14.797467200357563
-25.58151387535154,-14.796548614408339
-25.576541573813383,-14.795629606383109
-25.57156927227523,-14.794710176129966
-25.566596970737077,-14.793790323496909
-25.561624669198924,-14.792870048331915
-25.55665236766077,-14.791949350482918
-25.551680066122614,-14.791028229797812
-25.54670776458446,-14.790106686124467
-25.541735463046308,-14.78918471931071
-25.536763161508155,-14.788262329204288
-25.53179085997,-14.787339515652965
-25.526818558431845,-14.786416278504461
-25.521846256893692,-14.785492617606407
-25.51687395535554,-14.784568532806441
-25.511901653817386,-14.78364402395214
-25.50692935227923,-14.782719090891053
-25.501957050741076,-14.78179373347073
-25.496984749202923,-14.78086795153857
-25.49201244766477,-14.779941744942061
-25.487040146126617,-14.779015113528562
-25.48206784458846,-14.778088057145442
-25.477095543050307,-14.777160575639993
-25.472123241512154,-14.77623266885952
-25.467150939974,-14.77530433665124
-25.462178638435848,-14.774375578862339
-25.45720633689769,-14.773446395339988
-25.452234035359538,-14.772516785931336
-25.447261733821385,-14.771586750483404
-25.442289432283232,-14.770656288843268
-25.43731713074508,-14.769725400857943
-25.432344829206922,-14.768794086374355
-25.42737252766877,-14.767862345239445
-25.422400226130616,-14.766930177300088
-25.417427924592463,-14.765997582403168
-25.41245562305431,-14.765064560395459
-25.407483321516153,-14.764131111123719
-25.402511019978,-14.763197234434712
-25.397538718439847,-14.762262930175108
-25.392566416901694,-14.761328198191565
-25.38759411536354,-14.760393038330687
-25.382621813825384,-14.759457450439045
-25.37764951228723,-14.758521434363187
-25.372677210749078,-14.75758498994962
-25.367704909210925,-14.756648117044769
-25.362732607672772,-14.755710815495055
-25.357760306134615,-14.754773085146887
-25.352788004596462,-14.753834925846581
-25.34781570305831,-14.752896337440442
-25.342843401520156,-14.751957319774727
-25.337871099982003,-14.751017872695677
-25.332898798443846,-14.750077996049443
-25.327926496905693,-14.749137689682218
-25.32295419536754,-14.748196953440077
-25.317981893829387,-14.74725578716909
-25.313009592291234,-14.746314190715282
-25.308037290753077,-14.745372163924644
-25.303064989214924,-14.744429706643126
-25.29809268767677,-14.743486818716633
-25.293120386138618,-14.742543499991065
-25.28814808460046,-14.741599750312222
-25.28317578306231,-14.740655569525932
-25.278203481524155,-14.739710957477916
-25.273231179986002,-14.7387659140139
-25.26825887844785,-14.737820438979583
-25.263286576909692,-14.736874532220565
-25.25831427537154,-14.735928193582488
-25.253341973833386,-14.734981422910876
-25.248369672295233,-14.73403422005128
-25.24339737075708,-14.733086584849161
-25.238425069218923,-14.732138517149966
-25.23345276768077,-14.731190016799102
-25.228480466142617,-14.730241083641939
-25.223508164604464,-14.729291717523811
-25.21853586306631,-14.728341918289987
-25.213563561528154,-14.727391685785724
-25.20859125999,-14.726441019856225
-25.203618958451848,-14.725489920346668
-25.198646656913695,-14.72453838710218
-25.193674355375542,-14.723586419967857
-25.188702053837385,-14.722634018788751
-25.183729752299232,-14.721681183409881
-25.17875745076108,-14.720727913676216
-25.173785149222926,-14.719774209432689
-25.168812847684773,-14.718820070524224
-25.163840546146616,-14.717865496795632
-25.158868244608463,-14.716910488091774
-25.15389594307031,-14.71595504425741
-25.148923641532157,-14.714999165137279
-25.143951339994004,-14.714042850576112
-25.138979038455847,-14.713086100418527
-25.134006736917694,-14.712128914509185
-25.12903443537954,-14.71117129269267
-25.124062133841388,-14.710213234813509
-25.119089832303235,-14.709254740716215
-25.11411753076508,-14.708295810245268
-25.109145229226925,-14.707336443245087
-25.104172927688772,-14.706376639560066
-25.09920062615062,-14.705416399034556
-25.094228324612466,-14.70445572151286
-25.08925602307431,-14.703494606839259
-25.084283721536156,-14.702533054857991
-25.079311419998003,-14.701571065413257
-25.07433911845985,-14.700608638349184
-25.069366816921697,-14.699645773509918
-25.06439451538354,-14.698682470739538
-25.059422213845387,-14.697718729882057
-25.054449912307234,-14.696754550781518
-25.04947761076908,-14.695789933281837
-25.044505309230924,-14.694824877226955
-25.03953300769277,-14.69385938246076
-25.03456070615462,-14.692893448827077
-25.029588404616465,-14.691927076169739
-25.024616103078312,-14.6909602643325
-25.019643801540155,-14.689993013159073
-25.014671500002002,-14.689025322493173
-25.00969919846385,-14.688057192178418
-25.004726896925696,-14.687088622058427
-24.999754595387543,-14.6861196119768
-24.994782293849386,-14.685150161777033
-24.989809992311233,-14.684180271302635
-24.98483769077308,-14.683209940397063
-24.979865389234927,-14.682239168903696
-24.974893087696774,-14.681267956665968
-24.969920786158617,-14.680296303527177
-24.964948484620464,-14.679324209330627
-24.95997618308231,-14.678351673919583
-24.955003881544158,-14.677378697137254
-24.950031580006005,-14.676405278826833
-24.94505927846785,-14.675431418831453
-24.940086976929695,-14.674457116994217
-24.935114675391542,-14.6734823731582
-24.93014237385339,-14.672507187166401
-24.925170072315236,-14.671531558861828
-24.92019777077708,-14.670555488087407
-24.915225469238926,-14.669578974686061
-24.910253167700773,-14.668602018500659
-24.90528086616262,-14.667624619374024
-24.900308564624467,-14.666646777148944
-24.89533626308631,-14.665668491668173
-24.890363961548157,-14.664689762774419
-24.885391660010004,-14.663710590310359
-24.88041935847185,-14.662730974118631
-24.875447056933698,-14.661750914041821
-24.87047475539554,-14.660770409922476
-24.86550245385739,-14.659789461603145
-24.860530152319235,-14.658808068926271
-24.855557850781082,-14.657826231734305
-24.85058554924293,-14.656843949869657
-24.845613247704772,-14.655861223174671
-24.84064094616662,-14.654878051491677
-24.835668644628466,-14.653894434662952
-24.830696343090313,-14.652910372530735
-24.82572404155216,-14.65192586493724
-24.820751740014003,-14.650940911724637
-24.81577943847585,-14.649955512735033
-24.810807136937697,-14.648969667810547
-24.805834835399544,-14.647983376793178
-24.800862533861388,-14.646996639524975
-24.795890232323234,-14.646009455847908
-24.79091793078508,-14.64502182560387
-24.78594562924693,-14.644033748634783
-24.780973327708775,-14.64304522478248
-24.77600102617062,-14.64205625388881
-24.771028724632465,-14.641066835795513
-24.766056423094312,-14.640076970344333
-24.76108412155616,-14.639086657376984
-24.756111820018006,-14.638095896735097
-24.75113951847985,-14.637104688260294
-24.746167216941696,-14.636113031794169
-24.741194915403543,-14.635120927178248
-24.73622261386539,-14.634128374254031
-24.731250312327237,-14.633135372863007
-24.72627801078908,-14.632141922846552
-24.721305709250927,-14.631148024046093
-24.716333407712774,-14.630153676302944
-24.71136110617462,-14.629158879458425
-24.706388804636468,-14.628163633353802
-24.70141650309831,-14.627167937830308
-24.69644420156016,-14.626171792729103
-24.691471900022005,-14.625175197891364
-24.686499598483852,-14.624178153158194
-24.6815272969457,-14.623180658370668
-24.676554995407542,-14.6221827133698
-24.67158269386939,-14.621184317996603
-24.666610392331236,-14.620185472092036
-24.661638090793083,-14.619186175496989
-24.65666578925493,-14.618186428052335
-24.651693487716773,-14.617186229598929
-24.64672118617862,-14.616185579977572
-24.641748884640467,-14.615184479029017
-24.636776583102314,-14.614182926593958
-24.63180428156416,-14.613180922513118
-24.626831980026004,-14.612178466627103
-24.62185967848785,-14.611175558776539
-24.6168873769497,-14.610172198801976
-24.611915075411545,-14.609168386543931
-24.606942773873392,-14.608164121842911
-24.601970472335235,-14.60715940453933
-24.596998170797082,-14.60615423447362
-24.59202586925893,-14.605148611486152
-24.587053567720776,-14.604142535417227
-24.582081266182623,-14.603136006107158
-24.577108964644466,-14.602129023396166
-24.572136663106313,-14.601121587124505
-24.56716436156816,-14.600113697132326
-24.562192060030007,-14.599105353259754
-24.55721975849185,-14.59809655534687
-24.552247456953697,-14.59708730323375
-24.547275155415544,-14.596077596760425
-24.54230285387739,-14.595067435766845
-24.537330552339238,-14.594056820092957
-24.53235825080108,-14.593045749578657
-24.52738594926293,-14.592034224063795
-24.522413647724775,-14.591022243388217
-24.517441346186622,-14.590009807391674
-24.51246904464847,-14.588996915913924
-24.507496743110313,-14.587983568794664
-24.50252444157216,-14.586969765873548
-24.497552140034006,-14.585955506990247
-24.492579838495853,-14.584940791984284
-24.4876075369577,-14.583925620695233
-24.482635235419544,-14.582909992962593
-24.47766293388139,-14.581893908625855
-24.472690632343237,-14.580877367524442
-24.467718330805084,-14.579860369497734
-24.46274602926693,-14.578842914385065
-24.457773727728775,-14.577825002025767
-24.45280142619062,-14.576806632259121
-24.44782912465247,-14.57578780492434
-24.442856823114315,-14.574768519860633
-24.437884521576162,-14.573748776907147
-24.432912220038006,-14.57272857590299
-24.427939918499852,-14.571707916687258
-24.4229676169617,-14.570686799098992
-24.417995315423546,-14.569665222977171
-24.413023013885393,-14.568643188160753
-24.408050712347237,-14.567620694488669
-24.403078410809083,-14.566597741799805
-24.39810610927093,-14.565574329933016
-24.393133807732777,-14.564550458727059
-24.388161506194624,-14.563526128020762
-24.383189204656468,-14.56250133765278
-24.378216903118314,-14.561476087461854
-24.37324460158016,-14.560450377286607
-24.36827230004201,-14.559424206965634
-24.363299998503855,-14.558397576337548
-24.3583276969657,-14.557370485240835
-24.353355395427545,-14.55634293351399
-24.348383093889392,-14.555314920995498
-24.34341079235124,-14.554286447523731
-24.338438490813086,-14.553257512937096
-24.33346618927493,-14.552228117073895
-24.328493887736776,-14.55119825977245
-24.323521586198623,-14.550167940871004
-24.31854928466047,-14.549137160207772
-24.313576983122314,-14.548105917620926
-24.30860468158416,-14.547074212948624
-24.303632380046007,-14.546042046028957
-24.298660078507854,-14.545009416699976
-24.2936877769697,-14.5439763247997
-24.288715475431545,-14.542942770166135
-24.28374317389339,-14.541908752637193
-24.27877087235524,-14.540874272050798
-24.273798570817085,-14.539839328244804
-24.268826269278932,-14.538803921057056
-24.263853967740776,-14.537768050325326
-24.258881666202623,-14.536731715887349
-24.25390936466447,-14.535694917580862
-24.248937063126316,-14.5346576552435
-24.243964761588163,-14.53361992871293
-24.238992460050007,-14.532581737826701
-24.234020158511854,-14.531543082422411
-24.2290478569737,-14.53050396233752
-24.224075555435547,-14.529464377409546
-24.219103253897394,-14.52842432747592
-24.214130952359238,-14.527383812374008
-24.209158650821085,-14.526342831941204
-24.20418634928293,-14.525301386014783
-24.19921404774478,-14.52425947443205
-24.194241746206625,-14.523217097030253
-24.18926944466847,-14.522174253646563
-24.184297143130316,-14.521130944118159
-24.179324841592162,-14.520087168282153
-24.17435254005401,-14.519042925975635
-24.169380238515856,-14.517998217035647
-24.1644079369777,-14.516953041299196
-24.159435635439547,-14.51590739860324
-24.154463333901393,-14.514861288784703
-24.14949103236324,-14.513814711680492
-24.144518730825087,-14.512767667127411
-24.13954642928693,-14.511720154962322
-24.134574127748778,-14.51067217502196
-24.129601826210624,-14.509623727143069
-24.12462952467247,-14.508574811162342
-24.11965722313432,-14.50752542691642
-24.11468492159616,-14.506475574241898
-24.10971262005801,-14.505425252975398
-24.104740318519855,-14.504374462953429
-24.099768016981702,-14.503323204012482
-24.09479571544355,-14.502271475989028
-24.089823413905393,-14.501219278719457
-24.08485111236724,-14.500166612040184
-24.079878810829086,-14.499113475787523
-24.074906509290933,-14.498059869797773
-24.069934207752777,-14.497005793907222
-24.064961906214624,-14.495951247952057
-24.05998960467647,-14.494896231768479
-24.055017303138317,-14.493840745192648
-24.050045001600164,-14.492784788060625
-24.045072700062008,-14.49172836020851
-24.040100398523855,-14.49067146147232
-24.0351280969857,-14.48961409168805
-24.03015579544755,-14.488556250691628
-24.025183493909395,-14.487497938318976
-24.02021119237124,-14.48643915440597
-24.015238890833086,-14.485379898788413
-24.010266589294933,-14.484320171302143
-24.00529428775678,-14.48325997178288
-24.000321986218626,-14.48219930006634
-23.99534968468047,-14.481138155988203
-23.990377383142317,-14.480076539384113
-23.985405081604164,-14.47901445008963
-23.98043278006601,-14.477951887940344
-23.975460478527857,-14.476888852771777
-23.9704881769897,-14.475825344419398
-23.965515875451548,-14.474761362718645
-23.960543573913395,-14.473696907504902
-23.95557127237524,-14.472631978613572
-23.95059897083709,-14.47156657587993
-23.94562666929893,-14.470500699139283
-23.94065436776078,-14.469434348226882
-23.935682066222626,-14.468367522977905
-23.930709764684472,-14.467300223227564
-23.92573746314632,-14.466232448810938
-23.920765161608163,-14.465164199563148
-23.91579286007001,-14.464095475319233
-23.910820558531857,-14.463026275914187
-23.905848256993703,-14.461956601182985
-23.90087595545555,-14.460886450960572
-23.895903653917394,-14.459815825081831
-23.89093135237924,-14.458744723381619
-23.885959050841088,-14.457673145694756
-23.880986749302934,-14.45660109185599
-23.87601444776478,-14.4555285617001
-23.871042146226625,-14.454455555061735
-23.86606984468847,-14.453382071775591
-23.86109754315032,-14.45230811167626
-23.856125241612165,-14.451233674598344
-23.851152940074012,-14.450158760376361
-23.846180638535856,-14.449083368844835
-23.841208336997703,-14.448007499838194
-23.83623603545955,-14.44693115319091
-23.831263733921396,-14.445854328737319
-23.82629143238324,-14.44477702631179
-23.821319130845087,-14.443699245748611
-23.816346829306934,-14.44262098688209
-23.81137452776878,-14.441542249546389
-23.806402226230627,-14.440463033575764
-23.80142992469247,-14.439383338804321
-23.796457623154318,-14.438303165066166
-23.791485321616165,-14.43722251219542
-23.78651302007801,-14.436141380026053
-23.78154071853986,-14.435059768392096
-23.7765684170017,-14.43397767712749
-23.77159611546355,-14.432895106066155
-23.766623813925396,-14.431812055041963
-23.761651512387242,-14.43072852388874
-23.75667921084909,-14.429644512440296
-23.751706909310933,-14.42856002053038
-23.74673460777278,-14.427475047992735
-23.741762306234627,-14.42638959466103
-23.736790004696473,-14.425303660368872
-23.73181770315832,-14.4242172449499
-23.726845401620164,-14.42313034823766
-23.72187310008201,-14.422042970065695
-23.716900798543858,-14.42095511026746
-23.711928497005704,-14.41986676867644
-23.70695619546755,-14.418777945126
-23.701983893929395,-14.417688639449528
-23.69701159239124,-14.416598851480348
-23.69203929085309,-14.415508581051757
-23.687066989314935,-14.414417827996978
-23.682094687776782,-14.413326592149259
-23.677122386238626,-14.412234873341754
-23.672150084700473,-14.411142671407596
-23.66717778316232,-14.410049986179875
-23.662205481624166,-14.408956817491637
-23.657233180086013,-14.407863165175936
-23.652260878547857,-14.406769029065693
-23.647288577009704,-14.405674408993894
-23.64231627547155,-14.4045793047934
-23.637343973933397,-14.403483716297096
-23.632371672395244,-14.402387643337798
-23.627399370857088,-14.401291085748264
-23.622427069318935,-14.400194043361259
-23.61745476778078,-14.399096516009486
-23.61248246624263,-14.397998503525598
-23.607510164704475,-14.396900005742213
-23.60253786316632,-14.39580102249194
-23.597565561628166,-14.394701553607316
-23.592593260090013,-14.393601598920823
-23.58762095855186,-14.392501158264961
-23.582648657013703,-14.391400231472165
-23.57767635547555,-14.390298818374783
-23.572704053937397,-14.3891969188052
-23.567731752399244,-14.388094532595714
-23.56275945086109,-14.386991659578616
-23.557787149322934,-14.385888299586114
-23.55281484778478,-14.384784452450413
-23.547842546246628,-14.383680118003683
-23.542870244708475,-14.382575296078018
-23.53789794317032,-14.3814699865055
-23.532925641632165,-14.380364189118177
-23.52795334009401,-14.379257903748048
-23.52298103855586,-14.378151130227055
-23.518008737017706,-14.377043868387139
-23.513036435479552,-14.375936118060174
-23.508064133941396,-14.374827879078012
-23.503091832403243,-14.373719151272443
-23.49811953086509,-14.372609934475244
-23.493147229326937,-14.371500228518121
-23.488174927788783,-14.370390033232779
-23.483202626250627,-14.369279348450862
-23.478230324712474,-14.368168174003973
-23.47325802317432,-14.367056509723692
-23.468285721636168,-14.36594435544154
-23.463313420098014,-14.364831710989003
-23.458341118559858,-14.363718576197552
-23.453368817021705,-14.36260495089859
-23.44839651548355,-14.361490834923476
-23.4434242139454,-14.36037622810357
-23.438451912407245,-14.359261130270156
-23.43347961086909,-14.35814554125449
-23.428507309330936,-14.357029460887789
-23.423535007792783,-14.355912889001244
-23.41856270625463,-14.354795825425972
-23.413590404716476,-14.35367826999309
-23.40861810317832,-14.352560222533658
-23.403645801640167,-14.351441682878699
-23.398673500102014,-14.350322650859194
-23.39370119856386,-14.349203126306088
-23.388728897025707,-14.348083109050288
-23.38375659548755,-14.346962598922659
-23.378784293949398,-14.34584159575402
-23.373811992411245,-14.344720099375152
-23.36883969087309,-14.34359810961685
-23.36386738933494,-14.342475626309772
-23.358895087796782,-14.341352649284621
-23.35392278625863,-14.340229178372011
-23.348950484720476,-14.339105213402545
-23.343978183182323,-14.337980754206768
-23.339005881644166,-14.336855800615208
-23.334033580106013,-14.335730352458325
-23.32906127856786,-14.334604409566568
-23.324088977029707,-14.333477971770336
-23.319116675491554,-14.332351038899978
-23.314144373953397,-14.331223610785814
-23.309172072415244,-14.330095687258142
-23.30419977087709,-14.32896726814717
-23.299227469338938,-14.327838353283141
-23.294255167800785,-14.326708942496179
-23.289282866262628,-14.325579035616435
-23.284310564724475,-14.324448632473986
-23.27933826318632,-14.323317732898888
-23.27436596164817,-14.322186336721135
-23.269393660110016,-14.321054443770711
-23.26442135857186,-14.319922053877518
-23.259449057033706,-14.318789166871461
-23.254476755495553,-14.31765578258239
-23.2495044539574,-14.316521900840138
-23.244532152419247,-14.315387521474452
-23.23955985088109,-14.314252644315067
-23.234587549342937,-14.313117269191682
-23.229615247804784,-14.311981395933973
-23.22464294626663,-14.310845024371526
-23.219670644728478,-14.309708154333931
-23.21469834319032,-14.308570785650737
-23.209726041652168,-14.307432918151427
-23.204753740114015,-14.306294551665475
-23.19978143857586,-14.305155686022314
-23.19480913703771,-14.304016321051291
-23.189836835499552,-14.302876456581767
-23.1848645339614,-14.301736092443067
-23.179892232423246,-14.300595228464442
-23.174919930885093,-14.299453864475097
-23.16994762934694,-14.29831200030426
-23.164975327808783,-14.297169635781048
-23.16000302627063,-14.296026770734594
-23.155030724732477,-14.294883404993934
-23.150058423194324,-14.29373953838814
-23.14508612165617,-14.292595170746187
-23.140113820118014,-14.291450301897033
-23.13514151857986,-14.290304931669565
-23.130169217041708,-14.289159059892715
-23.125196915503555,-14.288012686395271
-23.1202246139654,-14.286865811006052
-23.115252312427245,-14.285718433553797
-23.110280010889092,-14.284570553867258
-23.10530770935094,-14.283422171775094
-23.100335407812786,-14.282273287105953
-23.09536310627463,-14.281123899688419
-23.090390804736476,-14.27997400935109
-23.085418503198323,-14.278823615922459
-23.08044620166017,-14.277672719231042
-23.075473900122017,-14.27652131910525
-23.07050159858386,-14.275369415373541
-23.065529297045707,-14.27421700786423
-23.060556995507554,-14.273064096405667
-23.0555846939694,-14.271910680826153
-23.050612392431248,-14.270756760953937
-23.04564009089309,-14.269602336617222
-23.040667789354938,-14.268447407644187
-23.035695487816785,-14.26729197386296
-23.03072318627863,-14.26613603510166
-23.02575088474048,-14.264979591188315
-23.020778583202322,-14.263822641950956
-23.01580628166417,-14.262665187217562
-23.010833980126016,-14.26150722681607
-23.005861678587863,-14.260348760574386
-23.00088937704971,-14.259189788320361
-22.995917075511553,-14.258030309881834
-22.9909447739734,-14.256870325086586
-22.985972472435247,-14.255709833762342
-22.981000170897094,-14.25454883573684
-22.97602786935894,-14.25338733083771
-22.971055567820784,-14.25222531889262
-22.96608326628263,-14.251062799729127
-22.961110964744478,-14.249899773174803
-22.956138663206325,-14.248736239057143
-22.95116636166817,-14.247572197203617
-22.946194060130015,-14.246407647441675
-22.941221758591862,-14.245242589598707
-22.93624945705371,-14.244077023502062
-22.931277155515556,-14.242910948979059
-22.926304853977403,-14.241744365856986
-22.921332552439246,-14.240577273963064
-22.916360250901093,-14.239409673124495
-22.91138794936294,-14.238241563168435
-22.906415647824787,-14.237072943922037
-22.901443346286634,-14.235903815212358
-22.896471044748477,-14.234734176866436
-22.891498743210324,-14.233564028711303
-22.88652644167217,-14.23239337057389
-22.881554140134018,-14.231222202281135
-22.876581838595865,-14.23005052365995
-22.871609537057708,-14.228878334537164
-22.866637235519555,-14.227705634739573
-22.8616649339814,-14.226532424093973
-22.85669263244325,-14.225358702427094
-22.851720330905092,-14.224184469565607
-22.84674802936694,-14.223009725336212
-22.841775727828786,-14.221834469565469
-22.836803426290633,-14.220658702079994
-22.83183112475248,-14.219482422706296
-22.826858823214323,-14.218305631270905
-22.82188652167617,-14.21712832760025
-22.816914220138017,-14.215950511520775
-22.811941918599864,-14.214772182858841
-22.80696961706171,-14.213593341440815
-22.801997315523554,-14.21241398709298
-22.7970250139854,-14.211234119641603
-22.792052712447248,-14.210053738912936
-22.787080410909095,-14.208872844733134
-22.78210810937094,-14.207691436928364
-22.777135807832785,-14.20650951532472
-22.772163506294632,-14.205327079748287
-22.76719120475648,-14.204144130025089
-22.762218903218326,-14.202960665981118
-22.757246601680173,-14.201776687442333
-22.752274300142016,-14.200592194234646
-22.747301998603863,-14.199407186183949
-22.74232969706571,-14.198221663116042
-22.737357395527557,-14.197035624856763
-22.732385093989404,-14.195849071231844
-22.727412792451247,-14.194662002067014
-22.722440490913094,-14.193474417187948
-22.71746818937494,-14.192286316420299
-22.712495887836788,-14.191097699589658
-22.707523586298635,-14.189908566521618
-22.702551284760478,-14.188718917041674
-22.697578983222325,-14.187528750975332
-22.692606681684172,-14.186338068148027
-22.68763438014602,-14.185146868385171
-22.682662078607866,-14.183955151512139
-22.67768977706971,-14.182762917354255
-22.672717475531556,-14.181570165736813
-22.667745173993403,-14.180376896485079
-22.66277287245525,-14.179183109424253
-22.657800570917097,-14.177988804379526
-22.65282826937894,-14.176793981176024
-22.647855967840787,-14.175598639638823
-22.642883666302634,-14.17440277959303
-22.63791136476448,-14.173206400863634
-22.632939063226328,-14.17200950327563
-22.62796676168817,-14.170812086653955
-22.622994460150018,-14.16961415082351
-22.618022158611865,-14.16841569560915
-22.61304985707371,-14.167216720835725
-22.608077555535555,-14.16601722632802
-22.603105253997402,-14.164817211910767
-22.59813295245925,-14.163616677408658
-22.593160650921096,-14.162415622646412
-22.588188349382943,-14.161214047448631
-22.583216047844786,-14.160011951639918
-22.578243746306633,-14.15880933504481
-22.57327144476848,-14.157606197487857
-22.568299143230327,-14.156402538793504
-22.563326841692174,-14.155198358786174
-22.558354540154017,-14.153993657290307
-22.553382238615864,-14.15278843413024
-22.54840993707771,-14.151582689130306
-22.543437635539558,-14.150376422114782
-22.538465334001405,-14.149169632907897
-22.533493032463248,-14.147962321333871
-22.528520730925095,-14.146754487216864
-22.523548429386942,-14.145546130381028
-22.51857612784879,-14.144337250650409
-22.513603826310636,-14.143127847849062
-22.50863152477248,-14.141917921801033
-22.503659223234326,-14.140707472330257
-22.498686921696173,-14.139496499260678
-22.49371462015802,-14.1382850024162
-22.488742318619867,-14.137072981620666
-22.48377001708171,-14.135860436697907
-22.478797715543557,-14.134647367471677
-22.473825414005404,-14.133433773765729
-22.46885311246725,-14.132219655403762
-22.463880810929098,-14.131005012209437
-22.45890850939094,-14.129789844006376
-22.453936207852788,-14.128574150618155
-22.448963906314635,-14.127357931868334
-22.443991604776482,-14.126141187580398
-22.43901930323833,-14.124923917577835
-22.434047001700172,-14.12370612168406
-22.42907470016202,-14.122487799722462
-22.424102398623866,-14.121268951516402
-22.419130097085713,-14.120049576889166
-22.41415779554756,-14.118829675664076
-22.409185494009403,-14.11760924766432
-22.40421319247125,-14.116388292713104
-22.399240890933097,-14.115166810633596
-22.394268589394944,-14.113944801248905
-22.38929628785679,-14.112722264382109
-22.384323986318634,-14.11149919985626
-22.37935168478048,-14.110275607494348
-22.374379383242328,-14.10905148711934
-22.369407081704175,-14.107826838554141
-22.364434780166018,-14.106601661621674
-22.359462478627865,-14.105375956144757
-22.354490177089712,-14.104149721946213
-22.34951787555156,-14.1029229588488
-22.344545574013406,-14.10169566667525
-22.33957327247525,-14.100467845248234
-22.334600970937096,-14.099239494390458
-22.329628669398943,-14.098010613924474
-22.32465636786079,-14.09678120367291
-22.319684066322637,-14.09555126345827
-22.31471176478448,-14.094320793103064
-22.309739463246327,-14.093089792429737
-22.304767161708174,-14.091858261260734
-22.29979486017002,-14.09062619941841
-22.294822558631868,-14.089393606725116
-22.28985025709371,-14.088160483003163
-22.284877955555558,-14.08692682807482
-22.279905654017405,-14.085692641762277
-22.274933352479252,-14.084457923887758
-22.2699610509411,-14.083222674273417
-22.264988749402942,-14.08198689274134
-22.26001644786479,-14.080750579113616
-22.255044146326636,-14.079513733212268
-22.250071844788483,-14.078276354859284
-22.24509954325033,-14.077038443876617
-22.240127241712173,-14.075800000086208
-22.23515494017402,-14.074561023309926
-22.230182638635867,-14.073321513369581
-22.225210337097714,-14.072081470087005
-22.22023803555956,-14.070840893283956
-22.215265734021404,-14.069599782782142
-22.21029343248325,-14.068358138403255
-22.205321130945098,-14.067115959968948
-22.200348829406945,-14.065873247300818
-22.195376527868792,-14.064630000220427
-22.190404226330635,-14.063386218549338
-22.185431924792482,-14.062141902108992
-22.18045962325433,-14.060897050720873
-22.175487321716176,-14.059651664206388
-22.170515020178023,-14.058405742386906
-22.165542718639866,-14.05715928508376
-22.160570417101713,-14.055912292118277
-22.15559811556356,-14.054664763311681
-22.150625814025407,-14.053416698485192
-22.145653512487254,-14.052168097460015
-22.140681210949097,-14.050918960057253
-22.135708909410944,-14.04966928609807
-22.13073660787279,-14.048419075403483
-22.125764306334638,-14.047168327794534
-22.12079200479648,-14.045917043092208
-22.115819703258328,-14.044665221117455
-22.110847401720175,-14.04341286169119
-22.105875100182022,-14.042159964634285
-22.10090279864387,-14.04090652976755
-22.095930497105712,-14.039652556911804
-22.09095819556756,-14.038398045887796
-22.085985894029406,-14.03714299651625
-22.081013592491253,-14.035887408617828
-22.0760412909531,-14.034631282013185
-22.071068989414943,-14.033374616522911
-22.06609668787679,-14.03211741196757
-22.061124386338637,-14.03085966816771
-22.056152084800484,-14.02960138494377
-22.05117978326233,-14.028342562116235
-22.046207481724174,-14.027083199505489
-22.04123518018602,-14.02582329693194
-22.036262878647868,-14.024562854215862
-22.031290577109715,-14.023301871177589
-22.026318275571562,-14.02204034763735
-22.021345974033405,-14.02077828341537
-22.016373672495252,-14.01951567833184
-22.0114013709571,-14.018252532206876
-22.006429069418946,-14.01698884486058
-22.001456767880793,-14.015724616113014
-21.996484466342636,-14.014459845784208
-21.991512164804483,-14.013194533694136
-21.98653986326633,-14.011928679662743
-21.981567561728177,-14.010662283509935
-21.976595260190024,-14.009395345055584
-21.971622958651867,-14.00812786411951
-21.966650657113714,-14.006859840521518
-21.96167835557556,-14.005591274081354
-21.956706054037408,-14.004322164618719
-21.951733752499255,-14.003052511953284
-21.946761450961098,-14.001782315904714
-21.941789149422945,-14.00051157629258
-21.936816847884792,-13.999240292936449
-21.93184454634664,-13.99796846565584
-21.926872244808486,-13.996696094270229
-21.92189994327033,-13.995423178599063
-21.916927641732176,-13.994149718461758
-21.911955340194023,-13.992875713677655
-21.90698303865587,-13.991601164066083
-21.902010737117713,-13.99032606944636
-21.89703843557956,-13.989050429637718
-21.892066134041407,-13.987774244459356
-21.887093832503254,-13.986497513730468
-21.8821215309651,-13.985220237270184
-21.877149229426944,-13.983942414897575
-21.87217692788879,-13.982664046431731
-21.867204626350638,-13.981385131691644
-21.862232324812485,-13.980105670496313
-21.857260023274332,-13.97882566266469
-21.852287721736175,-13.977545108015638
-21.847315420198022,-13.976264006368051
-21.84234311865987,-13.97498235754075
-21.837370817121716,-13.97370016135251
-21.832398515583563,-13.972417417622088
-21.827426214045406,-13.97113412616822
-21.822453912507253,-13.969850286809525
-21.8174816109691,-13.968565899364677
-21.812509309430947,-13.967280963652255
-21.807537007892794,-13.965995479490825
-21.802564706354637,-13.964709446698894
-21.797592404816484,-13.963422865094932
-21.79262010327833,-13.962135734497412
-21.787647801740178,-13.960848054724702
-21.782675500202025,-13.959559825595191
-21.77770319866387,-13.958271046927182
-21.772730897125715,-13.956981718538975
-21.767758595587562,-13.955691840248809
-21.76278629404941,-13.954401411874928
-21.757813992511256,-13.953110433235446
-21.7528416909731,-13.951818904148531
-21.747869389434946,-13.950526824432274
-21.742897087896793,-13.94923419390471
-21.73792478635864,-13.947941012383886
-21.732952484820487,-13.946647279687783
-21.72798018328233,-13.945352995634295
-21.723007881744177,-13.94405816004137
-21.718035580206024,-13.942762772726844
-21.71306327866787,-13.94146683350857
-21.708090977129718,-13.940170342204315
-21.70311867559156,-13.938873298631812
-21.698146374053408,-13.937575702608811
-21.693174072515255,-13.936277553952928
-21.688201770977102,-13.934978852481853
-21.68322946943895,-13.933679598013148
-21.678257167900792,-13.932379790364365
-21.67328486636264,-13.931079429353046
-21.668312564824486,-13.929778514796629
-21.663340263286333,-13.928477046512597
-21.658367961748176,-13.927175024318323
-21.653395660210023,-13.925872448031189
-21.64842335867187,-13.9245693174685
-21.643451057133717,-13.923265632447569
-21.638478755595564,-13.921961392785606
-21.633506454057407,-13.920656598299857
-21.628534152519254,-13.919351248807478
-21.6235618509811,-13.918045344125613
-21.618589549442948,-13.916738884071329
-21.613617247904795,-13.915431868461711
-21.60864494636664,-13.914124297113752
-21.603672644828485,-13.912816169844463
-21.598700343290332,-13.911507486470736
-21.59372804175218,-13.910198246809538
-21.588755740214026,-13.908888450677662
-21.58378343867587,-13.907578097891994
-21.578811137137716,-13.906267188269275
-21.573838835599563,-13.904955721626287
-21.56886653406141,-13.903643697779723
-21.563894232523257,-13.902331116546263
-21.5589219309851,-13.901017977742546
-21.553949629446947,-13.899704281185144
-21.548977327908794,-13.89839002669062
-21.54400502637064,-13.897075214075516
-21.539032724832488,-13.895759843156291
-21.53406042329433,-13.894443913749376
-21.52908812175618,-13.893127425671212
-21.524115820218025,-13.891810378738127
-21.519143518679872,-13.890492772766489
-21.51417121714172,-13.88917460757253
-21.509198915603562,-13.88785588297254
-21.50422661406541,-13.886536598782707
-21.499254312527256,-13.885216754819234
-21.494282010989103,-13.883896350898235
-21.48930970945095,-13.8825753868358
-21.484337407912793,-13.881253862448002
-21.47936510637464,-13.879931777550864
-21.474392804836487,-13.87860913196034
-21.469420503298334,-13.877285925492407
-21.46444820176018,-13.875962157962956
-21.459475900222024,-13.874637829187849
-21.45450359868387,-13.873312938982913
-21.449531297145718,-13.871987487163937
-21.444558995607565,-13.870661473546699
-21.439586694069412,-13.869334897946871
-21.434614392531255,-13.868007760180163
-21.429642090993102,-13.866680060062182
-21.42466978945495,-13.865351797408541
-21.419697487916796,-13.864022972034814
-21.41472518637864,-13.862693583756489
-21.409752884840486,-13.861363632389079
-21.404780583302333,-13.86003311774803
-21.39980828176418,-13.858702039648715
-21.394835980226027,-13.857370397906532
-21.38986367868787,-13.856038192336811
-21.384891377149717,-13.854705422754833
-21.379919075611564,-13.853372088975863
-21.37494677407341,-13.852038190815092
-21.369974472535258,-13.850703728087712
-21.3650021709971,-13.84936870060887
-21.36002986945895,-13.848033108193672
-21.355057567920795,-13.846696950657154
-21.350085266382642,-13.845360227814352
-21.34511296484449,-13.844022939480267
-21.340140663306332,-13.84268508546984
-21.33516836176818,-13.841346665597973
-21.330196060230026,-13.840007679679523
-21.325223758691873,-13.838668127529345
-21.32025145715372,-13.837328008962242
-21.315279155615563,-13.835987323792924
-21.31030685407741,-13.834646071836145
-21.305334552539257,-13.833304252906608
-21.300362251001104,-13.8319618668189
-21.29538994946295,-13.830618913387662
-21.290417647924794,-13.829275392427453
-21.28544534638664,-13.827931303752784
-21.28047304484849,-13.826586647178164
-21.275500743310335,-13.825241422518035
-21.270528441772182,-13.823895629586799
-21.265556140234025,-13.82254926819885
-21.260583838695872,-13.82120233816852
-21.25561153715772,-13.819854839310091
-21.250639235619566,-13.81850677143782
-21.245666934081413,-13.817158134365958
-21.240694632543256,-13.815808927908666
-21.235722331005103,-13.814459151880094
-21.23075002946695,-13.81310880609436
-21.225777727928797,-13.811757890365511
-21.220805426390644,-13.810406404507587
-21.215833124852487,-13.809054348334591
-21.210860823314334,-13.807701721660457
-21.20588852177618,-13.806348524299105
-21.200916220238028,-13.804994756064435
-21.195943918699875,-13.803640416770271
-21.19097161716172,-13.802285506230415
-21.185999315623565,-13.800930024258617
-21.181027014085412,-13.799573970668632
-21.17605471254726,-13.798217345274098
-21.171082411009102,-13.796860147888726
-21.16611010947095,-13.795502378326095
-21.161137807932796,-13.794144036399782
-21.156165506394643,-13.792785121923304
-21.15119320485649,-13.79142563471018
-21.146220903318333,-13.790065574573863
-21.14124860178018,-13.78870494132777
-21.136276300242027,-13.787343734785283
-21.131303998703874,-13.78598195475975
-21.12633169716572,-13.784619601064467
-21.121359395627564,-13.783256673512714
-21.11638709408941,-13.781893171917723
-21.11141479255126,-13.780529096092653
-21.106442491013105,-13.779164445850702
-21.101470189474952,-13.77779922100496
-21.096497887936795,-13.776433421368502
-21.091525586398642,-13.77506704675439
-21.08655328486049,-13.773700096975597
-21.081580983322336,-13.772332571845096
-21.076608681784183,-13.770964471175825
-21.071636380246026,-13.769595794780672
-21.066664078707873,-13.768226542472439
-21.06169177716972,-13.766856714064001
-21.056719475631567,-13.765486309368107
-21.051747174093414,-13.764115328197468
-21.046774872555257,-13.762743770364791
-21.041802571017104,-13.761371635682766
-21.03683026947895,-13.759998923963963
-21.031857967940798,-13.758625635021023
-21.026885666402645,-13.757251768666427
-21.02191336486449,-13.755877324712731
-21.016941063326335,-13.754502302972377
-21.011968761788182,-13.75312670325781
-21.00699646025003,-13.751750525381402
-21.002024158711876,-13.750373769155521
-20.99705185717372,-13.748996434392499
-20.992079555635566,-13.747618520904588
-20.987107254097413,-13.746240028504035
-20.98213495255926,-13.744860957003048
-20.977162651021107,-13.743481306213786
-20.97219034948295,-13.742101075948371
-20.967218047944797,-13.740720266018915
-20.962245746406644,-13.739338876237426
-20.95727344486849,-13.737956906415963
-20.952301143330338,-13.736574356366473
-20.94732884179218,-13.735191225900902
-20.94235654025403,-13.733807514831126
-20.937384238715875,-13.732423222969029
-20.932411937177722,-13.731038350126417
-20.927439635639566,-13.729652896115095
-20.922467334101412,-13.72826686074679
-20.91749503256326,-13.726880243833227
-20.912522731025106,-13.725493045186074
-20.907550429486953,-13.724105264616945
-20.902578127948797,-13.72271690193744
-20.897605826410643,-13.721327956959144
-20.89263352487249,-13.719938429493538
-20.887661223334337,-13.718548319352122
-20.882688921796184,-13.717157626346323
-20.877716620258028,-13.715766350287574
-20.872744318719874,-13.714374490987215
-20.86777201718172,-13.712982048256595
-20.86279971564357,-13.71158902190698
-20.857827414105415,-13.71019541174965
-20.85285511256726,-13.708801217595806
-20.847882811029105,-13.707406439256618
-20.842910509490952,-13.706011076543254
-20.8379382079528,-13.704615129266788
-20.832965906414646,-13.70321859723828
-20.82799360487649,-13.701821480268782
-20.823021303338336,-13.700423778169258
-20.818049001800183,-13.699025490750682
-20.81307670026203,-13.697626617823937
-20.808104398723877,-13.696227159199916
-20.80313209718572,-13.694827114689453
-20.798159795647567,-13.69342648410334
-20.793187494109414,-13.692025267252344
-20.78821519257126,-13.690623463947171
-20.783242891033108,-13.68922107399854
-20.77827058949495,-13.687818097217074
-20.7732982879568,-13.686414533413373
-20.768325986418645,-13.685010382398042
-20.763353684880492,-13.683605643981567
-20.75838138334234,-13.682200317974475
-20.753409081804183,-13.680794404187239
-20.74843678026603,-13.679387902430244
-20.743464478727876,-13.677980812513876
-20.738492177189723,-13.676573134248509
-20.73351987565157,-13.675164867444414
-20.728547574113414,-13.673756011911877
-20.72357527257526,-13.672346567461135
-20.718602971037107,-13.670936533902355
-20.713630669498954,-13.669525911045737
-20.7086583679608,-13.668114698701345
-20.703686066422645,-13.666702896679292
-20.69871376488449,-13.665290504789622
-20.69374146334634,-13.663877522842322
-20.688769161808185,-13.66246395064736
-20.68379686027003,-13.661049788014676
-20.678824558731876,-13.659635034754157
-20.673852257193722,-13.658219690675635
-20.66887995565557,-13.656803755588953
-20.663907654117416,-13.655387229303889
-20.65893535257926,-13.653970111630162
-20.653963051041107,-13.652552402377484
-20.648990749502953,-13.651134101355508
-20.6440184479648,-13.649715208373882
-20.639046146426647,-13.648295723242178
-20.63407384488849,-13.646875645769958
-20.629101543350338,-13.645454975766723
-20.624129241812184,-13.644033713041951
-20.61915694027403,-13.642611857405083
-20.61418463873588,-13.641189408665515
-20.60921233719772,-13.639766366632621
-20.60424003565957,-13.638342731115712
-20.599267734121415,-13.636918501924079
-20.594295432583262,-13.63549367886696
-20.58932313104511,-13.634068261753578
-20.584350829506953,-13.632642250393117
-20.5793785279688,-13.631215644594697
-20.574406226430646,-13.629788444167414
-20.569433924892493,-13.628360648920337
-20.56446162335434,-13.626932258662494
-20.559489321816184,-13.625503273202854
-20.55451702027803,-13.624073692350365
-20.549544718739877,-13.622643515913955
-20.544572417201724,-13.621212743702488
-20.53960011566357,-13.619781375524788
-20.534627814125415,-13.618349411189657
-20.52965551258726,-13.616916850505849
-20.52468321104911,-13.61548369328211
-20.519710909510955,-13.614049939327101
-20.514738607972802,-13.612615588449469
-20.509766306434646,-13.61118064045783
-20.504794004896493,-13.609745095160743
-20.49982170335834,-13.608308952366759
-20.494849401820186,-13.606872211884358
-20.489877100282033,-13.605434873522007
-20.484904798743877,-13.603996937088114
-20.479932497205724,-13.602558402391061
-20.47496019566757,-13.60111926923923
-20.469987894129417,-13.59967953744088
-20.465015592591264,-13.59823920680431
-20.460043291053108,-13.596798277137745
-20.455070989514955,-13.595356748249367
-20.4500986879768,-13.593914619947368
-20.44512638643865,-13.592471892039818
-20.44015408490049,-13.59102856433484
-20.43518178336234,-13.589584636640458
-20.430209481824186,-13.588140108764689
-20.425237180286032,-13.58669498051548
-20.42026487874788,-13.585249251700802
-20.415292577209723,-13.583802922128509
-20.41032027567157,-13.582355991606478
-20.405347974133416,-13.58090845994253
-20.400375672595263,-13.579460326944433
-20.39540337105711,-13.578011592419948
-20.390431069518954,-13.576562256176754
-20.3854587679808,-13.57511231802256
-20.380486466442647,-13.573661777764961
-20.375514164904494,-13.572210635211556
-20.37054186336634,-13.570758890169929
-20.365569561828185,-13.569306542447565
-20.36059726029003,-13.56785359185197
-20.35562495875188,-13.566400038190565
-20.350652657213725,-13.564945881270756
-20.345680355675572,-13.563491120899943
-20.340708054137416,-13.562035756885434
-20.335735752599263,-13.560579789034513
-20.33076345106111,-13.559123217154472
-20.325791149522956,-13.557666041052492
-20.320818847984803,-13.556208260535772
-20.315846546446647,-13.554749875411447
-20.310874244908494,-13.553290885486629
-20.30590194337034,-13.551831290568373
-20.300929641832187,-13.550371090463736
-20.295957340294034,-13.54891028497971
-20.290985038755878,-13.547448873923226
-20.286012737217725,-13.545986857101218
-20.28104043567957,-13.544524234320557
-20.27606813414142,-13.543061005388093
-20.271095832603265,-13.541597170110663
-20.26612353106511,-13.54013272829498
-20.261151229526956,-13.538667679747833
-20.256178927988802,-13.53720202427587
-20.25120662645065,-13.535735761685757
-20.246234324912496,-13.534268891784144
-20.24126202337434,-13.532801414377573
-20.236289721836187,-13.531333329272597
-20.231317420298033,-13.529864636275766
-20.22634511875988,-13.528395335193487
-20.221372817221727,-13.526925425832232
-20.21640051568357,-13.525454907998375
-20.211428214145418,-13.523983781498309
-20.206455912607264,-13.522512046138308
-20.20148361106911,-13.521039701724678
-20.196511309530955,-13.519566748063669
-20.1915390079928,-13.518093184961483
-20.18656670645465,-13.516619012224298
-20.181594404916495,-13.515144229658222
-20.176622103378342,-13.513668837069376
-20.171649801840186,-13.512192834263823
-20.166677500302033,-13.510716221047565
-20.16170519876388,-13.50923899722659
-20.156732897225726,-13.507761162606851
-20.151760595687573,-13.506282716994255
-20.146788294149417,-13.504803660194684
-20.141815992611264,-13.503323992013948
-20.13684369107311,-13.501843712257868
-20.131871389534957,-13.500362820732192
-20.126899087996804,-13.498881317242654
-20.121926786458648,-13.497399201594925
-20.116954484920495,-13.495916473594663
-20.11198218338234,-13.49443313304748
-20.10700988184419,-13.492949179758943
-20.102037580306035,-13.49146461353459
-20.09706527876788,-13.489979434179926
-20.092092977229726,-13.488493641500398
-20.087120675691573,-13.487007235301439
-20.08214837415342,-13.485520215388442
-20.077176072615266,-13.48403258156676
-20.07220377107711,-13.482544333641682
-20.067231469538957,-13.481055471418514
-20.062259168000804,-13.479565994702474
-20.05728686646265,-13.47807590329877
-20.052314564924497,-13.476585197012566
-20.04734226338634,-13.475093875648989
-20.042369961848188,-13.473601939013134
-20.037397660310035,-13.472109386910034
-20.03242535877188,-13.470616219144718
-20.02745305723373,-13.469122435522161
-20.02248075569557,-13.467628035847321
-20.01750845415742,-13.466133019925062
-20.012536152619266,-13.464637387560279
-20.007563851081112,-13.463141138557786
-20.00259154954296,-13.461644272722397
-19.997619248004803,-13.460146789858852
-19.99264694646665,-13.458648689771861
-19.987674644928497,-13.457149972266112
-19.982702343390343,-13.455650637146244
-19.97773004185219,-13.454150684216879
-19.972757740314034,-13.452650113282546
-19.96778543877588,-13.451148924147834
-19.962813137237728,-13.449647116617195
-19.957840835699574,-13.448144690495091
-19.952868534161418,-13.446641645585961
-19.947896232623265,-13.445137981694167
-19.94292393108511,-13.44363369862408
-19.93795162954696,-13.442128796179972
-19.932979328008805,-13.440623274166136
-19.92800702647065,-13.43911713238682
-19.923034724932496,-13.437610370646206
-19.918062423394343,-13.436102988748447
-19.91309012185619,-13.434594986497661
-19.908117820318036,-13.433086363697969
-19.90314551877988,-13.431577120153388
-19.898173217241727,-13.430067255667952
-19.893200915703574,-13.428556770045596
-19.88822861416542,-13.427045663090299
-19.883256312627267,-13.42553393460595
-19.87828401108911,-13.42402158439643
-19.873311709550958,-13.422508612265512
-19.868339408012805,-13.420995018017027
-19.86336710647465,-13.419480801454734
-19.8583948049365,-13.417965962382318
-19.853422503398342,-13.416450500603487
-19.84845020186019,-13.414934415921861
-19.843477900322036,-13.413417708141042
-19.838505598783883,-13.41190037706462
-19.83353329724573,-13.410382422496118
-19.828560995707573,-13.408863844239002
-19.82358869416942,-13.407344642096753
-19.818616392631267,-13.405824815872808
-19.813644091093114,-13.404304365370505
-19.80867178955496,-13.402783290393213
-19.803699488016804,-13.40126159074424
-19.79872718647865,-13.399739266226865
-19.793754884940498,-13.398216316644312
-19.788782583402345,-13.396692741799763
-19.78381028186419,-13.395168541496409
-19.778837980326035,-13.393643715537353
-19.77386567878788,-13.392118263725678
-19.76889337724973,-13.390592185864456
-19.763921075711576,-13.389065481756674
-19.758948774173422,-13.38753815120532
-19.753976472635266,-13.386010194013329
-19.749004171097113,-13.384481609983608
-19.74403186955896,-13.382952398919027
-19.739059568020807,-13.38142256062239
-19.734087266482653,-13.379892094896508
-19.729114964944497,-13.37836100154413
-19.724142663406344,-13.376829280367971
-19.71917036186819,-13.375296931170707
-19.714198060330038,-13.37376395375501
-19.70922575879188,-13.372230347923429
-19.704253457253728,-13.370696113478589
-19.699281155715575,-13.369161250222986
-19.69430885417742,-13.36762575795912
-19.68933655263927,-13.36608963648949
-19.684364251101112,-13.364552885616465
-19.67939194956296,-13.363015505142464
-19.674419648024806,-13.36147749486982
-19.669447346486653,-13.35993885460084
-19.6644750449485,-13.358399584137821
-19.659502743410343,-13.356859683282966
-19.65453044187219,-13.355319151838497
-19.649558140334037,-13.353777989606595
-19.644585838795884,-13.352236196389347
-19.63961353725773,-13.350693771988874
-19.634641235719574,-13.349150716207209
-19.62966893418142,-13.347607028846395
-19.624696632643268,-13.346062709708375
-19.619724331105115,-13.344517758595146
-19.61475202956696,-13.34297217530855
-19.609779728028805,-13.341425959650486
-19.604807426490652,-13.339879111422796
-19.5998351249525,-13.338331630427268
-19.594862823414346,-13.336783516465662
-19.589890521876193,-13.335234769339687
-19.584918220338036,-13.33368538885105
-19.579945918799883,-13.332135374801394
-19.57497361726173,-13.330584726992326
-19.570001315723577,-13.329033445225406
-19.565029014185424,-13.327481529302212
-19.560056712647267,-13.325928979024194
-19.555084411109114,-13.324375794192868
-19.55011210957096,-13.322821974609635
-19.545139808032808,-13.32126752007589
-19.540167506494655,-13.319712430392986
-19.535195204956498,-13.318156705362233
-19.530222903418345,-13.316600344784934
-19.52525060188019,-13.31504334846233
-19.52027830034204,-13.313485716195599
-19.515305998803886,-13.311927447785958
-19.51033369726573,-13.310368543034516
-19.505361395727576,-13.308809001742357
-19.500389094189423,-13.307248823710573
-19.49541679265127,-13.305688008740168
-19.490444491113116,-13.30412655663214
-19.48547218957496,-13.302564467187437
-19.480499888036807,-13.301001740206972
-19.475527586498654,-13.299438375491622
-19.4705552849605,-13.297874372842223
-19.465582983422344,-13.296309732059598
-19.46061068188419,-13.294744452944506
-19.455638380346038,-13.293178535297667
-19.450666078807885,-13.29161197891979
-19.44569377726973,-13.290044783611537
-19.440721475731575,-13.288476949173502
-19.435749174193422,-13.2869084754063
-19.43077687265527,-13.28533936211047
-19.425804571117116,-13.28376960908652
-19.420832269578963,-13.282199216134929
-19.415859968040806,-13.280628183056127
-19.410887666502653,-13.279056509650527
-19.4059153649645,-13.277484195718483
-19.400943063426347,-13.275911241060342
-19.395970761888194,-13.274337645476372
-19.390998460350037,-13.272763408766869
-19.386026158811884,-13.271188530732006
-19.38105385727373,-13.269613011171984
-19.376081555735578,-13.268036849886956
-19.371109254197425,-13.26646004667703
-19.366136952659268,-13.264882601342254
-19.361164651121115,-13.263304513682703
-19.35619234958296,-13.26172578349836
-19.35122004804481,-13.260146410589183
-19.346247746506656,-13.25856639475511
-19.3412754449685,-13.256985735796015
-19.336303143430346,-13.255404433511767
-19.331330841892193,-13.253822487702184
-19.32635854035404,-13.252239898167037
-19.321386238815887,-13.250656664706078
-19.31641393727773,-13.249072787119012
-19.311441635739577,-13.247488265205504
-19.306469334201424,-13.245903098765217
-19.30149703266327,-13.244317287597708
-19.296524731125118,-13.242730831502568
-19.29155242958696,-13.241143730279322
-19.286580128048808,-13.23955598372744
-19.281607826510655,-13.237967591646388
-19.2766355249725,-13.236378553835593
-19.27166322343435,-13.234788870094416
-19.266690921896192,-13.233198540222212
-19.26171862035804,-13.23160756401829
-19.256746318819886,-13.230015941281914
-19.251774017281733,-13.228423671812308
-19.24680171574358,-13.226830755408695
-19.241829414205423,-13.225237191870226
-19.23685711266727,-13.223642980996011
-19.231884811129117,-13.222048122585175
-19.226912509590964,-13.220452616436727
-19.221940208052807,-13.21885646234971
-19.216967906514654,-13.217259660123108
-19.2119956049765,-13.215662209555841
-19.207023303438348,-13.214064110446843
-19.202051001900195,-13.212465362594951
-19.197078700362038,-13.210865965799044
-19.192106398823885,-13.209265919857877
-19.187134097285732,-13.20766522457024
-19.18216179574758,-13.206063879734847
-19.177189494209426,-13.20446188515039
-19.17221719267127,-13.202859240615522
-19.167244891133116,-13.20125594592886
-19.162272589594963,-13.19965200088898
-19.15730028805681,-13.198047405294442
-19.152327986518657,-13.196442158943729
-19.1473556849805,-13.19483626163533
-19.142383383442347,-13.19322971316767
-19.137411081904194,-13.191622513339153
-19.13243878036604,-13.190014661948135
-19.127466478827888,-13.188406158792954
-19.12249417728973,-13.1867970036719
-19.117521875751578,-13.185187196383216
-19.112549574213425,-13.183576736725136
-19.10757727267527,-13.181965624495817
-19.10260497113712,-13.180353859493419
-19.097632669598962,-13.178741441516062
-19.09266036806081,-13.17712837036179
-19.087688066522656,-13.175514645828658
-19.082715764984503,-13.173900267714693
-19.07774346344635,-13.17228523581779
-19.072771161908193,-13.17066954993593
-19.06779886037004,-13.169053209867007
-19.062826558831887,-13.167436215408848
-19.057854257293734,-13.165818566359292
-19.05288195575558,-13.164200262516125
-19.047909654217424,-13.162581303677069
-19.04293735267927,-13.160961689639866
-19.037965051141118,-13.15934142020216
-19.032992749602965,-13.15772049516162
-19.02802044806481,-13.156098914315837
-19.023048146526655,-13.154476677462368
-19.018075844988502,-13.152853784398747
-19.01310354345035,-13.151230234922478
-19.008131241912196,-13.149606028831014
-19.003158940374043,-13.147981165921768
-18.998186638835886,-13.146355645992147
-18.993214337297733,-13.14472946883947
-18.98824203575958,-13.143102634261075
-18.983269734221427,-13.141475142054238
-18.97829743268327,-13.139846992016189
-18.973325131145117,-13.138218183944144
-18.968352829606964,-13.136588717635252
-18.96338052806881,-13.13495859288668
-18.958408226530658,-13.1333278094955
-18.9534359249925,-13.131696367258785
-18.948463623454348,-13.130064265973541
-18.943491321916195,-13.128431505436795
-18.938519020378042,-13.126798085445476
-18.93354671883989,-13.125164005796487
-18.928574417301732,-13.123529266286733
-18.92360211576358,-13.121893866713048
-18.918629814225426,-13.120257806872246
-18.913657512687273,-13.118621086561088
-18.90868521114912,-13.116983705576331
-18.903712909610963,-13.115345663714661
-18.89874060807281,-13.113706960772747
-18.893768306534657,-13.112067596547226
-18.888796004996504,-13.110427570834668
-18.88382370345835,-13.108786883431657
-18.878851401920194,-13.107145534134707
-18.87387910038204,-13.105503522740303
-18.868906798843888,-13.103860849044874
-18.863934497305735,-13.102217512844863
-18.85896219576758,-13.10057351393664
-18.853989894229425,-13.098928852116524
-18.849017592691272,-13.097283527180858
-18.84404529115312,-13.095637538925883
-18.839072989614966,-13.093990887147841
-18.834100688076813,-13.092343571642942
-18.829128386538656,-13.090695592207325
-18.824156085000503,-13.08904694863714
-18.81918378346235,-13.087397640728463
-18.814211481924197,-13.085747668277332
-18.809239180386044,-13.0840970310798
-18.804266878847887,-13.082445728931843
-18.799294577309734,-13.080793761629389
-18.79432227577158,-13.079141128968368
-18.789349974233428,-13.077487830744642
-18.784377672695275,-13.075833866754046
-18.779405371157118,-13.0741792367924
-18.774433069618965,-13.072523940655469
-18.769460768080812,-13.070867978138978
-18.76448846654266,-13.069211349038614
-18.759516165004506,-13.067554053150054
-18.75454386346635,-13.065896090268922
-18.749571561928196,-13.064237460190805
-18.744599260390043,-13.062578162711239
-18.73962695885189,-13.060918197625769
-18.734654657313733,-13.05925756472985
-18.72968235577558,-13.057596263818956
-18.724710054237427,-13.05593429468845
-18.719737752699274,-13.054271657133764
-18.71476545116112,-13.052608350950198
-18.709793149622964,-13.05094437593306
-18.70482084808481,-13.049279731877629
-18.699848546546658,-13.04761441857914
-18.694876245008505,-13.045948435832761
-18.689903943470352,-13.044281783433679
-18.684931641932195,-13.042614461176997
-18.679959340394042,-13.040946468857816
-18.67498703885589,-13.039277806271196
-18.670014737317736,-13.037608473212133
-18.665042435779583,-13.035938469475624
-18.660070134241426,-13.034267794856607
-18.655097832703273,-13.032596449149988
-18.65012553116512,-13.030924432150652
-18.645153229626967,-13.029251743653443
-18.640180928088814,-13.027578383453145
-18.635208626550657,-13.025904351344538
-18.630236325012504,-13.024229647122338
-18.62526402347435,-13.022554270581267
-18.620291721936198,-13.02087822151597
-18.615319420398045,-13.019201499721072
-18.610347118859888,-13.017524104991159
-18.605374817321735,-13.015846037120792
-18.600402515783582,-13.014167295904487
-18.59543021424543,-13.012487881136718
-18.590457912707276,-13.01080779261193
-18.58548561116912,-13.009127030124558
-18.580513309630966,-13.007445593468967
-18.575541008092813,-13.005763482439486
-18.57056870655466,-13.004080696830425
-18.565596405016507,-13.00239723643605
-18.56062410347835,-13.000713101050598
-18.555651801940197,-12.999028290468274
-18.550679500402044,-12.997342804483223
-18.54570719886389,-12.995656642889605
-18.540734897325738,-12.993969805481461
-18.53576259578758,-12.992282292052874
-18.530790294249428,-12.990594102397882
-18.525817992711275,-12.988905236310446
-18.520845691173122,-12.98721569358452
-18.51587338963497,-12.985525474014018
-18.510901088096812,-12.983834577392816
-18.50592878655866,-12.98214300351476
-18.500956485020506,-12.98045075217367
-18.495984183482353,-12.978757823163303
-18.491011881944196,-12.97706421627738
-18.486039580406043,-12.975369931309627
-18.48106727886789,-12.973674968053714
-18.476094977329737,-12.971979326303252
-18.471122675791584,-12.970283005851826
-18.466150374253427,-12.968586006493036
-18.461178072715274,-12.966888328020373
-18.45620577117712,-12.965189970227337
-18.451233469638968,-12.963490932907375
-18.446261168100815,-12.961791215853907
-18.441288866562658,-12.960090818860312
-18.436316565024505,-12.95838974171995
-18.431344263486352,-12.956687984226122
-18.4263719619482,-12.954985546172104
-18.421399660410046,-12.953282427351139
-18.41642735887189,-12.951578627556428
-18.411455057333736,-12.949874146581159
-18.406482755795583,-12.948168984218432
-18.40151045425743,-12.946463140261375
-18.396538152719277,-12.944756614503047
-18.39156585118112,-12.943049406736474
-18.386593549642967,-12.941341516754653
-18.381621248104814,-12.939632944350535
-18.37664894656666,-12.937923689317044
-18.371676645028508,-12.936213751447077
-18.36670434349035,-12.93450313053347
-18.361732041952198,-12.932791826369055
-18.356759740414045,-12.93107983874661
-18.351787438875892,-12.92936716745887
-18.34681513733774,-12.927653812298562
-18.341842835799582,-12.92593977305836
-18.33687053426143,-12.92422504953089
-18.331898232723276,-12.922509641508777
-18.326925931185123,-12.920793548784575
-18.32195362964697,-12.919076771150822
-18.316981328108813,-12.917359308400034
-18.31200902657066,-12.915641160324657
-18.307036725032507,-12.913922326717127
-18.302064423494354,-12.912202807369846
-18.2970921219562,-12.910482602075152
-18.292119820418044,-12.908761710625381
-18.28714751887989,-12.907040132812826
-18.282175217341738,-12.905317868429753
-18.277202915803585,-12.90359491726834
-18.272230614265432,-12.901871279120813
-18.267258312727275,-12.900146953779286
-18.262286011189122,-12.898421941035895
-18.25731370965097,-12.896696240682706
-18.252341408112816,-12.89496985251177
-18.24736910657466,-12.89324277631509
-18.242396805036506,-12.891515011884639
-18.237424503498353,-12.889786559012334
-18.2324522019602,-12.888057417490117
-18.227479900422047,-12.886327587109834
-18.22250759888389,-12.88459706766332
-18.217535297345737,-12.882865858942349
-18.212562995807584,-12.881133960738728
-18.20759069426943,-12.879401372844153
-18.202618392731278,-12.877668095050316
-18.19764609119312,-12.875934127148875
-18.192673789654968,-12.874199468931478
-18.187701488116815,-12.872464120189676
-18.182729186578662,-12.870728080715027
-18.17775688504051,-12.868991350299067
-18.172784583502352,-12.86725392873327
-18.1678122819642,-12.865515815809054
-18.162839980426046,-12.863777011317872
-18.157867678887893,-12.862037515051089
-18.15289537734974,-12.860297326800023
-18.147923075811583,-12.85855644635601
-18.14295077427343,-12.85681487351031
-18.137978472735277,-12.855072608054158
-18.133006171197124,-12.85332964977876
-18.12803386965897,-12.851585998475276
-18.123061568120814,-12.849841653934837
-18.11808926658266,-12.84809661594855
-18.113116965044508,-12.84635088430747
-18.108144663506355,-12.844604458802632
-18.103172361968202,-12.842857339225016
-18.098200060430045,-12.841109525365574
-18.093227758891892,-12.83936101701526
-18.08825545735374,-12.83761181396493
-18.083283155815586,-12.835861916005454
-18.078310854277433,-12.834111322927622
-18.073338552739276,-12.832360034522251
-18.068366251201123,-12.830608050580073
-18.06339394966297,-12.828855370891807
-18.058421648124817,-12.827101995248128
-18.053449346586664,-12.825347923439665
-18.048477045048507,-12.823593155257054
-18.043504743510354,-12.821837690490847
-18.0385324419722,-12.8200815289316
-18.033560140434048,-12.818324670369806
-18.028587838895895,-12.81656711459592
-18.02361553735774,-12.814808861400412
-18.018643235819585,-12.81304991057365
-18.013670934281432,-12.81129026190601
-18.00869863274328,-12.80952991518783
-18.003726331205122,-12.807768870209388
-17.99875402966697,-12.806007126760951
-17.993781728128816,-12.804244684632767
-17.988809426590663,-12.802481543614991
-17.98383712505251,-12.800717703497808
-17.978864823514353,-12.798953164071325
-17.9738925219762,-12.797187925125641
-17.968920220438047,-12.795421986450778
-17.963947918899894,-12.793655347836784
-17.95897561736174,-12.791888009073633
-17.954003315823584,-12.79011996995128
-17.94903101428543,-12.788351230259616
-17.944058712747278,-12.786581789788542
-17.939086411209125,-12.784811648327882
-17.934114109670972,-12.783040805667474
-17.929141808132815,-12.781269261597064
-17.924169506594662,-12.779497015906411
-17.91919720505651,-12.777724068385208
-17.914224903518356,-12.775950418823125
-17.909252601980203,-12.774176067009803
-17.904280300442046,-12.772401012734864
-17.899307998903893,-12.770625255787849
-17.89433569736574,-12.768848795958291
-17.889363395827587,-12.767071633035687
-17.884391094289434,-12.765293766809505
-17.87941879275128,-12.76351519706917
-17.874446491213128,-12.761735923604093
-17.869474189674968,-12.759955946203599
-17.864501888136815,-12.758175264657053
-17.85952958659866,-12.75639387875374
-17.85455728506051,-12.754611788282865
-17.849584983522355,-12.752828993033702
-17.844612681984202,-12.751045492795425
-17.83964038044605,-12.749261287357175
-17.834668078907896,-12.747476376508082
-17.829695777369743,-12.74569076003722
-17.82472347583159,-12.743904437733638
-17.81975117429343,-12.742117409386355
-17.814778872755276,-12.740329674784356
-17.809806571217123,-12.738541233716576
-17.80483426967897,-12.736752085971924
-17.799861968140817,-12.734962231339264
-17.794889666602664,-12.733171669607467
-17.78991736506451,-12.731380400565333
-17.784945063526358,-12.729588424001621
-17.779972761988205,-12.727795739705074
-17.77500046045005,-12.726002347464402
-17.77002815891189,-12.724208247068264
-17.76505585737374,-12.722413438305303
-17.760083555835585,-12.72061792096412
-17.755111254297432,-12.71882169483328
-17.75013895275928,-12.717024759701312
-17.745166651221126,-12.715227115356717
-17.740194349682973,-12.713428761587949
-17.73522204814482,-12.711629698183447
-17.730249746606667,-12.709829924931597
-17.725277445068514,-12.708029441620772
-17.720305143530354,-12.706228248039285
-17.7153328419922,-12.70442634397542
-17.710360540454047,-12.702623729217464
-17.705388238915894,-12.700820403553614
-17.70041593737774,-12.699016366772073
-17.695443635839588,-12.697211618660976
-17.690471334301435,-12.695406159008465
-17.685499032763282,-12.693599987602601
-17.68052673122513,-12.691793104231465
-17.675554429686976,-12.689985508683034
-17.670582128148816,-12.688177200745326
-17.665609826610662,-12.686368180206278
-17.66063752507251,-12.684558446853808
-17.655665223534356,-12.682748000475783
-17.650692921996203,-12.680936840860042
-17.64572062045805,-12.67912496779444
-17.640748318919897,-12.677312381066713
-17.635776017381744,-12.675499080464604
-17.63080371584359,-12.673685065775851
-17.62583141430543,-12.671870336788102
-17.620859112767278,-12.670054893289
-17.615886811229124,-12.66823873506616
-17.61091450969097,-12.666421861907153
-17.60594220815282,-12.664604273599517
-17.600969906614665,-12.662785969930749
-17.595997605076512,-12.660966950688325
-17.59102530353836,-12.659147215659676
-17.586053002000206,-12.657326764632211
-17.581080700462053,-12.65550559739329
-17.576108398923893,-12.65368371373023
-17.57113609738574,-12.651861113430368
-17.566163795847586,-12.650037796280937
-17.561191494309433,-12.648213762069174
-17.55621919277128,-12.646389010582284
-17.551246891233127,-12.644563541607424
-17.546274589694974,-12.642737354931732
-17.54130228815682,-12.640910450342275
-17.536329986618668,-12.63908282762614
-17.531357685080515,-12.637254486570352
-17.526385383542355,-12.635425426961886
-17.5214130820042,-12.633595648587713
-17.51644078046605,-12.631765151234758
-17.511468478927895,-12.629933934689895
-17.506496177389742,-12.628101998739997
-17.50152387585159,-12.626269343171883
-17.496551574313436,-12.624435967772333
-17.491579272775283,-12.622601872328124
-17.48660697123713,-12.620767056625942
-17.481634669698977,-12.618931520452488
-17.476662368160817,-12.617095263594413
-17.471690066622664,-12.615258285838344
-17.46671776508451,-12.613420586970864
-17.461745463546357,-12.611582166778513
-17.456773162008204,-12.609743025047823
-17.45180086047005,-12.607903161565254
-17.446828558931898,-12.606062576117266
-17.441856257393745,-12.604221268490283
-17.436883955855592,-12.602379238470661
-17.43191165431744,-12.600536485844787
-17.42693935277928,-12.59869301039893
-17.421967051241126,-12.596848811919394
-17.416994749702972,-12.595003890192418
-17.41202244816482,-12.593158245004215
-17.407050146626666,-12.591311876140953
-17.402077845088513,-12.589464783388806
-17.39710554355036,-12.587616966533831
-17.392133242012207,-12.585768425362145
-17.387160940474054,-12.583919159659791
-17.382188638935894,-12.582069169212753
-17.37721633739774,-12.580218453807024
-17.372244035859588,-12.578367013228545
-17.367271734321434,-12.576514847263205
-17.36229943278328,-12.57466195569689
-17.35732713124513,-12.572808338315445
-17.352354829706975,-12.570953994904661
-17.347382528168822,-12.56909892525033
-17.34241022663067,-12.567243129138177
-17.337437925092516,-12.565386606353892
-17.332465623554356,-12.563529356683171
-17.327493322016203,-12.56167137991163
-17.32252102047805,-12.559812675824888
-17.317548718939896,-12.557953244208518
-17.312576417401743,-12.556093084848039
-17.30760411586359,-12.554232197528965
-17.302631814325437,-12.55237058203675
-17.297659512787284,-12.550508238156857
-17.29268721124913,-12.548645165674662
-17.287714909710978,-12.546781364375526
-17.282742608172818,-12.544916834044813
-17.277770306634665,-12.543051574467793
-17.27279800509651,-12.541185585429748
-17.26782570355836,-12.539318866715922
-17.262853402020205,-12.537451418111472
-17.257881100482052,-12.535583239401616
-17.2529087989439,-12.533714330371463
-17.247936497405746,-12.531844690806102
-17.242964195867593,-12.52997432049061
-17.23799189432944,-12.528103219210015
-17.23301959279128,-12.526231386749304
-17.228047291253127,-12.524358822893458
-17.223074989714974,-12.52248552742741
-17.21810268817682,-12.520611500136038
-17.213130386638667,-12.518736740804211
-17.208158085100514,-12.516861249216781
-17.20318578356236,-12.514985025158516
-17.198213482024208,-12.513108068414187
-17.193241180486055,-12.511230378768525
-17.188268878947902,-12.509351956006242
-17.18329657740974,-12.50747279991197
-17.17832427587159,-12.505592910270353
-17.173351974333436,-12.503712286866005
-17.168379672795282,-12.501830929483456
-17.16340737125713,-12.499948837907244
-17.158435069718976,-12.498066011921878
-17.153462768180823,-12.496182451311817
-17.14849046664267,-12.49429815586147
-17.143518165104517,-12.492413125355258
-17.138545863566357,-12.490527359577511
-17.133573562028204,-12.488640858312582
-17.12860126049005,-12.48675362134477
-17.123628958951898,-12.48486564845831
-17.118656657413744,-12.482976939437453
-17.11368435587559,-12.481087494066388
-17.10871205433744,-12.47919731212927
-17.103739752799285,-12.477306393410235
-17.098767451261132,-12.475414737693363
-17.09379514972298,-12.473522344762742
-17.08882284818482,-12.471629214402363
-17.083850546646666,-12.469735346396257
-17.078878245108513,-12.467840740528356
-17.07390594357036,-12.465945396582603
-17.068933642032206,-12.464049314342896
-17.063961340494053,-12.462152493593083
-17.0589890389559,-12.460254934117014
-17.054016737417747,-12.45835663569846
-17.049044435879594,-12.456457598121201
-17.04407213434144,-12.45455782116894
-17.03909983280328,-12.452657304625403
-17.034127531265128,-12.45075604827423
-17.029155229726975,-12.448854051899046
-17.02418292818882,-12.446951315283469
-17.01921062665067,-12.445047838211046
-17.014238325112515,-12.443143620465316
-17.009266023574362,-12.44123866182976
-17.00429372203621,-12.439332962087844
-16.999321420498056,-12.437426521023019
-16.994349118959903,-12.435519338418645
-16.989376817421743,-12.433611414058113
-16.98440451588359,-12.431702747724747
-16.979432214345437,-12.429793339201835
-16.974459912807284,-12.427883188272649
-16.96948761126913,-12.42597229472041
-16.964515309730977,-12.424060658328333
-16.959543008192824,-12.422148278879568
-16.95457070665467,-12.420235156157256
-16.949598405116518,-12.418321289944476
-16.944626103578365,-12.416406680024306
-16.939653802040205,-12.414491326179789
-16.93468150050205,-12.412575228193909
-16.9297091989639,-12.410658385849638
-16.924736897425745,-12.408740798929895
-16.919764595887592,-12.4068224672176
-16.91479229434944,-12.404903390495605
-16.909819992811286,-12.402983568546755
-16.904847691273133,-12.401063001153856
-16.89987538973498,-12.39914168809966
-16.89490308819682,-12.397219629166894
-16.889930786658667,-12.395296824138283
-16.884958485120514,-12.393373272796483
-16.87998618358236,-12.391448974924137
-16.875013882044207,-12.389523930303836
-16.870041580506054,-12.387598138718165
-16.8650692789679,-12.38567159994965
-16.860096977429748,-12.3837443137808
-16.855124675891595,-12.381816279994082
-16.850152374353442,-12.379887498371932
-16.845180072815282,-12.377957968696757
-16.84020777127713,-12.376027690750949
-16.835235469738976,-12.37409666431681
-16.830263168200823,-12.372164889176686
-16.82529086666267,-12.370232365112823
-16.820318565124516,-12.368299091907483
-16.815346263586363,-12.366365069342852
-16.81037396204821,-12.364430297201112
-16.805401660510057,-12.36249477526441
-16.800429358971904,-12.360558503314868
-16.795457057433744,-12.358621481134527
-16.79048475589559,-12.356683708505454
-16.785512454357438,-12.354745185209676
-16.780540152819285,-12.352805911029145
-16.77556785128113,-12.350865885745812
-16.77059554974298,-12.348925109141598
-16.765623248204825,-12.346983580998389
-16.760650946666672,-12.345041301098007
-16.75567864512852,-12.343098269222285
-16.750706343590366,-12.341154485152995
-16.745734042052206,-12.339209948671908
-16.740761740514053,-12.33726465956071
-16.7357894389759,-12.335318617601114
-16.730817137437747,-12.333371822574733
-16.725844835899593,-12.331424274263219
-16.72087253436144,-12.329475972448158
-16.715900232823287,-12.327526916911083
-16.710927931285134,-12.325577107433508
-16.70595562974698,-12.323626543796951
-16.700983328208828,-12.321675225782863
-16.696011026670668,-12.319723153172633
-16.691038725132515,-12.317770325747679
-16.68606642359436,-12.315816743289346
-16.68109412205621,-12.313862405578956
-16.676121820518055,-12.31190731239783
-16.671149518979902,-12.309951463527193
-16.66617721744175,-12.307994858748277
-16.661204915903596,-12.306037497842286
-16.656232614365443,-12.304079380590384
-16.651260312827283,-12.302120506773694
-16.64628801128913,-12.300160876173312
-16.641315709750977,-12.298200488570293
-16.636343408212824,-12.296239343745684
-16.63137110667467,-12.294277441480476
-16.626398805136517,-12.292314781555632
-16.621426503598364,-12.29035136375209
-16.61645420206021,-12.28838718785076
-16.611481900522058,-12.286422253632486
-16.606509598983905,-12.284456560878146
-16.601537297445745,-12.282490109368482
-16.596564995907592,-12.280522898884325
-16.59159269436944,-12.27855492920639
-16.586620392831286,-12.27658620011538
-16.581648091293133,-12.274616711391962
-16.57667578975498,-12.272646462816795
-16.571703488216826,-12.270675454170483
-16.566731186678673,-12.268703685233604
-16.56175888514052,-12.266731155786688
-16.556786583602367,-12.26475786561026
-16.551814282064207,-12.2627838144848
-16.546841980526054,-12.260809002190754
-16.5418696789879,-12.258833428508522
-16.536897377449748,-12.256857093218523
-16.531925075911595,-12.254879996101064
-16.52695277437344,-12.25290213693649
-16.52198047283529,-12.250923515505086
-16.517008171297135,-12.248944131587086
-16.512035869758982,-12.246963984962722
-16.50706356822083,-12.244983075412206
-16.50209126668267,-12.243001402715644
-16.497118965144516,-12.241018966653206
-16.492146663606363,-12.239035767004955
-16.48717436206821,-12.237051803550969
-16.482202060530057,-12.235067076071273
-16.477229758991903,-12.233081584345841
-16.47225745745375,-12.231095328154648
-16.467285155915597,-12.229108307277642
-16.462312854377444,-12.227120521494705
-16.45734055283929,-12.225131970585704
-16.45236825130113,-12.22314265433047
-16.447395949762978,-12.221152572508805
-16.442423648224825,-12.219161724900482
-16.43745134668667,-12.217170111285256
-16.43247904514852,-12.215177731442807
-16.427506743610365,-12.21318458515281
-16.422534442072212,-12.211190672194906
-16.41756214053406,-12.209195992348722
-16.412589838995906,-12.20720054539381
-16.407617537457746,-12.205204331109728
-16.402645235919593,-12.203207349275994
-16.39767293438144,-12.201209599672085
-16.392700632843287,-12.199211082077438
-16.387728331305134,-12.19721179627148
-16.38275602976698,-12.195211742033592
-16.377783728228827,-12.193210919143121
-16.372811426690674,-12.191209327379408
-16.36783912515252,-12.189206966521708
-16.362866823614368,-12.187203836349298
-16.357894522076208,-12.185199936641402
-16.352922220538055,-12.183195267177204
-16.347949918999902,-12.18118982773587
-16.34297761746175,-12.179183618096522
-16.338005315923596,-12.177176638038274
-16.333033014385443,-12.175168887340163
-16.32806071284729,-12.173160365781241
-16.323088411309136,-12.1711510731405
-16.318116109770983,-12.169141009196894
-16.31314380823283,-12.167130173729397
-16.30817150669467,-12.165118566516876
-16.303199205156517,-12.163106187338228
-16.298226903618364,-12.161093035972268
-16.29325460208021,-12.159079112197826
-16.288282300542058,-12.157064415793682
-16.283309999003905,-12.155048946538566
-16.27833769746575,-12.153032704211197
-16.2733653959276,-12.151015688590249
-16.268393094389445,-12.14899789945439
-16.263420792851292,-12.146979336582223
-16.258448491313132,-12.144959999752317
-16.25347618977498,-12.142939888743259
-16.248503888236826,-12.140919003333561
-16.243531586698673,-12.138897343301705
-16.23855928516052,-12.136874908426137
-16.233586983622367,-12.134851698485326
-16.228614682084213,-12.132827713257619
-16.22364238054606,-12.130802952521407
-16.218670079007907,-12.128777416055007
-16.213697777469754,-12.126751103636748
-16.208725475931594,-12.12472401504484
-16.20375317439344,-12.122696150057587
-16.198780872855288,-12.120667508453147
-16.193808571317135,-12.118638090009709
-16.18883626977898,-12.116607894505401
-16.18386396824083,-12.114576921718353
-16.178891666702675,-12.112545171426628
-16.173919365164522,-12.110512643408283
-16.16894706362637,-12.108479337441317
-16.16397476208821,-12.106445253303729
-16.159002460550056,-12.104410390773447
-16.154030159011903,-12.102374749628419
-16.14905785747375,-12.10033832964651
-16.144085555935597,-12.098301130605599
-16.139113254397444,-12.096263152283479
-16.13414095285929,-12.094224394457965
-16.129168651321137,-12.092184856906815
-16.124196349782984,-12.090144539407765
-16.11922404824483,-12.088103441738493
-16.11425174670667,-12.086061563676681
-16.109279445168518,-12.08401890499996
-16.104307143630365,-12.081975465485947
-16.09933484209221,-12.079931244912185
-16.09436254055406,-12.077886243056236
-16.089390239015906,-12.075840459695604
-16.084417937477753,-12.073793894607764
-16.0794456359396,-12.071746547570164
-16.074473334401446,-12.069698418360229
-16.069501032863293,-12.067649506755314
-16.064528731325133,-12.065599812532803
-16.05955642978698,-12.063549335470006
-16.054584128248827,-12.061498075344195
-16.049611826710674,-12.05944603193264
-16.04463952517252,-12.057393205012584
-16.039667223634368,-12.055339594361183
-16.034694922096214,-12.053285199755631
-16.02972262055806,-12.051230020973053
-16.02475031901991,-12.049174057790546
-16.019778017481755,-12.047117309985172
-16.014805715943595,-12.045059777333968
-16.009833414405442,-12.043001459613963
-16.00486111286729,-12.04094235660212
-15.999888811329136,-12.038882468075363
-15.994916509790983,-12.036821793810633
-15.98994420825283,-12.03476033358479
-15.984971906714676,-12.032698087174698
-15.979999605176523,-12.030635054357157
-15.97502730363837,-12.028571234908993
-15.970055002100217,-12.026506628606926
-15.965082700562057,-12.024441235227684
-15.960110399023904,-12.022375054547961
-15.95513809748575,-12.020308086344436
-15.950165795947598,-12.018240330393722
-15.945193494409445,-12.01617178647242
-15.940221192871292,-12.014102454357111
-15.935248891333138,-12.012032333824328
-15.930276589794985,-12.009961424650568
-15.925304288256832,-12.00788972661231
-15.920331986718672,-12.005817239485992
-15.915359685180519,-12.003743963048043
-15.910387383642366,-12.001669897074837
-15.905415082104213,-11.99959504134271
-15.90044278056606,-11.997519395628
-15.895470479027907,-11.995442959707
-15.890498177489754,-11.99336573335594
-15.8855258759516,-11.991287716351067
-15.880553574413447,-11.98920890846856
-15.875581272875294,-11.987129309484605
-15.870608971337134,-11.985048919175302
-15.865636669798981,-11.98296773731678
-15.860664368260828,-11.980885763685109
-15.855692066722675,-11.978802998056306
-15.850719765184522,-11.976719440206404
-15.845747463646369,-11.97463508991136
-15.840775162108216,-11.972549946947138
-15.835802860570062,-11.970464011089652
-15.83083055903191,-11.968377282114762
-15.825858257493756,-11.966289759798354
-15.820885955955596,-11.96420144391621
-15.815913654417443,-11.962112334244178
-15.81094135287929,-11.960022430557968
-15.805969051341137,-11.957931732633332
-15.800996749802984,-11.955840240245973
-15.79602444826483,-11.95374795317153
-15.791052146726678,-11.951654871185674
-15.786079845188524,-11.949560994064008
-15.781107543650371,-11.947466321582068
-15.776135242112218,-11.945370853515449
-15.771162940574058,-11.943274589639625
-15.766190639035905,-11.941177529730096
-15.761218337497752,-11.939079673562313
-15.756246035959599,-11.936981020911698
-15.751273734421446,-11.93488157155364
-15.746301432883293,-11.932781325263493
-15.74132913134514,-11.930680281816587
-15.736356829806986,-11.928578440988217
-15.731384528268833,-11.926475802553657
-15.72641222673068,-11.924372366288134
-15.72143992519252,-11.92226813196686
-15.716467623654367,-11.92016309936502
-15.711495322116214,-11.918057268257716
-15.70652302057806,-11.915950638420101
-15.701550719039908,-11.913843209627254
-15.696578417501755,-11.91173498165421
-15.691606115963602,-11.909625954275985
-15.686633814425448,-11.907516127267604
-15.681661512887295,-11.905405500403983
-15.676689211349135,-11.90329407346008
-15.671716909810982,-11.901181846210775
-15.666744608272829,-11.899068818430957
-15.661772306734676,-11.896954989895423
-15.656800005196523,-11.894840360379028
-15.65182770365837,-11.892724929656508
-15.646855402120217,-11.890608697502635
-15.641883100582064,-11.888491663692106
-15.63691079904391,-11.886373827999616
-15.631938497505757,-11.884255190199804
-15.626966195967597,-11.882135750067299
-15.621993894429444,-11.880015507376692
-15.617021592891291,-11.87789446190256
-15.612049291353138,-11.875772613419409
-15.607076989814985,-11.873649961701748
-15.602104688276832,-11.871526506524052
-15.597132386738679,-11.869402247660757
-15.592160085200526,-11.867277184886253
-15.587187783662372,-11.865151317974957
-15.58221548212422,-11.863024646701197
-15.57724318058606,-11.860897170839271
-15.572270879047906,-11.858768890163491
-15.567298577509753,-11.856639804448093
-15.5623262759716,-11.854509913467341
-15.557353974433447,-11.852379216995395
-15.552381672895294,-11.85024771480642
-15.54740937135714,-11.84811540667455
-15.542437069818988,-11.845982292373922
-15.537464768280834,-11.843848371678583
-15.532492466742681,-11.841713644362567
-15.527520165204521,-11.839578110199893
-15.522547863666368,-11.837441768964563
-15.517575562128215,-11.835304620430513
-15.512603260590062,-11.833166664371664
-15.507630959051909,-11.831027900561923
-15.502658657513756,-11.828888328775122
-15.497686355975603,-11.826747948785114
-15.49271405443745,-11.82460676036571
-15.487741752899296,-11.822464763290656
-15.482769451361143,-11.820321957333707
-15.477797149822983,-11.818178342268565
-15.47282484828483,-11.816033917868904
-15.467852546746677,-11.813888683908381
-15.462880245208524,-11.811742640160615
-15.45790794367037,-11.809595786399203
-15.452935642132218,-11.807448122397695
-15.447963340594065,-11.805299647929617
-15.442991039055912,-11.803150362768475
-15.438018737517758,-11.801000266687723
-15.433046435979598,-11.798849359460812
-15.428074134441445,-11.796697640861144
-15.423101832903292,-11.794545110662103
-15.418129531365139,-11.792391768637032
-15.413157229826986,-11.790237614559251
-15.408184928288833,-11.788082648202037
-15.40321262675068,-11.785926869338658
-15.398240325212527,-11.78377027774233
-15.393268023674374,-11.781612873186274
-15.38829572213622,-11.77945465544362
-15.38332342059806,-11.77729562428754
-15.378351119059907,-11.775135779491126
-15.373378817521754,-11.772975120827445
-15.368406515983601,-11.770813648069556
-15.363434214445448,-11.768651360990471
-15.358461912907295,-11.766488259363188
-15.353489611369142,-11.764324342960647
-15.348517309830989,-11.762159611555775
-15.343545008292836,-11.759994064921486
-15.338572706754682,-11.757827702830637
-15.333600405216522,-11.755660525056042
-15.32862810367837,-11.753492531370549
-15.323655802140216,-11.7513237215469
-15.318683500602063,-11.749154095357873
-15.31371119906391,-11.746983652576159
-15.308738897525757,-11.744812392974456
-15.303766595987604,-11.74264031632542
-15.29879429444945,-11.740467422401668
-15.293821992911298,-11.738293710975828
-15.288849691373144,-11.73611918182043
-15.283877389834984,-11.733943834708029
-15.278905088296831,-11.731767669411138
-15.273932786758678,-11.729590685702238
-15.268960485220525,-11.727412883353757
-15.263988183682372,-11.725234262138118
-15.259015882144219,-11.723054821827738
-15.254043580606066,-11.720874562194933
-15.249071279067913,-11.718693483012066
-15.24409897752976,-11.716511584051418
-15.239126675991606,-11.714328865085259
-15.234154374453446,-11.712145325885835
-15.229182072915293,-11.709960966225369
-15.22420977137714,-11.707775785876008
-15.219237469838987,-11.70558978460993
-15.214265168300834,-11.703402962199249
-15.20929286676268,-11.70121531841605
-15.204320565224528,-11.699026853032406
-15.199348263686375,-11.696837565820342
-15.194375962148222,-11.694647456551849
-15.189403660610061,-11.692456524998919
-15.184431359071908,-11.690264770933481
-15.179459057533755,-11.688072194127454
-15.174486755995602,-11.68587879435273
-15.169514454457449,-11.683684571381137
-15.164542152919296,-11.681489524984542
-15.159569851381143,-11.679293654934696
-15.15459754984299,-11.677096961003388
-15.149625248304837,-11.674899442962346
-15.144652946766683,-11.67270110058328
-15.139680645228523,-11.670501933637864
-15.13470834369037,-11.66830194189775
-15.129736042152217,-11.666101125134546
-15.124763740614064,-11.663899483119856
-15.119791439075911,-11.661697015625217
-15.114819137537758,-11.65949372242218
-15.109846835999605,-11.657289603282226
-15.104874534461452,-11.655084657976834
-15.099902232923299,-11.652878886277447
-15.094929931385145,-11.650672287955476
-15.089957629846985,-11.6484648627823
-15.084985328308832,-11.646256610529264
-15.08001302677068,-11.644047530967702
-15.075040725232526,-11.64183762386891
-15.070068423694373,-11.63962688900414
-15.06509612215622,-11.637415326144641
-15.060123820618067,-11.6352029350616
-15.055151519079914,-11.63298971552621
-15.05017921754176,-11.63077566730962
-15.045206916003607,-11.628560790182927
-15.040234614465447,-11.62634508391723
-15.035262312927294,-11.624128548283599
-15.030290011389141,-11.62191118305304
-15.025317709850988,-11.619692987996576
-15.020345408312835,-11.61747396288517
-15.015373106774682,-11.615254107489754
-15.010400805236529,-11.613033421581262
-15.005428503698376,-11.61081190493055
-15.000456202160223,-11.608589557308488
-14.99548390062207,-11.606366378485909
-14.99051159908391,-11.60414236823359
-14.985539297545756,-11.601917526322302
-14.980566996007603,-11.599691852522795
-14.97559469446945,-11.59746534660576
-14.970622392931297,-11.595238008341886
-14.965650091393144,-11.593009837501832
-14.96067778985499,-11.59078083385619
-14.955705488316838,-11.588550997175574
-14.950733186778685,-11.586320327230542
-14.945760885240524,-11.584088823791623
-14.940788583702371,-11.581856486629325
-14.935816282164218,-11.579623315514112
-14.930843980626065,-11.57738931021645
-14.925871679087912,-11.575154470506744
-14.920899377549759,-11.572918796155383
-14.915927076011606,-11.570682286932714
-14.910954774473453,-11.568444942609094
-14.9059824729353,-11.566206762954804
-14.901010171397147,-11.563967747740108
-14.896037869858986,-11.561727896735265
-14.891065568320833,-11.559487209710493
-14.88609326678268,-11.557245686435959
-14.881120965244527,-11.555003326681822
-14.876148663706374,-11.552760130218223
-14.871176362168221,-11.550516096815254
-14.866204060630068,-11.54827122624296
-14.861231759091915,-11.546025518271422
-14.856259457553762,-11.543778972670614
-14.851287156015609,-11.541531589210548
-14.846314854477448,-11.539283367661172
-14.841342552939295,-11.53703430779238
-14.836370251401142,-11.534784409374096
-14.831397949862989,-11.532533672176175
-14.826425648324836,-11.530282095968479
-14.821453346786683,-11.528029680520778
-14.81648104524853,-11.52577642560288
-14.811508743710377,-11.523522330984534
-14.806536442172224,-11.521267396435446
-14.80156414063407,-11.519011621725333
-14.79659183909591,-11.516755006623843
-14.791619537557757,-11.514497550900613
-14.786647236019604,-11.512239254325255
-14.781674934481451,-11.509980116667348
-14.776702632943298,-11.507720137696445
-14.771730331405145,-11.505459317182062
-14.766758029866992,-11.503197654893697
-14.761785728328839,-11.50093515060081
-14.756813426790686,-11.498671804072831
-14.751841125252533,-11.49640761507917
-14.746868823714372,-11.494142583389216
-14.74189652217622,-11.491876708772306
-14.736924220638066,-11.489609990997755
-14.731951919099913,-11.487342429834882
-14.72697961756176,-11.485074025052919
-14.722007316023607,-11.4828047764211
-14.717035014485454,-11.480534683708665
-14.7120627129473,-11.478263746684771
-14.707090411409148,-11.47599196511856
-14.702118109870987,-11.47371933877915
-14.697145808332834,-11.471445867435667
-14.692173506794681,-11.469171550857139
-14.687201205256528,-11.466896388812614
-14.682228903718375,-11.464620381071088
-14.677256602180222,-11.462343527401554
-14.672284300642069,-11.460065827572953
-14.667311999103916,-11.45778728135421
-14.662339697565763,-11.455507888514212
-14.65736739602761,-11.453227648821825
-14.65239509448945,-11.450946562045884
-14.647422792951296,-11.448664627955203
-14.642450491413143,-11.446381846318548
-14.63747818987499,-11.444098216904685
-14.632505888336837,-11.441813739482317
-14.627533586798684,-11.439528413820154
-14.622561285260531,-11.437242239686848
-14.617588983722378,-11.434955216851042
-14.612616682184225,-11.432667345081354
-14.607644380646072,-11.430378624146352
-14.602672079107911,-11.428089053814581
-14.597699777569758,-11.425798633854585
-14.592727476031605,-11.423507364034844
-14.587755174493452,-11.421215244123829
-14.582782872955299,-11.418922273889974
-14.577810571417146,-11.416628453101698
-14.572838269878993,-11.414333781527374
-14.56786596834084,-11.412038258935361
-14.562893666802687,-11.409741885093982
-14.557921365264534,-11.407444659771542
-14.552949063726373,-11.405146582736295
-14.54797676218822,-11.402847653756488
-14.543004460650067,-11.400547872600344
-14.538032159111914,-11.39824723903604
-14.533059857573761,-11.395945752831727
-14.528087556035608,-11.393643413755537
-14.523115254497455,-11.391340221575575
-14.518142952959302,-11.389036176059903
-14.513170651421149,-11.38673127697658
-14.508198349882996,-11.3844255240936
-14.503226048344835,-11.382118917178971
-14.498253746806682,-11.379811456000647
-14.49328144526853,-11.377503140326548
-14.488309143730376,-11.375193969924592
-14.483336842192223,-11.372883944562654
-14.47836454065407,-11.370573064008557
-14.473392239115917,-11.368261328030147
-14.468419937577764,-11.365948736395211
-14.46344763603961,-11.3636352888715
-14.45847533450145,-11.361320985226763
-14.453503032963297,-11.35900582522871
-14.448530731425144,-11.356689808644996
-14.443558429886991,-11.354372935243298
-14.438586128348838,-11.35205520479123
-14.433613826810685,-11.349736617056381
-14.428641525272532,-11.347417171806322
-14.423669223734379,-11.345096868808602
-14.418696922196226,-11.342775707830713
-14.413724620658073,-11.340453688640169
-14.408752319119912,-11.338130811004401
-14.40378001758176,-11.335807074690834
-14.398807716043606,-11.33348247946689
-14.393835414505453,-11.331157025099914
-14.3888631129673,-11.328830711357293
-14.383890811429147,-11.326503538006298
-14.378918509890994,-11.324175504814244
-14.37394620835284,-11.321846611548384
-14.368973906814688,-11.31951685797595
-14.364001605276535,-11.31718624386415
-14.359029303738374,-11.314854768980164
-14.354057002200221,-11.312522433091143
-14.349084700662068,-11.310189235964199
-14.344112399123915,-11.307855177366436
-14.339140097585762,-11.305520257064925
-14.334167796047609,-11.303184474826695
-14.329195494509456,-11.30084783041876
-14.324223192971303,-11.298510323608113
-14.31925089143315,-11.296171954161693
-14.314278589894997,-11.293832721846453
-14.309306288356836,-11.291492626429259
-14.304333986818683,-11.289151667677013
-14.29936168528053,-11.28680984535656
-14.294389383742377,-11.284467159234708
-14.289417082204224,-11.282123609078242
-14.284444780666071,-11.279779194653935
-14.279472479127918,-11.277433915728535
-14.274500177589765,-11.275087772068728
-14.269527876051612,-11.272740763441194
-14.264555574513452,-11.270392889612582
-14.259583272975298,-11.268044150349542
-14.254610971437145,-11.265694545418675
-14.249638669898992,-11.26334407458651
-14.24466636836084,-11.26099273761962
-14.239694066822686,-11.258640534284515
-14.234721765284533,-11.256287464347688
-14.22974946374638,-11.253933527575583
-14.224777162208227,-11.251578723734655
-14.219804860670074,-11.24922305259128
-14.214832559131914,-11.246866513911868
-14.20986025759376,-11.24450910746276
-14.204887956055607,-11.242150833010264
-14.199915654517454,-11.239791690320697
-14.194943352979301,-11.23743167916031
-14.189971051441148,-11.235070799295352
-14.184998749902995,-11.23270905049204
-14.180026448364842,-11.230346432516551
-14.175054146826689,-11.227982945135052
-14.170081845288536,-11.225618588113681
-14.165109543750376,-11.223253361218521
-14.160137242212222,-11.220887264215675
-14.15516494067407,-11.218520296871176
-14.150192639135916,-11.21615245895106
-14.145220337597763,-11.21378375022131
-14.14024803605961,-11.2114141704479
-14.135275734521457,-11.209043719396776
-14.130303432983304,-11.206672396833842
-14.12533113144515,-11.20430020252498
-14.120358829906998,-11.20192713623607
-14.115386528368838,-11.199553197732927
-14.110414226830684,-11.197178386781363
-14.105441925292531,-11.194802703147163
-14.100469623754378,-11.192426146596068
-14.095497322216225,-11.190048716893806
-14.090525020678072,-11.18767041380607
-14.085552719139919,-11.185291237098527
-14.080580417601766,-11.182911186536833
-14.075608116063613,-11.180530261886588
-14.07063581452546,-11.178148462913395
-14.0656635129873,-11.175765789382803
-14.060691211449146,-11.173382241060349
-14.055718909910993,-11.170997817711546
-14.05074660837284,-11.168612519101886
-14.045774306834687,-11.166226344996787
-14.040802005296534,-11.163839295161702
-14.035829703758381,-11.161451369362037
-14.030857402220228,-11.159062567363133
-14.025885100682075,-11.156672888930359
-14.020912799143915,-11.154282333829038
-14.015940497605762,-11.151890901824437
-14.010968196067608,-11.149498592681844
-14.005995894529455,-11.147105406166498
-14.001023592991302,-11.144711342043598
-13.99605129145315,-11.142316400078313
-13.991078989914996,-11.139920580035847
-13.986106688376843,-11.137523881681275
-13.98113438683869,-11.135126304779744
-13.976162085300537,-11.132727849096304
-13.971189783762377,-11.130328514396021
-13.966217482224224,-11.1279283004439
-13.96124518068607,-11.12552720700497
-13.956272879147917,-11.123125233844167
-13.951300577609764,-11.120722380726443
-13.946328276071611,-11.118318647416723
-13.941355974533458,-11.115914033679887
-13.936383672995305,-11.113508539280794
-13.931411371457152,-11.111102163984299
-13.926439069918999,-11.10869490755519
-13.921466768380839,-11.106286769758261
-13.916494466842686,-11.10387775035827
-13.911522165304532,-11.101467849119928
-13.90654986376638,-11.099057065807965
-13.901577562228226,-11.096645400187032
-13.896605260690073,-11.094232852021799
-13.89163295915192,-11.09181942107687
-13.886660657613767,-11.089405107116855
-13.881688356075614,-11.086989909906308
-13.87671605453746,-11.084573829209788
-13.8717437529993,-11.082156864791804
-13.866771451461148,-11.07973901641684
-13.861799149922994,-11.07732028384936
-13.856826848384841,-11.074900666853821
-13.851854546846688,-11.072480165194602
-13.846882245308535,-11.070058778636112
-13.841909943770382,-11.067636506942693
-13.836937642232229,-11.065213349878684
-13.831965340694076,-11.062789307208382
-13.826993039155923,-11.06036437869607
-13.822020737617763,-11.05793856410599
-13.81704843607961,-11.055511863202387
-13.812076134541456,-11.053084275749438
-13.807103833003303,-11.050655801511326
-13.80213153146515,-11.048226440252192
-13.797159229926997,-11.04579619173616
-13.792186928388844,-11.043365055727321
-13.787214626850691,-11.040933031989743
-13.782242325312538,-11.03850012028746
-13.777270023774378,-11.036066320384482
-13.772297722236225,-11.033631632044813
-13.767325420698072,-11.031196055032405
-13.762353119159918,-11.028759589111184
-13.757380817621765,-11.026322234045084
-13.752408516083612,-11.023883989597966
-13.74743621454546,-11.021444855533685
-13.742463913007306,-11.01900483161608
-13.737491611469153,-11.016563917608957
-13.732519309931,-11.014122113276075
-13.72754700839284,-11.011679418381208
-13.722574706854687,-11.00923583268806
-13.717602405316534,-11.006791355960338
-13.71263010377838,-11.004345987961736
-13.707657802240227,-11.001899728455873
-13.702685500702074,-10.999452577206387
-13.697713199163921,-10.99700453397686
-13.692740897625768,-10.994555598530857
-13.687768596087615,-10.992105770631925
-13.682796294549462,-10.989655050043595
-13.677823993011302,-10.987203436529327
-13.672851691473149,-10.984750929852614
-13.667879389934996,-10.982297529776883
-13.662907088396842,-10.979843236065536
-13.65793478685869,-10.977388048481973
-13.652962485320536,-10.974931966789535
-13.647990183782383,-10.972474990751577
-13.64301788224423,-10.970017120131413
-13.638045580706077,-10.96755835469228
-13.633073279167924,-10.965098694197488
-13.628100977629764,-10.962638138410222
-13.62312867609161,-10.96017668709372
-13.618156374553458,-10.957714340011142
-13.613184073015304,-10.95525109692563
-13.608211771477151,-10.952786957600344
-13.603239469938998,-10.95032192179836
-13.598267168400845,-10.947855989282756
-13.593294866862692,-10.94538915981657
-13.588322565324539,-10.942921433162851
-13.583350263786386,-10.94045280908457
-13.578377962248226,-10.937983287344712
-13.573405660710073,-10.935512867706224
-13.56843335917192,-10.933041549932012
-13.563461057633766,-10.93056933378498
-13.558488756095613,-10.928096219027998
-13.55351645455746,-10.925622205423897
-13.548544153019307,-10.923147292735505
-13.543571851481154,-10.920671480725607
-13.538599549943001,-10.918194769156969
-13.53362724840484,-10.915717157792333
-13.528654946866688,-10.913238646394396
-13.523682645328535,-10.910759234725873
-13.518710343790382,-10.908278922549412
-13.513738042252228,-10.905797709627631
-13.508765740714075,-10.903315595723189
-13.503793439175922,-10.900832580598628
-13.49882113763777,-10.898348664016503
-13.493848836099616,-10.89586384573939
-13.488876534561463,-10.893378125529772
-13.483904233023303,-10.890891503150119
-13.47893193148515,-10.888403978362913
-13.473959629946997,-10.885915550930571
-13.468987328408843,-10.883426220615517
-13.46401502687069,-10.880935987180106
-13.459042725332537,-10.878444850386709
-13.454070423794384,-10.87595280999765
-13.449098122256231,-10.873459865775223
-13.444125820718078,-10.870966017481743
-13.439153519179925,-10.868471264879428
-13.434181217641765,-10.865975607730514
-13.429208916103612,-10.863479045797211
-13.424236614565459,-10.860981578841681
-13.419264313027305,-10.858483206626097
-13.414292011489152,-10.855983928912572
-13.409319709951,-10.853483745463205
-13.404347408412846,-10.85098265604008
-13.399375106874693,-10.848480660405224
-13.39440280533654,-10.845977758320702
-13.389430503798387,-10.843473949548477
-13.384458202260227,-10.840969233850542
-13.379485900722074,-10.838463610988835
-13.37451359918392,-10.83595708072529
-13.369541297645767,-10.833449642821803
-13.364568996107614,-10.830941297040233
-13.359596694569461,-10.828432043142447
-13.354624393031308,-10.82592188089026
-13.349652091493155,-10.823410810045466
-13.344679789955002,-10.820898830369838
-13.339707488416849,-10.818385941625122
-13.334735186878689,-10.815872143573031
-13.329762885340536,-10.813357435975286
-13.324790583802383,-10.810841818593532
-13.31981828226423,-10.808325291189439
-13.314845980726076,-10.805807853524609
-13.309873679187923,-10.803289505360645
-13.30490137764977,-10.800770246459113
-13.299929076111617,-10.798250076581569
-13.294956774573464,-10.795728995489505
-13.289984473035304,-10.793207002944467
-13.28501217149715,-10.79068409870788
-13.280039869958998,-10.788160282541218
-13.275067568420845,-10.785635554205873
-13.270095266882691,-10.783109913463267
-13.265122965344538,-10.780583360074758
-13.260150663806385,-10.778055893801687
-13.255178362268232,-10.77552751440539
-13.25020606073008,-10.772998221647152
-13.245233759191926,-10.770468015288232
-13.240261457653766,-10.76793689508989
-13.235289156115613,-10.765404860813353
-13.23031685457746,-10.762871912219794
-13.225344553039307,-10.760338049070413
-13.220372251501153,-10.757803271126324
-13.215399949963,-10.75526757814868
-13.210427648424847,-10.75273096989856
-13.205455346886694,-10.75019344613702
-13.200483045348541,-10.74765500662514
-13.195510743810388,-10.745115651123914
-13.190538442272228,-10.742575379394346
-13.185566140734075,-10.74003419119741
-13.180593839195922,-10.737492086294067
-13.175621537657769,-10.734949064445214
-13.170649236119615,-10.732405125411765
-13.165676934581462,-10.729860268954598
-13.16070463304331,-10.727314494834538
-13.155732331505156,-10.724767802812437
-13.150760029967003,-10.72222019264907
-13.14578772842885,-10.719671664105237
-13.14081542689069,-10.717122216941641
-13.135843125352537,-10.714571850919059
-13.130870823814384,-10.71202056579816
-13.12589852227623,-10.70946836133963
-13.120926220738077,-10.706915237304118
-13.115953919199924,-10.704361193452257
-13.110981617661771,-10.701806229544633
-13.106009316123618,-10.699250345341841
-13.101037014585465,-10.696693540604427
-13.096064713047312,-10.694135815092912
-13.091092411509152,-10.691577168567797
-13.086120109970999,-10.68901760078958
-13.081147808432846,-10.686457111518715
-13.076175506894693,-10.683895700515599
-13.07120320535654,-10.68133336754066
-13.066230903818386,-10.678770112354284
-13.061258602280233,-10.67620593471682
-13.05628630074208,-10.673640834388609
-13.051313999203927,-10.67107481112995
-13.046341697665767,-10.66850786470111
-13.041369396127614,-10.665939994862379
-13.03639709458946,-10.663371201373987
-13.031424793051308,-10.660801483996119
-13.026452491513155,-10.658230842488981
-13.021480189975001,-10.655659276612727
-13.016507888436848,-10.653086786127506
-13.011535586898695,-10.65051337079341
-13.006563285360542,-10.647939030370553
-13.001590983822389,-10.645363764618974
-12.996618682284229,-10.64278757329872
-12.991646380746076,-10.640210456169815
-12.986674079207923,-10.637632412992243
-12.98170177766977,-10.635053443525969
-12.976729476131617,-10.632473547530946
-12.971757174593463,-10.62989272476708
-12.96678487305531,-10.627310974994272
-12.961812571517157,-10.624728297972402
-12.956840269979004,-10.622144693461292
-12.951867968440851,-10.619560161220775
-12.946895666902691,-10.61697470101066
-12.941923365364538,-10.614388312590714
-12.936951063826385,-10.611800995720676
-12.931978762288232,-10.60921275016028
-12.927006460750079,-10.60662357566923
-12.922034159211925,-10.604033472007206
-12.917061857673772,-10.601442438933839
-12.91208955613562,-10.598850476208776
-12.907117254597466,-10.596257583591626
-12.902144953059313,-10.59366376084195
-12.897172651521153,-10.59106900771933
-12.892200349983,-10.588473323983282
-12.887228048444847,-10.585876709393311
-12.882255746906694,-10.58327916370893
-12.87728344536854,-10.580680686689558
-12.872311143830387,-10.578081278094672
-12.867338842292234,-10.57548093768367
-12.862366540754081,-10.572879665215932
-12.857394239215928,-10.570277460450827
-12.852421937677775,-10.567674323147696
-12.847449636139615,-10.565070253065855
-12.842477334601462,-10.562465249964605
-12.837505033063309,-10.559859313603225
-12.832532731525156,-10.55725244374095
-12.827560429987003,-10.554644640136983
-12.82258812844885,-10.552035902550553
-12.817615826910696,-10.549426230740815
-12.812643525372543,-10.546815624466937
-12.80767122383439,-10.544204083488028
-12.80269892229623,-10.541591607563198
-12.797726620758077,-10.53897819645153
-12.792754319219924,-10.536363849912075
-12.78778201768177,-10.53374856770386
-12.782809716143618,-10.531132349585913
-12.777837414605465,-10.528515195317196
-12.772865113067311,-10.525897104656693
-12.767892811529158,-10.523278077363315
-12.762920509991005,-10.520658113195992
-12.757948208452852,-10.518037211913612
-12.752975906914692,-10.515415373275037
-12.748003605376539,-10.512792597039118
-12.743031303838386,-10.510168882964662
-12.738059002300233,-10.507544230810469
-12.73308670076208,-10.504918640335335
-12.728114399223927,-10.502292111297967
-12.723142097685773,-10.499664643457121
-12.71816979614762,-10.497036236571475
-12.713197494609467,-10.494406890399734
-12.708225193071314,-10.491776604700537
-12.703252891533154,-10.489145379232497
-12.698280589995,-10.486513213754261
-12.693308288456848,-10.48388010802439
-12.688335986918695,-10.481246061801436
-12.683363685380542,-10.478611074843961
-12.678391383842389,-10.475975146910462
-12.673419082304235,-10.473338277759433
-12.668446780766082,-10.470700467149339
-12.66347447922793,-10.468061714838626
-12.658502177689776,-10.46542202058571
-12.653529876151616,-10.462781384148991
-12.648557574613463,-10.460139805286845
-12.64358527307531,-10.457497283757625
-12.638612971537157,-10.45485381931965
-12.633640669999004,-10.452209411731223
-12.62866836846085,-10.449564060750644
-12.623696066922697,-10.446917766136142
-12.618723765384544,-10.444270527645974
-12.613751463846391,-10.441622345038326
-12.608779162308238,-10.438973218071416
-12.603806860770078,-10.436323146503378
-12.598834559231925,-10.43367213009238
-12.593862257693772,-10.431020168596524
-12.588889956155619,-10.42836726177391
-12.583917654617466,-10.425713409382602
-12.578945353079312,-10.423058611180663
-12.57397305154116,-10.420402866926102
-12.569000750003006,-10.417746176376932
-12.564028448464853,-10.415088539291132
-12.559056146926693,-10.412429955426658
-12.55408384538854,-10.409770424541433
-12.549111543850387,-10.407109946393376
-12.544139242312234,-10.40444852074038
-12.53916694077408,-10.401786147340298
-12.534194639235928,-10.399122825950972
-12.529222337697774,-10.396458556330227
-12.524250036159621,-10.393793338235843
-12.519277734621468,-10.391127171425618
-12.514305433083315,-10.388460055657283
-12.509333131545155,-10.385791990688562
-12.504360830007002,-10.38312297627715
-12.499388528468849,-10.380453012180762
-12.494416226930696,-10.37778209815703
-12.489443925392543,-10.375110233963582
-12.48447162385439,-10.37243741935805
-12.479499322316236,-10.369763654098017
-12.474527020778083,-10.367088937941032
-12.46955471923993,-10.36441327064466
-12.464582417701777,-10.361736651966408
-12.459610116163617,-10.359059081663771
-12.454637814625464,-10.356380559494246
-12.44966551308731,-10.353701085215256
-12.444693211549158,-10.351020658584249
-12.439720910011005,-10.348339279358628
-12.434748608472852,-10.345656947295781
-12.429776306934698,-10.342973662153062
-12.424804005396545,-10.340289423687805
-12.419831703858392,-10.337604231657338
-12.41485940232024,-10.334918085818938
-12.409887100782079,-10.332230985929886
-12.404914799243926,-10.329542931747442
-12.399942497705773,-10.3268539230288
-12.39497019616762,-10.324163959531198
-12.389997894629467,-10.321473041011792
-12.385025593091314,-10.318781167227746
-12.38005329155316,-10.316088337936181
-12.375080990015007,-10.313394552894232
-12.370108688476854,-10.310699811858992
-12.365136386938701,-10.308004114587497
-12.360164085400541,-10.305307460836815
-12.355191783862388,-10.302609850363972
-12.350219482324235,-10.299911282925942
-12.345247180786082,-10.297211758279733
-12.340274879247929,-10.294511276182295
-12.335302577709776,-10.291809836390534
-12.330330276171622,-10.289107438661382
-12.32535797463347,-10.286404082751721
-12.320385673095316,-10.283699768418423
-12.315413371557156,-10.28099449541831
-12.310441070019003,-10.278288263508228
-12.30546876848085,-10.275581072444956
-12.300496466942697,-10.272872921985282
-12.295524165404544,-10.270163811885956
-12.29055186386639,-10.267453741903703
-12.285579562328238,-10.26474271179524
-12.280607260790084,-10.262030721317249
-12.275634959251931,-10.25931777022639
-12.270662657713778,-10.25660385827932
-12.265690356175618,-10.253888985232638
-12.260718054637465,-10.251173150842945
-12.255745753099312,-10.248456354866832
-12.250773451561159,-10.245738597060857
-12.245801150023006,-10.243019877181528
-12.240828848484853,-10.240300194985355
-12.2358565469467,-10.237579550228833
-12.230884245408546,-10.234857942668423
-12.225911943870393,-10.232135372060577
-12.22093964233224,-10.229411838161699
-12.21596734079408,-10.226687340728185
-12.210995039255927,-10.223961879516446
-12.206022737717774,-10.221235454282798
-12.20105043617962,-10.21850806478359
-12.196078134641468,-10.215779710775134
-12.191105833103315,-10.2130503920137
-12.186133531565162,-10.210320108255576
-12.181161230027008,-10.207588859256985
-12.176188928488855,-10.204856644774175
-12.171216626950702,-10.202123464563307
-12.166244325412542,-10.199389318380595
-12.161272023874389,-10.196654205982174
-12.156299722336236,-10.19391812712419
-12.151327420798083,-10.191181081562755
-12.14635511925993,-10.18844306905395
-12.141382817721777,-10.18570408935385
-12.136410516183624,-10.182964142218507
-12.13143821464547,-10.18022322740393
-12.126465913107317,-10.177481344666122
-12.121493611569164,-10.174738493761083
-12.116521310031004,-10.171994674444758
-12.111549008492851,-10.169249886473084
-12.106576706954698,-10.166504129601996
-12.101604405416545,-10.163757403587356
-12.096632103878392,-10.161009708185057
-12.091659802340239,-10.158261043150933
-12.086687500802086,-10.155511408240832
-12.081715199263932,-10.152760803210558
-12.07674289772578,-10.150009227815891
-12.07177059618762,-10.147256681812582
-12.066798294649466,-10.144503164956406
-12.061825993111313,-10.141748677003028
-12.05685369157316,-10.138993217708213
-12.051881390035007,-10.136236786827594
-12.046909088496854,-10.13347938411685
-12.0419367869587,-10.130721009331582
-12.036964485420548,-10.127961662227445
-12.031992183882394,-10.125201342559992
-12.027019882344241,-10.122440050084814
-12.022047580806081,-10.11967778455745
-12.017075279267928,-10.116914545733424
-12.012102977729775,-10.114150333368256
-12.007130676191622,-10.111385147217417
-12.002158374653469,-10.108618987036358
-11.997186073115316,-10.105851852580544
-11.992213771577163,-10.10308374360538
-11.98724147003901,-10.100314659866255
-11.982269168500856,-10.097544601118562
-11.977296866962703,-10.094773567117644
-11.972324565424543,-10.092001557618836
-11.96735226388639,-10.08922857237745
-11.962379962348237,-10.08645461114878
-11.957407660810084,-10.083679673688088
-11.95243535927193,-10.080903759750635
-11.947463057733778,-10.078126869091633
-11.942490756195625,-10.075349001466288
-11.937518454657472,-10.072570156629792
-11.932546153119318,-10.069790334337307
-11.927573851581165,-10.067009534343976
-11.922601550043005,-10.064227756404899
-11.917629248504852,-10.061445000275196
-11.912656946966699,-10.058661265709942
-11.907684645428546,-10.055876552464184
-11.902712343890393,-10.053090860292967
-11.89774004235224,-10.050304188951294
-11.892767740814087,-10.047516538194174
-11.887795439275934,-10.044727907776561
-11.88282313773778,-10.041938297453429
-11.877850836199627,-10.039147706979687
-11.872878534661467,-10.036356136110248
-11.867906233123314,-10.033563584599996
-11.862933931585161,-10.030770052203808
-11.857961630047008,-10.027975538676523
-11.852989328508855,-10.02518004377296
-11.848017026970702,-10.022383567247926
-11.843044725432549,-10.01958610885622
-11.838072423894396,-10.016787668352583
-11.833100122356242,-10.013988245491756
-11.828127820818082,-10.011187840028457
-11.82315551927993,-10.008386451717403
-11.818183217741776,-10.005584080313257
-11.813210916203623,-10.002780725570677
-11.80823861466547,-9.999976387244294
-11.803266313127317,-9.997171065088732
-11.798294011589164,-9.994364758858584
-11.79332171005101,-9.991557468308415
-11.788349408512858,-9.98874919319279
-11.783377106974704,-9.985939933266227
-11.778404805436544,-9.983129688283233
-11.773432503898391,-9.980318457998319
-11.768460202360238,-9.977506242165942
-11.763487900822085,-9.974693040540547
-11.758515599283932,-9.971878852876564
-11.753543297745779,-9.969063678928396
-11.748570996207626,-9.96624751845045
-11.743598694669473,-9.963430371197063
-11.73862639313132,-9.960612236922586
-11.733654091593166,-9.957793115381353
-11.728681790055006,-9.95497300632766
-11.723709488516853,-9.952151909515806
-11.7187371869787,-9.949329824700031
-11.713764885440547,-9.946506751634585
-11.708792583902394,-9.943682690073695
-11.70382028236424,-9.940857639771547
-11.698847980826088,-9.938031600482342
-11.693875679287935,-9.935204571960211
-11.688903377749781,-9.932376553959315
-11.683931076211628,-9.929547546233767
-11.678958774673468,-9.926717548537656
-11.673986473135315,-9.923886560625075
-11.669014171597162,-9.921054582250056
-11.664041870059009,-9.918221613166665
-11.659069568520856,-9.915387653128892
-11.654097266982703,-9.912552701890752
-11.64912496544455,-9.909716759206212
-11.644152663906397,-9.90687982482922
-11.639180362368243,-9.904041898513718
-11.63420806083009,-9.901202980013613
-11.62923575929193,-9.89836306908281
-11.624263457753777,-9.895522165475164
-11.619291156215624,-9.892680268944542
-11.614318854677471,-9.889837379244781
-11.609346553139318,-9.88699349612968
-11.604374251601165,-9.88414861935303
-11.599401950063012,-9.881302748668618
-11.594429648524859,-9.878455883830181
-11.589457346986705,-9.875608024591443
-11.584485045448545,-9.87275917070614
-11.579512743910392,-9.869909321927949
-11.57454044237224,-9.867058478010529
-11.569568140834086,-9.864206638707547
-11.564595839295933,-9.861353803772626
-11.55962353775778,-9.858499972959379
-11.554651236219627,-9.855645146021386
-11.549678934681474,-9.85278932271225
-11.54470663314332,-9.849932502785473
-11.539734331605167,-9.847074685994606
-11.534762030067007,-9.844215872093164
-11.529789728528854,-9.841356060834627
-11.524817426990701,-9.838495251972473
-11.519845125452548,-9.835633445260143
-11.514872823914395,-9.832770640451079
-11.509900522376242,-9.829906837298674
-11.504928220838089,-9.827042035556326
-11.499955919299936,-9.824176234977402
-11.494983617761783,-9.82130943531525
-11.49001131622363,-9.818441636323215
-11.48503901468547,-9.815572837754573
-11.480066713147316,-9.812703039362646
-11.475094411609163,-9.80983224090069
-11.47012211007101,-9.806960442121955
-11.465149808532857,-9.80408764277967
-11.460177506994704,-9.801213842627057
-11.45520520545655,-9.798339041417286
-11.450232903918398,-9.795463238903551
-11.445260602380245,-9.792586434838983
-11.440288300842091,-9.789708628976719
-11.435315999303931,-9.786829821069865
-11.430343697765778,-9.783950010871534
-11.425371396227625,-9.781069198134764
-11.420399094689472,-9.77818738261264
-11.415426793151319,-9.775304564058178
-11.410454491613166,-9.77242074222439
-11.405482190075013,-9.769535916864275
-11.40050988853686,-9.766650087730799
-11.395537586998707,-9.763763254576917
-11.390565285460553,-9.760875417155564
-11.385592983922393,-9.757986575219652
-11.38062068238424,-9.755096728522085
-11.375648380846087,-9.752205876815726
-11.370676079307934,-9.749314019853452
-11.365703777769781,-9.746421157388067
-11.360731476231628,-9.743527289172414
-11.355759174693475,-9.740632414959284
-11.350786873155322,-9.737736534501442
-11.345814571617169,-9.73483964755166
-11.340842270079008,-9.731941753862676
-11.335869968540855,-9.729042853187183
-11.330897667002702,-9.726142945277923
-11.325925365464549,-9.72324202988755
-11.320953063926396,-9.720340106768733
-11.315980762388243,-9.717437175674101
-11.31100846085009,-9.714533236356289
-11.306036159311937,-9.711628288567901
-11.301063857773784,-9.708722332061509
-11.29609155623563,-9.705815366589695
-11.29111925469747,-9.702907391904972
-11.286146953159317,-9.699998407759905
-11.281174651621164,-9.697088413906968
-11.276202350083011,-9.694177410098662
-11.271230048544858,-9.691265396087461
-11.266257747006705,-9.688352371625795
-11.261285445468552,-9.685438336466111
-11.256313143930399,-9.68252329036081
-11.251340842392246,-9.679607233062278
-11.246368540854093,-9.676690164322899
-11.241396239315932,-9.673772083895006
-11.23642393777778,-9.67085299153096
-11.231451636239626,-9.667932886983039
-11.226479334701473,-9.665011770003572
-11.22150703316332,-9.662089640344824
-11.216534731625167,-9.65916649775904
-11.211562430087014,-9.65624234199847
-11.20659012854886,-9.653317172815326
-11.201617827010708,-9.650390989961808
-11.196645525472555,-9.647463793190104
-11.191673223934394,-9.644535582252372
-11.186700922396241,-9.64160635690075
-11.181728620858088,-9.638676116887366
-11.176756319319935,-9.635744861964312
-11.171784017781782,-9.632812591883692
-11.166811716243629,-9.629879306397568
-11.161839414705476,-9.626945005257982
-11.156867113167323,-9.624009688216965
-11.15189481162917,-9.621073355026523
-11.146922510091017,-9.618136005438659
-11.141950208552856,-9.615197639205334
-11.136977907014703,-9.612258256078503
-11.13200560547655,-9.609317855810104
-11.127033303938397,-9.606376438152052
-11.122061002400244,-9.603434002856249
-11.117088700862091,-9.600490549674557
-11.112116399323938,-9.597546078358857
-11.107144097785785,-9.59460058866097
-11.102171796247632,-9.591654080332725
-11.097199494709471,-9.588706553125927
-11.092227193171318,-9.585758006792371
-11.087254891633165,-9.58280844108381
-11.082282590095012,-9.579857855751982
-11.077310288556859,-9.576906250548635
-11.072337987018706,-9.573953625225467
-11.067365685480553,-9.570999979534177
-11.0623933839424,-9.56804531322643
-11.057421082404247,-9.565089626053892
-11.052448780866094,-9.56213291776818
-11.047476479327933,-9.559175188120912
-11.04250417778978,-9.556216436863716
-11.037531876251627,-9.55325666374815
-11.032559574713474,-9.550295868525767
-11.027587273175321,-9.547334050948125
-11.022614971637168,-9.54437121076674
-11.017642670099015,-9.541407347733127
-11.012670368560862,-9.538442461598763
-11.007698067022709,-9.535476552115126
-11.002725765484556,-9.53250961903366
-10.997753463946395,-9.529541662105803
-10.992781162408242,-9.526572681082955
-10.98780886087009,-9.523602675716534
-10.982836559331936,-9.520631645757893
-10.977864257793783,-9.517659590958415
-10.97289195625563,-9.514686511069414
-10.967919654717477,-9.511712405842236
-10.962947353179324,-9.50873727502818
-10.95797505164117,-9.505761118378523
-10.953002750103018,-9.502783935644539
-10.948030448564857,-9.499805726577465
-10.943058147026704,-9.496826490928553
-10.938085845488551,-9.493846228449
-10.933113543950398,-9.490864938890002
-10.928141242412245,-9.487882622002736
-10.923168940874092,-9.484899277538373
-10.918196639335939,-9.481914905248034
-10.913224337797786,-9.478929504882847
-10.908252036259633,-9.475943076193925
-10.90327973472148,-9.472955618932351
-10.89830743318332,-9.46996713284917
-10.893335131645166,-9.46697761769546
-10.888362830107013,-9.463987073222246
-10.88339052856886,-9.460995499180529
-10.878418227030707,-9.458002895321314
-10.873445925492554,-9.455009261395585
-10.8684736239544,-9.452014597154294
-10.863501322416248,-9.449018902348373
-10.858529020878095,-9.446022176728759
-10.853556719339934,-9.443024420046342
-10.848584417801781,-9.440025632052032
-10.843612116263628,-9.437025812496698
-10.838639814725475,-9.434024961131167
-10.833667513187322,-9.431023077706294
-10.828695211649169,-9.428020161972887
-10.823722910111016,-9.425016213681742
-10.818750608572863,-9.422011232583644
-10.81377830703471,-9.41900521842935
-10.808806005496557,-9.41599817096962
-10.803833703958396,-9.412990089955159
-10.798861402420243,-9.409980975136698
-10.79388910088209,-9.406970826264908
-10.788916799343937,-9.403959643090488
-10.783944497805784,-9.40094742536407
-10.778972196267631,-9.397934172836292
-10.773999894729478,-9.394919885257803
-10.769027593191325,-9.391904562379178
-10.764055291653172,-9.38888820395101
-10.759082990115019,-9.385870809723873
-10.754110688576858,-9.382852379448305
-10.749138387038705,-9.379832912874846
-10.744166085500552,-9.376812409754011
-10.7391937839624,-9.373790869836304
-10.734221482424246,-9.370768292872192
-10.729249180886093,-9.367744678612144
-10.72427687934794,-9.364720026806616
-10.719304577809787,-9.361694337206007
-10.714332276271634,-9.358667609560746
-10.70935997473348,-9.355639843621223
-10.70438767319532,-9.352611039137807
-10.699415371657167,-9.349581195860875
-10.694443070119014,-9.346550313540734
-10.689470768580861,-9.343518391927729
-10.684498467042708,-9.340485430772175
-10.679526165504555,-9.337451429824323
-10.674553863966402,-9.334416388834477
-10.669581562428249,-9.331380307552875
-10.664609260890096,-9.328343185729757
-10.659636959351943,-9.32530502311535
-10.654664657813782,-9.322265819459835
-10.64969235627563,-9.319225574513416
-10.644720054737476,-9.316184288026248
-10.639747753199323,-9.31314195974847
-10.63477545166117,-9.310098589430234
-10.629803150123017,-9.307054176821646
-10.624830848584864,-9.30400872167281
-10.61985854704671,-9.300962223733801
-10.614886245508558,-9.29791468275468
-10.609913943970398,-9.29486609848549
-10.604941642432244,-9.291816470676276
-10.599969340894091,-9.288765799077034
-10.594997039355938,-9.28571408343776
-10.590024737817785,-9.28266132350844
-10.585052436279632,-9.279607519039029
-10.580080134741479,-9.276552669779484
-10.575107833203326,-9.273496775479698
-10.570135531665173,-9.270439835889622
-10.56516323012702,-9.267381850759124
-10.56019092858886,-9.26432281983807
-10.555218627050706,-9.26126274287634
-10.550246325512553,-9.25820161962377
-10.5452740239744,-9.255139449830182
-10.540301722436247,-9.252076233245385
-10.535329420898094,-9.249011969619172
-10.530357119359941,-9.245946658701312
-10.525384817821788,-9.242880300241563
-10.520412516283635,-9.239812893989662
-10.515440214745482,-9.236744439695343
-10.510467913207322,-9.233674937108306
-10.505495611669168,-9.230604385978232
-10.500523310131015,-9.22753278605481
-10.495551008592862,-9.224460137087688
-10.49057870705471,-9.221386438826498
-10.485606405516556,-9.218311691020874
-10.480634103978403,-9.215235893420417
-10.47566180244025,-9.212159045774724
-10.470689500902097,-9.209081147833354
-10.465717199363944,-9.206002199345876
-10.460744897825784,-9.202922200061815
-10.45577259628763,-9.199841149730707
-10.450800294749477,-9.196759048102043
-10.445827993211324,-9.193675894925335
-10.440855691673171,-9.190591689950034
-10.435883390135018,-9.187506432925597
-10.430911088596865,-9.18442012360147
-10.425938787058712,-9.181332761727086
-10.420966485520559,-9.178244347051844
-10.415994183982406,-9.175154879325124
-10.411021882444246,-9.172064358296293
-10.406049580906092,-9.168972783714743
-10.40107727936794,-9.165880155329786
-10.396104977829786,-9.162786472890746
-10.391132676291633,-9.159691736146947
-10.38616037475348,-9.156595944847659
-10.381188073215327,-9.153499098742174
-10.376215771677174,-9.150401197579743
-10.37124347013902,-9.14730224110961
-10.36627116860086,-9.144202229080989
-10.361298867062708,-9.141101161243121
-10.356326565524554,-9.13799903734516
-10.351354263986401,-9.134895857136314
-10.346381962448248,-9.131791620365714
-10.341409660910095,-9.128686326782539
-10.336437359371942,-9.125579976135882
-10.331465057833789,-9.122472568174874
-10.326492756295636,-9.119364102648605
-10.321520454757483,-9.116254579306169
-10.316548153219323,-9.113143997896596
-10.31157585168117,-9.110032358168963
-10.306603550143016,-9.106919659872286
-10.301631248604863,-9.103805902755578
-10.29665894706671,-9.100691086567863
-10.291686645528557,-9.097575211058084
-10.286714343990404,-9.094458275975237
-10.281742042452251,-9.091340281068256
-10.276769740914098,-9.088221226086086
-10.271797439375945,-9.085101110777627
-10.266825137837785,-9.0819799348918
-10.261852836299632,-9.07885769817749
-10.256880534761478,-9.075734400383553
-10.251908233223325,-9.072610041258855
-10.246935931685172,-9.06948462055223
-10.24196363014702,-9.066358138012502
-10.236991328608866,-9.063230593388468
-10.232019027070713,-9.060101986428936
-10.22704672553256,-9.056972316882673
-10.222074423994407,-9.053841584498432
-10.217102122456247,-9.050709789024951
-10.212129820918094,-9.047576930210964
-10.20715751937994,-9.044443007805192
-10.202185217841787,-9.04130802155631
-10.197212916303634,-9.03817197121302
-10.192240614765481,-9.035034856523962
-10.187268313227328,-9.031896677237802
-10.182296011689175,-9.028757433103166
-10.177323710151022,-9.025617123868672
-10.172351408612869,-9.022475749282917
-10.167379107074709,-9.019333309094483
-10.162406805536556,-9.016189803051951
-10.157434503998402,-9.013045230903856
-10.15246220246025,-9.009899592398765
-10.147489900922096,-9.00675288728517
-10.142517599383943,-9.003605115311604
-10.13754529784579,-9.000456276226538
-10.132572996307637,-8.997306369778451
-10.127600694769484,-8.99415539571581
-10.122628393231324,-8.99100335378706
-10.11765609169317,-8.987850243740617
-10.112683790155018,-8.984696065324915
-10.107711488616864,-8.981540818288336
-10.102739187078711,-8.978384502379267
-10.097766885540558,-8.975227117346087
-10.092794584002405,-8.97206866293713
-10.087822282464252,-8.968909138900734
-10.082849980926099,-8.96574854498523
-10.077877679387946,-8.962586880938915
-10.072905377849786,-8.959424146510086
-10.067933076311633,-8.956260341447008
-10.06296077477348,-8.953095465497942
-10.057988473235326,-8.949929518411153
-10.053016171697173,-8.946762499934847
-10.04804387015902,-8.943594409817244
-10.043071568620867,-8.940425247806537
-10.038099267082714,-8.93725501365091
-10.033126965544561,-8.934083707098548
-10.028154664006408,-8.930911327897585
-10.023182362468248,-8.927737875796154
-10.018210060930095,-8.924563350542392
-10.013237759391941,-8.9213877518844
-10.008265457853788,-8.918211079570282
-10.003293156315635,-8.915033333348097
-9.998320854777482,-8.9118545129659
-9.99334855323933,-8.908674618171762
-9.988376251701176,-8.905493648713701
-9.983403950163023,-8.902311604339726
-9.97843164862487,-8.89912848479785
-9.97345934708671,-8.895944289836056
-9.968487045548557,-8.89275901920232
-9.963514744010403,-8.889572672644587
-9.95854244247225,-8.886385249910804
-9.953570140934097,-8.883196750748906
-9.948597839395944,-8.880007174906778
-9.943625537857791,-8.876816522132359
-9.938653236319638,-8.873624792173484
-9.933680934781485,-8.870431984778055
-9.928708633243332,-8.867238099693889
-9.923736331705172,-8.864043136668858
-9.918764030167019,-8.860847095450767
-9.913791728628865,-8.85764997578742
-9.908819427090712,-8.854451777426629
-9.90384712555256,-8.85125250011614
-9.898874824014406,-8.848052143603745
-9.893902522476253,-8.844850707637173
-9.8889302209381,-8.841648191964156
-9.883957919399947,-8.838444596332439
-9.878985617861787,-8.835239920489684
-9.874013316323634,-8.832034164183616
-9.86904101478548,-8.828827327161894
-9.864068713247327,-8.825619409172175
-9.859096411709174,-8.822410409962117
-9.854124110171021,-8.819200329279335
-9.849151808632868,-8.815989166871454
-9.844179507094715,-8.81277692248607
-9.839207205556562,-8.809563595870772
-9.834234904018409,-8.806349186773133
-9.829262602480249,-8.80313369494071
-9.824290300942096,-8.799917120121053
-9.819317999403943,-8.796699462061678
-9.81434569786579,-8.793480720510102
-9.809373396327636,-8.790260895213837
-9.804401094789483,-8.787039985920337
-9.79942879325133,-8.783817992377113
-9.794456491713177,-8.7805949143316
-9.789484190175024,-8.777370751531228
-9.784511888636871,-8.77414550372345
-9.77953958709871,-8.770919170655658
-9.774567285560558,-8.767691752075267
-9.769594984022405,-8.764463247729651
-9.764622682484251,-8.76123365736618
-9.759650380946098,-8.758002980732213
-9.754678079407945,-8.754771217575088
-9.749705777869792,-8.751538367642148
-9.744733476331639,-8.748304430680681
-9.739761174793486,-8.745069406437997
-9.734788873255333,-8.741833294661383
-9.729816571717173,-8.738596095098108
-9.72484427017902,-8.73535780749543
-9.719871968640867,-8.732118431600579
-9.714899667102713,-8.728877967160788
-9.70992736556456,-8.725636413923283
-9.704955064026407,-8.722393771635256
-9.699982762488254,-8.719150040043889
-9.695010460950101,-8.715905218896356
-9.690038159411948,-8.712659307939804
-9.685065857873795,-8.709412306921399
-9.680093556335635,-8.706164215588236
-9.675121254797482,-8.702915033687463
-9.670148953259329,-8.69966476096617
-9.665176651721175,-8.696413397171444
-9.660204350183022,-8.693160942050358
-9.65523204864487,-8.689907395349962
-9.650259747106716,-8.68665275681732
-9.645287445568563,-8.68339702619944
-9.64031514403041,-8.680140203243363
-9.63534284249225,-8.676882287696074
-9.630370540954097,-8.673623279304568
-9.625398239415944,-8.670363177815839
-9.62042593787779,-8.667101982976813
-9.615453636339637,-8.663839694534477
-9.610481334801484,-8.660576312235737
-9.605509033263331,-8.65731183582753
-9.600536731725178,-8.654046265056753
-9.595564430187025,-8.650779599670312
-9.590592128648872,-8.647511839415063
-9.585619827110712,-8.644242984037895
-9.580647525572559,-8.640973033285649
-9.575675224034406,-8.637701986905174
-9.570702922496253,-8.634429844643272
-9.5657306209581,-8.631156606246785
-9.560758319419946,-8.62788227146249
-9.555786017881793,-8.624606840037172
-9.55081371634364,-8.621330311717603
-9.545841414805487,-8.61805268625055
-9.540869113267334,-8.614773963382742
-9.535896811729174,-8.611494142860913
-9.53092451019102,-8.608213224431784
-9.525952208652868,-8.60493120784205
-9.520979907114715,-8.60164809283841
-9.516007605576561,-8.598363879167533
-9.511035304038408,-8.595078566576088
-9.506063002500255,-8.591792154810717
-9.501090700962102,-8.588504643618052
-9.496118399423949,-8.58521603274472
-9.491146097885796,-8.581926321937338
-9.486173796347636,-8.578635510942481
-9.481201494809483,-8.575343599506759
-9.47622919327133,-8.572050587376715
-9.471256891733177,-8.568756474298917
-9.466284590195023,-8.565461260019907
-9.46131228865687,-8.562164944286216
-9.456339987118717,-8.558867526844347
-9.451367685580564,-8.555569007440816
-9.446395384042411,-8.552269385822104
-9.441423082504258,-8.54896866173469
-9.436450780966098,-8.545666834925035
-9.431478479427945,-8.542363905139592
-9.426506177889792,-8.539059872124787
-9.421533876351639,-8.535754735627064
-9.416561574813485,-8.532448495392824
-9.411589273275332,-8.529141151168451
-9.40661697173718,-8.525832702700347
-9.401644670199026,-8.522523149734875
-9.396672368660873,-8.519212492018385
-9.391700067122713,-8.515900729297227
-9.38672776558456,-8.512587861317742
-9.381755464046407,-8.509273887826252
-9.376783162508254,-8.505958808569048
-9.3718108609701,-8.502642623292427
-9.366838559431947,-8.499325331742673
-9.361866257893794,-8.496006933666044
-9.356893956355641,-8.492687428808807
-9.351921654817488,-8.489366816917206
-9.346949353279335,-8.48604509773744
-9.341977051741175,-8.48272227101576
-9.337004750203022,-8.479398336498358
-9.332032448664869,-8.476073293931409
-9.327060147126716,-8.472747143061106
-9.322087845588563,-8.469419883633615
-9.31711554405041,-8.466091515395076
-9.312143242512256,-8.462762038091638
-9.307170940974103,-8.459431451469422
-9.30219863943595,-8.456099755274538
-9.297226337897797,-8.45276694925309
-9.292254036359637,-8.449433033151166
-9.287281734821484,-8.446098006714848
-9.28230943328333,-8.442761869690186
-9.277337131745178,-8.439424621823248
-9.272364830207025,-8.436086262860059
-9.267392528668871,-8.432746792546642
-9.262420227130718,-8.429406210629008
-9.257447925592565,-8.426064516853176
-9.252475624054412,-8.422721710965106
-9.247503322516259,-8.419377792710794
-9.242531020978099,-8.41603276183619
-9.237558719439946,-8.41268661808725
-9.232586417901793,-8.409339361209916
-9.22761411636364,-8.405990990950091
-9.222641814825487,-8.402641507053719
-9.217669513287333,-8.399290909266682
-9.21269721174918,-8.395939197334865
-9.207724910211027,-8.392586371004157
-9.202752608672874,-8.389232430020405
-9.197780307134721,-8.38587737412947
-9.19280800559656,-8.382521203077179
-9.187835704058408,-8.379163916609373
-9.182863402520255,-8.375805514471859
-9.177891100982102,-8.37244599641044
-9.172918799443949,-8.369085362170901
-9.167946497905795,-8.365723611499021
-9.162974196367642,-8.362360744140567
-9.15800189482949,-8.358996759841288
-9.153029593291336,-8.355631658346928
-9.148057291753176,-8.352265439403205
-9.143084990215023,-8.348898102755854
-9.13811268867687,-8.345529648150569
-9.133140387138717,-8.342160075333036
-9.128168085600564,-8.338789384048935
-9.12319578406241,-8.335417574043946
-9.118223482524257,-8.332044645063723
-9.113251180986104,-8.328670596853899
-9.108278879447951,-8.325295429160104
-9.103306577909798,-8.32191914172797
-9.098334276371638,-8.318541734303091
-9.093361974833485,-8.315163206631077
-9.088389673295332,-8.311783558457506
-9.083417371757179,-8.30840278952795
-9.078445070219026,-8.305020899587964
-9.073472768680872,-8.301637888383093
-9.06850046714272,-8.298253755658884
-9.063528165604566,-8.294868501160858
-9.058555864066413,-8.291482124634525
-9.05358356252826,-8.28809462582539
-9.0486112609901,-8.284706004478924
-9.043638959451947,-8.281316260340622
-9.038666657913794,-8.277925393155956
-9.03369435637564,-8.274533402670357
-9.028722054837488,-8.271140288629283
-9.023749753299334,-8.267746050778161
-9.018777451761181,-8.264350688862395
-9.013805150223028,-8.260954202627422
-9.008832848684875,-8.25755659181861
-9.003860547146722,-8.254157856181351
-8.998888245608562,-8.250757995461006
-8.993915944070409,-8.247357009402958
-8.988943642532256,-8.24395489775254
-8.983971340994103,-8.24055166025509
-8.97899903945595,-8.237147296655934
-8.974026737917796,-8.233741806700388
-8.969054436379643,-8.230335190133744
-8.96408213484149,-8.226927446701312
-8.959109833303337,-8.223518576148367
-8.954137531765184,-8.220108578220163
-8.949165230227024,-8.216697452661954
-8.94419292868887,-8.213285199219003
-8.939220627150718,-8.20987181763654
-8.934248325612565,-8.206457307659775
-8.929276024074412,-8.203041669033922
-8.924303722536258,-8.199624901504198
-8.919331420998105,-8.196207004815768
-8.914359119459952,-8.192787978713826
-8.9093868179218,-8.189367822943511
-8.904414516383639,-8.185946537250004
-8.899442214845486,-8.18252412137845
-8.894469913307333,-8.179100575073962
-8.88949761176918,-8.17567589808167
-8.884525310231027,-8.17225009014668
-8.879553008692874,-8.168823151014095
-8.87458070715472,-8.165395080428985
-8.869608405616567,-8.161965878136447
-8.864636104078414,-8.158535543881543
-8.859663802540261,-8.155104077409316
-8.854691501002101,-8.151671478464804
-8.849719199463948,-8.148237746793052
-8.844746897925795,-8.144802882139079
-8.839774596387642,-8.141366884247887
-8.834802294849489,-8.137929752864482
-8.829829993311336,-8.134491487733836
-8.824857691773182,-8.131052088600937
-8.81988539023503,-8.12761155521075
-8.814913088696876,-8.124169887308224
-8.809940787158723,-8.120727084638306
-8.804968485620563,-8.117283146945923
-8.79999618408241,-8.113838073976002
-8.795023882544257,-8.11039186547345
-8.790051581006104,-8.106944521183173
-8.78507927946795,-8.103496040850045
-8.780106977929798,-8.100046424218965
-8.775134676391644,-8.096595671034777
-8.770162374853491,-8.093143781042361
-8.765190073315338,-8.08969075398654
-8.760217771777185,-8.086236589612161
-8.755245470239025,-8.082781287664039
-8.750273168700872,-8.079324847887
-8.745300867162719,-8.075867270025833
-8.740328565624566,-8.072408553825353
-8.735356264086413,-8.068948699030306
-8.73038396254826,-8.065487705385484
-8.725411661010106,-8.06202557263565
-8.720439359471953,-8.058562300525539
-8.7154670579338,-8.055097888799907
-8.710494756395647,-8.051632337203467
-8.705522454857487,-8.048165645480935
-8.700550153319334,-8.044697813377034
-8.69557785178118,-8.04122884063645
-8.690605550243028,-8.03775872700386
-8.685633248704875,-8.034287472223964
-8.680660947166722,-8.0308150760414
-8.675688645628568,-8.027341538200844
-8.670716344090415,-8.023866858446926
-8.665744042552262,-8.02039103652428
-8.660771741014102,-8.016914072177528
-8.655799439475949,-8.013435965151302
-8.650827137937796,-8.009956715190176
-8.645854836399643,-8.006476322038772
-8.64088253486149,-8.002994785441647
-8.635910233323337,-7.999512105143377
-8.630937931785184,-7.9960282808885355
-8.62596563024703,-7.992543312421672
-8.620993328708877,-7.989057199487303
-8.616021027170724,-7.985569941829987
-8.611048725632564,-7.982081539194228
-8.606076424094411,-7.97859199132455
-8.601104122556258,-7.975101297965439
-8.596131821018105,-7.9716094588613915
-8.591159519479952,-7.968116473756888
-8.586187217941799,-7.964622342396388
-8.581214916403646,-7.9611270645243675
-8.576242614865492,-7.957630639885255
-8.57127031332734,-7.954133068223513
-8.566298011789186,-7.950634349283556
-8.561325710251026,-7.9471344828097905
-8.556353408712873,-7.943633468546656
-8.55138110717472,-7.940131306238529
-8.546408805636567,-7.936627995629809
-8.541436504098414,-7.933123536464872
-8.53646420256026,-7.929617928488082
-8.531491901022108,-7.926111171443803
-8.526519599483954,-7.922603265076391
-8.521547297945801,-7.919094209130181
-8.516574996407648,-7.915584003349484
-8.511602694869488,-7.912072647478638
-8.506630393331335,-7.90856014126196
-8.501658091793182,-7.905046484443737
-8.496685790255029,-7.901531676768257
-8.491713488716876,-7.898015717979813
-8.486741187178723,-7.894498607822667
-8.48176888564057,-7.890980346041084
-8.476796584102416,-7.887460932379316
-8.471824282564263,-7.883940366581591
-8.46685198102611,-7.880418648392156
-8.46187967948795,-7.876895777555228
-8.456907377949797,-7.873371753815024
-8.451935076411644,-7.869846576915741
-8.44696277487349,-7.86632024660157
-8.441990473335338,-7.862792762616704
-8.437018171797185,-7.859264124705313
-8.432045870259032,-7.855734332611558
-8.427073568720878,-7.852203386079592
-8.422101267182725,-7.848671284853573
-8.417128965644565,-7.845138028677625
-8.412156664106412,-7.841603617295873
-8.407184362568259,-7.83806805045245
-8.402212061030106,-7.8345313278914475
-8.397239759491953,-7.8309934493569715
-8.3922674579538,-7.827454414593102
-8.387295156415647,-7.8239142233439365
-8.382322854877494,-7.82037287535353
-8.37735055333934,-7.816830370365949
-8.372378251801187,-7.813286708125231
-8.367405950263027,-7.809741888375436
-8.362433648724874,-7.806195910860595
-8.357461347186721,-7.802648775324722
-8.352489045648568,-7.799100481511842
-8.347516744110415,-7.795551029165952
-8.342544442572262,-7.792000418031044
-8.337572141034109,-7.788448647851111
-8.332599839495956,-7.78489571837013
-8.327627537957802,-7.781341629332075
-8.32265523641965,-7.777786380480888
-8.31768293488149,-7.7742299715605405
-8.312710633343336,-7.770672402314951
-8.307738331805183,-7.767113672488068
-8.30276603026703,-7.763553781823813
-8.297793728728877,-7.759992730066099
-8.292821427190724,-7.756430516958811
-8.28784912565257,-7.752867142245873
-8.282876824114418,-7.749302605671149
-8.277904522576264,-7.745736906978539
-8.272932221038111,-7.7421700459118865
-8.267959919499951,-7.738602022215064
-8.262987617961798,-7.7350328356319284
-8.258015316423645,-7.73146248590631
-8.253043014885492,-7.727890972782041
-8.248070713347339,-7.724318296002966
-8.243098411809186,-7.7207444553128735
-8.238126110271033,-7.717169450455575
-8.23315380873288,-7.713593281174882
-8.228181507194726,-7.710015947214578
-8.223209205656573,-7.7064374483184395
-8.218236904118413,-7.702857784230226
-8.21326460258026,-7.699276954693725
-8.208292301042107,-7.695694959452677
-8.203319999503954,-7.692111798250827
-8.1983476979658,-7.688527470831912
-8.193375396427648,-7.6849419769396565
-8.188403094889495,-7.681355316317784
-8.183430793351341,-7.677767488710007
-8.178458491813188,-7.6741784938600155
-8.173486190275028,-7.670588331511515
-8.168513888736875,-7.666997001408184
-8.163541587198722,-7.663404503293701
-8.158569285660569,-7.6598108369117375
-8.153596984122416,-7.656216002005942
-8.148624682584263,-7.652619998319984
-8.14365238104611,-7.649022825597481
-8.138680079507957,-7.645424483582086
-8.133707777969803,-7.64182497201741
-8.12873547643165,-7.6382242906470825
-8.12376317489349,-7.634622439214695
-8.118790873355337,-7.631019417463864
-8.113818571817184,-7.627415225138182
-8.108846270279031,-7.623809861981221
-8.103873968740878,-7.620203327736556
-8.098901667202725,-7.616595622147756
-8.093929365664572,-7.612986744958391
-8.088957064126419,-7.609376695911992
-8.083984762588265,-7.605765474752121
-8.079012461050112,-7.6021530812222995
-8.074040159511952,-7.598539515066037
-8.069067857973799,-7.59492477602688
-8.064095556435646,-7.591308863848326
-8.059123254897493,-7.587691778273867
-8.05415095335934,-7.584073519047016
-8.049178651821187,-7.58045408591124
-8.044206350283034,-7.57683347861002
-8.03923404874488,-7.573211696886821
-8.034261747206727,-7.569588740485121
-8.029289445668574,-7.565964609148337
-8.024317144130414,-7.5623393026199475
-8.019344842592261,-7.558712820643368
-8.014372541054108,-7.555085162962048
-8.009400239515955,-7.551456329319389
-8.004427937977802,-7.547826319458801
-7.999455636439649,-7.544195133123707
-7.994483334901496,-7.540562770057487
-7.989511033363343,-7.536929230003537
-7.9845387318251895,-7.53329451270523
-7.979566430287036,-7.52965861790596
-7.974594128748876,-7.5260215453490575
-7.969621827210723,-7.522383294777904
-7.96464952567257,-7.518743865935853
-7.959677224134417,-7.5151032585662305
-7.954704922596264,-7.511461472412378
-7.949732621058111,-7.507818507217621
-7.944760319519958,-7.504174362725278
-7.939788017981805,-7.500529038678655
-7.9348157164436515,-7.496882534821066
-7.929843414905491,-7.493234850895789
-7.924871113367338,-7.489585986646132
-7.919898811829185,-7.485935941815359
-7.914926510291032,-7.482284716146748
-7.909954208752879,-7.478632309383562
-7.904981907214726,-7.474978721269066
-7.900009605676573,-7.471323951546508
-7.89503730413842,-7.467667999959124
-7.8900650026002666,-7.464010866250149
-7.8850927010621135,-7.4603525501628125
-7.880120399523953,-7.456693051440325
-7.8751480979858,-7.453032369825913
-7.870175796447647,-7.449370505062784
-7.865203494909494,-7.4457074568941195
-7.860231193371341,-7.44204322506312
-7.855258891833188,-7.438377809312965
-7.850286590295035,-7.434711209386826
-7.845314288756882,-7.431043425027885
-7.8403419872187285,-7.427374455979286
-7.8353696856805755,-7.4237043019841895
-7.830397384142415,-7.42003296278574
-7.825425082604262,-7.416360438127077
-7.820452781066109,-7.412686727751328
-7.815480479527956,-7.4090118314016244
-7.810508177989803,-7.405335748821084
-7.80553587645165,-7.401658479752815
-7.800563574913497,-7.39798002393991
-7.795591273375344,-7.394300381125475
-7.7906189718371905,-7.3906195510526
-7.7856466702990375,-7.38693753346435
-7.780674368760877,-7.383254328103814
-7.775702067222724,-7.379569934714063
-7.770729765684571,-7.375884353038138
-7.765757464146418,-7.3721975828191155
-7.760785162608265,-7.36850962380002
-7.755812861070112,-7.36482047572391
-7.750840559531959,-7.361130138333808
-7.745868257993806,-7.35743861137273
-7.7408959564556525,-7.353745894583708
-7.7359236549174994,-7.350051987709748
-7.730951353379339,-7.3463568904938406
-7.725979051841186,-7.34266060267901
-7.721006750303033,-7.338963124008236
-7.71603444876488,-7.3352644542244905
-7.711062147226727,-7.331564593070761
-7.706089845688574,-7.327863540290019
-7.701117544150421,-7.32416129562523
-7.696145242612268,-7.320457858819325
-7.6911729410741145,-7.316753229615298
-7.686200639535954,-7.31304740775605
-7.681228337997801,-7.309340392984541
-7.676256036459648,-7.305632185043683
-7.671283734921495,-7.3019227836764244
-7.666311433383342,-7.29821218862566
-7.661339131845189,-7.2945003996343125
-7.656366830307036,-7.290787416445276
-7.651394528768883,-7.287073238801449
-7.64642222723073,-7.28335786644572
-7.6414499256925765,-7.279641299120978
-7.636477624154416,-7.275923536570085
-7.631505322616263,-7.272204578535931
-7.62653302107811,-7.26848442476136
-7.621560719539957,-7.264763074989253
-7.616588418001804,-7.261040528962445
-7.611616116463651,-7.257316786423778
-7.606643814925498,-7.253591847116094
-7.601671513387345,-7.249865710782229
-7.596699211849192,-7.246138377165001
-7.5917269103110385,-7.242409846007226
-7.586754608772878,-7.238680117051725
-7.581782307234725,-7.234949190041299
-7.576810005696572,-7.231217064718752
-7.571837704158419,-7.227483740826883
-7.566865402620266,-7.223749218108451
-7.561893101082113,-7.220013496306275
-7.55692079954396,-7.216276575163104
-7.551948498005807,-7.212538454421709
-7.546976196467654,-7.208799133824863
-7.5420038949295005,-7.20505861311531
-7.53703159339134,-7.2013168920358055
-7.532059291853187,-7.197573970329093
-7.527086990315034,-7.193829847737917
-7.522114688776881,-7.190084524004996
-7.517142387238728,-7.186337998873064
-7.512170085700575,-7.182590272084844
-7.507197784162422,-7.17884134338304
-7.502225482624269,-7.175091212510357
-7.497253181086116,-7.171339879209507
-7.4922808795479625,-7.167587343223181
-7.487308578009802,-7.1638336042940605
-7.482336276471649,-7.160078662164843
-7.477363974933496,-7.156322516578202
-7.472391673395343,-7.1525651672768085
-7.46741937185719,-7.148806614003318
-7.462447070319037,-7.145046856500401
-7.457474768780884,-7.141285894510711
-7.452502467242731,-7.137523727776893
-7.447530165704578,-7.133760356041595
-7.442557864166417,-7.129995779047434
-7.437585562628264,-7.126229996537069
-7.432613261090111,-7.1224630082531135
-7.427640959551958,-7.11869481393818
-7.422668658013805,-7.114925413334893
-7.417696356475652,-7.11115480618585
-7.412724054937499,-7.107382992233659
-7.407751753399346,-7.103609971220916
-7.402779451861193,-7.099835742890207
-7.39780715032304,-7.096060306984136
-7.392834848784879,-7.092283663245259
-7.387862547246726,-7.088505811416161
-7.382890245708573,-7.08472675123941
-7.37791794417042,-7.080946482457569
-7.372945642632267,-7.0771650048131995
-7.367973341094114,-7.073382318048844
-7.363001039555961,-7.069598421907051
-7.358028738017808,-7.065813316130381
-7.353056436479655,-7.062027000461337
-7.348084134941502,-7.058239474642479
-7.343111833403341,-7.054450738416306
-7.338139531865188,-7.050660791525359
-7.333167230327035,-7.046869633712142
-7.328194928788882,-7.043077264719168
-7.323222627250729,-7.0392836842889395
-7.318250325712576,-7.035488892163959
-7.313278024174423,-7.031692888086704
-7.30830572263627,-7.0278956717996754
-7.303333421098117,-7.024097243045355
-7.298361119559964,-7.0202976015662095
-7.293388818021803,-7.016496747104721
-7.28841651648365,-7.012694679403357
-7.283444214945497,-7.008891398204578
-7.278471913407344,-7.00508690325084
-7.273499611869191,-7.00128119428459
-7.268527310331038,-6.997474271048277
-7.263555008792885,-6.99366613328434
-7.258582707254732,-6.989856780735223
-7.253610405716579,-6.986046213143348
-7.248638104178426,-6.9822344302511405
-7.243665802640265,-6.978421431801028
-7.238693501102112,-6.974607217535431
-7.233721199563959,-6.970791787196749
-7.228748898025806,-6.966975140527398
-7.223776596487653,-6.963157277269766
-7.2188042949495,-6.959338197166264
-7.213831993411347,-6.95551789995928
-7.208859691873194,-6.951696385391187
-7.203887390335041,-6.947873653204381
-7.1989150887968805,-6.944049703141236
-7.193942787258727,-6.940224534944121
-7.188970485720574,-6.936398148355413
-7.183998184182421,-6.932570543117456
-7.179025882644268,-6.928741718972628
-7.174053581106115,-6.924911675663266
-7.169081279567962,-6.921080412931726
-7.164108978029809,-6.91724793052035
-7.159136676491656,-6.913414228171476
-7.154164374953503,-6.909579305627444
-7.1491920734153425,-6.905743162630569
-7.144219771877189,-6.901905798923192
-7.139247470339036,-6.898067214247629
-7.134275168800883,-6.8942274083461905
-7.12930286726273,-6.890386380961192
-7.124330565724577,-6.886544131834943
-7.119358264186424,-6.8827006607097445
-7.114385962648271,-6.878855967327888
-7.109413661110118,-6.875010051431664
-7.104441359571965,-6.8711629127633795
-7.0994690580338045,-6.867314551065293
-7.094496756495651,-6.863464966079707
-7.089524454957498,-6.859614157548888
-7.084552153419345,-6.855762125215117
-7.079579851881192,-6.851908868820639
-7.074607550343039,-6.848054388107736
-7.069635248804886,-6.844198682818655
-7.064662947266733,-6.84034175269566
-7.05969064572858,-6.836483597480989
-7.054718344190427,-6.8326242169169
-7.0497460426522665,-6.828763610745613
-7.044773741114113,-6.824901778709391
-7.03980143957596,-6.821038720550448
-7.034829138037807,-6.817174436011022
-7.029856836499654,-6.81330892483333
-7.024884534961501,-6.809442186759607
-7.019912233423348,-6.805574221532051
-7.014939931885195,-6.801705028892878
-7.009967630347042,-6.797834608584304
-7.004995328808889,-6.7939629603485265
-7.0000230272707284,-6.79009008392774
-6.995050725732575,-6.786215979064152
-6.990078424194422,-6.782340645499952
-6.985106122656269,-6.778464082977327
-6.980133821118116,-6.774586291238449
-6.975161519579963,-6.7707072700255155
-6.97018921804181,-6.766827019080687
-6.965216916503657,-6.762945538146146
-6.960244614965504,-6.759062826964061
-6.9552723134273435,-6.75517888527658
-6.95030001188919,-6.751293712825883
-6.945327710351037,-6.747407309354118
-6.940355408812884,-6.743519674603442
-6.935383107274731,-6.739630808316005
-6.930410805736578,-6.735740710233942
-6.925438504198425,-6.7318493800993995
-6.920466202660272,-6.727956817654524
-6.915493901122119,-6.7240630226414355
-6.910521599583966,-6.720167994802271
-6.9055492980458055,-6.716271733879155
-6.900576996507652,-6.71237423961421
-6.895604694969499,-6.708475511749571
-6.890632393431346,-6.704575550027335
-6.885660091893193,-6.700674354189617
-6.88068779035504,-6.6967719239785275
-6.875715488816887,-6.692868259136173
-6.870743187278734,-6.688963359404661
-6.865770885740581,-6.685057224526082
-6.860798584202428,-6.681149854242534
-6.8558262826642675,-6.677241248296094
-6.850853981126114,-6.673331406428868
-6.845881679587961,-6.669420328382934
-6.840909378049808,-6.66550801390038
-6.835937076511655,-6.661594462723264
-6.830964774973502,-6.657679674593683
-6.825992473435349,-6.653763649253695
-6.821020171897196,-6.64984638644537
-6.816047870359043,-6.645927885910769
-6.81107556882089,-6.642008147391958
-6.8061032672827295,-6.638087170630988
-6.801130965744576,-6.634164955369921
-6.796158664206423,-6.630241501350798
-6.79118636266827,-6.626316808315683
-6.786214061130117,-6.622390876006612
-6.781241759591964,-6.618463704165619
-6.776269458053811,-6.614535292534753
-6.771297156515658,-6.610605640856035
-6.766324854977505,-6.606674748871523
-6.761352553439352,-6.602742616323223
-6.7563802519011915,-6.598809242953161
-6.751407950363038,-6.594874628503387
-6.746435648824885,-6.5909387727158775
-6.741463347286732,-6.587001675332691
-6.736491045748579,-6.583063336095818
-6.731518744210426,-6.579123754747277
-6.726546442672273,-6.5751829310290715
-6.72157414113412,-6.571240864683214
-6.716601839595967,-6.5672975554517
-6.711629538057807,-6.5633530030765215
-6.7066572365196535,-6.559407207299695
-6.7016849349815,-6.555460167863202
-6.696712633443347,-6.551511884509032
-6.691740331905194,-6.547562356979177
-6.686768030367041,-6.54361158501562
-6.681795728828888,-6.539659568360345
-6.676823427290735,-6.5357063067553325
-6.671851125752582,-6.531751799942555
-6.666878824214429,-6.527796047663991
-6.661906522676269,-6.52383904966161
-6.6569342211381155,-6.519880805677378
-6.651961919599962,-6.515921315453267
-6.646989618061809,-6.511960578731243
-6.642017316523656,-6.507998595253256
-6.637045014985503,-6.50403536476128
-6.63207271344735,-6.5000708869972526
-6.627100411909197,-6.496105161703137
-6.622128110371044,-6.492138188620889
-6.617155808832891,-6.488169967492445
-6.612183507294731,-6.484200498059755
-6.6072112057565775,-6.480229780064765
-6.602238904218424,-6.476257813249423
-6.597266602680271,-6.472284597355655
-6.592294301142118,-6.468310132125399
-6.587321999603965,-6.464334417300596
-6.582349698065812,-6.460357452623172
-6.577377396527659,-6.456379237835054
-6.572405094989506,-6.452399772678173
-6.567432793451353,-6.4484190568944495
-6.562460491913193,-6.444437090225806
-6.5574881903750395,-6.440453872414167
-6.552515888836886,-6.436469403201447
-6.547543587298733,-6.432483682329566
-6.54257128576058,-6.428496709540428
-6.537598984222427,-6.424508484575949
-6.532626682684274,-6.420519007178037
-6.527654381146121,-6.416528277088602
-6.522682079607968,-6.412536294049543
-6.517709778069815,-6.408543057802766
-6.512737476531655,-6.404548568090166
-6.5077651749935015,-6.400552824653647
-6.502792873455348,-6.39655582723511
-6.497820571917195,-6.392557575576442
-6.492848270379042,-6.388558069419537
-6.487875968840889,-6.3845573085062854
-6.482903667302736,-6.380555292578573
-6.477931365764583,-6.376552021378291
-6.47295906422643,-6.372547494647319
-6.46798676268827,-6.368541712127531
-6.463014461150117,-6.36453467356083
-6.4580421596119635,-6.360526378689087
-6.45306985807381,-6.356516827254166
-6.448097556535657,-6.3525060189979605
-6.443125254997504,-6.348493953662336
-6.438152953459351,-6.344480630989155
-6.433180651921198,-6.340466050720296
-6.428208350383045,-6.336450212597632
-6.423236048844892,-6.332433116363017
-6.418263747306732,-6.328414761758327
-6.413291445768579,-6.324395148525425
-6.4083191442304255,-6.3203742764061595
-6.403346842692272,-6.316352145142398
-6.398374541154119,-6.31232875447601
-6.393402239615966,-6.308304104148836
-6.388429938077813,-6.304278193902737
-6.38345763653966,-6.300251023479568
-6.378485335001507,-6.296222592621176
-6.373513033463354,-6.292192901069418
-6.368540731925194,-6.288161948566131
-6.363568430387041,-6.284129734853176
-6.3585961288488875,-6.280096259672389
-6.353623827310734,-6.27606152276563
-6.348651525772581,-6.2720255238747225
-6.343679224234428,-6.267988262741528
-6.338706922696275,-6.263949739107859
-6.333734621158122,-6.259909952715588
-6.328762319619969,-6.25586890330653
-6.323790018081816,-6.251826590622522
-6.318817716543656,-6.247783014405408
-6.313845415005503,-6.243738174397021
-6.3088731134673495,-6.239692070339194
-6.303900811929196,-6.2356447019737535
-6.298928510391043,-6.231596069042535
-6.29395620885289,-6.227546171287359
-6.288983907314737,-6.223495008450059
-6.284011605776584,-6.219442580272468
-6.279039304238431,-6.2153888864964
-6.274067002700278,-6.211333926863685
-6.269094701162118,-6.207277701116141
-6.2641223996239646,-6.203220208995606
-6.2591500980858115,-6.199161450243885
-6.254177796547658,-6.195101424602799
-6.249205495009505,-6.191040131814179
-6.244233193471352,-6.18697757161984
-6.239260891933199,-6.182913743761589
-6.234288590395046,-6.1788486479812486
-6.229316288856893,-6.1747822840206394
-6.224343987318733,-6.170714651621561
-6.21937168578058,-6.166645750525847
-6.2143993842424265,-6.162575580475303
-6.2094270827042735,-6.158504141211738
-6.20445478116612,-6.15443143247696
-6.199482479627967,-6.1503574540127905
-6.194510178089814,-6.14628220556102
-6.189537876551661,-6.142205686863476
-6.184565575013508,-6.138127897661958
-6.179593273475355,-6.134048837698281
-6.174620971937195,-6.129968506714235
-6.169648670399042,-6.1258869044516455
-6.1646763688608885,-6.121804030652308
-6.1597040673227355,-6.117719885058033
-6.154731765784582,-6.113634467410615
-6.149759464246429,-6.109547777451867
-6.144787162708276,-6.105459814923586
-6.139814861170123,-6.10137057956758
-6.13484255963197,-6.097280071125646
-6.129870258093817,-6.0931882893395874
-6.124897956555657,-6.089095233951195
-6.119925655017504,-6.0850009047022935
-6.1149533534793505,-6.0809053013346555
-6.1099810519411974,-6.0768084235901005
-6.105008750403044,-6.072710271210424
-6.100036448864891,-6.0686108439374244
-6.095064147326738,-6.06451014151289
-6.090091845788585,-6.060408163678623
-6.085119544250432,-6.05630491017644
-6.080147242712279,-6.052200380748106
-6.075174941174119,-6.048094575135438
-6.070202639635966,-6.043987493080237
-6.0652303380978125,-6.0398791343242895
-6.0602580365596594,-6.035769498609398
-6.055285735021506,-6.031658585677354
-6.050313433483353,-6.027546395269957
-6.0453411319452,-6.023432927128996
-6.040368830407047,-6.0193181809962795
-6.035396528868894,-6.015202156613598
-6.030424227330741,-6.011084853722744
-6.025451925792581,-6.0069662720655055
-6.020479624254428,-6.002846411383695
-6.0155073227162745,-5.9987252714191
-6.010535021178121,-5.994602851913519
-6.005562719639968,-5.990479152608741
-6.000590418101815,-5.986354173246561
-5.995618116563662,-5.982227913568783
-5.990645815025509,-5.978100373317198
-5.985673513487356,-5.9739715522336025
-5.980701211949196,-5.969841450059786
-5.975728910411043,-5.965710066537552
-5.97075660887289,-5.961577401408699
-5.9657843073347365,-5.9574434544150145
-5.960812005796583,-5.953308225298302
-5.95583970425843,-5.949171713800356
-5.950867402720277,-5.945033919662977
-5.945895101182124,-5.94089484262795
-5.940922799643971,-5.936754482437086
-5.935950498105818,-5.932612838832178
-5.930978196567658,-5.928469911555017
-5.926005895029505,-5.924325700347412
-5.921033593491352,-5.92018020495116
-5.9160612919531985,-5.916033425108055
-5.911088990415045,-5.911885360559905
-5.906116688876892,-5.9077360110484936
-5.901144387338739,-5.9035853763156405
-5.896172085800586,-5.899433456103137
-5.891199784262433,-5.89528025015279
-5.88622748272428,-5.891125758206387
-5.88125518118612,-5.886969980005747
-5.876282879647967,-5.882812915292666
-5.871310578109814,-5.878654563808951
-5.8663382765716605,-5.874494925296393
-5.861365975033507,-5.870333999496817
-5.856393673495354,-5.866171786152019
-5.851421371957201,-5.862008285003802
-5.846449070419048,-5.857843495793974
-5.841476768880895,-5.853677418264341
-5.836504467342742,-5.849510052156722
-5.831532165804582,-5.845341397212903
-5.826559864266429,-5.841171453174713
-5.821587562728276,-5.837000219783965
-5.8166152611901225,-5.83282769678246
-5.811642959651969,-5.8286538839120166
-5.806670658113816,-5.824478780914435
-5.801698356575663,-5.820302387531536
-5.79672605503751,-5.8161247035051495
-5.791753753499357,-5.811945728577066
-5.786781451961204,-5.80776546248912
-5.781809150423044,-5.803583904983108
-5.776836848884891,-5.799401055800876
-5.771864547346738,-5.795216914684231
-5.7668922458085845,-5.791031481374981
-5.761919944270431,-5.786844755614965
-5.756947642732278,-5.782656737146002
-5.751975341194125,-5.778467425709914
-5.747003039655972,-5.774276821048516
-5.742030738117819,-5.770084922903648
-5.737058436579659,-5.7658917310171205
-5.732086135041506,-5.761697245130778
-5.727113833503353,-5.75750146498644
-5.7221415319652,-5.753304390325938
-5.7171692304270465,-5.749106020891109
-5.712196928888893,-5.74490635642379
-5.70722462735074,-5.740705396665793
-5.702252325812587,-5.736503141358976
-5.697280024274434,-5.732299590245169
-5.692307722736281,-5.728094743066202
-5.687335421198121,-5.723888599563918
-5.682363119659968,-5.719681159480162
-5.677390818121815,-5.715472422556774
-5.672418516583662,-5.7112623885356015
-5.6674462150455085,-5.707051057158483
-5.662473913507355,-5.702838428167264
-5.657501611969202,-5.698624501303798
-5.652529310431049,-5.694409276309931
-5.647557008892896,-5.690192752927516
-5.642584707354743,-5.685974930898403
-5.637612405816583,-5.681755809964439
-5.63264010427843,-5.677535389867491
-5.627667802740277,-5.67331367034942
-5.622695501202124,-5.669090651152072
-5.6177231996639705,-5.664866332017314
-5.612750898125817,-5.660640712686998
-5.607778596587664,-5.656413792902997
-5.602806295049511,-5.652185572407186
-5.597833993511358,-5.647956050941408
-5.592861691973205,-5.643725228247552
-5.587889390435045,-5.63949310406747
-5.582917088896892,-5.63525967814306
-5.577944787358739,-5.631024950216168
-5.572972485820586,-5.626788920028692
-5.5680001842824325,-5.622551587322506
-5.563027882744279,-5.6183129518394725
-5.558055581206126,-5.6140730133214936
-5.553083279667973,-5.609831771510445
-5.54811097812982,-5.605589226148207
-5.543138676591667,-5.601345376976679
-5.538166375053507,-5.59710022373773
-5.533194073515354,-5.592853766173273
-5.528221771977201,-5.588606004025195
-5.523249470439048,-5.584356937035382
-5.5182771689008945,-5.580106564945742
-5.513304867362741,-5.575854887498175
-5.508332565824588,-5.571601904434574
-5.503360264286435,-5.567347615496851
-5.498387962748282,-5.563092020426905
-5.493415661210122,-5.558835118966639
-5.488443359671969,-5.554576910857982
-5.483471058133816,-5.550317395842833
-5.478498756595663,-5.5460565736631064
-5.47352645505751,-5.541794444060734
-5.4685541535193565,-5.5375310067776145
-5.463581851981203,-5.533266261555678
-5.45860955044305,-5.5290002081368455
-5.453637248904897,-5.524732846263048
-5.448664947366744,-5.520464175676217
-5.443692645828584,-5.516194196118265
-5.438720344290431,-5.5119229073311455
-5.433748042752278,-5.507650309056786
-5.428775741214125,-5.5033764010371256
-5.423803439675972,-5.499101183014108
-5.4188311381378185,-5.494824654729675
-5.413858836599665,-5.490546815925767
-5.408886535061512,-5.486267666344338
-5.403914233523359,-5.481987205727326
-5.398941931985206,-5.4777054338167055
-5.393969630447046,-5.473422350354406
-5.388997328908893,-5.469137955082408
-5.38402502737074,-5.464852247742666
-5.379052725832587,-5.4605652280771455
-5.3740804242944336,-5.4562768958278
-5.3691081227562805,-5.451987250736616
-5.364135821218127,-5.447696292545554
-5.359163519679974,-5.443404020996598
-5.354191218141821,-5.439110435831714
-5.349218916603668,-5.434815536792891
-5.344246615065508,-5.4305193236220966
-5.339274313527355,-5.426221796061332
-5.334302011989202,-5.421922953852591
-5.329329710451049,-5.417622796737849
-5.3243574089128956,-5.413321324459104
-5.3193851073747425,-5.409018536758355
-5.314412805836589,-5.404714433377609
-5.309440504298436,-5.400409014058849
-5.304468202760283,-5.396102278544105
-5.29949590122213,-5.391794226575372
-5.29452359968397,-5.387484857894663
-5.289551298145817,-5.383174172243993
-5.284578996607664,-5.378862169365394
-5.279606695069511,-5.374548849000864
-5.2746343935313575,-5.370234210892445
-5.2696620919932045,-5.365918254782152
-5.264689790455051,-5.3616009804120175
-5.259717488916898,-5.357282387524091
-5.254745187378745,-5.352962475860386
-5.249772885840585,-5.348641245162949
-5.244800584302432,-5.344318695173837
-5.239828282764279,-5.3399948256350855
-5.234855981226126,-5.335669636288749
-5.229883679687973,-5.331343126876868
-5.2249113781498195,-5.327015297141513
-5.2199390766116665,-5.322686146824747
-5.214966775073513,-5.318355675668613
-5.20999447353536,-5.314023883415191
-5.205022171997207,-5.309690769806549
-5.200049870459047,-5.30535633458476
-5.195077568920894,-5.3010205774919
-5.190105267382741,-5.296683498270053
-5.185132965844588,-5.292345096661301
-5.180160664306435,-5.288005372407727
-5.1751883627682815,-5.28366432525142
-5.1702160612301284,-5.279321954934486
-5.165243759691975,-5.274978261199009
-5.160271458153822,-5.270633243787098
-5.155299156615669,-5.2662869024408545
-5.150326855077509,-5.261939236902383
-5.145354553539356,-5.257590246913805
-5.140382252001203,-5.253239932217234
-5.13540995046305,-5.248888292554789
-5.130437648924897,-5.244535327668594
-5.1254653473867435,-5.240181037300772
-5.12049304584859,-5.235825421193457
-5.115520744310437,-5.231468479088782
-5.110548442772284,-5.227110210728891
-5.105576141234131,-5.222750615855909
-5.100603839695971,-5.2183896942119965
-5.095631538157818,-5.214027445539307
-5.090659236619665,-5.209663869579989
-5.085686935081512,-5.205298966076197
-5.080714633543359,-5.200932734770096
-5.0757423320052055,-5.196565175403853
-5.070770030467052,-5.192196287719631
-5.065797728928899,-5.187826071459611
-5.060825427390746,-5.183454526365965
-5.055853125852593,-5.179081652180875
-5.050880824314433,-5.174707448646528
-5.04590852277628,-5.170331915505121
-5.040936221238127,-5.165955052498831
-5.035963919699974,-5.161576859369874
-5.030991618161821,-5.157197335860444
-5.0260193166236675,-5.152816481712751
-5.021047015085514,-5.148434296668996
-5.016074713547361,-5.1440507804713995
-5.011102412009208,-5.139665932862181
-5.006130110471048,-5.135279753583561
-5.001157808932895,-5.13089224237777
-4.996185507394742,-5.126503398987037
-4.991213205856589,-5.122113223153604
-4.986240904318436,-5.117721714619705
-4.981268602780283,-5.113328873127592
-4.9762963012421295,-5.108934698419505
-4.971323999703976,-5.104539190237699
-4.966351698165823,-5.10014234832444
-4.96137939662767,-5.095744172421982
-4.95640709508951,-5.091344662272591
-4.951434793551357,-5.086943817618542
-4.946462492013204,-5.0825416382021205
-4.941490190475051,-5.078138123765588
-4.936517888936898,-5.073733274051245
-4.931545587398745,-5.069327088801367
-4.9265732858605915,-5.064919567758266
-4.921600984322438,-5.060510710664226
-4.916628682784285,-5.056100517261553
-4.911656381246132,-5.051688987292561
-4.906684079707972,-5.047276120499549
-4.901711778169819,-5.042861916624852
-4.896739476631666,-5.038446375410791
-4.891767175093513,-5.034029496599676
-4.88679487355536,-5.029611279933853
-4.881822572017207,-5.025191725155655
-4.8768502704790535,-5.020770832007427
-4.8718779689409,-5.016348600231507
-4.866905667402747,-5.011925029570248
-4.861933365864594,-5.007500119766016
-4.856961064326434,-5.003073870561151
-4.851988762788281,-4.998646281698036
-4.847016461250128,-4.994217352919043
-4.842044159711975,-4.989787083966536
-4.837071858173822,-4.985355474582898
-4.832099556635669,-4.980922524510526
-4.8271272550975155,-4.976488233491803
-4.822154953559362,-4.9720526012691195
-4.817182652021209,-4.967615627584884
-4.812210350483056,-4.963177312181492
-4.807238048944896,-4.95873765480136
-4.802265747406743,-4.954296655186912
-4.79729344586859,-4.9498543130805706
-4.792321144330437,-4.945410628224743
-4.787348842792284,-4.9409656003618805
-4.782376541254131,-4.9365192292344116
-4.7774042397159775,-4.9320715145847736
-4.772431938177824,-4.927622456155425
-4.767459636639671,-4.92317205368881
-4.762487335101511,-4.918720306927386
-4.757515033563358,-4.914267215613619
-4.752542732025205,-4.909812779489982
-4.747570430487052,-4.905356998298947
-4.742598128948899,-4.900899871782993
-4.737625827410746,-4.896441399684601
-4.732653525872593,-4.89198158174626
-4.7276812243344395,-4.887520417710479
-4.722708922796286,-4.883057907319747
-4.717736621258133,-4.878594050316571
-4.712764319719973,-4.874128846443459
-4.70779201818182,-4.8696622954429465
-4.702819716643667,-4.865194397057546
-4.697847415105514,-4.860725151029785
-4.692875113567361,-4.856254557102205
-4.687902812029208,-4.851782615017337
-4.682930510491055,-4.847309324517732
-4.6779582089529015,-4.842834685345945
-4.672985907414748,-4.838358697244526
-4.668013605876595,-4.833881359956044
-4.663041304338435,-4.829402673223055
-4.658069002800282,-4.824922636788156
-4.653096701262129,-4.820441250393914
-4.648124399723976,-4.815958513782911
-4.643152098185823,-4.8114744266977505
-4.63817979664767,-4.806988988881025
-4.633207495109517,-4.802502200075338
-4.6282351935713635,-4.79801406002329
-4.62326289203321,-4.793524568467519
-4.618290590495057,-4.789033725150623
-4.613318288956897,-4.784541529815239
-4.608345987418744,-4.78004798220401
-4.603373685880591,-4.7755530820595595
-4.598401384342438,-4.771056829124544
-4.593429082804285,-4.766559223141614
-4.588456781266132,-4.762060263853418
-4.583484479727979,-4.757559951002629
-4.5785121781898255,-4.753058284331919
-4.573539876651672,-4.7485552635839525
-4.568567575113519,-4.744050888501415
-4.563595273575359,-4.739545158826997
-4.558622972037206,-4.735038074303404
-4.553650670499053,-4.73052963467332
-4.5486783689609,-4.726019839679464
-4.543706067422747,-4.7215086890645415
-4.538733765884594,-4.716996182571275
-4.533761464346441,-4.712482319942391
-4.5287891628082875,-4.707967100920623
-4.523816861270134,-4.703450525248706
-4.518844559731974,-4.698932592669382
-4.513872258193821,-4.694413302925411
-4.508899956655668,-4.689892655759545
-4.503927655117515,-4.685370650914557
-4.498955353579362,-4.680847288133203
-4.493983052041209,-4.676322567158274
-4.489010750503056,-4.671796487732553
-4.484038448964903,-4.667269049598816
-4.4790661474267495,-4.6627402524998764
-4.474093845888596,-4.658210096178521
-4.469121544350436,-4.65367858037757
-4.464149242812283,-4.6491457048398415
-4.45917694127413,-4.644611469308163
-4.454204639735977,-4.640075873525349
-4.449232338197824,-4.635538917234253
-4.444260036659671,-4.631000600177706
-4.439287735121518,-4.626460922098567
-4.4343154335833646,-4.621919882739685
-4.4293431320452115,-4.617377481843929
-4.424370830507058,-4.612833719154164
-4.419398528968898,-4.608288594413266
-4.414426227430745,-4.6037421073641385
-4.409453925892592,-4.599194257749646
-4.404481624354439,-4.594645045312702
-4.399509322816286,-4.590094469796212
-4.394537021278133,-4.585542530943077
-4.38956471973998,-4.5809892284962235
-4.3845924182018265,-4.5764345621985765
-4.3796201166636735,-4.571878531793065
-4.37464781512552,-4.567321137022635
-4.36967551358736,-4.562762377630218
-4.364703212049207,-4.55820225335879
-4.359730910511054,-4.553640763951299
-4.354758608972901,-4.549077909150715
-4.349786307434748,-4.544513688700013
-4.344814005896595,-4.539948102342175
-4.339841704358442,-4.535381149820188
-4.3348694028202885,-4.530812830877052
-4.3298971012821355,-4.526243145255769
-4.324924799743982,-4.521672092699352
-4.319952498205822,-4.517099672950812
-4.314980196667669,-4.51252588575318
-4.310007895129516,-4.5079507308495
-4.305035593591363,-4.503374207982795
-4.30006329205321,-4.498796316896123
-4.295090990515057,-4.494217057332531
-4.290118688976904,-4.489636429035091
-4.2851463874387505,-4.485054431746862
-4.2801740859005974,-4.4804710652109225
-4.275201784362437,-4.475886329170359
-4.270229482824284,-4.471300223368275
-4.265257181286131,-4.466712747547757
-4.260284879747978,-4.462123901451911
-4.255312578209825,-4.457533684823867
-4.250340276671672,-4.452942097406728
-4.245367975133519,-4.448349138943634
-4.240395673595366,-4.443754809177721
-4.2354233720572125,-4.439159107852141
-4.230451070519059,-4.4345620347100265
-4.225478768980899,-4.429963589494552
-4.220506467442746,-4.425363771948889
-4.215534165904593,-4.4207625818162155
-4.21056186436644,-4.416160018839702
-4.205589562828287,-4.411556082762549
-4.200617261290134,-4.40695077332795
-4.195644959751981,-4.402344090279122
-4.190672658213828,-4.397736033359268
-4.1857003566756745,-4.393126602311617
-4.180728055137521,-4.388515796879395
-4.175755753599361,-4.383903616805843
-4.170783452061208,-4.379290061834208
-4.165811150523055,-4.37467513170775
-4.160838848984902,-4.370058826169723
-4.155866547446749,-4.3654411449634045
-4.150894245908596,-4.3608220878320605
-4.145921944370443,-4.356201654518991
-4.14094964283229,-4.351579844767486
-4.1359773412941365,-4.346956658320841
-4.131005039755983,-4.342332094922378
-4.126032738217823,-4.337706154315399
-4.12106043667967,-4.333078836243248
-4.116088135141517,-4.328450140449256
-4.111115833603364,-4.323820066676761
-4.106143532065211,-4.319188614669122
-4.101171230527058,-4.3145557841696895
-4.096198928988905,-4.309921574921835
-4.091226627450752,-4.305285986668942
-4.0862543259125985,-4.30064901915438
-4.081282024374445,-4.296010672121559
-4.076309722836285,-4.291370945313862
-4.071337421298132,-4.286729838474712
-4.066365119759979,-4.282087351347527
-4.061392818221826,-4.277443483675723
-4.056420516683673,-4.272798235202746
-4.05144821514552,-4.268151605672038
-4.046475913607367,-4.263503594827044
-4.041503612069214,-4.258854202411221
-4.0365313105310605,-4.25420342816805
-4.0315590089929,-4.249551271840997
-4.026586707454747,-4.244897733173557
-4.021614405916594,-4.240242811909225
-4.016642104378441,-4.235586507791488
-4.011669802840288,-4.230928820563878
-4.006697501302135,-4.22626974996991
-4.001725199763982,-4.2216092957531055
-3.9967528982258287,-4.216947457657005
-3.9917805966876756,-4.2122842354251615
-3.9868082951495225,-4.207619628801122
-3.9818359936113623,-4.202953637528441
-3.9768636920732092,-4.19828626135072
-3.971891390535056,-4.193617500011521
-3.966919088996903,-4.1889473532544415
-3.96194678745875,-4.18427582082307
-3.956974485920597,-4.179602902461029
-3.9520021843824438,-4.174928597911922
-3.9470298828442907,-4.170252906919392
-3.9420575813061376,-4.165575829227052
-3.9370852797679845,-4.16089736457856
-3.9321129782298243,-4.15621751271756
-3.927140676691671,-4.151536273387729
-3.922168375153518,-4.146853646332729
-3.917196073615365,-4.142169631296239
-3.912223772077212,-4.137484228021951
-3.907251470539059,-4.1327974362535596
-3.9022791690009058,-4.128109255734776
-3.8973068674627527,-4.123419686209308
-3.8923345659245996,-4.118728727420897
-3.8873622643864465,-4.114036379113265
-3.8823899628482863,-4.109342641030151
-3.877417661310133,-4.1046475129153235
-3.87244535977198,-4.099950994512544
-3.867473058233827,-4.095253085565573
-3.862500756695674,-4.090553785818205
-3.857528455157521,-4.085853095014219
-3.8525561536193678,-4.081151012897421
-3.8475838520812147,-4.076447539211612
-3.8426115505430616,-4.071742673700626
-3.8376392490049014,-4.0670364161082695
-3.8326669474667483,-4.062328766178398
-3.827694645928595,-4.057619723654859
-3.822722344390442,-4.0529092882815
-3.817750042852289,-4.048197459802185
-3.812777741314136,-4.043484237960801
-3.807805439775983,-4.038769622501225
-3.8028331382378298,-4.034053613167346
-3.7978608366996767,-4.029336209703085
-3.7928885351615236,-4.024617411852338
-3.7879162336233634,-4.019897219359033
-3.7829439320852103,-4.015175631967112
-3.777971630547057,-4.010452649420512
-3.772999329008904,-4.0057282714631866
-3.768027027470751,-4.001002497839097
-3.763054725932598,-3.99627532829221
-3.758082424394445,-3.9915467625665246
-3.7531101228562918,-3.9868168004060114
-3.7481378213181387,-3.98208544155468
-3.7431655197799856,-3.977352685756545
-3.7381932182418254,-3.972618532755621
-3.7332209167036723,-3.967882982295943
-3.728248615165519,-3.963146034121562
-3.723276313627366,-3.958407687976512
-3.718304012089213,-3.9536679436048634
-3.71333171055106,-3.9489268007506793
-3.708359409012907,-3.9441842591580474
-3.7033871074747537,-3.9394403185710605
-3.6984148059366007,-3.934694978733812
-3.6934425043984476,-3.929948239390415
-3.6884702028602874,-3.9252001002849872
-3.6834979013221343,-3.920450561161673
-3.678525599783981,-3.9156996217646016
-3.673553298245828,-3.910947281837931
-3.668580996707675,-3.90619354112582
-3.663608695169522,-3.901438399372436
-3.658636393631369,-3.8966818563219654
-3.6536640920932157,-3.8919239117186075
-3.6486917905550627,-3.8871645653065507
-3.6437194890169096,-3.8824038168300183
-3.6387471874787494,-3.8776416660332216
-3.6337748859405963,-3.8728781126604073
-3.628802584402443,-3.868113156455819
-3.62383028286429,-3.863346797163702
-3.618857981326137,-3.8585790345283297
-3.613885679787984,-3.853809868293974
-3.608913378249831,-3.8490392982049144
-3.6039410767116777,-3.844267324005457
-3.5989687751735246,-3.8394939454398997
-3.5939964736353645,-3.8347191622525596
-3.5890241720972114,-3.829942974187776
-3.5840518705590583,-3.8251653809898816
-3.579079569020905,-3.8203863824032123
-3.574107267482752,-3.8156059781721434
-3.569134965944599,-3.8108241680410493
-3.564162664406446,-3.8060409517542904
-3.559190362868293,-3.8012563290562666
-3.5542180613301397,-3.7964702996913875
-3.5492457597919866,-3.7916828634040622
-3.5442734582538264,-3.7868940199387024
-3.5393011567156734,-3.7821037690397556
-3.5343288551775203,-3.777312110451668
-3.529356553639367,-3.772519043918887
-3.524384252101214,-3.767724569185893
-3.519411950563061,-3.762928685997149
-3.514439649024908,-3.7581313940971475
-3.509467347486755,-3.7533326932303885
-3.5044950459486017,-3.748532583141386
-3.4995227444104486,-3.7437310635746566
-3.4945504428722884,-3.7389281342747287
-3.4895781413341354,-3.73412379498615
-3.4846058397959823,-3.729318045453484
-3.479633538257829,-3.724510885421289
-3.474661236719676,-3.719702314634137
-3.469688935181523,-3.7148923328366164
-3.46471663364337,-3.7100809397733316
-3.459744332105217,-3.705268135188889
-3.4547720305670637,-3.7004539188279106
-3.4497997290289106,-3.695638290435022
-3.4448274274907504,-3.6908212497548694
-3.4398551259525973,-3.6860027965321143
-3.4348828244144443,-3.681182930511417
-3.429910522876291,-3.676361651437457
-3.424938221338138,-3.6715389590549155
-3.419965919799985,-3.6667148531085036
-3.414993618261832,-3.661889333342926
-3.410021316723679,-3.657062399502897
-3.4050490151855257,-3.6522340513331715
-3.4000767136473726,-3.647404288578472
-3.3951044121092124,-3.6425731109835575
-3.3901321105710593,-3.6377405182932163
-3.3851598090329063,-3.632906510252204
-3.380187507494753,-3.628071086605329
-3.3752152059566,-3.6232342470973844
-3.370242904418447,-3.6183959914731814
-3.365270602880294,-3.613556319477559
-3.360298301342141,-3.6087152308553416
-3.3553259998039877,-3.603872725351387
-3.3503536982658275,-3.5990288027105413
-3.3453813967276744,-3.594183462677688
-3.3404090951895213,-3.589336704997713
-3.3354367936513682,-3.5844885294155064
-3.330464492113215,-3.57963893567598
-3.325492190575062,-3.574787923524049
-3.320519889036909,-3.56993549270464
-3.315547587498756,-3.5650816429627032
-3.310575285960603,-3.560226374043188
-3.3056029844224497,-3.5553696856910633
-3.3006306828842895,-3.5505115776512923
-3.2956583813461364,-3.545652049668895
-3.2906860798079833,-3.5407911014888525
-3.2857137782698302,-3.5359287328561804
-3.280741476731677,-3.531064943515911
-3.275769175193524,-3.526199733213076
-3.270796873655371,-3.5213331016927234
-3.265824572117218,-3.5164650486999194
-3.260852270579065,-3.511595573979735
-3.2558799690409117,-3.5067246772772633
-3.2509076675027515,-3.5018523583375827
-3.2459353659645984,-3.496978616905825
-3.2409630644264453,-3.4921034527271004
-3.2359907628882922,-3.48722686554655
-3.231018461350139,-3.4823488551093176
-3.226046159811986,-3.4774694211605555
-3.221073858273833,-3.4725885634454468
-3.21610155673568,-3.467706281709163
-3.211129255197527,-3.462822575696907
-3.2061569536593737,-3.4579374451538865
-3.2011846521212135,-3.453050889825307
-3.1962123505830604,-3.4481629094564172
-3.1912400490449073,-3.443273503792458
-3.1862677475067542,-3.4383826725786917
-3.181295445968601,-3.4334904155603776
-3.176323144430448,-3.428596732482804
-3.171350842892295,-3.4237016230912607
-3.166378541354142,-3.418805087131055
-3.161406239815989,-3.4139071243475096
-3.1564339382778357,-3.409007734485959
-3.1514616367396755,-3.404106917291733
-3.1464893352015224,-3.3992046725102045
-3.1415170336633693,-3.39430099988674
-3.1365447321252162,-3.389395899166719
-3.131572430587063,-3.3844893700955354
-3.12660012904891,-3.3795814124186
-3.121627827510757,-3.3746720258813285
-3.116655525972604,-3.369761210229162
-3.111683224434451,-3.3648489652075364
-3.1067109228962906,-3.359935290561905
-3.1017386213581375,-3.3550201860377604
-3.0967663198199844,-3.350103651380569
-3.0917940182818313,-3.345185686335836
-3.0868217167436782,-3.340266290649066
-3.081849415205525,-3.3353454640657842
-3.076877113667372,-3.3304232063315267
-3.071904812129219,-3.32549951719184
-3.066932510591066,-3.3205743963922827
-3.0619602090529128,-3.3156478436784322
-3.0569879075147526,-3.3107198587958733
-3.0520156059765995,-3.3057904414902133
-3.0470433044384464,-3.3008595915070558
-3.0420710029002933,-3.2959273085920344
-3.03709870136214,-3.290993592490785
-3.032126399823987,-3.286058442948962
-3.027154098285834,-3.281121859712228
-3.022181796747681,-3.276183842526269
-3.017209495209528,-3.2712443911367646
-3.0122371936713748,-3.2663035052894283
-3.0072648921332146,-3.2613611847299713
-3.0022925905950615,-3.256417429204135
-2.9973202890569084,-3.2514722384576578
-2.9923479875187553,-3.2465256122363044
-2.987375685980602,-3.2415775502858377
-2.982403384442449,-3.236628052352049
-2.977431082904296,-3.2316771181807273
-2.972458781366143,-3.2267247475176952
-2.96748647982799,-3.2217709401087697
-2.9625141782898368,-3.2168156956997906
-2.9575418767516766,-3.211859014036604
-2.9525695752135235,-3.2069008948650897
-2.9475972736753704,-3.201941337931117
-2.9426249721372173,-3.196980342980583
-2.937652670599064,-3.192017909759385
-2.932680369060911,-3.1870540380134487
-2.927708067522758,-3.1820887274887037
-2.922735765984605,-3.1771219779310953
-2.917763464446452,-3.1721537890865874
-2.9127911629082988,-3.167184160701153
-2.9078188613701386,-3.162213092520774
-2.9028465598319855,-3.157240584291458
-2.8978742582938324,-3.1522666357592235
-2.8929019567556793,-3.1472912466700875
-2.887929655217526,-3.142314416770098
-2.882957353679373,-3.1373361458053166
-2.87798505214122,-3.1323564335218
-2.873012750603067,-3.127375279665646
-2.868040449064914,-3.1223926839829437
-2.8630681475267536,-3.117408646219802
-2.8580958459886006,-3.1124231661223525
-2.8531235444504475,-3.107436243436737
-2.8481512429122944,-3.1024478779091034
-2.8431789413741413,-3.0974580692856204
-2.838206639835988,-3.092466817312469
-2.833234338297835,-3.0874741217358435
-2.828262036759682,-3.082479982301957
-2.823289735221529,-3.077484398757019
-2.818317433683376,-3.0724873708472913
-2.8133451321452156,-3.067488898319
-2.8083728306070626,-3.0624889809184297
-2.8034005290689095,-3.05748761839185
-2.7984282275307564,-3.052484810485565
-2.7934559259926033,-3.0474805569458674
-2.78848362445445,-3.042474857519094
-2.783511322916297,-3.037467711951575
-2.778539021378144,-3.0324591199896602
-2.773566719839991,-3.027449081379723
-2.768594418301838,-3.0224375958681287
-2.7636221167636776,-3.0174246632012753
-2.7586498152255245,-3.0124102831255835
-2.7536775136873715,-3.007394455387463
-2.7487052121492184,-3.0023771797333625
-2.7437329106110653,-2.9973584559097235
-2.738760609072912,-2.992338283663014
-2.733788307534759,-2.9873166627397167
-2.728816005996606,-2.982293592886327
-2.723843704458453,-2.977269073849346
-2.7188714029203,-2.9722431053753113
-2.7138991013821396,-2.967215687210742
-2.7089267998439865,-2.962186819102217
-2.7039544983058335,-2.9571565007962874
-2.6989821967676804,-2.952124732039545
-2.6940098952295273,-2.947091512578581
-2.689037593691374,-2.9420568421600044
-2.684065292153221,-2.937020720530448
-2.679092990615068,-2.9319831474365463
-2.674120689076915,-2.926944122624967
-2.669148387538762,-2.9219036458423684
-2.6641760860006016,-2.916861716835434
-2.6592037844624485,-2.9118183353508793
-2.6542314829242954,-2.9067735011354126
-2.6492591813861424,-2.9017272139357613
-2.6442868798479893,-2.8966794734986796
-2.639314578309836,-2.8916302795709115
-2.634342276771683,-2.8865796318992465
-2.62936997523353,-2.8815275302304704
-2.624397673695377,-2.8764739743113865
-2.6194253721572167,-2.871418963888812
-2.6144530706190636,-2.866362498709587
-2.6094807690809105,-2.86130457852056
-2.6045084675427574,-2.8562452030685974
-2.5995361660046044,-2.8511843721005765
-2.5945638644664513,-2.8461220853634037
-2.589591562928298,-2.8410583426039695
-2.584619261390145,-2.8359931435692127
-2.579646959851992,-2.830926488006078
-2.574674658313839,-2.825858375661512
-2.5697023567756787,-2.820788806282482
-2.5647300552375256,-2.8157177796159933
-2.5597577536993725,-2.8106452954090306
-2.5547854521612194,-2.8055713534086233
-2.5498131506230663,-2.8004959533618012
-2.5448408490849133,-2.7954190950156055
-2.53986854754676,-2.790340778117106
-2.534896246008607,-2.785261002413383
-2.529923944470454,-2.7801797676515223
-2.524951642932301,-2.775097073578642
-2.5199793413941407,-2.7700129199418524
-2.5150070398559876,-2.7649273064883175
-2.5100347383178345,-2.7598402329651814
-2.5050624367796814,-2.754751699119614
-2.5000901352415283,-2.7496617046988097
-2.4951178337033753,-2.7445702494499615
-2.490145532165222,-2.7394773331202984
-2.485173230627069,-2.734382955457051
-2.480200929088916,-2.7292871162074626
-2.475228627550763,-2.7241898151188098
-2.4702563260126027,-2.7190910519383586
-2.4652840244744496,-2.713990826413425
-2.4603117229362965,-2.7088891382913114
-2.4553394213981434,-2.703785987319347
-2.4503671198599903,-2.6986813732448813
-2.4453948183218372,-2.6935752958152666
-2.440422516783684,-2.688467754777886
-2.435450215245531,-2.683358749880126
-2.430477913707378,-2.678248280869397
-2.425505612169225,-2.673136347493124
-2.4205333106310647,-2.6680229494987397
-2.4155610090929116,-2.662908086633712
-2.4105887075547585,-2.657791758645508
-2.4056164060166054,-2.6526739652816156
-2.4006441044784523,-2.64755470628953
-2.3956718029402992,-2.642433981416784
-2.390699501402146,-2.6373117904109074
-2.385727199863993,-2.6321881330194503
-2.38075489832584,-2.6270630089899893
-2.37578259678768,-2.6219364180700877
-2.3708102952495267,-2.6168083600073713
-2.3658379937113736,-2.611678834549446
-2.3608656921732205,-2.6065478414439553
-2.3558933906350674,-2.601415380438531
-2.3509210890969143,-2.5962814512808454
-2.3459487875587612,-2.591146053718581
-2.340976486020608,-2.586009187499439
-2.336004184482455,-2.5808708523711332
-2.331031882944302,-2.575731048081391
-2.3260595814061418,-2.570589774377958
-2.3210872798679887,-2.5654470310086057
-2.3161149783298356,-2.560302817721111
-2.3111426767916825,-2.555157134263265
-2.3061703752535294,-2.5500099803828897
-2.3011980737153763,-2.5448613558278104
-2.2962257721772232,-2.539711260345877
-2.29125347063907,-2.534559693684946
-2.286281169100917,-2.5294066555928976
-2.281308867562764,-2.5242521458176292
-2.2763365660246038,-2.519096164107051
-2.2713642644864507,-2.513938710209099
-2.2663919629482976,-2.50877978387172
-2.2614196614101445,-2.5036193848428625
-2.2564473598719914,-2.4984575128705195
-2.2514750583338383,-2.4932941677026847
-2.2465027567956852,-2.488129349087365
-2.241530455257532,-2.4829630567726
-2.236558153719379,-2.477795290506424
-2.231585852181226,-2.47262605003691
-2.2266135506430658,-2.467455335112123
-2.2216412491049127,-2.462283145480187
-2.2166689475667596,-2.457109480889192
-2.2116966460286065,-2.4519343410872803
-2.2067243444904534,-2.446757725822597
-2.2017520429523003,-2.4415796348433054
-2.1967797414141472,-2.436400067897591
-2.191807439875994,-2.4312190247336467
-2.186835138337841,-2.4260365050996975
-2.181862836799688,-2.4208525087439683
-2.1768905352615278,-2.4156670354147067
-2.1719182337233747,-2.4104800848601906
-2.1669459321852216,-2.405291656828695
-2.1619736306470685,-2.400101751068532
-2.1570013291089154,-2.3949103673280105
-2.1520290275707623,-2.3897175053554705
-2.147056726032609,-2.3845231648992637
-2.142084424494456,-2.379327345707764
-2.137112122956303,-2.3741300475293556
-2.132139821418143,-2.3689312701124323
-2.1271675198799898,-2.3637310132054377
-2.1221952183418367,-2.3585292765568084
-2.1172229168036836,-2.3533260599149903
-2.1122506152655305,-2.3481213630284636
-2.1072783137273774,-2.3429151856457198
-2.1023060121892243,-2.3377075275152706
-2.097333710651071,-2.332498388385639
-2.092361409112918,-2.3272877680053754
-2.087389107574765,-2.322075666123037
-2.082416806036605,-2.316862082487194
-2.0774445044984517,-2.3116470168464565
-2.0724722029602987,-2.3064304689494435
-2.0674999014221456,-2.3012124385447774
-2.0625275998839925,-2.295992925381108
-2.0575552983458394,-2.290771929207109
-2.0525829968076863,-2.285549449771459
-2.047610695269533,-2.280325486822868
-2.04263839373138,-2.2751000401100523
-2.037666092193227,-2.2698731093817512
-2.032693790655067,-2.264644694386712
-2.0277214891169137,-2.259414794873721
-2.0227491875787607,-2.254183410591572
-2.0177768860406076,-2.248950541289068
-2.0128045845024545,-2.2437161867150395
-2.0078322829643014,-2.23848034661833
-2.0028599814261483,-2.2332430207478042
-1.9978876798879952,-2.228004208852341
-1.9929153783498421,-2.2227639106808432
-1.987943076811689,-2.2175221259822293
-1.9829707752735288,-2.212278854505418
-1.9779984737353757,-2.2070340959993904
-1.9730261721972226,-2.2017878502131056
-1.9680538706590696,-2.1965401168955485
-1.9630815691209165,-2.191290895795733
-1.9581092675827634,-2.1860401866626793
-1.9531369660446103,-2.1807879892454394
-1.9481646645064572,-2.17553430329307
-1.943192362968304,-2.1702791285546534
-1.938220061430151,-2.165022464779284
-1.9332477598919908,-2.159764311716075
-1.9282754583538377,-2.1545046691141776
-1.9233031568156846,-2.1492435367227363
-1.9183308552775316,-2.143980914290923
-1.9133585537393785,-2.1387168015679294
-1.9083862522012254,-2.1334511983029616
-1.9034139506630723,-2.1281841042452503
-1.8984416491249192,-2.122915519144038
-1.893469347586766,-2.1176454427485836
-1.888497046048606,-2.1123738748081706
-1.8835247445104528,-2.1071008150721102
-1.8785524429722997,-2.1018262632897216
-1.8735801414341466,-2.0965502192103322
-1.8686078398959935,-2.0912726825833032
-1.8636355383578405,-2.085993653158007
-1.8586632368196874,-2.0807131306838427
-1.8536909352815343,-2.0754311149102183
-1.8487186337433812,-2.0701476055865715
-1.843746332205228,-2.064862602462338
-1.838774030667068,-2.05957610528699
-1.8338017291289148,-2.054288113810028
-1.8288294275907617,-2.0489986277809495
-1.8238571260526086,-2.0437076469492808
-1.8188848245144555,-2.0384151710645577
-1.8139125229763025,-2.033121199876352
-1.8089402214381494,-2.027825733134239
-1.8039679198999963,-2.0225287705878197
-1.7989956183618432,-2.017230311986715
-1.79402331682369,-2.0119303570805647
-1.78905101528553,-2.0066289056190088
-1.7840787137473768,-2.0013259573517463
-1.7791064122092237,-1.996021512028464
-1.7741341106710706,-1.990715569398875
-1.7691618091329175,-1.985408129212706
-1.7641895075947645,-1.9800991912197174
-1.7592172060566114,-1.974788755169677
-1.7542449045184583,-1.9694768208123734
-1.7492726029803052,-1.9641633878976146
-1.744300301442152,-1.9588484561752273
-1.739327999903992,-1.9535320253950665
-1.7343556983658388,-1.948214095306993
-1.7293833968276857,-1.9428946656608963
-1.7244110952895326,-1.9375737362066836
-1.7194387937513795,-1.9322513066942764
-1.7144664922132264,-1.926927376873615
-1.7094941906750734,-1.9216019464946652
-1.7045218891369203,-1.9162750153074144
-1.6995495875987672,-1.9109465830618575
-1.694577286060614,-1.905616649508021
-1.689604984522454,-1.9002852143959292
-1.6846326829843008,-1.8949522774756702
-1.6796603814461477,-1.8896178384973052
-1.6746880799079946,-1.884281897210939
-1.6697157783698415,-1.8789444533666877
-1.6647434768316884,-1.8736055067146926
-1.6597711752935354,-1.868265057005108
-1.6547988737553823,-1.8629231039881098
-1.6498265722172292,-1.8575796474139008
-1.644854270679069,-1.8522346870326845
-1.6398819691409159,-1.8468882225947167
-1.6349096676027628,-1.8415402538502446
-1.6299373660646097,-1.8361907805495392
-1.6249650645264566,-1.8308398024428971
-1.6199927629883035,-1.8254873192806418
-1.6150204614501504,-1.8201333308130987
-1.6100481599119973,-1.8147778367906264
-1.6050758583738443,-1.8094208369636038
-1.6001035568356912,-1.804062331082416
-1.595131255297531,-1.7987023188974738
-1.5901589537593779,-1.7933408001592264
-1.5851866522212248,-1.787977774618118
-1.5802143506830717,-1.7826132420246297
-1.5752420491449186,-1.7772472021292527
-1.5702697476067655,-1.771879654682496
-1.5652974460686124,-1.7665105994348997
-1.5603251445304593,-1.761140036137008
-1.5553528429923063,-1.7557679645394113
-1.5503805414541532,-1.7503943843926886
-1.545408239915993,-1.7450192954474533
-1.5404359383778399,-1.7396426974543568
-1.5354636368396868,-1.7342645901640434
-1.5304913353015337,-1.7288849733271883
-1.5255190337633806,-1.7235038466944834
-1.5205467322252275,-1.7181212100166505
-1.5155744306870744,-1.712737063044421
-1.5106021291489213,-1.7073514055285537
-1.5056298276107682,-1.701964237219818
-1.5006575260726152,-1.696575557869018
-1.495685224534455,-1.6911853672269606
-1.4907129229963019,-1.685793665044489
-1.4857406214581488,-1.6804004510724688
-1.4807683199199957,-1.6750057250617705
-1.4757960183818426,-1.6696094867632936
-1.4708237168436895,-1.6642117359279562
-1.4658514153055364,-1.6588124723066935
-1.4608791137673833,-1.6534116956504694
-1.4559068122292302,-1.648009405710265
-1.4509345106910772,-1.6426056022370876
-1.445962209152917,-1.6372002849819356
-1.4409899076147639,-1.6317934536958798
-1.4360176060766108,-1.626385108129975
-1.4310453045384577,-1.6209752480352946
-1.4260730030003046,-1.6155638731629511
-1.4211007014621515,-1.6101509832640688
-1.4161283999239984,-1.6047365780897933
-1.4111560983858453,-1.5993206573912875
-1.4061837968476922,-1.5939032209197452
-1.401211495309532,-1.5884842684263583
-1.396239193771379,-1.5830637996623769
-1.3912668922332259,-1.577641814379048
-1.3862945906950728,-1.5722183123276265
-1.3813222891569197,-1.5667932932594182
-1.3763499876187666,-1.5613667569257323
-1.3713776860806135,-1.5559387030779024
-1.3664053845424604,-1.5505091314672756
-1.3614330830043073,-1.545078041845239
-1.3564607814661542,-1.539645433963181
-1.351488479927994,-1.5342113075725163
-1.346516178389841,-1.5287756624246918
-1.3415438768516879,-1.5233384982711675
-1.3365715753135348,-1.5178998148634189
-1.3315992737753817,-1.512459611952952
-1.3266269722372286,-1.5070178892912869
-1.3216546706990755,-1.5015746466299704
-1.3166823691609224,-1.4961298837205612
-1.3117100676227693,-1.4906836003146582
-1.3067377660846162,-1.4852357961638607
-1.301765464546456,-1.4797864710197914
-1.296793163008303,-1.474335624634115
-1.2918208614701499,-1.4688832567585002
-1.2868485599319968,-1.463429367144636
-1.2818762583938437,-1.4579739555442444
-1.2769039568556906,-1.4525170217090502
-1.2719316553175375,-1.447058565390824
-1.2669593537793844,-1.4415985863413328
-1.2619870522412313,-1.4361370843123824
-1.2570147507030782,-1.4306740590558014
-1.252042449164918,-1.425209510323413
-1.247070147626765,-1.4197434378671066
-1.2420978460886118,-1.4142758414387562
-1.2371255445504588,-1.408806720790276
-1.2321532430123057,-1.403336075673592
-1.2271809414741526,-1.3978639058406523
-1.2222086399359995,-1.392390211043439
-1.2172363383978464,-1.3869149910339411
-1.2122640368596933,-1.3814382455641747
-1.2072917353215402,-1.3759599743861837
-1.20231943378338,-1.370480177252014
-1.197347132245227,-1.3649988539137647
-1.1923748307070738,-1.359516004123537
-1.1874025291689208,-1.3540316276334483
-1.1824302276307677,-1.3485457241956544
-1.1774579260926146,-1.3430582935623192
-1.1724856245544615,-1.337569335485638
-1.1675133230163084,-1.3320788497178198
-1.1625410214781553,-1.3265868360111035
-1.157568719939995,-1.3210932941177345
-1.152596418401842,-1.3155982237900123
-1.147624116863689,-1.3101016247802266
-1.1426518153255358,-1.3046034968407043
-1.1376795137873827,-1.2991038397237875
-1.1327072122492297,-1.2936026531818514
-1.1277349107110766,-1.2880999369672737
-1.1227626091729235,-1.2825956908324763
-1.1177903076347704,-1.2770899145298888
-1.1128180060966173,-1.2715826078119659
-1.107845704558457,-1.266073770431182
-1.102873403020304,-1.260563402140053
-1.097901101482151,-1.2550515026910858
-1.0929287999439978,-1.2495380718368414
-1.0879564984058447,-1.244023109329878
-1.0829841968676917,-1.2385066149227826
-1.0780118953295386,-1.2329885883681735
-1.0730395937913855,-1.227469029418682
-1.0680672922532324,-1.2219479378269704
-1.0630949907150793,-1.216425313345712
-1.058122689176919,-1.210901155727603
-1.053150387638766,-1.2053754647253896
-1.048178086100613,-1.1998482400918022
-1.0432057845624598,-1.194319481579619
-1.0382334830243067,-1.1887891889416216
-1.0332611814861536,-1.1832573619306377
-1.0282888799480006,-1.177724000299493
-1.0233165784098475,-1.172189103801055
-1.0183442768716944,-1.1666526721882018
-1.0133719753335413,-1.1611147052138455
-1.008399673795381,-1.1555752026309025
-1.003427372257228,-1.1500341641923355
-0.9984550707190749,-1.1444915896511185
-0.9934827691809218,-1.138947478760241
-0.9885104676427687,-1.1334018312727263
-0.9835381661046156,-1.1278546469416135
-0.9785658645664626,-1.1223059255199683
-0.9735935630283095,-1.1167556667608851
-0.9686212614901564,-1.1112038704174638
-0.9636489599520033,-1.1056505362428473
-0.9586766584138431,-1.1000956639901787
-0.95370435687569,-1.0945392534126572
-0.9487320553375369,-1.0889813042634735
-0.9437597537993838,-1.0834218162958562
-0.9387874522612307,-1.077860789263059
-0.9338151507230776,-1.0722982229183393
-0.9288428491849245,-1.0667341170150044
-0.9238705476467715,-1.0611684713063714
-0.9188982461086184,-1.055601285545778
-0.9139259445704582,-1.0500325594865838
-0.9089536430323051,-1.0444622928821887
-0.903981341494152,-1.0388904854859968
-0.8990090399559989,-1.0333171370514436
-0.8940367384178458,-1.0277422473319844
-0.8890644368796927,-1.0221658160810985
-0.8840921353415396,-1.0165878430522974
-0.8791198338033865,-1.0110083279991011
-0.8741475322652335,-1.0054272706750613
-0.8691752307270804,-0.999844670833757
-0.8642029291889202,-0.9942605282287688
-0.8592306276507671,-0.9886748426137425
-0.854258326112614,-0.9830876137423127
-0.8492860245744609,-0.9774988413681412
-0.8443137230363078,-0.9719085252449257
-0.8393414214981547,-0.9663166651263777
-0.8343691199600016,-0.9607232607662405
-0.8293968184218485,-0.955128311918272
-0.8244245168836954,-0.9495318183362573
-0.8194522153455424,-0.9439337797740048
-0.8144799138073822,-0.9383341959853465
-0.8095076122692291,-0.9327330667241501
-0.804535310731076,-0.9271303917442887
-0.7995630091929229,-0.921526170799664
-0.7945907076547698,-0.9159204036442086
-0.7896184061166167,-0.9103130900318718
-0.7846461045784636,-0.904704229716626
-0.7796738030403105,-0.8990938224524777
-0.7747015015021574,-0.8934818679934452
-0.7697291999640044,-0.8878683660935761
-0.7647568984258442,-0.8822533165069355
-0.7597845968876911,-0.8766367189876273
-0.754812295349538,-0.87101857328977
-0.7498399938113849,-0.8653988791675055
-0.7448676922732318,-0.8597776363750004
-0.7398953907350787,-0.8541548446664409
-0.7349230891969256,-0.848530503796047
-0.7299507876587725,-0.8429046135180535
-0.7249784861206194,-0.8372771735867284
-0.7200061845824663,-0.8316481837563526
-0.7150338830443062,-0.8260176437812352
-0.7100615815061531,-0.8203855534157277
-0.705089279968,-0.814751912414173
-0.7001169784298469,-0.8091167205309648
-0.6951446768916938,-0.8034799775205068
-0.6901723753535407,-0.79784168313723
-0.6852000738153876,-0.7922018371355929
-0.6802277722772345,-0.7865604392700751
-0.6752554707390814,-0.7809174892951802
-0.6702831692009212,-0.7752729869654303
-0.6653108676627681,-0.7696269320353915
-0.6603385661246151,-0.7639793242596421
-0.655366264586462,-0.7583301633927743
-0.6503939630483089,-0.7526794491894204
-0.6454216615101558,-0.7470271814042232
-0.6404493599720027,-0.7413733597918603
-0.6354770584338496,-0.7357179841070384
-0.6305047568956965,-0.7300610541044641
-0.6255324553575434,-0.7244025695388944
-0.6205601538193832,-0.7187425301650932
-0.6155878522812301,-0.7130809357378614
-0.610615550743077,-0.7074177860120131
-0.605643249204924,-0.7017530807423871
-0.6006709476667709,-0.6960868196838493
-0.5956986461286178,-0.6904190025912853
-0.5907263445904647,-0.6847496292196067
-0.5857540430523116,-0.6790786993237439
-0.5807817415141585,-0.673406212658653
-0.5758094399760054,-0.6677321689793052
-0.5708371384378452,-0.6620565680406877
-0.5658648368996921,-0.6563794095978372
-0.560892535361539,-0.6507006934057749
-0.555920233823386,-0.6450204192195605
-0.5509479322852329,-0.6393385867942519
-0.5459756307470798,-0.6336551958849382
-0.5410033292089267,-0.6279702462467268
-0.5360310276707736,-0.6222837376347198
-0.5310587261326205,-0.6165956698040305
-0.5260864245944674,-0.6109060425097941
-0.5211141230563072,-0.6052148555071171
-0.5161418215181541,-0.5995221085511601
-0.511169519980001,-0.5938278013970182
-0.506197218441848,-0.5881319337998058
-0.5012249169036949,-0.5824345055146137
-0.49625261536554177,-0.5767355162965055
-0.4912803138273887,-0.571034965900512
-0.4863080122892356,-0.565332854081611
-0.4813357107510825,-0.5596291805947275
-0.4763634092129294,-0.5539239451947173
-0.4713911076747692,-0.5482171476363219
-0.4664188061366161,-0.5425087876742137
-0.46144650459846304,-0.5367988650628959
-0.45647420306030995,-0.531087379556712
-0.45150190152215686,-0.5253743309098187
-0.44652959998400377,-0.5196597188761177
-0.4415572984458507,-0.5139435432092551
-0.4365849969076976,-0.5082258036625136
-0.4316126953695445,-0.5025064999887991
-0.4266403938313843,-0.4967856319405305
-0.4216680922932312,-0.4910631992695863
-0.4166957907550781,-0.485339201727178
-0.41172348921692503,-0.47961363906374177
-0.40675118767877194,-0.4738865110288064
-0.40177888614061885,-0.46815781737083195
-0.39680658460246576,-0.4624275578370286
-0.39183428306431267,-0.4566957321731243
-0.3868619815261596,-0.4509623401231545
-0.3818896799880065,-0.44522738142910495
-0.3769173784498463,-0.43949085583064745
-0.3719450769116932,-0.433752763064706
-0.3669727753735401,-0.4280131028650015
-0.362000473835387,-0.42227187496152535
-0.35702817229723394,-0.41652907907995285
-0.35205587075908085,-0.41078471494091123
-0.34708356922092776,-0.4050387822591886
-0.34211126768277467,-0.39929128074277703
-0.3371389661446216,-0.3935422100918106
-0.3321666646064685,-0.3877915699973109
-0.3271943630683083,-0.3820393601397518
-0.3222220615301552,-0.3762855801874685
-0.3172497599920021,-0.3705302297947279
-0.312277458453849,-0.36477330859961576
-0.30730515691569593,-0.35901481622158815
-0.30233285537754284,-0.35325475225869707
-0.29736055383938975,-0.3474931162843957
-0.29238825230123666,-0.34172990784399243
-0.28741595076308357,-0.3359651264505462
-0.2824436492249305,-0.33019877158029864
-0.2774713476867703,-0.3244308426675149
-0.2724990461486172,-0.3186613390986888
-0.2675267446104641,-0.31289026020604455
-0.262554443072311,-0.3071176052602998
-0.2575821415341579,-0.30134337346267415
-0.25260983999600484,-0.29556756393597794
-0.24763753845785175,-0.28979017571486465
-0.24266523691969866,-0.2840112077351382
-0.23769293538154557,-0.2782306588221561
-0.23272063384339248,-0.2724485276782537
-0.22774833230523228,-0.26666481286936294
-0.2227760307670792,-0.2608795128107746
-0.2178037292289261,-0.2550926257522246
-0.212831427690773,-0.2493041497625519
-0.20785912615261992,-0.2435140827140865
-0.20288682461446683,-0.23772242226729487
-0.19791452307631374,-0.2319291658560042
-0.19294222153816065,-0.22613431067397433
-0.18796992,-0.22033785366357966
