-50.0,-28.434915723200422
-49.99502769825783,-28.434785517554925
-49.99005539651565,-28.434655200269997
-49.98508309477348,-28.434524771297284
-49.9801107930313,-28.434394230588577
-49.97513849128913,-28.434263578095596
-49.97016618954695,-28.434132813769974
-49.96519388780478,-28.43400193756341
-49.96022158606261,-28.433870949427497
-49.95524928432043,-28.433739849313945
-49.95027698257826,-28.43360863717433
-49.94530468083608,-28.433477312960164
-49.94033237909391,-28.43334587662314
-49.93536007735174,-28.43321432811469
-49.93038777560956,-28.433082667386458
-49.92541547386739,-28.432950894389865
-49.92044317212521,-28.432819009076436
-49.91547087038304,-28.432687011397704
-49.91049856864086,-28.432554901305043
-49.90552626689869,-28.432422678749926
-49.90055396515652,-28.432290343683785
-49.89558166341434,-28.432157896057983
-49.89060936167217,-28.432025335823926
-49.88563705992999,-28.431892662932942
-49.88066475818782,-28.43175987733641
-49.87569245644564,-28.431626978985687
-49.87072015470347,-28.431493967832033
-49.8657478529613,-28.431360843826713
-49.86077555121912,-28.431227606921016
-49.85580324947695,-28.43109425706618
-49.85083094773477,-28.430960794213462
-49.8458586459926,-28.430827218314057
-49.84088634425043,-28.43069352931916
-49.83591404250825,-28.430559727179936
-49.83094174076608,-28.430425811847527
-49.8259694390239,-28.430291783273095
-49.82099713728173,-28.430157641407757
-49.81602483553955,-28.430023386202542
-49.81105253379738,-28.42988901760858
-49.80608023205521,-28.429754535576944
-49.80110793031303,-28.429619940058686
-49.79613562857086,-28.42948523100477
-49.79116332682868,-28.429350408366172
-49.78619102508651,-28.429215472093972
-49.78121872334433,-28.429080422139066
-49.77624642160216,-28.428945258452405
-49.77127411985999,-28.428809980984926
-49.76630181811781,-28.428674589687514
-49.76132951637564,-28.428539084511105
-49.75635721463346,-28.42840346540651
-49.75138491289129,-28.428267732324638
-49.74641261114912,-28.42813188521622
-49.74144030940694,-28.427995924032167
-49.73646800766477,-28.427859848723184
-49.73149570592259,-28.427723659240122
-49.72652340418042,-28.42758735553367
-49.72155110243824,-28.427450937554614
-49.71657880069607,-28.427314405253636
-49.7116064989539,-28.427177758581408
-49.70663419721172,-28.42704099748865
-49.70166189546955,-28.42690412192601
-49.69668959372737,-28.426767131844073
-49.6917172919852,-28.42663002719355
-49.68674499024302,-28.42649280792498
-49.68177268850085,-28.426355473988966
-49.67680038675868,-28.426218025336006
-49.6718280850165,-28.42608046191674
-49.66685578327433,-28.425942783681606
-49.66188348153215,-28.42580499058118
-49.65691117978998,-28.425667082565887
-49.65193887804781,-28.4255290595862
-49.64696657630563,-28.425390921592594
-49.64199427456346,-28.42525266853548
-49.63702197282128,-28.425114300365255
-49.63204967107911,-28.424975817032312
-49.62707736933693,-28.424837218487045
-49.62210506759476,-28.42469850467971
-49.61713276585259,-28.424559675560786
-49.61216046411041,-28.424420731080446
-49.60718816236824,-28.42428167118903
-49.60221586062606,-28.424142495836875
-49.59724355888389,-28.424003204974145
-49.59227125714171,-28.4238637985511
-49.58729895539954,-28.42372427651793
-49.58232665365737,-28.4235846388249
-49.57735435191519,-28.42344488542211
-49.57238205017302,-28.42330501625976
-49.56740974843084,-28.42316503128798
-49.56243744668867,-28.42302493045689
-49.5574651449465,-28.42288471371653
-49.55249284320432,-28.422744381017083
-49.54752054146215,-28.422603932308512
-49.54254823971997,-28.422463367540907
-49.5375759379778,-28.422322686664305
-49.53260363623562,-28.422181889628654
-49.52763133449345,-28.42204097638396
-49.52265903275128,-28.421899946880192
-49.5176867310091,-28.421758801067288
-49.51271442926693,-28.421617538895166
-49.50774212752475,-28.42147616031374
-49.50276982578258,-28.421334665272894
-49.4977975240404,-28.421193053722494
-49.49282522229823,-28.421051325612353
-49.48785292055606,-28.420909480892355
-49.48288061881388,-28.420767519512253
-49.47790831707171,-28.42062544142186
-49.47293601532953,-28.42048324657096
-49.46796371358736,-28.420340934909248
-49.46299141184519,-28.420198506386505
-49.45801911010301,-28.42005596095242
-49.45304680836084,-28.419913298556708
-49.44807450661866,-28.419770519149015
-49.44310220487649,-28.419627622678966
-49.43812990313431,-28.41948460909622
-49.43315760139214,-28.419341478350407
-49.42818529964997,-28.419198230391096
-49.42321299790779,-28.419054865167855
-49.41824069616562,-28.418911382630274
-49.41326839442344,-28.418767782727866
-49.40829609268127,-28.41862406541013
-49.40332379093909,-28.418480230626553
-49.39835148919692,-28.418336278326603
-49.39337918745475,-28.418192208459843
-49.38840688571257,-28.41804802097556
-49.3834345839704,-28.417903715823257
-49.37846228222822,-28.417759292952336
-49.37348998048605,-28.417614752312133
-49.36851767874388,-28.417470093852042
-49.3635453770017,-28.41732531752135
-49.35857307525953,-28.417180423269407
-49.35360077351735,-28.417035411045525
-49.34862847177518,-28.41689028079897
-49.343656170033,-28.41674503247903
-49.33868386829083,-28.416599666034887
-49.33371156654866,-28.416454181415805
-49.32873926480648,-28.41630857857098
-49.32376696306431,-28.41616285744959
-49.31879466132213,-28.41601701800074
-49.31382235957996,-28.41587106017369
-49.30885005783778,-28.41572498391745
-49.30387775609561,-28.415578789181193
-49.29890545435344,-28.415432475914017
-49.29393315261126,-28.41528604406491
-49.28896085086909,-28.415139493582963
-49.28398854912691,-28.41499282441717
-49.27901624738474,-28.414846036516575
-49.27404394564257,-28.414699129830122
-49.26907164390039,-28.414552104306818
-49.26409934215822,-28.414404959895602
-49.25912704041604,-28.414257696545352
-49.25415473867387,-28.414110314205015
-49.24918243693169,-28.41396281282347
-49.24421013518952,-28.41381519234957
-49.23923783344735,-28.413667452732206
-49.23426553170517,-28.413519593920153
-49.229293229963,-28.41337161586221
-49.22432092822082,-28.413223518507237
-49.21934862647865,-28.413075301803914
-49.21437632473647,-28.412926965701043
-49.2094040229943,-28.41277851014733
-49.20443172125213,-28.4126299350915
-49.19945941950995,-28.412481240482222
-49.19448711776778,-28.412332426268183
-49.1895148160256,-28.41218349239802
-49.18454251428343,-28.412034438820378
-49.17957021254126,-28.41188526548384
-49.17459791079908,-28.411735972337034
-49.16962560905691,-28.41158655932843
-49.16465330731473,-28.4114370264067
-49.15968100557256,-28.411287373520334
-49.15470870383038,-28.411137600617813
-49.14973640208821,-28.41098770764766
-49.14476410034604,-28.410837694558317
-49.13979179860386,-28.410687561298268
-49.13481949686169,-28.4105373078159
-49.12984719511951,-28.41038693405964
-49.12487489337734,-28.41023643997791
-49.11990259163516,-28.410085825519037
-49.11493028989299,-28.40993509063137
-49.10995798815082,-28.40978423526331
-49.10498568640864,-28.409633259363087
-49.10001338466647,-28.40948216287903
-49.09504108292429,-28.409330945759397
-49.09006878118212,-28.40917960795245
-49.08509647943995,-28.409028149406396
-49.08012417769777,-28.408876570069513
-49.0751518759556,-28.408724869889912
-49.07017957421342,-28.408573048815796
-49.06520727247125,-28.40842110679528
-49.06023497072907,-28.40826904377658
-49.0552626689869,-28.40811685970775
-49.05029036724473,-28.407964554536857
-49.04531806550255,-28.407812128212058
-49.04034576376038,-28.40765958068129
-49.0353734620182,-28.407506911892696
-49.03040116027603,-28.407354121794246
-49.02542885853385,-28.40720121033389
-49.02045655679168,-28.40704817745963
-49.01548425504951,-28.406895023119432
-49.01051195330733,-28.406741747261194
-49.00553965156516,-28.406588349832855
-49.00056734982298,-28.406434830782334
-48.99559504808081,-28.40628119005742
-48.99062274633864,-28.40612742760604
-48.98565044459646,-28.40597354337598
-48.98067814285429,-28.405819537315075
-48.97570584111211,-28.40566540937108
-48.97073353936994,-28.405511159491823
-48.96576123762776,-28.40535678762498
-48.96078893588559,-28.40520229371839
-48.95581663414342,-28.405047677719665
-48.95084433240124,-28.404892939576534
-48.94587203065907,-28.404738079236633
-48.94089972891689,-28.40458309664766
-48.93592742717472,-28.404427991757245
-48.93095512543254,-28.404272764512953
-48.92598282369037,-28.404117414862434
-48.9210105219482,-28.403961942753185
-48.91603822020602,-28.403806348132786
-48.91106591846385,-28.40365063094882
-48.90609361672167,-28.403494791148713
-48.9011213149795,-28.403338828679978
-48.89614901323733,-28.403182743490117
-48.89117671149515,-28.403026535526582
-48.88620440975298,-28.402870204736722
-48.8812321080108,-28.40271375106801
-48.87625980626863,-28.402557174467844
-48.87128750452645,-28.402400474883574
-48.86631520278428,-28.402243652262502
-48.86134290104211,-28.40208670655202
-48.85637059929993,-28.40192963769941
-48.85139829755776,-28.401772445651982
-48.84642599581558,-28.401615130356948
-48.84145369407341,-28.401457691761603
-48.83648139233123,-28.401300129813155
-48.83150909058906,-28.40114244445878
-48.82653678884689,-28.400984635645738
-48.82156448710471,-28.400826703321115
-48.81659218536254,-28.40066864743212
-48.81161988362036,-28.40051046792584
-48.80664758187819,-28.400352164749364
-48.80167528013602,-28.400193737849797
-48.79670297839384,-28.400035187174232
-48.79173067665167,-28.399876512669675
-48.78675837490949,-28.399717714283156
-48.78178607316732,-28.399558791961674
-48.77681377142514,-28.399399745652246
-48.77184146968297,-28.39924057530179
-48.7668691679408,-28.39908128085726
-48.76189686619862,-28.39892186226556
-48.75692456445645,-28.398762319473626
-48.75195226271427,-28.39860265242833
-48.7469799609721,-28.398442861076514
-48.74200765922992,-28.398282945365075
-48.73703535748775,-28.398122905240726
-48.73206305574558,-28.397962740650335
-48.7270907540034,-28.397802451540667
-48.72211845226123,-28.39764203785853
-48.71714615051905,-28.397481499550572
-48.71217384877688,-28.39732083656358
-48.70720154703471,-28.397160048844253
-48.70222924529253,-28.39699913633918
-48.69725694355036,-28.3968380989951
-48.69228464180818,-28.396676936758627
-48.68731234006601,-28.39651564957636
-48.68234003832383,-28.396354237394956
-48.67736773658166,-28.396192700160885
-48.67239543483949,-28.396031037820798
-48.66742313309731,-28.39586925032116
-48.66245083135514,-28.39570733760853
-48.65747852961296,-28.39554529962938
-48.65250622787079,-28.395383136330185
-48.64753392612861,-28.395220847657384
-48.64256162438644,-28.39505843355741
-48.63758932264427,-28.39489589397669
-48.63261702090209,-28.394733228861625
-48.62764471915992,-28.394570438158553
-48.62267241741774,-28.39440752181384
-48.61770011567557,-28.394244479773786
-48.6127278139334,-28.394081311984742
-48.60775551219122,-28.39391801839296
-48.60278321044905,-28.39375459894473
-48.59781090870687,-28.39359105358629
-48.5928386069647,-28.393427382263873
-48.58786630522252,-28.393263584923673
-48.58289400348035,-28.393099661511812
-48.57792170173818,-28.392935611974583
-48.572949399996,-28.392771436258045
-48.56797709825383,-28.392607134308363
-48.56300479651165,-28.392442706071567
-48.55803249476948,-28.39227815149382
-48.5530601930273,-28.392113470521156
-48.54808789128513,-28.391948663099598
-48.54311558954296,-28.391783729175145
-48.53814328780078,-28.39161866869387
-48.53317098605861,-28.391453481601662
-48.52819868431643,-28.391288167844525
-48.52322638257426,-28.391122727368447
-48.51825408083209,-28.390957160119253
-48.51328177908991,-28.390791466042888
-48.50830947734774,-28.390625645085173
-48.50333717560556,-28.39045969719201
-48.49836487386339,-28.390293622309244
-48.49339257212121,-28.390127420382687
-48.48842027037904,-28.389961091358106
-48.48344796863687,-28.38979463518128
-48.47847566689469,-28.389628051797914
-48.47350336515252,-28.389461341153815
-48.46853106341034,-28.389294503194638
-48.46355876166817,-28.389127537866095
-48.45858645992599,-28.38896044511388
-48.45361415818382,-28.388793224883596
-48.44864185644165,-28.388625877120887
-48.44366955469947,-28.388458401771338
-48.4386972529573,-28.388290798780574
-48.43372495121512,-28.388123068094128
-48.42875264947295,-28.38795520965752
-48.423780347730776,-28.38778722341628
-48.4188080459886,-28.38761910931597
-48.41383574424643,-28.387450867302057
-48.40886344250425,-28.387282497319937
-48.40389114076208,-28.387113999315076
-48.3989188390199,-28.386945373232926
-48.39394653727773,-28.386776619018832
-48.38897423553556,-28.386607736618224
-48.38400193379338,-28.38643872597641
-48.37902963205121,-28.386269587038772
-48.37405733030903,-28.38610031975058
-48.36908502856686,-28.38593092405717
-48.36411272682468,-28.38576139990377
-48.35914042508251,-28.385591747235637
-48.35416812334034,-28.385421965998024
-48.34919582159816,-28.38525205613614
-48.34422351985599,-28.385082017595188
-48.33925121811381,-28.38491185032026
-48.33427891637164,-28.38474155425658
-48.329306614629466,-28.38457112934923
-48.32433431288729,-28.38440057554337
-48.31936201114512,-28.384229892784006
-48.31438970940294,-28.384059081016275
-48.30941740766077,-28.383888140185206
-48.30444510591859,-28.383717070235765
-48.29947280417642,-28.38354587111299
-48.294500502434246,-28.38337454276185
-48.28952820069207,-28.383203085127324
-48.2845558989499,-28.38303149815434
-48.27958359720772,-28.38285978178781
-48.27461129546555,-28.382687935972612
-48.269638993723376,-28.382515960653695
-48.2646666919812,-28.38234385577579
-48.25969439023903,-28.382171621283817
-48.25472208849685,-28.381999257122576
-48.24974978675468,-28.381826763236838
-48.2447774850125,-28.38165413957139
-48.23980518327033,-28.38148138607095
-48.234832881528156,-28.38130850268032
-48.22986057978598,-28.381135489344093
-48.22488827804381,-28.380962346007045
-48.21991597630163,-28.380789072613798
-48.21494367455946,-28.38061566910901
-48.20997137281728,-28.38044213543732
-48.20499907107511,-28.38026847154328
-48.200026769332936,-28.380094677371517
-48.19505446759076,-28.379920752866546
-48.19008216584859,-28.379746697972955
-48.18510986410641,-28.379572512635193
-48.18013756236424,-28.379398196797833
-48.175165260622066,-28.37922375040531
-48.17019295887989,-28.379049173402077
-48.165220657137716,-28.37887446573257
-48.16024835539554,-28.378699627341188
-48.15527605365337,-28.378524658172363
-48.15030375191119,-28.378349558170395
-48.14533145016902,-28.378174327279705
-48.140359148426846,-28.37799896544455
-48.13538684668467,-28.377823472609297
-48.1304145449425,-28.377647848718183
-48.12544224320032,-28.37747209371552
-48.12046994145815,-28.377296207545477
-48.11549763971597,-28.377120190152333
-48.1105253379738,-28.37694404148029
-48.105553036231626,-28.376767761473484
-48.10058073448945,-28.37659135007611
-48.09560843274728,-28.376414807232262
-48.0906361310051,-28.37623813288612
-48.08566382926293,-28.376061326981702
-48.080691527520756,-28.375884389463135
-48.07571922577858,-28.37570732027442
-48.070746924036406,-28.375530119359667
-48.06577462229423,-28.375352786662788
-48.06080232055206,-28.375175322127824
-48.05583001880988,-28.37499772569875
-48.05085771706771,-28.374819997319506
-48.045885415325536,-28.374642136933947
-48.04091311358336,-28.37446414448608
-48.035940811841186,-28.37428601991971
-48.03096851009901,-28.374107763178717
-48.02599620835684,-28.373929374206956
-48.02102390661466,-28.373750852948234
-48.01605160487249,-28.37357219934634
-48.011079303130316,-28.373393413345042
-48.00610700138814,-28.373214494888096
-48.00113469964597,-28.373035443919264
-47.99616239790379,-28.37285626038219
-47.99119009616162,-28.372676944220622
-47.986217794419446,-28.372497495378227
-47.98124549267727,-28.372317913798614
-47.976273190935096,-28.372138199425425
-47.97130088919292,-28.371958352202252
-47.96632858745075,-28.371778372072708
-47.96135628570857,-28.371598258980328
-47.9563839839664,-28.371418012868627
-47.951411682224226,-28.37123763368119
-47.94643938048205,-28.371057121361478
-47.941467078739876,-28.370876475852906
-47.9364947769977,-28.370695697099038
-47.93152247525553,-28.37051478504322
-47.92655017351335,-28.370333739628894
-47.92157787177118,-28.370152560799458
-47.916605570029006,-28.36997124849825
-47.91163326828683,-28.369789802668688
-47.906660966544656,-28.369608223254005
-47.90168866480248,-28.36942651019752
-47.89671636306031,-28.36924466344257
-47.891744061318136,-28.369062682932377
-47.88677175957596,-28.368880568610173
-47.881799457833786,-28.368698320419163
-47.87682715609161,-28.368515938302618
-47.871854854349436,-28.36833342220366
-47.86688255260726,-28.368150772065377
-47.86191025086509,-28.367967987831015
-47.856937949122916,-28.36778506944362
-47.85196564738074,-28.36760201684629
-47.846993345638566,-28.3674188299821
-47.84202104389639,-28.36723550879408
-47.83704874215422,-28.36705205322527
-47.83207644041204,-28.36686846321868
-47.82710413866987,-28.366684738717233
-47.822131836927696,-28.36650087966395
-47.81715953518552,-28.366316886001748
-47.812187233443346,-28.366132757673522
-47.80721493170117,-28.36594849462221
-47.802242629959,-28.365764096790645
-47.797270328216825,-28.365579564121703
-47.79229802647465,-28.365394896558186
-47.787325724732476,-28.365210094042926
-47.7823534229903,-28.365025156518687
-47.777381121248126,-28.36484008392826
-47.77240881950595,-28.364654876214352
-47.76743651776378,-28.364469533319735
-47.762464216021606,-28.36428405518708
-47.75749191427943,-28.364098441759015
-47.752519612537256,-28.363912692978253
-47.74754731079508,-28.36372680878743
-47.742575009052906,-28.363540789129164
-47.73760270731073,-28.363354633945978
-47.73263040556856,-28.363168343180554
-47.727658103826386,-28.362981916775336
-47.72268580208421,-28.36279535467288
-47.717713500342036,-28.362608656815706
-47.71274119859986,-28.362421823146317
-47.70776889685769,-28.362234853607113
-47.702796595115515,-28.36204774814058
-47.69782429337334,-28.36186050668915
-47.692851991631166,-28.36167312919514
-47.68787968988899,-28.36148561560099
-47.682907388146816,-28.361297965849044
-47.67793508640464,-28.361110179881564
-47.67296278466247,-28.36092225764098
-47.667990482920295,-28.360734199069505
-47.66301818117812,-28.3605460041094
-47.658045879435946,-28.360357672702932
-47.65307357769377,-28.36016920479229
-47.648101275951596,-28.359980600319712
-47.64312897420942,-28.35979185922735
-47.63815667246725,-28.359602981457346
-47.633184370725075,-28.35941396695189
-47.6282120689829,-28.359224815653036
-47.623239767240726,-28.359035527502922
-47.61826746549855,-28.358846102443536
-47.613295163756376,-28.358656540417012
-47.608322862014205,-28.35846684136534
-47.60335056027203,-28.35827700523052
-47.598378258529856,-28.358087031954536
-47.59340595678768,-28.35789692147937
-47.588433655045506,-28.357706673746904
-47.58346135330333,-28.3575162886991
-47.57848905156116,-28.35732576627781
-47.573516749818985,-28.357135106424973
-47.56854444807681,-28.35694430908236
-47.563572146334636,-28.356753374191875
-47.55859984459246,-28.356562301695263
-47.553627542850286,-28.356371091534307
-47.54865524110811,-28.356179743650806
-47.54368293936594,-28.355988257986485
-47.538710637623765,-28.355796634483067
-47.53373833588159,-28.35560487308222
-47.528766034139416,-28.35541297372566
-47.52379373239724,-28.355220936355007
-47.518821430655066,-28.35502876091191
-47.513849128912895,-28.35483644733795
-47.50887682717072,-28.354643995574744
-47.503904525428545,-28.35445140556383
-47.49893222368637,-28.354258677246776
-47.493959921944196,-28.35406581056507
-47.48898762020202,-28.35387280546025
-47.484015318459846,-28.35367966187379
-47.479043016717675,-28.353486379747075
-47.4740707149755,-28.353292959021598
-47.469098413233326,-28.353099399638758
-47.46412611149115,-28.352905701539935
-47.459153809748976,-28.352711864666503
-47.4541815080068,-28.35251788895982
-47.44920920626463,-28.352323774361185
-47.444236904522455,-28.352129520811875
-47.43926460278028,-28.35193512825321
-47.434292301038106,-28.351740596626442
-47.42931999929593,-28.351545925872774
-47.424347697553756,-28.35135111593346
-47.419375395811585,-28.351156166749647
-47.41440309406941,-28.350961078262532
-47.409430792327235,-28.35076585041323
-47.40445849058506,-28.350570483142853
-47.399486188842886,-28.350374976392576
-47.39451388710071,-28.350179330103398
-47.389541585358536,-28.349983544216396
-47.384569283616365,-28.34978761867263
-47.37959698187419,-28.349591553413145
-47.374624680132015,-28.349395348378806
-47.36965237838984,-28.34919900351068
-47.364680076647666,-28.349002518749675
-47.35970777490549,-28.348805894036747
-47.354735473163316,-28.34860912931277
-47.349763171421145,-28.348412224518608
-47.34479086967897,-28.34821517959519
-47.339818567936796,-28.348017994483232
-47.33484626619462,-28.347820669123635
-47.329873964452446,-28.347623203457175
-47.324901662710275,-28.347425597424614
-47.319929360968096,-28.347227850966668
-47.314957059225925,-28.347029964024067
-47.30998475748375,-28.346831936537605
-47.305012455741576,-28.346633768447845
-47.3000401539994,-28.34643545969547
-47.295067852257226,-28.34623701022112
-47.290095550515055,-28.34603841996544
-47.28512324877288,-28.34583968886896
-47.280150947030705,-28.345640816872308
-47.27517864528853,-28.345441803916
-47.270206343546356,-28.345242649940555
-47.26523404180418,-28.345043354886457
-47.260261740062006,-28.344843918694213
-47.255289438319835,-28.344644341304257
-47.25031713657766,-28.344444622657058
-47.245344834835485,-28.34424476269299
-47.24037253309331,-28.34404476135247
-47.235400231351136,-28.343844618575833
-47.230427929608965,-28.343644334303416
-47.225455627866786,-28.343443908475603
-47.220483326124615,-28.3432433410326
-47.21551102438244,-28.34304263191475
-47.210538722640266,-28.342841781062294
-47.20556642089809,-28.342640788415505
-47.200594119155916,-28.342439653914482
-47.195621817413745,-28.342238377499495
-47.190649515671566,-28.342036959110704
-47.185677213929395,-28.34183539868824
-47.18070491218722,-28.3416336961722
-47.175732610445046,-28.34143185150274
-47.17076030870287,-28.341229864619862
-47.165788006960696,-28.341027735463676
-47.160815705218525,-28.340825463974173
-47.15584340347635,-28.340623050091377
-47.150871101734175,-28.340420493755264
-47.145898799992,-28.34021779490582
-47.140926498249826,-28.34001495348295
-47.135954196507655,-28.33981196942662
-47.130981894765476,-28.33960884267666
-47.126009593023305,-28.339405573173003
-47.12103729128113,-28.33920216085546
-47.116064989538955,-28.338998605663864
-47.11109268779678,-28.33879490753804
-47.106120386054606,-28.338591066417745
-47.101148084312435,-28.338387082242786
-47.096175782570256,-28.338182954952813
-47.091203480828085,-28.337978684487638
-47.08623117908591,-28.337774270786877
-47.081258877343735,-28.33756971379024
-47.07628657560156,-28.33736501343738
-47.071314273859386,-28.337160169667875
-47.066341972117215,-28.336955182421367
-47.061369670375036,-28.33675005163745
-47.056397368632865,-28.336544777255625
-47.05142506689069,-28.336339359215465
-47.046452765148516,-28.336133797456476
-47.041480463406344,-28.335928091918152
-47.036508161664166,-28.33572224253991
-47.031535859921995,-28.33551624926128
-47.02656355817982,-28.33531011202163
-47.021591256437645,-28.33510383076036
-47.01661895469547,-28.334897405416836
-47.011646652953296,-28.33469083593042
-47.006674351211124,-28.334484122240468
-47.001702049468946,-28.334277264286264
-46.996729747726775,-28.334070262007085
-46.9917574459846,-28.33386311534224
-46.986785144242425,-28.33365582423089
-46.98181284250025,-28.3334483886123
-46.976840540758076,-28.333240808425685
-46.971868239015905,-28.333033083610157
-46.966895937273726,-28.3328252141049
-46.961923635531555,-28.332617199849043
-46.95695133378938,-28.332409040781698
-46.951979032047205,-28.332200736841923
-46.947006730305034,-28.33199228796877
-46.942034428562856,-28.3317836941013
-46.937062126820685,-28.331574955178482
-46.932089825078506,-28.331366071139357
-46.927117523336335,-28.331157041922875
-46.92214522159416,-28.330947867467973
-46.917172919851986,-28.330738547713583
-46.912200618109814,-28.33052908259857
-46.907228316367636,-28.330319472061817
-46.902256014625465,-28.33010971604222
-46.89728371288329,-28.329899814478562
-46.892311411141115,-28.329689767309677
-46.88733910939894,-28.32947957447435
-46.882366807656766,-28.32926923591131
-46.877394505914594,-28.329058751559334
-46.872422204172416,-28.328848121357137
-46.867449902430245,-28.32863734524339
-46.86247760068807,-28.32842642315673
-46.857505298945895,-28.32821535503588
-46.852532997203724,-28.32800414081945
-46.847560695461546,-28.327792780445996
-46.842588393719375,-28.327581273854094
-46.837616091977196,-28.32736962098233
-46.832643790235025,-28.327157821769237
-46.82767148849285,-28.326945876153342
-46.822699186750675,-28.326733784073078
-46.817726885008504,-28.32652154546697
-46.812754583266326,-28.326309160273393
-46.807782281524155,-28.32609662843084
-46.802809979781976,-28.325883949877614
-46.797837678039805,-28.32567112455217
-46.79286537629763,-28.32545815239279
-46.787893074555456,-28.325245033337875
-46.782920772813284,-28.32503176732569
-46.777948471071106,-28.324818354294486
-46.772976169328935,-28.32460479418258
-46.768003867586756,-28.32439108692815
-46.763031565844585,-28.32417723246944
-46.758059264102414,-28.323963230744603
-46.753086962360236,-28.32374908169185
-46.748114660618064,-28.323534785249343
-46.743142358875886,-28.323320341355117
-46.738170057133715,-28.323105749947278
-46.73319775539154,-28.322891010963986
-46.728225453649365,-28.322676124343214
-46.723253151907194,-28.322461090023026
-46.718280850165016,-28.32224590794141
-46.713308548422845,-28.322030578036383
-46.708336246680666,-28.321815100245814
-46.703363944938495,-28.321599474507703
-46.69839164319632,-28.321383700759988
-46.693419341454145,-28.321167778940467
-46.688447039711974,-28.320951708987085
-46.683474737969796,-28.320735490837656
-46.678502436227625,-28.320519124430028
-46.673530134485446,-28.32030260970194
-46.668557832743275,-28.320085946591213
-46.663585531001104,-28.319869135035553
-46.658613229258926,-28.319652174972735
-46.653640927516754,-28.319435066340425
-46.648668625774576,-28.319217809076317
-46.643696324032405,-28.31900040311808
-46.638724022290226,-28.318782848403327
-46.633751720548055,-28.318565144869673
-46.628779418805884,-28.318347292454728
-46.623807117063706,-28.318129291096025
-46.618834815321534,-28.317911140731145
-46.613862513579356,-28.31769284129756
-46.608890211837185,-28.31747439273279
-46.60391791009501,-28.3172557949743
-46.598945608352835,-28.317037047959534
-46.593973306610664,-28.31681815162594
-46.589001004868486,-28.316599105910903
-46.584028703126314,-28.31637991075177
-46.579056401384136,-28.316160566085962
-46.574084099641965,-28.315941071850776
-46.569111797899794,-28.315721427983522
-46.564139496157615,-28.315501634421462
-46.559167194415444,-28.315281691101898
-46.554194892673266,-28.31506159796207
-46.549222590931095,-28.314841354939137
-46.544250289188916,-28.314620961970352
-46.539277987446745,-28.31440041899286
-46.534305685704574,-28.31417972594383
-46.529333383962395,-28.31395888276037
-46.524361082220224,-28.31373788937952
-46.519388780478046,-28.313516745738454
-46.514416478735875,-28.313295451774152
-46.509444176993696,-28.31307400742371
-46.504471875251525,-28.31285241262409
-46.499499573509354,-28.31263066731226
-46.494527271767176,-28.3124087714252
-46.489554970025004,-28.312186724899835
-46.484582668282826,-28.311964527673084
-46.479610366540655,-28.311742179681847
-46.474638064798484,-28.311519680862975
-46.469665763056305,-28.31129703115336
-46.464693461314134,-28.311074230489734
-46.459721159571956,-28.310851278808954
-46.454748857829784,-28.31062817604775
-46.449776556087606,-28.31040492214291
-46.444804254345435,-28.310181517031143
-46.439831952603264,-28.309957960649136
-46.434859650861085,-28.309734252933595
-46.429887349118914,-28.309510393821146
-46.424915047376736,-28.309286383248462
-46.419942745634565,-28.309062221152075
-46.414970443892386,-28.308837907468654
-46.409998142150215,-28.308613442134707
-46.405025840408044,-28.308388825086826
-46.400053538665865,-28.308164056261436
-46.395081236923694,-28.30793913559513
-46.390108935181516,-28.307714063024292
-46.385136633439345,-28.307488838485398
-46.38016433169717,-28.307263461914843
-46.375192029954995,-28.307037933249106
-46.370219728212824,-28.306812252424436
-46.365247426470646,-28.30658641937726
-46.360275124728474,-28.30636043404393
-46.355302822986296,-28.306134296360682
-46.350330521244125,-28.305908006263806
-46.345358219501954,-28.305681563689582
-46.340385917759775,-28.305454968574235
-46.335413616017604,-28.30522822085398
-46.330441314275426,-28.305001320464942
-46.325469012533254,-28.30477426734338
-46.320496710791076,-28.30454706142536
-46.315524409048905,-28.304319702646996
-46.310552107306734,-28.304092190944417
-46.305579805564555,-28.30386452625365
-46.300607503822384,-28.303636708510762
-46.295635202080206,-28.303408737651765
-46.290662900338035,-28.30318061361269
-46.28569059859586,-28.30295233632944
-46.280718296853685,-28.302723905738002
-46.275745995111514,-28.30249532177428
-46.270773693369335,-28.30226658437422
-46.265801391627164,-28.302037693473647
-46.260829089884986,-28.301808649008443
-46.255856788142815,-28.301579450914435
-46.25088448640064,-28.301350099127376
-46.245912184658465,-28.301120593583153
-46.240939882916294,-28.300890934217435
-46.235967581174116,-28.300661120965987
-46.230995279431944,-28.300431153764528
-46.226022977689766,-28.300201032548745
-46.221050675947595,-28.29997075725428
-46.21607837420542,-28.299740327816792
-46.211106072463245,-28.29950974417187
-46.206133770721074,-28.299279006255148
-46.201161468978896,-28.299048114002183
-46.196189167236724,-28.298817067348487
-46.19121686549455,-28.298585866229633
-46.186244563752375,-28.298354510581074
-46.181272262010204,-28.298123000338293
-46.176299960268025,-28.297891335436763
-46.171327658525854,-28.297659515811866
-46.166355356783676,-28.29742754139903
-46.161383055041505,-28.29719541213362
-46.15641075329933,-28.29696312795102
-46.151438451557155,-28.296730688786578
-46.146466149814984,-28.29649809457549
-46.141493848072805,-28.296265345253172
-46.136521546330634,-28.29603244075481
-46.131549244588456,-28.29579938101562
-46.126576942846285,-28.29556616597085
-46.12160464110411,-28.295332795555705
-46.116632339361935,-28.295099269705357
-46.111660037619764,-28.294865588354867
-46.106687735877586,-28.294631751439397
-46.101715434135414,-28.294397758894053
-46.09674313239324,-28.294163610653865
-46.091770830651065,-28.29392930665392
-46.08679852890889,-28.293694846829197
-46.081826227166715,-28.29346023111474
-46.076853925424544,-28.293225459445473
-46.071881623682366,-28.292990531756374
-46.066909321940194,-28.292755447982362
-46.06193702019802,-28.292520208058303
-46.056964718455845,-28.292284811919128
-46.051992416713674,-28.29204925949964
-46.047020114971495,-28.29181355073471
-46.042047813229324,-28.291577685559126
-46.037075511487146,-28.29134166390765
-46.032103209744974,-28.291105485715022
-46.0271309080028,-28.290869150916052
-46.022158606260625,-28.29063265944536
-46.017186304518454,-28.2903960112377
-46.012214002776275,-28.290159206227695
-46.007241701034104,-28.289922244349984
-46.00226939929193,-28.28968512553916
-45.997297097549755,-28.28944784972987
-45.99232479580758,-28.289210416856605
-45.987352494065405,-28.28897282685394
-45.982380192323234,-28.28873507965643
-45.977407890581055,-28.28849717519847
-45.972435588838884,-28.28825911341464
-45.967463287096706,-28.28802089423928
-45.962490985354535,-28.28778251760689
-45.95751868361236,-28.287543983451815
-45.952546381870185,-28.287305291708435
-45.947574080128014,-28.287066442311133
-45.942601778385836,-28.286827435194184
-45.937629476643664,-28.28658827029193
-45.93265717490149,-28.286348947538585
-45.927684873159315,-28.286109466868428
-45.922712571417144,-28.285869828215727
-45.917740269674965,-28.285630031514632
-45.912767967932794,-28.285390076699368
-45.90779566619062,-28.285149963704015
-45.902823364448444,-28.28490969246276
-45.89785106270627,-28.284669262909688
-45.892878760964095,-28.284428674978923
-45.887906459221924,-28.28418792860447
-45.882934157479745,-28.28394702372034
-45.877961855737574,-28.283705960260637
-45.872989553995396,-28.28346473815924
-45.868017252253225,-28.283223357350177
-45.86304495051105,-28.282981817767354
-45.858072648768875,-28.28274011934468
-45.853100347026704,-28.282498262016098
-45.848128045284525,-28.2822562457154
-45.843155743542354,-28.282014070376448
-45.83818344180018,-28.28177173593305
-45.833211140058005,-28.281529242319014
-45.82823883831583,-28.281286589468106
-45.823266536573655,-28.281043777314043
-45.818294234831484,-28.280800805790545
-45.81332193308931,-28.280557674831336
-45.808349631347134,-28.280314384370058
-45.80337732960496,-28.280070934340394
-45.798405027862785,-28.27982732467592
-45.79343272612061,-28.279583555310243
-45.788460424378435,-28.27933962617693
-45.783488122636264,-28.27909553720953
-45.778515820894086,-28.278851288341563
-45.773543519151914,-28.27860687950654
-45.76857121740974,-28.278362310637945
-45.763598915667565,-28.278117581669214
-45.758626613925394,-28.277872692533744
-45.753654312183215,-28.27762764316497
-45.748682010441044,-28.27738243349625
-45.74370970869887,-28.277137063460945
-45.738737406956695,-28.27689153299244
-45.73376510521452,-28.276645842023907
-45.728792803472345,-28.276399990488752
-45.723820501730174,-28.27615397832012
-45.718848199988,-28.275907805451336
-45.713875898245824,-28.27566147181556
-45.70890359650365,-28.275414977345978
-45.703931294761475,-28.275168321975723
-45.6989589930193,-28.274921505637966
-45.693986691277125,-28.27467452826583
-45.689014389534954,-28.27442738979234
-45.684042087792776,-28.274180090150573
-45.679069786050604,-28.273932629273567
-45.67409748430843,-28.273685007094347
-45.669125182566255,-28.27343722354588
-45.66415288082408,-28.273189278561137
-45.659180579081905,-28.27294117207305
-45.654208277339734,-28.27269290401454
-45.64923597559756,-28.272444474318483
-45.644263673855384,-28.272195882917696
-45.63929137211321,-28.27194712974513
-45.634319070371035,-28.271698214733497
-45.629346768628864,-28.27144913781562
-45.62437446688669,-28.271199898924255
-45.619402165144514,-28.270950497992168
-45.61442986340234,-28.270700934952046
-45.609457561660165,-28.27045120973659
-45.60448525991799,-28.27020132227846
-45.599512958175815,-28.269951272510276
-45.594540656433644,-28.269701060364724
-45.589568354691465,-28.26945068577434
-45.584596052949294,-28.269200148671676
-45.57962375120712,-28.26894944898932
-45.574651449464945,-28.268698586659777
-45.56967914772277,-28.26844756161552
-45.564706845980595,-28.26819637378903
-45.559734544238424,-28.267945023112745
-45.55476224249625,-28.267693509519113
-45.549789940754074,-28.267441832940495
-45.5448176390119,-28.267189993309277
-45.539845337269725,-28.266937990557775
-45.53487303552755,-28.26668582461837
-45.52990073378538,-28.266433495423296
-45.524928432043204,-28.26618100290485
-45.51995613030103,-28.265928346995313
-45.514983828558854,-28.265675527626858
-45.51001152681668,-28.26542254473166
-45.505039225074505,-28.26516939824198
-45.500066923332334,-28.264916088089862
-45.495094621590155,-28.26466261420749
-45.490122319847984,-28.264408976526973
-45.48515001810581,-28.26415517498035
-45.480177716363634,-28.263901209499696
-45.47520541462146,-28.26364708001698
-45.470233112879285,-28.263392786464244
-45.465260811137114,-28.263138328773525
-45.46028850939494,-28.26288370687662
-45.455316207652764,-28.262628920705588
-45.45034390591059,-28.262373970192275
-45.445371604168415,-28.262118855268547
-45.44039930242624,-28.261863575866286
-45.43542700068407,-28.261608131917306
-45.430454698941894,-28.261352523353356
-45.42548239719972,-28.261096750106258
-45.420510095457544,-28.260840812107784
-45.41553779371537,-28.260584709289617
-45.410565491973195,-28.260328441583482
-45.40559319023102,-28.26007200892109
-45.400620888488845,-28.259815411234005
-45.395648586746674,-28.259558648453893
-45.3906762850045,-28.259301720512372
-45.385703983262324,-28.259044627340984
-45.38073168152015,-28.258787368871314
-45.375759379777975,-28.25852994503491
-45.370787078035804,-28.25827235576322
-45.36581477629363,-28.258014600987725
-45.360842474551454,-28.257756680639897
-45.35587017280928,-28.257498594651157
-45.350897871067104,-28.25724034295293
-45.34592556932493,-28.256981925476538
-45.34095326758276,-28.256723342153386
-45.335980965840584,-28.256464592914785
-45.33100866409841,-28.256205677692016
-45.326036362356234,-28.25594659641639
-45.32106406061406,-28.25568734901909
-45.316091758871885,-28.25542793543146
-45.31111945712971,-28.255168355584594
-45.306147155387535,-28.254908609409696
-45.301174853645364,-28.254648696837982
-45.29620255190319,-28.254388617800494
-45.291230250161014,-28.254128372228365
-45.28625794841884,-28.253867960052652
-45.281285646676665,-28.253607381204496
-45.27631334493449,-28.25334663561479
-45.27134104319232,-28.25308572321462
-45.266368741450144,-28.25282464393495
-45.26139643970797,-28.25256339770675
-45.256424137965794,-28.252301984460875
-45.25145183622362,-28.252040404128305
-45.24647953448145,-28.251778656639864
-45.24150723273927,-28.25151674192643
-45.2365349309971,-28.251254659918814
-45.231562629254924,-28.25099241054779
-45.22659032751275,-28.250729993744226
-45.221618025770574,-28.25046740943876
-45.2166457240284,-28.250204657562225
-45.211673422286225,-28.249941738045198
-45.206701120544054,-28.24967865081848
-45.20172881880188,-28.249415395812626
-45.196756517059704,-28.249151972958316
-45.19178421531753,-28.248888382186134
-45.186811913575355,-28.24862462342665
-45.18183961183318,-28.24836069661039
-45.17686731009101,-28.248096601667882
-45.171895008348834,-28.247832338529665
-45.16692270660666,-28.247567907126218
-45.161950404864484,-28.247303307387934
-45.15697810312231,-28.247038539245256
-45.15200580138014,-28.246773602628615
-45.14703349963796,-28.24650849746835
-45.14206119789579,-28.246243223694808
-45.137088896153614,-28.2459777812383
-45.13211659441144,-28.245712170029147
-45.127144292669264,-28.245446389997603
-45.12217199092709,-28.245180441073945
-45.117199689184915,-28.244914323188386
-45.11222738744274,-28.24464803627108
-45.10725508570057,-28.244381580252227
-45.102282783958394,-28.244114955061992
-45.09731048221622,-28.243848160630428
-45.092338180474044,-28.243581196887725
-45.08736587873187,-28.24331406376385
-45.0823935769897,-28.243046761188957
-45.077421275247524,-28.242779289092958
-45.07244897350535,-28.242511647405905
-45.067476671763174,-28.242243836057735
-45.062504370021,-28.241975854978456
-45.05753206827883,-28.24170770409787
-45.05255976653665,-28.24143938334598
-45.04758746479448,-28.24117089265259
-45.042615163052304,-28.24090223194757
-45.03764286131013,-28.240633401160714
-45.032670559567954,-28.240364400221782
-45.02769825782578,-28.240095229060607
-45.022725956083605,-28.2398258876069
-45.01775365434143,-28.23955637579038
-45.01278135259926,-28.23928669354072
-45.007809050857084,-28.239016840787567
-45.00283674911491,-28.238746817460598
-44.997864447372734,-28.238476623489387
-44.99289214563056,-28.238206258803583
-44.98791984388839,-28.237935723332633
-44.98294754214621,-28.237665017006208
-44.97797524040404,-28.237394139753704
-44.973002938661864,-28.237123091504696
-44.96803063691969,-28.236851872188577
-44.96305833517752,-28.236580481734784
-44.95808603343534,-28.23630892007278
-44.95311373169317,-28.23603718713188
-44.948141429950994,-28.23576528284149
-44.94316912820882,-28.23549320713087
-44.938196826466644,-28.235220959929435
-44.93322452472447,-28.234948541166418
-44.928252222982294,-28.234675950771035
-44.92327992124012,-28.234403188672534
-44.91830761949795,-28.234130254800153
-44.913335317755774,-28.233857149083004
-44.9083630160136,-28.23358387145033
-44.903390714271424,-28.2333104218312
-44.89841841252925,-28.2330368001547
-44.89344611078708,-28.232763006349945
-44.8884738090449,-28.23248904034593
-44.88350150730273,-28.23221490207174
-44.878529205560554,-28.231940591456354
-44.87355690381838,-28.231666108428747
-44.86858460207621,-28.23139145291785
-44.86361230033403,-28.231116624852604
-44.85863999859186,-28.230841624161883
-44.85366769684968,-28.230566450774567
-44.84869539510751,-28.230291104619493
-44.843723093365334,-28.23001558562551
-44.83875079162316,-28.2297398937214
-44.833778489880984,-28.229464028835913
-44.82880618813881,-28.229187990897792
-44.82383388639664,-28.22891177983577
-44.818861584654464,-28.228635395578525
-44.81388928291229,-28.228358838054717
-44.808916981170114,-28.228082107193018
-44.80394467942794,-28.227805202921967
-44.79897237768577,-28.227528125170224
-44.79400007594359,-28.227250873866353
-44.78902777420142,-28.226973448938843
-44.784055472459244,-28.22669585031623
-44.77908317071707,-28.22641807792699
-44.7741108689749,-28.22614013169957
-44.76913856723272,-28.22586201156242
-44.76416626549055,-28.22558371744395
-44.75919396374837,-28.225305249272562
-44.7542216620062,-28.22502660697658
-44.749249360264024,-28.224747790484326
-44.74427705852185,-28.2244687997241
-44.739304756779674,-28.224189634624224
-44.7343324550375,-28.22391029511292
-44.72936015329533,-28.22363078111843
-44.72438785155315,-28.22335109256892
-44.71941554981098,-28.223071229392623
-44.714443248068804,-28.22279119151761
-44.70947094632663,-28.222510978872087
-44.70449864458446,-28.222230591384076
-44.69952634284228,-28.221950028981674
-44.69455404110011,-28.221669291592942
-44.68958173935793,-28.22138837914592
-44.68460943761576,-28.221107291568554
-44.67963713587359,-28.220826028788828
-44.67466483413141,-28.220544590734693
-44.66969253238924,-28.220262977334055
-44.66472023064706,-28.219981188514826
-44.65974792890489,-28.219699224204813
-44.654775627162714,-28.21941708433192
-44.64980332542054,-28.219134768823924
-44.644831023678364,-28.218852277608608
-44.63985872193619,-28.21856961061376
-44.63488642019402,-28.218286767767076
-44.62991411845184,-28.218003748996313
-44.62494181670967,-28.217720554229118
-44.619969514967494,-28.217437183393137
-44.61499721322532,-28.21715363641601
-44.61002491148315,-28.216869913225366
-44.60505260974097,-28.216586013748774
-44.6000803079988,-28.21630193791375
-44.59510800625662,-28.216017685647873
-44.59013570451445,-28.215733256878558
-44.58516340277228,-28.21544865153338
-44.5801911010301,-28.21516386953975
-44.57521879928793,-28.214878910825053
-44.57024649754575,-28.21459377531678
-44.56527419580358,-28.214308462942178
-44.5603018940614,-28.214022973628673
-44.55532959231923,-28.21373730730354
-44.550357290577054,-28.213451463894074
-44.54538498883488,-28.213165443327604
-44.54041268709271,-28.212879245531287
-44.53544038535053,-28.212592870432378
-44.53046808360836,-28.21230631795805
-44.525495781866184,-28.212019588035485
-44.52052348012401,-28.21173268059177
-44.51555117838184,-28.211445595554054
-44.51057887663966,-28.21115833284939
-44.50560657489749,-28.210870892404888
-44.50063427315531,-28.21058327414755
-44.49566197141314,-28.21029547800437
-44.49068966967097,-28.210007503902325
-44.48571736792879,-28.20971935176836
-44.48074506618662,-28.209431021529387
-44.47577276444444,-28.209142513112365
-44.47080046270227,-28.208853826444127
-44.46582816096009,-28.208564961451504
-44.46085585921792,-28.20827591806138
-44.455883557475744,-28.207986696200464
-44.45091125573357,-28.20769729579559
-44.4459389539914,-28.207407716773464
-44.44096665224922,-28.207117959060795
-44.43599435050705,-28.206828022584308
-44.43102204876487,-28.206537907270636
-44.4260497470227,-28.206247613046443
-44.42107744528053,-28.205957139838315
-44.41610514353835,-28.205666487572845
-44.41113284179618,-28.205375656176592
-44.406160540054,-28.205084645576076
-44.40118823831183,-28.204793455697825
-44.39621593656966,-28.204502086468302
-44.39124363482748,-28.204210537813942
-44.38627133308531,-28.20391880966122
-44.38129903134313,-28.20362690193649
-44.37632672960096,-28.20333481456615
-44.37135442785878,-28.203042547476525
-44.36638212611661,-28.202750100593953
-44.36140982437444,-28.20245747384473
-44.35643752263226,-28.202164667155124
-44.35146522089009,-28.20187168045135
-44.34649291914791,-28.201578513659715
-44.34152061740574,-28.201285166706267
-44.33654831566356,-28.200991639517238
-44.33157601392139,-28.200697932018798
-44.32660371217922,-28.200404044137006
-44.32163141043704,-28.20010997579797
-44.31665910869487,-28.19981572692775
-44.31168680695269,-28.19952129745238
-44.30671450521052,-28.19922668729784
-44.30174220346835,-28.19893189639011
-44.29676990172617,-28.198636924655137
-44.291797599984,-28.198341772018868
-44.28682529824182,-28.198046438407193
-44.28185299649965,-28.19775092374595
-44.27688069475747,-28.197455227961058
-44.2719083930153,-28.197159350978296
-44.26693609127313,-28.19686329272342
-44.26196378953095,-28.19656705312224
-44.25699148778878,-28.196270632100465
-44.2520191860466,-28.19597402958387
-44.24704688430443,-28.19567724549808
-44.24207458256225,-28.195380279768735
-44.23710228082008,-28.195083132321574
-44.23212997907791,-28.19478580308207
-44.22715767733573,-28.19448829197591
-44.22218537559356,-28.19419059892856
-44.21721307385138,-28.193892723865595
-44.21224077210921,-28.193594666712514
-44.20726847036704,-28.193296427394802
-44.20229616862486,-28.192998005837868
-44.19732386688269,-28.192699401967214
-44.19235156514051,-28.192400615708113
-44.18737926339834,-28.192101646986014
-44.18240696165616,-28.19180249572624
-44.17743465991399,-28.19150316185407
-44.17246235817182,-28.19120364529484
-44.16749005642964,-28.1909039459738
-44.16251775468747,-28.190604063816206
-44.15754545294529,-28.19030399874721
-44.15257315120312,-28.190003750692004
-44.14760084946094,-28.189703319575756
-44.14262854771877,-28.189402705323594
-44.1376562459766,-28.18910190786065
-44.13268394423442,-28.18880092711191
-44.12771164249225,-28.188499763002508
-44.12273934075007,-28.188198415457457
-44.1177670390079,-28.187896884401695
-44.11279473726573,-28.187595169760236
-44.10782243552355,-28.187293271457996
-44.10285013378138,-28.186991189419892
-44.0978778320392,-28.186688923570802
-44.09290553029703,-28.186386473835636
-44.08793322855485,-28.186083840139155
-44.08296092681268,-28.185781022406232
-44.07798862507051,-28.185478020561575
-44.07301632332833,-28.185174834530002
-44.06804402158616,-28.184871464236227
-44.06307171984398,-28.184567909604908
-44.05809941810181,-28.18426417056074
-44.05312711635963,-28.183960247028395
-44.04815481461746,-28.18365613893248
-44.04318251287529,-28.183351846197564
-44.03821021113311,-28.183047368748245
-44.03323790939094,-28.18274270650901
-44.02826560764876,-28.182437859404423
-44.02329330590659,-28.18213282735894
-44.01832100416442,-28.181827610297017
-44.01334870242224,-28.181522208143136
-44.00837640068007,-28.181216620821644
-44.00340409893789,-28.180910848256914
-43.99843179719572,-28.18060489037332
-43.99345949545354,-28.18029874709517
-43.98848719371137,-28.179992418346803
-43.9835148919692,-28.17968590405245
-43.97854259022702,-28.17937920413634
-43.97357028848485,-28.179072318522717
-43.96859798674267,-28.17876524713579
-43.9636256850005,-28.178457989899673
-43.95865338325832,-28.1781505467385
-43.95368108151615,-28.177842917576445
-43.94870877977398,-28.17753510233752
-43.9437364780318,-28.17722710094578
-43.93876417628963,-28.176918913325302
-43.93379187454745,-28.176610539400052
-43.92881957280528,-28.176301979094028
-43.92384727106311,-28.175993232331116
-43.91887496932093,-28.175684299035318
-43.91390266757876,-28.17537517913044
-43.90893036583658,-28.175065872540422
-43.90395806409441,-28.17475637918908
-43.89898576235223,-28.174446699000203
-43.89401346061006,-28.174136831897563
-43.88904115886789,-28.173826777805
-43.88406885712571,-28.17351653664614
-43.87909655538354,-28.17320610834473
-43.87412425364136,-28.172895492824473
-43.86915195189919,-28.17258469000896
-43.86417965015701,-28.17227369982187
-43.85920734841484,-28.171962522186753
-43.85423504667267,-28.171651157027217
-43.84926274493049,-28.171339604266773
-43.84429044318832,-28.17102786382893
-43.83931814144614,-28.170715935637176
-43.83434583970397,-28.170403819614968
-43.8293735379618,-28.170091515685787
-43.82440123621962,-28.16977902377299
-43.81942893447745,-28.16946634379992
-43.81445663273527,-28.16915347569004
-43.8094843309931,-28.168840419366536
-43.80451202925092,-28.168527174752807
-43.79953972750875,-28.16821374177208
-43.79456742576658,-28.167900120347568
-43.7895951240244,-28.16758631040257
-43.78462282228223,-28.167272311860184
-43.77965052054005,-28.16695812464364
-43.77467821879788,-28.166643748676023
-43.7697059170557,-28.166329183880453
-43.76473361531353,-28.166014430180027
-43.75976131357136,-28.165699487497744
-43.75478901182918,-28.16538435575666
-43.74981671008701,-28.1650690348798
-43.74484440834483,-28.16475352479009
-43.73987210660266,-28.164437825410495
-43.73489980486049,-28.164121936663953
-43.72992750311831,-28.163805858473275
-43.72495520137614,-28.163489590761387
-43.71998289963396,-28.163173133451103
-43.71501059789179,-28.16285648646522
-43.71003829614961,-28.162539649726522
-43.70506599440744,-28.162222623157763
-43.70009369266527,-28.161905406681683
-43.69512139092309,-28.161588000220945
-43.69014908918092,-28.16127040369823
-43.68517678743874,-28.1609526170362
-43.68020448569657,-28.160634640157454
-43.67523218395439,-28.160316472984537
-43.67025988221222,-28.15999811544008
-43.66528758047005,-28.159679567446595
-43.66031527872787,-28.15936082892656
-43.6553429769857,-28.159041899802464
-43.65037067524352,-28.158722779996793
-43.64539837350135,-28.158403469431903
-43.64042607175918,-28.158083968030223
-43.635453770017,-28.157764275714108
-43.63048146827483,-28.15744439240595
-43.62550916653265,-28.15712431802801
-43.62053686479048,-28.15680405250259
-43.6155645630483,-28.156483595751958
-43.61059226130613,-28.15616294769829
-43.60561995956396,-28.15584210826385
-43.60064765782178,-28.155521077370796
-43.59567535607961,-28.155199854941266
-43.59070305433743,-28.154878440897395
-43.58573075259526,-28.154556835161284
-43.58075845085308,-28.15423503765497
-43.57578614911091,-28.153913048300502
-43.57081384736874,-28.153590867019908
-43.56584154562656,-28.153268493735133
-43.56086924388439,-28.152945928368187
-43.55589694214221,-28.152623170840936
-43.55092464040004,-28.152300221075333
-43.54595233865787,-28.151977078993234
-43.54098003691569,-28.151653744516484
-43.53600773517352,-28.151330217566887
-43.53103543343134,-28.15100649806625
-43.52606313168917,-28.15068258593634
-43.52109082994699,-28.15035848109885
-43.51611852820482,-28.15003418347552
-43.51114622646265,-28.14970969298806
-43.50617392472047,-28.149385009558078
-43.5012016229783,-28.149060133107206
-43.49622932123612,-28.14873506355707
-43.49125701949395,-28.148409800829217
-43.48628471775177,-28.148084344845163
-43.4813124160096,-28.14775869552645
-43.47634011426743,-28.147432852794562
-43.47136781252525,-28.147106816570954
-43.46639551078308,-28.1467805867771
-43.4614232090409,-28.146454163334354
-43.45645090729873,-28.146127546164088
-43.45147860555656,-28.14580073518765
-43.44650630381438,-28.145473730326398
-43.44153400207221,-28.145146531501606
-43.43656170033003,-28.14481913863451
-43.43158939858786,-28.14449155164639
-43.42661709684568,-28.144163770458462
-43.42164479510351,-28.14383579499187
-43.41667249336134,-28.14350762516774
-43.41170019161916,-28.143179260907285
-43.40672788987699,-28.142850702131565
-43.40175558813481,-28.14252194876161
-43.39678328639264,-28.142193000718542
-43.39181098465046,-28.141863857923315
-43.38683868290829,-28.14153452029693
-43.38186638116612,-28.141204987760364
-43.37689407942394,-28.140875260234548
-43.37192177768177,-28.140545337640336
-43.36694947593959,-28.14021521989868
-43.36197717419742,-28.139884906930376
-43.35700487245525,-28.139554398656248
-43.35203257071307,-28.139223694997114
-43.3470602689709,-28.138892795873733
-43.34208796722872,-28.13856170120687
-43.33711566548655,-28.138230410917174
-43.33214336374437,-28.137898924925352
-43.3271710620022,-28.13756724315205
-43.32219876026003,-28.1372353655179
-43.31722645851785,-28.13690329194354
-43.31225415677568,-28.13657102234946
-43.3072818550335,-28.13623855665627
-43.30230955329133,-28.13590589478445
-43.29733725154915,-28.1355730366545
-43.29236494980698,-28.135239982186878
-43.28739264806481,-28.13490673130201
-43.28242034632263,-28.134573283920297
-43.27744804458046,-28.134239639962132
-43.27247574283828,-28.13390579934783
-43.26750344109611,-28.13357176199774
-43.26253113935394,-28.13323752783211
-43.25755883761176,-28.132903096771273
-43.25258653586959,-28.132568468735418
-43.24761423412741,-28.132233643644724
-43.24264193238524,-28.131898621419428
-43.23766963064306,-28.131563401979626
-43.23269732890089,-28.131227985245506
-43.22772502715872,-28.130892371137136
-43.22275272541654,-28.13055655957454
-43.21778042367437,-28.130220550477805
-43.21280812193219,-28.129884343766935
-43.20783582019002,-28.1295479393619
-43.20286351844784,-28.129211337182646
-43.19789121670567,-28.12887453714915
-43.1929189149635,-28.12853753918123
-43.18794661322132,-28.12820034319884
-43.18297431147915,-28.127862949121774
-43.17800200973697,-28.127525356869857
-43.1730297079948,-28.12718756636286
-43.16805740625263,-28.126849577520577
-43.16308510451045,-28.126511390262678
-43.15811280276828,-28.12617300450896
-43.1531405010261,-28.125834420179025
-43.14816819928393,-28.125495637192504
-43.14319589754175,-28.125156655469056
-43.13822359579958,-28.12481747492829
-43.13325129405741,-28.124478095489703
-43.12827899231523,-28.124138517072893
-43.12330669057306,-28.123798739597323
-43.11833438883088,-28.123458762982462
-43.11336208708871,-28.123118587147797
-43.10838978534653,-28.122778212012708
-43.10341748360436,-28.122437637496613
-43.09844518186219,-28.122096863518898
-43.09347288012001,-28.121755889998866
-43.08850057837784,-28.12141471685582
-43.08352827663566,-28.12107334400906
-43.07855597489349,-28.120731771377805
-43.07358367315132,-28.120389998881326
-43.06861137140914,-28.12004802643878
-43.06363906966697,-28.11970585396934
-43.05866676792479,-28.119363481392174
-43.05369446618262,-28.119020908626357
-43.04872216444044,-28.11867813559095
-43.04374986269827,-28.118335162205096
-43.0387775609561,-28.117991988387704
-43.03380525921392,-28.117648614057877
-43.02883295747175,-28.117305039134504
-43.02386065572957,-28.11696126353658
-43.0188883539874,-28.116617287182972
-43.01391605224522,-28.1162731099926
-43.00894375050305,-28.1159287318843
-43.00397144876088,-28.115584152776925
-42.9989991470187,-28.11523937258923
-42.99402684527653,-28.11489439124
-42.98905454353435,-28.11454920864799
-42.98408224179218,-28.114203824731906
-42.97910994005001,-28.113858239410444
-42.97413763830783,-28.113512452602222
-42.96916533656566,-28.113166464225944
-42.96419303482348,-28.11282027420014
-42.95922073308131,-28.112473882443396
-42.95424843133913,-28.112127288874287
-42.94927612959696,-28.111780493411292
-42.94430382785479,-28.11143349597291
-42.93933152611261,-28.111086296477584
-42.93435922437044,-28.110738894843788
-42.92938692262826,-28.11039129098989
-42.92441462088609,-28.110043484834268
-42.91944231914391,-28.10969547629524
-42.91447001740174,-28.10934726529118
-42.90949771565957,-28.10899885174032
-42.90452541391739,-28.108650235560923
-42.89955311217522,-28.108301416671253
-42.89458081043304,-28.107952394989482
-42.88960850869087,-28.107603170433798
-42.8846362069487,-28.107253742922396
-42.87966390520652,-28.10690411237328
-42.87469160346435,-28.106554278704607
-42.86971930172217,-28.10620424183444
-42.86474699998,-28.10585400168076
-42.85977469823782,-28.105503558161658
-42.85480239649565,-28.105152911195
-42.84983009475348,-28.104802060698805
-42.8448577930113,-28.104451006590995
-42.83988549126913,-28.104099748789427
-42.83491318952695,-28.10374828721194
-42.82994088778478,-28.103396621776387
-42.8249685860426,-28.103044752400585
-42.81999628430043,-28.102692679002264
-42.81502398255826,-28.102340401499234
-42.81005168081608,-28.10198791980918
-42.80507937907391,-28.101635233849763
-42.80010707733173,-28.101282343538703
-42.79513477558956,-28.10092924879354
-42.79016247384739,-28.100575949531965
-42.78519017210521,-28.100222445671484
-42.78021787036304,-28.099868737129672
-42.77524556862086,-28.09951482382407
-42.77027326687869,-28.099160705672098
-42.76530096513651,-28.098806382591285
-42.76032866339434,-28.098451854499032
-42.75535636165217,-28.09809712131271
-42.75038405990999,-28.097742182949716
-42.74541175816782,-28.097387039327423
-42.74043945642564,-28.0970316903631
-42.73546715468347,-28.096676135974047
-42.73049485294129,-28.09632037607753
-42.72552255119912,-28.095964410590785
-42.72055024945695,-28.095608239430973
-42.71557794771477,-28.095251862515312
-42.7106056459726,-28.09489527976092
-42.70563334423042,-28.094538491084897
-42.70066104248825,-28.09418149640435
-42.69568874074608,-28.093824295636345
-42.6907164390039,-28.093466888697844
-42.68574413726173,-28.093109275505938
-42.68077183551955,-28.092751455977535
-42.67579953377738,-28.092393430029574
-42.6708272320352,-28.092035197579047
-42.66585493029303,-28.091676758542754
-42.66088262855086,-28.091318112837527
-42.65591032680868,-28.090959260380238
-42.65093802506651,-28.090600201087714
-42.64596572332433,-28.09024093487667
-42.64099342158216,-28.089881461663836
-42.63602111983998,-28.089521781365978
-42.63104881809781,-28.08916189389974
-42.62607651635564,-28.088801799181805
-42.62110421461346,-28.088441497128745
-42.61613191287129,-28.088080987657204
-42.61115961112911,-28.087720270683686
-42.60618730938694,-28.087359346124774
-42.60121500764477,-28.086998213896962
-42.59624270590259,-28.086636873916767
-42.59127040416042,-28.086275326100573
-42.58629810241824,-28.08591357036486
-42.58132580067607,-28.085551606625977
-42.57635349893389,-28.085189434800295
-42.57138119719172,-28.084827054804176
-42.56640889544955,-28.084464466553847
-42.56143659370737,-28.084101669965694
-42.5564642919652,-28.083738664955877
-42.55149199022302,-28.083375451440688
-42.54651968848085,-28.083012029336224
-42.54154738673867,-28.082648398558735
-42.5365750849965,-28.082284559024288
-42.53160278325433,-28.081920510649013
-42.52663048151215,-28.081556253348968
-42.52165817976998,-28.08119178704023
-42.5166858780278,-28.080827111638765
-42.51171357628563,-28.08046222706056
-42.50674127454346,-28.08009713322163
-42.50176897280128,-28.079731830037826
-42.49679667105911,-28.079366317425162
-42.49182436931693,-28.079000595299387
-42.48685206757476,-28.07863466357637
-42.48187976583258,-28.078268522171935
-42.47690746409041,-28.07790217100188
-42.47193516234824,-28.07753560998195
-42.46696286060606,-28.077168839027863
-42.46199055886389,-28.076801858055305
-42.45701825712171,-28.076434666979942
-42.45204595537954,-28.076067265717416
-42.44707365363736,-28.075699654183353
-42.44210135189519,-28.075331832293315
-42.43712905015302,-28.074963799962816
-42.43215674841084,-28.07459555710741
-42.42718444666867,-28.07422710364263
-42.42221214492649,-28.07385843948386
-42.41723984318432,-28.073489564546566
-42.41226754144215,-28.073120478746162
-42.40729523969997,-28.07275118199799
-42.4023229379578,-28.07238167421742
-42.39735063621562,-28.072011955319756
-42.39237833447345,-28.07164202522029
-42.38740603273127,-28.071271883834257
-42.3824337309891,-28.07090153107694
-42.37746142924693,-28.07053096686348
-42.37248912750475,-28.07016019110908
-42.36751682576258,-28.06978920372884
-42.3625445240204,-28.06941800463792
-42.35757222227823,-28.069046593751366
-42.35259992053605,-28.068674970984254
-42.34762761879388,-28.06830313625158
-42.34265531705171,-28.06793108946833
-42.33768301530953,-28.067558830549512
-42.33271071356736,-28.067186359410023
-42.32773841182518,-28.06681367596478
-42.32276611008301,-28.066440780128673
-42.31779380834084,-28.066067671816537
-42.31282150659866,-28.065694350943197
-42.30784920485649,-28.0653208174234
-42.30287690311431,-28.06494707117196
-42.29790460137214,-28.064573112103545
-42.29293229962996,-28.064198940132933
-42.28795999788779,-28.06382455517473
-42.28298769614562,-28.063449957143597
-42.27801539440344,-28.063075145954166
-42.27304309266127,-28.06270012152099
-42.26807079091909,-28.06232488375862
-42.26309848917692,-28.061949432581613
-42.25812618743474,-28.06157376790442
-42.25315388569257,-28.06119788964156
-42.2481815839504,-28.060821797707394
-42.24320928220822,-28.06044549201637
-42.23823698046605,-28.060068972482846
-42.23326467872387,-28.05969223902122
-42.2282923769817,-28.05931529154578
-42.22332007523953,-28.058938129970755
-42.21834777349735,-28.058560754210493
-42.21337547175518,-28.058183164179194
-42.208403170013,-28.057805359791008
-42.20343086827083,-28.057427340960153
-42.19845856652865,-28.05704910760077
-42.19348626478648,-28.05667065962696
-42.18851396304431,-28.05629199695278
-42.18354166130213,-28.055913119492324
-42.17856935955996,-28.055534027159613
-42.17359705781778,-28.055154719868593
-42.16862475607561,-28.054775197533235
-42.16365245433343,-28.054395460067507
-42.15868015259126,-28.05401550738531
-42.15370785084909,-28.053635339400476
-42.14873554910691,-28.053254956026873
-42.14376324736474,-28.05287435717834
-42.13879094562256,-28.052493542768634
-42.13381864388039,-28.052112512711535
-42.12884634213822,-28.051731266920747
-42.12387404039604,-28.051349805309943
-42.11890173865387,-28.050968127792842
-42.11392943691169,-28.05058623428305
-42.10895713516952,-28.050204124694186
-42.10398483342734,-28.049821798939803
-42.09901253168517,-28.04943925693349
-42.094040229943,-28.04905649858873
-42.08906792820082,-28.048673523819037
-42.08409562645865,-28.04829033253787
-42.07912332471647,-28.047906924658626
-42.0741510229743,-28.04752330009473
-42.06917872123212,-28.047139458759542
-42.06420641948995,-28.046755400566415
-42.05923411774778,-28.046371125428664
-42.0542618160056,-28.045986633259552
-42.04928951426343,-28.045601923972296
-42.04431721252125,-28.045216997480193
-42.03934491077908,-28.044831853696387
-42.03437260903691,-28.04444649253409
-42.02940030729473,-28.04406091390635
-42.02442800555256,-28.04367511772631
-42.01945570381038,-28.04328910390706
-42.01448340206821,-28.04290287236163
-42.00951110032603,-28.042516423003043
-42.00453879858386,-28.04212975574426
-41.99956649684168,-28.04174287049824
-41.99459419509951,-28.04135576717791
-41.98962189335734,-28.04096844569618
-41.98464959161516,-28.04058090596588
-41.97967728987299,-28.040193147899863
-41.97470498813081,-28.03980517141094
-41.96973268638864,-28.03941697641186
-41.96476038464647,-28.0390285628154
-41.95978808290429,-28.038639930534256
-41.95481578116212,-28.038251079481125
-41.94984347941994,-28.03786200956863
-41.94487117767777,-28.037472720709452
-41.9398988759356,-28.037083212816125
-41.93492657419342,-28.036693485801216
-41.92995427245125,-28.03630353957733
-41.92498197070907,-28.035913374056893
-41.9200096689669,-28.03552298915245
-41.91503736722473,-28.03513238477634
-41.91006506548255,-28.034741560841105
-41.90509276374037,-28.034350517259064
-41.9001204619982,-28.033959253942555
-41.89514816025603,-28.033567770803955
-41.89017585851385,-28.033176067755555
-41.88520355677168,-28.032784144709574
-41.8802312550295,-28.03239200157827
-41.87525895328733,-28.03199963827386
-41.87028665154516,-28.03160705470848
-41.86531434980298,-28.03121425079433
-41.86034204806081,-28.030821226443507
-41.85536974631863,-28.03042798156809
-41.85039744457646,-28.030034516080114
-41.84542514283429,-28.029640829891665
-41.84045284109211,-28.02924692291467
-41.83548053934994,-28.028852795061123
-41.83050823760776,-28.02845844624299
-41.82553593586559,-28.02806387637209
-41.82056363412342,-28.027669085360397
-41.81559133238124,-28.02727407311968
-41.81061903063906,-28.026878839561814
-41.80564672889689,-28.02648338459854
-41.80067442715472,-28.026087708141624
-41.79570212541254,-28.025691810102828
-41.79072982367037,-28.025295690393786
-41.78575752192819,-28.024899348926176
-41.78078522018602,-28.02450278561167
-41.77581291844385,-28.024106000361822
-41.77084061670167,-28.023708993088253
-41.7658683149595,-28.023311763702477
-41.76089601321732,-28.022914312116033
-41.75592371147515,-28.022516638240344
-41.75095140973298,-28.022118741986944
-41.7459791079908,-28.02172062326722
-41.74100680624863,-28.021322281992532
-41.73603450450645,-28.020923718074275
-41.73106220276428,-28.020524931423825
-41.72608990102211,-28.02012592195239
-41.72111759927993,-28.0197266895713
-41.71614529753775,-28.019327234191795
-41.71117299579558,-28.018927555725067
-41.70620069405341,-28.018527654082323
-41.70122839231123,-28.01812752917469
-41.69625609056906,-28.01772718091332
-41.69128378882688,-28.01732660920926
-41.68631148708471,-28.016925813973625
-41.68133918534254,-28.016524795117366
-41.67636688360036,-28.016123552551537
-41.67139458185819,-28.015722086187107
-41.66642228011601,-28.01532039593501
-41.66144997837384,-28.01491848170614
-41.65647767663167,-28.014516343411394
-41.65150537488949,-28.014113980961618
-41.64653307314732,-28.013711394267638
-41.64156077140514,-28.013308583240207
-41.63658846966297,-28.012905547790105
-41.6316161679208,-28.01250228782803
-41.62664386617862,-28.01209880326476
-41.62167156443644,-28.011695094010875
-41.61669926269427,-28.011291159977024
-41.6117269609521,-28.010887001073858
-41.60675465920992,-28.010482617211927
-41.60178235746775,-28.010078008301747
-41.59681005572557,-28.009673174253845
-41.5918377539834,-28.009268114978784
-41.58686545224123,-28.00886283038687
-41.58189315049905,-28.008457320388626
-41.57692084875688,-28.008051584894453
-41.5719485470147,-28.00764562381465
-41.56697624527253,-28.007239437059607
-41.56200394353036,-28.00683302453956
-41.55703164178818,-28.00642638616487
-41.55205934004601,-28.00601952184568
-41.54708703830383,-28.005612431492242
-41.54211473656166,-28.005205115014803
-41.537142434819486,-28.004797572323394
-41.53217013307731,-28.004389803328174
-41.52719783133513,-28.003981807939255
-41.52222552959296,-28.0035735860667
-41.51725322785079,-28.00316513762049
-41.51228092610861,-28.002756462510643
-41.50730862436644,-28.00234756064716
-41.50233632262426,-28.001938431939916
-41.49736402088209,-28.00152907629885
-41.49239171913992,-28.001119493633865
-41.48741941739774,-28.000709683854744
-41.48244711565557,-28.000299646871305
-41.47747481391339,-27.99988938259335
-41.47250251217122,-27.999478890930618
-41.46753021042905,-27.999068171792864
-41.46255790868687,-27.99865722508979
-41.4575856069447,-27.998246050730966
-41.45261330520252,-27.997834648626082
-41.44764100346035,-27.99742301868474
-41.442668701718176,-27.997011160816516
-41.437696399976,-27.99659907493093
-41.43272409823382,-27.99618676093747
-41.42775179649165,-27.99577421874559
-41.42277949474948,-27.995361448264834
-41.4178071930073,-27.994948449404525
-41.41283489126513,-27.99453522207409
-41.40786258952295,-27.994121766182868
-41.40289028778078,-27.99370808164019
-41.39791798603861,-27.99329416835534
-41.39294568429643,-27.99288002623757
-41.38797338255426,-27.992465655196145
-41.38300108081208,-27.992051055140223
-41.37802877906991,-27.991636225978986
-41.37305647732774,-27.991221167621568
-41.36808417558556,-27.99080587997709
-41.36311187384339,-27.990390362954628
-41.35813957210121,-27.9899746164632
-41.35316727035904,-27.98955864041188
-41.348194968616866,-27.98914243470959
-41.34322266687469,-27.988725999265323
-41.33825036513251,-27.988309333987992
-41.33327806339034,-27.987892438786492
-41.32830576164817,-27.987475313569657
-41.32333345990599,-27.987057958246318
-41.31836115816382,-27.98664037272534
-41.31338885642164,-27.986222556915397
-41.30841655467947,-27.985804510725306
-41.3034442529373,-27.985386234063746
-41.29847195119512,-27.984967726839386
-41.29349964945295,-27.98454898896087
-41.28852734771077,-27.984130020336824
-41.2835550459686,-27.9837108208758
-41.278582744226426,-27.983291390486436
-41.27361044248425,-27.98287172907714
-41.26863814074208,-27.982451836556454
-41.2636658389999,-27.982031712832864
-41.25869353725773,-27.981611357814774
-41.253721235515556,-27.981190771410596
-41.24874893377338,-27.98076995352865
-41.2437766320312,-27.98034890407732
-41.23880433028903,-27.97992762296491
-41.23383202854686,-27.979506110099678
-41.22885972680468,-27.979084365389877
-41.22388742506251,-27.97866238874375
-41.21891512332033,-27.978240180069378
-41.21394282157816,-27.977817739275004
-41.20897051983599,-27.977395066268713
-41.20399821809381,-27.97697216095865
-41.19902591635164,-27.97654902325278
-41.19405361460946,-27.97612565305916
-41.18908131286729,-27.97570205028582
-41.184109011125116,-27.97527821484068
-41.17913670938294,-27.97485414663175
-41.17416440764077,-27.974429845566824
-41.16919210589859,-27.9740053115539
-41.16421980415642,-27.97358054450067
-41.159247502414246,-27.973155544315063
-41.15427520067207,-27.97273031090482
-41.14930289892989,-27.972304844177696
-41.14433059718772,-27.971879144041353
-41.13935829544555,-27.97145321040356
-41.13438599370337,-27.971027043171908
-41.1294136919612,-27.97060064225404
-41.12444139021902,-27.97017400755754
-41.11946908847685,-27.969747138989998
-41.11449678673468,-27.969320036458935
-41.1095244849925,-27.968892699871848
-41.10455218325033,-27.96846512913616
-41.09957988150815,-27.968037324159347
-41.09460757976598,-27.96760928484882
-41.089635278023806,-27.96718101111195
-41.08466297628163,-27.966752502856053
-41.07969067453946,-27.966323759988462
-41.07471837279728,-27.965894782416463
-41.06974607105511,-27.965465570047282
-41.064773769312936,-27.96503612278817
-41.05980146757076,-27.964606440546284
-41.05482916582858,-27.96417652322882
-41.04985686408641,-27.96374637074284
-41.04488456234424,-27.963315982995507
-41.03991226060206,-27.962885359893818
-41.03493995885989,-27.96245450134484
-41.02996765711771,-27.96202340725556
-41.02499535537554,-27.961592077532963
-41.020023053633366,-27.961160512083968
-41.01505075189119,-27.96072871081551
-41.01007845014902,-27.960296673634407
-41.00510614840684,-27.959864400447525
-41.00013384666467,-27.959431891161742
-40.995161544922496,-27.95899914568377
-40.99018924318032,-27.958566163920338
-40.985216941438146,-27.958132945778218
-40.98024463969597,-27.957699491164067
-40.9752723379538,-27.957265799984555
-40.970300036211626,-27.956831872146317
-40.96532773446945,-27.956397707555908
-40.96035543272727,-27.955963306119926
-40.9553831309851,-27.95552866774487
-40.95041082924293,-27.95509379233728
-40.94543852750075,-27.954658679803583
-40.94046622575858,-27.95422333005023
-40.9354939240164,-27.953787742983636
-40.93052162227423,-27.953351918510133
-40.925549320532056,-27.952915856536116
-40.92057701878988,-27.952479556967877
-40.91560471704771,-27.95204301971168
-40.91063241530553,-27.951606244673776
-40.90566011356336,-27.95116923176038
-40.900687811821186,-27.950731980877716
-40.89571551007901,-27.95029449193187
-40.890743208336836,-27.94985676482902
-40.88577090659466,-27.94941879947522
-40.88079860485249,-27.948980595776607
-40.875826303110316,-27.94854215363908
-40.87085400136814,-27.948103472968715
-40.86588169962596,-27.94766455367146
-40.86090939788379,-27.94722539565326
-40.855937096141616,-27.94678599882001
-40.85096479439944,-27.946346363077563
-40.84599249265727,-27.945906488331747
-40.84102019091509,-27.94546637448842
-40.83604788917292,-27.945026021453312
-40.831075587430746,-27.944585429132225
-40.82610328568857,-27.944144597430785
-40.8211309839464,-27.94370352625478
-40.81615868220422,-27.94326221550973
-40.81118638046205,-27.942820665101337
-40.806214078719876,-27.94237887493518
-40.8012417769777,-27.9419368449168
-40.796269475235526,-27.941494574951705
-40.79129717349335,-27.941052064945445
-40.78632487175118,-27.94060931480341
-40.781352570009005,-27.940166324431072
-40.77638026826683,-27.93972309373377
-40.77140796652465,-27.939279622616944
-40.76643566478248,-27.93883591098588
-40.761463363040306,-27.93839195874589
-40.75649106129813,-27.937947765802306
-40.75151875955596,-27.937503332060267
-40.74654645781378,-27.93705865742502
-40.74157415607161,-27.936613741801732
-40.736601854329436,-27.936168585095544
-40.73162955258726,-27.935723187211593
-40.726657250845086,-27.935277548054938
-40.72168494910291,-27.93483166753064
-40.71671264736074,-27.9343855455437
-40.711740345618566,-27.933939181999115
-40.70676804387639,-27.93349257680183
-40.701795742134216,-27.93304572985675
-40.69682344039204,-27.932598641068854
-40.69185113864987,-27.93215131034286
-40.686878836907695,-27.93170373758369
-40.68190653516552,-27.931255922696103
-40.67693423342334,-27.93080786558487
-40.67196193168117,-27.93035956615472
-40.666989629938996,-27.929911024310368
-40.66201732819682,-27.929462239956457
-40.65704502645465,-27.929013212997646
-40.65207272471247,-27.928563943338524
-40.6471004229703,-27.928114430883642
-40.642128121228126,-27.927664675537585
-40.63715581948595,-27.927214677204834
-40.632183517743776,-27.92676443578988
-40.6272112160016,-27.926313951197127
-40.62223891425943,-27.925863223331046
-40.617266612517255,-27.925412252095988
-40.61229431077508,-27.924961037396272
-40.607322009032906,-27.924509579136267
-40.60234970729073,-27.92405787722024
-40.597377405548556,-27.923605931552455
-40.592405103806385,-27.92315374203709
-40.58743280206421,-27.92270130857839
-40.58246050032203,-27.922248631080464
-40.57748819857986,-27.921795709447487
-40.572515896837686,-27.921342543583524
-40.56754359509551,-27.920889133392645
-40.562571293353336,-27.92043547877885
-40.55759899161116,-27.919981579646155
-40.55262668986899,-27.919527435898576
-40.547654388126816,-27.91907304743999
-40.54268208638464,-27.91861841417428
-40.537709784642466,-27.918163536005387
-40.53273748290029,-27.917708412837055
-40.52776518115812,-27.917253044573208
-40.522792879415945,-27.916797431117505
-40.51782057767377,-27.916341572373778
-40.512848275931596,-27.915885468245712
-40.50787597418942,-27.91542911863695
-40.502903672447246,-27.91497252345119
-40.497931370705075,-27.914515682591986
-40.4929590689629,-27.914058595962988
-40.48798676722072,-27.913601263467662
-40.48301446547855,-27.913143685009608
-40.478042163736376,-27.912685860492264
-40.4730698619942,-27.912227789819116
-40.468097560252026,-27.911769472893543
-40.46312525850985,-27.911310909618997
-40.45815295676768,-27.910852099898758
-40.453180655025506,-27.910393043636226
-40.44820835328333,-27.909933740734612
-40.443236051541156,-27.90947419109729
-40.43826374979898,-27.90901439462738
-40.433291448056806,-27.90855435122815
-40.428319146314635,-27.908094060802735
-40.42334684457246,-27.907633523254265
-40.418374542830286,-27.907172738485833
-40.41340224108811,-27.906711706400554
-40.408429939345936,-27.906250426901398
-40.403457637603765,-27.905788899891448
-40.39848533586159,-27.9053271252736
-40.39351303411941,-27.904865102950822
-40.38854073237724,-27.90440283282605
-40.383568430635066,-27.903940314802103
-40.37859612889289,-27.903477548781908
-40.373623827150716,-27.90301453466816
-40.36865152540854,-27.90255127236375
-40.36367922366637,-27.902087761771366
-40.358706921924195,-27.901624002793724
-40.35373462018202,-27.901159995333526
-40.348762318439846,-27.90069573929342
-40.34379001669767,-27.900231234575966
-40.338817714955496,-27.899766481083866
-40.333845413213325,-27.899301478719572
-40.32887311147115,-27.89883622738564
-40.323900809728976,-27.898370726984524
-40.3189285079868,-27.89790497741878
-40.313956206244626,-27.897438978590746
-40.308983904502455,-27.89697273040281
-40.304011602760276,-27.896506232757353
-40.2990393010181,-27.896039485556738
-40.29406699927593,-27.895572488703177
-40.289094697533756,-27.89510524209902
-40.28412239579158,-27.89463774564645
-40.279150094049406,-27.89416999924766
-40.27417779230723,-27.893702002804833
-40.26920549056506,-27.893233756220102
-40.264233188822885,-27.892765259395553
-40.25926088708071,-27.89229651223329
-40.254288585338536,-27.891827514635267
-40.24931628359636,-27.891358266503598
-40.244343981854186,-27.890888767740172
-40.239371680112015,-27.890419018246945
-40.23439937836984,-27.889949017925872
-40.229427076627665,-27.889478766678746
-40.22445477488549,-27.889008264407476
-40.219482473143316,-27.88853751101386
-40.214510171401145,-27.888066506399625
-40.209537869658966,-27.887595250466546
-40.20456556791679,-27.887123743116387
-40.19959326617462,-27.886651984250726
-40.194620964432445,-27.886179973771277
-40.18964866269027,-27.88570771157964
-40.184676360948096,-27.885235197577394
-40.17970405920592,-27.88476243166609
-40.174731757463746,-27.88428941374725
-40.169759455721575,-27.883816143722367
-40.1647871539794,-27.883342621492833
-40.159814852237226,-27.88286884696014
-40.15484255049505,-27.882394820025645
-40.149870248752876,-27.881920540590727
-40.144897947010705,-27.881446008556676
-40.13992564526853,-27.880971223824773
-40.134953343526355,-27.880496186296295
-40.12998104178418,-27.880020895872452
-40.125008740042006,-27.87954535245446
-40.120036438299834,-27.879069555943452
-40.115064136557656,-27.878593506240573
-40.11009183481548,-27.878117203246898
-40.10511953307331,-27.877640646863508
-40.100147231331135,-27.877163836991425
-40.09517492958896,-27.876686773531613
-40.090202627846786,-27.876209456385084
-40.08523032610461,-27.875731885452748
-40.080258024362436,-27.875254060635502
-40.075285722620265,-27.874775981834212
-40.07031342087809,-27.87429764894972
-40.065341119135915,-27.873819061882802
-40.06036881739374,-27.87334022053423
-40.055396515651566,-27.87286112480474
-40.050424213909395,-27.872381774595087
-40.045451912167216,-27.871902169805846
-40.040479610425045,-27.87142231033773
-40.03550730868287,-27.870942196091306
-40.030535006940696,-27.870461826967144
-40.025562705198524,-27.86998120286579
-40.020590403456346,-27.869500323687753
-40.01561810171417,-27.869019189333482
-40.010645799971996,-27.868537799703457
-40.005673498229825,-27.868056154698074
-40.00070119648765,-27.867574254217686
-39.995728894745476,-27.867092098162686
-39.9907565930033,-27.866609686433325
-39.985784291261126,-27.866127018929877
-39.980811989518955,-27.865644095552632
-39.97583968777678,-27.865160916201752
-39.970867386034605,-27.86467748077746
-39.96589508429243,-27.86419378917987
-39.960922782550256,-27.86370984130911
-39.955950480808085,-27.863225637065234
-39.950978179065906,-27.862741176348347
-39.946005877323735,-27.862256459058376
-39.94103357558156,-27.861771485095367
-39.936061273839385,-27.861286254359282
-39.931088972097214,-27.86080076674996
-39.926116670355036,-27.86031502216737
-39.92114436861286,-27.8598290205113
-39.916172066870686,-27.85934276168156
-39.911199765128515,-27.858856245577993
-39.90622746338634,-27.85836947210031
-39.901255161644166,-27.85788244114824
-39.89628285990199,-27.857395152621425
-39.891310558159816,-27.85690760641961
-39.886338256417645,-27.856419802442318
-39.881365954675466,-27.855931740589188
-39.876393652933295,-27.855443420759777
-39.87142135119112,-27.854954842853573
-39.866449049448946,-27.854466006770078
-39.861476747706774,-27.853976912408733
-39.856504445964596,-27.853487559668988
-39.851532144222425,-27.852997948450223
-39.84655984248025,-27.852508078651784
-39.841587540738075,-27.852017950173
-39.836615238995904,-27.85152756291315
-39.831642937253726,-27.8510369167715
-39.82667063551155,-27.8505460116473
-39.821698333769376,-27.850054847439665
-39.816726032027205,-27.84956342404781
-39.81175373028503,-27.849071741370892
-39.806781428542855,-27.84857979930788
-39.80180912680068,-27.848087597757964
-39.796836825058506,-27.847595136620104
-39.791864523316335,-27.8471024157933
-39.786892221574156,-27.846609435176536
-39.781919919831985,-27.846116194668674
-39.77694761808981,-27.845622694168657
-39.771975316347635,-27.8451289335754
-39.767003014605464,-27.844634912787605
-39.762030712863286,-27.844140631704136
-39.757058411121115,-27.84364609022374
-39.752086109378936,-27.843151288245156
-39.747113807636765,-27.842656225667074
-39.742141505894594,-27.84216090238818
-39.737169204152416,-27.841665318307033
-39.73219690241024,-27.841169473322278
-39.727224600668066,-27.84067336733247
-39.722252298925895,-27.84017700023612
-39.71727999718372,-27.83968037193177
-39.712307695441545,-27.839183482317818
-39.70733539369937,-27.838686331292738
-39.702363091957196,-27.83818891875492
-39.697390790215024,-27.8376912446027
-39.692418488472846,-27.83719330873444
-39.687446186730675,-27.83669511104841
-39.6824738849885,-27.836196651442883
-39.677501583246325,-27.835697929816106
-39.672529281504154,-27.83519894606626
-39.667556979761976,-27.834699700091498
-39.662584678019805,-27.83420019178996
-39.657612376277626,-27.83370042105973
-39.652640074535455,-27.833200387798897
-39.647667772793284,-27.83270009190549
-39.642695471051105,-27.83219953327748
-39.63772316930893,-27.831698711812862
-39.632750867566756,-27.83119762740951
-39.627778565824585,-27.830696279965366
-39.622806264082406,-27.83019466937832
-39.617833962340235,-27.829692795546126
-39.61286166059806,-27.829190658366645
-39.607889358855886,-27.828688257737603
-39.602917057113714,-27.82818559355677
-39.597944755371536,-27.827682665721806
-39.592972453629365,-27.827179474130368
-39.58800015188719,-27.826676018680132
-39.583027850145015,-27.826172299268663
-39.578055548402844,-27.825668315793532
-39.573083246660666,-27.82516406815225
-39.568110944918494,-27.824659556242338
-39.563138643176316,-27.824154779961262
-39.558166341434145,-27.82364973920645
-39.553194039691974,-27.823144433875303
-39.548221737949795,-27.822638863865112
-39.54324943620762,-27.822133029073314
-39.538277134465446,-27.821626929397116
-39.533304832723275,-27.82112056473384
-39.528332530981096,-27.8206139349807
-39.523360229238925,-27.820107040034877
-39.51838792749675,-27.819599879793543
-39.513415625754575,-27.819092454153825
-39.508443324012404,-27.81858476301287
-39.503471022270226,-27.81807680626766
-39.498498720528055,-27.81756858381522
-39.493526418785876,-27.81706009555262
-39.488554117043705,-27.816551341376776
-39.483581815301534,-27.81604232118461
-39.478609513559356,-27.815533034873024
-39.473637211817184,-27.8150234823389
-39.468664910075006,-27.81451366347903
-39.463692608332835,-27.814003578190228
-39.45872030659066,-27.813493226369257
-39.453748004848485,-27.812982607912847
-39.44877570310631,-27.81247172271768
-39.443803401364136,-27.8119605706804
-39.438831099621964,-27.811449151697655
-39.433858797879786,-27.810937465666036
-39.428886496137615,-27.810425512482094
-39.42391419439544,-27.809913292042342
-39.418941892653265,-27.80940080424331
-39.413969590911094,-27.80888804898144
-39.408997289168916,-27.808375026153133
-39.404024987426745,-27.807861735654804
-39.399052685684566,-27.807348177382814
-39.394080383942395,-27.80683435123345
-39.389108082200224,-27.806320257103046
-39.384135780458045,-27.805805894887815
-39.379163478715874,-27.80529126448403
-39.374191176973696,-27.804776365787855
-39.369218875231525,-27.80426119869541
-39.36424657348935,-27.803745763102842
-39.359274271747175,-27.80323005890629
-39.354301970005,-27.802714086001725
-39.349329668262826,-27.802197844285214
-39.344357366520654,-27.801681333652763
-39.339385064778476,-27.80116455400029
-39.334412763036305,-27.800647505223726
-39.329440461294126,-27.80013018721892
-39.324468159551955,-27.799612599881765
-39.319495857809784,-27.799094743108068
-39.314523556067606,-27.798576616793625
-39.309551254325434,-27.798058220834147
-39.304578952583256,-27.797539555125415
-39.299606650841085,-27.797020619563042
-39.294634349098914,-27.796501414042723
-39.289662047356735,-27.795981938460066
-39.284689745614564,-27.795462192710627
-39.279717443872386,-27.794942176689997
-39.274745142130215,-27.794421890293656
-39.26977284038804,-27.793901333417086
-39.264800538645865,-27.79338050595575
-39.25982823690369,-27.792859407805036
-39.254855935161515,-27.79233803886034
-39.249883633419344,-27.79181639901702
-39.244911331677166,-27.79129448817036
-39.239939029934995,-27.79077230621566
-39.234966728192816,-27.790249853048124
-39.229994426450645,-27.78972712856302
-39.225022124708474,-27.789204132655463
-39.220049822966295,-27.788680865220613
-39.215077521224124,-27.78815732615359
-39.210105219481946,-27.78763351534947
-39.205132917739775,-27.787109432703286
-39.2001606159976,-27.786585078110026
-39.195188314255425,-27.786060451464692
-39.190216012513254,-27.785535552662214
-39.185243710771076,-27.78501038159749
-39.180271409028904,-27.784484938165374
-39.17529910728673,-27.78395922226071
-39.170326805544555,-27.78343323377831
-39.16535450380238,-27.782906972612967
-39.160382202060205,-27.78238043865934
-39.155409900318034,-27.781853631812183
-39.150437598575856,-27.781326551966174
-39.145465296833684,-27.780799199015906
-39.140492995091506,-27.780271572856034
-39.135520693349335,-27.77974367338103
-39.130548391607164,-27.779215500485513
-39.125576089864985,-27.778687054063955
-39.120603788122814,-27.77815833401076
-39.115631486380636,-27.777629340220415
-39.110659184638465,-27.777100072587302
-39.10568688289629,-27.776570531005795
-39.100714581154115,-27.77604071537018
-39.095742279411944,-27.775510625574764
-39.090769977669765,-27.774980261513843
-39.085797675927594,-27.77444962308158
-39.08082537418542,-27.773918710172207
-39.075853072443245,-27.77338752267986
-39.070880770701066,-27.772856060498658
-39.065908468958895,-27.772324323522703
-39.060936167216724,-27.771792311646024
-39.055963865474546,-27.77126002476266
-39.050991563732374,-27.77072746276661
-39.046019261990196,-27.770194625551756
-39.041046960248025,-27.769661513012085
-39.036074658505854,-27.76912812504146
-39.031102356763675,-27.768594461533713
-39.026130055021504,-27.76806052238268
-39.021157753279326,-27.767526307482104
-39.016185451537154,-27.766991816725774
-39.01121314979498,-27.766457050007396
-39.006240848052805,-27.765922007220613
-39.001268546310634,-27.765386688259085
-38.996296244568455,-27.764851093016414
-38.991323942826284,-27.764315221386187
-38.98635164108411,-27.76377907326198
-38.981379339341935,-27.76324264853719
-38.976407037599756,-27.762705947105385
-38.971434735857585,-27.76216896885998
-38.966462434115414,-27.76163171369435
-38.961490132373235,-27.761094181501907
-38.956517830631064,-27.760556372175955
-38.951545528888886,-27.760018285609803
-38.946573227146715,-27.75947992169669
-38.94160092540454,-27.758941280329875
-38.936628623662365,-27.758402361402567
-38.931656321920194,-27.757863164807894
-38.926684020178016,-27.757323690439016
-38.921711718435844,-27.756783938189006
-38.91673941669367,-27.75624390795093
-38.911767114951495,-27.755703599617824
-38.90679481320932,-27.755163013082687
-38.901822511467145,-27.754622148238447
-38.896850209724974,-27.754081004978023
-38.8918779079828,-27.75353958319433
-38.886905606240624,-27.752997882780203
-38.881933304498446,-27.752455903628473
-38.876961002756275,-27.75191364563191
-38.871988701014104,-27.75137110868329
-38.867016399271925,-27.750828292675287
-38.862044097529754,-27.750285197500606
-38.857071795787576,-27.749741823051938
-38.852099494045405,-27.74919816922181
-38.84712719230323,-27.748654235902865
-38.842154890561055,-27.7481100229876
-38.837182588818884,-27.747565530368572
-38.832210287076705,-27.747020757938238
-38.827237985334534,-27.746475705589035
-38.82226568359236,-27.74593037321336
-38.817293381850185,-27.745384760703566
-38.81232108010801,-27.744838867952044
-38.807348778365835,-27.74429269485107
-38.802376476623664,-27.743746241292925
-38.79740417488149,-27.743199507169784
-38.792431873139314,-27.742652492373935
-38.787459571397136,-27.74210519679746
-38.782487269654965,-27.741557620332536
-38.77751496791279,-27.741009762871247
-38.772542666170615,-27.740461624305645
-38.767570364428444,-27.73991320452776
-38.762598062686266,-27.73936450342961
-38.757625760944094,-27.73881552090312
-38.75265345920192,-27.738266256840223
-38.747681157459745,-27.737716711132812
-38.742708855717574,-27.737166883672746
-38.737736553975395,-27.736616774351816
-38.732764252233224,-27.73606638306181
-38.72779195049105,-27.7355157096945
-38.722819648748874,-27.734964754141608
-38.7178473470067,-27.7344135162948
-38.712875045264525,-27.73386199604569
-38.707902743522354,-27.733310193285934
-38.70293044178018,-27.732758107907113
-38.697958140038004,-27.73220573980074
-38.692985838295826,-27.731653088858288
-38.688013536553655,-27.731100154971312
-38.68304123481148,-27.73054693803119
-38.678068933069305,-27.729993437929338
-38.673096631327134,-27.729439654557165
-38.668124329584955,-27.728885587805927
-38.663152027842784,-27.728331237566977
-38.65817972610061,-27.727776603731595
-38.653207424358435,-27.727221686190948
-38.64823512261626,-27.726666484836276
-38.643262820874085,-27.726110999558745
-38.638290519131914,-27.72555523024944
-38.63331821738974,-27.724999176799482
-38.628345915647564,-27.724442839099936
-38.62337361390539,-27.723886217041787
-38.618401312163215,-27.723329310516046
-38.613429010421044,-27.722772119413673
-38.60845670867887,-27.72221464362556
-38.603484406936694,-27.721656883042584
-38.598512105194516,-27.721098837555598
-38.593539803452344,-27.720540507055457
-38.58856750171017,-27.719981891432894
-38.583595199967995,-27.719422990578654
-38.578622898225824,-27.71886380438346
-38.573650596483645,-27.718304332737986
-38.568678294741474,-27.71774457553283
-38.5637059929993,-27.71718453265867
-38.558733691257125,-27.716624204006028
-38.55376138951495,-27.716063589465396
-38.548789087772775,-27.71550268892737
-38.543816786030604,-27.714941502282333
-38.53884448428843,-27.71438002942075
-38.533872182546254,-27.71381827023299
-38.52889988080408,-27.713256224609438
-38.523927579061905,-27.712693892440434
-38.51895527731973,-27.712131273616233
-38.51398297557756,-27.711568368027073
-38.509010673835384,-27.71100517556322
-38.504038372093206,-27.71044169611483
-38.499066070351034,-27.709877929572077
-38.49409376860886,-27.709313875825025
-38.489121466866685,-27.708749534763815
-38.484149165124514,-27.70818490627845
-38.479176863382335,-27.70761999025899
-38.474204561640164,-27.70705478659532
-38.46923225989799,-27.70648929517746
-38.464259958155814,-27.70592351589529
-38.45928765641364,-27.70535744863867
-38.454315354671465,-27.704791093297448
-38.449343052929294,-27.704224449761437
-38.44437075118712,-27.703657517920348
-38.439398449444944,-27.70309029766395
-38.43442614770277,-27.702522788881947
-38.429453845960595,-27.70195499146399
-38.42448154421842,-27.70138690529968
-38.41950924247625,-27.700818530278635
-38.414536940734074,-27.700249866290388
-38.409564638991895,-27.69968091322449
-38.404592337249724,-27.699111670970392
-38.39962003550755,-27.698542139417558
-38.394647733765375,-27.697972318455395
-38.3896754320232,-27.697402207973298
-38.384703130281025,-27.69683180786061
-38.379730828538854,-27.69626111800661
-38.37475852679668,-27.695690138300584
-38.369786225054504,-27.695118868631805
-38.36481392331233,-27.694547308889423
-38.359841621570155,-27.693975458962615
-38.35486931982798,-27.69340331874057
-38.34989701808581,-27.692830888112326
-38.344924716343634,-27.692258166966994
-38.33995241460146,-27.691685155193568
-38.334980112859284,-27.691111852681033
-38.33000781111711,-27.69053825931836
-38.32503550937494,-27.689964374994478
-38.320063207632764,-27.68939019959828
-38.315090905890585,-27.68881573301857
-38.310118604148414,-27.68824097514424
-38.30514630240624,-27.687665925864007
-38.300174000664065,-27.687090585066628
-38.29520169892189,-27.686514952640856
-38.290229397179715,-27.685939028475303
-38.285257095437544,-27.685362812458678
-38.28028479369537,-27.684786304479537
-38.275312491953194,-27.684209504426462
-38.27034019021102,-27.68363241218798
-38.265367888468845,-27.68305502765262
-38.26039558672667,-27.68247735070883
-38.2554232849845,-27.681899381245003
-38.250450983242324,-27.68132111914958
-38.24547868150015,-27.6807425643109
-38.240506379757974,-27.680163716617276
-38.2355340780158,-27.679584575957037
-38.23056177627363,-27.679005142218376
-38.22558947453145,-27.678425415289556
-38.220617172789275,-27.677845395058732
-38.215644871047104,-27.67726508141407
-38.21067256930493,-27.676684474243686
-38.205700267562754,-27.676103573435615
-38.20072796582058,-27.675522378877915
-38.195755664078405,-27.67494089045861
-38.190783362336234,-27.67435910806564
-38.18581106059406,-27.673777031586987
-38.180838758851884,-27.67319466091053
-38.17586645710971,-27.672611995924054
-38.170894155367534,-27.672029036515497
-38.16592185362536,-27.6714457825726
-38.16094955188319,-27.67086223398313
-38.155977250141014,-27.67027839063478
-38.15100494839884,-27.669694252415315
-38.146032646656664,-27.66910981921227
-38.14106034491449,-27.66852509091337
-38.13608804317232,-27.667940067406104
-38.13111574143014,-27.66735474857808
-38.126143439687965,-27.666769134316763
-38.121171137945794,-27.666183224509666
-38.11619883620362,-27.6655970190442
-38.111226534461444,-27.66501051780778
-38.10625423271927,-27.664423720687754
-38.101281930977095,-27.663836627571477
-38.09630962923492,-27.663249238346225
-38.09133732749275,-27.662661552899298
-38.086365025750574,-27.662073571117844
-38.0813927240084,-27.661485292889125
-38.076420422266224,-27.660896718100254
-38.07144812052405,-27.660307846638364
-38.06647581878188,-27.65971867839054
-38.061503517039704,-27.659129213243837
-38.05653121529753,-27.658539451085204
-38.051558913555354,-27.65794939180171
-38.04658661181318,-27.657359035280226
-38.04161431007101,-27.6567683814077
-38.03664200832883,-27.65617743007096
-38.031669706586655,-27.65558618115689
-38.026697404844484,-27.654994634552256
-38.02172510310231,-27.654402790143784
-38.016752801360134,-27.653810647818272
-38.01178049961796,-27.65321820746236
-38.006808197875785,-27.65262546896272
-38.00183589613361,-27.652032432205964
-37.99686359439144,-27.65143909707871
-37.991891292649264,-27.650845463467487
-37.98691899090709,-27.65025153125876
-37.981946689164914,-27.649657300339037
-37.97697438742274,-27.649062770594828
-37.97200208568057,-27.648467941912422
-37.96702978393839,-27.647872814178264
-37.96205748219622,-27.647277387278677
-37.957085180454044,-27.646681661099926
-37.95211287871187,-27.64608563552831
-37.9471405769697,-27.64548931045005
-37.94216827522752,-27.6448926857513
-37.937195973485345,-27.64429576131826
-37.932223671743174,-27.643698537037043
-37.927251370001,-27.643101012793732
-37.922279068258824,-27.64250318847436
-37.91730676651665,-27.641905063964952
-37.912334464774474,-27.641306639151473
-37.9073621630323,-27.640707913919876
-37.90238986129013,-27.640108888156053
-37.897417559547954,-27.639509561745854
-37.89244525780578,-27.63890993457519
-37.887472956063604,-27.63831000652977
-37.88250065432143,-27.637709777495388
-37.87752835257926,-27.637109247357795
-37.87255605083708,-27.636508416002616
-37.86758374909491,-27.635907283315625
-37.862611447352734,-27.63530584918231
-37.85763914561056,-27.6347041134883
-37.85266684386839,-27.634102076119188
-37.84769454212621,-27.633499736960392
-37.842722240384035,-27.63289709589747
-37.83774993864186,-27.632294152815827
-37.83277763689969,-27.631690907600877
-37.827805335157514,-27.631087360137958
-37.82283303341534,-27.630483510312455
-37.817860731673164,-27.62987935800961
-37.81288842993099,-27.62927490311469
-37.80791612818882,-27.62867014551296
-37.80294382644664,-27.628065085089567
-37.79797152470447,-27.6274597217297
-37.792999222962294,-27.626854055318407
-37.78802692122012,-27.626248085740844
-37.78305461947795,-27.62564181288199
-37.77808231773577,-27.625035236626882
-37.7731100159936,-27.62442835686051
-37.768137714251424,-27.623821173467796
-37.76316541250925,-27.62321368633362
-37.75819311076708,-27.622605895342897
-37.7532208090249,-27.62199780038038
-37.748248507282725,-27.62138940133094
-37.74327620554055,-27.620780698079255
-37.73830390379838,-27.62017169051009
-37.733331602056204,-27.619562378508135
-37.72835930031403,-27.618952761957996
-37.723386998571854,-27.61834284074433
-37.71841469682968,-27.617732614751706
-37.71344239508751,-27.617122083864658
-37.70847009334533,-27.616511247967658
-37.70349779160316,-27.61590010694521
-37.698525489860984,-27.61528866068174
-37.69355318811881,-27.614676909061632
-37.68858088637664,-27.614064851969236
-37.68360858463446,-27.61345248928893
-37.67863628289229,-27.612839820904902
-37.67366398115011,-27.612226846701525
-37.66869167940794,-27.611613566562927
-37.66371937766577,-27.610999980373283
-37.65874707592359,-27.61038608801678
-37.653774774181414,-27.609771889377512
-37.64880247243924,-27.60915738433951
-37.64383017069707,-27.608542572786867
-37.638857868954894,-27.607927454603555
-37.63388556721272,-27.60731202967351
-37.628913265470544,-27.606696297880724
-37.62394096372837,-27.60608025910902
-37.6189686619862,-27.60546391324225
-37.61399636024402,-27.60484726016429
-37.60902405850185,-27.60423029975886
-37.604051756759674,-27.603613031909763
-37.5990794550175,-27.602995456500665
-37.59410715327533,-27.60237757341522
-37.58913485153315,-27.601759382537125
-37.58416254979098,-27.601140883749913
-37.5791902480488,-27.60052207693721
-37.57421794630663,-27.59990296198249
-37.56924564456446,-27.599283538769285
-37.56427334282228,-27.59866380718101
-37.559301041080104,-27.59804376710109
-37.55432873933793,-27.59742341841296
-37.54935643759576,-27.596802760999907
-37.54438413585358,-27.59618179474524
-37.53941183411141,-27.595560519532267
-37.534439532369234,-27.594938935244198
-37.52946723062706,-27.59431704176425
-37.52449492888489,-27.593694838975605
-37.51952262714271,-27.593072326761337
-37.51455032540054,-27.592449505004573
-37.509578023658364,-27.59182637358837
-37.50460572191619,-27.59120293239572
-37.49963342017402,-27.590579181309614
-37.49466111843184,-27.589955120213034
-37.48968881668967,-27.589330748988836
-37.48471651494749,-27.588706067519926
-37.47974421320532,-27.588081075689164
-37.47477191146315,-27.58745577337929
-37.46979960972097,-27.586830160473113
-37.464827307978794,-27.586204236853312
-37.45985500623662,-27.585578002402638
-37.45488270449445,-27.584951457003704
-37.44991040275227,-27.584324600539155
-37.4449381010101,-27.58369743289156
-37.439965799267924,-27.583069953943458
-37.43499349752575,-27.582442163577376
-37.43002119578358,-27.581814061675765
-37.4250488940414,-27.581185648121068
-37.42007659229923,-27.58055692279567
-37.41510429055705,-27.57992788558199
-37.41013198881488,-27.57929853636229
-37.40515968707271,-27.578668875018888
-37.40018738533053,-27.57803890143404
-37.39521508358836,-27.577408615489972
-37.39024278184618,-27.576778017068833
-37.38527048010401,-27.576147106052762
-37.38029817836184,-27.57551588232392
-37.37532587661966,-27.574884345764353
-37.370353574877484,-27.574252496256076
-37.36538127313531,-27.57362033368111
-37.36040897139314,-27.57298785792138
-37.35543666965096,-27.572355068858858
-37.35046436790879,-27.571721966375385
-37.345492066166614,-27.571088550352847
-37.34051976442444,-27.570454820673078
-37.33554746268227,-27.56982077721782
-37.33057516094009,-27.56918641986877
-37.32560285919792,-27.568551748507744
-37.32063055745574,-27.567916763016342
-37.31565825571357,-27.567281463276185
-37.3106859539714,-27.566645849168918
-37.30571365222922,-27.566009920576057
-37.30074135048705,-27.56537367737913
-37.29576904874487,-27.564737119459622
-37.2907967470027,-27.564100246698995
-37.28582444526053,-27.563463058978677
-37.28085214351835,-27.562825556179984
-37.275879841776174,-27.562187738184342
-37.270907540034,-27.56154960487297
-37.26593523829183,-27.560911156127162
-37.26096293654965,-27.56027239182817
-37.25599063480748,-27.55963331185716
-37.2510183330653,-27.55899391609533
-37.24604603132313,-27.55835420442372
-37.24107372958096,-27.55771417672347
-37.23610142783878,-27.55707383287562
-37.23112912609661,-27.556433172761135
-37.22615682435443,-27.55579219626105
-37.22118452261226,-27.555150903256237
-37.21621222087009,-27.55450929362769
-37.21123991912791,-27.553867367256146
-37.20626761738574,-27.5532251240225
-37.20129531564356,-27.552582563807558
-37.19632301390139,-27.55193968649199
-37.19135071215922,-27.551296491956634
-37.18637841041704,-27.550652980082067
-37.181406108674864,-27.55000915074892
-37.17643380693269,-27.54936500383791
-37.17146150519052,-27.548720539229464
-37.16648920344834,-27.548075756804213
-37.16151690170617,-27.547430656442582
-37.15654459996399,-27.54678523802509
-37.15157229822182,-27.54613950143211
-37.14659999647965,-27.54549344654407
-37.14162769473747,-27.54484707324126
-37.1366553929953,-27.544200381403996
-37.13168309125312,-27.543553370912598
-37.12671078951095,-27.54290604164729
-37.12173848776878,-27.542258393488233
-37.1167661860266,-27.541610426315593
-37.11179388428443,-27.540962140009558
-37.10682158254225,-27.540313534450142
-37.10184928080008,-27.539664609517427
-37.09687697905791,-27.539015365091373
-37.09190467731573,-27.538365801052045
-37.086932375573554,-27.537715917279364
-37.08196007383138,-27.537065713653174
-37.07698777208921,-27.5364151900534
-37.07201547034703,-27.53576434635983
-37.06704316860486,-27.5351131824523
-37.06207086686268,-27.534461698210535
-37.05709856512051,-27.533809893514253
-37.05212626337834,-27.533157768243143
-37.04715396163616,-27.532505322276858
-37.04218165989399,-27.53185255549499
-37.03720935815181,-27.531199467777125
-37.03223705640964,-27.53054605900275
-37.02726475466747,-27.529892329051414
-37.02229245292529,-27.52923827780257
-37.01732015118312,-27.528583905135623
-37.01234784944094,-27.52792921092995
-37.00737554769877,-27.527274195064944
-37.0024032459566,-27.52661885741984
-36.99743094421442,-27.52596319787397
-36.99245864247224,-27.52530721630657
-36.98748634073007,-27.52465091259682
-36.9825140389879,-27.52399428662389
-36.97754173724572,-27.523337338266895
-36.97256943550355,-27.522680067404934
-36.96759713376137,-27.52202247391707
-36.9626248320192,-27.52136455768231
-36.95765253027703,-27.52070631857961
-36.95268022853485,-27.52004775648789
-36.94770792679268,-27.519388871286132
-36.9427356250505,-27.518729662853136
-36.93776332330833,-27.518070131067798
-36.93279102156616,-27.51741027580882
-36.92781871982398,-27.516750096954983
-36.92284641808181,-27.516089594385072
-36.91787411633963,-27.5154287679777
-36.91290181459746,-27.514767617611504
-36.90792951285529,-27.51410614316513
-36.90295721111311,-27.51344434451711
-36.89798490937093,-27.51278222154603
-36.89301260762876,-27.51211977413033
-36.88804030588659,-27.511457002148468
-36.88306800414441,-27.510793905478888
-36.87809570240224,-27.51013048399996
-36.87312340066006,-27.50946673759001
-36.86815109891789,-27.508802666127394
-36.86317879717572,-27.508138269490342
-36.85820649543354,-27.507473547557147
-36.85323419369137,-27.5068085002059
-36.84826189194919,-27.50614312731485
-36.84328959020702,-27.505477428762102
-36.83831728846485,-27.504811404425702
-36.83334498672267,-27.504145054183716
-36.8283726849805,-27.503478377914142
-36.82340038323832,-27.502811375494982
-36.81842808149615,-27.50214404680418
-36.81345577975398,-27.501476391719606
-36.8084834780118,-27.500808410119106
-36.80351117626962,-27.500140101880564
-36.79853887452745,-27.4994714668817
-36.79356657278528,-27.498802505000274
-36.7885942710431,-27.49813321611402
-36.78362196930093,-27.497463600100613
-36.77864966755875,-27.496793656837667
-36.77367736581658,-27.496123386202804
-36.76870506407441,-27.495452788073578
-36.76373276233223,-27.494781862327475
-36.75876046059006,-27.494110608842043
-36.75378815884788,-27.493439027494716
-36.74881585710571,-27.49276711816286
-36.74384355536354,-27.492094880723926
-36.73887125362136,-27.491422315055175
-36.73389895187919,-27.490749421033957
-36.72892665013701,-27.490076198537505
-36.72395434839484,-27.489402647443054
-36.71898204665267,-27.488728767627812
-36.71400974491049,-27.4880545589689
-36.70903744316831,-27.487380021343427
-36.70406514142614,-27.48670515462852
-36.69909283968397,-27.486029958701153
-36.69412053794179,-27.485354433438356
-36.68914823619962,-27.4846785787171
-36.68417593445744,-27.484002394414297
-36.67920363271527,-27.483325880406795
-36.6742313309731,-27.48264903657157
-36.66925902923092,-27.481971862785265
-36.66428672748875,-27.481294358924796
-36.65931442574657,-27.480616524866814
-36.6543421240044,-27.479938360488052
-36.64936982226223,-27.479259865665195
-36.64439752052005,-27.47858104027481
-36.63942521877788,-27.477901884193532
-36.6344529170357,-27.477222397297908
-36.62948061529353,-27.476542579464425
-36.62450831355136,-27.47586243056956
-36.61953601180918,-27.475181950489784
-36.614563710067,-27.474501139101445
-36.60959140832483,-27.47381999628095
-36.60461910658266,-27.47313852190461
-36.59964680484048,-27.4724567158487
-36.59467450309831,-27.471774577989486
-36.58970220135613,-27.47109210820316
-36.58472989961396,-27.47040930636594
-36.57975759787179,-27.469726172353905
-36.57478529612961,-27.469042706043165
-36.56981299438744,-27.46835890730981
-36.56484069264526,-27.46767477602987
-36.55986839090309,-27.466990312079247
-36.55489608916092,-27.466305515334007
-36.54992378741874,-27.465620385669993
-36.54495148567657,-27.464934922963057
-36.53997918393439,-27.4642491270891
-36.53500688219222,-27.463562997923862
-36.53003458045005,-27.462876535343135
-36.52506227870787,-27.462189739222605
-36.52008997696569,-27.461502609437986
-36.51511767522352,-27.460815145864935
-36.51014537348135,-27.460127348379075
-36.50517307173917,-27.45943921685589
-36.500200769997,-27.45875075117098
-36.49522846825482,-27.458061951199877
-36.49025616651265,-27.457372816817944
-36.48528386477048,-27.45668334790068
-36.4803115630283,-27.45599354432342
-36.47533926128613,-27.455303405961516
-36.47036695954395,-27.45461293269029
-36.46539465780178,-27.453922124384995
-36.46042235605961,-27.4532309809209
-36.45545005431743,-27.45253950217313
-36.45047775257526,-27.451847688016922
-36.44550545083308,-27.451155538327335
-36.44053314909091,-27.450463052979437
-36.43556084734874,-27.449770231848312
-36.43058854560656,-27.449077074808972
-36.42561624386438,-27.448383581736334
-36.42064394212221,-27.44768975250536
-36.41567164038004,-27.446995586990937
-36.41069933863786,-27.446301085067912
-36.40572703689569,-27.4456062466111
-36.40075473515351,-27.4449110714953
-36.39578243341134,-27.444215559595218
-36.39081013166917,-27.44351971078556
-36.38583782992699,-27.44282352494098
-36.38086552818482,-27.442127001936168
-36.37589322644264,-27.44143014164561
-36.37092092470047,-27.44073294394393
-36.3659486229583,-27.440035408705622
-36.36097632121612,-27.439337535805162
-36.35600401947395,-27.438639325116995
-36.35103171773177,-27.437940776515457
-36.3460594159896,-27.43724188987498
-36.34108711424743,-27.43654266506987
-36.33611481250525,-27.435843101974378
-36.33114251076307,-27.435143200462768
-36.3261702090209,-27.43444296040931
-36.32119790727873,-27.433742381688056
-36.31622560553655,-27.43304146417321
-36.31125330379438,-27.43234020773887
-36.3062810020522,-27.43163861225909
-36.30130870031003,-27.43093667760784
-36.29633639856786,-27.43023440365915
-36.29136409682568,-27.42953179028693
-36.28639179508351,-27.428828837365124
-36.28141949334133,-27.428125544767553
-36.27644719159916,-27.42742191236808
-36.27147488985699,-27.426717940040476
-36.26650258811481,-27.426013627658513
-36.26153028637264,-27.42530897509586
-36.25655798463046,-27.42460398222623
-36.25158568288829,-27.42389864892326
-36.24661338114612,-27.423192975060537
-36.24164107940394,-27.42248696051163
-36.23666877766176,-27.42178060515005
-36.23169647591959,-27.42107390884928
-36.22672417417742,-27.420366871482788
-36.22175187243524,-27.419659492923977
-36.21677957069307,-27.418951773046217
-36.21180726895089,-27.418243711722834
-36.20683496720872,-27.417535308827105
-36.20186266546655,-27.4168265642323
-36.19689036372437,-27.41611747781167
-36.1919180619822,-27.415408049438373
-36.18694576024002,-27.41469827898552
-36.18197345849785,-27.413988166326263
-36.17700115675568,-27.413277711333638
-36.1720288550135,-27.412566913880656
-36.16705655327133,-27.41185577384034
-36.16208425152915,-27.41114429108565
-36.15711194978698,-27.41043246548947
-36.15213964804481,-27.409720296924682
-36.14716734630263,-27.409007785264123
-36.14219504456045,-27.408294930380578
-36.13722274281828,-27.407581732146845
-36.13225044107611,-27.406868190435564
-36.12727813933393,-27.406154305119532
-36.12230583759176,-27.405440076071315
-36.11733353584958,-27.404725503163547
-36.11236123410741,-27.404010586268804
-36.10738893236524,-27.403295325259595
-36.10241663062306,-27.402579720008404
-36.09744432888089,-27.401863770387695
-36.09247202713871,-27.401147476269912
-36.08749972539654,-27.400430837527406
-36.08252742365437,-27.39971385403252
-36.07755512191219,-27.398996525657548
-36.07258282017002,-27.398278852274746
-36.06761051842784,-27.397560833756387
-36.06263821668567,-27.396842469974565
-36.0576659149435,-27.396123760801487
-36.05269361320132,-27.3954047061093
-36.04772131145914,-27.394685305770018
-36.04274900971697,-27.393965559655676
-36.0377767079748,-27.393245467638287
-36.03280440623262,-27.392525029589784
-36.02783210449045,-27.391804245382094
-36.02285980274827,-27.39108311488708
-36.0178875010061,-27.390361637976653
-36.01291519926393,-27.389639814522546
-36.00794289752175,-27.3889176443965
-36.00297059577958,-27.388195127470322
-35.9979982940374,-27.387472263615592
-35.99302599229523,-27.3867490527041
-35.98805369055306,-27.386025494607342
-35.98308138881088,-27.385301589196906
-35.97810908706871,-27.384577336344385
-35.97313678532653,-27.383852735921188
-35.96816448358436,-27.38312778779883
-35.96319218184219,-27.382402491848723
-35.95821988010001,-27.381676847942217
-35.95324757835783,-27.38095085595069
-35.94827527661566,-27.380224515745418
-35.94330297487349,-27.37949782719768
-35.93833067313131,-27.378770790178663
-35.93335837138914,-27.378043404559612
-35.92838606964696,-27.377315670211654
-35.92341376790479,-27.376587587005865
-35.91844146616262,-27.375859154813337
-35.91346916442044,-27.37513037350512
-35.90849686267827,-27.374401242952228
-35.90352456093609,-27.37367176302555
-35.89855225919392,-27.37294193359604
-35.89357995745175,-27.372211754534572
-35.88860765570957,-27.371481225711996
-35.8836353539674,-27.3707503469991
-35.87866305222522,-27.37001911826662
-35.87369075048305,-27.36928753938533
-35.86871844874088,-27.368555610225915
-35.8637461469987,-27.36782333065896
-35.85877384525652,-27.36709070055516
-35.85380154351435,-27.36635771978501
-35.84882924177218,-27.365624388219096
-35.84385694003,-27.364890705727866
-35.83888463828783,-27.364156672181814
-35.83391233654565,-27.36342228745133
-35.82894003480348,-27.36268755140677
-35.82396773306131,-27.36195246391853
-35.81899543131913,-27.36121702485682
-35.81402312957696,-27.360481234091992
-35.80905082783478,-27.35974509149424
-35.80407852609261,-27.359008596933716
-35.79910622435044,-27.358271750280583
-35.79413392260826,-27.357534551404985
-35.78916162086609,-27.35679700017692
-35.78418931912391,-27.356059096466474
-35.77921701738174,-27.355320840143616
-35.77424471563957,-27.354582231078275
-35.76927241389739,-27.353843269140402
-35.76430011215521,-27.353103954199852
-35.75932781041304,-27.35236428612643
-35.75435550867087,-27.35162426479
-35.74938320692869,-27.35088389006025
-35.74441090518652,-27.350143161806958
-35.73943860344434,-27.349402079899765
-35.73446630170217,-27.348660644208294
-35.72949399996,-27.347918854602202
-35.72452169821782,-27.347176710951036
-35.71954939647565,-27.34643421312427
-35.71457709473347,-27.34569136099146
-35.7096047929913,-27.344948154422024
-35.70463249124913,-27.344204593285333
-35.69966018950695,-27.343460677450835
-35.69468788776478,-27.342716406787783
-35.6897155860226,-27.341971781165537
-35.68474328428043,-27.34122680045331
-35.67977098253826,-27.340481464520316
-35.67479868079608,-27.339735773235752
-35.6698263790539,-27.338989726468714
-35.66485407731173,-27.338243324088346
-35.65988177556956,-27.337496565963683
-35.65490947382738,-27.336749451963705
-35.64993717208521,-27.336001981957494
-35.64496487034303,-27.33525415581389
-35.63999256860086,-27.334505973401882
-35.63502026685869,-27.33375743459026
-35.63004796511651,-27.333008539247913
-35.62507566337434,-27.332259287243577
-35.62010336163216,-27.331509678446004
-35.61513105988999,-27.330759712723953
-35.61015875814782,-27.330009389946024
-35.60518645640564,-27.329258709980913
-35.60021415466347,-27.328507672697153
-35.59524185292129,-27.32775627796332
-35.59026955117912,-27.32700452564795
-35.58529724943695,-27.326252415619503
-35.58032494769477,-27.325499947746405
-35.57535264595259,-27.324747121897076
-35.57038034421042,-27.323993937939836
-35.56540804246825,-27.323240395743028
-35.56043574072607,-27.322486495174946
-35.5554634389839,-27.32173223610382
-35.55049113724172,-27.320977618397805
-35.54551883549955,-27.32022264192514
-35.54054653375738,-27.319467306553932
-35.5355742320152,-27.318711612152214
-35.53060193027303,-27.317955558588096
-35.52562962853085,-27.31719914572953
-35.52065732678868,-27.31644237344453
-35.51568502504651,-27.31568524160099
-35.51071272330433,-27.31492775006682
-35.50574042156216,-27.314169898709874
-35.50076811981998,-27.31341168739792
-35.49579581807781,-27.312653115998796
-35.49082351633564,-27.311894184380233
-35.48585121459346,-27.31113489240983
-35.48087891285128,-27.310375239955373
-35.47590661110911,-27.309615226884386
-35.47093430936694,-27.30885485306449
-35.46596200762476,-27.308094118363197
-35.46098970588259,-27.307333022647974
-35.45601740414041,-27.306571565786374
-35.45104510239824,-27.30580974764574
-35.44607280065607,-27.305047568093507
-35.44110049891389,-27.304285026996975
-35.43612819717172,-27.303522124223477
-35.43115589542954,-27.302758859640264
-35.42618359368737,-27.30199523311453
-35.4212112919452,-27.3012312445135
-35.41623899020302,-27.300466893704314
-35.41126668846085,-27.299702180554082
-35.40629438671867,-27.29893710492983
-35.4013220849765,-27.298171666698675
-35.39634978323433,-27.297405865727523
-35.39137748149215,-27.29663970188335
-35.38640517974997,-27.29587317503311
-35.3814328780078,-27.295106285043605
-35.37646057626563,-27.294339031781703
-35.37148827452345,-27.293571415114187
-35.36651597278128,-27.29280343490784
-35.3615436710391,-27.292035091029334
-35.35657136929693,-27.291266383345352
-35.35159906755476,-27.290497311722586
-35.34662676581258,-27.28972787602757
-35.34165446407041,-27.288958076126914
-35.33668216232823,-27.28818791188708
-35.33170986058606,-27.287417383174557
-35.32673755884389,-27.286646489855812
-35.32176525710171,-27.285875231797263
-35.31679295535954,-27.285103608865217
-35.31182065361736,-27.284331620925993
-35.30684835187519,-27.28355926784595
-35.30187605013302,-27.28278654949126
-35.29690374839084,-27.28201346572817
-35.29193144664866,-27.28124001642282
-35.28695914490649,-27.280466201441364
-35.28198684316432,-27.279692020649822
-35.27701454142214,-27.27891747391431
-35.27204223967997,-27.278142561100783
-35.26706993793779,-27.277367282075275
-35.26209763619562,-27.276591636703685
-35.25712533445345,-27.275815624851845
-35.25215303271127,-27.275039246385678
-35.2471807309691,-27.274262501170988
-35.24220842922692,-27.27348538907349
-35.23723612748475,-27.272707909958978
-35.23226382574258,-27.2719300636931
-35.2272915240004,-27.271151850141532
-35.22231922225823,-27.270373269169873
-35.21734692051605,-27.269594320643726
-35.21237461877388,-27.268815004428607
-35.20740231703171,-27.268035320389988
-35.20243001528953,-27.267255268393395
-35.19745771354735,-27.26647484830415
-35.19248541180518,-27.265694059987695
-35.18751311006301,-27.264912903309348
-35.18254080832083,-27.264131378134373
-35.17756850657866,-27.2633494843281
-35.17259620483648,-27.262567221755674
-35.16762390309431,-27.26178459028234
-35.16265160135214,-27.26100158977321
-35.15767929960996,-27.26021822009337
-35.15270699786779,-27.25943448110787
-35.14773469612561,-27.25865037268177
-35.14276239438344,-27.25786589468003
-35.13779009264127,-27.257081046967574
-35.13281779089909,-27.256295829409357
-35.12784548915692,-27.255510241870205
-35.12287318741474,-27.25472428421494
-35.11790088567257,-27.253937956308373
-35.1129285839304,-27.253151258015208
-35.10795628218822,-27.252364189200172
-35.10298398044604,-27.251576749727924
-35.09801167870387,-27.250788939463092
-35.0930393769617,-27.250000758270286
-35.08806707521952,-27.249212206014
-35.08309477347735,-27.248423282558793
-35.07812247173517,-27.24763398776909
-35.073150169993,-27.246844321509354
-35.06817786825083,-27.24605428364392
-35.06320556650865,-27.245263874037217
-35.05823326476648,-27.244473092553505
-35.0532609630243,-27.243681939057005
-35.04828866128213,-27.242890413412063
-35.04331635953996,-27.242098515482773
-35.03834405779778,-27.241306245133313
-35.03337175605561,-27.24051360222778
-35.02839945431343,-27.23972058663028
-35.02342715257126,-27.238927198204838
-35.01845485082909,-27.23813343681538
-35.01348254908691,-27.237339302325935
-35.00851024734473,-27.236544794600402
-35.00353794560256,-27.235749913502655
-34.99856564386039,-27.234954658896473
-34.99359334211821,-27.23415903064569
-34.98862104037604,-27.233363028614054
-34.98364873863386,-27.232566652665277
-34.97867643689169,-27.231769902663032
-34.97370413514952,-27.230972778470985
-34.96873183340734,-27.23017527995268
-34.96375953166517,-27.229377406971672
-34.95878722992299,-27.228579159391508
-34.95381492818082,-27.227780537075656
-34.94884262643865,-27.22698153988755
-34.94387032469647,-27.226182167690567
-34.9388980229543,-27.22538242034806
-34.93392572121212,-27.224582297723373
-34.92895341946995,-27.223781799679756
-34.92398111772778,-27.222980926080464
-34.9190088159856,-27.222179676788667
-34.91403651424342,-27.221378051667575
-34.90906421250125,-27.220576050580235
-34.90409191075908,-27.219773673389735
-34.8991196090169,-27.21897091995917
-34.89414730727473,-27.218167790151483
-34.88917500553255,-27.21736428382966
-34.88420270379038,-27.216560400856615
-34.87923040204821,-27.215756141095202
-34.87425810030603,-27.214951504408265
-34.86928579856386,-27.21414649065861
-34.86431349682168,-27.21334109970898
-34.85934119507951,-27.212535331422135
-34.85436889333734,-27.211729185660715
-34.84939659159516,-27.210922662287366
-34.84442428985299,-27.210115761164662
-34.83945198811081,-27.209308482155226
-34.83447968636864,-27.208500825121487
-34.82950738462647,-27.207692789926
-34.82453508288429,-27.206884376431148
-34.81956278114211,-27.206075584499374
-34.81459047939994,-27.205266413993026
-34.80961817765777,-27.204456864774425
-34.80464587591559,-27.20364693670585
-34.79967357417342,-27.20283662964948
-34.79470127243124,-27.20202594346758
-34.78972897068907,-27.201214878022288
-34.7847566689469,-27.20040343317574
-34.77978436720472,-27.199591608789977
-34.77481206546255,-27.198779404727084
-34.76983976372037,-27.197966820849047
-34.7648674619782,-27.197153857017774
-34.75989516023603,-27.196340513095237
-34.75492285849385,-27.195526788943294
-34.74995055675168,-27.194712684423802
-34.7449782550095,-27.193898199398532
-34.74000595326733,-27.193083333729284
-34.73503365152516,-27.192268087277725
-34.73006134978298,-27.19145245990557
-34.7250890480408,-27.19063645147445
-34.72011674629863,-27.189820061845943
-34.71514444455646,-27.189003290881622
-34.71017214281428,-27.18818613844301
-34.70519984107211,-27.187368604391573
-34.70022753932993,-27.18655068858879
-34.69525523758776,-27.185732390895993
-34.69028293584559,-27.184913711174588
-34.68531063410341,-27.18409464928587
-34.68033833236124,-27.18327520509111
-34.67536603061906,-27.18245537845156
-34.67039372887689,-27.18163516922841
-34.66542142713472,-27.18081457728282
-34.66044912539254,-27.179993602475943
-34.65547682365037,-27.179172244668816
-34.65050452190819,-27.178350503722427
-34.64553222016602,-27.17752837949788
-34.64055991842385,-27.176705871856058
-34.63558761668167,-27.175882980657914
-34.6306153149395,-27.175059705764287
-34.62564301319732,-27.174236047036025
-34.62067071145515,-27.173412004333933
-34.61569840971297,-27.172587577518772
-34.6107261079708,-27.171762766451256
-34.60575380622862,-27.170937570992034
-34.60078150448645,-27.17011199100178
-34.59580920274428,-27.16928602634108
-34.5908369010021,-27.16845967687045
-34.58586459925993,-27.167632942450417
-34.58089229751775,-27.16680582294149
-34.57591999577558,-27.165978318204075
-34.57094769403341,-27.165150428098578
-34.56597539229123,-27.164322152485322
-34.56100309054906,-27.163493491224674
-34.55603078880688,-27.162664444176862
-34.55105848706471,-27.161835011202115
-34.54608618532254,-27.161005192160648
-34.54111388358036,-27.160174986912615
-34.53614158183819,-27.15934439531813
-34.53116928009601,-27.158513417237227
-34.52619697835384,-27.15768205252997
-34.52122467661166,-27.156850301056338
-34.51625237486949,-27.156018162676286
-34.51128007312731,-27.155185637249723
-34.50630777138514,-27.15435272463653
-34.50133546964297,-27.1535194246965
-34.49636316790079,-27.152685737289456
-34.49139086615862,-27.15185166227513
-34.48641856441644,-27.15101719951323
-34.48144626267427,-27.150182348863435
-34.4764739609321,-27.149347110185396
-34.47150165918992,-27.14851148333865
-34.46652935744775,-27.147675468182758
-34.46155705570557,-27.146839064577218
-34.4565847539634,-27.146002272381512
-34.45161245222123,-27.145165091455112
-34.44664015047905,-27.1443275216573
-34.44166784873688,-27.14348956284751
-34.4366955469947,-27.142651214884996
-34.43172324525253,-27.141812477629017
-34.42675094351035,-27.140973350938843
-34.42177864176818,-27.140133834673613
-34.416806340026,-27.139293928692485
-34.41183403828383,-27.138453632854592
-34.40686173654166,-27.137612947018958
-34.40188943479948,-27.136771871044587
-34.39691713305731,-27.13593040479049
-34.39194483131513,-27.135088548115608
-34.38697252957296,-27.134246300878832
-34.38200022783079,-27.13340366293902
-34.37702792608861,-27.132560634154995
-34.37205562434644,-27.131717214385553
-34.36708332260426,-27.13087340348938
-34.36211102086209,-27.13002920132524
-34.35713871911992,-27.129184607751714
-34.35216641737774,-27.128339622627504
-34.34719411563557,-27.127494245811086
-34.34222181389339,-27.1266484771611
-34.33724951215122,-27.125802316535996
-34.33227721040904,-27.124955763794198
-34.32730490866687,-27.12410881879414
-34.32233260692469,-27.12326148139419
-34.31736030518252,-27.122413751452726
-34.31238800344035,-27.121565628827955
-34.30741570169817,-27.12071711337822
-34.302443399956,-27.11986820496167
-34.29747109821382,-27.119018903436483
-34.29249879647165,-27.118169208660813
-34.28752649472948,-27.117319120492752
-34.2825541929873,-27.116468638790288
-34.27758189124513,-27.115617763411468
-34.27260958950295,-27.114766494214336
-34.26763728776078,-27.113914831056654
-34.262664986018606,-27.113062773796432
-34.25769268427643,-27.11221032229149
-34.25272038253426,-27.111357476399615
-34.24774808079208,-27.110504235978603
-34.24277577904991,-27.10965060088611
-34.23780347730773,-27.10879657097988
-34.23283117556556,-27.107942146117544
-34.22785887382338,-27.107087326156687
-34.22288657208121,-27.106232110954878
-34.21791427033904,-27.105376500369633
-34.21294196859686,-27.10452049425845
-34.20796966685469,-27.103664092478734
-34.20299736511251,-27.102807294887903
-34.19802506337034,-27.101950101343323
-34.19305276162817,-27.101092511702294
-34.18808045988599,-27.100234525822103
-34.18310815814382,-27.099376143559958
-34.17813585640164,-27.098517364773077
-34.17316355465947,-27.097658189318615
-34.168191252917296,-27.09679861705368
-34.16321895117512,-27.09593864783537
-34.15824664943295,-27.095078281520674
-34.15327434769077,-27.094217517966552
-34.1483020459486,-27.093356357030057
-34.14332974420642,-27.092494798568005
-34.13835744246425,-27.091632842437324
-34.13338514072207,-27.09077048849482
-34.1284128389799,-27.089907736597244
-34.12344053723773,-27.089044586601396
-34.11846823549555,-27.088181038363942
-34.11349593375338,-27.087317091741586
-34.1085236320112,-27.08645274659091
-34.10355133026903,-27.085588002768535
-34.098579028526856,-27.084722860130935
-34.09360672678468,-27.08385731853469
-34.08863442504251,-27.082991377836226
-34.08366212330033,-27.082125037891956
-34.07868982155816,-27.081258298558254
-34.073717519815986,-27.08039115969152
-34.06874521807381,-27.079523621147946
-34.06377291633164,-27.07865568278384
-34.05880061458946,-27.077787344455427
-34.05382831284729,-27.076918606018893
-34.04885601110511,-27.076049467330332
-34.04388370936294,-27.075179928245863
-34.03891140762076,-27.074309988621504
-34.03393910587859,-27.07343964831334
-34.02896680413642,-27.072568907177217
-34.02399450239424,-27.071697765069175
-34.01902220065207,-27.07082622184508
-34.01404989890989,-27.06995427736072
-34.00907759716772,-27.06908193147196
-34.004105295425546,-27.068209184034547
-33.99913299368337,-27.06733603490422
-33.99416069194119,-27.066462483936625
-33.98918839019902,-27.065588530987423
-33.98421608845685,-27.06471417591221
-33.979243786714676,-27.063839418566584
-33.9742714849725,-27.06296425880601
-33.96929918323032,-27.062088696485976
-33.96432688148815,-27.061212731461957
-33.95935457974598,-27.060336363589304
-33.954382278003806,-27.0594595927234
-33.94940997626163,-27.058582418719542
-33.94443767451945,-27.057704841433015
-33.93946537277728,-27.056826860719063
-33.93449307103511,-27.055948476432864
-33.929520769292935,-27.05506968842953
-33.92454846755076,-27.05419049656421
-33.91957616580858,-27.053310900691983
-33.91460386406641,-27.052430900667844
-33.909631562324236,-27.05155049634681
-33.90465926058206,-27.050669687583824
-33.89968695883988,-27.049788474233743
-33.89471465709771,-27.04890685615146
-33.88974235535554,-27.048024833191842
-33.884770053613366,-27.047142405209595
-33.87979775187119,-27.046259572059487
-33.87482545012901,-27.045376333596213
-33.86985314838684,-27.044492689674442
-33.86488084664467,-27.043608640148815
-33.859908544902495,-27.042724184873837
-33.85493624316032,-27.04183932370407
-33.84996394141814,-27.040954056494048
-33.84499163967597,-27.040068383098166
-33.840019337933796,-27.03918230337089
-33.835047036191625,-27.038295817166524
-33.83007473444945,-27.03740892433944
-33.82510243270727,-27.036521624743912
-33.8201301309651,-27.03563391823422
-33.815157829222926,-27.034745804664524
-33.81018552748075,-27.033857283888988
-33.80521322573857,-27.032968355761778
-33.8002409239964,-27.0320790201369
-33.79526862225423,-27.031189276868457
-33.790296320512056,-27.030299125810437
-33.78532401876988,-27.029408566816794
-33.7803517170277,-27.028517599741456
-33.77537941528553,-27.02762622443825
-33.77040711354336,-27.02673444076103
-33.765434811801185,-27.025842248563656
-33.76046251005901,-27.02494964769977
-33.75549020831683,-27.024056638023165
-33.75051790657466,-27.02316321938748
-33.745545604832486,-27.02226939164633
-33.740573303090315,-27.021375154653327
-33.73560100134814,-27.020480508262004
-33.73062869960596,-27.01958545232589
-33.72565639786379,-27.018689986698387
-33.720684096121616,-27.017794111232934
-33.71571179437944,-27.01689782578297
-33.71073949263726,-27.016001130201808
-33.70576719089509,-27.0151040243427
-33.70079488915292,-27.01420650805895
-33.695822587410746,-27.01330858120372
-33.69085028566857,-27.012410243630242
-33.68587798392639,-27.01151149519165
-33.68090568218422,-27.010612335741
-33.675933380442046,-27.00971276513136
-33.670961078699875,-27.008812783215717
-33.6659887769577,-27.007912389847057
-33.66101647521552,-27.00701158487829
-33.65604417347335,-27.00611036816234
-33.651071871731176,-27.005208739552
-33.646099569989005,-27.004306698900088
-33.64112726824683,-27.003404246059368
-33.63615496650465,-27.002501380882578
-33.63118266476248,-27.001598103222385
-33.626210363020306,-27.0006944129314
-33.62123806127813,-26.99979030986222
-33.61626575953595,-26.998885793867437
-33.61129345779378,-26.997980864799548
-33.60632115605161,-26.997075522510993
-33.601348854309435,-26.996169766854237
-33.59637655256726,-26.995263597681618
-33.59140425082508,-26.99435701484557
-33.58643194908291,-26.99345001819832
-33.581459647340736,-26.992542607592164
-33.576487345598565,-26.991634782879327
-33.57151504385639,-26.990726543911947
-33.56654274211421,-26.98981789054221
-33.56157044037204,-26.988908822622218
-33.556598138629866,-26.98799934000401
-33.551625836887695,-26.9870894425396
-33.546653535145516,-26.98617913008092
-33.54168123340334,-26.98526840247997
-33.53670893166117,-26.984357259588606
-33.531736629918996,-26.983445701258685
-33.52676432817682,-26.982533727341995
-33.52179202643464,-26.98162133769036
-33.51681972469247,-26.98070853215542
-33.5118474229503,-26.97979531058892
-33.506875121208125,-26.978881672842487
-33.50190281946595,-26.977967618767718
-33.49693051772377,-26.977053148216147
-33.4919582159816,-26.976138261039335
-33.486985914239426,-26.975222957088725
-33.482013612497255,-26.974307236215754
-33.47704131075508,-26.973391098271815
-33.4720690090129,-26.97247454310827
-33.46709670727073,-26.97155757057643
-33.462124405528556,-26.970640180527546
-33.457152103786385,-26.96972237281283
-33.452179802044206,-26.9688041472835
-33.44720750030203,-26.96788550379067
-33.44223519855986,-26.966966442185484
-33.437262896817685,-26.96604696231895
-33.43229059507551,-26.96512706404213
-33.42731829333333,-26.964206747205974
-33.42234599159116,-26.96328601166139
-33.417373689848986,-26.962364857259335
-33.412401388106815,-26.96144328385061
-33.40742908636464,-26.960521291286046
-33.40245678462246,-26.9595988794164
-33.39748448288029,-26.958676048092418
-33.392512181138116,-26.957752797164773
-33.387539879395945,-26.956829126484084
-33.38256757765377,-26.955905035900958
-33.37759527591159,-26.954980525266013
-33.37262297416942,-26.954055594429715
-33.367650672427246,-26.95313024324256
-33.362678370685074,-26.95220447155491
-33.357706068942896,-26.95127827921728
-33.35273376720072,-26.950351666079943
-33.34776146545855,-26.949424631993235
-33.342789163716375,-26.948497176807404
-33.3378168619742,-26.947569300372674
-33.33284456023202,-26.94664100253927
-33.32787225848985,-26.945712283157285
-33.322899956747676,-26.94478314207684
-33.317927655005505,-26.943853579148
-33.31295535326333,-26.94292359422079
-33.30798305152115,-26.941993187145172
-33.30301074977898,-26.941062357771077
-33.298038448036806,-26.940131105948414
-33.293066146294635,-26.939199431526983
-33.288093844552456,-26.938267334356663
-33.28312154281028,-26.937334814287173
-33.27814924106811,-26.936401871168265
-33.273176939325936,-26.935468504849595
-33.268204637583764,-26.934534715180853
-33.263232335841586,-26.933600502011572
-33.25826003409941,-26.932665865191346
-33.25328773235724,-26.93173080456971
-33.248315430615065,-26.930795319996083
-33.24334312887289,-26.92985941131996
-33.23837082713071,-26.928923078390685
-33.23339852538854,-26.92798632105765
-33.228426223646366,-26.927049139170105
-33.223453921904195,-26.92611153257735
-33.21848162016202,-26.92517350112862
-33.21350931841984,-26.92423504467306
-33.20853701667767,-26.923296163059838
-33.203564714935496,-26.92235685613805
-33.198592413193325,-26.921417123756722
-33.193620111451146,-26.920476965764916
-33.18864780970897,-26.91953638201155
-33.1836755079668,-26.918595372345624
-33.178703206224625,-26.917653936615967
-33.173730904482454,-26.916712074671427
-33.168758602740276,-26.915769786360837
-33.1637863009981,-26.914827071532937
-33.158813999255926,-26.913883930036473
-33.153841697513755,-26.912940361720118
-33.14886939577158,-26.911996366432486
-33.1438970940294,-26.91105194402213
-33.13892479228723,-26.910107094337743
-33.133952490545056,-26.90916181722773
-33.128980188802885,-26.90821611254056
-33.124007887060706,-26.90726998012469
-33.11903558531853,-26.90632341982847
-33.11406328357636,-26.905376431500287
-33.109090981834186,-26.904429014988438
-33.104118680092014,-26.903481170141152
-33.099146378349836,-26.902532896806644
-33.09417407660766,-26.90158419483315
-33.08920177486549,-26.90063506406871
-33.084229473123315,-26.899685504361496
-33.079257171381144,-26.89873551555948
-33.074284869638966,-26.897785097510756
-33.06931256789679,-26.89683425006326
-33.064340266154616,-26.8958829730649
-33.059367964412445,-26.89493126636354
-33.05439566267027,-26.89397912980703
-33.04942336092809,-26.893026563243193
-33.04445105918592,-26.89207356651977
-33.039478757443746,-26.891120139484464
-33.034506455701575,-26.890166281984932
-33.029534153959396,-26.88921199386886
-33.02456185221722,-26.88825727498379
-33.01958955047505,-26.88730212517726
-33.014617248732876,-26.886346544296796
-33.009644946990704,-26.88539053218982
-33.004672645248526,-26.884434088703827
-32.99970034350635,-26.883477213686145
-32.994728041764176,-26.882519906984065
-32.989755740022005,-26.881562168444933
-32.984783438279834,-26.880603997916023
-32.979811136537656,-26.879645395244484
-32.97483883479548,-26.878686360277506
-32.969866533053306,-26.87772689286222
-32.964894231311135,-26.876766992845706
-32.95992192956896,-26.875806660075
-32.95494962782678,-26.87484589439709
-32.94997732608461,-26.873884695658926
-32.945005024342436,-26.87292306370742
-32.940032722600264,-26.871960998389508
-32.935060420858086,-26.870998499551924
-32.93008811911591,-26.870035567041512
-32.92511581737374,-26.86907220070503
-32.920143515631565,-26.868108400389122
-32.915171213889394,-26.867144165940438
-32.910198912147216,-26.866179497205703
-32.90522661040504,-26.8652143940314
-32.900254308662866,-26.864248856264094
-32.895282006920695,-26.863282883750244
-32.890309705178524,-26.86231647633634
-32.885337403436345,-26.861349633868773
-32.88036510169417,-26.860382356193924
-32.875392799951996,-26.85941464315806
-32.870420498209825,-26.85844649460751
-32.865448196467646,-26.85747791038851
-32.86047589472547,-26.856508890347232
-32.8555035929833,-26.85553943432985
-32.850531291241126,-26.85456954218247
-32.845558989498954,-26.85359921375115
-32.840586687756776,-26.852628448881962
-32.8356143860146,-26.851657247420793
-32.83064208427243,-26.8506856092137
-32.825669782530255,-26.849713534106485
-32.820697480788084,-26.848741021945088
-32.815725179045906,-26.847768072575242
-32.81075287730373,-26.846794685842777
-32.805780575561556,-26.845820861593435
-32.800808273819385,-26.84484659967287
-32.795835972077214,-26.8438718999267
-32.790863670335035,-26.84289676220057
-32.78589136859286,-26.841921186340052
-32.780919066850686,-26.840945172190658
-32.775946765108515,-26.839968719597817
-32.770974463366336,-26.838991828407035
-32.76600216162416,-26.838014498463657
-32.76102985988199,-26.837036729613065
-32.756057558139815,-26.836058521700473
-32.751085256397644,-26.83507987457128
-32.746112954655466,-26.834100788070636
-32.74114065291329,-26.833121262043733
-32.736168351171116,-26.832141296335692
-32.731196049428945,-26.83116089079162
-32.726223747686774,-26.830180045256597
-32.721251445944596,-26.829198759575583
-32.71627914420242,-26.82821703359358
-32.711306842460246,-26.82723486715552
-32.706334540718075,-26.82625226010626
-32.7013622389759,-26.825269212290646
-32.696389937233725,-26.824285723553473
-32.69141763549155,-26.823301793739535
-32.686445333749376,-26.82231742269351
-32.681473032007204,-26.82133261026006
-32.676500730265026,-26.820347356283833
-32.67152842852285,-26.819361660609434
-32.66655612678068,-26.81837552308138
-32.661583825038505,-26.817388943544138
-32.656611523296334,-26.816401921842232
-32.651639221554156,-26.815414457820072
-32.64666691981198,-26.81442655132199
-32.641694618069806,-26.81343820219231
-32.636722316327635,-26.81244941027539
-32.631750014585464,-26.811460175415434
-32.626777712843285,-26.810470497456613
-32.62180541110111,-26.809480376243165
-32.616833109358936,-26.808489811619147
-32.611860807616765,-26.807498803428647
-32.60688850587459,-26.806507351515695
-32.601916204132415,-26.805515455724322
-32.59694390239024,-26.804523115898462
-32.591971600648066,-26.803530331881976
-32.586999298905894,-26.80253710351877
-32.582026997163716,-26.801543430652668
-32.57705469542154,-26.80054931312742
-32.572082393679366,-26.799554750786797
-32.567110091937195,-26.798559743474442
-32.562137790195024,-26.79756429103405
-32.557165488452846,-26.796568393309222
-32.55219318671067,-26.795572050143537
-32.547220884968496,-26.794575261380437
-32.542248583226325,-26.793578026863514
-32.537276281484154,-26.792580346436157
-32.532303979741975,-26.79158221994173
-32.5273316779998,-26.790583647223638
-32.522359376257626,-26.789584628125173
-32.517387074515455,-26.788585162489607
-32.51241477277328,-26.787585250160138
-32.507442471031105,-26.78658489097997
-32.50247016928893,-26.785584084792262
-32.497497867546755,-26.784582831440044
-32.492525565804584,-26.783581130766454
-32.487553264062406,-26.782578982614446
-32.48258096232023,-26.78157638682703
-32.477608660578056,-26.780573343247095
-32.472636358835885,-26.77956985171754
-32.467664057093714,-26.778565912081227
-32.462691755351536,-26.777561524180935
-32.45771945360936,-26.776556687859394
-32.452747151867186,-26.775551402959366
-32.447774850125015,-26.77454566932347
-32.44280254838284,-26.773539486794363
-32.437830246640665,-26.77253285521465
-32.43285794489849,-26.77152577442685
-32.427885643156316,-26.770518244273447
-32.422913341414144,-26.769510264596903
-32.41794103967197,-26.7685018352397
-32.412968737929795,-26.767492956044105
-32.40799643618762,-26.766483626852498
-32.403024134445445,-26.765473847507216
-32.398051832703274,-26.764463617850403
-32.393079530961096,-26.76345293772431
-32.38810722921892,-26.762441806971083
-32.383134927476746,-26.761430225432857
-32.378162625734575,-26.760418192951715
-32.373190323992404,-26.759405709369616
-32.368218022250225,-26.758392774528602
-32.36324572050805,-26.757379388270646
-32.358273418765876,-26.75636555043758
-32.353301117023705,-26.755351260871294
-32.34832881528153,-26.754336519413634
-32.343356513539355,-26.75332132590631
-32.33838421179718,-26.752305680191107
-32.333411910055005,-26.75128958210965
-32.328439608312834,-26.750273031503664
-32.32346730657066,-26.749256028214724
-32.318495004828485,-26.74823857208432
-32.313522703086306,-26.747220662954053
-32.308550401344135,-26.746202300665374
-32.303578099601964,-26.74518348505969
-32.298605797859786,-26.74416421597839
-32.29363349611761,-26.743144493262875
-32.288661194375436,-26.742124316754364
-32.283688892633265,-26.741103686294142
-32.278716590891094,-26.740082601723493
-32.273744289148915,-26.739061062883493
-32.26877198740674,-26.738039069615358
-32.263799685664566,-26.737016621760084
-32.258827383922394,-26.73599371915878
-32.25385508218022,-26.73497036165244
-32.248882780438045,-26.73394654908199
-32.24391047869587,-26.73292228128838
-32.238938176953695,-26.7318975581125
-32.233965875211524,-26.730872379395123
-32.22899357346935,-26.729846744977067
-32.224021271727175,-26.728820654699092
-32.219048969984996,-26.72779410840186
-32.214076668242825,-26.726767105926065
-32.209104366500654,-26.725739647112313
-32.204132064758475,-26.724711731801175
-32.1991597630163,-26.723683359833164
-32.194187461274126,-26.72265453104877
-32.189215159531955,-26.721625245288468
-32.18424285778978,-26.720595502392612
-32.179270556047605,-26.7195653022016
-32.17429825430543,-26.71853464455575
-32.169325952563256,-26.717503529295286
-32.164353650821084,-26.716471956260456
-32.15938134907891,-26.7154399252915
-32.154409047336735,-26.714407436228495
-32.149436745594556,-26.713374488911548
-32.144464443852385,-26.712341083180746
-32.139492142110214,-26.71130721887609
-32.13451984036804,-26.710272895837555
-32.129547538625864,-26.709238113905034
-32.124575236883686,-26.708202872918438
-32.119602935141515,-26.707167172717625
-32.114630633399344,-26.706131013142368
-32.109658331657165,-26.70509439403246
-32.10468602991499,-26.704057315227576
-32.099713728172816,-26.703019776567388
-32.094741426430645,-26.701981777891522
-32.08976912468847,-26.70094331903957
-32.084796822946295,-26.69990439985109
-32.07982452120412,-26.698865020165552
-32.074852219461945,-26.69782517982242
-32.069879917719774,-26.696784878661113
-32.0649076159776,-26.695744116520956
-32.059935314235425,-26.694702893241328
-32.054963012493246,-26.693661208661528
-32.049990710751075,-26.692619062620725
-32.045018409008904,-26.691576454958163
-32.04004610726673,-26.690533385512953
-32.035073805524554,-26.689489854124254
-32.030101503782376,-26.688445860631095
-32.025129202040205,-26.687401404872535
-32.02015690029803,-26.68635648668753
-32.015184598555855,-26.685311105915
-32.01021229681368,-26.684265262393883
-32.005239995071506,-26.683218955962992
-32.000267693329334,-26.682172186461145
-31.99529539158716,-26.681124953727117
-31.990323089844985,-26.680077257599606
-31.98535078810281,-26.67902909791735
-31.980378486360635,-26.677980474518893
-31.975406184618464,-26.676931387242917
-31.97043388287629,-26.67588183592788
-31.965461581134115,-26.67483182041237
-31.96048927939194,-26.67378134053478
-31.955516977649765,-26.672730396133584
-31.95054467590759,-26.67167898704715
-31.94557237416542,-26.670627113113778
-31.940600072423244,-26.669574774171778
-31.93562777068107,-26.668521970059395
-31.930655468938895,-26.66746870061483
-31.92568316719672,-26.666414965676278
-31.920710865454545,-26.665360765081786
-31.91573856371237,-26.664306098669456
-31.9107662619702,-26.663250966277356
-31.905793960228024,-26.662195367743443
-31.90082165848585,-26.66113930290566
-31.895849356743675,-26.660082771601893
-31.8908770550015,-26.659025773669995
-31.885904753259325,-26.657968308947826
-31.880932451517154,-26.65691037727314
-31.87596014977498,-26.65585197848363
-31.870987848032804,-26.654793112417025
-31.86601554629063,-26.65373377891092
-31.861043244548455,-26.65267397780297
-31.85607094280628,-26.65161370893067
-31.85109864106411,-26.650552972131557
-31.846126339321934,-26.649491767243116
-31.84115403757976,-26.648430094102736
-31.836181735837584,-26.647367952547818
-31.83120943409541,-26.646305342415708
-31.826237132353235,-26.64524226354368
-31.82126483061106,-26.644178715768998
-31.81629252886889,-26.643114698928883
-31.811320227126714,-26.64205021286045
-31.80634792538454,-26.640985257400896
-31.801375623642365,-26.639919832387232
-31.79640332190019,-26.63885393765649
-31.791431020158015,-26.63778757304573
-31.786458718415844,-26.636720738391833
-31.78148641667367,-26.635653433531722
-31.776514114931494,-26.634585658302274
-31.77154181318932,-26.633517412540307
-31.766569511447145,-26.632448696082562
-31.76159720970497,-26.631379508765814
-31.7566249079628,-26.63030985042672
-31.751652606220624,-26.62923972090192
-31.74668030447845,-26.628169120028062
-31.741708002736274,-26.627098047641642
-31.7367357009941,-26.62602650357917
-31.731763399251925,-26.62495448767718
-31.72679109750975,-26.623881999772053
-31.72181879576758,-26.62280903970022
-31.716846494025404,-26.621735607297936
-31.71187419228323,-26.620661702401577
-31.706901890541054,-26.619587324847362
-31.70192958879888,-26.618512474471487
-31.696957287056705,-26.61743715111015
-31.691984985314534,-26.61636135459947
-31.68701268357236,-26.615285084775493
-31.682040381830184,-26.61420834147433
-31.67706808008801,-26.613131124531865
-31.672095778345835,-26.612053433784116
-31.66712347660366,-26.610975269066998
-31.66215117486149,-26.609896630216355
-31.657178873119314,-26.60881751706798
-31.65220657137714,-26.607737929457688
-31.647234269634964,-26.606657867221177
-31.64226196789279,-26.60557733019415
-31.637289666150615,-26.60449631821228
-31.632317364408443,-26.60341483111111
-31.62734506266627,-26.602332868726258
-31.622372760924094,-26.60125043089321
-31.61740045918192,-26.600167517447417
-31.612428157439744,-26.59908412822433
-31.60745585569757,-26.59800026305934
-31.602483553955395,-26.59691592178774
-31.597511252213224,-26.595831104244912
-31.59253895047105,-26.594745810266044
-31.587566648728874,-26.593660039686313
-31.5825943469867,-26.592573792340982
-31.577622045244524,-26.591487068065124
-31.57264974350235,-26.5903998666938
-31.56767744176018,-26.589312188062046
-31.562705140018004,-26.588224032004916
-31.55773283827583,-26.587135398357255
-31.552760536533654,-26.586046286954037
-31.54778823479148,-26.584956697630137
-31.542815933049305,-26.583866630220328
-31.537843631307133,-26.582776084559416
-31.53287132956496,-26.5816850604821
-31.527899027822784,-26.58059355782309
-31.52292672608061,-26.579501576416998
-31.517954424338434,-26.57840911609848
-31.51298212259626,-26.577316176702027
-31.508009820854085,-26.576222758062197
-31.503037519111913,-26.575128860013425
-31.49806521736974,-26.574034482390164
-31.493092915627564,-26.572939625026795
-31.48812061388539,-26.571844287757663
-31.483148312143214,-26.570748470417005
-31.47817601040104,-26.56965217283911
-31.47320370865887,-26.56855539485821
-31.468231406916694,-26.567458136308403
-31.46325910517452,-26.566360397023885
-31.458286803432344,-26.565262176838672
-31.45331450169017,-26.56416347558681
-31.448342199947994,-26.563064293102332
-31.443369898205823,-26.5619646292191
-31.43839759646365,-26.560864483771105
-31.433425294721474,-26.559763856592113
-31.4284529929793,-26.558662747516014
-31.423480691237124,-26.55756115637652
-31.41850838949495,-26.55645908300742
-31.413536087752775,-26.555356527242306
-31.408563786010603,-26.554253488914927
-31.40359148426843,-26.553149967858783
-31.398619182526254,-26.552045963907457
-31.39364688078408,-26.55094147689449
-31.388674579041904,-26.549836506653296
-31.38370227729973,-26.548731053017335
-31.378729975557558,-26.547625115819947
-31.373757673815383,-26.546518694894512
-31.36878537207321,-26.545411790074223
-31.363813070331034,-26.544304401192427
-31.35884076858886,-26.54319652808229
-31.353868466846684,-26.542088170576957
-31.348896165104513,-26.54097932850958
-31.34392386336234,-26.539870001713155
-31.338951561620163,-26.538760190020785
-31.33397925987799,-26.537649893265428
-31.329006958135814,-26.536539111279982
-31.32403465639364,-26.53542784389739
-31.319062354651464,-26.53431609095047
-31.314090052909293,-26.533203852272052
-31.30911775116712,-26.532091127694905
-31.304145449424944,-26.530977917051732
-31.29917314768277,-26.529864220175206
-31.294200845940594,-26.528750036897982
-31.28922854419842,-26.527635367052596
-31.284256242456248,-26.526520210471656
-31.279283940714073,-26.52540456698762
-31.2743116389719,-26.524288436432954
-31.269339337229724,-26.523171818640066
-31.26436703548755,-26.522054713441385
-31.259394733745374,-26.520937120669114
-31.254422432003203,-26.519819040155618
-31.249450130261028,-26.51870047173314
-31.244477828518853,-26.517581415233845
-31.23950552677668,-26.516461870489888
-31.234533225034504,-26.515341837333363
-31.22956092329233,-26.514221315596348
-31.224588621550154,-26.513100305110864
-31.219616319807983,-26.511978805708864
-31.21464401806581,-26.510856817222308
-31.209671716323633,-26.50973433948306
-31.20469941458146,-26.508611372322946
-31.199727112839284,-26.50748791557381
-31.19475481109711,-26.506363969067383
-31.189782509354938,-26.505239532635347
-31.184810207612763,-26.504114606109432
-31.17983790587059,-26.502989189321173
-31.174865604128414,-26.50186328210223
-31.16989330238624,-26.500736884284102
-31.164921000644064,-26.49960999569828
-31.159948698901893,-26.498482616176226
-31.154976397159718,-26.497354745549316
-31.150004095417543,-26.496226383648924
-31.14503179367537,-26.495097530306367
-31.140059491933194,-26.49396818535292
-31.13508719019102,-26.492838348619777
-31.130114888448844,-26.49170801993816
-31.125142586706673,-26.490577199139206
-31.120170284964498,-26.48944588605397
-31.115197983222323,-26.488314080513558
-31.11022568148015,-26.487181782348962
-31.105253379737974,-26.4860489913911
-31.1002810779958,-26.484915707470936
-31.095308776253628,-26.483781930419326
-31.090336474511453,-26.482647660067133
-31.085364172769278,-26.48151289624507
-31.080391871027103,-26.480377638783974
-31.07541956928493,-26.47924188751448
-31.070447267542754,-26.478105642267256
-31.065474965800583,-26.476968902872915
-31.060502664058408,-26.475831669162037
-31.055530362316233,-26.474693940965118
-31.05055806057406,-26.473555718112667
-31.045585758831884,-26.472417000435076
-31.04061345708971,-26.4712777877628
-31.035641155347534,-26.470138079926173
-31.030668853605363,-26.468997876755406
-31.025696551863188,-26.467857178080838
-31.020724250121013,-26.466715983732684
-31.01575194837884,-26.465574293541106
-31.010779646636664,-26.464432107336215
-31.00580734489449,-26.463289424948105
-31.000835043152318,-26.46214624620682
-30.995862741410143,-26.46100257094236
-30.990890439667968,-26.459858398984608
-30.985918137925793,-26.45871373016355
-30.98094583618362,-26.45756856430901
-30.975973534441444,-26.456422901250814
-30.971001232699273,-26.455276740818757
-30.966028930957098,-26.454130082842514
-30.961056629214923,-26.452982927151808
-30.956084327472748,-26.451835273576275
-30.951112025730573,-26.450687121945514
-30.9461397239884,-26.449538472089106
-30.941167422246224,-26.44838932383648
-30.936195120504053,-26.44723967701719
-30.931222818761878,-26.446089531460608
-30.926250517019703,-26.444938886996077
-30.92127821527753,-26.443787743453
-30.916305913535354,-26.442636100660607
-30.91133361179318,-26.441483958448185
-30.906361310051008,-26.44033131664493
-30.901389008308833,-26.43917817507997
-30.896416706566658,-26.43802453358242
-30.891444404824483,-26.436870391981348
-30.88647210308231,-26.435715750105814
-30.881499801340134,-26.434560607784753
-30.876527499597962,-26.433404964847085
-30.871555197855788,-26.43224882112177
-30.866582896113613,-26.431092176437577
-30.861610594371438,-26.42993503062336
-30.856638292629263,-26.428777383507875
-30.85166599088709,-26.42761923491979
-30.846693689144914,-26.42646058468781
-30.841721387402742,-26.425301432640563
-30.836749085660568,-26.424141778606582
-30.831776783918393,-26.422981622414486
-30.826804482176218,-26.421820963892678
-30.821832180434043,-26.42065980286966
-30.81685987869187,-26.419498139173868
-30.811887576949697,-26.418335972633553
-30.806915275207523,-26.417173303077128
-30.801942973465348,-26.416010130332825
-30.796970671723173,-26.41484645422889
-30.791998369981,-26.41368227459346
-30.787026068238823,-26.4125175912547
-30.782053766496652,-26.411352404040734
-30.777081464754477,-26.41018671277959
-30.772109163012303,-26.409020517299254
-30.767136861270128,-26.407853817427696
-30.762164559527953,-26.406686612992807
-30.75719225778578,-26.405518903822514
-30.752219956043604,-26.404350689744618
-30.747247654301432,-26.403181970586896
-30.742275352559258,-26.40201274617711
-30.737303050817083,-26.400843016342908
-30.732330749074908,-26.39967278091202
-30.727358447332733,-26.39850203971196
-30.72238614559056,-26.39733079257034
-30.717413843848387,-26.396159039314686
-30.712441542106212,-26.394986779772438
-30.707469240364038,-26.393814013771067
-30.702496938621863,-26.392640741137896
-30.697524636879688,-26.391466961700335
-30.692552335137513,-26.39029267528563
-30.687580033395342,-26.389117881721074
-30.682607731653167,-26.387942580833798
-30.677635429910993,-26.386766772451068
-30.672663128168818,-26.385590456399914
-30.667690826426643,-26.384413632507442
-30.66271852468447,-26.383236300600732
-30.657746222942293,-26.382058460506688
-30.652773921200122,-26.380880112052292
-30.647801619457947,-26.37970125506441
-30.642829317715773,-26.378521889369956
-30.637857015973598,-26.37734201479568
-30.632884714231423,-26.376161631168372
-30.62791241248925,-26.374980738314708
-30.622940110747077,-26.373799336061452
-30.617967809004902,-26.372617424235134
-30.612995507262728,-26.371435002662405
-30.608023205520553,-26.370252071169794
-30.603050903778378,-26.36906862958375
-30.598078602036203,-26.36788467773082
-30.593106300294032,-26.366700215437287
-30.588133998551857,-26.365515242529646
-30.583161696809682,-26.364329758834106
-30.578189395067508,-26.363143764177025
-30.573217093325333,-26.361957258384567
-30.568244791583158,-26.360770241282964
-30.563272489840983,-26.359582712698327
-30.558300188098812,-26.358394672456757
-30.553327886356637,-26.35720612038434
-30.548355584614463,-26.356017056307028
-30.543383282872288,-26.35482748005079
-30.538410981130113,-26.35363739144163
-30.533438679387938,-26.35244679030533
-30.528466377645767,-26.351255676467733
-30.523494075903592,-26.350064049754643
-30.518521774161417,-26.348871909991804
-30.513549472419243,-26.34767925700494
-30.508577170677068,-26.346486090619592
-30.503604868934893,-26.345292410661504
-30.498632567192722,-26.34409821695614
-30.493660265450547,-26.342903509329076
-30.488687963708372,-26.341708287605726
-30.483715661966198,-26.340512551611628
-30.478743360224023,-26.339316301172047
-30.473771058481848,-26.338119536112377
-30.468798756739673,-26.336922256257928
-30.463826454997502,-26.335724461433887
-30.458854153255327,-26.33452615146552
-30.453881851513152,-26.333327326177976
-30.448909549770978,-26.332127985396387
-30.443937248028803,-26.330928128945786
-30.438964946286628,-26.329727756651188
-30.433992644544457,-26.328526868337672
-30.429020342802282,-26.327325463830057
-30.424048041060107,-26.326123542953333
-30.419075739317933,-26.32492110553229
-30.414103437575758,-26.323718151391766
-30.409131135833583,-26.322514680356516
-30.40415883409141,-26.321310692251217
-30.399186532349237,-26.32010618690059
-30.394214230607062,-26.31890116412922
-30.389241928864887,-26.317695623761747
-30.384269627122713,-26.31648956562264
-30.379297325380538,-26.315282989536435
-30.374325023638363,-26.31407589532759
-30.369352721896192,-26.312868282820457
-30.364380420154017,-26.311660151839458
-30.359408118411842,-26.31045150220884
-30.354435816669668,-26.30924233375294
-30.349463514927493,-26.3080326462959
-30.344491213185318,-26.306822439662003
-30.339518911443147,-26.305611713675315
-30.334546609700972,-26.30440046815993
-30.329574307958797,-26.303188702939917
-30.324602006216622,-26.301976417839274
-30.319629704474448,-26.300763612681948
-30.314657402732273,-26.29955028729186
-30.3096851009901,-26.298336441492857
-30.304712799247927,-26.297122075108785
-30.299740497505752,-26.29590718796342
-30.294768195763577,-26.294691779880512
-30.289795894021402,-26.293475850683674
-30.284823592279228,-26.29225940019665
-30.279851290537053,-26.291042428242985
-30.27487898879488,-26.289824934646226
-30.269906687052707,-26.288606919229913
-30.264934385310532,-26.2873883818175
-30.259962083568357,-26.286169322232404
-30.254989781826183,-26.284949740298003
-30.250017480084008,-26.28372963583761
-30.245045178341837,-26.282509008674552
-30.240072876599662,-26.281287858632044
-30.235100574857487,-26.28006618553327
-30.230128273115312,-26.278843989201402
-30.225155971373137,-26.27762126945955
-30.220183669630963,-26.276398026130767
-30.21521136788879,-26.27517425903808
-30.210239066146617,-26.273949968004462
-30.205266764404442,-26.272725152852814
-30.200294462662267,-26.271499813406052
-30.195322160920092,-26.270273949487034
-30.190349859177918,-26.269047560918484
-30.185377557435743,-26.26782064752322
-30.18040525569357,-26.266593209123883
-30.175432953951397,-26.26536524554321
-30.170460652209222,-26.264136756603765
-30.165488350467047,-26.2629077421281
-30.160516048724872,-26.261678201938796
-30.155543746982698,-26.260448135858315
-30.150571445240526,-26.259217543709042
-30.14559914349835,-26.257986425313433
-30.140626841756177,-26.256754780493843
-30.135654540014002,-26.255522609072464
-30.130682238271827,-26.254289910871695
-30.125709936529653,-26.253056685713652
-30.12073763478748,-26.251822933420556
-30.115765333045307,-26.250588653814486
-30.110793031303132,-26.249353846717543
-30.105820729560957,-26.248118511951766
-30.100848427818782,-26.246882649339092
-30.095876126076607,-26.245646258701555
-30.090903824334433,-26.244409339860965
-30.08593152259226,-26.24317189263922
-30.080959220850087,-26.241933916858105
-30.075986919107912,-26.240695412339445
-30.071014617365737,-26.239456378904865
-30.066042315623562,-26.238216816376127
-30.061070013881388,-26.236976724574777
-30.056097712139216,-26.235736103322424
-30.05112541039704,-26.234494952440663
-30.046153108654867,-26.233253271750925
-30.041180806912692,-26.232011061074697
-30.036208505170517,-26.230768320233377
-30.031236203428342,-26.22952504904828
-30.02626390168617,-26.228281247340764
-30.021291599943996,-26.227036914932114
-30.01631929820182,-26.225792051643516
-30.011346996459647,-26.224546657296166
-30.006374694717472,-26.223300731711202
-30.001402392975297,-26.222054274709695
-29.996430091233123,-26.220807286112713
-29.99145778949095,-26.219559765741216
-29.986485487748777,-26.218311713416238
-29.9815131860066,-26.217063128958614
-29.976540884264427,-26.215814012189245
-29.971568582522252,-26.214564362928922
-29.966596280780077,-26.213314180998466
-29.961623979037906,-26.212063466218567
-29.95665167729573,-26.210812218409952
-29.951679375553557,-26.20956043739319
-29.946707073811382,-26.208308122988985
-29.941734772069207,-26.207055275017783
-29.936762470327032,-26.205801893300126
-29.93179016858486,-26.204547977656492
-29.926817866842686,-26.2032935279073
-29.92184556510051,-26.202038543872888
-29.916873263358337,-26.200783025373582
-29.911900961616162,-26.199526972229712
-29.906928659873987,-26.198270384261463
-29.901956358131812,-26.197013261289047
-29.89698405638964,-26.19575560313262
-29.892011754647466,-26.194497409612268
-29.88703945290529,-26.193238680548042
-29.882067151163117,-26.191979415759942
-29.877094849420942,-26.190719615067973
-29.872122547678767,-26.189459278292038
-29.867150245936596,-26.188198405252002
-29.86217794419442,-26.186936995767688
-29.857205642452247,-26.18567504965892
-29.85223334071007,-26.184412566745387
-29.847261038967897,-26.183149546846824
-29.842288737225722,-26.18188598978287
-29.83731643548355,-26.180621895373154
-29.832344133741376,-26.179357263437176
-29.8273718319992,-26.178092093794508
-29.822399530257027,-26.176826386264572
-29.817427228514852,-26.175560140666864
-29.812454926772677,-26.174293356820687
-29.807482625030502,-26.173026034545416
-29.80251032328833,-26.171758173660344
-29.797538021546156,-26.170489773984713
-29.79256571980398,-26.169220835337704
-29.787593418061807,-26.167951357538513
-29.782621116319632,-26.16668134040618
-29.777648814577457,-26.165410783759864
-29.772676512835286,-26.164139687418494
-29.76770421109311,-26.16286805120108
-29.762731909350936,-26.161595874926572
-29.75775960760876,-26.160323158413842
-29.752787305866587,-26.159049901481723
-29.747815004124412,-26.157776103949
-29.74284270238224,-26.15650176563443
-29.737870400640066,-26.155226886356708
-29.73289809889789,-26.15395146593451
-29.727925797155716,-26.152675504186476
-29.72295349541354,-26.151399000931114
-29.717981193671367,-26.150121955986982
-29.713008891929192,-26.148844369172537
-29.70803659018702,-26.14756624030624
-29.703064288444846,-26.146287569206486
-29.69809198670267,-26.145008355691562
-29.693119684960497,-26.143728599579852
-29.688147383218322,-26.142448300689505
-29.683175081476147,-26.141167458838797
-29.678202779733976,-26.139886073845876
-29.6732304779918,-26.138604145528866
-29.668258176249626,-26.137321673705816
-29.66328587450745,-26.136038658194753
-29.658313572765277,-26.134755098813717
-29.653341271023102,-26.133470995380573
-29.64836896928093,-26.132186347713237
-29.643396667538756,-26.13090115562955
-29.63842436579658,-26.129615418947328
-29.633452064054406,-26.128329137484332
-29.62847976231223,-26.12704231105824
-29.623507460570057,-26.12575493948676
-29.618535158827882,-26.124467022587453
-29.61356285708571,-26.123178560177966
-29.608590555343536,-26.121889552075757
-29.60361825360136,-26.120599998098378
-29.598645951859186,-26.119309898063225
-29.59367365011701,-26.118019251787675
-29.588701348374837,-26.116728059089123
-29.583729046632666,-26.115436319784877
-29.57875674489049,-26.114144033692124
-29.573784443148316,-26.112851200628164
-29.56881214140614,-26.111557820410106
-29.563839839663967,-26.11026389285513
-29.558867537921792,-26.108969417780212
-29.55389523617962,-26.10767439500249
-29.548922934437446,-26.106378824338904
-29.54395063269527,-26.1050827056064
-29.538978330953096,-26.103786038621838
-29.53400602921092,-26.10248882320215
-29.529033727468747,-26.101191059164087
-29.524061425726572,-26.09989274632441
-29.5190891239844,-26.09859388449985
-29.514116822242226,-26.09729447350708
-29.50914452050005,-26.095994513162697
-29.504172218757876,-26.09469400328332
-29.4991999170157,-26.093392943685437
-29.494227615273527,-26.09209133418556
-29.489255313531356,-26.090789174600143
-29.48428301178918,-26.089486464745615
-29.479310710047006,-26.088183204438245
-29.47433840830483,-26.08687939349441
-29.469366106562656,-26.0855750317303
-29.46439380482048,-26.084270118962234
-29.45942150307831,-26.0829646550063
-29.454449201336136,-26.081658639678672
-29.44947689959396,-26.080352072795385
-29.444504597851786,-26.079044954172513
-29.43953229610961,-26.077737283626057
-29.434559994367437,-26.076429060971915
-29.42958769262526,-26.075120286026046
-29.42461539088309,-26.073810958604234
-29.419643089140916,-26.07250107852235
-29.41467078739874,-26.07119064559612
-29.409698485656566,-26.0698796596413
-29.40472618391439,-26.068568120473515
-29.399753882172217,-26.06725602790842
-29.394781580430045,-26.065943381761603
-29.38980927868787,-26.06463018184857
-29.384836976945696,-26.063316427984844
-29.37986467520352,-26.062002119985877
-29.374892373461346,-26.060687257667023
-29.36992007171917,-26.059371840843706
-29.364947769977,-26.058055869331188
-29.359975468234826,-26.056739342944734
-29.35500316649265,-26.055422261499576
-29.350030864750476,-26.05410462481087
-29.3450585630083,-26.05278643269377
-29.340086261266126,-26.051467684963374
-29.33511395952395,-26.050148381434674
-29.33014165778178,-26.048828521922694
-29.325169356039606,-26.04750810624236
-29.32019705429743,-26.046187134208612
-29.315224752555256,-26.044865605636257
-29.31025245081308,-26.043543520340116
-29.305280149070907,-26.042220878134945
-29.300307847328735,-26.04089767883554
-29.29533554558656,-26.0395739222565
-29.290363243844386,-26.038249608212453
-29.28539094210221,-26.036924736518046
-29.280418640360036,-26.035599306987724
-29.27544633861786,-26.03427331943606
-29.27047403687569,-26.032946773677462
-29.265501735133515,-26.031619669526375
-29.26052943339134,-26.030292006797065
-29.255557131649166,-26.028963785303958
-29.25058482990699,-26.02763500486121
-29.245612528164816,-26.02630566528312
-29.24064022642264,-26.02497576638383
-29.23566792468047,-26.02364530797748
-29.230695622938295,-26.022314289878125
-29.22572332119612,-26.02098271189984
-29.220751019453946,-26.019650573856616
-29.21577871771177,-26.01831787556239
-29.210806415969596,-26.016984616831014
-29.205834114227425,-26.01565079747643
-29.20086181248525,-26.014316417312426
-29.195889510743076,-26.012981476152703
-29.1909172090009,-26.01164597381108
-29.185944907258726,-26.01030991010115
-29.18097260551655,-26.008973284836564
-29.17600030377438,-26.007636097830947
-29.171028002032205,-26.00629834889779
-29.16605570029003,-26.004960037850587
-29.161083398547856,-26.003621164502814
-29.15611109680568,-26.00228172866786
-29.151138795063506,-26.00094173015907
-29.14616649332133,-25.99960116878973
-29.14119419157916,-25.998260044373147
-29.136221889836985,-25.99691835672254
-29.13124958809481,-25.99557610565109
-29.126277286352636,-25.994233290971863
-29.12130498461046,-25.99288991249801
-29.116332682868286,-25.991545970042534
-29.111360381126115,-25.990201463418426
-29.10638807938394,-25.988856392438645
-29.101415777641765,-25.987510756916105
-29.09644347589959,-25.98616455666363
-29.091471174157416,-25.984817791494038
-29.08649887241524,-25.983470461220104
-29.08152657067307,-25.9821225656545
-29.076554268930895,-25.98077410460997
-29.07158196718872,-25.979425077899126
-29.066609665446546,-25.978075485334486
-29.06163736370437,-25.97672532672868
-29.056665061962196,-25.97537460189407
-29.05169276022002,-25.974023310643258
-29.04672045847785,-25.97267145278851
-29.041748156735675,-25.97131902814228
-29.0367758549935,-25.969966036516794
-29.031803553251326,-25.968612477724378
-29.02683125150915,-25.96725835157721
-29.021858949766976,-25.965903657887463
-29.016886648024805,-25.964548396467258
-29.01191434628263,-25.963192567128704
-29.006942044540455,-25.96183616968383
-29.00196974279828,-25.9604792039446
-28.996997441056106,-25.95912166972299
-28.99202513931393,-25.957763566830852
-28.98705283757176,-25.956404895080084
-28.982080535829585,-25.95504565428246
-28.97710823408741,-25.953685844249748
-28.972135932345235,-25.952325464793663
-28.96716363060306,-25.950964515725897
-28.962191328860886,-25.94960299685804
-28.95721902711871,-25.948240908001694
-28.95224672537654,-25.946878248968375
-28.947274423634365,-25.945515019569584
-28.94230212189219,-25.944151219616757
-28.937329820150016,-25.942786848921262
-28.93235751840784,-25.94142190729448
-28.927385216665666,-25.94005639454773
-28.922412914923495,-25.938690310492238
-28.91744061318132,-25.937323654939235
-28.912468311439145,-25.93595642769988
-28.90749600969697,-25.93458862858527
-28.902523707954796,-25.933220257406504
-28.89755140621262,-25.93185131397468
-28.89257910447045,-25.93048179810064
-28.887606802728275,-25.929111709595414
-28.8826345009861,-25.92774104826992
-28.877662199243925,-25.926369813934926
-28.87268989750175,-25.924998006401275
-28.867717595759576,-25.923625625479733
-28.8627452940174,-25.922252670980992
-28.85777299227523,-25.9208791427157
-28.852800690533055,-25.919505040494528
-28.84782838879088,-25.918130364127997
-28.842856087048705,-25.91675511342665
-28.83788378530653,-25.915379288201006
-28.832911483564356,-25.914002888261443
-28.827939181822185,-25.912625913418374
-28.82296688008001,-25.911248363482127
-28.817994578337835,-25.90987023826308
-28.81302227659566,-25.90849153757138
-28.808049974853486,-25.907112261217293
-28.80307767311131,-25.905732409010955
-28.79810537136914,-25.904351980762495
-28.793133069626965,-25.902970976282006
-28.78816076788479,-25.901589395379453
-28.783188466142615,-25.900207237864887
-28.77821616440044,-25.898824503548187
-28.773243862658266,-25.89744119223924
-28.76827156091609,-25.896057303747927
-28.76329925917392,-25.894672837883984
-28.758326957431745,-25.893287794457233
-28.75335465568957,-25.891902173277327
-28.748382353947395,-25.890515974153942
-28.74341005220522,-25.889129196896683
-28.738437750463046,-25.887741841315115
-28.733465448720874,-25.886353907218773
-28.7284931469787,-25.884965394417115
-28.723520845236525,-25.883576302719597
-28.71854854349435,-25.88218663193555
-28.713576241752175,-25.88079638187436
-28.70860394001,-25.879405552345318
-28.70363163826783,-25.87801414315765
-28.698659336525655,-25.876622154120547
-28.69368703478348,-25.875229585043186
-28.688714733041305,-25.873836435734678
-28.68374243129913,-25.872442706004062
-28.678770129556955,-25.87104839566038
-28.67379782781478,-25.8696535045126
-28.66882552607261,-25.86825803236963
-28.663853224330435,-25.86686197904036
-28.65888092258826,-25.86546534433362
-28.653908620846085,-25.864068128058197
-28.64893631910391,-25.862670330022844
-28.643964017361736,-25.86127195003624
-28.638991715619564,-25.859872987907067
-28.63401941387739,-25.85847344344389
-28.629047112135215,-25.857073316455327
-28.62407481039304,-25.8556726067498
-28.619102508650865,-25.854271314135847
-28.61413020690869,-25.852869438421877
-28.60915790516652,-25.851466979416227
-28.604185603424344,-25.85006393692728
-28.59921330168217,-25.84866031076329
-28.594240999939995,-25.8472561007325
-28.58926869819782,-25.845851306643087
-28.584296396455645,-25.844445928303234
-28.57932409471347,-25.843039965521026
-28.5743517929713,-25.84163341810449
-28.569379491229125,-25.84022628586167
-28.56440718948695,-25.838818568600495
-28.559434887744775,-25.83741026612894
-28.5544625860026,-25.8360013782548
-28.549490284260425,-25.834591904785963
-28.544517982518254,-25.83318184553017
-28.53954568077608,-25.831771200295155
-28.534573379033905,-25.830359968888605
-28.52960107729173,-25.828948151118198
-28.524628775549555,-25.827535746791494
-28.51965647380738,-25.826122755716074
-28.51468417206521,-25.824709177699393
-28.509711870323034,-25.82329501254892
-28.50473956858086,-25.821880260072128
-28.499767266838685,-25.820464920076322
-28.49479496509651,-25.81904899236882
-28.489822663354335,-25.81763247675692
-28.48485036161216,-25.816215373047818
-28.47987805986999,-25.81479768104878
-28.474905758127814,-25.813379400566856
-28.46993345638564,-25.81196053140916
-28.464961154643465,-25.810541073382737
-28.45998885290129,-25.809121026294594
-28.455016551159115,-25.807700389951673
-28.450044249416944,-25.80627916416092
-28.44507194767477,-25.804857348729126
-28.440099645932595,-25.80343494346314
-28.43512734419042,-25.802011948169728
-28.430155042448245,-25.800588362655674
-28.42518274070607,-25.799164186727538
-28.4202104389639,-25.79773942019204
-28.415238137221724,-25.79631406285573
-28.41026583547955,-25.79488811452512
-28.405293533737375,-25.79346157500679
-28.4003212319952,-25.792034444107095
-28.395348930253025,-25.790606721632493
-28.39037662851085,-25.78917840738931
-28.38540432676868,-25.78774950118386
-28.380432025026504,-25.786320002822443
-28.37545972328433,-25.784889912111215
-28.370487421542155,-25.783459228856373
-28.36551511979998,-25.78202795286406
-28.360542818057805,-25.780596083940345
-28.355570516315634,-25.779163621891236
-28.35059821457346,-25.777730566522774
-28.345625912831284,-25.776296917640853
-28.34065361108911,-25.77486267505137
-28.335681309346935,-25.773427838560192
-28.33070900760476,-25.77199240797314
-28.32573670586259,-25.770556383095933
-28.320764404120414,-25.769119763734277
-28.31579210237824,-25.767682549693887
-28.310819800636065,-25.766244740780333
-28.30584749889389,-25.76480633679925
-28.300875197151715,-25.76336733755607
-28.29590289540954,-25.761927742856344
-28.29093059366737,-25.760487552505513
-28.285958291925194,-25.759046766308906
-28.28098599018302,-25.757605384071912
-28.276013688440845,-25.75616340559985
-28.27104138669867,-25.754720830697924
-28.266069084956495,-25.753277659171346
-28.261096783214324,-25.751833890825296
-28.25612448147215,-25.75038952546484
-28.251152179729974,-25.748944562895126
-28.2461798779878,-25.7474990029211
-28.241207576245625,-25.746052845347776
-28.23623527450345,-25.7446060899801
-28.23126297276128,-25.743158736622895
-28.226290671019104,-25.74171078508104
-28.22131836927693,-25.740262235159268
-28.216346067534754,-25.738813086662432
-28.21137376579258,-25.737363339395138
-28.206401464050405,-25.735912993162064
-28.20142916230823,-25.734462047767853
-28.19645686056606,-25.733010503017017
-28.191484558823884,-25.731558358714054
-28.18651225708171,-25.730105614663497
-28.181539955339534,-25.728652270669713
-28.17656765359736,-25.7271983265371
-28.171595351855185,-25.725743782069983
-28.166623050113014,-25.724288637072657
-28.16165074837084,-25.722832891349345
-28.156678446628664,-25.72137654470425
-28.15170614488649,-25.71991959694153
-28.146733843144315,-25.71846204786523
-28.14176154140214,-25.71700389727946
-28.13678923965997,-25.715545144988212
-28.131816937917794,-25.714085790795437
-28.12684463617562,-25.712625834505022
-28.121872334433444,-25.711165275920923
-28.11690003269127,-25.709704114846854
-28.111927730949095,-25.708242351086668
-28.10695542920692,-25.70677998444408
-28.10198312746475,-25.705317014722755
-28.097010825722574,-25.703853441726316
-28.0920385239804,-25.70238926525842
-28.087066222238224,-25.700924485122556
-28.08209392049605,-25.699459101122226
-28.077121618753875,-25.697993113060928
-28.072149317011704,-25.69652652074201
-28.06717701526953,-25.695059323968866
-28.062204713527354,-25.693591522544846
-28.05723241178518,-25.692123116273148
-28.052260110043004,-25.690654104957
-28.04728780830083,-25.689184488399654
-28.04231550655866,-25.68771426640416
-28.037343204816484,-25.686243438773637
-28.03237090307431,-25.684772005311146
-28.027398601332134,-25.683299965819625
-28.02242629958996,-25.68182732010208
-28.017453997847785,-25.680354067961346
-28.01248169610561,-25.678880209200326
-28.00750939436344,-25.677405743621797
-28.002537092621264,-25.675930671028556
-27.99756479087909,-25.67445499122328
-27.992592489136914,-25.67297870400867
-27.98762018739474,-25.67150180918731
-27.982647885652565,-25.6700243065618
-27.977675583910393,-25.668546195934688
-27.97270328216822,-25.667067477108414
-27.967730980426044,-25.665588149885437
-27.96275867868387,-25.66410821406818
-27.957786376941694,-25.662627669458953
-27.95281407519952,-25.66114651586006
-27.94784177345735,-25.659664753073763
-27.942869471715174,-25.658182380902257
-27.937897169973,-25.656699399147726
-27.932924868230824,-25.655215807612223
-27.92795256648865,-25.653731606097892
-27.922980264746474,-25.652246794406725
-27.9180079630043,-25.650761372340686
-27.91303566126213,-25.64927533970171
-27.908063359519954,-25.6477886962917
-27.90309105777778,-25.646301441912467
-27.898118756035604,-25.644813576365827
-27.89314645429343,-25.64332509945349
-27.888174152551255,-25.64183601097718
-27.883201850809083,-25.640346310738554
-27.87822954906691,-25.638855998539224
-27.873257247324734,-25.637365074180682
-27.86828494558256,-25.63587353746453
-27.863312643840384,-25.63438138819223
-27.85834034209821,-25.632888626165112
-27.853368040356038,-25.631395251184646
-27.848395738613863,-25.629901263052105
-27.84342343687169,-25.628406661568825
-27.838451135129514,-25.626911446535985
-27.83347883338734,-25.62541561775481
-27.828506531645164,-25.623919175026433
-27.82353422990299,-25.622422118151942
-27.81856192816082,-25.6209244469324
-27.813589626418644,-25.619426161168814
-27.80861732467647,-25.617927260662153
-27.803645022934294,-25.61642774521328
-27.79867272119212,-25.614927614623113
-27.793700419449944,-25.613426868692436
-27.788728117707773,-25.611925507222086
-27.7837558159656,-25.610423530012685
-27.778783514223424,-25.608920936865015
-27.77381121248125,-25.60741772757966
-27.768838910739074,-25.605913901957194
-27.7638666089969,-25.604409459798227
-27.758894307254728,-25.602904400903192
-27.753922005512553,-25.601398725072553
-27.74894970377038,-25.59989243210671
-27.743977402028204,-25.59838552180602
-27.73900510028603,-25.596877993970825
-27.734032798543854,-25.595369848401322
-27.72906049680168,-25.593861084897828
-27.724088195059508,-25.592351703260427
-27.719115893317333,-25.59084170328927
-27.71414359157516,-25.589331084784472
-27.709171289832984,-25.587819847546008
-27.70419898809081,-25.58630799137389
-27.699226686348634,-25.584795516068073
-27.694254384606463,-25.58328242142843
-27.68928208286429,-25.58176870725484
-27.684309781122113,-25.580254373347074
-27.67933747937994,-25.578739419504856
-27.674365177637764,-25.577223845527982
-27.66939287589559,-25.575707651216057
-27.664420574153418,-25.574190836368697
-27.659448272411243,-25.572673400785437
-27.65447597066907,-25.571155344265897
-27.649503668926894,-25.569636666609497
-27.64453136718472,-25.56811736761564
-27.639559065442544,-25.56659744708375
-27.63458676370037,-25.56507690481319
-27.629614461958198,-25.56355574060318
-27.624642160216023,-25.562033954253007
-27.61966985847385,-25.560511545561887
-27.614697556731674,-25.55898851432893
-27.6097252549895,-25.557464860353264
-27.604752953247324,-25.555940583433962
-27.599780651505153,-25.554415683370024
-27.594808349762978,-25.552890159960373
-27.589836048020803,-25.551364013004005
-27.58486374627863,-25.549837242299763
-27.579891444536454,-25.54830984764647
-27.57491914279428,-25.54678182884294
-27.569946841052108,-25.545253185687862
-27.564974539309933,-25.543723917979918
-27.56000223756776,-25.542194025517784
-27.555029935825583,-25.540663508100078
-27.55005763408341,-25.539132365525315
-27.545085332341234,-25.53760059759198
-27.540113030599063,-25.536068204098548
-27.535140728856888,-25.534535184843456
-27.530168427114713,-25.533001539625047
-27.52519612537254,-25.531467268241627
-27.520223823630364,-25.529932370491498
-27.51525152188819,-25.52839684617285
-27.510279220146014,-25.526860695083915
-27.505306918403843,-25.52532391702275
-27.500334616661668,-25.5237865117875
-27.495362314919493,-25.52224847917617
-27.49039001317732,-25.520709818986774
-27.485417711435144,-25.51917053101725
-27.48044540969297,-25.517630615065485
-27.475473107950798,-25.516090070929383
-27.470500806208623,-25.514548898406712
-27.465528504466448,-25.513007097295205
-27.460556202724273,-25.51146466739265
-27.4555839009821,-25.509921608496654
-27.450611599239924,-25.508377920404858
-27.445639297497753,-25.50683360291483
-27.440666995755578,-25.505288655824128
-27.435694694013403,-25.503743078930224
-27.430722392271228,-25.50219687203051
-27.425750090529053,-25.500650034922458
-27.42077778878688,-25.499102567403334
-27.415805487044704,-25.497554469270472
-27.410833185302533,-25.496005740321117
-27.405860883560358,-25.494456380352467
-27.400888581818183,-25.49290638916169
-27.39591628007601,-25.49135576654587
-27.390943978333834,-25.489804512302136
-27.38597167659166,-25.488252626227442
-27.380999374849488,-25.48670010811877
-27.376027073107313,-25.485146957773072
-27.371054771365138,-25.48359317498721
-27.366082469622963,-25.482038759558023
-27.36111016788079,-25.480483711282268
-27.356137866138614,-25.478928029956716
-27.351165564396442,-25.477371715378073
-27.346193262654268,-25.475814767342925
-27.341220960912093,-25.47425718564797
-27.336248659169918,-25.472698970089674
-27.331276357427743,-25.471140120464565
-27.32630405568557,-25.469580636569116
-27.321331753943394,-25.468020518199758
-27.316359452201223,-25.466459765152827
-27.311387150459048,-25.46489837722466
-27.306414848716873,-25.463336354211542
-27.301442546974698,-25.461773695909642
-27.296470245232523,-25.460210402115234
-27.29149794349035,-25.458646472624388
-27.286525641748177,-25.457081907233235
-27.281553340006003,-25.455516705737782
-27.276581038263828,-25.453950867934026
-27.271608736521653,-25.452384393617937
-27.26663643477948,-25.45081728258544
-27.261664133037304,-25.44924953463233
-27.256691831295132,-25.447681149554434
-27.251719529552958,-25.446112127147554
-27.246747227810783,-25.44454246720739
-27.241774926068608,-25.442972169529586
-27.236802624326433,-25.441401233909808
-27.23183032258426,-25.439829660143598
-27.226858020842084,-25.43825744802651
-27.221885719099912,-25.436684597354017
-27.216913417357738,-25.43511110792158
-27.211941115615563,-25.433536979524526
-27.206968813873388,-25.431962211958265
-27.201996512131213,-25.43038680501806
-27.19702421038904,-25.42881075849922
-27.192051908646867,-25.42723407219689
-27.187079606904692,-25.42565674590624
-27.182107305162518,-25.42407877942236
-27.177135003420343,-25.42250017254039
-27.172162701678168,-25.420920925055313
-27.167190399935993,-25.41934103676208
-27.162218098193822,-25.417760507455608
-27.157245796451647,-25.41617933693082
-27.152273494709473,-25.414597524982533
-27.147301192967298,-25.41301507140554
-27.142328891225123,-25.41143197599455
-27.13735658948295,-25.409848238544313
-27.132384287740773,-25.408263858849395
-27.127411985998602,-25.406678836704465
-27.122439684256427,-25.405093171904067
-27.117467382514253,-25.403506864242708
-27.112495080772078,-25.40191991351481
-27.107522779029903,-25.400332319514824
-27.10255047728773,-25.39874408203715
-27.097578175545557,-25.39715520087603
-27.092605873803382,-25.39556567582577
-27.087633572061208,-25.393975506680615
-27.082661270319033,-25.39238469323478
-27.077688968576858,-25.390793235282302
-27.072716666834683,-25.38920113261736
-27.067744365092512,-25.387608385033936
-27.062772063350337,-25.38601499232609
-27.057799761608162,-25.384420954287712
-27.052827459865988,-25.38282627071272
-27.047855158123813,-25.38123094139498
-27.042882856381638,-25.379634966128325
-27.037910554639463,-25.37803834470646
-27.032938252897292,-25.37644107692313
-27.027965951155117,-25.37484316257201
-27.022993649412943,-25.373244601446714
-27.018021347670768,-25.371645393340852
-27.013049045928593,-25.370045538047915
-27.00807674418642,-25.368445035361393
-27.003104442444247,-25.366843885074697
-26.998132140702072,-25.365242086981258
-26.993159838959897,-25.363639640874418
-26.988187537217723,-25.362036546547483
-26.983215235475548,-25.360432803793643
-26.978242933733373,-25.358828412406172
-26.973270631991202,-25.357223372178172
-26.968298330249027,-25.355617682902807
-26.963326028506852,-25.354011344373095
-26.958353726764678,-25.35240435638207
-26.953381425022503,-25.35079671872272
-26.948409123280328,-25.34918843118798
-26.943436821538153,-25.34757949357066
-26.938464519795982,-25.34596990566364
-26.933492218053807,-25.3443596672597
-26.928519916311632,-25.342748778151552
-26.923547614569458,-25.341137238131964
-26.918575312827283,-25.339525046993472
-26.913603011085108,-25.33791220452875
-26.908630709342937,-25.336298710530336
-26.903658407600762,-25.33468456479073
-26.898686105858587,-25.333069767102383
-26.893713804116413,-25.331454317257684
-26.888741502374238,-25.329838215049058
-26.883769200632063,-25.328221460268768
-26.87879689888989,-25.326604052709115
-26.873824597147717,-25.324985992162297
-26.868852295405542,-25.323367278420562
-26.863879993663367,-25.32174791127597
-26.858907691921193,-25.32012789052059
-26.853935390179018,-25.31850721594654
-26.848963088436843,-25.316885887345773
-26.843990786694672,-25.315263904510207
-26.839018484952497,-25.313641267231773
-26.834046183210322,-25.312017975302318
-26.829073881468148,-25.310394028513656
-26.824101579725973,-25.308769426657506
-26.819129277983798,-25.30714416952564
-26.814156976241627,-25.30551825690967
-26.809184674499452,-25.303891688601254
-26.804212372757277,-25.302264464391914
-26.799240071015102,-25.300636584073263
-26.794267769272928,-25.29900804743669
-26.789295467530753,-25.297378854273667
-26.78432316578858,-25.29574900437557
-26.779350864046407,-25.294118497533738
-26.774378562304232,-25.292487333539505
-26.769406260562057,-25.29085551218405
-26.764433958819883,-25.2892230332586
-26.759461657077708,-25.28758989655432
-26.754489355335533,-25.2859561018623
-26.74951705359336,-25.28432164897364
-26.744544751851187,-25.282686537679258
-26.739572450109012,-25.28105076777022
-26.734600148366837,-25.2794143390374
-26.729627846624663,-25.27777725127166
-26.724655544882488,-25.276139504263845
-26.719683243140317,-25.274501097804734
-26.714710941398142,-25.272862031685047
-26.709738639655967,-25.271222305695506
-26.704766337913792,-25.269581919626685
-26.699794036171618,-25.267940873269247
-26.694821734429443,-25.26629916641367
-26.68984943268727,-25.264656798850517
-26.684877130945097,-25.263013770370154
-26.679904829202922,-25.261370080763104
-26.674932527460747,-25.25972572981962
-26.669960225718572,-25.258080717330085
-26.664987923976398,-25.256435043084757
-26.660015622234223,-25.2547887068738
-26.65504332049205,-25.25314170848744
-26.650071018749877,-25.251494047715777
-26.645098717007702,-25.249845724348884
-26.640126415265527,-25.248196738176855
-26.635154113523352,-25.246547088989598
-26.630181811781178,-25.244896776577065
-26.625209510039006,-25.243245800729202
-26.62023720829683,-25.24159416123577
-26.615264906554657,-25.23994185788666
-26.610292604812482,-25.238288890471562
-26.605320303070307,-25.236635258780208
-26.600348001328133,-25.234980962602247
-26.59537569958596,-25.233326001727285
-26.590403397843787,-25.231670375944887
-26.585431096101612,-25.230014085044576
-26.580458794359437,-25.228357128815826
-26.575486492617262,-25.226699507048068
-26.570514190875087,-25.225041219530695
-26.565541889132913,-25.223382266052997
-26.56056958739074,-25.221722646404274
-26.555597285648567,-25.220062360373788
-26.550624983906392,-25.21840140775068
-26.545652682164217,-25.216739788324155
-26.540680380422042,-25.21507750188328
-26.535708078679868,-25.213414548217127
-26.530735776937696,-25.211750927114668
-26.52576347519552,-25.21008663836486
-26.520791173453347,-25.20842168175667
-26.515818871711172,-25.206756057078902
-26.510846569968997,-25.205089764120398
-26.505874268226822,-25.203422802669927
-26.50090196648465,-25.201755172516197
-26.495929664742476,-25.20008687344794
-26.4909573630003,-25.198417905253724
-26.485985061258127,-25.196748267722167
-26.481012759515952,-25.19507796064178
-26.476040457773777,-25.193406983801083
-26.471068156031603,-25.191735336988497
-26.46609585428943,-25.190063019992458
-26.461123552547257,-25.188390032601276
-26.456151250805082,-25.18671637460327
-26.451178949062907,-25.185042045786677
-26.446206647320732,-25.183367045939757
-26.441234345578557,-25.181691374850626
-26.436262043836386,-25.18001503230744
-26.43128974209421,-25.178338018098213
-26.426317440352037,-25.17666033201102
-26.421345138609862,-25.174981973833795
-26.416372836867687,-25.17330294335453
-26.411400535125512,-25.17162324036104
-26.40642823338334,-25.16994286464121
-26.401455931641166,-25.168261815982785
-26.39648362989899,-25.16658009417356
-26.391511328156817,-25.164897699001205
-26.386539026414642,-25.163214630253368
-26.381566724672467,-25.161530887717657
-26.376594422930292,-25.159846471181613
-26.37162212118812,-25.158161380432748
-26.366649819445946,-25.15647561525855
-26.36167751770377,-25.154789175446407
-26.356705215961597,-25.153102060783706
-26.351732914219422,-25.151414271057778
-26.346760612477247,-25.149725806055837
-26.341788310735076,-25.148036665565193
-26.3368160089929,-25.146346849372982
-26.331843707250727,-25.144656357266353
-26.32687140550855,-25.142965189032388
-26.321899103766377,-25.141273344458117
-26.316926802024202,-25.13958082333054
-26.31195450028203,-25.137887625436658
-26.306982198539856,-25.13619375056329
-26.30200989679768,-25.134499198497338
-26.297037595055507,-25.132803969025588
-26.292065293313332,-25.131108061934825
-26.287092991571157,-25.129411477011743
-26.282120689828982,-25.127714214042996
-26.27714838808681,-25.12601627281526
-26.272176086344636,-25.124317653115057
-26.26720378460246,-25.122618354728935
-26.262231482860287,-25.12091837744336
-26.257259181118112,-25.119217721044794
-26.252286879375937,-25.117516385319593
-26.247314577633766,-25.115814370054103
-26.24234227589159,-25.114111675034636
-26.237369974149416,-25.11240830004743
-26.23239767240724,-25.110704244878672
-26.227425370665067,-25.108999509314497
-26.222453068922892,-25.10729409314106
-26.21748076718072,-25.10558799614442
-26.212508465438546,-25.103881218110544
-26.20753616369637,-25.1021737588254
-26.202563861954197,-25.100465618074956
-26.19759156021202,-25.098756795645013
-26.192619258469847,-25.09704729132148
-26.187646956727672,-25.095337104890096
-26.1826746549855,-25.093626236136565
-26.177702353243326,-25.091914684846586
-26.17273005150115,-25.090202450805833
-26.167757749758977,-25.088489533799862
-26.162785448016802,-25.08677593361424
-26.157813146274627,-25.085061650034447
-26.152840844532456,-25.0833466828459
-26.14786854279028,-25.081631031834085
-26.142896241048106,-25.079914696784314
-26.13792393930593,-25.078197677481906
-26.132951637563757,-25.07647997371207
-26.127979335821582,-25.074761585260095
-26.12300703407941,-25.073042511911165
-26.118034732337236,-25.07132275345033
-26.11306243059506,-25.069602309662685
-26.108090128852886,-25.067881180333284
-26.10311782711071,-25.06615936524713
-26.098145525368537,-25.064436864189098
-26.093173223626362,-25.062713676944114
-26.08820092188419,-25.060989803297055
-26.083228620142016,-25.059265243032605
-26.07825631839984,-25.05753999593564
-26.073284016657666,-25.05581406179079
-26.06831171491549,-25.054087440382713
-26.063339413173317,-25.052360131496084
-26.058367111431146,-25.05063213491536
-26.05339480968897,-25.04890345042512
-26.048422507946796,-25.04717407780983
-26.04345020620462,-25.045444016853867
-26.038477904462447,-25.043713267341683
-26.033505602720272,-25.0419818290575
-26.0285333009781,-25.04024970178571
-26.023560999235926,-25.03851688531049
-26.01858869749375,-25.036783379416022
-26.013616395751576,-25.035049183886457
-26.0086440940094,-25.033314298505875
-26.003671792267227,-25.031578723058345
-25.998699490525052,-25.029842457327856
-25.99372718878288,-25.02810550109837
-25.988754887040706,-25.0263678541538
-25.98378258529853,-25.024629516277944
-25.978810283556356,-25.022890487254678
-25.97383798181418,-25.021150766867766
-25.968865680072007,-25.01941035490086
-25.963893378329836,-25.017669251137708
-25.95892107658766,-25.01592745536193
-25.953948774845486,-25.01418496735705
-25.94897647310331,-25.012441786906663
-25.944004171361136,-25.01069791379419
-25.93903186961896,-25.008953347803104
-25.93405956787679,-25.007208088716794
-25.929087266134616,-25.005462136318588
-25.92411496439244,-25.003715490391844
-25.919142662650266,-25.001968150719716
-25.91417036090809,-25.000220117085497
-25.909198059165917,-24.998471389272243
-25.904225757423742,-24.99672196706316
-25.89925345568157,-24.994971850241246
-25.894281153939396,-24.993221038589574
-25.88930885219722,-24.991469531891063
-25.884336550455046,-24.989717329928677
-25.87936424871287,-24.98796443248525
-25.874391946970697,-24.98621083934364
-25.869419645228525,-24.984456550286623
-25.86444734348635,-24.98270156509693
-25.859475041744176,-24.980945883557247
-25.854502740002,-24.97918950545019
-25.849530438259826,-24.977432430558405
-25.84455813651765,-24.975674658664406
-25.83958583477548,-24.973916189550707
-25.834613533033306,-24.972157022999767
-25.82964123129113,-24.97039715879396
-25.824668929548956,-24.968636596715694
-25.81969662780678,-24.966875336547254
-25.814724326064606,-24.965113378070892
-25.80975202432243,-24.963350721068835
-25.80477972258026,-24.961587365323275
-25.799807420838086,-24.959823310616333
-25.79483511909591,-24.95805855673008
-25.789862817353736,-24.95629310344656
-25.78489051561156,-24.95452695054773
-25.779918213869387,-24.95276009781558
-25.774945912127215,-24.950992545031923
-25.76997361038504,-24.94922429197869
-25.765001308642866,-24.947455338437607
-25.76002900690069,-24.945685684190472
-25.755056705158516,-24.943915329018957
-25.75008440341634,-24.94214427270474
-25.74511210167417,-24.94037251502945
-25.740139799931995,-24.93860005577461
-25.73516749818982,-24.93682689472175
-25.730195196447646,-24.935053031652345
-25.72522289470547,-24.933278466347797
-25.720250592963296,-24.93150319858953
-25.71527829122112,-24.929727228158807
-25.71030598947895,-24.927950554836983
-25.705333687736776,-24.926173178405225
-25.7003613859946,-24.924395098644787
-25.695389084252426,-24.922616315336754
-25.69041678251025,-24.920836828262246
-25.685444480768076,-24.919056637202317
-25.680472179025905,-24.91727574193793
-25.67549987728373,-24.915494142250076
-25.670527575541556,-24.91371183791968
-25.66555527379938,-24.911928828727532
-25.660582972057206,-24.910145114454544
-25.65561067031503,-24.90836069488141
-25.65063836857286,-24.906575569788842
-25.645666066830685,-24.904789738957575
-25.64069376508851,-24.90300320216815
-25.635721463346336,-24.901215959201238
-25.63074916160416,-24.89942800983732
-25.625776859861986,-24.897639353856864
-25.62080455811981,-24.895849991040365
-25.61583225637764,-24.89405992116817
-25.610859954635465,-24.892269144020624
-25.60588765289329,-24.89047765937804
-25.600915351151116,-24.8886854670207
-25.59594304940894,-24.886892566728747
-25.590970747666766,-24.88509895828236
-25.585998445924595,-24.883304641461656
-25.58102614418242,-24.88150961604671
-25.576053842440245,-24.8797138818175
-25.57108154069807,-24.877917438554054
-25.566109238955896,-24.876120286036222
-25.56113693721372,-24.874322424043953
-25.55616463547155,-24.87252385235702
-25.551192333729375,-24.870724570755215
-25.5462200319872,-24.868924579018316
-25.541247730245026,-24.867123876925984
-25.53627542850285,-24.86532246425785
-25.531303126760676,-24.863520340793503
-25.5263308250185,-24.86171750631253
-25.52135852327633,-24.859913960594362
-25.516386221534155,-24.85810970341851
-25.51141391979198,-24.856304734564386
-25.506441618049806,-24.85449905381131
-25.50146931630763,-24.852692660938636
-25.496497014565456,-24.85088555572557
-25.491524712823285,-24.849077737951408
-25.48655241108111,-24.84726920739526
-25.481580109338935,-24.845459963836298
-25.47660780759676,-24.843650007053576
-25.471635505854586,-24.841839336826116
-25.46666320411241,-24.84002795293293
-25.46169090237024,-24.838215855152953
-25.456718600628065,-24.836403043265054
-25.45174629888589,-24.834589517048077
-25.446773997143715,-24.83277527628084
-25.44180169540154,-24.83096032074208
-25.436829393659366,-24.82914465021051
-25.43185709191719,-24.827328264464757
-25.42688479017502,-24.825511163283497
-25.421912488432845,-24.823693346445218
-25.41694018669067,-24.821874813728485
-25.411967884948496,-24.820055564911776
-25.40699558320632,-24.81823559977344
-25.402023281464146,-24.81641491809193
-25.397050979721975,-24.81459351964554
-25.3920786779798,-24.812771404212533
-25.387106376237625,-24.810948571571192
-25.38213407449545,-24.80912502149967
-25.377161772753276,-24.80730075377612
-25.3721894710111,-24.805475768178628
-25.36721716926893,-24.80365006448525
-25.362244867526755,-24.801823642473956
-25.35727256578458,-24.799996501922745
-25.352300264042405,-24.798168642609525
-25.34732796230023,-24.796340064312123
-25.342355660558056,-24.794510766808347
-25.33738335881588,-24.79268074987598
-25.33241105707371,-24.790850013292758
-25.327438755331535,-24.789018556836307
-25.32246645358936,-24.78718638028429
-25.317494151847185,-24.785353483414266
-25.31252185010501,-24.783519866003772
-25.307549548362836,-24.78168552783029
-25.302577246620665,-24.77985046867127
-25.29760494487849,-24.778014688304104
-25.292632643136315,-24.776178186506097
-25.28766034139414,-24.774340963054588
-25.282688039651966,-24.77250301772678
-25.27771573790979,-24.77066435029996
-25.27274343616762,-24.768824960551182
-25.267771134425445,-24.766984848257604
-25.26279883268327,-24.765144013196327
-25.257826530941095,-24.7633024551443
-25.25285422919892,-24.761460173878525
-25.247881927456746,-24.759617169175897
-25.24290962571457,-24.757773440813335
-25.2379373239724,-24.75592898856761
-25.232965022230225,-24.754083812215548
-25.22799272048805,-24.75223791153387
-25.223020418745875,-24.750391286299255
-25.2180481170037,-24.748543936288353
-25.213075815261526,-24.74669586127774
-25.208103513519355,-24.744847061043973
-25.20313121177718,-24.742997535363568
-25.198158910035005,-24.74114728401295
-25.19318660829283,-24.739296306768555
-25.188214306550655,-24.73744460340668
-25.18324200480848,-24.735592173703687
-25.17826970306631,-24.733739017435845
-25.173297401324135,-24.73188513437937
-25.16832509958196,-24.730030524310415
-25.163352797839785,-24.728175187005082
-25.15838049609761,-24.726319122239488
-25.153408194355436,-24.724462329789667
-25.14843589261326,-24.72260480943157
-25.14346359087109,-24.720746560941162
-25.138491289128915,-24.718887584094315
-25.13351898738674,-24.717027878666887
-25.128546685644565,-24.715167444434638
-25.12357438390239,-24.713306281173335
-25.118602082160216,-24.711444388658688
-25.113629780418044,-24.709581766666368
-25.10865747867587,-24.707718414971932
-25.103685176933695,-24.705854333350985
-25.09871287519152,-24.70398952157905
-25.093740573449345,-24.702123979431548
-25.08876827170717,-24.70025770668395
-25.083795969965,-24.69839070311158
-25.078823668222824,-24.696522968489795
-25.07385136648065,-24.69465450259386
-25.068879064738475,-24.692785305198985
-25.0639067629963,-24.690915376080426
-25.058934461254125,-24.689044715013267
-25.05396215951195,-24.687173321772626
-25.04898985776978,-24.685301196133505
-25.044017556027605,-24.68342833787093
-25.03904525428543,-24.681554746759883
-25.034072952543255,-24.679680422575238
-25.02910065080108,-24.677805365091835
-25.024128349058905,-24.67592957408451
-25.019156047316734,-24.674053049327995
-25.01418374557456,-24.672175790597084
-25.009211443832385,-24.670297797666343
-25.00423914209021,-24.668419070310478
-24.999266840348035,-24.666539608303992
-24.99429453860586,-24.664659411421482
-24.98932223686369,-24.66277847943741
-24.984349935121514,-24.66089681212616
-24.97937763337934,-24.659014409262216
-24.974405331637165,-24.657131270619846
-24.96943302989499,-24.65524739597334
-24.964460728152815,-24.653362785096988
-24.95948842641064,-24.65147743776496
-24.95451612466847,-24.649591353751415
-24.949543822926294,-24.64770453283047
-24.94457152118412,-24.64581697477621
-24.939599219441945,-24.64392867936259
-24.93462691769977,-24.642039646363607
-24.929654615957595,-24.640149875553206
-24.924682314215424,-24.638259366705206
-24.91971001247325,-24.63636811959344
-24.914737710731075,-24.63447613399173
-24.9097654089889,-24.632583409673764
-24.904793107246725,-24.630689946413252
-24.89982080550455,-24.628795743983822
-24.89484850376238,-24.626900802159064
-24.889876202020204,-24.625005120712494
-24.88490390027803,-24.62310869941766
-24.879931598535855,-24.621211538048005
-24.87495929679368,-24.619313636376884
-24.869986995051505,-24.6174149941777
-24.86501469330933,-24.615515611223753
-24.86004239156716,-24.613615487288296
-24.855070089824984,-24.611714622144554
-24.85009778808281,-24.609813015565663
-24.845125486340635,-24.60791066732481
-24.84015318459846,-24.606007577195005
-24.835180882856285,-24.604103744949292
-24.830208581114114,-24.60219917036068
-24.82523627937194,-24.60029385320208
-24.820263977629764,-24.59838779324639
-24.81529167588759,-24.59648099026644
-24.810319374145415,-24.594573444035007
-24.80534707240324,-24.59266515432487
-24.80037477066107,-24.59075612090872
-24.795402468918894,-24.588846343559197
-24.79043016717672,-24.586935822048925
-24.785457865434545,-24.58502455615044
-24.78048556369237,-24.583112545636258
-24.775513261950195,-24.581199790278855
-24.77054096020802,-24.57928628985066
-24.76556865846585,-24.577372044124022
-24.760596356723674,-24.57545705287126
-24.7556240549815,-24.5735413158647
-24.750651753239325,-24.571624832876488
-24.74567945149715,-24.56970760367885
-24.740707149754975,-24.567789628043982
-24.735734848012804,-24.56587090574388
-24.73076254627063,-24.56395143655065
-24.725790244528454,-24.562031220236225
-24.72081794278628,-24.56011025657263
-24.715845641044105,-24.55818854533171
-24.71087333930193,-24.556266086285362
-24.70590103755976,-24.554342879205368
-24.700928735817584,-24.552418923863492
-24.69595643407541,-24.550494220031435
-24.690984132333234,-24.548568767480877
-24.68601183059106,-24.546642565983436
-24.681039528848885,-24.544715615310714
-24.67606722710671,-24.54278791523421
-24.67109492536454,-24.54085946552539
-24.666122623622364,-24.53893026595571
-24.66115032188019,-24.53700031629656
-24.656178020138015,-24.535069616319266
-24.65120571839584,-24.533138165795112
-24.646233416653665,-24.53120596449538
-24.641261114911494,-24.52927301219123
-24.63628881316932,-24.527339308653836
-24.631316511427144,-24.5254048536543
-24.62634420968497,-24.523469646963655
-24.621371907942795,-24.521533688352935
-24.61639960620062,-24.5195969775931
-24.61142730445845,-24.517659514455058
-24.606455002716274,-24.515721298709718
-24.6014827009741,-24.513782330127842
-24.596510399231924,-24.51184260848028
-24.59153809748975,-24.50990213353769
-24.586565795747575,-24.50796090507077
-24.5815934940054,-24.506018922850203
-24.57662119226323,-24.504076186646532
-24.571648890521054,-24.502132696230298
-24.56667658877888,-24.50018845137201
-24.561704287036704,-24.498243451842146
-24.55673198529453,-24.496297697411062
-24.551759683552355,-24.494351187849134
-24.546787381810184,-24.49240392292663
-24.54181508006801,-24.490455902413846
-24.536842778325834,-24.488507126081007
-24.53187047658366,-24.486557593698286
-24.526898174841484,-24.484607305035773
-24.52192587309931,-24.482656259863536
-24.51695357135714,-24.480704457951642
-24.511981269614964,-24.478751899070026
-24.50700896787279,-24.476798582988646
-24.502036666130614,-24.474844509477354
-24.49706436438844,-24.472889678306032
-24.492092062646265,-24.47093408924447
-24.48711976090409,-24.468977742062364
-24.48214745916192,-24.467020636529472
-24.477175157419744,-24.465062772415422
-24.47220285567757,-24.463104149489816
-24.467230553935394,-24.461144767522157
-24.46225825219322,-24.459184626282067
-24.457285950451045,-24.457223725538924
-24.452313648708873,-24.45526206506219
-24.4473413469667,-24.453299644621186
-24.442369045224524,-24.451336463985278
-24.43739674348235,-24.449372522923728
-24.432424441740174,-24.447407821205758
-24.427452139998,-24.445442358600566
-24.42247983825583,-24.443476134877294
-24.417507536513654,-24.441509149805007
-24.41253523477148,-24.439541403152745
-24.407562933029304,-24.437572894689517
-24.40259063128713,-24.435603624184264
-24.397618329544954,-24.433633591405894
-24.39264602780278,-24.43166279612326
-24.38767372606061,-24.429691238105146
-24.382701424318434,-24.42771891712034
-24.37772912257626,-24.425745832937558
-24.372756820834084,-24.42377198532546
-24.36778451909191,-24.421797374052648
-24.362812217349735,-24.419821998887684
-24.357839915607563,-24.417845859599144
-24.35286761386539,-24.4158689559555
-24.347895312123214,-24.413891287725153
-24.34292301038104,-24.411912854676476
-24.337950708638864,-24.40993365657784
-24.33297840689669,-24.407953693197538
-24.32800610515452,-24.40597296430382
-24.323033803412343,-24.403991469664856
-24.31806150167017,-24.40200920904879
-24.313089199927994,-24.400026182223765
-24.30811689818582,-24.398042388957805
-24.303144596443644,-24.396057829018957
-24.29817229470147,-24.39407250217517
-24.2931999929593,-24.392086408194313
-24.288227691217124,-24.390099546844333
-24.28325538947495,-24.388111917893
-24.278283087732774,-24.386123521108097
-24.2733107859906,-24.38413435625736
-24.268338484248424,-24.382144423108468
-24.263366182506253,-24.380153721429092
-24.25839388076408,-24.378162250986765
-24.253421579021904,-24.37617001154907
-24.24844927727973,-24.374177002883467
-24.243476975537554,-24.372183224757418
-24.23850467379538,-24.370188676938344
-24.233532372053208,-24.36819335919359
-24.228560070311033,-24.366197271290446
-24.22358776856886,-24.36420041299618
-24.218615466826684,-24.362202784078008
-24.21364316508451,-24.36020438430311
-24.208670863342334,-24.35820521343858
-24.20369856160016,-24.356205271251508
-24.198726259857988,-24.35420455750893
-24.193753958115813,-24.352203071977815
-24.18878165637364,-24.35020081442508
-24.183809354631464,-24.34819778461763
-24.17883705288929,-24.346193982322298
-24.173864751147114,-24.344189407305876
-24.168892449404943,-24.34218405933511
-24.16392014766277,-24.34017793817669
-24.158947845920594,-24.338171043597303
-24.15397554417842,-24.33616337536351
-24.149003242436244,-24.334154933241855
-24.14403094069407,-24.332145716998898
-24.139058638951898,-24.33013572640108
-24.134086337209723,-24.328124961214836
-24.12911403546755,-24.326113421206518
-24.124141733725374,-24.32410110614248
-24.1191694319832,-24.32208801578891
-24.114197130241024,-24.320074149912145
-24.10922482849885,-24.318059508278324
-24.104252526756678,-24.316044090653588
-24.099280225014503,-24.314027896803992
-24.09430792327233,-24.312010926495613
-24.089335621530154,-24.30999317949446
-24.08436331978798,-24.307974655566458
-24.079391018045804,-24.30595535447751
-24.074418716303633,-24.303935275993464
-24.069446414561458,-24.301914419880163
-24.064474112819283,-24.29989278590336
-24.05950181107711,-24.29787037382871
-24.054529509334934,-24.295847183421966
-24.04955720759276,-24.293823214448672
-24.044584905850588,-24.29179846667444
-24.039612604108413,-24.28977293986482
-24.03464030236624,-24.28774663378527
-24.029668000624063,-24.285719548201236
-24.02469569888189,-24.283691682878064
-24.019723397139714,-24.281663037581133
-24.01475109539754,-24.279633612075727
-24.009778793655368,-24.277603406127092
-24.004806491913193,-24.275572419500424
-23.99983419017102,-24.273540651960875
-23.994861888428844,-24.271508103273547
-23.98988958668667,-24.269474773203516
-23.984917284944494,-24.267440661515785
-23.979944983202323,-24.265405767975317
-23.974972681460148,-24.26337009234703
-23.970000379717973,-24.26133363439582
-23.9650280779758,-24.25929639388646
-23.960055776233624,-24.257258370583784
-23.95508347449145,-24.25521956425251
-23.950111172749278,-24.25317997465727
-23.945138871007103,-24.251139601562784
-23.940166569264928,-24.249098444733566
-23.935194267522753,-24.24705650393421
-23.93022196578058,-24.245013778929206
-23.925249664038404,-24.242970269483
-23.92027736229623,-24.24092597535998
-23.915305060554058,-24.238880896324545
-23.910332758811883,-24.236835032140945
-23.90536045706971,-24.234788382573495
-23.900388155327533,-24.23274094738639
-23.89541585358536,-24.230692726343786
-23.890443551843184,-24.228643719209845
-23.885471250101013,-24.2265939257486
-23.880498948358838,-24.22454334572412
-23.875526646616663,-24.222491978900365
-23.87055434487449,-24.220439825041268
-23.865582043132314,-24.21838688391073
-23.86060974139014,-24.216333155272544
-23.855637439647968,-24.214278638890608
-23.850665137905793,-24.212223334528602
-23.845692836163618,-24.210167241950224
-23.840720534421443,-24.208110360919136
-23.83574823267927,-24.20605269119897
-23.830775930937094,-24.20399423255324
-23.82580362919492,-24.201934984745513
-23.820831327452748,-24.19987494753923
-23.815859025710573,-24.197814120697814
-23.810886723968398,-24.19575250398463
-23.805914422226223,-24.19369009716305
-23.80094212048405,-24.19162689999629
-23.795969818741874,-24.189562912247634
-23.790997516999703,-24.18749813368024
-23.786025215257528,-24.185432564057262
-23.781052913515353,-24.1833662031418
-23.776080611773178,-24.181299050696857
-23.771108310031003,-24.179231106485506
-23.76613600828883,-24.177162370270665
-23.761163706546657,-24.175092841815232
-23.756191404804483,-24.173022520882043
-23.751219103062308,-24.170951407233964
-23.746246801320133,-24.168879500633732
-23.74127449957796,-24.166806800844082
-23.736302197835784,-24.164733307627667
-23.73132989609361,-24.162659020747128
-23.726357594351438,-24.160583939965043
-23.721385292609263,-24.158508065043907
-23.716412990867088,-24.156431395746267
-23.711440689124913,-24.154353931834535
-23.70646838738274,-24.152275673071095
-23.701496085640564,-24.150196619218303
-23.696523783898392,-24.14811677003845
-23.691551482156218,-24.14603612529379
-23.686579180414043,-24.143954684746532
-23.681606878671868,-24.141872448158814
-23.676634576929693,-24.13978941529279
-23.67166227518752,-24.13770558591047
-23.666689973445347,-24.13562095977393
-23.661717671703173,-24.13353553664512
-23.656745369960998,-24.131449316285945
-23.651773068218823,-24.12936229845829
-23.646800766476648,-24.127274482923994
-23.641828464734473,-24.12518586944483
-23.6368561629923,-24.123096457782534
-23.631883861250127,-24.12100624769886
-23.626911559507953,-24.118915238955363
-23.621939257765778,-24.116823431313655
-23.616966956023603,-24.114730824535314
-23.61199465428143,-24.112637418381873
-23.607022352539254,-24.110543212614736
-23.602050050797082,-24.108448206995348
-23.597077749054908,-24.106352401285022
-23.592105447312733,-24.104255795245113
-23.587133145570558,-24.102158388636912
-23.582160843828383,-24.100060181221608
-23.57718854208621,-24.09796117276038
-23.572216240344037,-24.09586136301435
-23.567243938601862,-24.093760751744643
-23.562271636859688,-24.091659338712258
-23.557299335117513,-24.08955712367818
-23.552327033375338,-24.0874541064034
-23.547354731633163,-24.08535028664875
-23.54238242989099,-24.083245664175152
-23.537410128148817,-24.081140238743338
-23.532437826406643,-24.079034010114093
-23.527465524664468,-24.076926978048125
-23.522493222922293,-24.074819142306115
-23.517520921180118,-24.07271050264867
-23.512548619437943,-24.070601058836353
-23.507576317695772,-24.06849081062966
-23.502604015953597,-24.066379757789107
-23.497631714211423,-24.064267900075084
-23.492659412469248,-24.062155237248042
-23.487687110727073,-24.060041769068253
-23.4827148089849,-24.057927495296042
-23.477742507242727,-24.05581241569164
-23.472770205500552,-24.05369653001519
-23.467797903758377,-24.051579838026935
-23.462825602016203,-24.049462339486926
-23.457853300274028,-24.047344034155234
-23.452880998531853,-24.04522492179184
-23.447908696789682,-24.043105002156743
-23.442936395047507,-24.040984275009833
-23.437964093305332,-24.03886274011096
-23.432991791563158,-24.03674039722001
-23.428019489820983,-24.034617246096698
-23.423047188078808,-24.032493286500763
-23.418074886336633,-24.03036851819193
-23.413102584594462,-24.028242940929797
-23.408130282852287,-24.026116554473948
-23.403157981110112,-24.023989358583947
-23.398185679367938,-24.021861353019258
-23.393213377625763,-24.019732537539355
-23.388241075883588,-24.01760291190363
-23.383268774141417,-24.015472475871494
-23.378296472399242,-24.013341229202165
-23.373324170657067,-24.011209171654937
-23.368351868914893,-24.009076302989023
-23.363379567172718,-24.006942622963642
-23.358407265430543,-24.00480813133784
-23.353434963688372,-24.002672827870757
-23.348462661946197,-24.00053671232138
-23.343490360204022,-23.99839978444868
-23.338518058461847,-23.99626204401164
-23.333545756719673,-23.994123490769116
-23.328573454977498,-23.991984124479977
-23.323601153235323,-23.98984394490298
-23.318628851493152,-23.98770295179688
-23.313656549750977,-23.985561144920403
-23.308684248008802,-23.98341852403221
-23.303711946266628,-23.981275088890882
-23.298739644524453,-23.97913083925496
-23.293767342782278,-23.97698577488302
-23.288795041040107,-23.97483989553349
-23.283822739297932,-23.97269320096482
-23.278850437555757,-23.97054569093536
-23.273878135813582,-23.96839736520345
-23.268905834071408,-23.966248223527362
-23.263933532329233,-23.964098265665335
-23.25896123058706,-23.96194749137558
-23.253988928844887,-23.959795900416193
-23.249016627102712,-23.95764349254529
-23.244044325360537,-23.955490267520968
-23.239072023618363,-23.95333622510117
-23.234099721876188,-23.95118136504385
-23.229127420134013,-23.94902568710696
-23.22415511839184,-23.946869191048343
-23.219182816649667,-23.944711876625764
-23.214210514907492,-23.942553743597074
-23.209238213165317,-23.940394791719967
-23.204265911423143,-23.93823502075211
-23.199293609680968,-23.936074430451125
-23.194321307938797,-23.93391302057458
-23.189349006196622,-23.931750790880088
-23.184376704454447,-23.92958774112503
-23.179404402712272,-23.927423871066956
-23.174432100970098,-23.92525918046316
-23.169459799227923,-23.92309366907108
-23.16448749748575,-23.920927336647974
-23.159515195743577,-23.918760182951072
-23.154542894001402,-23.916592207737654
-23.149570592259227,-23.914423410764815
-23.144598290517052,-23.91225379178973
-23.139625988774878,-23.91008335056941
-23.134653687032703,-23.90791208686093
-23.12968138529053,-23.905740000421247
-23.124709083548357,-23.903567091007258
-23.119736781806182,-23.90139335837589
-23.114764480064007,-23.899218802283997
-23.109792178321833,-23.897043422488323
-23.104819876579658,-23.89486721874563
-23.099847574837487,-23.8926901908126
-23.09487527309531,-23.890512338445923
-23.089902971353137,-23.888333661402175
-23.084930669610962,-23.886154159437893
-23.079958367868787,-23.883973832309614
-23.074986066126613,-23.881792679773806
-23.07001376438444,-23.87961070158687
-23.065041462642267,-23.877427897505196
-23.060069160900092,-23.875244267285087
-23.055096859157917,-23.873059810682857
-23.050124557415742,-23.8708745274547
-23.045152255673568,-23.868688417356786
-23.040179953931393,-23.866501480145313
-23.03520765218922,-23.864313715576344
-23.030235350447047,-23.862125123405914
-23.025263048704872,-23.85993570338999
-23.020290746962697,-23.857745455284608
-23.015318445220522,-23.855554378845625
-23.010346143478348,-23.85336247382889
-23.005373841736176,-23.851169739990222
-23.000401539994,-23.84897617708539
-22.995429238251827,-23.846781784870107
-22.990456936509652,-23.844586563100087
-22.985484634767477,-23.842390511530887
-22.980512333025302,-23.84019362991813
-22.97554003128313,-23.83799591801736
-22.970567729540956,-23.835797375584036
-22.96559542779878,-23.833598002373602
-22.960623126056607,-23.831397798141445
-22.955650824314432,-23.829196762642933
-22.950678522572257,-23.826994895633348
-22.945706220830083,-23.824792196867975
-22.94073391908791,-23.822588666101943
-22.935761617345737,-23.820384303090524
-22.930789315603562,-23.818179107588755
-22.925817013861387,-23.815973079351718
-22.920844712119212,-23.813766218134436
-22.915872410377037,-23.811558523691915
-22.910900108634866,-23.809349995779026
-22.90592780689269,-23.807140634150677
-22.900955505150517,-23.804930438561705
-22.895983203408342,-23.80271940876691
-22.891010901666167,-23.800507544521036
-22.886038599923992,-23.79829484557873
-22.88106629818182,-23.796081311694696
-22.876093996439646,-23.79386694262353
-22.87112169469747,-23.79165173811978
-22.866149392955297,-23.789435697937904
-22.861177091213122,-23.78721882183244
-22.856204789470947,-23.78500110955777
-22.851232487728772,-23.782782560868267
-22.8462601859866,-23.78056317551825
-22.841287884244426,-23.778342953262012
-22.83631558250225,-23.77612189385378
-22.831343280760077,-23.77389999704771
-22.826370979017902,-23.771677262597997
-22.821398677275727,-23.769453690258675
-22.816426375533556,-23.76722927978381
-22.81145407379138,-23.765004030927386
-22.806481772049207,-23.762777943443368
-22.801509470307032,-23.76055101708567
-22.796537168564857,-23.75832325160815
-22.791564866822682,-23.756094646764584
-22.78659256508051,-23.753865202308805
-22.781620263338336,-23.751634917994455
-22.77664796159616,-23.74940379357527
-22.771675659853987,-23.747171828804824
-22.766703358111812,-23.744939023436736
-22.761731056369637,-23.742705377224514
-22.756758754627462,-23.740470889921674
-22.75178645288529,-23.738235561281613
-22.746814151143116,-23.735999391057785
-22.74184184940094,-23.733762379003476
-22.736869547658767,-23.731524524872018
-22.731897245916592,-23.72928582841666
-22.726924944174417,-23.72704628939064
-22.721952642432246,-23.724805907547058
-22.71698034069007,-23.722564682639057
-22.712008038947896,-23.720322614419715
-22.70703573720572,-23.71807970264208
-22.702063435463547,-23.715835947059038
-22.697091133721372,-23.713591347423638
-22.6921188319792,-23.711345903488677
-22.687146530237026,-23.70909961500701
-22.68217422849485,-23.706852481731442
-22.677201926752677,-23.704604503414725
-22.6722296250105,-23.70235567980951
-22.667257323268327,-23.700106010668467
-22.662285021526152,-23.697855495744246
-22.65731271978398,-23.695604134789356
-22.652340418041806,-23.693351927556332
-22.64736811629963,-23.69109887379762
-22.642395814557457,-23.68884497326565
-22.637423512815282,-23.6865902257128
-22.632451211073107,-23.68433463089137
-22.627478909330936,-23.682078188553657
-22.62250660758876,-23.67982089845191
-22.617534305846586,-23.677562760338283
-22.61256200410441,-23.675303773964952
-22.607589702362237,-23.673043939083986
-22.602617400620062,-23.67078325544742
-22.59764509887789,-23.668521722807302
-22.592672797135716,-23.666259340915563
-22.58770049539354,-23.66399610952407
-22.582728193651366,-23.661732028384744
-22.57775589190919,-23.659467097249376
-22.572783590167017,-23.657201315869752
-22.567811288424842,-23.654934683997535
-22.56283898668267,-23.65266720138449
-22.557866684940496,-23.650398867782194
-22.55289438319832,-23.6481296829422
-22.547922081456147,-23.645859646616135
-22.54294977971397,-23.643588758555428
-22.537977477971797,-23.64131701851151
-22.533005176229626,-23.639044426235827
-22.52803287448745,-23.636770981479707
-22.523060572745276,-23.63449668399446
-22.5180882710031,-23.632221533531304
-22.513115969260927,-23.629945529841535
-22.508143667518752,-23.627668672676243
-22.50317136577658,-23.62539096178658
-22.498199064034406,-23.623112396923638
-22.49322676229223,-23.6208329778384
-22.488254460550056,-23.618552704281868
-22.48328215880788,-23.61627157600498
-22.478309857065707,-23.613989592758635
-22.473337555323532,-23.611706754293664
-22.46836525358136,-23.609423060360836
-22.463392951839186,-23.607138510710946
-22.45842065009701,-23.604853105094676
-22.453448348354836,-23.60256684326267
-22.44847604661266,-23.600279724965564
-22.443503744870487,-23.5979917499539
-22.438531443128316,-23.59570291797821
-22.43355914138614,-23.593413228788943
-22.428586839643966,-23.59112268213657
-22.42361453790179,-23.5888312777714
-22.418642236159616,-23.586539015443822
-22.41366993441744,-23.58424589490411
-22.40869763267527,-23.581951915902486
-22.403725330933096,-23.579657078189175
-22.39875302919092,-23.577361381514272
-22.393780727448746,-23.57506482562794
-22.38880842570657,-23.572767410280175
-22.383836123964397,-23.570469135221046
-22.378863822222222,-23.568170000200443
-22.37389152048005,-23.565870004968342
-22.368919218737876,-23.563569149274592
-22.3639469169957,-23.561267432868995
-22.358974615253526,-23.558964855501358
-22.35400231351135,-23.556661416921408
-22.349030011769177,-23.554357116878816
-22.344057710027005,-23.55205195512323
-22.33908540828483,-23.549745931404207
-22.334113106542656,-23.54743904547135
-22.32914080480048,-23.54513129707411
-22.324168503058306,-23.542822685961973
-22.31919620131613,-23.540513211884317
-22.31422389957396,-23.538202874590535
-22.309251597831786,-23.535891673829916
-22.30427929608961,-23.533579609351715
-22.299306994347436,-23.531266680905194
-22.29433469260526,-23.52895288823947
-22.289362390863086,-23.52663823110373
-22.28439008912091,-23.524322709247038
-22.27941778737874,-23.52200632241843
-22.274445485636566,-23.51968907036687
-22.26947318389439,-23.51737095284135
-22.264500882152216,-23.51505196959072
-22.25952858041004,-23.51273212036386
-22.254556278667867,-23.510411404909572
-22.249583976925695,-23.50808982297661
-22.24461167518352,-23.505767374313656
-22.239639373441346,-23.503444058669448
-22.23466707169917,-23.501119875792547
-22.229694769956996,-23.49879482543155
-22.22472246821482,-23.49646890733498
-22.21975016647265,-23.49414212125129
-22.214777864730475,-23.49181446692897
-22.2098055629883,-23.48948594411639
-22.204833261246126,-23.487156552561867
-22.19986095950395,-23.484826292013704
-22.194888657761776,-23.48249516222021
-22.1899163560196,-23.48016316292949
-22.18494405427743,-23.477830293889802
-22.179971752535256,-23.475496554849176
-22.17499945079308,-23.47316194555572
-22.170027149050906,-23.470826465757426
-22.16505484730873,-23.468490115202318
-22.160082545566556,-23.466152893638263
-22.155110243824385,-23.463814800813196
-22.15013794208221,-23.461475836474893
-22.145165640340036,-23.45913600037119
-22.14019333859786,-23.456795292249804
-22.135221036855686,-23.454453711858466
-22.13024873511351,-23.452111258944782
-22.12527643337134,-23.44976793325636
-22.120304131629165,-23.44742373454081
-22.11533182988699,-23.445078662545587
-22.110359528144816,-23.44273271701816
-22.10538722640264,-23.44038589770597
-22.100414924660466,-23.438038204356367
-22.09544262291829,-23.4356896367167
-22.09047032117612,-23.43334019453427
-22.085498019433945,-23.43098987755626
-22.08052571769177,-23.428638685529872
-22.075553415949596,-23.4262866182023
-22.07058111420742,-23.423933675320548
-22.065608812465246,-23.421579856631737
-22.060636510723075,-23.419225161882835
-22.0556642089809,-23.41686959082082
-22.050691907238726,-23.414513143192615
-22.04571960549655,-23.41215581874505
-22.040747303754376,-23.40979761722497
-22.0357750020122,-23.407438538379154
-22.03080270027003,-23.405078581954264
-22.025830398527855,-23.402717747697064
-22.02085809678568,-23.400356035354132
-22.015885795043506,-23.397993444672135
-22.01091349330133,-23.395629975397522
-22.005941191559156,-23.393265627276804
-22.00096888981698,-23.39090040005648
-21.99599658807481,-23.38853429348292
-21.991024286332635,-23.386167307302518
-21.98605198459046,-23.38379944126153
-21.981079682848286,-23.381430695106253
-21.97610738110611,-23.37906106858295
-21.971135079363936,-23.376690561437677
-21.966162777621765,-23.374319173416666
-21.96119047587959,-23.37194690426597
-21.956218174137415,-23.36957375373161
-21.95124587239524,-23.367199721559583
-21.946273570653066,-23.364824807495843
-21.94130126891089,-23.362449011286255
-21.93632896716872,-23.360072332676737
-21.931356665426545,-23.357694771413016
-21.92638436368437,-23.355316327240892
-21.921412061942195,-23.352936999906063
-21.91643976020002,-23.350556789154204
-21.911467458457846,-23.348175694730955
-21.90649515671567,-23.345793716381856
-21.9015228549735,-23.34341085385246
-21.896550553231325,-23.341027106888202
-21.89157825148915,-23.33864247523459
-21.886605949746976,-23.33625695863699
-21.8816336480048,-23.333870556840704
-21.876661346262626,-23.3314832695911
-21.871689044520455,-23.329095096633342
-21.86671674277828,-23.326706037712743
-21.861744441036105,-23.324316092574385
-21.85677213929393,-23.321925260963383
-21.851799837551756,-23.31953354262488
-21.84682753580958,-23.317140937303783
-21.84185523406741,-23.314747444745183
-21.836882932325235,-23.312353064693937
-21.83191063058306,-23.309957796894924
-21.826938328840885,-23.30756164109304
-21.82196602709871,-23.305164597033002
-21.816993725356536,-23.302766664459664
-21.81202142361436,-23.30036784311761
-21.80704912187219,-23.297968132751553
-21.802076820130015,-23.29556753310613
-21.79710451838784,-23.293166043925805
-21.792132216645665,-23.290763664955197
-21.78715991490349,-23.288360395938707
-21.782187613161316,-23.285956236620816
-21.777215311419145,-23.28355118674586
-21.77224300967697,-23.281145246058177
-21.767270707934795,-23.278738414302058
-21.76229840619262,-23.27633069122176
-21.757326104450446,-23.273922076561444
-21.75235380270827,-23.271512570065266
-21.7473815009661,-23.269102171477364
-21.742409199223925,-23.266690880541763
-21.73743689748175,-23.264278697002453
-21.732464595739575,-23.26186562060344
-21.7274922939974,-23.259451651088636
-21.722519992255226,-23.2570367882019
-21.71754769051305,-23.254621031687048
-21.71257538877088,-23.25220438128789
-21.707603087028705,-23.24978683674814
-21.70263078528653,-23.247368397811485
-21.697658483544355,-23.244949064221593
-21.69268618180218,-23.242528835722002
-21.687713880060006,-23.240107712056336
-21.682741578317835,-23.23768569296806
-21.67776927657566,-23.235262778200664
-21.672796974833485,-23.232838967497504
-21.66782467309131,-23.23041426060199
-21.662852371349135,-23.227988657257455
-21.65788006960696,-23.22556215720711
-21.65290776786479,-23.223134760194263
-21.647935466122615,-23.220706465962024
-21.64296316438044,-23.21827727425361
-21.637990862638265,-23.21584718481206
-21.63301856089609,-23.21341619738042
-21.628046259153916,-23.210984311701708
-21.62307395741174,-23.208551527518864
-21.61810165566957,-23.20611784457483
-21.613129353927395,-23.2036832626124
-21.60815705218522,-23.20124778137446
-21.603184750443045,-23.198811400603738
-21.59821244870087,-23.196374120042986
-21.593240146958696,-23.193935939434837
-21.588267845216524,-23.191496858521997
-21.58329554347435,-23.189056877046994
-21.578323241732175,-23.18661599475238
-21.57335093999,-23.184174211380665
-21.568378638247825,-23.181731526674312
-21.56340633650565,-23.179287940375673
-21.55843403476348,-23.176843452227153
-21.553461733021305,-23.174398061971022
-21.54848943127913,-23.17195176934959
-21.543517129536955,-23.16950457410508
-21.53854482779478,-23.1670564759796
-21.533572526052605,-23.164607474715336
-21.52860022431043,-23.162157570054383
-21.52362792256826,-23.15970676173873
-21.518655620826085,-23.157255049510386
-21.51368331908391,-23.15480243311131
-21.508711017341735,-23.152348912283394
-21.50373871559956,-23.149894486768478
-21.498766413857386,-23.147439156308394
-21.493794112115214,-23.14498292064489
-21.48882181037304,-23.14252577951968
-21.483849508630865,-23.140067732674414
-21.47887720688869,-23.13760877985075
-21.473904905146515,-23.13514892079026
-21.46893260340434,-23.132688155234494
-21.46396030166217,-23.130226482924893
-21.458987999919994,-23.127763903602922
-21.45401569817782,-23.12530041700998
-21.449043396435645,-23.12283602288743
-21.44407109469347,-23.12037072097655
-21.439098792951295,-23.11790451101861
-21.43412649120912,-23.115437392754824
-21.42915418946695,-23.112969365926343
-21.424181887724774,-23.110500430274307
-21.4192095859826,-23.108030585539762
-21.414237284240425,-23.105559831463804
-21.40926498249825,-23.103088167787348
-21.404292680756075,-23.100615594251327
-21.399320379013904,-23.0981421105967
-21.39434807727173,-23.095667716564265
-21.389375775529555,-23.09319241189482
-21.38440347378738,-23.090716196329154
-21.379431172045205,-23.088239069607916
-21.37445887030303,-23.085761031471844
-21.36948656856086,-23.083282081661498
-21.364514266818684,-23.0808022199175
-21.35954196507651,-23.078321445980304
-21.354569663334335,-23.07583975959045
-21.34959736159216,-23.073357160488342
-21.344625059849985,-23.070873648414423
-21.33965275810781,-23.068389223108962
-21.33468045636564,-23.065903884312323
-21.329708154623464,-23.063417631764693
-21.32473585288129,-23.06093046520631
-21.319763551139115,-23.058442384377337
-21.31479124939694,-23.055953389017894
-21.309818947654765,-23.053463478868025
-21.304846645912594,-23.05097265366781
-21.29987434417042,-23.04848091315713
-21.294902042428244,-23.045988257076015
-21.28992974068607,-23.043494685164294
-21.284957438943895,-23.04100019716183
-21.27998513720172,-23.038504792808403
-21.27501283545955,-23.036008471843797
-21.270040533717374,-23.033511234007655
-21.2650682319752,-23.031013079039674
-21.260095930233025,-23.028514006679472
-21.25512362849085,-23.026014016666615
-21.250151326748675,-23.02351310874059
-21.2451790250065,-23.021011282640924
-21.24020672326433,-23.018508538106996
-21.235234421522154,-23.01600487487822
-21.23026211977998,-23.013500292693926
-21.225289818037805,-23.010994791293417
-21.22031751629563,-23.00848837041591
-21.215345214553455,-23.005981029800658
-21.210372912811284,-23.003472769186747
-21.20540061106911,-23.000963588313343
-21.200428309326934,-22.99845348691951
-21.19545600758476,-22.995942464744235
-21.190483705842585,-22.99343052152649
-21.18551140410041,-22.990917657005248
-21.18053910235824,-22.988403870919342
-21.175566800616064,-22.985889163007652
-21.17059449887389,-22.983373533008905
-21.165622197131714,-22.980856980661933
-21.16064989538954,-22.978339505705346
-21.155677593647365,-22.975821107877874
-21.15070529190519,-22.973301786918082
-21.14573299016302,-22.97078154256457
-21.140760688420844,-22.968260374555786
-21.13578838667867,-22.965738282630277
-21.130816084936495,-22.96321526652643
-21.12584378319432,-22.960691325982612
-21.120871481452145,-22.958166460737207
-21.115899179709974,-22.95564067052849
-21.1109268779678,-22.953113955094647
-21.105954576225624,-22.950586314173936
-21.10098227448345,-22.94805774750451
-21.096009972741275,-22.945528254824456
-21.0910376709991,-22.942997835871832
-21.08606536925693,-22.940466490384658
-21.081093067514754,-22.937934218100924
-21.07612076577258,-22.93540101875854
-21.071148464030404,-22.932866892095387
-21.06617616228823,-22.930331837849273
-21.061203860546055,-22.92779585575805
-21.05623155880388,-22.92525894555941
-21.05125925706171,-22.922721106991073
-21.046286955319534,-22.920182339790674
-21.04131465357736,-22.917642643695817
-21.036342351835184,-22.91510201844406
-21.03137005009301,-22.912560463772966
-21.026397748350835,-22.910017979419933
-21.021425446608664,-22.907474565122435
-21.01645314486649,-22.90493022061789
-21.011480843124314,-22.902384945643504
-21.00650854138214,-22.899838739936683
-21.001536239639965,-22.89729160323462
-20.99656393789779,-22.894743535274532
-20.99159163615562,-22.892194535793546
-20.986619334413444,-22.889644604528776
-20.98164703267127,-22.887093741217267
-20.976674730929094,-22.88454194559611
-20.97170242918692,-22.881989217402168
-20.966730127444745,-22.879435556372453
-20.96175782570257,-22.876880962243767
-20.9567855239604,-22.874325434753015
-20.951813222218224,-22.87176897363693
-20.94684092047605,-22.869211578632292
-20.941868618733874,-22.86665324947578
-20.9368963169917,-22.86409398590406
-20.931924015249525,-22.861533787653702
-20.926951713507354,-22.85897265446131
-20.92197941176518,-22.856410586063383
-20.917007110023004,-22.853847582196387
-20.91203480828083,-22.851283642596762
-20.907062506538654,-22.848718767000864
-20.90209020479648,-22.846152955145016
-20.89711790305431,-22.843586206765536
-20.892145601312134,-22.84101852159866
-20.88717329956996,-22.838449899380585
-20.882200997827784,-22.835880339847463
-20.87722869608561,-22.833309842735396
-20.872256394343434,-22.830738407780448
-20.86728409260126,-22.82816603471863
-20.86231179085909,-22.825592723285943
-20.857339489116914,-22.823018473218223
-20.85236718737474,-22.820443284251482
-20.847394885632564,-22.817867156121448
-20.84242258389039,-22.81529008856397
-20.837450282148215,-22.81271208131474
-20.832477980406043,-22.810133134109485
-20.82750567866387,-22.80755324668387
-20.822533376921694,-22.80497241877349
-20.81756107517952,-22.802390650113917
-20.812588773437344,-22.799807940440644
-20.80761647169517,-22.79722428948918
-20.802644169953,-22.794639696994896
-20.797671868210823,-22.792054162693212
-20.79269956646865,-22.789467686319465
-20.787727264726474,-22.786880267608932
-20.7827549629843,-22.78429190629689
-20.777782661242124,-22.78170260211846
-20.77281035949995,-22.779112354808888
-20.76783805775778,-22.776521164103226
-20.762865756015604,-22.77392902973658
-20.75789345427343,-22.771335951443916
-20.752921152531254,-22.768741928960218
-20.74794885078908,-22.766146962020457
-20.742976549046904,-22.763551050359478
-20.738004247304733,-22.76095419371213
-20.73303194556256,-22.758356391813187
-20.728059643820384,-22.75575764439744
-20.72308734207821,-22.753157951199544
-20.718115040336034,-22.750557311954168
-20.71314273859386,-22.747955726395947
-20.708170436851688,-22.745353194259412
-20.703198135109513,-22.7427497152791
-20.69822583336734,-22.740145289189492
-20.693253531625164,-22.737539915725012
-20.68828122988299,-22.734933594620053
-20.683308928140814,-22.73232632560891
-20.67833662639864,-22.729718108425896
-20.67336432465647,-22.72710894280534
-20.668392022914293,-22.72449882848135
-20.66341972117212,-22.721887765188093
-20.658447419429944,-22.719275752659737
-20.65347511768777,-22.71666279063028
-20.648502815945594,-22.714048878833832
-20.643530514203423,-22.711434017004272
-20.63855821246125,-22.708818204875595
-20.633585910719074,-22.706201442181683
-20.6286136089769,-22.703583728656366
-20.623641307234724,-22.700965064033436
-20.61866900549255,-22.69834544804665
-20.613696703750378,-22.695724880429715
-20.608724402008203,-22.693103360916282
-20.60375210026603,-22.690480889240003
-20.598779798523854,-22.687857465134428
-20.59380749678168,-22.68523308833305
-20.588835195039504,-22.682607758569382
-20.58386289329733,-22.67998147557686
-20.578890591555158,-22.677354239088853
-20.573918289812983,-22.67472604883875
-20.56894598807081,-22.6720969045598
-20.563973686328634,-22.669466805985287
-20.55900138458646,-22.666835752848414
-20.554029082844284,-22.664203744882325
-20.549056781102113,-22.6615707818202
-20.544084479359938,-22.65893686339502
-20.539112177617763,-22.656301989339887
-20.53413987587559,-22.653666159387782
-20.529167574133414,-22.65102937327159
-20.52419527239124,-22.648391630724287
-20.519222970649068,-22.645752931478608
-20.514250668906893,-22.64311327526747
-20.50927836716472,-22.640472661823562
-20.504306065422544,-22.637831090879633
-20.49933376368037,-22.63518856216831
-20.494361461938194,-22.632545075422268
-20.48938916019602,-22.629900630374056
-20.484416858453848,-22.62725522675621
-20.479444556711673,-22.624608864301194
-20.4744722549695,-22.62196154274147
-20.469499953227324,-22.61931326180947
-20.46452765148515,-22.616664021237504
-20.459555349742974,-22.614013820757872
-20.454583048000803,-22.611362660102873
-20.449610746258628,-22.608710539004715
-20.444638444516453,-22.606057457195533
-20.43966614277428,-22.603403414407506
-20.434693841032104,-22.60074841037268
-20.42972153928993,-22.598092444823116
-20.424749237547758,-22.595435517490788
-20.419776935805583,-22.592777628107648
-20.414804634063408,-22.590118776405593
-20.409832332321233,-22.587458962116493
-20.40486003057906,-22.584798184972133
-20.399887728836884,-22.58213644470435
-20.39491542709471,-22.579473741044787
-20.389943125352538,-22.576810073725127
-20.384970823610363,-22.57414544247705
-20.37999852186819,-22.5714798470321
-20.375026220126013,-22.568813287121856
-20.37005391838384,-22.566145762477767
-20.365081616641664,-22.563477272831335
-20.360109314899493,-22.560807817913936
-20.355137013157318,-22.558137397456946
-20.350164711415143,-22.55546601119167
-20.34519240967297,-22.55279365884937
-20.340220107930794,-22.550120340161307
-20.33524780618862,-22.547446054858653
-20.330275504446448,-22.54477080267254
-20.325303202704273,-22.542094583334045
-20.320330900962098,-22.539417396574216
-20.315358599219923,-22.53673924212408
-20.31038629747775,-22.534060119714574
-20.305413995735574,-22.531380029076633
-20.3004416939934,-22.528698969941075
-20.295469392251228,-22.52601694203879
-20.290497090509053,-22.523333945100532
-20.285524788766878,-22.52064997885699
-20.280552487024703,-22.517965043038874
-20.27558018528253,-22.51527913737686
-20.270607883540354,-22.512592261601526
-20.265635581798183,-22.50990441544342
-20.260663280056008,-22.50721559863305
-20.255690978313833,-22.504525810900883
-20.25071867657166,-22.50183505197732
-20.245746374829483,-22.49914332159277
-20.24077407308731,-22.496450619477535
-20.235801771345137,-22.49375694536188
-20.230829469602963,-22.49106229897611
-20.225857167860788,-22.488366680050365
-20.220884866118613,-22.48567008831479
-20.21591256437644,-22.482972523499527
-20.210940262634264,-22.48027398533459
-20.20596796089209,-22.47757447355003
-20.200995659149918,-22.474873987875828
-20.196023357407743,-22.472172528041835
-20.191051055665568,-22.469470093778
-20.186078753923393,-22.46676668481418
-20.18110645218122,-22.464062300880073
-20.176134150439044,-22.461356941705475
-20.171161848696872,-22.458650607020125
-20.166189546954698,-22.455943296553613
-20.161217245212523,-22.453235010035574
-20.156244943470348,-22.450525747195595
-20.151272641728173,-22.447815507763167
-20.146300339986,-22.445104291467775
-20.141328038243827,-22.442392098038873
-20.136355736501653,-22.43967892720584
-20.131383434759478,-22.436964778697952
-20.126411133017303,-22.43424965224461
-20.121438831275128,-22.43153354757501
-20.116466529532953,-22.428816464418365
-20.11149422779078,-22.42609840250383
-20.106521926048607,-22.423379361560578
-20.101549624306433,-22.420659341317595
-20.096577322564258,-22.41793834150396
-20.091605020822083,-22.415216361848675
-20.08663271907991,-22.412493402080635
-20.081660417337734,-22.409769461928764
-20.076688115595562,-22.40704454112192
-20.071715813853388,-22.40431863938886
-20.066743512111213,-22.401591756458377
-20.061771210369038,-22.398863892059175
-20.056798908626863,-22.396135045919973
-20.05182660688469,-22.393405217769324
-20.046854305142517,-22.390674407335865
-20.041882003400342,-22.387942614348116
-20.036909701658168,-22.38520983853455
-20.031937399915993,-22.38247607962364
-20.026965098173818,-22.37974133734377
-20.021992796431643,-22.377005611423307
-20.01702049468947,-22.374268901590558
-20.012048192947297,-22.3715312075738
-20.007075891205123,-22.368792529101245
-20.002103589462948,-22.3660528659011
-19.997131287720773,-22.363312217701456
-19.992158985978598,-22.360570584230423
-19.987186684236423,-22.357827965216064
-19.982214382494252,-22.355084360386375
-19.977242080752077,-22.35233976946929
-19.972269779009903,-22.34959419219273
-19.967297477267728,-22.346847628284568
-19.962325175525553,-22.344100077472614
-19.95735287378338,-22.341351539484666
-19.952380572041207,-22.338602014048433
-19.947408270299032,-22.335851500891604
-19.942435968556858,-22.333099999741865
-19.937463666814683,-22.33034751032675
-19.932491365072508,-22.327594032373856
-19.927519063330333,-22.324839565610663
-19.92254676158816,-22.322084109764695
-19.917574459845987,-22.319327664563314
-19.912602158103812,-22.316570229733923
-19.907629856361638,-22.313811805003812
-19.902657554619463,-22.311052390100333
-19.897685252877288,-22.308291984750674
-19.892712951135113,-22.30553058868205
-19.887740649392942,-22.302768201621642
-19.882768347650767,-22.300004823296504
-19.877796045908593,-22.297240453433748
-19.872823744166418,-22.294475091760358
-19.867851442424243,-22.29170873800335
-19.862879140682068,-22.28894139188962
-19.857906838939897,-22.286173053146054
-19.852934537197722,-22.283403721499514
-19.847962235455547,-22.280633396676762
-19.842989933713373,-22.277862078404574
-19.838017631971198,-22.275089766409675
-19.833045330229023,-22.272316460418708
-19.82807302848685,-22.26954216015829
-19.823100726744677,-22.26676686535499
-19.818128425002502,-22.263990575735356
-19.813156123260327,-22.261213291025847
-19.808183821518153,-22.258435010952912
-19.803211519775978,-22.25565573524296
-19.798239218033803,-22.25287546362234
-19.793266916291632,-22.250094195817358
-19.788294614549457,-22.24731193155428
-19.783322312807282,-22.244528670559276
-19.778350011065108,-22.24174441255858
-19.773377709322933,-22.23895915727833
-19.768405407580758,-22.23617290444455
-19.763433105838587,-22.23338565378331
-19.758460804096412,-22.23059740502063
-19.753488502354237,-22.227808157882414
-19.748516200612062,-22.225017912094618
-19.743543898869888,-22.222226667383048
-19.738571597127713,-22.219434423473583
-19.733599295385538,-22.216641180091973
-19.728626993643367,-22.21384693696391
-19.723654691901192,-22.21105169381514
-19.718682390159017,-22.20825545037125
-19.713710088416843,-22.205458206357868
-19.708737786674668,-22.20265996150054
-19.703765484932493,-22.199860715524743
-19.698793183190322,-22.19706046815601
-19.693820881448147,-22.194259219119683
-19.688848579705972,-22.191456968141186
-19.683876277963797,-22.1886537149458
-19.678903976221623,-22.18584945925887
-19.673931674479448,-22.18304420080562
-19.668959372737277,-22.18023793931121
-19.663987070995102,-22.177430674500826
-19.659014769252927,-22.174622406099566
-19.654042467510752,-22.17181313383248
-19.649070165768578,-22.16900285742462
-19.644097864026403,-22.166191576600923
-19.639125562284228,-22.16337929108635
-19.634153260542057,-22.160566000605773
-19.629180958799882,-22.15775170488402
-19.624208657057707,-22.154936403645927
-19.619236355315532,-22.15212009661619
-19.614264053573358,-22.149302783519587
-19.609291751831183,-22.146484464080736
-19.60431945008901,-22.14366513802425
-19.599347148346837,-22.140844805074725
-19.594374846604662,-22.138023464956703
-19.589402544862487,-22.135201117394672
-19.584430243120313,-22.13237776211303
-19.579457941378138,-22.129553398836208
-19.574485639635967,-22.12672802728856
-19.56951333789379,-22.12390164719443
-19.564541036151617,-22.12107425827802
-19.559568734409442,-22.11824586026357
-19.554596432667267,-22.115416452875284
-19.549624130925093,-22.112586035837268
-19.544651829182918,-22.109754608873647
-19.539679527440747,-22.106922171708433
-19.534707225698572,-22.104088724065605
-19.529734923956397,-22.101254265669155
-19.524762622214222,-22.09841879624302
-19.519790320472048,-22.09558231551102
-19.514818018729873,-22.092744823196973
-19.5098457169877,-22.0899063190247
-19.504873415245527,-22.087066802717896
-19.499901113503352,-22.084226274000308
-19.494928811761177,-22.081384732595506
-19.489956510019002,-22.07854217822715
-19.484984208276828,-22.075698610618797
-19.480011906534656,-22.072854029493907
-19.47503960479248,-22.07000843457601
-19.470067303050307,-22.06716182558851
-19.465095001308132,-22.06431420225477
-19.460122699565957,-22.061465564298167
-19.455150397823783,-22.058615911441958
-19.450178096081608,-22.05576524340943
-19.445205794339437,-22.05291355992375
-19.44023349259726,-22.050060860708086
-19.435261190855087,-22.04720714548557
-19.430288889112912,-22.044352413979258
-19.425316587370737,-22.04149666591222
-19.420344285628563,-22.038639901007354
-19.41537198388639,-22.035782118987672
-19.410399682144217,-22.032923319576067
-19.405427380402042,-22.030063502495388
-19.400455078659867,-22.027202667468433
-19.395482776917692,-22.024340814217933
-19.390510475175518,-22.021477942466642
-19.385538173433346,-22.018614051937234
-19.38056587169117,-22.015749142352345
-19.375593569948997,-22.012883213434566
-19.370621268206822,-22.01001626490642
-19.365648966464647,-22.007148296490417
-19.360676664722472,-22.004279307909005
-19.3557043629803,-22.001409298884617
-19.350732061238126,-21.998538269139594
-19.34575975949595,-21.995666218396284
-19.340787457753777,-21.992793146376936
-19.335815156011602,-21.98991905280381
-19.330842854269427,-21.987043937399065
-19.325870552527252,-21.9841677998849
-19.32089825078508,-21.98129063998341
-19.315925949042906,-21.978412457416606
-19.31095364730073,-21.97553325190654
-19.305981345558557,-21.972653023175155
-19.301009043816382,-21.969771770944387
-19.296036742074207,-21.966889494936158
-19.291064440332036,-21.96400619487227
-19.28609213858986,-21.96112187047453
-19.281119836847687,-21.958236521464688
-19.276147535105512,-21.955350147564427
-19.271175233363337,-21.952462748495442
-19.266202931621162,-21.94957432397932
-19.26123062987899,-21.946684873737702
-19.256258328136816,-21.943794397492038
-19.25128602639464,-21.94090289496387
-19.246313724652467,-21.938010365874593
-19.241341422910292,-21.935116809945658
-19.236369121168117,-21.932222226898396
-19.231396819425942,-21.929326616454134
-19.22642451768377,-21.926429978334102
-19.221452215941596,-21.923532312259567
-19.21647991419942,-21.920633617951673
-19.211507612457247,-21.917733895131576
-19.206535310715072,-21.914833143520376
-19.201563008972897,-21.911931362839102
-19.196590707230726,-21.909028552808767
-19.19161840548855,-21.906124713150316
-19.186646103746376,-21.903219843584708
-19.1816738020042,-21.900313943832757
-19.176701500262027,-21.897407013615354
-19.171729198519852,-21.89449905265323
-19.16675689677768,-21.89159006066713
-19.161784595035506,-21.88868003737781
-19.15681229329333,-21.885768982505834
-19.151839991551157,-21.88285689577188
-19.146867689808982,-21.879943776896475
-19.141895388066807,-21.87702962560018
-19.136923086324632,-21.87411444160346
-19.13195078458246,-21.871198224626728
-19.126978482840286,-21.86828097439037
-19.12200618109811,-21.86536269061476
-19.117033879355937,-21.862443373020167
-19.112061577613762,-21.8595230213269
-19.107089275871587,-21.856601635255124
-19.102116974129416,-21.85367921452505
-19.09714467238724,-21.850755758856803
-19.092172370645066,-21.847831267970427
-19.08720006890289,-21.844905741585972
-19.082227767160717,-21.841979179423458
-19.077255465418542,-21.83905158120284
-19.07228316367637,-21.83612294664399
-19.067310861934196,-21.83319327546682
-19.06233856019202,-21.83026256739111
-19.057366258449846,-21.827330822136663
-19.05239395670767,-21.82439803942319
-19.047421654965497,-21.821464218970405
-19.042449353223322,-21.818529360497937
-19.03747705148115,-21.815593463725392
-19.032504749738976,-21.81265652837233
-19.0275324479968,-21.809718554158295
-19.022560146254627,-21.80677954080271
-19.01758784451245,-21.80383948802503
-19.012615542770277,-21.800898395544625
-19.007643241028106,-21.797956263080827
-19.00267093928593,-21.79501309035297
-18.997698637543756,-21.79206887708028
-18.99272633580158,-21.789123622981958
-18.987754034059407,-21.78617732777722
-18.982781732317232,-21.783229991185106
-18.97780943057506,-21.78028161292476
-18.972837128832886,-21.777332192715175
-18.96786482709071,-21.774381730275394
-18.962892525348536,-21.77143022532429
-18.95792022360636,-21.768477677580833
-18.952947921864187,-21.76552408676384
-18.947975620122012,-21.762569452592178
-18.94300331837984,-21.75961377478456
-18.938031016637666,-21.756657053059747
-18.93305871489549,-21.753699287136413
-18.928086413153316,-21.750740476733203
-18.92311411141114,-21.747780621568733
-18.918141809668967,-21.744819721361544
-18.913169507926796,-21.741857775830113
-18.90819720618462,-21.738894784692974
-18.903224904442446,-21.735930747668505
-18.89825260270027,-21.732965664475095
-18.893280300958097,-21.72999953483108
-18.88830799921592,-21.72703235845475
-18.88333569747375,-21.724064135064385
-18.878363395731576,-21.721094864378138
-18.8733910939894,-21.71812454611422
-18.868418792247226,-21.715153179990747
-18.86344649050505,-21.71218076572574
-18.858474188762877,-21.70920730303728
-18.853501887020702,-21.706232791643373
-18.84852958527853,-21.703257231261908
-18.843557283536356,-21.70028062161082
-18.83858498179418,-21.69730296240795
-18.833612680052006,-21.69432425337112
-18.82864037830983,-21.69134449421812
-18.823668076567657,-21.688363684666665
-18.818695774825486,-21.68538182443442
-18.81372347308331,-21.68239891323904
-18.808751171341136,-21.679414950798133
-18.80377886959896,-21.67642993682925
-18.798806567856786,-21.673443871049873
-18.79383426611461,-21.67045675317748
-18.78886196437244,-21.667468582929526
-18.783889662630266,-21.664479360023346
-18.77891736088809,-21.66148908417631
-18.773945059145916,-21.658497755105696
-18.76897275740374,-21.655505372528754
-18.764000455661566,-21.652511936162675
-18.75902815391939,-21.649517445724644
-18.75405585217722,-21.646521900931784
-18.749083550435046,-21.64352530150114
-18.74411124869287,-21.640527647149778
-18.739138946950696,-21.637528937594688
-18.73416664520852,-21.63452917255279
-18.729194343466347,-21.631528351740982
-18.724222041724175,-21.628526474876146
-18.719249739982,-21.625523541675093
-18.714277438239826,-21.62251955185458
-18.70930513649765,-21.61951450513135
-18.704332834755476,-21.616508401222085
-18.6993605330133,-21.613501239843423
-18.69438823127113,-21.610493020711964
-18.689415929528955,-21.607483743544282
-18.68444362778678,-21.60447340805686
-18.679471326044606,-21.601462013966167
-18.67449902430243,-21.598449560988644
-18.669526722560256,-21.595436048840707
-18.66455442081808,-21.5924214772386
-18.65958211907591,-21.589405845898703
-18.654609817333736,-21.586389154537233
-18.64963751559156,-21.583371402870398
-18.644665213849386,-21.58035259061439
-18.63969291210721,-21.57733271748528
-18.634720610365036,-21.5743117831992
-18.629748308622865,-21.571289787472164
-18.62477600688069,-21.568266730020152
-18.619803705138516,-21.565242610559125
-18.61483140339634,-21.562217428805013
-18.609859101654166,-21.55919118447363
-18.60488679991199,-21.556163877280827
-18.59991449816982,-21.55313550694236
-18.594942196427645,-21.55010607317399
-18.58996989468547,-21.547075575691387
-18.584997592943296,-21.544044014210197
-18.58002529120112,-21.541011388446034
-18.575052989458946,-21.537977698114453
-18.57008068771677,-21.53494294293096
-18.5651083859746,-21.531907122611067
-18.560136084232425,-21.52887023687014
-18.55516378249025,-21.525832285423604
-18.550191480748076,-21.52279326798682
-18.5452191790059,-21.519753184275057
-18.540246877263726,-21.516712034003593
-18.535274575521555,-21.5136698168876
-18.53030227377938,-21.510626532642323
-18.525329972037206,-21.50758218098284
-18.52035767029503,-21.504536761624244
-18.515385368552856,-21.501490274281576
-18.51041306681068,-21.498442718669825
-18.50544076506851,-21.495394094503975
-18.500468463326335,-21.492344401498915
-18.49549616158416,-21.48929363936956
-18.490523859841986,-21.48624180783066
-18.48555155809981,-21.483188906597057
-18.480579256357636,-21.480134935383454
-18.47560695461546,-21.477079893904563
-18.47063465287329,-21.474023781875072
-18.465662351131115,-21.470966599009518
-18.46069004938894,-21.46790834502254
-18.455717747646766,-21.46484901962861
-18.45074544590459,-21.46178862254227
-18.445773144162416,-21.4587271534779
-18.440800842420245,-21.45566461214993
-18.43582854067807,-21.45260099827267
-18.430856238935895,-21.44953631156048
-18.42588393719372,-21.446470551727593
-18.420911635451546,-21.443403718488256
-18.41593933370937,-21.440335811556626
-18.4109670319672,-21.437266830646863
-18.405994730225025,-21.43419677547304
-18.40102242848285,-21.431125645749212
-18.396050126740676,-21.428053441189405
-18.3910778249985,-21.424980161507587
-18.386105523256326,-21.42190580641765
-18.38113322151415,-21.418830375633494
-18.37616091977198,-21.41575386886894
-18.371188618029805,-21.412676285837822
-18.36621631628763,-21.409597626253834
-18.361244014545456,-21.4065178898307
-18.35627171280328,-21.403437076282096
-18.351299411061106,-21.400355185321683
-18.346327109318935,-21.397272216662955
-18.34135480757676,-21.39418817001953
-18.336382505834585,-21.39110304510484
-18.33141020409241,-21.38801684163233
-18.326437902350236,-21.38492955931547
-18.32146560060806,-21.381841197867587
-18.31649329886589,-21.378751757002004
-18.311520997123715,-21.375661236431977
-18.30654869538154,-21.372569635870786
-18.301576393639365,-21.369476955031587
-18.29660409189719,-21.36638319362754
-18.291631790155016,-21.363288351371764
-18.28665948841284,-21.360192427977307
-18.28168718667067,-21.357095423157197
-18.276714884928495,-21.353997336624406
-18.27174258318632,-21.350898168091877
-18.266770281444145,-21.347797917272494
-18.26179797970197,-21.34469658387913
-18.256825677959796,-21.34159416762455
-18.251853376217625,-21.338490668221556
-18.24688107447545,-21.335386085382858
-18.241908772733275,-21.332280418821107
-18.2369364709911,-21.329173668249002
-18.231964169248926,-21.326065833379058
-18.22699186750675,-21.322956913923882
-18.22201956576458,-21.31984690959595
-18.217047264022405,-21.31673582010773
-18.21207496228023,-21.31362364517167
-18.207102660538055,-21.31051038450012
-18.20213035879588,-21.307396037805418
-18.197158057053706,-21.304280604799896
-18.19218575531153,-21.30116408519575
-18.18721345356936,-21.2980464787052
-18.182241151827185,-21.29492778504044
-18.17726885008501,-21.291808003913562
-18.172296548342835,-21.288687135036657
-18.16732424660066,-21.285565178121793
-18.162351944858486,-21.28244213288088
-18.157379643116315,-21.279317999025963
-18.15240734137414,-21.276192776268914
-18.147435039631965,-21.273066464321584
-18.14246273788979,-21.269939062895798
-18.137490436147615,-21.26681057170334
-18.13251813440544,-21.263680990455974
-18.12754583266327,-21.260550318865366
-18.122573530921095,-21.25741855664318
-18.11760122917892,-21.254285703501004
-18.112628927436745,-21.25115175915044
-18.10765662569457,-21.248016723303
-18.102684323952396,-21.244880595670146
-18.09771202221022,-21.24174337596334
-18.09273972046805,-21.238605063893985
-18.087767418725875,-21.23546565917341
-18.0827951169837,-21.232325161512946
-18.077822815241525,-21.22918357062385
-18.07285051349935,-21.226040886217362
-18.067878211757176,-21.222897108004634
-18.062905910015004,-21.219752235696845
-18.05793360827283,-21.216606269005077
-18.052961306530655,-21.21345920764038
-18.04798900478848,-21.210311051313766
-18.043016703046305,-21.207161799736227
-18.03804440130413,-21.204011452618662
-18.03307209956196,-21.20086000967198
-18.028099797819785,-21.19770747060701
-18.02312749607761,-21.194553835134563
-18.018155194335435,-21.191399102965384
-18.01318289259326,-21.188243273810215
-18.008210590851085,-21.185086347379695
-18.00323828910891,-21.181928323384465
-17.998265987366736,-21.17876920153514
-17.993293685624565,-21.17560898154222
-17.988321383882386,-21.172447663116227
-17.983349082140215,-21.16928524596764
-17.978376780398044,-21.166121729806843
-17.973404478655866,-21.162957114344238
-17.968432176913694,-21.15979139929013
-17.963459875171516,-21.156624584354862
-17.958487573429345,-21.153456669248598
-17.953515271687174,-21.150287653681637
-17.948542969944995,-21.14711753736408
-17.943570668202824,-21.143946320006062
-17.938598366460646,-21.14077400131769
-17.933626064718474,-21.137600581008947
-17.928653762976296,-21.134426058789863
-17.923681461234125,-21.13125043437038
-17.918709159491954,-21.128073707460402
-17.913736857749775,-21.124895877769795
-17.908764556007604,-21.121716945008398
-17.903792254265426,-21.118536908885993
-17.898819952523255,-21.115355769112288
-17.893847650781076,-21.112173525396976
-17.888875349038905,-21.108990177449744
-17.883903047296734,-21.105805724980215
-17.878930745554555,-21.10262016769791
-17.873958443812384,-21.0994335053124
-17.868986142070206,-21.096245737533142
-17.864013840328035,-21.09305686406959
-17.859041538585863,-21.089866884631125
-17.854069236843685,-21.08667579892714
-17.849096935101514,-21.08348360666693
-17.844124633359336,-21.080290307559757
-17.839152331617164,-21.07709590131487
-17.834180029874986,-21.073900387641444
-17.829207728132815,-21.070703766248617
-17.824235426390644,-21.067506036845547
-17.819263124648465,-21.064307199141233
-17.814290822906294,-21.06110725284471
-17.809318521164116,-21.057906197664963
-17.804346219421944,-21.054704033310944
-17.799373917679766,-21.051500759491514
-17.794401615937595,-21.048296375915545
-17.789429314195424,-21.04509088229182
-17.784457012453245,-21.04188427832912
-17.779484710711074,-21.03867656373618
-17.774512408968896,-21.035467738221655
-17.769540107226725,-21.032257801494225
-17.764567805484553,-21.02904675326242
-17.759595503742375,-21.025834593234872
-17.754623202000204,-21.02262132112003
-17.749650900258025,-21.0194069366264
-17.744678598515854,-21.016191439462396
-17.739706296773676,-21.01297482933642
-17.734733995031505,-21.009757105956798
-17.729761693289333,-21.006538269031804
-17.724789391547155,-21.003318318269777
-17.719817089804984,-21.000097253378858
-17.714844788062805,-20.996875074067248
-17.709872486320634,-20.993651780043095
-17.704900184578456,-20.990427371014476
-17.699927882836285,-20.98720184668943
-17.694955581094113,-20.98397520677599
-17.689983279351935,-20.9807474509821
-17.685010977609764,-20.977518579015676
-17.680038675867586,-20.97428859058459
-17.675066374125414,-20.971057485396738
-17.670094072383243,-20.96782526315985
-17.665121770641065,-20.9645919235817
-17.660149468898894,-20.961357466370032
-17.655177167156715,-20.95812189123245
-17.650204865414544,-20.95488519787666
-17.645232563672366,-20.951647386010176
-17.640260261930194,-20.94840845534058
-17.635287960188023,-20.94516840557537
-17.630315658445845,-20.941927236422003
-17.625343356703674,-20.93868494758789
-17.620371054961495,-20.9354415387804
-17.615398753219324,-20.932197009706883
-17.610426451477146,-20.92895136007464
-17.605454149734975,-20.925704589590868
-17.600481847992803,-20.922456697962847
-17.595509546250625,-20.91920768489769
-17.590537244508454,-20.915957550102533
-17.585564942766275,-20.91270629328446
-17.580592641024104,-20.90945391415052
-17.575620339281933,-20.90620041240769
-17.570648037539755,-20.90294578776292
-17.565675735797583,-20.899690039923154
-17.560703434055405,-20.896433168595255
-17.555731132313234,-20.89317517348604
-17.550758830571056,-20.889916054302294
-17.545786528828884,-20.886655810750803
-17.540814227086713,-20.883394442538204
-17.535841925344535,-20.880131949371197
-17.530869623602364,-20.8768683309564
-17.525897321860185,-20.873603587000385
-17.520925020118014,-20.8703377172097
-17.515952718375836,-20.867070721290837
-17.510980416633664,-20.863802598950226
-17.506008114891493,-20.860533349894318
-17.501035813149315,-20.857262973829428
-17.496063511407144,-20.85399147046192
-17.491091209664965,-20.850718839498057
-17.486118907922794,-20.847445080644132
-17.481146606180623,-20.844170193606278
-17.476174304438445,-20.84089417809071
-17.471202002696273,-20.837617033803504
-17.466229700954095,-20.834338760450738
-17.461257399211924,-20.831059357738475
-17.456285097469745,-20.827778825372704
-17.451312795727574,-20.824497163059373
-17.446340493985403,-20.82121437050436
-17.441368192243225,-20.817930447413556
-17.436395890501053,-20.81464539349277
-17.431423588758875,-20.8113592084478
-17.426451287016704,-20.808071891984405
-17.421478985274526,-20.804783443808272
-17.416506683532354,-20.801493863625026
-17.411534381790183,-20.798203151140306
-17.406562080048005,-20.79491130605969
-17.401589778305834,-20.791618328088717
-17.396617476563655,-20.788324216932875
-17.391645174821484,-20.785028972297614
-17.386672873079313,-20.78173259388832
-17.381700571337134,-20.77843508141036
-17.376728269594963,-20.775136434569095
-17.371755967852785,-20.771836653069773
-17.366783666110614,-20.76853573661766
-17.361811364368435,-20.765233684917934
-17.356839062626264,-20.761930497675735
-17.351866760884093,-20.758626174596234
-17.346894459141915,-20.755320715384446
-17.341922157399743,-20.752014119745446
-17.336949855657565,-20.74870638738421
-17.331977553915394,-20.745397518005674
-17.327005252173215,-20.742087511314782
-17.322032950431044,-20.738776367016346
-17.317060648688873,-20.735464084815234
-17.312088346946695,-20.732150664416203
-17.307116045204523,-20.728836105524028
-17.302143743462345,-20.725520407843344
-17.297171441720174,-20.722203571078882
-17.292199139978003,-20.718885594935234
-17.287226838235824,-20.71556647911693
-17.282254536493653,-20.712246223328574
-17.277282234751475,-20.70892482727459
-17.272309933009304,-20.70560229065948
-17.267337631267125,-20.702278613187598
-17.262365329524954,-20.69895379456339
-17.257393027782783,-20.69562783449112
-17.252420726040604,-20.692300732675076
-17.247448424298433,-20.688972488819513
-17.242476122556255,-20.685643102628653
-17.237503820814084,-20.6823125738066
-17.232531519071905,-20.678980902057525
-17.227559217329734,-20.675648087085463
-17.222586915587563,-20.67231412859451
-17.217614613845384,-20.668979026288564
-17.212642312103213,-20.665642779871675
-17.207670010361035,-20.662305389047678
-17.202697708618864,-20.658966853520493
-17.197725406876692,-20.65562717299392
-17.192753105134514,-20.65228634717173
-17.187780803392343,-20.6489443757577
-17.182808501650165,-20.64560125845554
-17.177836199907993,-20.642256994968868
-17.172863898165815,-20.638911585001324
-17.167891596423644,-20.635565028256515
-17.162919294681473,-20.632217324437956
-17.157946992939294,-20.628868473249106
-17.152974691197123,-20.625518474393495
-17.148002389454945,-20.62216732757448
-17.143030087712773,-20.618815032495462
-17.138057785970595,-20.61546158885973
-17.133085484228424,-20.612106996370613
-17.128113182486253,-20.608751254731352
-17.123140880744074,-20.605394363645143
-17.118168579001903,-20.602036322815174
-17.113196277259725,-20.59867713194452
-17.108223975517554,-20.595316790736327
-17.103251673775382,-20.591955298893573
-17.098279372033204,-20.588592656119285
-17.093307070291033,-20.585228862116455
-17.088334768548854,-20.581863916587935
-17.083362466806683,-20.578497819236645
-17.078390165064505,-20.57513056976542
-17.073417863322334,-20.571762167877033
-17.068445561580162,-20.56839261327425
-17.063473259837984,-20.56502190565976
-17.058500958095813,-20.561650044736265
-17.053528656353635,-20.558277030206348
-17.048556354611463,-20.55490286177267
-17.043584052869285,-20.551527539137698
-17.038611751127114,-20.548151062003967
-17.033639449384943,-20.54477343007398
-17.028667147642764,-20.541394643050094
-17.023694845900593,-20.53801470063471
-17.018722544158415,-20.53463360253017
-17.013750242416243,-20.531251348438794
-17.008777940674072,-20.527867938062823
-17.003805638931894,-20.524483371104466
-16.998833337189723,-20.521097647265876
-16.993861035447544,-20.51771076624925
-16.988888733705373,-20.51432272775665
-16.983916431963195,-20.510933531490096
-16.978944130221024,-20.50754317715163
-16.973971828478852,-20.504151664443203
-16.968999526736674,-20.500758993066786
-16.964027224994503,-20.49736516272423
-16.959054923252324,-20.49397017311735
-16.954082621510153,-20.490574023948014
-16.949110319767975,-20.487176714917947
-16.944138018025804,-20.48377824572891
-16.939165716283632,-20.480378616082522
-16.934193414541454,-20.47697782568047
-16.929221112799283,-20.473575874224345
-16.924248811057105,-20.470172761415697
-16.919276509314933,-20.466768486956035
-16.914304207572762,-20.46336305054684
-16.909331905830584,-20.459956451889557
-16.904359604088413,-20.456548690685597
-16.899387302346234,-20.453139766636262
-16.894415000604063,-20.449729679442907
-16.889442698861885,-20.44631842880679
-16.884470397119713,-20.44290601442914
-16.879498095377542,-20.439492436011133
-16.874525793635364,-20.436077693253942
-16.869553491893193,-20.432661785858674
-16.864581190151014,-20.42924471352634
-16.859608888408843,-20.42582647595804
-16.854636586666665,-20.4224070728547
-16.849664284924494,-20.418986503917292
-16.844691983182322,-20.415564768846707
-16.839719681440144,-20.41214186734383
-16.834747379697973,-20.408717799109475
-16.829775077955794,-20.40529256384437
-16.824802776213623,-20.40186616124932
-16.819830474471452,-20.398438591024984
-16.814858172729274,-20.39500985287201
-16.809885870987102,-20.39157994649105
-16.804913569244924,-20.38814887158266
-16.799941267502753,-20.38471662784737
-16.794968965760575,-20.381283214985668
-16.789996664018403,-20.37784863269801
-16.785024362276232,-20.37441288068484
-16.780052060534054,-20.37097595864649
-16.775079758791883,-20.36753786628328
-16.770107457049704,-20.36409860329554
-16.765135155307533,-20.360658169383477
-16.760162853565355,-20.35721656424732
-16.755190551823183,-20.353773787587237
-16.750218250081012,-20.350329839103342
-16.745245948338834,-20.34688471849571
-16.740273646596663,-20.343438425464424
-16.735301344854484,-20.339990959709443
-16.730329043112313,-20.336542320930754
-16.725356741370142,-20.33309250882826
-16.720384439627964,-20.329641523101877
-16.715412137885792,-20.326189363451405
-16.710439836143614,-20.322736029576642
-16.705467534401443,-20.319281521177388
-16.700495232659264,-20.315825837953327
-16.695522930917093,-20.312368979604134
-16.690550629174922,-20.308910945829474
-16.685578327432744,-20.305451736328905
-16.680606025690572,-20.301991350802002
-16.675633723948394,-20.29852978894827
-16.670661422206223,-20.295067050467225
-16.665689120464044,-20.29160313505822
-16.660716818721873,-20.28813804242069
-16.655744516979702,-20.284671772254004
-16.650772215237524,-20.281204324257445
-16.645799913495352,-20.277735698130286
-16.640827611753174,-20.274265893571787
-16.635855310011003,-20.270794910281108
-16.63088300826883,-20.267322747957362
-16.625910706526653,-20.263849406299723
-16.620938404784482,-20.260374885007234
-16.615966103042304,-20.256899183778888
-16.610993801300133,-20.25342230231373
-16.606021499557954,-20.249944240310636
-16.601049197815783,-20.246464997468564
-16.596076896073612,-20.242984573486368
-16.591104594331433,-20.239502968062865
-16.586132292589262,-20.23602018089681
-16.581159990847084,-20.232536211686995
-16.576187689104913,-20.229051060132093
-16.571215387362734,-20.22556472593074
-16.566243085620563,-20.22207720878163
-16.561270783878392,-20.21858850838328
-16.556298482136214,-20.21509862443423
-16.551326180394042,-20.211607556633
-16.546353878651864,-20.208115304678046
-16.541381576909693,-20.204621868267786
-16.53640927516752,-20.201127247100583
-16.531436973425343,-20.1976314408748
-16.526464671683172,-20.194134449288693
-16.521492369940994,-20.190636272040553
-16.516520068198822,-20.1871369088286
-16.511547766456644,-20.183636359350956
-16.506575464714473,-20.180134623305797
-16.5016031629723,-20.176631700391262
-16.496630861230123,-20.1731275903053
-16.491658559487952,-20.16962229274602
-16.486686257745774,-20.166115807411305
-16.481713956003603,-20.162608133999164
-16.476741654261424,-20.159099272207456
-16.471769352519253,-20.155589221734033
-16.466797050777082,-20.152077982276687
-16.461824749034903,-20.14856555353324
-16.456852447292732,-20.14505193520139
-16.451880145550554,-20.141537126978815
-16.446907843808383,-20.138021128563185
-16.44193554206621,-20.13450393965207
-16.436963240324033,-20.130985559943102
-16.431990938581862,-20.127465989133796
-16.427018636839684,-20.12394522692158
-16.422046335097512,-20.120423273003954
-16.417074033355334,-20.11690012707834
-16.412101731613163,-20.11337578884206
-16.40712942987099,-20.10985025799247
-16.402157128128813,-20.106323534226846
-16.397184826386642,-20.102795617242425
-16.392212524644464,-20.099266506736427
-16.387240222902292,-20.095736202406012
-16.382267921160114,-20.092204703948305
-16.377295619417943,-20.088672011060407
-16.37232331767577,-20.08513812343934
-16.367351015933593,-20.08160304078212
-16.362378714191422,-20.07806676278573
-16.357406412449244,-20.074529289147026
-16.352434110707073,-20.07099061956297
-16.3474618089649,-20.06745075373038
-16.342489507222723,-20.063909691346034
-16.33751720548055,-20.060367432106737
-16.332544903738373,-20.056823975709154
-16.327572601996202,-20.053279321850052
-16.322600300254024,-20.049733470226005
-16.317627998511853,-20.04618642053364
-16.31265569676968,-20.042638172469523
-16.307683395027503,-20.03908872573015
-16.302711093285332,-20.035538080012046
-16.297738791543154,-20.031986235011615
-16.292766489800982,-20.02843319042528
-16.287794188058804,-20.024878945949403
-16.282821886316633,-20.02132350128031
-16.27784958457446,-20.017766856114257
-16.272877282832283,-20.0142090101475
-16.267904981090112,-20.010649963076233
-16.262932679347934,-20.007089714596635
-16.257960377605762,-20.003528264404842
-16.25298807586359,-19.999965612196878
-16.248015774121413,-19.996401757668842
-16.24304347237924,-19.992836700516687
-16.238071170637063,-19.98927044043641
-16.233098868894892,-19.98570297712391
-16.228126567152714,-19.98213431027509
-16.223154265410543,-19.978564439585778
-16.21818196366837,-19.974993364751754
-16.213209661926193,-19.97142108546884
-16.20823736018402,-19.967847601432688
-16.203265058441843,-19.964272912339005
-16.198292756699672,-19.960697017883465
-16.193320454957494,-19.95711991776163
-16.188348153215323,-19.95354161166905
-16.18337585147315,-19.949962099301295
-16.178403549730973,-19.94638138035378
-16.173431247988802,-19.94279945452203
-16.168458946246623,-19.93921632150135
-16.163486644504452,-19.935631980987175
-16.15851434276228,-19.932046432674827
-16.153542041020103,-19.92845967625954
-16.14856973927793,-19.924871711436584
-16.143597437535753,-19.92128253790115
-16.138625135793582,-19.917692155348426
-16.133652834051404,-19.914100563473454
-16.128680532309232,-19.910507761971434
-16.12370823056706,-19.906913750537353
-16.118735928824883,-19.903318528866173
-16.11376362708271,-19.899722096652926
-16.108791325340533,-19.89612445359249
-16.103819023598362,-19.89252559937976
-16.098846721856184,-19.88892553370957
-16.093874420114012,-19.88532425627675
-16.08890211837184,-19.88172176677606
-16.083929816629663,-19.878118064902186
-16.07895751488749,-19.87451315034985
-16.073985213145313,-19.87090702281364
-16.069012911403142,-19.86729968198826
-16.06404060966097,-19.86369112756818
-16.059068307918793,-19.86008135924798
-16.05409600617662,-19.8564703767221
-16.049123704434443,-19.85285817968504
-16.044151402692272,-19.84924476783117
-16.039179100950093,-19.84563014085485
-16.034206799207922,-19.842014298450426
-16.02923449746575,-19.83839724031218
-16.024262195723573,-19.834778966134373
-16.0192898939814,-19.831159475611162
-16.014317592239223,-19.827538768436746
-16.009345290497052,-19.823916844305288
-16.004372988754874,-19.820293702910813
-15.999400687012702,-19.81666934394742
-15.994428385270531,-19.813043767109072
-15.989456083528353,-19.809416972089778
-15.984483781786182,-19.805788958583427
-15.979511480044003,-19.80215972628395
-15.974539178301832,-19.798529274885173
-15.96956687655966,-19.794897604080944
-15.964594574817482,-19.791264713564985
-15.959622273075311,-19.787630603031012
-15.954649971333133,-19.783995272172774
-15.949677669590962,-19.7803587206839
-15.944705367848783,-19.776720948258006
-15.939733066106612,-19.773081954588626
-15.93476076436444,-19.76944173936935
-15.929788462622263,-19.765800302293645
-15.924816160880091,-19.762157643054966
-15.919843859137913,-19.75851376134674
-15.914871557395742,-19.75486865686233
-15.909899255653563,-19.75122232929506
-15.904926953911392,-19.747574778338247
-15.899954652169221,-19.743926003685168
-15.894982350427043,-19.74027600502897
-15.890010048684871,-19.736624782062904
-15.885037746942693,-19.73297233448005
-15.880065445200522,-19.72931866197355
-15.87509314345835,-19.725663764236437
-15.870120841716172,-19.72200764096174
-15.865148539974001,-19.71835029184245
-15.860176238231823,-19.714691716571494
-15.855203936489652,-19.71103191484178
-15.850231634747473,-19.707370886346162
-15.845259333005302,-19.703708630777456
-15.84028703126313,-19.700045147828497
-15.835314729520952,-19.69638043719194
-15.830342427778781,-19.692714498560562
-15.825370126036603,-19.68904733162698
-15.820397824294432,-19.68537893608388
-15.815425522552253,-19.681709311623795
-15.810453220810082,-19.67803845793928
-15.80548091906791,-19.67436637472287
-15.800508617325733,-19.670693061666995
-15.795536315583561,-19.66701851846411
-15.790564013841383,-19.66334274480657
-15.785591712099212,-19.659665740386775
-15.78061941035704,-19.65598750489701
-15.775647108614862,-19.65230803802957
-15.770674806872691,-19.64862733947665
-15.765702505130513,-19.644945408930433
-15.760730203388341,-19.641262246083134
-15.755757901646163,-19.63757785062682
-15.750785599903992,-19.63389222225358
-15.74581329816182,-19.630205360655438
-15.740840996419642,-19.626517265524402
-15.735868694677471,-19.622827936552454
-15.730896392935293,-19.61913737343145
-15.725924091193122,-19.615445575853336
-15.720951789450943,-19.61175254350989
-15.715979487708772,-19.60805827609297
-15.7110071859666,-19.60436277329429
-15.706034884224422,-19.600666034805595
-15.701062582482251,-19.596968060318584
-15.696090280740073,-19.593268849524875
-15.691117978997902,-19.589568402116075
-15.68614567725573,-19.585866717783755
-15.681173375513552,-19.582163796219415
-15.67620107377138,-19.578459637114612
-15.671228772029203,-19.574754240160722
-15.666256470287031,-19.57104760504918
-15.661284168544853,-19.56733973147136
-15.656311866802682,-19.563630619118605
-15.65133956506051,-19.55992026768218
-15.646367263318332,-19.556208676853338
-15.641394961576161,-19.552495846323325
-15.636422659833983,-19.548781775783265
-15.631450358091811,-19.54506646492434
-15.626478056349633,-19.541349913437617
-15.621505754607462,-19.537632121014184
-15.61653345286529,-19.533913087345017
-15.611561151123112,-19.530192812121122
-15.606588849380941,-19.526471295033428
-15.601616547638763,-19.52274853577284
-15.596644245896591,-19.519024534030223
-15.59167194415442,-19.515299289496415
-15.586699642412242,-19.51157280186215
-15.58172734067007,-19.507845070818234
-15.576755038927892,-19.504116096055313
-15.571782737185721,-19.500385877264144
-15.566810435443543,-19.49665441413524
-15.561838133701372,-19.492921706359272
-15.5568658319592,-19.48918775362676
-15.551893530217022,-19.485452555628203
-15.54692122847485,-19.48171611205412
-15.541948926732672,-19.477978422594884
-15.536976624990501,-19.474239486940945
-15.532004323248323,-19.470499304782628
-15.527032021506152,-19.46675787581025
-15.52205971976398,-19.463015199714086
-15.517087418021802,-19.45927127618441
-15.512115116279631,-19.455526104911357
-15.507142814537453,-19.451779685585166
-15.502170512795281,-19.448032017895883
-15.49719821105311,-19.44428310153363
-15.492225909310932,-19.44053293618848
-15.48725360756876,-19.436781521550387
-15.482281305826582,-19.433028857309328
-15.477309004084411,-19.429274943155264
-15.472336702342233,-19.425519778778046
-15.467364400600061,-19.421763363867527
-15.46239209885789,-19.418005698113568
-15.457419797115712,-19.41424678120589
-15.45244749537354,-19.410486612834244
-15.447475193631362,-19.406725192688313
-15.442502891889191,-19.402962520457784
-15.437530590147013,-19.399198595832257
-15.432558288404842,-19.395433418501295
-15.42758598666267,-19.391666988154473
-15.422613684920492,-19.38789930448125
-15.41764138317832,-19.384130367171135
-15.412669081436142,-19.38036017591352
-15.407696779693971,-19.37658873039779
-15.4027244779518,-19.372816030313324
-15.397752176209622,-19.369042075349387
-15.39277987446745,-19.3652668651953
-15.387807572725272,-19.361490399540223
-15.3828352709831,-19.35771267807343
-15.377862969240923,-19.353933700483996
-15.372890667498751,-19.350153466461094
-15.36791836575658,-19.346371975693796
-15.362946064014402,-19.342589227871102
-15.35797376227223,-19.338805222682055
-15.353001460530052,-19.335019959815565
-15.348029158787881,-19.3312334389606
-15.343056857045703,-19.32744565980602
-15.338084555303531,-19.323656622040673
-15.33311225356136,-19.319866325353395
-15.328139951819182,-19.31607476943289
-15.32316765007701,-19.312281953967943
-15.318195348334832,-19.3084878786472
-15.313223046592661,-19.304692543159366
-15.30825074485049,-19.30089594719303
-15.303278443108312,-19.297098090436748
-15.29830614136614,-19.293298972579084
-15.293333839623962,-19.28949859330851
-15.28836153788179,-19.285696952313508
-15.283389236139612,-19.281894049282492
-15.278416934397441,-19.27808988390384
-15.27344463265527,-19.27428445586591
-15.268472330913092,-19.270477764856974
-15.26350002917092,-19.26666981056534
-15.258527727428742,-19.262860592679218
-15.25355542568657,-19.25905011088678
-15.248583123944393,-19.255238364876206
-15.243610822202221,-19.251425354335613
-15.23863852046005,-19.247611078953035
-15.233666218717872,-19.24379553841656
-15.2286939169757,-19.23997873241415
-15.223721615233522,-19.23616066063378
-15.218749313491351,-19.23234132276338
-15.21377701174918,-19.22852071849081
-15.208804710007001,-19.22469884750392
-15.20383240826483,-19.22087570949053
-15.198860106522652,-19.217051304138426
-15.19388780478048,-19.21322563113528
-15.188915503038302,-19.209398690168822
-15.183943201296131,-19.2055704809267
-15.17897089955396,-19.20174100309653
-15.173998597811782,-19.1979102563659
-15.16902629606961,-19.194078240422304
-15.164053994327432,-19.19024495495329
-15.15908169258526,-19.186410399646306
-15.154109390843082,-19.18257457418875
-15.149137089100911,-19.17873747826805
-15.14416478735874,-19.17489911157154
-15.139192485616562,-19.171059473786485
-15.13422018387439,-19.167218564600226
-15.129247882132212,-19.163376383699916
-15.12427558039004,-19.159532930772826
-15.11930327864787,-19.155688205506088
-15.114330976905691,-19.15184220758678
-15.10935867516352,-19.147994936702027
-15.104386373421342,-19.144146392538847
-15.09941407167917,-19.140296574784244
-15.094441769936992,-19.136445483125208
-15.089469468194821,-19.132593117248632
-15.08449716645265,-19.128739476841417
-15.079524864710471,-19.12488456159042
-15.0745525629683,-19.12102837118245
-15.069580261226122,-19.117170905304288
-15.06460795948395,-19.11331216364266
-15.059635657741772,-19.10945214588425
-15.054663355999601,-19.10559085171574
-15.04969105425743,-19.10172828082377
-15.044718752515251,-19.097864432894863
-15.03974645077308,-19.093999307615626
-15.034774149030902,-19.090132904672537
-15.02980184728873,-19.08626522375206
-15.02482954554656,-19.082396264540666
-15.019857243804381,-19.0785260267247
-15.01488494206221,-19.07465450999052
-15.009912640320032,-19.07078171402448
-15.00494033857786,-19.06690763851285
-14.999968036835682,-19.063032283141844
-14.99499573509351,-19.059155647597695
-14.99002343335134,-19.05527773156655
-14.985051131609161,-19.051398534734528
-14.98007882986699,-19.047518056787755
-14.975106528124812,-19.043636297412267
-14.97013422638264,-19.03975325629404
-14.965161924640462,-19.035868933119122
-14.960189622898291,-19.031983327573386
-14.95521732115612,-19.028096439342757
-14.950245019413941,-19.024208268113107
-14.94527271767177,-19.020318813570253
-14.940300415929592,-19.016428075399965
-14.93532811418742,-19.012536053288006
-14.93035581244525,-19.008642746920096
-14.925383510703071,-19.004748155981876
-14.9204112089609,-19.000852280159044
-14.915438907218721,-18.996955119137116
-14.91046660547655,-18.993056672601682
-14.905494303734372,-18.989156940238292
-14.9005220019922,-18.9852559217324
-14.89554970025003,-18.981353616769475
-14.890577398507851,-18.9774500250349
-14.88560509676568,-18.973545146214043
-14.880632795023502,-18.969638979992258
-14.87566049328133,-18.965731526054842
-14.870688191539152,-18.961822784087005
-14.86571588979698,-18.957912753774032
-14.86074358805481,-18.95400143480106
-14.855771286312631,-18.950088826853253
-14.85079898457046,-18.946174929615694
-14.845826682828282,-18.942259742773473
-14.84085438108611,-18.938343266011607
-14.83588207934394,-18.934425499015106
-14.83090977760176,-18.930506441468893
-14.82593747585959,-18.926586093057924
-14.820965174117411,-18.922664453467057
-14.81599287237524,-18.918741522381136
-14.811020570633062,-18.914817299484966
-14.80604826889089,-18.910891784463296
-14.80107596714872,-18.90696497700089
-14.796103665406541,-18.903036876782437
-14.79113136366437,-18.89910748349255
-14.786159061922191,-18.895176796815875
-14.78118676018002,-18.891244816436995
-14.776214458437842,-18.88731154204042
-14.77124215669567,-18.8833769733107
-14.7662698549535,-18.879441109932266
-14.761297553211321,-18.875503951589543
-14.75632525146915,-18.87156549796696
-14.751352949726972,-18.867625748748818
-14.7463806479848,-18.86368470361948
-14.741408346242629,-18.859742362263198
-14.73643604450045,-18.85579872436419
-14.73146374275828,-18.85185378960671
-14.726491441016101,-18.847907557674908
-14.72151913927393,-18.843960028252877
-14.716546837531752,-18.840011201024744
-14.71157453578958,-18.83606107567457
-14.70660223404741,-18.832109651886324
-14.70162993230523,-18.828156929344004
-14.69665763056306,-18.824202907731586
-14.691685328820881,-18.820247586732936
-14.68671302707871,-18.816290966031918
-14.681740725336532,-18.812333045312382
-14.67676842359436,-18.808373824258098
-14.67179612185219,-18.80441330255284
-14.666823820110011,-18.80045147988029
-14.66185151836784,-18.79648835592417
-14.656879216625661,-18.792523930368105
-14.65190691488349,-18.78855820289568
-14.646934613141319,-18.78459117319046
-14.64196231139914,-18.780622840936005
-14.63699000965697,-18.776653205815798
-14.632017707914791,-18.77268226751328
-14.62704540617262,-18.768710025711865
-14.622073104430442,-18.764736480094946
-14.61710080268827,-18.76076163034589
-14.612128500946099,-18.75678547614793
-14.60715619920392,-18.752808017184392
-14.60218389746175,-18.74882925313851
-14.597211595719571,-18.744849183693447
-14.5922392939774,-18.740867808532354
-14.587266992235222,-18.73688512733838
-14.58229469049305,-18.732901139794613
-14.57732238875088,-18.728915845584044
-14.5723500870087,-18.724929244389724
-14.56737778526653,-18.72094133589462
-14.562405483524351,-18.71695211978166
-14.55743318178218,-18.71296159573371
-14.552460880040009,-18.708969763433686
-14.54748857829783,-18.704976622564363
-14.54251627655566,-18.700982172808533
-14.537543974813481,-18.696986413848936
-14.53257167307131,-18.69298934536834
-14.527599371329131,-18.688990967049328
-14.52262706958696,-18.684991278574593
-14.517654767844789,-18.680990279626723
-14.51268246610261,-18.67698796988826
-14.50771016436044,-18.672984349041737
-14.502737862618261,-18.66897941676968
-14.49776556087609,-18.664973172754493
-14.492793259133911,-18.660965616678578
-14.48782095739174,-18.656956748224342
-14.482848655649569,-18.652946567074128
-14.47787635390739,-18.648935072910213
-14.47290405216522,-18.644922265414863
-14.467931750423041,-18.640908144270306
-14.46295944868087,-18.636892709158765
-14.457987146938699,-18.632875959762366
-14.45301484519652,-18.628857895763215
-14.44804254345435,-18.62483851684342
-14.44307024171217,-18.620817822684984
-14.43809793997,-18.616795812969954
-14.433125638227821,-18.61277248738025
-14.42815333648565,-18.608747845597847
-14.423181034743479,-18.604721887304624
-14.4182087330013,-18.60069461218247
-14.41323643125913,-18.596666019913147
-14.408264129516951,-18.592636110178454
-14.40329182777478,-18.588604882660157
-14.398319526032601,-18.58457233703997
-14.39334722429043,-18.580538472999535
-14.388374922548259,-18.57650329022054
-14.38340262080608,-18.572466788384528
-14.37843031906391,-18.568428967173066
-14.373458017321731,-18.564389826267707
-14.36848571557956,-18.560349365349943
-14.363513413837389,-18.5563075841012
-14.35854111209521,-18.552264482202897
-14.353568810353039,-18.548220059336444
-14.34859650861086,-18.544174315183135
-14.34362420686869,-18.540127249424312
-14.338651905126511,-18.536078861741206
-14.33367960338434,-18.532029151815088
-14.328707301642169,-18.527978119327106
-14.32373499989999,-18.52392576395849
-14.318762698157819,-18.519872085390276
-14.31379039641564,-18.515817083303567
-14.30881809467347,-18.511760757379488
-14.303845792931291,-18.50770310729893
-14.29887349118912,-18.503644132742952
-14.293901189446949,-18.499583833392478
-14.28892888770477,-18.495522208928374
-14.2839565859626,-18.491459259031526
-14.27898428422042,-18.48739498338274
-14.27401198247825,-18.483329381662845
-14.269039680736078,-18.479262453552593
-14.2640673789939,-18.47519419873264
-14.259095077251729,-18.471124616883724
-14.25412277550955,-18.46705370768645
-14.24915047376738,-18.46298147082145
-14.244178172025201,-18.458907905969316
-14.23920587028303,-18.454833012810518
-14.234233568540859,-18.45075679102564
-14.22926126679868,-18.446679240295026
-14.224288965056509,-18.442600360299195
-14.21931666331433,-18.438520150718492
-14.21434436157216,-18.43443861123331
-14.209372059829981,-18.4303557415239
-14.20439975808781,-18.426271541270584
-14.199427456345639,-18.422186010153574
-14.19445515460346,-18.41809914785311
-14.189482852861289,-18.41401095404934
-14.18451055111911,-18.40992142842238
-14.17953824937694,-18.40583057065234
-14.174565947634768,-18.401738380419268
-14.16959364589259,-18.39764485740321
-14.164621344150419,-18.393550001284147
-14.15964904240824,-18.389453811742
-14.15467674066607,-18.385356288456688
-14.14970443892389,-18.381257431108093
-14.14473213718172,-18.377157239376082
-14.139759835439548,-18.373055712940406
-14.13478753369737,-18.368952851480888
-14.129815231955199,-18.364848654677225
-14.12484293021302,-18.36074312220911
-14.11987062847085,-18.356636253756204
-14.114898326728671,-18.35252804899811
-14.1099260249865,-18.348418507614447
-14.104953723244329,-18.344307629284774
-14.09998142150215,-18.340195413688544
-14.095009119759979,-18.336081860505278
-14.0900368180178,-18.3319669694144
-14.08506451627563,-18.32785074009532
-14.080092214533458,-18.323733172227396
-14.07511991279128,-18.31961426548997
-14.070147611049109,-18.315494019562326
-14.06517530930693,-18.311372434123708
-14.060203007564759,-18.307249508853385
-14.05523070582258,-18.303125243430475
-14.05025840408041,-18.298999637534173
-14.045286102338238,-18.29487269084359
-14.04031380059606,-18.29074440303779
-14.035341498853889,-18.28661477379581
-14.03036919711171,-18.28248380279665
-14.02539689536954,-18.278351489719334
-14.02042459362736,-18.2742178342427
-14.01545229188519,-18.270082836045702
-14.010479990143018,-18.2659464948072
-14.00550768840084,-18.261808810205984
-14.000535386658669,-18.257669781920857
-13.99556308491649,-18.253529409630602
-13.99059078317432,-18.249387693013915
-13.985618481432148,-18.24524463174943
-13.98064617968997,-18.241100225515833
-13.975673877947798,-18.23695447399172
-13.97070157620562,-18.232807376855654
-13.965729274463449,-18.22865893378618
-13.96075697272127,-18.224509144461805
-13.9557846709791,-18.220358008560964
-13.950812369236928,-18.216205525762106
-13.94584006749475,-18.21205169574363
-13.940867765752579,-18.207896518183837
-13.9358954640104,-18.203739992761083
-13.930923162268229,-18.19958211915366
-13.92595086052605,-18.195422897039787
-13.92097855878388,-18.191262326097682
-13.916006257041708,-18.187100406005527
-13.91103395529953,-18.18293713644143
-13.906061653557359,-18.178772517083562
-13.90108935181518,-18.174606547609923
-13.89611705007301,-18.170439227698537
-13.891144748330838,-18.16627055702744
-13.88617244658866,-18.162100535274575
-13.881200144846488,-18.157929162117853
-13.87622784310431,-18.15375643723516
-13.871255541362139,-18.149582360304354
-13.86628323961996,-18.14540693100326
-13.86131093787779,-18.141230149009626
-13.856338636135618,-18.13705201400123
-13.85136633439344,-18.13287252565575
-13.846394032651268,-18.12869168365085
-13.84142173090909,-18.1245094876642
-13.836449429166919,-18.120325937373362
-13.83147712742474,-18.116141032455925
-13.82650482568257,-18.111954772589414
-13.821532523940398,-18.107767157451313
-13.81656022219822,-18.10357818671907
-13.811587920456049,-18.099387860070088
-13.80661561871387,-18.095196177181798
-13.801643316971699,-18.09100313773155
-13.796671015229528,-18.086808741396602
-13.79169871348735,-18.082612987854247
-13.786726411745178,-18.078415876781747
-13.781754110003,-18.07421740785629
-13.776781808260829,-18.070017580755056
-13.77180950651865,-18.06581639515518
-13.766837204776479,-18.061613850733757
-13.761864903034308,-18.05740994716786
-13.75689260129213,-18.053204684134453
-13.751920299549958,-18.048998061310616
-13.74694799780778,-18.044790078373236
-13.741975696065609,-18.040580734999278
-13.73700339432343,-18.036370030865605
-13.73203109258126,-18.032157965649073
-13.727058790839088,-18.02794453902648
-13.72208648909691,-18.02372975067461
-13.717114187354738,-18.01951360027021
-13.71214188561256,-18.015296087489965
-13.707169583870389,-18.011077212010562
-13.702197282128218,-18.00685697350866
-13.69722498038604,-18.002635371660798
-13.692252678643868,-17.998412406143594
-13.68728037690169,-17.994188076633527
-13.682308075159519,-17.989962382807146
-13.67733577341734,-17.98573532434086
-13.672363471675169,-17.981506900911103
-13.667391169932998,-17.97727711219429
-13.66241886819082,-17.973045957866734
-13.657446566448648,-17.968813437604762
-13.65247426470647,-17.96457955108463
-13.647501962964299,-17.960344297982633
-13.64252966122212,-17.956107677974916
-13.637557359479949,-17.951869690737723
-13.632585057737778,-17.94763033594713
-13.6276127559956,-17.94338961327925
-13.622640454253428,-17.939147522410167
-13.61766815251125,-17.93490406301592
-13.612695850769079,-17.930659234772488
-13.607723549026908,-17.926413037355815
-13.60275124728473,-17.922165470441858
-13.597778945542558,-17.917916533706492
-13.59280664380038,-17.913666226825548
-13.587834342058208,-17.90941454947488
-13.58286204031603,-17.905161501330248
-13.577889738573859,-17.900907082067427
-13.572917436831688,-17.8966512913621
-13.56794513508951,-17.892394128889954
-13.562972833347338,-17.888135594326638
-13.55800053160516,-17.883875687347732
-13.553028229862988,-17.879614407628857
-13.54805592812081,-17.8753517548455
-13.543083626378639,-17.87108772867318
-13.538111324636468,-17.86682232878737
-13.53313902289429,-17.86255555486349
-13.528166721152118,-17.85828740657694
-13.52319441940994,-17.854017883603078
-13.518222117667769,-17.849746985617216
-13.513249815925597,-17.845474712294656
-13.508277514183419,-17.84120106331064
-13.503305212441248,-17.836926038340412
-13.49833291069907,-17.832649637059127
-13.493360608956898,-17.828371859141978
-13.48838830721472,-17.82409270426401
-13.483416005472549,-17.819812172100352
-13.478443703730377,-17.815530262326035
-13.4734714019882,-17.81124697461605
-13.468499100246028,-17.806962308645403
-13.46352679850385,-17.802676264088998
-13.458554496761678,-17.798388840621758
-13.4535821950195,-17.794100037918525
-13.448609893277329,-17.789809855654163
-13.443637591535158,-17.785518293503472
-13.43866528979298,-17.781225351141178
-13.433692988050808,-17.776931028242014
-13.42872068630863,-17.772635324480696
-13.423748384566458,-17.76833823953187
-13.418776082824287,-17.76403977307016
-13.413803781082109,-17.759739924770148
-13.408831479339938,-17.755438694306388
-13.40385917759776,-17.7511360813534
-13.398886875855588,-17.746832085585652
-13.39391457411341,-17.742526706677594
-13.388942272371239,-17.738219944303683
-13.383969970629067,-17.73391179813821
-13.378997668886889,-17.729602267855597
-13.374025367144718,-17.725291353130114
-13.36905306540254,-17.72097905363603
-13.364080763660368,-17.71666536904757
-13.35910846191819,-17.712350299038974
-13.354136160176019,-17.708033843284394
-13.349163858433847,-17.70371600145796
-13.34419155669167,-17.69939677323375
-13.339219254949498,-17.69507615828589
-13.33424695320732,-17.690754156288303
-13.329274651465148,-17.68643076691508
-13.324302349722977,-17.682105989840128
-13.319330047980799,-17.67777982473738
-13.314357746238628,-17.673452271280738
-13.30938544449645,-17.669123329144025
-13.304413142754278,-17.664792998001108
-13.2994408410121,-17.66046127752572
-13.294468539269928,-17.656128167391625
-13.289496237527757,-17.651793667272553
-13.284523935785579,-17.647457776842177
-13.279551634043408,-17.64312049577416
-13.27457933230123,-17.638781823742054
-13.269607030559058,-17.6344417604195
-13.264634728816887,-17.63010030548002
-13.259662427074709,-17.625757458597093
-13.254690125332537,-17.6214132194442
-13.249717823590359,-17.6170675876948
-13.244745521848188,-17.61272056302229
-13.23977322010601,-17.608372145100034
-13.234800918363838,-17.604022333601318
-13.229828616621667,-17.599671128199535
-13.224856314879489,-17.595318528567862
-13.219884013137317,-17.590964534379573
-13.214911711395139,-17.586609145307822
-13.209939409652968,-17.58225236102583
-13.20496710791079,-17.57789418120667
-13.199994806168618,-17.573534605523445
-13.195022504426447,-17.56917363364923
-13.190050202684269,-17.564811265257003
-13.185077900942098,-17.560447500019805
-13.18010559919992,-17.55608233761055
-13.175133297457748,-17.55171577770217
-13.170160995715577,-17.547347819967545
-13.165188693973398,-17.54297846407951
-13.160216392231227,-17.5386077097109
-13.155244090489049,-17.534235556534504
-13.150271788746878,-17.529862004223023
-13.1452994870047,-17.525487052449215
-13.140327185262528,-17.521110700885707
-13.135354883520357,-17.5167329492052
-13.130382581778179,-17.51235379708025
-13.125410280036007,-17.50797324418346
-13.120437978293829,-17.503591290187334
-13.115465676551658,-17.499207934764414
-13.11049337480948,-17.494823177587158
-13.105521073067308,-17.490437018327988
-13.100548771325137,-17.486049456659313
-13.095576469582959,-17.481660492253482
-13.090604167840787,-17.477270124782866
-13.085631866098609,-17.47287835391973
-13.080659564356438,-17.46848517933634
-13.075687262614267,-17.464090600704953
-13.070714960872088,-17.45969461769772
-13.065742659129917,-17.455297229986826
-13.060770357387739,-17.45089843724439
-13.055798055645568,-17.446498239142535
-13.05082575390339,-17.442096635353252
-13.045853452161218,-17.437693625548622
-13.040881150419047,-17.433289209400616
-13.035908848676868,-17.42888338658117
-13.030936546934697,-17.424476156762243
-13.025964245192519,-17.420067519615667
-13.020991943450348,-17.415657474813347
-13.01601964170817,-17.411246022027065
-13.011047339965998,-17.406833160928613
-13.006075038223827,-17.40241889118976
-13.001102736481648,-17.39800321248219
-12.996130434739477,-17.393586124477615
-12.991158132997299,-17.389167626847648
-12.986185831255128,-17.38474771926391
-12.981213529512956,-17.380326401398
-12.976241227770778,-17.37590367292144
-12.971268926028607,-17.37147953350576
-12.966296624286429,-17.367053982822412
-12.961324322544257,-17.362627020542874
-12.956352020802079,-17.358198646338504
-12.951379719059908,-17.353768859880716
-12.946407417317737,-17.349337660840828
-12.941435115575558,-17.34490504889015
-12.936462813833387,-17.340471023699955
-12.931490512091209,-17.33603558494146
-12.926518210349037,-17.33159873228592
-12.92154590860686,-17.32716046540447
-12.916573606864688,-17.322720783968247
-12.911601305122517,-17.31827968764835
-12.906629003380338,-17.31383717611584
-12.901656701638167,-17.309393249041765
-12.896684399895989,-17.304947906097105
-12.891712098153818,-17.30050114695285
-12.886739796411646,-17.296052971279913
-12.881767494669468,-17.291603378749205
-12.876795192927297,-17.287152369031585
-12.871822891185118,-17.282699941797887
-12.866850589442947,-17.278246096718892
-12.861878287700769,-17.27379083346537
-12.856905985958598,-17.269334151708044
-12.851933684216426,-17.26487605111763
-12.846961382474248,-17.260416531364744
-12.841989080732077,-17.25595559212004
-12.837016778989899,-17.251493233054116
-12.832044477247727,-17.247029453837555
-12.827072175505549,-17.242564254140813
-12.822099873763378,-17.23809763363444
-12.817127572021207,-17.23362959198886
-12.812155270279028,-17.22916012887448
-12.807182968536857,-17.224689243961752
-12.802210666794679,-17.22021693692096
-12.797238365052507,-17.215743207422506
-12.792266063310336,-17.211268055136618
-12.787293761568158,-17.206791479733564
-12.782321459825987,-17.20231348088359
-12.777349158083808,-17.19783405825681
-12.772376856341637,-17.193353211523462
-12.767404554599459,-17.188870940353628
-12.762432252857288,-17.18438724441741
-12.757459951115116,-17.17990212338483
-12.752487649372938,-17.175415576925932
-12.747515347630767,-17.170927604710673
-12.742543045888588,-17.166438206409037
-12.737570744146417,-17.16194738169094
-12.732598442404239,-17.157455130226246
-12.727626140662068,-17.152961451684806
-12.722653838919896,-17.148466345736452
-12.717681537177718,-17.14396981205096
-12.712709235435547,-17.13947185029808
-12.707736933693369,-17.134972460147505
-12.702764631951197,-17.13047164126898
-12.697792330209026,-17.125969393332085
-12.692820028466848,-17.121465716006476
-12.687847726724677,-17.116960608961723
-12.682875424982498,-17.112454071867344
-12.677903123240327,-17.107946104392912
-12.672930821498149,-17.103436706207876
-12.667958519755977,-17.09892587698169
-12.662986218013806,-17.094413616383758
-12.658013916271628,-17.089899924083458
-12.653041614529457,-17.08538479975014
-12.648069312787278,-17.080868243053146
-12.643097011045107,-17.07635025366174
-12.638124709302929,-17.071830831245148
-12.633152407560758,-17.0673099754726
-12.628180105818586,-17.062787686013273
-12.623207804076408,-17.05826396253632
-12.618235502334237,-17.053738804710846
-12.613263200592058,-17.04921221220595
-12.608290898849887,-17.04468418469066
-12.603318597107716,-17.040154721833982
-12.598346295365538,-17.035623823304896
-12.593373993623366,-17.031091488772383
-12.588401691881188,-17.02655771790532
-12.583429390139017,-17.022022510372608
-12.578457088396839,-17.01748586584309
-12.573484786654667,-17.012947783985542
-12.568512484912496,-17.0084082644688
-12.563540183170318,-17.003867306961578
-12.558567881428147,-16.999324911132607
-12.553595579685968,-16.994781076650558
-12.548623277943797,-16.990235803184074
-12.543650976201619,-16.985689090401767
-12.538678674459447,-16.981140937972224
-12.533706372717276,-16.976591345564017
-12.528734070975098,-16.972040312845596
-12.523761769232927,-16.967487839485486
-12.518789467490748,-16.962933925152154
-12.513817165748577,-16.958378569513958
-12.508844864006406,-16.953821772239326
-12.503872562264227,-16.949263532996603
-12.498900260522056,-16.944703851454065
-12.493927958779878,-16.940142727280044
-12.488955657037707,-16.93558016014275
-12.483983355295528,-16.931016149710437
-12.479011053553357,-16.92645069565124
-12.474038751811186,-16.921883797633335
-12.469066450069008,-16.917315455324847
-12.464094148326836,-16.912745668393836
-12.459121846584658,-16.908174436508368
-12.454149544842487,-16.90360175933647
-12.449177243100308,-16.899027636546098
-12.444204941358137,-16.89445206780523
-12.439232639615966,-16.889875052781782
-12.434260337873788,-16.885296591143614
-12.429288036131616,-16.8807166825586
-12.424315734389438,-16.87613532669455
-12.419343432647267,-16.87155252321925
-12.414371130905096,-16.86696827180047
-12.409398829162917,-16.86238257210591
-12.404426527420746,-16.85779542380327
-12.399454225678568,-16.853206826560204
-12.394481923936397,-16.848616780044317
-12.389509622194218,-16.8440252839232
-12.384537320452047,-16.839432337864434
-12.379565018709876,-16.834837941535532
-12.374592716967697,-16.830242094603975
-12.369620415225526,-16.825644796737222
-12.364648113483348,-16.821046047602678
-12.359675811741177,-16.81644584686779
-12.354703509998998,-16.81184419419986
-12.349731208256827,-16.80724108926625
-12.344758906514656,-16.80263653173422
-12.339786604772478,-16.79803052127106
-12.334814303030306,-16.79342305754398
-12.329842001288128,-16.788814140220193
-12.324869699545957,-16.784203768966837
-12.319897397803786,-16.779591943451067
-12.314925096061607,-16.77497866333996
-12.309952794319436,-16.770363928300558
-12.304980492577258,-16.765747737999934
-12.300008190835086,-16.761130092105084
-12.295035889092908,-16.75651099028296
-12.290063587350737,-16.75189043220048
-12.285091285608566,-16.74726841752458
-12.280118983866387,-16.74264494592209
-12.275146682124216,-16.738020017059874
-12.270174380382038,-16.73339363060469
-12.265202078639867,-16.72876578622337
-12.260229776897688,-16.724136483582623
-12.255257475155517,-16.719505722349137
-12.250285173413346,-16.714873502189587
-12.245312871671167,-16.710239822770642
-12.240340569928996,-16.70560468375888
-12.235368268186818,-16.700968084820893
-12.230395966444647,-16.696330025623183
-12.225423664702475,-16.691690505832312
-12.220451362960297,-16.68704952511473
-12.215479061218126,-16.682407083136876
-12.210506759475948,-16.677763179565176
-12.205534457733776,-16.673117814065993
-12.200562155991598,-16.66847098630569
-12.195589854249427,-16.663822695950564
-12.190617552507256,-16.65917294266691
-12.185645250765077,-16.654521726120958
-12.180672949022906,-16.649869045978935
-12.175700647280728,-16.645214901907043
-12.170728345538556,-16.64055929357141
-12.165756043796378,-16.63590222063817
-12.160783742054207,-16.63124368277338
-12.155811440312036,-16.62658367964313
-12.150839138569857,-16.621922210913432
-12.145866836827686,-16.61725927625026
-12.140894535085508,-16.612594875319576
-12.135922233343337,-16.60792900778734
-12.130949931601165,-16.6032616733194
-12.125977629858987,-16.59859287158162
-12.121005328116816,-16.593922602239843
-12.116033026374637,-16.58925086495987
-12.111060724632466,-16.584577659407426
-12.106088422890288,-16.57990298524829
-12.101116121148117,-16.575226842148137
-12.096143819405945,-16.57054922977264
-12.091171517663767,-16.565870147787425
-12.086199215921596,-16.5611895958581
-12.081226914179418,-16.55650757365021
-12.076254612437246,-16.551824080829352
-12.071282310695068,-16.547139117060965
-12.066310008952897,-16.542452682010563
-12.061337707210726,-16.537764775343557
-12.056365405468547,-16.533075396725398
-12.051393103726376,-16.52838454582142
-12.046420801984198,-16.523692222296972
-12.041448500242026,-16.518998425817394
-12.036476198499855,-16.514303156047944
-12.031503896757677,-16.50960641265386
-12.026531595015506,-16.50490819530039
-12.021559293273327,-16.500208503652694
-12.016586991531156,-16.495507337375923
-12.011614689788978,-16.49080469613519
-12.006642388046807,-16.486100579595618
-12.001670086304635,-16.481394987422217
-11.996697784562457,-16.476687919280046
-11.991725482820286,-16.471979374834092
-11.986753181078107,-16.46726935374927
-11.981780879335936,-16.46255785569056
-11.976808577593758,-16.45784488032282
-11.971836275851587,-16.45313042731094
-11.966863974109415,-16.44841449631973
-11.961891672367237,-16.443697087014026
-11.956919370625066,-16.438978199058532
-11.951947068882887,-16.43425783211804
-11.946974767140716,-16.42953598585723
-11.942002465398545,-16.424812659940777
-11.937030163656367,-16.42008785403331
-11.932057861914195,-16.415361567799458
-11.927085560172017,-16.41063380090375
-11.922113258429846,-16.405904553010778
-11.917140956687668,-16.401173823785047
-11.912168654945496,-16.39644161289102
-11.907196353203325,-16.391707919993163
-11.902224051461147,-16.386972744755877
-11.897251749718976,-16.38223608684354
-11.892279447976797,-16.377497945920506
-11.887307146234626,-16.372758321651126
-11.882334844492448,-16.36801721369965
-11.877362542750276,-16.36327462173037
-11.872390241008105,-16.35853054540748
-11.867417939265927,-16.353784984395194
-11.862445637523756,-16.34903793835766
-11.857473335781577,-16.344289406959014
-11.852501034039406,-16.33953938986337
-11.847528732297235,-16.334787886734755
-11.842556430555057,-16.330034897237233
-11.837584128812885,-16.325280421034805
-11.832611827070707,-16.320524457791446
-11.827639525328536,-16.31576700717107
-11.822667223586357,-16.311008068837616
-11.817694921844186,-16.306247642454938
-11.812722620102015,-16.3014857276869
-11.807750318359837,-16.296722324197294
-11.802778016617665,-16.291957431649934
-11.797805714875487,-16.28719104970852
-11.792833413133316,-16.282423178036822
-11.787861111391138,-16.277653816298475
-11.782888809648966,-16.27288296415718
-11.777916507906795,-16.268110621276538
-11.772944206164617,-16.263336787320142
-11.767971904422446,-16.258561461951565
-11.762999602680267,-16.25378464483433
-11.758027300938096,-16.24900633563191
-11.753054999195925,-16.24422653400781
-11.748082697453746,-16.23944523962542
-11.743110395711575,-16.2346624521482
-11.738138093969397,-16.22987817123946
-11.733165792227226,-16.225092396562577
-11.728193490485047,-16.22030512778087
-11.723221188742876,-16.215516364557573
-11.718248887000705,-16.21072610655597
-11.713276585258527,-16.20593435343924
-11.708304283516355,-16.20114110487061
-11.703331981774177,-16.1963463605132
-11.698359680032006,-16.191550120030126
-11.693387378289827,-16.186752383084485
-11.688415076547656,-16.181953149339346
-11.683442774805485,-16.17715241845773
-11.678470473063307,-16.172350190102605
-11.673498171321135,-16.167546463936965
-11.668525869578957,-16.162741239623745
-11.663553567836786,-16.15793451682581
-11.658581266094615,-16.15312629520607
-11.653608964352436,-16.148316574427323
-11.648636662610265,-16.143505354152424
-11.643664360868087,-16.138692634044094
-11.638692059125916,-16.13387841376512
-11.633719757383737,-16.12906269297817
-11.628747455641566,-16.124245471345983
-11.623775153899395,-16.119426748531154
-11.618802852157216,-16.114606524196347
-11.613830550415045,-16.109784798004128
-11.608858248672867,-16.104961569617025
-11.603885946930696,-16.100136838697644
-11.598913645188517,-16.09531060490838
-11.593941343446346,-16.090482867911753
-11.588969041704175,-16.085653627370217
-11.583996739961997,-16.080822882946116
-11.579024438219825,-16.075990634301853
-11.574052136477647,-16.07115688109975
-11.569079834735476,-16.06632162300214
-11.564107532993305,-16.06148485967127
-11.559135231251126,-16.05664659076939
-11.554162929508955,-16.051806815958738
-11.549190627766777,-16.046965534901474
-11.544218326024605,-16.042122747259757
-11.539246024282427,-16.037278452695702
-11.534273722540256,-16.03243265087142
-11.529301420798085,-16.02758534144896
-11.524329119055906,-16.022736524090323
-11.519356817313735,-16.017886198457536
-11.514384515571557,-16.013034364212544
-11.509412213829386,-16.008181021017318
-11.504439912087207,-16.00332616853372
-11.499467610345036,-15.998469806423666
-11.494495308602865,-15.993611934348952
-11.489523006860686,-15.98875255197141
-11.484550705118515,-15.983891658952835
-11.479578403376337,-15.979029254954943
-11.474606101634166,-15.974165339639496
-11.469633799891994,-15.969299912668141
-11.464661498149816,-15.964432973702554
-11.459689196407645,-15.95956452240436
-11.454716894665466,-15.954694558435147
-11.449744592923295,-15.949823081456508
-11.444772291181117,-15.944950091129918
-11.439799989438946,-15.940075587116942
-11.434827687696774,-15.935199569079005
-11.429855385954596,-15.930322036677573
-11.424883084212425,-15.92544298957406
-11.419910782470247,-15.920562427429825
-11.414938480728075,-15.91568034990623
-11.409966178985897,-15.910796756664585
-11.404993877243726,-15.905911647366201
-11.400021575501555,-15.901025021672302
-11.395049273759376,-15.896136879244127
-11.390076972017205,-15.891247219742878
-11.385104670275027,-15.886356042829707
-11.380132368532855,-15.88146334816575
-11.375160066790684,-15.87656913541212
-11.370187765048506,-15.871673404229892
-11.365215463306335,-15.866776154280092
-11.360243161564156,-15.861877385223734
-11.355270859821985,-15.856977096721806
-11.350298558079807,-15.85207528843525
-11.345326256337636,-15.847171960024989
-11.340353954595464,-15.842267111151925
-11.335381652853286,-15.837360741476884
-11.330409351111115,-15.832452850660726
-11.325437049368936,-15.827543438364225
-11.320464747626765,-15.82263250424817
-11.315492445884587,-15.817720047973268
-11.310520144142416,-15.81280606920025
-11.305547842400244,-15.807890567589796
-11.300575540658066,-15.802973542802505
-11.295603238915895,-15.79805499449904
-11.290630937173717,-15.793134922339952
-11.285658635431545,-15.78821332598583
-11.280686333689374,-15.783290205097154
-11.275714031947196,-15.778365559334448
-11.270741730205025,-15.773439388358149
-11.265769428462846,-15.768511691828719
-11.260797126720675,-15.763582469406531
-11.255824824978497,-15.758651720751962
-11.250852523236325,-15.753719445525348
-11.245880221494154,-15.748785643387034
-11.240907919751976,-15.743850313997255
-11.235935618009805,-15.73891345701629
-11.230963316267626,-15.733975072104311
-11.225991014525455,-15.72903515892156
-11.221018712783277,-15.724093717128158
-11.216046411041106,-15.71915074638427
-11.211074109298934,-15.71420624634997
-11.206101807556756,-15.709260216685305
-11.201129505814585,-15.70431265705036
-11.196157204072406,-15.699363567105092
-11.191184902330235,-15.69441294650952
-11.186212600588064,-15.689460794923573
-11.181240298845886,-15.684507112007143
-11.176267997103714,-15.679551897420158
-11.171295695361536,-15.674595150822444
-11.166323393619365,-15.669636871873827
-11.161351091877187,-15.66467706023413
-11.156378790135015,-15.65971571556308
-11.151406488392844,-15.654752837520453
-11.146434186650666,-15.64978842576589
-11.141461884908495,-15.644822479959148
-11.136489583166316,-15.639854999759802
-11.131517281424145,-15.6348859848275
-11.126544979681967,-15.629915434821818
-11.121572677939795,-15.624943349402312
-11.116600376197624,-15.619969728228519
-11.111628074455446,-15.614994570959908
-11.106655772713275,-15.610017877255956
-11.101683470971096,-15.605039646776094
-11.096711169228925,-15.60005987917973
-11.091738867486754,-15.595078574126235
-11.086766565744576,-15.590095731274946
-11.081794264002404,-15.585111350285194
-11.076821962260226,-15.58012543081624
-11.071849660518055,-15.575137972527354
-11.066877358775876,-15.57014897507776
-11.061905057033705,-15.565158438126641
-11.056932755291534,-15.56016636133317
-11.051960453549356,-15.555172744356478
-11.046988151807184,-15.550177586855678
-11.042015850065006,-15.545180888489828
-11.037043548322835,-15.540182648917991
-11.032071246580657,-15.535182867799154
-11.027098944838485,-15.530181544792349
-11.022126643096314,-15.525178679556463
-11.017154341354136,-15.52017427175048
-11.012182039611965,-15.515168321033272
-11.007209737869786,-15.510160827063702
-11.002237436127615,-15.505151789500612
-10.997265134385444,-15.500141208002805
-10.992292832643265,-15.495129082229044
-10.987320530901094,-15.490115411838099
-10.982348229158916,-15.485100196488675
-10.977375927416745,-15.48008343583945
-10.972403625674566,-15.475065129549106
-10.967431323932395,-15.470045277276245
-10.962459022190224,-15.465023878679473
-10.957486720448046,-15.460000933417357
-10.952514418705874,-15.454976441148439
-10.947542116963696,-15.449950401531208
-10.942569815221525,-15.444922814224173
-10.937597513479346,-15.439893678885774
-10.932625211737175,-15.434862995174417
-10.927652909995004,-15.429830762748509
-10.922680608252826,-15.424796981266377
-10.917708306510654,-15.419761650386382
-10.912736004768476,-15.414724769766842
-10.907763703026305,-15.409686339065987
-10.902791401284134,-15.404646357942074
-10.897819099541955,-15.399604826053318
-10.892846797799784,-15.394561743057912
-10.887874496057606,-15.389517108614005
-10.882902194315434,-15.384470922379672
-10.877929892573256,-15.379423184013083
-10.872957590831085,-15.374373893172251
-10.867985289088914,-15.369323049515227
-10.863012987346735,-15.364270652700029
-10.858040685604564,-15.359216702384611
-10.853068383862386,-15.35416119822693
-10.848096082120215,-15.349104139884913
-10.843123780378036,-15.34404552701643
-10.838151478635865,-15.338985359279372
-10.833179176893694,-15.333923636331505
-10.828206875151515,-15.328860357830678
-10.823234573409344,-15.323795523434649
-10.818262271667166,-15.318729132801156
-10.813289969924995,-15.313661185587927
-10.808317668182823,-15.308591681452622
-10.803345366440645,-15.30352062005288
-10.798373064698474,-15.298448001046381
-10.793400762956296,-15.293373824090658
-10.788428461214124,-15.288298088843304
-10.783456159471946,-15.283220794961856
-10.778483857729775,-15.278141942103826
-10.773511555987604,-15.273061529926677
-10.768539254245425,-15.267979558087843
-10.763566952503254,-15.26289602624478
-10.758594650761076,-15.257810934054831
-10.753622349018904,-15.252724281175393
-10.748650047276726,-15.247636067263791
-10.743677745534555,-15.242546291977321
-10.738705443792384,-15.237454954973238
-10.733733142050205,-15.232362055908814
-10.728760840308034,-15.227267594441251
-10.723788538565856,-15.222171570227708
-10.718816236823685,-15.217073982925385
-10.713843935081513,-15.211974832191395
-10.708871633339335,-15.206874117682807
-10.703899331597164,-15.20177183905673
-10.698927029854985,-15.196667995970156
-10.693954728112814,-15.191562588080156
-10.688982426370636,-15.186455615043664
-10.684010124628465,-15.181347076517637
-10.679037822886293,-15.176236972159007
-10.674065521144115,-15.17112530162467
-10.669093219401944,-15.166012064571492
-10.664120917659766,-15.1608972606563
-10.659148615917594,-15.155780889535906
-10.654176314175416,-15.150662950867074
-10.649204012433245,-15.145543444306584
-10.644231710691074,-15.140422369511128
-10.639259408948895,-15.135299726137392
-10.634287107206724,-15.130175513842076
-10.629314805464546,-15.125049732281768
-10.624342503722374,-15.119922381113089
-10.619370201980203,-15.114793459992619
-10.614397900238025,-15.10966296857692
-10.609425598495854,-15.10453090652249
-10.604453296753675,-15.099397273485794
-10.599480995011504,-15.094262069123346
-10.594508693269326,-15.089125293091515
-10.589536391527155,-15.083986945046748
-10.584564089784983,-15.078847024645423
-10.579591788042805,-15.073705531543842
-10.574619486300634,-15.06856246539836
-10.569647184558455,-15.063417825865232
-10.564674882816284,-15.058271612600743
-10.559702581074106,-15.053123825261101
-10.554730279331935,-15.04797446350252
-10.549757977589763,-15.042823526981183
-10.544785675847585,-15.037671015353197
-10.539813374105414,-15.032516928274717
-10.534841072363236,-15.027361265401787
-10.529868770621064,-15.02220402639048
-10.524896468878893,-15.017045210896848
-10.519924167136715,-15.011884818576858
-10.514951865394544,-15.006722849086495
-10.509979563652365,-15.001559302081704
-10.505007261910194,-14.996394177218388
-10.500034960168016,-14.991227474152428
-10.495062658425844,-14.986059192539729
-10.490090356683673,-14.980889332036053
-10.485118054941495,-14.975717892297205
-10.480145753199324,-14.970544872979001
-10.475173451457145,-14.96537027373715
-10.470201149714974,-14.960194094227365
-10.465228847972796,-14.955016334105345
-10.460256546230625,-14.949836993026736
-10.455284244488453,-14.944656070647174
-10.450311942746275,-14.939473566622262
-10.445339641004104,-14.93428948060755
-10.440367339261925,-14.929103812258578
-10.435395037519754,-14.923916561230905
-10.430422735777583,-14.918727727179963
-10.425450434035405,-14.913537309761216
-10.420478132293233,-14.908345308630123
-10.415505830551055,-14.903151723442063
-10.410533528808884,-14.89795655385242
-10.405561227066705,-14.892759799516528
-10.400588925324534,-14.887561460089682
-10.395616623582363,-14.882361535227224
-10.390644321840185,-14.877160024584356
-10.385672020098013,-14.871956927816337
-10.380699718355835,-14.86675224457834
-10.375727416613664,-14.861545974525576
-10.370755114871486,-14.85633811731316
-10.365782813129314,-14.851128672596221
-10.360810511387143,-14.845917640029846
-10.355838209644965,-14.840705019269107
-10.350865907902794,-14.835490809969013
-10.345893606160615,-14.830275011784563
-10.340921304418444,-14.825057624370764
-10.335949002676273,-14.819838647382554
-10.330976700934094,-14.81461808047482
-10.326004399191923,-14.809395923302473
-10.321032097449745,-14.804172175520382
-10.316059795707574,-14.798946836783394
-10.311087493965395,-14.79371990674627
-10.306115192223224,-14.788491385063816
-10.301142890481053,-14.783261271390796
-10.296170588738875,-14.7780295653819
-10.291198286996703,-14.77279626669184
-10.286225985254525,-14.767561374975278
-10.281253683512354,-14.762324889886852
-10.276281381770175,-14.757086811081159
-10.271309080028004,-14.75184713821279
-10.266336778285833,-14.746605870936305
-10.261364476543655,-14.741363008906193
-10.256392174801483,-14.736118551777006
-10.251419873059305,-14.730872499203171
-10.246447571317134,-14.725624850839159
-10.241475269574963,-14.720375606339354
-10.236502967832784,-14.715124765358162
-10.231530666090613,-14.709872327549924
-10.226558364348435,-14.704618292568966
-10.221586062606264,-14.699362660069589
-10.216613760864085,-14.694105429706092
-10.211641459121914,-14.688846601132703
-10.206669157379743,-14.683586174003628
-10.201696855637564,-14.678324147973065
-10.196724553895393,-14.67306052269518
-10.191752252153215,-14.667795297824089
-10.186779950411044,-14.66252847301391
-10.181807648668865,-14.657260047918731
-10.176835346926694,-14.651990022192585
-10.171863045184523,-14.646718395489517
-10.166890743442345,-14.641445167463479
-10.161918441700173,-14.636170337768482
-10.156946139957995,-14.630893906058413
-10.151973838215824,-14.625615871987248
-10.147001536473653,-14.620336235208821
-10.142029234731474,-14.615054995376994
-10.137056932989303,-14.609772152145599
-10.132084631247125,-14.604487705168449
-10.127112329504953,-14.599201654099309
-10.122140027762775,-14.593913998591903
-10.117167726020604,-14.588624738299968
-10.112195424278433,-14.583333872877178
-10.107223122536254,-14.578041401977217
-10.102250820794083,-14.572747325253715
-10.097278519051905,-14.567451642360236
-10.092306217309734,-14.562154352950412
-10.087333915567555,-14.556855456677749
-10.082361613825384,-14.551554953195824
-10.077389312083213,-14.546252842158085
-10.072417010341034,-14.540949123217997
-10.067444708598863,-14.535643796029019
-10.062472406856685,-14.530336860244583
-10.057500105114514,-14.525028315518034
-10.052527803372342,-14.519718161502768
-10.047555501630164,-14.51440639785208
-10.042583199887993,-14.509093024219277
-10.037610898145815,-14.503778040257643
-10.032638596403643,-14.498461445620427
-10.027666294661465,-14.493143239960865
-10.022693992919294,-14.487823422932117
-10.017721691177123,-14.48250199418737
-10.012749389434944,-14.477178953379731
-10.007777087692773,-14.471854300162347
-10.002804785950595,-14.466528034188293
-9.997832484208423,-14.46120015511061
-9.992860182466245,-14.45587066258234
-9.987887880724074,-14.45053955625647
-9.982915578981903,-14.445206835785966
-9.977943277239724,-14.439872500823787
-9.972970975497553,-14.43453655102287
-9.967998673755375,-14.429198986036077
-9.963026372013204,-14.423859805516283
-9.958054070271032,-14.418519009116313
-9.953081768528854,-14.413176596488979
-9.948109466786683,-14.407832567287082
-9.943137165044504,-14.402486921163351
-9.938164863302333,-14.397139657770536
-9.933192561560155,-14.391790776761322
-9.928220259817984,-14.38644027778838
-9.923247958075812,-14.381088160504376
-9.918275656333634,-14.375734424561877
-9.913303354591463,-14.370379069613557
-9.908331052849285,-14.365022095311886
-9.903358751107113,-14.359663501309472
-9.898386449364935,-14.354303287258794
-9.893414147622764,-14.34894145281234
-9.888441845880592,-14.343577997622557
-9.883469544138414,-14.338212921341896
-9.878497242396243,-14.332846223622719
-9.873524940654065,-14.327477904117442
-9.868552638911893,-14.322107962478375
-9.863580337169722,-14.316736398357873
-9.858608035427544,-14.311363211408192
-9.853635733685373,-14.30598840128163
-9.848663431943194,-14.300611967630411
-9.843691130201023,-14.295233910106738
-9.838718828458845,-14.2898542283628
-9.833746526716673,-14.284472922050762
-9.828774224974502,-14.279089990822753
-9.823801923232324,-14.273705434330864
-9.818829621490153,-14.268319252227188
-9.813857319747974,-14.262931444163781
-9.808885018005803,-14.257542009792635
-9.803912716263625,-14.25215094876576
-9.798940414521454,-14.246758260735128
-9.793968112779282,-14.241363945352678
-9.788995811037104,-14.235968002270315
-9.784023509294933,-14.230570431139965
-9.779051207552754,-14.22517123161344
-9.774078905810583,-14.219770403342611
-9.769106604068412,-14.214367945979278
-9.764134302326234,-14.208963859175185
-9.759162000584062,-14.203558142582121
-9.754189698841884,-14.198150795851813
-9.749217397099713,-14.192741818635952
-9.744245095357535,-14.187331210586208
-9.739272793615363,-14.181918971354238
-9.734300491873192,-14.176505100591651
-9.729328190131014,-14.171089597950063
-9.724355888388843,-14.165672463081005
-9.719383586646664,-14.160253695636035
-9.714411284904493,-14.154833295266661
-9.709438983162315,-14.149411261624378
-9.704466681420143,-14.143987594360635
-9.699494379677972,-14.138562293126876
-9.694522077935794,-14.13313535757449
-9.689549776193623,-14.127706787354885
-9.684577474451444,-14.12227658211938
-9.679605172709273,-14.116844741519323
-9.674632870967102,-14.111411265206016
-9.669660569224924,-14.105976152830696
-9.664688267482752,-14.100539404044664
-9.659715965740574,-14.095101018499099
-9.654743663998403,-14.089660995845207
-9.649771362256224,-14.084219335734153
-9.644799060514053,-14.078776037817086
-9.639826758771882,-14.073331101745113
-9.634854457029704,-14.0678845271693
-9.629882155287532,-14.062436313740745
-9.624909853545354,-14.056986461110462
-9.619937551803183,-14.051534968929465
-9.614965250061005,-14.046081836848725
-9.609992948318833,-14.0406270645192
-9.605020646576662,-14.035170651591834
-9.600048344834484,-14.02971259771749
-9.595076043092313,-14.024252902547097
-9.590103741350134,-14.018791565731455
-9.585131439607963,-14.013328586921423
-9.580159137865792,-14.007863965767775
-9.575186836123613,-14.00239770192127
-9.570214534381442,-13.996929795032695
-9.565242232639264,-13.991460244752744
-9.560269930897093,-13.98598905073209
-9.555297629154914,-13.980516212621389
-9.550325327412743,-13.975041730071325
-9.545353025670572,-13.969565602732509
-9.540380723928394,-13.964087830255473
-9.535408422186222,-13.958608412290813
-9.530436120444044,-13.953127348489055
-9.525463818701873,-13.947644638500707
-9.520491516959694,-13.942160281976268
-9.515519215217523,-13.936674278566153
-9.510546913475352,-13.93118662792082
-9.505574611733174,-13.925697329690657
-9.500602309991002,-13.920206383526034
-9.495630008248824,-13.914713789077329
-9.490657706506653,-13.909219545994855
-9.485685404764482,-13.903723653928882
-9.480713103022303,-13.898226112529711
-9.475740801280132,-13.892726921447586
-9.470768499537954,-13.887226080332711
-9.465796197795783,-13.881723588835285
-9.460823896053604,-13.87621944660546
-9.455851594311433,-13.870713653293402
-9.450879292569262,-13.865206208549216
-9.445906990827083,-13.859697112022983
-9.440934689084912,-13.854186363364779
-9.435962387342734,-13.84867396222463
-9.430990085600563,-13.843159908252554
-9.426017783858384,-13.837644201098524
-9.421045482116213,-13.832126840412508
-9.416073180374042,-13.82660782584446
-9.411100878631864,-13.821087157044227
-9.406128576889692,-13.81556483366175
-9.401156275147514,-13.810040855346838
-9.396183973405343,-13.804515221749364
-9.391211671663172,-13.798987932519102
-9.386239369920993,-13.793458987305836
-9.381267068178822,-13.78792838575931
-9.376294766436644,-13.782396127529251
-9.371322464694472,-13.77686221226537
-9.366350162952294,-13.771326639617333
-9.361377861210123,-13.765789409234793
-9.356405559467952,-13.760250520767364
-9.351433257725773,-13.754709973864646
-9.346460955983602,-13.749167768176214
-9.341488654241424,-13.743623903351597
-9.336516352499252,-13.738078379040328
-9.331544050757074,-13.732531194891896
-9.326571749014903,-13.726982350555776
-9.321599447272732,-13.72143184568139
-9.316627145530553,-13.715879679918174
-9.311654843788382,-13.71032585291552
-9.306682542046204,-13.704770364322775
-9.301710240304033,-13.699213213789262
-9.296737938561861,-13.693654400964347
-9.291765636819683,-13.688093925497268
-9.286793335077512,-13.682531787037313
-9.281821033335333,-13.676967985233722
-9.276848731593162,-13.671402519735686
-9.271876429850984,-13.6658353901924
-9.266904128108813,-13.660266596253024
-9.261931826366641,-13.6546961375667
-9.256959524624463,-13.649124013782506
-9.251987222882292,-13.643550224549553
-9.247014921140114,-13.637974769516891
-9.242042619397942,-13.63239764833355
-9.237070317655764,-13.626818860648527
-9.232098015913593,-13.621238406110834
-9.227125714171422,-13.615656284369393
-9.222153412429243,-13.610072495073132
-9.217181110687072,-13.60448703787099
-9.212208808944894,-13.598899912411815
-9.207236507202722,-13.59331111834447
-9.202264205460551,-13.587720655317785
-9.197291903718373,-13.582128522980549
-9.192319601976202,-13.576534720981561
-9.187347300234023,-13.570939248969545
-9.182374998491852,-13.565342106593254
-9.177402696749674,-13.559743293501377
-9.172430395007503,-13.5541428093426
-9.167458093265331,-13.548540653765535
-9.162485791523153,-13.542936826418853
-9.157513489780982,-13.537331326951152
-9.152541188038803,-13.531724155010952
-9.147568886296632,-13.526115310246869
-9.142596584554454,-13.52050479230738
-9.137624282812283,-13.514892600841012
-9.132651981070111,-13.50927873549624
-9.127679679327933,-13.503663195921478
-9.122707377585762,-13.498045981765179
-9.117735075843584,-13.492427092675726
-9.112762774101412,-13.48680652830149
-9.107790472359241,-13.48118428829084
-9.102818170617063,-13.475560372292058
-9.097845868874892,-13.46993477995349
-9.092873567132713,-13.464307510923378
-9.087901265390542,-13.458678564849963
-9.082928963648364,-13.453047941381483
-9.077956661906192,-13.447415640166136
-9.072984360164021,-13.441781660852085
-9.068012058421843,-13.436146003087453
-9.063039756679672,-13.430508666520401
-9.058067454937493,-13.424869650799002
-9.053095153195322,-13.419228955571334
-9.048122851453144,-13.413586580485434
-9.043150549710973,-13.407942525189348
-9.038178247968801,-13.402296789331055
-9.033205946226623,-13.396649372558505
-9.028233644484452,-13.39100027451967
-9.023261342742273,-13.385349494862464
-9.018289041000102,-13.379697033234786
-9.013316739257931,-13.374042889284507
-9.008344437515753,-13.368387062659458
-9.003372135773581,-13.362729553007483
-8.998399834031403,-13.357070359976358
-8.993427532289232,-13.351409483213867
-8.988455230547054,-13.345746922367761
-8.983482928804882,-13.340082677085748
-8.978510627062711,-13.334416747015542
-8.973538325320533,-13.328749131804782
-8.968566023578362,-13.323079831101149
-8.963593721836183,-13.317408844552238
-8.958621420094012,-13.311736171805673
-8.953649118351834,-13.30606181250901
-8.948676816609662,-13.300385766309814
-8.943704514867491,-13.294708032855581
-8.938732213125313,-13.289028611793825
-8.933759911383142,-13.28334750277202
-8.928787609640963,-13.277664705437612
-8.923815307898792,-13.271980219438024
-8.91884300615662,-13.266294044420674
-8.913870704414443,-13.260606180032894
-8.908898402672271,-13.25491662592206
-8.903926100930093,-13.249225381735506
-8.898953799187922,-13.24353244712052
-8.893981497445743,-13.237837821724398
-8.889009195703572,-13.232141505194361
-8.884036893961401,-13.226443497177657
-8.879064592219223,-13.220743797321477
-8.874092290477051,-13.215042405273016
-8.869119988734873,-13.209339320679387
-8.864147686992702,-13.20363454318776
-8.859175385250524,-13.197928072445224
-8.854203083508352,-13.19221990809886
-8.849230781766181,-13.186510049795729
-8.844258480024003,-13.180798497182836
-8.839286178281831,-13.175085249907221
-8.834313876539653,-13.16937030761585
-8.829341574797482,-13.163653669955677
-8.82436927305531,-13.157935336573622
-8.819396971313132,-13.152215307116615
-8.814424669570961,-13.14649358123155
-8.809452367828783,-13.14077015856526
-8.804480066086612,-13.135045038764577
-8.799507764344433,-13.129318221476337
-8.794535462602262,-13.1235897063473
-8.78956316086009,-13.117859493024254
-8.784590859117912,-13.112127581153901
-8.779618557375741,-13.106393970382982
-8.774646255633563,-13.100658660358187
-8.769673953891392,-13.094921650726166
-8.764701652149213,-13.089182941133569
-8.759729350407042,-13.083442531227009
-8.754757048664871,-13.077700420653072
-8.749784746922693,-13.071956609058326
-8.744812445180521,-13.066211096089312
-8.739840143438343,-13.060463881392552
-8.734867841696172,-13.054714964614565
-8.729895539954,-13.048964345401776
-8.724923238211822,-13.043212023400649
-8.719950936469651,-13.037457998257626
-8.714978634727473,-13.031702269619077
-8.710006332985301,-13.025944837131396
-8.705034031243123,-13.020185700440916
-8.700061729500952,-13.014424859193971
-8.69508942775878,-13.00866231303686
-8.690117126016602,-13.002898061615854
-8.685144824274431,-12.997132104577217
-8.680172522532253,-12.991364441567178
-8.675200220790082,-12.985595072231938
-8.670227919047903,-12.979823996217654
-8.665255617305732,-12.974051213170533
-8.66028331556356,-12.968276722736658
-8.655311013821382,-12.962500524562177
-8.650338712079211,-12.956722618293144
-8.645366410337033,-12.95094300357562
-8.640394108594862,-12.945161680055685
-8.63542180685269,-12.939378647379296
-8.630449505110512,-12.933593905192481
-8.625477203368341,-12.92780745314117
-8.620504901626163,-12.92201929087132
-8.615532599883991,-12.916229418028877
-8.610560298141813,-12.910437834259698
-8.605587996399642,-12.904644539209661
-8.60061569465747,-12.898849532524608
-8.595643392915292,-12.893052813850353
-8.590671091173121,-12.887254382832726
-8.585698789430943,-12.881454239117465
-8.580726487688771,-12.875652382350339
-8.575754185946593,-12.869848812177066
-8.570781884204422,-12.864043528243341
-8.56580958246225,-12.85823653019488
-8.560837280720072,-12.852427817677295
-8.555864978977901,-12.84661739033624
-8.550892677235723,-12.840805247817292
-8.545920375493552,-12.83499138976607
-8.54094807375138,-12.82917581582813
-8.535975772009202,-12.82335852564898
-8.53100347026703,-12.817539518874163
-8.526031168524852,-12.811718795149144
-8.521058866782681,-12.805896354119405
-8.516086565040503,-12.800072195430367
-8.511114263298332,-12.794246318727483
-8.50614196155616,-12.78841872365612
-8.501169659813982,-12.78258940986165
-8.49619735807181,-12.776758376989424
-8.491225056329633,-12.770925624684756
-8.486252754587461,-12.765091152592959
-8.481280452845283,-12.759254960359309
-8.476308151103112,-12.753417047629055
-8.47133584936094,-12.747577414047411
-8.466363547618762,-12.741736059259601
-8.461391245876591,-12.735892982910814
-8.456418944134413,-12.730048184646176
-8.451446642392241,-12.724201664110858
-8.44647434065007,-12.718353420949947
-8.441502038907892,-12.712503454808532
-8.43652973716572,-12.706651765331696
-8.431557435423542,-12.700798352164478
-8.426585133681371,-12.69494321495186
-8.421612831939193,-12.689086353338872
-8.416640530197022,-12.683227766970484
-8.41166822845485,-12.67736745549163
-8.406695926712672,-12.671505418547225
-8.4017236249705,-12.665641655782201
-8.396751323228322,-12.65977616684142
-8.391779021486151,-12.653908951369727
-8.386806719743973,-12.648040009011943
-8.381834418001802,-12.64216933941291
-8.37686211625963,-12.636296942217399
-8.371889814517452,-12.630422817070148
-8.36691751277528,-12.62454696361593
-8.361945211033103,-12.61866938149942
-8.356972909290931,-12.612790070365346
-8.35200060754876,-12.606909029858368
-8.347028305806582,-12.601026259623104
-8.34205600406441,-12.595141759304209
-8.337083702322232,-12.58925552854626
-8.332111400580061,-12.58336756699384
-8.327139098837883,-12.577477874291503
-8.322166797095711,-12.571586450083766
-8.31719449535354,-12.565693294015162
-8.312222193611362,-12.559798405730128
-8.30724989186919,-12.553901784873174
-8.302277590127012,-12.548003431088697
-8.297305288384841,-12.54210334402113
-8.292332986642663,-12.536201523314858
-8.287360684900491,-12.530297968614251
-8.28238838315832,-12.524392679563654
-8.277416081416142,-12.518485655807384
-8.27244377967397,-12.512576896989737
-8.267471477931792,-12.50666640275499
-8.262499176189621,-12.500754172747408
-8.25752687444745,-12.494840206611203
-8.252554572705272,-12.48892450399058
-8.2475822709631,-12.483007064529724
-8.242609969220922,-12.477087887872804
-8.23763766747875,-12.471166973663957
-8.232665365736572,-12.465244321547296
-8.227693063994401,-12.459319931166908
-8.22272076225223,-12.453393802166863
-8.217748460510052,-12.447465934191209
-8.21277615876788,-12.441536326883949
-8.207803857025702,-12.43560497988913
-8.202831555283531,-12.429671892850674
-8.197859253541353,-12.423737065412578
-8.192886951799181,-12.41780049721875
-8.18791465005701,-12.411862187913115
-8.182942348314832,-12.405922137139543
-8.17797004657266,-12.399980344541888
-8.172997744830482,-12.394036809764028
-8.168025443088311,-12.38809153244976
-8.16305314134614,-12.382144512242869
-8.158080839603961,-12.376195748787136
-8.15310853786179,-12.370245241726323
-8.148136236119612,-12.364292990704136
-8.14316393437744,-12.358338995364287
-8.138191632635262,-12.352383255350455
-8.133219330893091,-12.34642577030632
-8.12824702915092,-12.340466539875498
-8.123274727408742,-12.334505563701592
-8.11830242566657,-12.328542841428227
-8.113330123924392,-12.322578372698915
-8.10835782218222,-12.316612157157278
-8.103385520440042,-12.310644194446775
-8.098413218697871,-12.304674484210935
-8.0934409169557,-12.29870302609325
-8.088468615213522,-12.292729819737142
-8.08349631347135,-12.286754864786062
-8.078524011729172,-12.280778160883422
-8.073551709987001,-12.27479970767261
-8.06857940824483,-12.268819504797001
-8.063607106502651,-12.262837551899896
-8.05863480476048,-12.256853848624672
-8.053662503018302,-12.250868394614587
-8.04869020127613,-12.244881189512936
-8.043717899533952,-12.238892232962973
-8.038745597791781,-12.23290152460792
-8.03377329604961,-12.226909064090998
-8.028800994307431,-12.220914851055376
-8.02382869256526,-12.214918885144233
-8.018856390823082,-12.2089211660007
-8.01388408908091,-12.202921693267909
-8.008911787338732,-12.196920466588942
-8.003939485596561,-12.190917485606885
-7.99896718385439,-12.1849127499648
-7.9939948821122115,-12.178906259305679
-7.98902258037004,-12.17289801327258
-7.984050278627862,-12.166888011508444
-7.979077976885691,-12.160876253656271
-7.9741056751435195,-12.154862739358975
-7.969133373401341,-12.148847468259493
-7.96416107165917,-12.142830440000722
-7.959188769916992,-12.136811654225507
-7.95421646817482,-12.130791110576745
-7.949244166432642,-12.124768808697217
-7.944271864690471,-12.118744748229787
-7.9392995629483,-12.112718928817214
-7.934327261206121,-12.106691350102233
-7.92935495946395,-12.10066201172763
-7.924382657721772,-12.094630913336104
-7.9194103559796005,-12.088598054570365
-7.914438054237422,-12.082563435073071
-7.909465752495251,-12.076527054486883
-7.90449345075308,-12.070488912454447
-7.899521149010901,-12.06444900861835
-7.89454884726873,-12.058407342621194
-7.889576545526552,-12.052363914105538
-7.884604243784381,-12.046318722713934
-7.879631942042209,-12.040271768088896
-7.874659640300031,-12.034223049872914
-7.86968733855786,-12.028172567708484
-7.8647150368156815,-12.022120321238049
-7.85974273507351,-12.016066310104065
-7.854770433331332,-12.010010533948895
-7.849798131589161,-12.003952992414993
-7.8448258298469895,-11.997893685144685
-7.839853528104811,-11.991832611780321
-7.83488122636264,-11.98576977196425
-7.829908924620462,-11.979705165338729
-7.82493662287829,-11.97363879154609
-7.819964321136112,-11.967570650228545
-7.814992019393941,-11.961500741028376
-7.81001971765177,-11.955429063587777
-7.805047415909591,-11.949355617548918
-7.80007511416742,-11.943280402554022
-7.795102812425242,-11.937203418245199
-7.7901305106830705,-11.931124664264589
-7.785158208940899,-11.92504414025431
-7.780185907198721,-11.918961845856431
-7.77521360545655,-11.912877780713012
-7.770241303714371,-11.906791944466105
-7.7652690019722,-11.900704336757753
-7.760296700230022,-11.894614957229905
-7.755324398487851,-11.888523805524567
-7.750352096745679,-11.88243088128371
-7.745379795003501,-11.876336184149228
-7.74040749326133,-11.870239713763056
-7.7354351915191515,-11.86414146976708
-7.73046288977698,-11.858041451803162
-7.725490588034802,-11.85193965951317
-7.720518286292631,-11.845836092538914
-7.7155459845504595,-11.839730750522214
-7.710573682808281,-11.833623633104816
-7.70560138106611,-11.827514739928509
-7.700629079323932,-11.821404070635026
-7.69565677758176,-11.815291624866097
-7.690684475839589,-11.809177402263407
-7.685712174097411,-11.803061402468638
-7.68073987235524,-11.796943625123419
-7.675767570613061,-11.790824069869421
-7.67079526887089,-11.784702736348232
-7.665822967128712,-11.77857962420143
-7.6608506653865405,-11.772454733070623
-7.655878363644369,-11.76632806259733
-7.650906061902191,-11.760199612423069
-7.64593376016002,-11.754069382189353
-7.640961458417841,-11.74793737153768
-7.63598915667567,-11.741803580109492
-7.631016854933492,-11.735668007546233
-7.626044553191321,-11.729530653489327
-7.621072251449149,-11.723391517580188
-7.616099949706971,-11.717250599460161
-7.6111276479648,-11.711107898770614
-7.6061553462226215,-11.704963415152882
-7.60118304448045,-11.698817148248276
-7.596210742738279,-11.692669097698106
-7.591238440996101,-11.68651926314359
-7.5862661392539295,-11.680367644226044
-7.581293837511751,-11.67421424058664
-7.57632153576958,-11.668059051866635
-7.571349234027402,-11.66190207770717
-7.56637693228523,-11.655743317749428
-7.561404630543059,-11.649582771634583
-7.556432328800881,-11.64342043900369
-7.55146002705871,-11.637256319497919
-7.546487725316531,-11.631090412758288
-7.54151542357436,-11.624922718425918
-7.536543121832182,-11.618753236141787
-7.53157082009001,-11.612581965546964
-7.526598518347839,-11.606408906282423
-7.521626216605661,-11.600234057989129
-7.51665391486349,-11.594057420308049
-7.511681613121311,-11.587878992880103
-7.50670931137914,-11.581698775346233
-7.501737009636969,-11.575516767347315
-7.4967647078947905,-11.569332968524199
-7.491792406152619,-11.56314737851776
-7.486820104410441,-11.556959996968812
-7.48184780266827,-11.550770823518162
-7.476875500926091,-11.54457985780662
-7.47190319918392,-11.538387099474912
-7.466930897441749,-11.532192548163827
-7.461958595699571,-11.525996203514058
-7.456986293957399,-11.519798065166329
-7.452013992215221,-11.513598132761295
-7.44704169047305,-11.507396405939641
-7.4420693887308715,-11.501192884341993
-7.4370970869887,-11.494987567608995
-7.432124785246529,-11.488780455381226
-7.427152483504351,-11.482571547299273
-7.4221801817621795,-11.476360843003688
-7.417207880020001,-11.470148342135015
-7.41223557827783,-11.463934044333753
-7.407263276535659,-11.45771794924043
-7.40229097479348,-11.451500056495503
-7.397318673051309,-11.445280365739421
-7.392346371309131,-11.4390588766126
-7.38737406956696,-11.432835588755514
-7.382401767824781,-11.426610501808488
-7.37742946608261,-11.420383615411952
-7.372457164340439,-11.414154929206218
-7.3674848625982605,-11.407924442831614
-7.362512560856089,-11.401692155928489
-7.357540259113911,-11.395458068137097
-7.35256795737174,-11.389222179097722
-7.347595655629561,-11.382984488450601
-7.34262335388739,-11.376744995835992
-7.337651052145219,-11.370503700894066
-7.332678750403041,-11.364260603265034
-7.327706448660869,-11.358015702589045
-7.322734146918691,-11.351768998506268
-7.31776184517652,-11.345520490656808
-7.312789543434349,-11.339270178680778
-7.30781724169217,-11.33301806221826
-7.302844939949999,-11.326764140909344
-7.297872638207821,-11.320508414394022
-7.2929003364656495,-11.314250882312365
-7.287928034723471,-11.307991544304356
-7.2829557329813,-11.30173040000999
-7.277983431239129,-11.295467449069216
-7.27301112949695,-11.289202691121975
-7.268038827754779,-11.282936125808206
-7.263066526012601,-11.276667752767795
-7.25809422427043,-11.270397571640629
-7.253121922528251,-11.26412558206657
-7.24814962078608,-11.257851783685473
-7.243177319043909,-11.251576176137135
-7.2382050173017305,-11.245298759061376
-7.233232715559559,-11.239019532097949
-7.228260413817381,-11.232738494886641
-7.22328811207521,-11.226455647067185
-7.2183158103330385,-11.220170988279312
-7.21334350859086,-11.213884518162692
-7.208371206848689,-11.207596236357027
-7.203398905106511,-11.201306142501972
-7.198426603364339,-11.195014236237165
-7.193454301622161,-11.188720517202226
-7.18848199987999,-11.182424985036757
-7.183509698137819,-11.17612763938034
-7.17853739639564,-11.169828479872523
-7.173565094653469,-11.163527506152851
-7.168592792911291,-11.157224717860831
-7.1636204911691195,-11.150920114635989
-7.158648189426941,-11.144613696117773
-7.15367588768477,-11.13830546194567
-7.148703585942599,-11.131995411759108
-7.14373128420042,-11.12568354519749
-7.138758982458249,-11.119369861900248
-7.133786680716071,-11.113054361506714
-7.1288143789739,-11.106737043656306
-7.123842077231728,-11.100417907988327
-7.11886977548955,-11.094096954142096
-7.113897473747379,-11.087774181756924
-7.1089251720052005,-11.081449590472074
-7.103952870263029,-11.07512317992683
-7.098980568520851,-11.06879494976041
-7.09400826677868,-11.062464899612038
-7.0890359650365085,-11.05613302912095
-7.08406366329433,-11.049799337926261
-7.079091361552159,-11.043463825667189
-7.074119059809981,-11.037126491982843
-7.069146758067809,-11.030787336512363
-7.064174456325631,-11.02444635889483
-7.05920215458346,-11.018103558769349
-7.054229852841289,-11.01175893577498
-7.04925755109911,-11.005412489550736
-7.044285249356939,-10.999064219735658
-7.039312947614761,-10.992714125968769
-7.0343406458725894,-10.98636220788902
-7.029368344130418,-10.980008465135406
-7.02439604238824,-10.973652897346833
-7.019423740646069,-10.967295504162259
-7.01445143890389,-10.96093628522057
-7.009479137161719,-10.954575240160654
-7.004506835419541,-10.948212368621391
-6.9995345336773696,-10.941847670241618
-6.994562231935198,-10.935481144660143
-6.98958993019302,-10.929112791515804
-6.984617628450849,-10.922742610447372
-6.97964532670867,-10.91637060109361
-6.974673024966499,-10.909996763093284
-6.969700723224321,-10.903621096085104
-6.96472842148215,-10.897243599707792
-6.959756119739978,-10.890864273600055
-6.9547838179978,-10.884483117400501
-6.949811516255629,-10.878100130747857
-6.9448392145134505,-10.871715313280701
-6.939866912771279,-10.865328664637667
-6.934894611029108,-10.858940184457365
-6.92992230928693,-10.852549872378333
-6.9249500075447585,-10.846157728039142
-6.91997770580258,-10.839763751078337
-6.915005404060409,-10.833367941134423
-6.910033102318231,-10.82697029784589
-6.905060800576059,-10.820570820851225
-6.900088498833888,-10.814169509788893
-6.89511619709171,-10.807766364297313
-6.890143895349539,-10.80136138401492
-6.88517159360736,-10.794954568580097
-6.880199291865189,-10.788545917631257
-6.875226990123011,-10.782135430806717
-6.8702546883808395,-10.77572310774486
-6.865282386638668,-10.769308948083989
-6.86031008489649,-10.762892951462405
-6.855337783154319,-10.7564751175184
-6.85036548141214,-10.750055445890231
-6.845393179669969,-10.743633936216158
-6.840420877927798,-10.737210588134412
-6.83544857618562,-10.730785401283189
-6.830476274443448,-10.724358375300659
-6.82550397270127,-10.717929509825025
-6.820531670959099,-10.711498804494438
-6.8155593692169205,-10.705066258947005
-6.810587067474749,-10.698631872820872
-6.805614765732578,-10.692195645754099
-6.8006424639904,-10.685757577384773
-6.7956701622482285,-10.679317667350958
-6.79069786050605,-10.672875915290684
-6.785725558763879,-10.666432320841963
-6.780753257021701,-10.659986883642807
-6.775780955279529,-10.653539603331197
-6.770808653537358,-10.647090479545094
-6.76583635179518,-10.640639511922426
-6.760864050053009,-10.634186700101116
-6.75589174831083,-10.627732043719082
-6.750919446568659,-10.62127554241421
-6.745947144826488,-10.614817195824358
-6.7409748430843095,-10.608357003587372
-6.736002541342138,-10.601894965341105
-6.73103023959996,-10.595431080723326
-6.726057937857789,-10.58896534937187
-6.72108563611561,-10.582497770924464
-6.716113334373439,-10.576028345018905
-6.711141032631268,-10.569557071292916
-6.70616873088909,-10.563083949384179
-6.701196429146918,-10.556608978930447
-6.69622412740474,-10.550132159569356
-6.691251825662569,-10.5436534909386
-6.6862795239203905,-10.53717297267579
-6.681307222178219,-10.530690604418565
-6.676334920436048,-10.524206385804533
-6.67136261869387,-10.51772031647126
-6.6663903169516985,-10.511232396056343
-6.66141801520952,-10.50474262419729
-6.656445713467349,-10.498251000531667
-6.651473411725178,-10.491757524696988
-6.646501109982999,-10.485262196330694
-6.641528808240828,-10.478765015070323
-6.63655650649865,-10.472265980553297
-6.631584204756479,-10.465765092417053
-6.6266119030143,-10.45926235029902
-6.621639601272129,-10.452757753836574
-6.616667299529958,-10.446251302667141
-6.6116949977877795,-10.439742996428045
-6.606722696045608,-10.433232834756646
-6.60175039430343,-10.426720817290258
-6.596778092561259,-10.420206943666214
-6.59180579081908,-10.413691213521782
-6.586833489076909,-10.407173626494231
-6.581861187334738,-10.400654182220835
-6.57688888559256,-10.3941328803388
-6.571916583850388,-10.387609720485358
-6.56694428210821,-10.381084702297693
-6.561971980366039,-10.37455782541302
-6.556999678623868,-10.368029089468461
-6.552027376881689,-10.36149849410116
-6.547055075139518,-10.354966038948268
-6.54208277339734,-10.348431723646868
-6.5371104716551685,-10.341895547834064
-6.53213816991299,-10.33535751114689
-6.527165868170819,-10.32881761322245
-6.522193566428648,-10.322275853697741
-6.517221264686469,-10.315732232209776
-6.512248962944298,-10.309186748395577
-6.50727666120212,-10.302639401892097
-6.502304359459949,-10.296090192336306
-6.49733205771777,-10.289539119365143
-6.492359755975599,-10.282986182615534
-6.487387454233428,-10.276431381724402
-6.482415152491249,-10.269874716328605
-6.477442850749078,-10.26331618606501
-6.4724705490069,-10.256755790570486
-6.467498247264729,-10.250193529481885
-6.462525945522557,-10.243629402435998
-6.457553643780379,-10.237063409069597
-6.452581342038208,-10.23049554901951
-6.4476090402960295,-10.223925821922464
-6.442636738553858,-10.21735422741522
-6.43766443681168,-10.210780765134498
-6.432692135069509,-10.204205434717009
-6.4277198333273375,-10.19762823579943
-6.422747531585159,-10.19104916801844
-6.417775229842988,-10.184468231010694
-6.41280292810081,-10.17788542441282
-6.407830626358638,-10.171300747861448
-6.40285832461646,-10.164714200993167
-6.397886022874289,-10.158125783444557
-6.392913721132118,-10.1515354948522
-6.387941419389939,-10.144943334852615
-6.382969117647768,-10.138349303082357
-6.37799681590559,-10.131753399177907
-6.3730245141634185,-10.125155622775788
-6.368052212421247,-10.118555973512455
-6.363079910679069,-10.11195445102436
-6.358107608936898,-10.10535105494798
-6.353135307194719,-10.09874578491968
-6.348163005452548,-10.0921386405759
-6.34319070371037,-10.08552962155302
-6.338218401968199,-10.07891872748741
-6.333246100226027,-10.072305958015423
-6.328273798483849,-10.06569131277338
-6.323301496741678,-10.059074791397604
-6.3183291949994995,-10.052456393524386
-6.313356893257328,-10.04583611879002
-6.30838459151515,-10.039213966830745
-6.303412289772979,-10.032589937282841
-6.2984399880308075,-10.025964029782504
-6.293467686288629,-10.019336243965954
-6.288495384546458,-10.012706579469393
-6.28352308280428,-10.006075035928973
-6.278550781062108,-9.999441612980872
-6.273578479319937,-9.99280631026122
-6.268606177577759,-9.986169127406132
-6.263633875835588,-9.97953006405172
-6.258661574093409,-9.972889119834086
-6.253689272351238,-9.966246294389277
-6.24871697060906,-9.959601587353351
-6.2437446688668885,-9.952954998362348
-6.238772367124717,-9.946306527052275
-6.233800065382539,-9.939656173059152
-6.228827763640368,-9.933003936018931
-6.223855461898189,-9.926349815567612
-6.218883160156018,-9.91969381134111
-6.21391085841384,-9.91303592297537
-6.208938556671669,-9.906376150106308
-6.203966254929497,-9.899714492369823
-6.198993953187319,-9.893050949401768
-6.194021651445148,-9.88638552083805
-6.1890493497029695,-9.879718206314461
-6.184077047960798,-9.873049005466868
-6.179104746218627,-9.866377917931066
-6.174132444476449,-9.85970494334283
-6.1691601427342775,-9.853030081337957
-6.164187840992099,-9.846353331552201
-6.159215539249928,-9.839674693621298
-6.15424323750775,-9.832994167180965
-6.149270935765578,-9.826311751866923
-6.144298634023407,-9.81962744731486
-6.139326332281229,-9.81294125316042
-6.134354030539058,-9.806253169039293
-6.129381728796879,-9.79956319458709
-6.124409427054708,-9.792871329439455
-6.11943712531253,-9.786177573231983
-6.1144648235703585,-9.779481925600248
-6.109492521828187,-9.772784386179822
-6.104520220086009,-9.766084954606265
-6.099547918343838,-9.759383630515131
-6.094575616601659,-9.752680413541896
-6.089603314859488,-9.745975303322094
-6.084631013117317,-9.739268299491195
-6.079658711375139,-9.732559401684663
-6.074686409632967,-9.725848609537955
-6.069714107890789,-9.71913592268651
-6.064741806148618,-9.712421340765735
-6.0597695044064395,-9.705704863411029
-6.054797202664268,-9.698986490257782
-6.049824900922097,-9.692266220941363
-6.044852599179919,-9.685544055097097
-6.0398802974377475,-9.678819992360348
-6.034907995695569,-9.672094032366392
-6.029935693953398,-9.665366174750583
-6.02496339221122,-9.658636419148142
-6.019991090469048,-9.651904765194386
-6.015018788726877,-9.645171212524534
-6.010046486984699,-9.638435760773813
-6.005074185242528,-9.631698409577453
-6.000101883500349,-9.624959158570636
-5.995129581758178,-9.618218007388567
-5.990157280016007,-9.611474955666381
-5.9851849782738284,-9.604730003039245
-5.980212676531657,-9.59798314914229
-5.975240374789479,-9.591234393610621
-5.970268073047308,-9.584483736079346
-5.965295771305129,-9.577731176183525
-5.960323469562958,-9.570976713558242
-5.955351167820787,-9.564220347838555
-5.9503788660786086,-9.55746207865946
-5.945406564336437,-9.55070190565601
-5.940434262594259,-9.543939828463174
-5.935461960852088,-9.53717584671594
-5.930489659109909,-9.530409960049273
-5.925517357367738,-9.523642168098139
-5.920545055625567,-9.516872470497454
-5.915572753883389,-9.510100866882123
-5.910600452141217,-9.503327356887059
-5.905628150399039,-9.496551940147137
-5.900655848656868,-9.48977461629725
-5.895683546914697,-9.482995384972213
-5.890711245172518,-9.476214245806862
-5.885738943430347,-9.469431198436036
-5.880766641688169,-9.462646242494515
-5.8757943399459975,-9.455859377617095
-5.870822038203819,-9.449070603438534
-5.865849736461648,-9.442279919593595
-5.860877434719477,-9.435487325717
-5.855905132977298,-9.42869282144347
-5.850932831235127,-9.421896406407726
-5.845960529492949,-9.415098080244425
-5.840988227750778,-9.408297842588256
-5.836015926008599,-9.401495693073855
-5.831043624266428,-9.39469163133589
-5.826071322524257,-9.38788565700895
-5.8210990207820785,-9.381077769727645
-5.816126719039907,-9.37426796912659
-5.811154417297729,-9.367456254840318
-5.806182115555558,-9.360642626503418
-5.8012098138133865,-9.353827083750408
-5.796237512071208,-9.347009626215824
-5.791265210329037,-9.340190253534175
-5.786292908586859,-9.333368965339936
-5.781320606844687,-9.326545761267603
-5.776348305102509,-9.319720640951612
-5.771376003360338,-9.312893604026447
-5.766403701618167,-9.3060646501265
-5.761431399875988,-9.299233778886181
-5.756459098133817,-9.292400989939892
-5.751486796391639,-9.285566282922021
-5.7465144946494675,-9.278729657466934
-5.741542192907289,-9.271891113208952
-5.736569891165118,-9.265050649782438
-5.731597589422947,-9.258208266821683
-5.726625287680768,-9.251363963960996
-5.721652985938597,-9.244517740834665
-5.716680684196419,-9.237669597076938
-5.711708382454248,-9.230819532322089
-5.706736080712076,-9.223967546204353
-5.701763778969898,-9.217113638357926
-5.696791477227727,-9.210257808417037
-5.6918191754855485,-9.203400056015852
-5.686846873743377,-9.196540380788564
-5.681874572001199,-9.189678782369318
-5.676902270259028,-9.182815260392267
-5.6719299685168565,-9.17594981449152
-5.666957666774678,-9.16908244430119
-5.661985365032507,-9.162213149455372
-5.657013063290329,-9.155341929588136
-5.652040761548157,-9.148468784333563
-5.647068459805979,-9.141593713325673
-5.642096158063808,-9.134716716198522
-5.637123856321637,-9.127837792586108
-5.632151554579458,-9.120956942122433
-5.627179252837287,-9.114074164441485
-5.622206951095109,-9.107189459177215
-5.6172346493529375,-9.100302825963608
-5.612262347610766,-9.093414264434575
-5.607290045868588,-9.086523774224023
-5.602317744126417,-9.079631354965898
-5.597345442384238,-9.072737006294052
-5.592373140642067,-9.065840727842385
-5.587400838899889,-9.058942519244747
-5.582428537157718,-9.052042380134978
-5.577456235415546,-9.045140310146904
-5.572483933673368,-9.038236308914332
-5.567511631931197,-9.031330376071082
-5.5625393301890185,-9.024422511250895
-5.557567028446847,-9.017512714087585
-5.552594726704669,-9.010600984214863
-5.547622424962498,-9.003687321266485
-5.5426501232203265,-8.99677172487617
-5.537677821478148,-8.989854194677603
-5.532705519735977,-8.982934730304482
-5.527733217993799,-8.976013331390494
-5.522760916251627,-8.96908999756927
-5.517788614509456,-8.962164728474484
-5.512816312767278,-8.955237523739731
-5.507844011025107,-8.948308382998654
-5.502871709282928,-8.941377305884819
-5.497899407540757,-8.934444292031834
-5.492927105798579,-8.927509341073234
-5.4879548040564075,-8.920572452642615
-5.482982502314236,-8.913633626373484
-5.478010200572058,-8.906692861899344
-5.473037898829887,-8.899750158853736
-5.468065597087708,-8.89280551687011
-5.463093295345537,-8.885858935581986
-5.458120993603359,-8.878910414622785
-5.453148691861188,-8.871959953625982
-5.448176390119016,-8.865007552224986
-5.443204088376838,-8.858053210053196
-5.438231786634667,-8.851096926744058
-5.4332594848924884,-8.844138701930914
-5.428287183150317,-8.837178535247158
-5.423314881408146,-8.830216426326126
-5.418342579665968,-8.823252374801168
-5.413370277923796,-8.816286380305609
-5.408397976181618,-8.809318442472732
-5.403425674439447,-8.802348560935863
-5.3984533726972685,-8.795376735328263
-5.393481070955097,-8.78840296528321
-5.388508769212926,-8.781427250433943
-5.383536467470748,-8.774449590413681
-5.3785641657285765,-8.76746998485567
-5.373591863986398,-8.760488433393089
-5.368619562244227,-8.753504935659155
-5.363647260502049,-8.746519491287014
-5.358674958759877,-8.739532099909834
-5.353702657017706,-8.732542761160772
-5.348730355275528,-8.725551474672944
-5.343758053533357,-8.718558240079467
-5.338785751791178,-8.711563057013446
-5.333813450049007,-8.704565925107964
-5.328841148306836,-8.697566843996082
-5.3238688465646575,-8.69056581331087
-5.318896544822486,-8.683562832685354
-5.313924243080308,-8.676557901752581
-5.308951941338137,-8.669551020145526
-5.303979639595958,-8.66254218749722
-5.299007337853787,-8.655531403440639
-5.294035036111616,-8.648518667608736
-5.289062734369438,-8.641503979634466
-5.284090432627266,-8.634487339150787
-5.279118130885088,-8.62746874579059
-5.274145829142917,-8.620448199186814
-5.2691735274007385,-8.613425698972332
-5.264201225658567,-8.606401244780033
-5.259228923916396,-8.59937483624279
-5.254256622174218,-8.592346472993423
-5.2492843204320465,-8.585316154664788
-5.244312018689868,-8.578283880889702
-5.239339716947697,-8.571249651300986
-5.234367415205526,-8.564213465531427
-5.229395113463347,-8.557175323213784
-5.224422811721176,-8.550135223980835
-5.219450509978998,-8.543093167465312
-5.214478208236827,-8.53604915329999
-5.209505906494648,-8.529003181117538
-5.204533604752477,-8.521955250550686
-5.199561303010306,-8.514905361232133
-5.1945890012681275,-8.507853512794538
-5.189616699525956,-8.500799704870575
-5.184644397783778,-8.493743937092876
-5.179672096041607,-8.4866862090941
-5.1746997942994355,-8.47962652050686
-5.169727492557257,-8.472564870963728
-5.164755190815086,-8.465501260097325
-5.159782889072908,-8.45843568754022
-5.154810587330736,-8.451368152924978
-5.149838285588558,-8.444298655884145
-5.144865983846387,-8.43722719605026
-5.139893682104216,-8.430153773055835
-5.134921380362037,-8.423078386533355
-5.129949078619866,-8.416001036115347
-5.124976776877688,-8.408921721434266
-5.1200044751355165,-8.40184044212258
-5.115032173393338,-8.394757197812732
-5.110059871651167,-8.387671988137168
-5.105087569908996,-8.380584812728307
-5.100115268166817,-8.373495671218528
-5.095142966424646,-8.366404563240255
-5.090170664682468,-8.35931148842585
-5.085198362940297,-8.35221644640768
-5.080226061198125,-8.345119436818095
-5.075253759455947,-8.33802045928943
-5.070281457713776,-8.33091951345401
-5.0653091559715975,-8.323816598944129
-5.060336854229426,-8.316711715392097
-5.055364552487248,-8.309604862430165
-5.050392250745077,-8.302496039690649
-5.0454199490029055,-8.295385246805752
-5.040447647260727,-8.288272483407743
-5.035475345518556,-8.281157749128832
-5.030503043776378,-8.274041043601212
-5.025530742034206,-8.266922366457116
-5.020558440292028,-8.25980171732868
-5.015586138549857,-8.252679095848121
-5.010613836807686,-8.245554501647568
-5.005641535065507,-8.238427934359159
-5.000669233323336,-8.23129939361503
-4.995696931581158,-8.22416887904727
-4.9907246298389865,-8.217036390288019
-4.985752328096815,-8.209901926969335
-4.980780026354637,-8.202765488723287
-4.975807724612466,-8.19562707518195
-4.970835422870287,-8.188486685977335
-4.965863121128116,-8.181344320741518
-4.960890819385938,-8.17419997910648
-4.955918517643767,-8.167053660704244
-4.950946215901595,-8.159905365166795
-4.945973914159417,-8.152755092126094
-4.941001612417246,-8.145602841214114
-4.9360293106750674,-8.1384486120628
-4.931057008932896,-8.131292404304105
-4.926084707190718,-8.12413421756991
-4.921112405448547,-8.116974051492182
-4.916140103706375,-8.109811905702758
-4.911167801964197,-8.102647779833532
-4.906195500222026,-8.09548167351638
-4.9012231984798476,-8.088313586383167
-4.896250896737676,-8.08114351806572
-4.891278594995505,-8.073971468195861
-4.886306293253327,-8.066797436405393
-4.8813339915111555,-8.059621422326142
-4.876361689768977,-8.052443425589873
-4.871389388026806,-8.045263445828374
-4.866417086284628,-8.03808148267338
-4.861444784542456,-8.030897535756669
-4.856472482800285,-8.023711604709963
-4.851500181058107,-8.016523689164956
-4.846527879315936,-8.009333788753382
-4.841555577573757,-8.002141903106907
-4.836583275831586,-7.9949480318572395
-4.831610974089408,-7.987752174636024
-4.8266386723472365,-7.980554331074924
-4.821666370605065,-7.973354500805579
-4.816694068862887,-7.9661526834596055
-4.811721767120716,-7.958948878668614
-4.806749465378537,-7.951743086064204
-4.801777163636366,-7.944535305277987
-4.796804861894195,-7.937325535941488
-4.791832560152017,-7.930113777686312
-4.786860258409845,-7.92290003014398
-4.781887956667667,-7.9156842929460325
-4.776915654925496,-7.908466565723991
-4.7719433531833175,-7.901246848109351
-4.766971051441146,-7.894025139733624
-4.761998749698975,-7.886801440228282
-4.757026447956797,-7.879575749224788
-4.7520541462146255,-7.872348066354597
-4.747081844472447,-7.865118391249149
-4.742109542730276,-7.857886723539891
-4.737137240988098,-7.850653062858219
-4.732164939245926,-7.8434174088355295
-4.727192637503755,-7.836179761103238
-4.722220335761577,-7.828940119292682
-4.717248034019406,-7.821698483035265
-4.712275732277227,-7.814454851962306
-4.707303430535056,-7.80720922570517
-4.702331128792885,-7.799961603895175
-4.6973588270507065,-7.7927119861636
-4.692386525308535,-7.785460372141782
-4.687414223566357,-7.778206761460984
-4.682441921824186,-7.770951153752496
-4.677469620082007,-7.763693548647558
-4.672497318339836,-7.756433945777441
-4.667525016597665,-7.749172344773366
-4.662552714855487,-7.741908745266541
-4.657580413113315,-7.734643146888199
-4.652608111371137,-7.727375549269519
-4.647635809628966,-7.7201059520417
-4.6426635078867875,-7.712834354835888
-4.637691206144616,-7.705560757283271
-4.632718904402445,-7.698285159014974
-4.627746602660267,-7.691007559662126
-4.6227743009180955,-7.683727958855856
-4.617801999175917,-7.676446356227271
-4.612829697433746,-7.669162751407463
-4.607857395691575,-7.661877144027515
-4.602885093949396,-7.654589533718492
-4.597912792207225,-7.6472999201114495
-4.592940490465047,-7.640008302837422
-4.587968188722876,-7.632714681527467
-4.582995886980697,-7.625419055812582
-4.578023585238526,-7.618121425323792
-4.573051283496355,-7.610821789692066
-4.5680789817541765,-7.603520148548382
-4.563106680012005,-7.596216501523746
-4.558134378269827,-7.588910848249075
-4.553162076527656,-7.581603188355334
-4.548189774785477,-7.574293521473438
-4.543217473043306,-7.566981847234321
-4.538245171301135,-7.559668165268892
-4.533272869558957,-7.5523524752080045
-4.528300567816785,-7.545034776682595
-4.523328266074607,-7.5377150693235
-4.518355964332436,-7.530393352761585
-4.513383662590265,-7.523069626627695
-4.508411360848086,-7.515743890552653
-4.503439059105915,-7.508416144167278
-4.498466757363737,-7.501086387102379
-4.4934944556215655,-7.493754618988766
-4.488522153879387,-7.486420839457195
-4.483549852137216,-7.479085048138466
-4.478577550395045,-7.471747244663317
-4.473605248652866,-7.46440742866248
-4.468632946910695,-7.457065599766725
-4.463660645168517,-7.449721757606752
-4.458688343426346,-7.442375901813272
-4.453716041684167,-7.435028032016963
-4.448743739941996,-7.427678147848556
-4.443771438199825,-7.42032624893868
-4.4387991364576465,-7.412972334918008
-4.433826834715475,-7.405616405417192
-4.428854532973297,-7.398258460066868
-4.423882231231126,-7.390898498497666
-4.4189099294889544,-7.38353652034018
-4.413937627746776,-7.376172525225014
-4.408965326004605,-7.368806512782778
-4.403993024262427,-7.361438482644019
-4.399020722520255,-7.35406843443932
-4.394048420778077,-7.346696367799217
-4.389076119035906,-7.3393222823542725
-4.3841038172937346,-7.331946177734989
-4.379131515551556,-7.324568053571892
-4.374159213809385,-7.317187909495498
-4.369186912067207,-7.309805745136263
-4.364214610325035,-7.302421560124708
-4.359242308582857,-7.295035354091276
-4.354270006840686,-7.287647126666444
-4.349297705098515,-7.280256877480645
-4.344325403356336,-7.27286460616429
-4.339353101614165,-7.265470312347822
-4.334380799871987,-7.258073995661653
-4.3294084981298155,-7.250675655736178
-4.324436196387644,-7.243275292201784
-4.319463894645466,-7.235872904688817
-4.314491592903295,-7.22846849282767
-4.309519291161116,-7.2210620562486705
-4.304546989418945,-7.213653594582183
-4.299574687676767,-7.2062431074585165
-4.294602385934596,-7.198830594507984
-4.289630084192424,-7.191416055360897
-4.284657782450246,-7.18399948964754
-4.279685480708075,-7.176580896998199
-4.2747131789658965,-7.16916027704313
-4.269740877223725,-7.161737629412602
-4.264768575481547,-7.154312953736843
-4.259796273739376,-7.14688624964612
-4.2548239719972045,-7.1394575167706265
-4.249851670255026,-7.132026754740565
-4.244879368512855,-7.12459396318616
-4.239907066770677,-7.11715914173758
-4.234934765028505,-7.109722290025014
-4.229962463286334,-7.102283407678606
-4.224990161544156,-7.094842494328516
-4.220017859801985,-7.0873995496049025
-4.215045558059806,-7.079954573137874
-4.210073256317635,-7.07250756455756
-4.205100954575457,-7.06505852349405
-4.2001286528332855,-7.0576074495774614
-4.195156351091114,-7.050154342437882
-4.190184049348936,-7.04269920170534
-4.185211747606765,-7.035242027009946
-4.180239445864586,-7.027782817981727
-4.175267144122415,-7.020321574250716
-4.170294842380237,-7.012858295446962
-4.165322540638066,-7.005392981200453
-4.160350238895894,-6.9979256311412135
-4.155377937153716,-6.990456244899218
-4.150405635411545,-6.982984822104467
-4.1454333336693665,-6.975511362386935
-4.140461031927195,-6.9680358653765495
-4.135488730185024,-6.960558330703297
-4.130516428442846,-6.953078757997083
-4.1255441267006745,-6.945597146887851
-4.120571824958496,-6.938113497005507
-4.115599523216325,-6.930627807979958
-4.110627221474147,-6.9231400794410805
-4.105654919731975,-6.915650311018785
-4.100682617989804,-6.908158502342936
-4.095710316247626,-6.900664653043367
-4.090738014505455,-6.893168762749951
-4.085765712763276,-6.885670831092509
-4.080793411021105,-6.878170857700879
-4.075821109278927,-6.870668842204856
-4.0708488075367555,-6.863164784234265
-4.065876505794584,-6.855658683418889
-4.060904204052406,-6.8481505393885
-4.055931902310235,-6.840640351772889
-4.050959600568056,-6.8331281202017955
-4.045987298825885,-6.825613844304983
-4.041014997083714,-6.818097523712189
-4.036042695341536,-6.8105791580531125
-4.031070393599364,-6.803058746957504
-4.026098091857186,-6.7955362900550575
-4.021125790115015,-6.788011786975463
-4.0161534883728365,-6.780485237348392
-4.011181186630665,-6.772956640803554
-4.006208884888494,-6.7654259969705794
-4.001236583146316,-6.757893305479104
-3.9962642814041445,-6.750358565958809
-3.991291979661966,-6.742821778039291
-3.986319677919795,-6.735282941350193
-3.9813473761776166,-6.727742055521092
-3.9763750744354454,-6.720199120181618
-3.971402772693274,-6.712654134961341
-3.966430470951096,-6.705107099489828
-3.9614581692089246,-6.697558013396663
-3.9564858674667462,-6.690006876311375
-3.951513565724575,-6.68245368786353
-3.946541263982404,-6.674898447682664
-3.9415689622402255,-6.667341155398261
-3.9365966604980542,-6.6597818106398785
-3.931624358755876,-6.652220413036982
-3.9266520570137047,-6.644656962219089
-3.9216797552715263,-6.637091457815656
-3.916707453529355,-6.6295238994561725
-3.911735151787184,-6.621954286770087
-3.9067628500450056,-6.614382619386835
-3.9017905483028343,-6.606808896935874
-3.896818246560656,-6.599233119046623
-3.891845944818485,-6.591655285348504
-3.8868736430763065,-6.584075395470904
-3.8819013413341352,-6.576493449043238
-3.876929039591964,-6.568909445694894
-3.8719567378497857,-6.561323385055227
-3.8669844361076144,-6.553735266753611
-3.862012134365436,-6.54614509041941
-3.857039832623265,-6.538552855681951
-3.8520675308810937,-6.530958562170585
-3.8470952291389153,-6.5233622095146035
-3.842122927396744,-6.515763797343362
-3.8371506256545658,-6.50816332528612
-3.8321783239123945,-6.500560792972204
-3.827206022170216,-6.492956200030862
-3.822233720428045,-6.4853495460914
-3.8172614186858738,-6.477740830783071
-3.8122891169436954,-6.470130053735089
-3.807316815201524,-6.4625172145767555
-3.802344513459346,-6.454902312937241
-3.7973722117171747,-6.447285348445813
-3.7923999099749963,-6.439666320731644
-3.787427608232825,-6.43204522942397
-3.782455306490654,-6.424422074151961
-3.7774830047484755,-6.416796854544781
-3.7725107030063043,-6.40916957023163
-3.767538401264126,-6.4015402208416425
-3.7625660995219548,-6.393908806003984
-3.7575937977797835,-6.386275325347797
-3.752621496037605,-6.378639778502179
-3.747649194295434,-6.37100216509629
-3.7426768925532556,-6.363362484759206
-3.7377045908110844,-6.355720737120059
-3.732732289068906,-6.348076921807904
-3.727759987326735,-6.340431038451845
-3.7227876855845636,-6.332783086680943
-3.7178153838423853,-6.325133066124239
-3.712843082100214,-6.317480976410818
-3.7078707803580357,-6.309826817169677
-3.7028984786158645,-6.302170588029891
-3.697926176873686,-6.294512288620438
-3.692953875131515,-6.286851918570362
-3.6879815733893437,-6.279189477508638
-3.6830092716471654,-6.271524965064262
-3.678036969904994,-6.26385838086622
-3.673064668162816,-6.2561897245434785
-3.6680923664206446,-6.248518995725002
-3.6631200646784734,-6.24084619403973
-3.658147762936295,-6.233171319116621
-3.653175461194124,-6.225494370584588
-3.6482031594519455,-6.217815348072558
-3.6432308577097743,-6.210134251209448
-3.638258555967596,-6.202451079624154
-3.6332862542254247,-6.194765832945575
-3.6283139524832535,-6.18707851080259
-3.623341650741075,-6.179389112824063
-3.618369348998904,-6.171697638638874
-3.6133970472567256,-6.1640040878758695
-3.6084247455145544,-6.156308460163883
-3.603452443772376,-6.148610755131762
-3.598480142030205,-6.140910972408335
-3.5935078402880336,-6.133209111622404
-3.5885355385458553,-6.125505172402769
-3.583563236803684,-6.117799154378254
-3.5785909350615057,-6.110091057177617
-3.5736186333193345,-6.102380880429661
-3.5686463315771633,-6.094668623763137
-3.563674029834985,-6.086954286806789
-3.5587017280928137,-6.079237869189402
-3.5537294263506354,-6.071519370539687
-3.548757124608464,-6.063798790486388
-3.543784822866286,-6.056076128658217
-3.5388125211241146,-6.048351384683893
-3.5338402193819434,-6.040624558192115
-3.528867917639765,-6.032895648811559
-3.523895615897594,-6.025164656170929
-3.5189233141554155,-6.017431579898898
-3.5139510124132443,-6.009696419624116
-3.508978710671066,-6.001959174975239
-3.5040064089288947,-5.994219845580945
-3.4990341071867235,-5.98647843106983
-3.494061805444545,-5.978734931070526
-3.489089503702374,-5.970989345211673
-3.4841172019601956,-5.963241673121859
-3.4791449002180244,-5.955491914429706
-3.474172598475853,-5.947740068763778
-3.469200296733675,-5.939986135752669
-3.4642279949915036,-5.9322301150249555
-3.4592556932493252,-5.924472006209189
-3.454283391507154,-5.916711808933933
-3.4493110897649757,-5.908949522827721
-3.4443387880228045,-5.901185147519105
-3.4393664862806332,-5.893418682636599
-3.434394184538455,-5.8856501278087086
-3.4294218827962837,-5.877879482663971
-3.4244495810541054,-5.870106746830857
-3.419477279311934,-5.862331919937882
-3.414504977569756,-5.854555001613498
-3.4095326758275846,-5.846775991486218
-3.4045603740854133,-5.838994889184468
-3.399588072343235,-5.831211694336703
-3.394615770601064,-5.823426406571393
-3.3896434688588855,-5.815639025516951
-3.3846711671167142,-5.807849550801819
-3.379698865374543,-5.800057982054423
-3.3747265636323647,-5.792264318903134
-3.3697542618901934,-5.784468560976399
-3.364781960148015,-5.776670707902574
-3.359809658405844,-5.768870759310063
-3.3548373566636656,-5.761068714827226
-3.3498650549214943,-5.753264574082444
-3.344892753179323,-5.745458336704069
-3.3399204514371448,-5.737650002320435
-3.3349481496949736,-5.729839570559894
-3.329975847952795,-5.7220270410507625
-3.325003546210624,-5.714212413421389
-3.3200312444684457,-5.706395687300054
-3.3150589427262744,-5.698576862315091
-3.310086640984103,-5.690755938094775
-3.305114339241925,-5.682932914267384
-3.3001420374997537,-5.67510779046123
-3.2951697357575753,-5.667280566304543
-3.290197434015404,-5.659451241425618
-3.285225132273233,-5.6516198154526975
-3.2802528305310545,-5.643786288013991
-3.2752805287888833,-5.635950658737786
-3.270308227046705,-5.628112927252268
-3.2653359253045338,-5.620273093185677
-3.2603636235623554,-5.612431156166206
-3.255391321820184,-5.604587115822077
-3.250419020078013,-5.596740971781471
-3.2454467183358346,-5.588892723672559
-3.2404744165936634,-5.5810423711235355
-3.235502114851485,-5.573189913762555
-3.230529813109314,-5.565335351217781
-3.2255575113671355,-5.557478683117354
-3.2205852096249643,-5.549619909089443
-3.215612907882793,-5.54175902876216
-3.2106406061406148,-5.53389604176361
-3.2056683043984435,-5.5260309477219485
-3.200696002656265,-5.518163746265256
-3.195723700914094,-5.510294437021645
-3.1907513991719227,-5.502423019619209
-3.1857790974297444,-5.494549493686002
-3.180806795687573,-5.486673858850144
-3.175834493945395,-5.478796114739664
-3.1708621922032236,-5.470916260982648
-3.1658898904610453,-5.463034297207112
-3.160917588718874,-5.455150223041137
-3.155945286976703,-5.44726403811273
-3.1509729852345245,-5.439375742049915
-3.1460006834923533,-5.431485334480735
-3.141028381750175,-5.423592815033154
-3.1360560800080037,-5.415698183335224
-3.1310837782658254,-5.407801439014901
-3.126111476523654,-5.399902581700186
-3.121139174781483,-5.392001611019056
-3.1161668730393046,-5.384098526599455
-3.1111945712971334,-5.37619332806938
-3.106222269554955,-5.368286015056751
-3.101249967812784,-5.36037658718954
-3.0962776660706126,-5.352465044095665
-3.0913053643284343,-5.344551385403043
-3.086333062586263,-5.336635610739622
-3.0813607608440847,-5.3287177197332944
-3.0763884591019135,-5.320797712011978
-3.071416157359735,-5.312875587203544
-3.066443855617564,-5.3049513449359225
-3.0614715538753927,-5.297024984836953
-3.0564992521332144,-5.289096506534528
-3.051526950391043,-5.2811659096565045
-3.046554648648865,-5.273233193830744
-3.0415823469066936,-5.265298358685087
-3.0366100451645153,-5.257361403847379
-3.031637743422344,-5.249422328945463
-3.026665441680173,-5.241481133607164
-3.0216931399379945,-5.233537817460268
-3.0167208381958233,-5.225592380132623
-3.011748536453645,-5.21764482125201
-3.0067762347114737,-5.209695140446231
-3.0018039329693025,-5.2017433373430775
-2.996831631227124,-5.193789411570305
-2.991859329484953,-5.185833362755706
-2.9868870277427746,-5.177875190527029
-2.9819147260006034,-5.169914894512054
-2.976942424258425,-5.161952474338491
-2.971970122516254,-5.153987929634123
-2.9669978207740826,-5.146021260026655
-2.9620255190319043,-5.1380524651438115
-2.957053217289733,-5.13008154461333
-2.9520809155475547,-5.1221084980628975
-2.9471086138053835,-5.114133325120228
-2.942136312063205,-5.106156025413015
-2.937164010321034,-5.09817659856895
-2.9321917085788627,-5.090195044215705
-2.9272194068366844,-5.082211361980944
-2.922247105094513,-5.074225551492356
-2.917274803352335,-5.066237612377577
-2.9123025016101636,-5.058247544264274
-2.9073301998679923,-5.050255346780075
-2.902357898125814,-5.042261019552612
-2.897385596383643,-5.0342645622095334
-2.8924132946414645,-5.0262659743784255
-2.8874409928992932,-5.018265255686934
-2.882468691157115,-5.010262405762653
-2.8774963894149437,-5.002257424233188
-2.8725240876727725,-4.994250310726117
-2.867551785930594,-4.986241064869008
-2.862579484188423,-4.978229686289485
-2.8576071824462446,-4.970216174615061
-2.8526348807040733,-4.96220052947334
-2.847662578961895,-4.954182750491851
-2.842690277219724,-4.946162837298166
-2.8377179754775526,-4.938140789519805
-2.8327456737353742,-4.930116606784298
-2.827773371993203,-4.922090288719186
-2.8228010702510247,-4.914061834951968
-2.8178287685088534,-4.906031245110178
-2.812856466766682,-4.897998518821306
-2.807884165024504,-4.88996365571284
-2.8029118632823327,-4.881926655412292
-2.7979395615401543,-4.87388751754713
-2.792967259797983,-4.865846241744829
-2.7879949580558048,-4.857802827632852
-2.7830226563136335,-4.849757274838692
-2.7780503545714623,-4.8417095829897665
-2.773078052829284,-4.833659751713531
-2.7681057510871128,-4.825607780637447
-2.7631334493449344,-4.817553669388918
-2.758161147602763,-4.8094974175953915
-2.753188845860585,-4.801439024884278
-2.7482165441184137,-4.793378490883002
-2.7432442423762424,-4.785315815218949
-2.738271940634064,-4.777250997519522
-2.733299638891893,-4.769184037412129
-2.7283273371497145,-4.761114934524135
-2.7233550354075433,-4.753043688482943
-2.718382733665372,-4.744970298915908
-2.7134104319231938,-4.7368947654503755
-2.7084381301810225,-4.728817087713739
-2.703465828438844,-4.720737265333319
-2.698493526696673,-4.712655297936483
-2.6935212249544946,-4.704571185150558
-2.6885489232123234,-4.6964849266028725
-2.683576621470152,-4.688396521920757
-2.678604319727974,-4.680305970731503
-2.6736320179858026,-4.672213272662458
-2.6686597162436243,-4.664118427340902
-2.663687414501453,-4.656021434394149
-2.6587151127592747,-4.647922293449462
-2.6537428110171035,-4.6398210041341565
-2.6487705092749323,-4.631717566075495
-2.643798207532754,-4.623611978900734
-2.6388259057905827,-4.6155042422371615
-2.6338536040484044,-4.607394355712016
-2.628881302306233,-4.599282318952559
-2.623909000564062,-4.591168131586033
-2.6189366988218836,-4.583051793239664
-2.6139643970797124,-4.574933303540706
-2.608992095337534,-4.566812662116351
-2.604019793595363,-4.558689868593848
-2.5990474918531845,-4.550564922600386
-2.5940751901110133,-4.542437823763191
-2.589102888368842,-4.534308571709459
-2.5841305866266637,-4.526177166066356
-2.5791582848844925,-4.518043606461088
-2.574185983142314,-4.509907892520838
-2.569213681400143,-4.50177002387277
-2.5642413796579646,-4.493630000144047
-2.5592690779157934,-4.485487820961844
-2.554296776173622,-4.477343485953313
-2.549324474431444,-4.4691969947455785
-2.5443521726892726,-4.461048346965807
-2.5393798709470943,-4.452897542241126
-2.534407569204923,-4.444744580198666
-2.529435267462752,-4.436589460465544
-2.5244629657205735,-4.428432182668872
-2.5194906639784023,-4.420272746435769
-2.514518362236224,-4.41211115139334
-2.5095460604940527,-4.403947397168679
-2.5045737587518744,-4.395781483388877
-2.499601457009703,-4.3876134096810295
-2.494629155267532,-4.379443175672202
-2.4896568535253536,-4.371270780989466
-2.4846845517831824,-4.363096225259902
-2.479712250041004,-4.354919508110561
-2.474739948298833,-4.346740629168495
-2.4697676465566545,-4.338559588060756
-2.4647953448144833,-4.330376384414401
-2.459823043072312,-4.322191017856446
-2.4548507413301337,-4.314003488013931
-2.4498784395879625,-4.305813794513882
-2.444906137845784,-4.297621936983312
-2.439933836103613,-4.289427915049241
-2.4349615343614417,-4.281231728338665
-2.4299892326192634,-4.27303337647859
-2.425016930877092,-4.264832859096019
-2.420044629134914,-4.256630175817925
-2.4150723273927426,-4.248425326271304
-2.4101000256505642,-4.240218310083126
-2.405127723908393,-4.232009126880373
-2.400155422166222,-4.223797776290003
-2.3951831204240435,-4.215584257938969
-2.3902108186818722,-4.207368571454236
-2.385238516939694,-4.199150716462736
-2.3802662151975227,-4.190930692591431
-2.3752939134553444,-4.1827084994672346
-2.370321611713173,-4.174484136717115
-2.365349309971002,-4.1662576039679635
-2.3603770082288236,-4.158028900846706
-2.3554047064866523,-4.149798026980264
-2.350432404744474,-4.14156498199553
-2.345460103002303,-4.133329765519434
-2.3404878012601316,-4.125092377178853
-2.3355154995179532,-4.116852816600664
-2.330543197775782,-4.1086110834117875
-2.3255708960336037,-4.100367177239069
-2.3205985942914324,-4.09212109770941
-2.315626292549254,-4.0838728444496555
-2.310653990807083,-4.0756224170866915
-2.3056816890649117,-4.067369815247361
-2.3007093873227333,-4.059115038558515
-2.295737085580562,-4.050858086647004
-2.2907647838383838,-4.0425989591396645
-2.2857924820962126,-4.034337655663345
-2.280820180354034,-4.026074175844852
-2.275847878611863,-4.017808519311047
-2.2708755768696918,-4.009540685688715
-2.2659032751275134,-4.001270674604666
-2.260930973385342,-3.9929984856857397
-2.255958671643164,-3.9847241185587157
-2.2509863699009927,-3.9764475728504016
-2.2460140681588214,-3.968168848187586
-2.241041766416643,-3.9598879441970483
-2.236069464674472,-3.951604860505579
-2.2310971629322935,-3.943319596739944
-2.2261248611901223,-3.9350321525269396
-2.221152559447944,-3.9267425274932926
-2.2161802577057728,-3.918450721265798
-2.2112079559636015,-3.9101567334712044
-2.206235654221423,-3.9018605637362347
-2.201263352479252,-3.893562211687667
-2.1962910507370736,-3.8852616769522204
-2.1913187489949024,-3.876958959156643
-2.186346447252724,-3.868654057927644
-2.181374145510553,-3.860346972891974
-2.1764018437683816,-3.852037703676327
-2.1714295420262033,-3.843726249907423
-2.166457240284032,-3.8354126112119893
-2.1614849385418538,-3.827096787216689
-2.1565126367996825,-3.8187787775482755
-2.1515403350575113,-3.8104585818333936
-2.146568033315333,-3.802136199698749
-2.1415957315731617,-3.79381163077104
-2.1366234298309834,-3.7854848746769103
-2.131651128088812,-3.7771559310430756
-2.126678826346634,-3.7688247994961612
-2.1217065246044626,-3.760491479662868
-2.1167342228622914,-3.7521559711698464
-2.111761921120113,-3.74381827364371
-2.106789619377942,-3.735478386711162
-2.1018173176357635,-3.7271363099988077
-2.0968450158935923,-3.7187920431333135
-2.091872714151414,-3.7104455857412946
-2.0869004124092427,-3.702096937449389
-2.0819281106670715,-3.693746097884219
-2.076955808924893,-3.685393066672393
-2.071983507182722,-3.677037843440542
-2.0670112054405436,-3.6686804278152576
-2.0620389036983724,-3.6603208194231747
-2.057066601956201,-3.6519590178908685
-2.052094300214023,-3.643595022844928
-2.0471219984718516,-3.6352288339119694
-2.0421496967296733,-3.6268604507185533
-2.037177394987502,-3.618489872891288
-2.0322050932453237,-3.6101171000567183
-2.0272327915031525,-3.6017421318414575
-2.0222604897609813,-3.593364967872041
-2.017288188018803,-3.5849856077750246
-2.0123158862766317,-3.576604051176999
-2.0073435845344534,-3.568220297704484
-2.002371282792282,-3.559834346984062
-1.9973989810501038,-3.5514461986422434
-1.9924266793079326,-3.5430558523056033
-1.9874543775657614,-3.534663307600656
-1.982482075823583,-3.526268564153921
-1.9775097740814118,-3.517871621591949
-1.9725374723392335,-3.5094724795412415
-1.9675651705970623,-3.501071137628335
-1.962592868854891,-3.492667595479728
-1.9576205671127127,-3.484261852721934
-1.9526482653705415,-3.4758539089814633
-1.9476759636283631,-3.467443763884794
-1.942703661886192,-3.4590314170584517
-1.9377313601440136,-3.450616868128892
-1.9327590584018424,-3.4422001167226437
-1.9277867566596711,-3.4337811624661607
-1.9228144549174928,-3.4253600049859063
-1.9178421531753216,-3.4169366439084046
-1.9128698514331433,-3.4085110788600668
-1.907897549690972,-3.400083309467402
-1.9029252479487937,-3.391653335356853
-1.8979529462066225,-3.3832211561548724
-1.8929806444644512,-3.3747867714879267
-1.888008342722273,-3.366350180982438
-1.8830360409801017,-3.3579113842648773
-1.8780637392379234,-3.349470380961667
-1.8730914374957521,-3.3410271706992636
-1.868119135753581,-3.3325817531040727
-1.8631468340114026,-3.3241341278025316
-1.8581745322692313,-3.3156842944210663
-1.853202230527053,-3.3072322525860796
-1.8482299287848818,-3.298778001924019
-1.8432576270427035,-3.29032154206127
-1.8382853253005322,-3.2818628726242505
-1.833313023558361,-3.2734019932393505
-1.8283407218161827,-3.2649389035329786
-1.8233684200740115,-3.2564736031315253
-1.8183961183318331,-3.248006091661377
-1.813423816589662,-3.239536368748936
-1.8084515148474836,-3.231064434020568
-1.8034792131053123,-3.222590287102672
-1.7985069113631411,-3.214113927621602
-1.7935346096209628,-3.205635355203725
-1.7885623078787916,-3.1971545694754315
-1.7835900061366132,-3.1886715700630637
-1.778617704394442,-3.1801863565930013
-1.7736454026522708,-3.171698928691587
-1.7686731009100924,-3.1632092859851566
-1.7637007991679212,-3.154717428100095
-1.7587284974257429,-3.1462233546627068
-1.7537561956835717,-3.1377270652993663
-1.7487838939413933,-3.129228559636379
-1.743811592199222,-3.1207278373001093
-1.7388392904570509,-3.1122248979168683
-1.7338669887148725,-3.1037197411129616
-1.7288946869727013,-3.0952123665147555
-1.723922385230523,-3.0867027737485215
-1.7189500834883518,-3.0781909624406167
-1.7139777817461734,-3.069676932217317
-1.7090054800040022,-3.0611606827049473
-1.704033178261831,-3.052642213529813
-1.6990608765196527,-3.0441215243181885
-1.6940885747774814,-3.0355986146964025
-1.689116273035303,-3.0270734842907228
-1.6841439712931319,-3.0185461327274563
-1.6791716695509606,-3.010016559632887
-1.6741993678087823,-3.0014847646332674
-1.669227066066611,-2.992950747354916
-1.6642547643244328,-2.984414507424074
-1.6592824625822615,-2.9758760444670425
-1.6543101608400832,-2.9673353581100628
-1.649337859097912,-2.958792447979427
-1.6443655573557407,-2.9502473137013743
-1.6393932556135624,-2.941699954902158
-1.6344209538713912,-2.933150371208047
-1.6294486521292129,-2.924598562245282
-1.6244763503870416,-2.9160445276401297
-1.6195040486448633,-2.907488267018794
-1.614531746902692,-2.898929780007564
-1.6095594451605209,-2.8903690662326555
-1.6045871434183425,-2.8818061253202822
-1.5996148416761713,-2.873240956896705
-1.594642539933993,-2.8646735605881304
-1.5896702381918217,-2.8561039360207983
-1.5846979364496505,-2.847532082820927
-1.5797256347074722,-2.838958000614716
-1.574753332965301,-2.830381689028404
-1.5697810312231226,-2.8218031476881764
-1.5648087294809514,-2.813222376220276
-1.559836427738773,-2.804639374250875
-1.5548641259966018,-2.7960541414061937
-1.5498918242544306,-2.7874666773124295
-1.5449195225122523,-2.7788769815957597
-1.539947220770081,-2.7702850538824078
-1.5349749190279027,-2.7616908937985363
-1.5300026172857315,-2.7530945009703442
-1.5250303155435532,-2.7444958750239987
-1.520058013801382,-2.735895015585709
-1.5150857120592107,-2.727291922281637
-1.5101134103170324,-2.7186865947379393
-1.5051411085748612,-2.710079032580817
-1.5001688068326828,-2.701469235436413
-1.4951965050905116,-2.6928572029309104
-1.4902242033483404,-2.684242934690471
-1.485251901606162,-2.675626430341236
-1.4802795998639908,-2.6670076895093864
-1.4753072981218125,-2.6583867118210462
-1.4703349963796413,-2.6497634969023998
-1.465362694637463,-2.641138044379561
-1.4603903928952917,-2.63251035387871
-1.4554180911531205,-2.6238804250259653
-1.4504457894109422,-2.615248257447469
-1.445473487668771,-2.6066138507693593
-1.4405011859265926,-2.59797720461777
-1.4355288841844214,-2.589338318618836
-1.430556582442243,-2.5806971923986746
-1.4255842807000718,-2.5720538255834358
-1.4206119789579006,-2.5634082177992163
-1.4156396772157223,-2.5547603686721403
-1.410667375473551,-2.5461102778283413
-1.4056950737313727,-2.5374579448939074
-1.4007227719892015,-2.528803369494981
-1.3957504702470303,-2.520146551257656
-1.390778168504852,-2.5114874898080304
-1.3858058667626807,-2.502826184772226
-1.3808335650205024,-2.4941626357763256
-1.3758612632783311,-2.485496842446453
-1.3708889615361528,-2.476828804408676
-1.3659166597939816,-2.4681585212891157
-1.3609443580518104,-2.459485992713849
-1.355972056309632,-2.4508112183089557
-1.3509997545674608,-2.4421341977005557
-1.3460274528252825,-2.4334549305146824
-1.3410551510831112,-2.4247734163774655
-1.336082849340933,-2.416089654914953
-1.3311105475987617,-2.407403645753247
-1.3261382458565905,-2.398715388518398
-1.3211659441144121,-2.390024882836476
-1.316193642372241,-2.3813321283335864
-1.3112213406300626,-2.3726371246357423
-1.3062490388878913,-2.3639398713690554
-1.3012767371457201,-2.355240368159573
-1.2963044354035418,-2.346538614633336
-1.2913321336613706,-2.3378346104164343
-1.2863598319191922,-2.3291283551348934
-1.281387530177021,-2.320419848414787
-1.2764152284348427,-2.3117090898821613
-1.2714429266926714,-2.3029960791630626
-1.2664706249505002,-2.2942808158835444
-1.261498323208322,-2.285563299669624
-1.2565260214661507,-2.276843530147384
-1.2515537197239723,-2.268121506942832
-1.246581417981801,-2.2593972296820306
-1.2416091162396228,-2.2506706979909876
-1.2366368144974516,-2.2419419114957635
-1.2316645127552803,-2.233210869822386
-1.226692211013102,-2.224477572596854
-1.2217199092709308,-2.215742019445238
-1.2167476075287524,-2.2070042099935274
-1.2117753057865812,-2.19826414386777
-1.20680300404441,-2.1895218206939795
-1.2018307023022317,-2.180777240098164
-1.1968584005600604,-2.172030401706356
-1.191886098817882,-2.163281305144559
-1.1869137970757109,-2.1545299500387993
-1.1819414953335325,-2.1457763360150675
-1.1769691935913613,-2.137020462699405
-1.17199689184919,-2.128262329717794
-1.1670245901070118,-2.1195019366962273
-1.1620522883648405,-2.110739283260751
-1.1570799866226622,-2.1019743690373263
-1.152107684880491,-2.0932071936519843
-1.1471353831383126,-2.084437756730689
-1.1421630813961414,-2.075666057899481
-1.1371907796539702,-2.0668920967843207
-1.1322184779117919,-2.058115873011197
-1.1272461761696206,-2.049337386206131
-1.1222738744274423,-2.0405566359950846
-1.117301572685271,-2.0317736220040636
-1.1123292709430999,-2.0229883438590486
-1.1073569692009215,-2.0142008011860018
-1.1023846674587503,-2.0054109936109428
-1.097412365716572,-1.996618920759826
-1.0924400639744007,-1.9878245822586402
-1.0874677622322224,-1.979027977733355
-1.0824954604900512,-1.9702291068099627
-1.07752315874788,-1.961427969114424
-1.0725508570057016,-1.9526245642727027
-1.0675785552635304,-1.9438188919108002
-1.062606253521352,-1.9350109516546445
-1.0576339517791808,-1.9262007431302477
-1.0526616500370025,-1.9173882659635333
-1.0476893482948313,-1.908573519780505
-1.04271704655266,-1.8997565042071067
-1.0377447448104817,-1.8909372188692921
-1.0327724430683105,-1.8821156633930372
-1.0278001413261322,-1.8732918374042835
-1.022827839583961,-1.8644657405290133
-1.0178555378417897,-1.8556373723931716
-1.0128832360996114,-1.8468067326227011
-1.0079109343574402,-1.8379738208435685
-1.0029386326152618,-1.829138636681715
-0.9979663308730906,-1.8203011797631174
-0.9929940291309123,-1.8114614497136776
-0.9880217273887411,-1.8026194461593965
-0.9830494256465698,-1.7937751687262007
-0.9780771239043915,-1.7849286170400056
-0.9731048221622203,-1.7760797907268004
-0.9681325204200419,-1.7672286894124907
-0.9631602186778707,-1.7583753127230506
-0.9581879169356924,-1.7495196602843999
-0.9532156151935212,-1.7406617317224893
-0.9482433134513499,-1.7318015266632443
-0.9432710117091716,-1.7229390447326054
-0.9382987099670004,-1.714074285556526
-0.933326408224822,-1.7052072487609047
-0.9283541064826508,-1.6963379339717228
-0.9233818047404796,-1.6874663408148671
-0.9184095029983013,-1.6785924689162872
-0.91343720125613,-1.6697163179019228
-0.9084648995139517,-1.6608378873976841
-0.9034925977717805,-1.6519571770295227
-0.8985202960296022,-1.6430741864233396
-0.8935479942874309,-1.6341889152050832
-0.8885756925452597,-1.62530136300067
-0.8836033908030814,-1.6164115294360069
-0.8786310890609101,-1.607519414137049
-0.8736587873187318,-1.5986250167296832
-0.8686864855765606,-1.5897283368398702
-0.8637141838343823,-1.5808293740934911
-0.858741882092211,-1.5719281281164972
-0.8537695803500398,-1.5630245985348028
-0.8487972786078615,-1.554118784974293
-0.8438249768656902,-1.5452106870609281
-0.8388526751235119,-1.5363003044205852
-0.8338803733813407,-1.5273876366792225
-0.8289080716391695,-1.5184726834627187
-0.8239357698969911,-1.509555444396994
-0.8189634681548199,-1.5006359191079717
-0.8139911664126416,-1.491714107221553
-0.8090188646704704,-1.4827900083636614
-0.804046562928292,-1.473863622160191
-0.7990742611861208,-1.4649349482370695
-0.7941019594439496,-1.4560039862202083
-0.7891296577017712,-1.447070735735489
-0.7841573559596,-1.438135196408847
-0.7791850542174217,-1.4291973678661694
-0.7742127524752505,-1.4202572497333852
-0.7692404507330721,-1.4113148416363634
-0.7642681489909009,-1.4023701432010596
-0.7592958472487297,-1.3934231540533448
-0.7543235455065513,-1.3844738738191167
-0.7493512437643801,-1.3755223021243133
-0.7443789420222018,-1.3665684385948
-0.7394066402800306,-1.357612282856519
-0.7344343385378593,-1.3486538345353367
-0.729462036795681,-1.3396930932571678
-0.7244897350535098,-1.3307300586479134
-0.7195174333113314,-1.3217647303334785
-0.7145451315691602,-1.3127971079397613
-0.7095728298269819,-1.3038271910926469
-0.7046005280848107,-1.294854979418063
-0.6996282263426394,-1.2858804725418935
-0.6946559246004611,-1.276903670090023
-0.6896836228582899,-1.2679245716883722
-0.6847113211161115,-1.2589431769628099
-0.6797390193739403,-1.249959485539266
-0.674766717631762,-1.240973497043612
-0.6697944158895908,-1.2319852111017726
-0.6648221141474195,-1.2229946273396173
-0.6598498124052412,-1.2140017453830236
-0.65487751066307,-1.20500656485793
-0.6499052089208917,-1.196009085390194
-0.6449329071787204,-1.18700930660574
-0.6399606054365492,-1.1780072281304281
-0.6349883036943709,-1.1690028495901579
-0.6300160019521996,-1.159996170610825
-0.6250437002100213,-1.1509871908183076
-0.6200713984678501,-1.1419759098385007
-0.6150990967256718,-1.1329623272972815
-0.6101267949835005,-1.123946442820543
-0.6051544932413293,-1.1149282560341534
-0.600182191499151,-1.105907766563977
-0.5952098897569797,-1.0968849740359181
-0.5902375880148014,-1.0878598780758049
-0.5852652862726302,-1.0788324783095489
-0.5802929845304519,-1.0698027743629592
-0.5753206827882806,-1.0607707658619294
-0.5703483810461094,-1.0517364524322783
-0.5653760793039311,-1.0426998336998428
-0.5604037775617599,-1.0336609092904527
-0.5554314758195815,-1.0246196788298936
-0.5504591740774103,-1.0155761419439988
-0.5454868723352391,-1.0065302982585178
-0.5405145705930607,-0.9974821473991977
-0.5355422688508895,-0.9884316889917919
-0.5305699671087112,-0.9793789226619701
-0.52559766536654,-0.9703238480354259
-0.5206253636243616,-0.9612664647377508
-0.5156530618821904,-0.9522067723945477
-0.5106807601400192,-0.9431447706313193
-0.5057084583978408,-0.9340804590734936
-0.5007361566556696,-0.9250138373464603
-0.4957638549134913,-0.9159449050754831
-0.49079155317132006,-0.906873661885722
-0.48581925142914173,-0.8978001074022126
-0.4808469496869705,-0.8887242412498325
-0.4758746479447993,-0.8796460630532887
-0.47090234620262095,-0.8705655724370515
-0.4659300444604497,-0.8614827690253736
-0.4609577427182714,-0.8523976524421917
-0.45598544097610016,-0.843310222311143
-0.45101313923392894,-0.8342204782554159
-0.4460408374917506,-0.8251284198977322
-0.4410685357495794,-0.8160340468603293
-0.43609623400740105,-0.8069373587647362
-0.4311239322652298,-0.7978383552317582
-0.4261516305230515,-0.7887370358813087
-0.42117932878088027,-0.7796334003323037
-0.41620702703870904,-0.7705274482024361
-0.4112347252965307,-0.7614191791079941
-0.4062624235543595,-0.7523085926636618
-0.40129012181218116,-0.7431956884821829
-0.39631782007000993,-0.7340804661741274
-0.3913455183278316,-0.7249629253474277
-0.3863732165856604,-0.7158430656070521
-0.38140091484348915,-0.7067208865544419
-0.3764286131013108,-0.6975963877869511
-0.3714563113591396,-0.6884695688972481
-0.36648400961696126,-0.6793404294724825
-0.36151170787479003,-0.6702089690934544
-0.3565394061326188,-0.661075187333571
-0.3515671043904405,-0.6519390837576857
-0.34659480264826925,-0.6428006579208067
-0.3416225009060909,-0.6336599093664658
-0.3366501991639197,-0.6245168376250313
-0.33167789742174136,-0.6153714422116309
-0.32670559567957014,-0.6062237226238654
-0.3217332939373989,-0.5970736783391235
-0.3167609921952206,-0.5879213088115537
-0.31178869045304936,-0.5787666134687005
-0.306816388710871,-0.5696095917074347
-0.3018440869686998,-0.5604502428896797
-0.29687178522652147,-0.5512885663372276
-0.29189948348435024,-0.5421245613261806
-0.286927181742179,-0.5329582270804133
-0.28195488,-0.5237895627644668
