-50.0,-45.59139510307894
-49.99502769825783,-45.59102966750024
-49.99005539651565,-45.59066401711298
-49.98508309477348,-45.59029815183549
-49.9801107930313,-45.58993207158587
-49.97513849128913,-45.589565776282285
-49.97016618954695,-45.58919926584285
-49.96519388780478,-45.58883254018567
-49.96022158606261,-45.58846559922874
-49.95524928432043,-45.58809844289015
-49.95027698257826,-45.587731071087894
-49.94530468083608,-45.58736348373996
-49.94033237909391,-45.58699568076428
-49.93536007735174,-45.58662766207883
-49.93038777560956,-45.586259427601455
-49.92541547386739,-45.58589097724998
-49.92044317212521,-45.585522310942395
-49.91547087038304,-45.58515342859637
-49.91049856864086,-45.5847843301298
-49.90552626689869,-45.584415015460294
-49.90055396515652,-45.584045484505744
-49.89558166341434,-45.583675737183746
-49.89060936167217,-45.58330577341208
-49.88563705992999,-45.58293559310825
-49.88066475818782,-45.58256519619002
-49.87569245644564,-45.58219458257491
-49.87072015470347,-45.5818237521805
-49.8657478529613,-45.58145270492432
-49.86077555121912,-45.581081440723864
-49.85580324947695,-45.580709959496716
-49.85083094773477,-45.58033826116017
-49.8458586459926,-45.57996634563179
-49.84088634425043,-45.579594212828894
-49.83591404250825,-45.57922186266887
-49.83094174076608,-45.57884929506913
-49.8259694390239,-45.57847650994693
-49.82099713728173,-45.57810350721953
-49.81602483553955,-45.57773028680424
-49.81105253379738,-45.57735684861827
-49.80608023205521,-45.57698319257884
-49.80110793031303,-45.57660931860312
-49.79613562857086,-45.57623522660832
-49.79116332682868,-45.5758609165115
-49.78619102508651,-45.57548638822973
-49.78121872334433,-45.57511164168011
-49.77624642160216,-45.57473667677974
-49.77127411985999,-45.574361493445465
-49.76630181811781,-45.573986091594506
-49.76132951637564,-45.57361047114367
-49.75635721463346,-45.573234632009864
-49.75138491289129,-45.57285857411006
-49.74641261114912,-45.57248229736108
-49.74144030940694,-45.572105801679804
-49.73646800766477,-45.57172908698304
-49.73149570592259,-45.57135215318754
-49.72652340418042,-45.570975000210225
-49.72155110243824,-45.57059762796757
-49.71657880069607,-45.570220036376504
-49.7116064989539,-45.56984222535357
-49.70663419721172,-45.56946419481548
-49.70166189546955,-45.56908594467891
-49.69668959372737,-45.56870747486029
-49.6917172919852,-45.568328785276364
-49.68674499024302,-45.5679498758436
-49.68177268850085,-45.56757074647846
-49.67680038675868,-45.56719139709747
-49.6718280850165,-45.5668118276171
-49.66685578327433,-45.566432037953795
-49.66188348153215,-45.566052028023826
-49.65691117978998,-45.56567179774376
-49.65193887804781,-45.5652913470298
-49.64696657630563,-45.564910675798316
-49.64199427456346,-45.56452978396554
-49.63702197282128,-45.56414867144784
-49.63204967107911,-45.56376733816139
-49.62707736933693,-45.563385784022316
-49.62210506759476,-45.5630040089469
-49.61713276585259,-45.56262201285124
-49.61216046411041,-45.56223979565155
-49.60718816236824,-45.56185735726377
-49.60221586062606,-45.56147469760408
-49.59724355888389,-45.56109181658841
-49.59227125714171,-45.56070871413292
-49.58729895539954,-45.5603253901534
-49.58232665365737,-45.559941844565984
-49.57735435191519,-45.5595580772865
-49.57238205017302,-45.559174088230826
-49.56740974843084,-45.5587898773149
-49.56243744668867,-45.55840544445452
-49.5574651449465,-45.558020789565475
-49.55249284320432,-45.557635912563605
-49.54752054146215,-45.55725081336467
-49.54254823971997,-45.55686549188427
-49.5375759379778,-45.55647994803823
-49.53260363623562,-45.55609418174224
-49.52763133449345,-45.555708192911865
-49.52265903275128,-45.55532198146273
-49.5176867310091,-45.55493554731048
-49.51271442926693,-45.5545488903706
-49.50774212752475,-45.55416201055866
-49.50276982578258,-45.55377490779019
-49.4977975240404,-45.55338758198057
-49.49282522229823,-45.55300003304537
-49.48785292055606,-45.55261226089984
-49.48288061881388,-45.55222426545957
-49.47790831707171,-45.55183604663979
-49.47293601532953,-45.55144760435589
-49.46796371358736,-45.55105893852316
-49.46299141184519,-45.55067004905686
-49.45801911010301,-45.55028093587222
-49.45304680836084,-45.549891598884514
-49.44807450661866,-45.549502038008946
-49.44310220487649,-45.5491122531606
-49.43812990313431,-45.548722244254705
-49.43315760139214,-45.54833201120624
-49.42818529964997,-45.54794155393045
-49.42321299790779,-45.54755087234225
-49.41824069616562,-45.54715996635673
-49.41326839442344,-45.546768835888834
-49.40829609268127,-45.54637748085363
-49.40332379093909,-45.54598590116593
-49.39835148919692,-45.54559409674073
-49.39337918745475,-45.545202067492866
-49.38840688571257,-45.54480981333723
-49.3834345839704,-45.544417334188616
-49.37846228222822,-45.54402462996181
-49.37348998048605,-45.54363170057162
-49.36851767874388,-45.54323854593279
-49.3635453770017,-45.542845165959996
-49.35857307525953,-45.54245156056791
-49.35360077351735,-45.5420577296712
-49.34862847177518,-45.54166367318452
-49.343656170033,-45.54126939102243
-49.33868386829083,-45.54087488309955
-49.33371156654866,-45.54048014933036
-49.32873926480648,-45.540085189629444
-49.32376696306431,-45.53969000391121
-49.31879466132213,-45.53929459209012
-49.31382235957996,-45.53889895408065
-49.30885005783778,-45.53850308979724
-49.30387775609561,-45.53810699915413
-49.29890545435344,-45.53771068206579
-49.29393315261126,-45.5373141384464
-49.28896085086909,-45.53691736821037
-49.28398854912691,-45.53652037127188
-49.27901624738474,-45.5361231475452
-49.27404394564257,-45.53572569694454
-49.26907164390039,-45.53532801938403
-49.26409934215822,-45.53493011477779
-49.25912704041604,-45.53453198304001
-49.25415473867387,-45.53413362408474
-49.24918243693169,-45.53373503782604
-49.24421013518952,-45.53333622417789
-49.23923783344735,-45.532937183054415
-49.23426553170517,-45.5325379143694
-49.229293229963,-45.53213841803698
-49.22432092822082,-45.53173869397091
-49.21934862647865,-45.53133874208527
-49.21437632473647,-45.53093856229373
-49.2094040229943,-45.5305381545102
-49.20443172125213,-45.53013751864845
-49.19945941950995,-45.529736654622255
-49.19448711776778,-45.52933556234534
-49.1895148160256,-45.52893424173158
-49.18454251428343,-45.52853269269446
-49.17957021254126,-45.52813091514768
-49.17459791079908,-45.52772890900491
-49.16962560905691,-45.527326674179754
-49.16465330731473,-45.52692421058578
-49.15968100557256,-45.52652151813651
-49.15470870383038,-45.52611859674543
-49.14973640208821,-45.5257154463261
-49.14476410034604,-45.52531206679195
-49.13979179860386,-45.524908458056366
-49.13481949686169,-45.524504620032786
-49.12984719511951,-45.52410055263458
-49.12487489337734,-45.52369625577508
-49.11990259163516,-45.52329172936759
-49.11493028989299,-45.52288697332541
-49.10995798815082,-45.522481987561804
-49.10498568640864,-45.52207677198999
-49.10001338466647,-45.52167132652317
-49.09504108292429,-45.521265651074465
-49.09006878118212,-45.52085974555714
-49.08509647943995,-45.52045360988413
-49.08012417769777,-45.52004724396867
-49.0751518759556,-45.51964064772373
-49.07017957421342,-45.5192338210624
-49.06520727247125,-45.51882676389762
-49.06023497072907,-45.51841947614238
-49.0552626689869,-45.518011957709604
-49.05029036724473,-45.51760420851224
-49.04531806550255,-45.51719622846315
-49.04034576376038,-45.51678801747511
-49.0353734620182,-45.516379575461116
-49.03040116027603,-45.515970902333834
-49.02542885853385,-45.515561998006035
-49.02045655679168,-45.51515286239051
-49.01548425504951,-45.514743495399905
-49.01051195330733,-45.51433389694701
-49.00553965156516,-45.51392406694432
-49.00056734982298,-45.5135140053046
-48.99559504808081,-45.51310371194033
-48.99062274633864,-45.512693186764196
-48.98565044459646,-45.51228242968854
-48.98067814285429,-45.51187144062607
-48.97570584111211,-45.511460219489244
-48.97073353936994,-45.51104876619035
-48.96576123762776,-45.51063708064196
-48.96078893588559,-45.51022516275641
-48.95581663414342,-45.50981301244608
-48.95084433240124,-45.50940062962323
-48.94587203065907,-45.508988014200256
-48.94089972891689,-45.50857516608939
-48.93592742717472,-45.50816208520293
-48.93095512543254,-45.507748771453016
-48.92598282369037,-45.50733522475188
-48.9210105219482,-45.50692144501168
-48.91603822020602,-45.506507432144495
-48.91106591846385,-45.50609318606252
-48.90609361672167,-45.505678706677784
-48.9011213149795,-45.50526399390229
-48.89614901323733,-45.50484904764806
-48.89117671149515,-45.50443386782713
-48.88620440975298,-45.50401845435142
-48.8812321080108,-45.50360280713289
-48.87625980626863,-45.503186926083366
-48.87128750452645,-45.502770811114765
-48.86631520278428,-45.50235446213896
-48.86134290104211,-45.50193787906773
-48.85637059929993,-45.50152106181282
-48.85139829755776,-45.50110401028603
-48.84642599581558,-45.50068672439906
-48.84145369407341,-45.50026920406362
-48.83648139233123,-45.49985144919136
-48.83150909058906,-45.49943345969392
-48.82653678884689,-45.49901523548289
-48.82156448710471,-45.49859677646987
-48.81659218536254,-45.49817808256643
-48.81161988362036,-45.49775915368403
-48.80664758187819,-45.4973399897342
-48.80167528013602,-45.49692059062842
-48.79670297839384,-45.49650095627805
-48.79173067665167,-45.4960810865946
-48.78675837490949,-45.49566098148935
-48.78178607316732,-45.49524064087367
-48.77681377142514,-45.49482006465885
-48.77184146968297,-45.494399252756246
-48.7668691679408,-45.49397820507704
-48.76189686619862,-45.493556921532466
-48.75692456445645,-45.493135402033836
-48.75195226271427,-45.49271364649214
-48.7469799609721,-45.49229165481868
-48.74200765922992,-45.49186942692449
-48.73703535748775,-45.491446962720595
-48.73206305574558,-45.4910242621181
-48.7270907540034,-45.490601325028116
-48.72211845226123,-45.4901781513615
-48.71714615051905,-45.48975474102923
-48.71217384877688,-45.489331093942354
-48.70720154703471,-45.48890721001164
-48.70222924529253,-45.48848308914807
-48.69725694355036,-45.48805873126241
-48.69228464180818,-45.48763413626555
-48.68731234006601,-45.48720930406823
-48.68234003832383,-45.486784234581215
-48.67736773658166,-45.48635892771521
-48.67239543483949,-45.485933383380996
-48.66742313309731,-45.485507601489104
-48.66245083135514,-45.48508158195031
-48.65747852961296,-45.48465532467521
-48.65250622787079,-45.48422882957429
-48.64753392612861,-45.48380209655822
-48.64256162438644,-45.483375125537414
-48.63758932264427,-45.482947916422496
-48.63261702090209,-45.48252046912376
-48.62764471915992,-45.48209278355183
-48.62267241741774,-45.481664859616885
-48.61770011567557,-45.48123669722954
-48.6127278139334,-45.48080829629999
-48.60775551219122,-45.48037965673862
-48.60278321044905,-45.47995077845569
-48.59781090870687,-45.47952166136146
-48.5928386069647,-45.47909230536612
-48.58786630522252,-45.478662710379965
-48.58289400348035,-45.4782328763131
-48.57792170173818,-45.47780280307566
-48.572949399996,-45.47737249057778
-48.56797709825383,-45.47694193872951
-48.56300479651165,-45.476511147440945
-48.55803249476948,-45.47608011662205
-48.5530601930273,-45.47564884618286
-48.54808789128513,-45.47521733603335
-48.54311558954296,-45.47478558608343
-48.53814328780078,-45.47435359624301
-48.53317098605861,-45.47392136642192
-48.52819868431643,-45.473488896530114
-48.52322638257426,-45.47305618647731
-48.51825408083209,-45.47262323617333
-48.51328177908991,-45.47219004552788
-48.50830947734774,-45.471756614450776
-48.50333717560556,-45.47132294285163
-48.49836487386339,-45.470889030640194
-48.49339257212121,-45.470454877726034
-48.48842027037904,-45.470020484018775
-48.48344796863687,-45.46958584942799
-48.47847566689469,-45.46915097386329
-48.47350336515252,-45.46871585723411
-48.46853106341034,-45.468280499449946
-48.46355876166817,-45.46784490042038
-48.45858645992599,-45.46740906005462
-48.45361415818382,-45.46697297826228
-48.44864185644165,-45.466536654952634
-48.44366955469947,-45.466100090034985
-48.4386972529573,-45.46566328341872
-48.43372495121512,-45.46522623501308
-48.42875264947295,-45.46478894472733
-48.423780347730776,-45.464351412470705
-48.4188080459886,-45.46391363815239
-48.41383574424643,-45.46347562168152
-48.40886344250425,-45.463037362967256
-48.40389114076208,-45.46259886191864
-48.3989188390199,-45.46216011844482
-48.39394653727773,-45.46172113245487
-48.38897423553556,-45.46128190385768
-48.38400193379338,-45.46084243256236
-48.37902963205121,-45.460402718477745
-48.37405733030903,-45.459962761512855
-48.36908502856686,-45.45952256157656
-48.36411272682468,-45.45908211857769
-48.35914042508251,-45.458641432425075
-48.35416812334034,-45.458200503027584
-48.34919582159816,-45.45775933029398
-48.34422351985599,-45.457317914132936
-48.33925121811381,-45.456876254453235
-48.33427891637164,-45.45643435116353
-48.329306614629466,-45.455992204172546
-48.32433431288729,-45.45554981338876
-48.31936201114512,-45.45510717872093
-48.31438970940294,-45.45466430007748
-48.30941740766077,-45.45422117736711
-48.30444510591859,-45.45377781049816
-48.29947280417642,-45.453334199379164
-48.294500502434246,-45.45289034391865
-48.28952820069207,-45.452446244024905
-48.2845558989499,-45.45200189960644
-48.27958359720772,-45.45155731057149
-48.27461129546555,-45.45111247682845
-48.269638993723376,-45.45066739828558
-48.2646666919812,-45.45022207485124
-48.25969439023903,-45.44977650643355
-48.25472208849685,-45.44933069294077
-48.24974978675468,-45.44888463428108
-48.2447774850125,-45.448438330362556
-48.23980518327033,-45.447991781093485
-48.234832881528156,-45.4475449863818
-48.22986057978598,-45.44709794613555
-48.22488827804381,-45.446650660262826
-48.21991597630163,-45.44620312867168
-48.21494367455946,-45.44575535126994
-48.20997137281728,-45.445307327965665
-48.20499907107511,-45.444859058666644
-48.200026769332936,-45.44441054328085
-48.19505446759076,-45.44396178171612
-48.19008216584859,-45.443512773880165
-48.18510986410641,-45.44306351968093
-48.18013756236424,-45.44261401902605
-48.175165260622066,-45.442164271823316
-48.17019295887989,-45.44171427798036
-48.165220657137716,-45.441264037404956
-48.16024835539554,-45.440813550004606
-48.15527605365337,-45.44036281568701
-48.15030375191119,-45.43991183435966
-48.14533145016902,-45.43946060593018
-48.140359148426846,-45.439009130306125
-48.13538684668467,-45.43855740739477
-48.1304145449425,-45.43810543710386
-48.12544224320032,-45.43765321934057
-48.12046994145815,-45.43720075401247
-48.11549763971597,-45.436748041026725
-48.1105253379738,-45.436295080290876
-48.105553036231626,-45.43584187171216
-48.10058073448945,-45.43538841519782
-48.09560843274728,-45.43493471065507
-48.0906361310051,-45.43448075799117
-48.08566382926293,-45.434026557113334
-48.080691527520756,-45.43357210792864
-48.07571922577858,-45.43311741034424
-48.070746924036406,-45.432662464267224
-48.06577462229423,-45.43220726960465
-48.06080232055206,-45.43175182626361
-48.05583001880988,-45.43129613415103
-48.05085771706771,-45.430840193173914
-48.045885415325536,-45.43038400323919
-48.04091311358336,-45.42992756425374
-48.035940811841186,-45.42947087612445
-48.03096851009901,-45.42901393875827
-48.02599620835684,-45.42855675206193
-48.02102390661466,-45.42809931594221
-48.01605160487249,-45.427641630305835
-48.011079303130316,-45.427183695059696
-48.00610700138814,-45.426725510110266
-48.00113469964597,-45.42626707536443
-47.99616239790379,-45.425808390728626
-47.99119009616162,-45.42534945610962
-47.986217794419446,-45.4248902714139
-47.98124549267727,-45.42443083654803
-47.976273190935096,-45.42397115141857
-47.97130088919292,-45.42351121593191
-47.96632858745075,-45.423051029994625
-47.96135628570857,-45.42259059351301
-47.9563839839664,-45.42212990639354
-47.951411682224226,-45.421668968542576
-47.94643938048205,-45.42120777986644
-47.941467078739876,-45.42074634027142
-47.9364947769977,-45.420284649663735
-47.93152247525553,-45.41982270794974
-47.92655017351335,-45.4193605150356
-47.92157787177118,-45.41889807082755
-47.916605570029006,-45.418435375231546
-47.91163326828683,-45.41797242815399
-47.906660966544656,-45.41750922950067
-47.90168866480248,-45.417045779177904
-47.89671636306031,-45.41658207709154
-47.891744061318136,-45.41611812314772
-47.88677175957596,-45.41565391725225
-47.881799457833786,-45.4151894593112
-47.87682715609161,-45.414724749230466
-47.871854854349436,-45.41425978691581
-47.86688255260726,-45.413794572273225
-47.86191025086509,-45.4133291052084
-47.856937949122916,-45.41286338562718
-47.85196564738074,-45.41239741343533
-47.846993345638566,-45.411931188538524
-47.84202104389639,-45.41146471084251
-47.83704874215422,-45.41099798025286
-47.83207644041204,-45.41053099667532
-47.82710413866987,-45.41006376001536
-47.822131836927696,-45.409596270178696
-47.81715953518552,-45.40912852707078
-47.812187233443346,-45.40866053059714
-47.80721493170117,-45.4081922806632
-47.802242629959,-45.40772377717444
-47.797270328216825,-45.40725502003636
-47.79229802647465,-45.40678600915421
-47.787325724732476,-45.4063167444334
-47.7823534229903,-45.4058472257793
-47.777381121248126,-45.40537745309711
-47.77240881950595,-45.40490742629222
-47.76743651776378,-45.40443714526979
-47.762464216021606,-45.40396660993492
-47.75749191427943,-45.403495820192944
-47.752519612537256,-45.40302477594893
-47.74754731079508,-45.40255347710797
-47.742575009052906,-45.402081923575174
-47.73760270731073,-45.40161011525559
-47.73263040556856,-45.40113805205418
-47.727658103826386,-45.40066573387599
-47.72268580208421,-45.400193160625996
-47.717713500342036,-45.39972033220903
-47.71274119859986,-45.39924724853004
-47.70776889685769,-45.39877390949392
-47.702796595115515,-45.39830031500547
-47.69782429337334,-45.39782646496947
-47.692851991631166,-45.39735235929072
-47.68787968988899,-45.396877997873894
-47.682907388146816,-45.39640338062379
-47.67793508640464,-45.39592850744508
-47.67296278466247,-45.39545337824232
-47.667990482920295,-45.39497799292025
-47.66301818117812,-45.394502351383345
-47.658045879435946,-45.394026453536235
-47.65307357769377,-45.3935502992834
-47.648101275951596,-45.39307388852931
-47.64312897420942,-45.3925972211785
-47.63815667246725,-45.39212029713531
-47.633184370725075,-45.39164311630422
-47.6282120689829,-45.391165678589545
-47.623239767240726,-45.390687983895695
-47.61826746549855,-45.39021003212687
-47.613295163756376,-45.38973182318747
-47.608322862014205,-45.38925335698163
-47.60335056027203,-45.38877463341361
-47.598378258529856,-45.38829565238755
-47.59340595678768,-45.38781641380772
-47.588433655045506,-45.3873369175781
-47.58346135330333,-45.386857163602855
-47.57848905156116,-45.386377151786
-47.573516749818985,-45.38589688203164
-47.56854444807681,-45.385416354243695
-47.563572146334636,-45.38493556832617
-47.55859984459246,-45.38445452418303
-47.553627542850286,-45.38397322171806
-47.54865524110811,-45.38349166083522
-47.54368293936594,-45.38300984143841
-47.538710637623765,-45.38252776343134
-47.53373833588159,-45.382045426717816
-47.528766034139416,-45.38156283120154
-47.52379373239724,-45.38107997678637
-47.518821430655066,-45.38059686337583
-47.513849128912895,-45.380113490873676
-47.50887682717072,-45.379629859183545
-47.503904525428545,-45.379145968208974
-47.49893222368637,-45.378661817853484
-47.493959921944196,-45.37817740802072
-47.48898762020202,-45.37769273861409
-47.484015318459846,-45.37720780953714
-47.479043016717675,-45.37672262069323
-47.4740707149755,-45.37623717198576
-47.469098413233326,-45.3757514633182
-47.46412611149115,-45.37526549459379
-47.459153809748976,-45.374779265715944
-47.4541815080068,-45.37429277658786
-47.44920920626463,-45.373806027112856
-47.444236904522455,-45.373319017194085
-47.43926460278028,-45.37283174673477
-47.434292301038106,-45.37234421563805
-47.42931999929593,-45.37185642380701
-47.424347697553756,-45.37136837114487
-47.419375395811585,-45.37088005755461
-47.41440309406941,-45.370391482939226
-47.409430792327235,-45.36990264720178
-47.40445849058506,-45.36941355024518
-47.399486188842886,-45.36892419197247
-47.39451388710071,-45.36843457228649
-47.389541585358536,-45.367944691090074
-47.384569283616365,-45.36745454828617
-47.37959698187419,-45.366964143777466
-47.374624680132015,-45.36647347746683
-47.36965237838984,-45.36598254925702
-47.364680076647666,-45.365491359050644
-47.35970777490549,-45.364999906750555
-47.354735473163316,-45.36450819225926
-47.349763171421145,-45.364016215479474
-47.34479086967897,-45.363523976313765
-47.339818567936796,-45.36303147466473
-47.33484626619462,-45.3625387104348
-47.329873964452446,-45.36204568352654
-47.324901662710275,-45.36155239384246
-47.319929360968096,-45.36105884128491
-47.314957059225925,-45.36056502575636
-47.30998475748375,-45.36007094715911
-47.305012455741576,-45.35957660539563
-47.3000401539994,-45.359082000368076
-47.295067852257226,-45.35858713197887
-47.290095550515055,-45.35809200013015
-47.28512324877288,-45.35759660472424
-47.280150947030705,-45.35710094566316
-47.27517864528853,-45.35660502284921
-47.270206343546356,-45.356108836184504
-47.26523404180418,-45.35561238557104
-47.260261740062006,-45.35511567091095
-47.255289438319835,-45.35461869210624
-47.25031713657766,-45.35412144905896
-47.245344834835485,-45.35362394167097
-47.24037253309331,-45.353126169844295
-47.235400231351136,-45.35262813348077
-47.230427929608965,-45.352129832482284
-47.225455627866786,-45.35163126675072
-47.220483326124615,-45.35113243618784
-47.21551102438244,-45.35063334069543
-47.210538722640266,-45.35013398017526
-47.20556642089809,-45.349634354529016
-47.200594119155916,-45.34913446365835
-47.195621817413745,-45.34863430746495
-47.190649515671566,-45.34813388585042
-47.185677213929395,-45.34763319871636
-47.18070491218722,-45.34713224596436
-47.175732610445046,-45.3466310274958
-47.17076030870287,-45.34612954321236
-47.165788006960696,-45.34562779301534
-47.160815705218525,-45.34512577680627
-47.15584340347635,-45.34462349448651
-47.150871101734175,-45.3441209459575
-47.145898799992,-45.34361813112038
-47.140926498249826,-45.343115049876644
-47.135954196507655,-45.34261170212749
-47.130981894765476,-45.34210808777412
-47.126009593023305,-45.34160420671785
-47.12103729128113,-45.34110005885966
-47.116064989538955,-45.340595644100915
-47.11109268779678,-45.340090962342586
-47.106120386054606,-45.339586013485864
-47.101148084312435,-45.33908079743165
-47.096175782570256,-45.33857531408105
-47.091203480828085,-45.338069563335026
-47.08623117908591,-45.33756354509454
-47.081258877343735,-45.33705725926054
-47.07628657560156,-45.33655070573387
-47.071314273859386,-45.336043884415425
-47.066341972117215,-45.33553679520594
-47.061369670375036,-45.335029438006366
-47.056397368632865,-45.3345218127173
-47.05142506689069,-45.334013919239645
-47.046452765148516,-45.33350575747393
-47.041480463406344,-45.33299732732094
-47.036508161664166,-45.332488628681176
-47.031535859921995,-45.33197966145542
-47.02656355817982,-45.331470425544126
-47.021591256437645,-45.33096092084783
-47.01661895469547,-45.33045114726714
-47.011646652953296,-45.32994110470245
-47.006674351211124,-45.32943079305419
-47.001702049468946,-45.3289202122228
-46.996729747726775,-45.32840936210863
-46.9917574459846,-45.32789824261209
-46.986785144242425,-45.32738685363349
-46.98181284250025,-45.326875195073
-46.976840540758076,-45.32636326683102
-46.971868239015905,-45.3258510688077
-46.966895937273726,-45.32533860090325
-46.961923635531555,-45.32482586301779
-46.95695133378938,-45.32431285505152
-46.951979032047205,-45.323799576904406
-46.947006730305034,-45.32328602847664
-46.942034428562856,-45.322772209668194
-46.937062126820685,-45.322258120379004
-46.932089825078506,-45.32174376050913
-46.927117523336335,-45.321229129958496
-46.92214522159416,-45.32071422862694
-46.917172919851986,-45.320199056414424
-46.912200618109814,-45.31968361322071
-46.907228316367636,-45.3191678989456
-46.902256014625465,-45.31865191348891
-46.89728371288329,-45.31813565675039
-46.892311411141115,-45.31761912862967
-46.88733910939894,-45.3171023290265
-46.882366807656766,-45.316585257840515
-46.877394505914594,-45.31606791497124
-46.872422204172416,-45.31555030031842
-46.867449902430245,-45.31503241378143
-46.86247760068807,-45.31451425525993
-46.857505298945895,-45.31399582465333
-46.852532997203724,-45.31347712186112
-46.847560695461546,-45.31295814678266
-46.842588393719375,-45.3124388993174
-46.837616091977196,-45.311919379364625
-46.832643790235025,-45.31139958682371
-46.82767148849285,-45.31087952159401
-46.822699186750675,-45.310359183574676
-46.817726885008504,-45.30983857266494
-46.812754583266326,-45.30931768876408
-46.807782281524155,-45.3087965317712
-46.802809979781976,-45.30827510158544
-46.797837678039805,-45.30775339810589
-46.79286537629763,-45.30723142123157
-46.787893074555456,-45.30670917086166
-46.782920772813284,-45.30618664689507
-46.777948471071106,-45.30566384923074
-46.772976169328935,-45.305140777767605
-46.768003867586756,-45.304617432404655
-46.763031565844585,-45.304093813040716
-46.758059264102414,-45.3035699195746
-46.753086962360236,-45.303045751905195
-46.748114660618064,-45.3025213099311
-46.743142358875886,-45.30199659355133
-46.738170057133715,-45.30147160266437
-46.73319775539154,-45.300946337169
-46.728225453649365,-45.30042079696387
-46.723253151907194,-45.299894981947595
-46.718280850165016,-45.29936889201866
-46.713308548422845,-45.2988425270757
-46.708336246680666,-45.2983158870173
-46.703363944938495,-45.29778897174182
-46.69839164319632,-45.29726178114778
-46.693419341454145,-45.29673431513353
-46.688447039711974,-45.29620657359755
-46.683474737969796,-45.295678556438176
-46.678502436227625,-45.295150263553694
-46.673530134485446,-45.29462169484247
-46.668557832743275,-45.294092850202624
-46.663585531001104,-45.29356372953258
-46.658613229258926,-45.29303433273032
-46.653640927516754,-45.292504659694174
-46.648668625774576,-45.29197471032213
-46.643696324032405,-45.291444484512446
-46.638724022290226,-45.290913982163076
-46.633751720548055,-45.29038320317204
-46.628779418805884,-45.28985214743744
-46.623807117063706,-45.28932081485714
-46.618834815321534,-45.28878920532915
-46.613862513579356,-45.28825731875129
-46.608890211837185,-45.287725155021526
-46.60391791009501,-45.28719271403761
-46.598945608352835,-45.28665999569748
-46.593973306610664,-45.2861269998987
-46.589001004868486,-45.28559372653918
-46.584028703126314,-45.285060175516556
-46.579056401384136,-45.284526346728505
-46.574084099641965,-45.28399224007272
-46.569111797899794,-45.28345785544674
-46.564139496157615,-45.28292319274819
-46.559167194415444,-45.28238825187466
-46.554194892673266,-45.281853032723575
-46.549222590931095,-45.281317535192436
-46.544250289188916,-45.2807817591787
-46.539277987446745,-45.280245704579805
-46.534305685704574,-45.27970937129305
-46.529333383962395,-45.27917275921588
-46.524361082220224,-45.27863586824561
-46.519388780478046,-45.27809869827948
-46.514416478735875,-45.27756124921475
-46.509444176993696,-45.277023520948596
-46.504471875251525,-45.2764855133783
-46.499499573509354,-45.275947226400994
-46.494527271767176,-45.27540865991376
-46.489554970025004,-45.27486981381367
-46.484582668282826,-45.274330687997875
-46.479610366540655,-45.273791282363234
-46.474638064798484,-45.2732515968069
-46.469665763056305,-45.27271163122577
-46.464693461314134,-45.27217138551677
-46.459721159571956,-45.271630859576796
-46.454748857829784,-45.27109005330271
-46.449776556087606,-45.270548966591306
-46.444804254345435,-45.27000759933943
-46.439831952603264,-45.269465951443784
-46.434859650861085,-45.26892402280117
-46.429887349118914,-45.2683818133082
-46.424915047376736,-45.26783932286166
-46.419942745634565,-45.267296551358065
-46.414970443892386,-45.266753498694044
-46.409998142150215,-45.2662101647662
-46.405025840408044,-45.265666549471
-46.400053538665865,-45.265122652705024
-46.395081236923694,-45.26457847436467
-46.390108935181516,-45.264034014346336
-46.385136633439345,-45.263489272546614
-46.38016433169717,-45.26294424886167
-46.375192029954995,-45.26239894318795
-46.370219728212824,-45.261853355421714
-46.365247426470646,-45.26130748545919
-46.360275124728474,-45.2607613331967
-46.355302822986296,-45.26021489853045
-46.350330521244125,-45.25966818135652
-46.345358219501954,-45.259121181571146
-46.340385917759775,-45.258573899070356
-46.335413616017604,-45.25802633375027
-46.330441314275426,-45.25747848550693
-46.325469012533254,-45.25693035423629
-46.320496710791076,-45.25638193983442
-46.315524409048905,-45.25583324219717
-46.310552107306734,-45.255284261220496
-46.305579805564555,-45.25473499680026
-46.300607503822384,-45.25418544883232
-46.295635202080206,-45.25363561721241
-46.290662900338035,-45.25308550183646
-46.28569059859586,-45.25253510260007
-46.280718296853685,-45.25198441939901
-46.275745995111514,-45.25143345212896
-46.270773693369335,-45.250882200685524
-46.265801391627164,-45.250330664964395
-46.260829089884986,-45.24977884486106
-46.255856788142815,-45.249226740271105
-46.25088448640064,-45.24867435109004
-46.245912184658465,-45.24812167721338
-46.240939882916294,-45.24756871853653
-46.235967581174116,-45.247015474954864
-46.230995279431944,-45.24646194636387
-46.226022977689766,-45.24590813265888
-46.221050675947595,-45.24535403373511
-46.21607837420542,-45.24479964948791
-46.211106072463245,-45.24424497981248
-46.206133770721074,-45.24369002460409
-46.201161468978896,-45.24313478375791
-46.196189167236724,-45.242579257169055
-46.19121686549455,-45.242023444732716
-46.186244563752375,-45.24146734634392
-46.181272262010204,-45.240910961897704
-46.176299960268025,-45.24035429128917
-46.171327658525854,-45.239797334413154
-46.166355356783676,-45.239240091164724
-46.161383055041505,-45.23868256143879
-46.15641075329933,-45.238124745130186
-46.151438451557155,-45.23756664213381
-46.146466149814984,-45.2370082523444
-46.141493848072805,-45.23644957565685
-46.136521546330634,-45.235890611965814
-46.131549244588456,-45.23533136116612
-46.126576942846285,-45.234771823152336
-46.12160464110411,-45.23421199781918
-46.116632339361935,-45.23365188506128
-46.111660037619764,-45.233091484773205
-46.106687735877586,-45.23253079684942
-46.101715434135414,-45.23196982118453
-46.09674313239324,-45.231408557673106
-46.091770830651065,-45.23084700620948
-46.08679852890889,-45.230285166688056
-46.081826227166715,-45.2297230390033
-46.076853925424544,-45.22916062304954
-46.071881623682366,-45.22859791872105
-46.066909321940194,-45.228034925912134
-46.06193702019802,-45.22747164451709
-46.056964718455845,-45.22690807443013
-46.051992416713674,-45.22634421554536
-46.047020114971495,-45.22578006775702
-46.042047813229324,-45.225215630959234
-46.037075511487146,-45.22465090504601
-46.032103209744974,-45.224085889911464
-46.0271309080028,-45.223520585449634
-46.022158606260625,-45.222954991554396
-46.017186304518454,-45.22238910811978
-46.012214002776275,-45.22182293503975
-46.007241701034104,-45.22125647220808
-46.00226939929193,-45.220689719518745
-45.997297097549755,-45.2201226768655
-45.99232479580758,-45.219555344142066
-45.987352494065405,-45.21898772124236
-45.982380192323234,-45.21841980805997
-45.977407890581055,-45.217851604488644
-45.972435588838884,-45.21728311042194
-45.967463287096706,-45.216714325753564
-45.962490985354535,-45.21614525037708
-45.95751868361236,-45.21557588418603
-45.952546381870185,-45.21500622707399
-45.947574080128014,-45.21443627893433
-45.942601778385836,-45.213866039660644
-45.937629476643664,-45.2132955091462
-45.93265717490149,-45.212724687284485
-45.927684873159315,-45.21215357396884
-45.922712571417144,-45.21158216909256
-45.917740269674965,-45.211010472548935
-45.912767967932794,-45.210438484231176
-45.90779566619062,-45.20986620403256
-45.902823364448444,-45.20929363184623
-45.89785106270627,-45.20872076756535
-45.892878760964095,-45.208147611083014
-45.887906459221924,-45.20757416229242
-45.882934157479745,-45.20700042108645
-45.877961855737574,-45.20642638735822
-45.872989553995396,-45.20585206100067
-45.868017252253225,-45.20527744190676
-45.86304495051105,-45.20470252996942
-45.858072648768875,-45.204127325081515
-45.853100347026704,-45.203551827135925
-45.848128045284525,-45.20297603602537
-45.843155743542354,-45.20239995164277
-45.83818344180018,-45.20182357388075
-45.833211140058005,-45.20124690263209
-45.82823883831583,-45.20066993778944
-45.823266536573655,-45.200092679245444
-45.818294234831484,-45.19951512689275
-45.81332193308931,-45.19893728062389
-45.808349631347134,-45.198359140331455
-45.80337732960496,-45.197780705907846
-45.798405027862785,-45.19720197724571
-45.79343272612061,-45.19662295423733
-45.788460424378435,-45.19604363677522
-45.783488122636264,-45.19546402475169
-45.778515820894086,-45.19488411805923
-45.773543519151914,-45.194303916589924
-45.76857121740974,-45.19372342023619
-45.763598915667565,-45.19314262889025
-45.758626613925394,-45.192561542444274
-45.753654312183215,-45.19198016079051
-45.748682010441044,-45.191398483820976
-45.74370970869887,-45.19081651142787
-45.738737406956695,-45.190234243503276
-45.73376510521452,-45.18965167993914
-45.728792803472345,-45.18906882062761
-45.723820501730174,-45.18848566546051
-45.718848199988,-45.18790221432978
-45.713875898245824,-45.18731846712748
-45.70890359650365,-45.18673442374536
-45.703931294761475,-45.18615008407523
-45.6989589930193,-45.18556544800898
-45.693986691277125,-45.18498051543829
-45.689014389534954,-45.18439528625494
-45.684042087792776,-45.18380976035066
-45.679069786050604,-45.18322393761709
-45.67409748430843,-45.18263781794581
-45.669125182566255,-45.1820514012285
-45.66415288082408,-45.1814646873567
-45.659180579081905,-45.180877676221854
-45.654208277339734,-45.1802903677156
-45.64923597559756,-45.179702761729324
-45.644263673855384,-45.17911485815444
-45.63929137211321,-45.17852665688238
-45.634319070371035,-45.177938157804476
-45.629346768628864,-45.17734936081206
-45.62437446688669,-45.17676026579646
-45.619402165144514,-45.17617087264886
-45.61442986340234,-45.17558118126058
-45.609457561660165,-45.17499119152271
-45.60448525991799,-45.1744009033265
-45.599512958175815,-45.17381031656301
-45.594540656433644,-45.17321943112336
-45.589568354691465,-45.172628246898626
-45.584596052949294,-45.17203676377979
-45.57962375120712,-45.171444981657764
-45.574651449464945,-45.17085290042367
-45.56967914772277,-45.1702605199683
-45.564706845980595,-45.16966784018263
-45.559734544238424,-45.16907486095738
-45.55476224249625,-45.168481582183475
-45.549789940754074,-45.16788800375167
-45.5448176390119,-45.1672941255527
-45.539845337269725,-45.16669994747731
-45.53487303552755,-45.166105469416145
-45.52990073378538,-45.165510691259875
-45.524928432043204,-45.16491561289905
-45.51995613030103,-45.16432023422438
-45.514983828558854,-45.163724555126244
-45.51001152681668,-45.16312857549531
-45.505039225074505,-45.162532295221894
-45.500066923332334,-45.16193571419662
-45.495094621590155,-45.16133883230973
-45.490122319847984,-45.16074164945168
-45.48515001810581,-45.16014416551276
-45.480177716363634,-45.15954638038335
-45.47520541462146,-45.15894829395362
-45.470233112879285,-45.158349906113884
-45.465260811137114,-45.157751216754356
-45.46028850939494,-45.15715222576514
-45.455316207652764,-45.15655293303641
-45.45034390591059,-45.15595333845819
-45.445371604168415,-45.15535344192065
-45.44039930242624,-45.15475324331376
-45.43542700068407,-45.15415274252753
-45.430454698941894,-45.15355193945194
-45.42548239719972,-45.15295083397694
-45.420510095457544,-45.15234942599232
-45.41553779371537,-45.151747715388005
-45.410565491973195,-45.151145702053896
-45.40559319023102,-45.150543385879644
-45.400620888488845,-45.14994076675507
-45.395648586746674,-45.149337844569885
-45.3906762850045,-45.148734619213826
-45.385703983262324,-45.14813109057648
-45.38073168152015,-45.14752725854749
-45.375759379777975,-45.14692312301649
-45.370787078035804,-45.14631868387288
-45.36581477629363,-45.14571394100633
-45.360842474551454,-45.14510889430631
-45.35587017280928,-45.14450354366221
-45.350897871067104,-45.14389788896343
-45.34592556932493,-45.143291930099316
-45.34095326758276,-45.142685666959395
-45.335980965840584,-45.142079099432806
-45.33100866409841,-45.14147222740883
-45.326036362356234,-45.14086505077682
-45.32106406061406,-45.14025756942588
-45.316091758871885,-45.13964978324518
-45.31111945712971,-45.139041692123975
-45.306147155387535,-45.1384332959512
-45.301174853645364,-45.13782459461607
-45.29620255190319,-45.137215588007514
-45.291230250161014,-45.136606276014646
-45.28625794841884,-45.13599665852629
-45.281285646676665,-45.13538673543144
-45.27631334493449,-45.13477650661902
-45.27134104319232,-45.13416597197785
-45.266368741450144,-45.13355513139683
-45.26139643970797,-45.132943984764665
-45.256424137965794,-45.13233253197016
-45.25145183622362,-45.13172077290199
-45.24647953448145,-45.13110870744884
-45.24150723273927,-45.130496335499444
-45.2365349309971,-45.12988365694241
-45.231562629254924,-45.12927067166633
-45.22659032751275,-45.12865737955965
-45.221618025770574,-45.12804378051099
-45.2166457240284,-45.12742987440873
-45.211673422286225,-45.12681566114143
-45.206701120544054,-45.12620114059746
-45.20172881880188,-45.12558631266518
-45.196756517059704,-45.12497117723296
-45.19178421531753,-45.12435573418906
-45.186811913575355,-45.123739983421814
-45.18183961183318,-45.12312392481942
-45.17686731009101,-45.12250755827013
-45.171895008348834,-45.12189088366202
-45.16692270660666,-45.121273900883345
-45.161950404864484,-45.120656609822106
-45.15697810312231,-45.120039010366405
-45.15200580138014,-45.11942110240432
-45.14703349963796,-45.118802885823754
-45.14206119789579,-45.11818436051275
-45.137088896153614,-45.11756552635918
-45.13211659441144,-45.11694638325097
-45.127144292669264,-45.116326931075974
-45.12217199092709,-45.11570716972201
-45.117199689184915,-45.11508709907679
-45.11222738744274,-45.11446671902822
-45.10725508570057,-45.11384602946391
-45.102282783958394,-45.11322503027161
-45.09731048221622,-45.11260372133887
-45.092338180474044,-45.111982102553405
-45.08736587873187,-45.11136017380274
-45.0823935769897,-45.11073793497444
-45.077421275247524,-45.11011538595602
-45.07244897350535,-45.109492526634945
-45.067476671763174,-45.108869356898595
-45.062504370021,-45.108245876634506
-45.05753206827883,-45.10762208572991
-45.05255976653665,-45.10699798407225
-45.04758746479448,-45.10637357154878
-45.042615163052304,-45.105748848046765
-45.03764286131013,-45.10512381345348
-45.032670559567954,-45.10449846765606
-45.02769825782578,-45.103872810541645
-45.022725956083605,-45.10324684199744
-45.01775365434143,-45.10262056191049
-45.01278135259926,-45.10199397016792
-45.007809050857084,-45.101367066656636
-45.00283674911491,-45.10073985126365
-44.997864447372734,-45.10011232387607
-44.99289214563056,-45.09948448438061
-44.98791984388839,-45.09885633266426
-44.98294754214621,-45.098227868613755
-44.97797524040404,-45.097599092116155
-44.973002938661864,-45.096970003057926
-44.96803063691969,-45.09634060132597
-44.96305833517752,-45.095710886807076
-44.95808603343534,-45.09508085938775
-44.95311373169317,-45.09445051895473
-44.948141429950994,-45.09381986539456
-44.94316912820882,-45.09318889859386
-44.938196826466644,-45.092557618439095
-44.93322452472447,-45.09192602481687
-44.928252222982294,-45.09129411761357
-44.92327992124012,-45.09066189671562
-44.91830761949795,-45.090029362009425
-44.913335317755774,-45.08939651338137
-44.9083630160136,-45.08876335071769
-44.903390714271424,-45.088129873904776
-44.89841841252925,-45.08749608282882
-44.89344611078708,-45.08686197737606
-44.8884738090449,-45.08622755743267
-44.88350150730273,-45.08559282288482
-44.878529205560554,-45.084957773618555
-44.87355690381838,-45.08432240952002
-44.86858460207621,-45.08368673047525
-44.86361230033403,-45.08305073637024
-44.85863999859186,-45.082414427090896
-44.85366769684968,-45.08177780252323
-44.84869539510751,-45.081140862553156
-44.843723093365334,-45.0805036070665
-44.83875079162316,-45.07986603594906
-44.833778489880984,-45.07922814908667
-44.82880618813881,-45.0785899463651
-44.82383388639664,-45.077951427670065
-44.818861584654464,-45.077312592887274
-44.81388928291229,-45.07667344190236
-44.808916981170114,-45.076033974600946
-44.80394467942794,-45.075394190868586
-44.79897237768577,-45.07475409059085
-44.79400007594359,-45.07411367365327
-44.78902777420142,-45.073472939941304
-44.784055472459244,-45.07283188934044
-44.77908317071707,-45.07219052173597
-44.7741108689749,-45.0715488370134
-44.76913856723272,-45.07090683505796
-44.76416626549055,-45.070264515755085
-44.75919396374837,-45.06962187898989
-44.7542216620062,-45.06897892464773
-44.749249360264024,-45.06833565261366
-44.74427705852185,-45.067692062773006
-44.739304756779674,-45.067048155010724
-44.7343324550375,-45.06640392921204
-44.72936015329533,-45.06575938526196
-44.72438785155315,-45.0651145230455
-44.71941554981098,-45.06446934244765
-44.714443248068804,-45.06382384335334
-44.70947094632663,-45.06317802564755
-44.70449864458446,-45.062531889215016
-44.69952634284228,-45.06188543394071
-44.69455404110011,-45.061238659709396
-44.68958173935793,-45.06059156640583
-44.68460943761576,-45.05994415391485
-44.67963713587359,-45.05929642212101
-44.67466483413141,-45.058648370909026
-44.66969253238924,-45.05800000016357
-44.66472023064706,-45.05735130976918
-44.65974792890489,-45.056702299610464
-44.654775627162714,-45.05605296957189
-44.64980332542054,-45.05540331953803
-44.644831023678364,-45.05475334939321
-44.63985872193619,-45.05410305902199
-44.63488642019402,-45.053452448308654
-44.62991411845184,-45.052801517137574
-44.62494181670967,-45.052150265393095
-44.619969514967494,-45.05149869295941
-44.61499721322532,-45.050846799720844
-44.61002491148315,-45.05019458556158
-44.60505260974097,-45.049542050365766
-44.6000803079988,-45.04888919401752
-44.59510800625662,-45.04823601640099
-44.59013570451445,-45.04758251740018
-44.58516340277228,-45.04692869689918
-44.5801911010301,-45.046274554781895
-44.57521879928793,-45.04562009093239
-44.57024649754575,-45.04496530523445
-44.56527419580358,-45.04431019757206
-44.5603018940614,-45.04365476782913
-44.55532959231923,-45.04299901588927
-44.550357290577054,-45.04234294163648
-44.54538498883488,-45.041686544954295
-44.54041268709271,-45.04102982572661
-44.53544038535053,-45.04037278383694
-44.53046808360836,-45.03971541916901
-44.525495781866184,-45.0390577316064
-44.52052348012401,-45.038399721032675
-44.51555117838184,-45.037741387331316
-44.51057887663966,-45.03708273038588
-44.50560657489749,-45.036423750079834
-44.50063427315531,-45.03576444629653
-44.49566197141314,-45.03510481891943
-44.49068966967097,-45.034444867831795
-44.48571736792879,-45.03378459291699
-44.48074506618662,-45.03312399405825
-44.47577276444444,-45.032463071138864
-44.47080046270227,-45.03180182404208
-44.46582816096009,-45.031140252650985
-44.46085585921792,-45.03047835684874
-44.455883557475744,-45.02981613651845
-44.45091125573357,-45.02915359154323
-44.4459389539914,-45.02849072180596
-44.44096665224922,-45.02782752718977
-44.43599435050705,-45.027164007577596
-44.43102204876487,-45.02650016285232
-44.4260497470227,-45.025835992896845
-44.42107744528053,-45.02517149759399
-44.41610514353835,-45.02450667682661
-44.41113284179618,-45.02384153047749
-44.406160540054,-45.02317605842932
-44.40118823831183,-45.022510260564815
-44.39621593656966,-45.02184413676671
-44.39124363482748,-45.021177686917575
-44.38627133308531,-45.02051091089995
-44.38129903134313,-45.019843808596534
-44.37632672960096,-45.019176379889814
-44.37135442785878,-45.0185086246622
-44.36638212611661,-45.0178405427963
-44.36140982437444,-45.017172134174345
-44.35643752263226,-45.01650339867878
-44.35146522089009,-45.01583433619208
-44.34649291914791,-45.01516494659636
-44.34152061740574,-45.014495229773985
-44.33654831566356,-45.01382518560723
-44.33157601392139,-45.013154813978254
-44.32660371217922,-45.012484114769315
-44.32163141043704,-45.01181308786232
-44.31665910869487,-45.011141733139624
-44.31168680695269,-45.01047005048314
-44.30671450521052,-45.009798039774914
-44.30174220346835,-45.0091257008969
-44.29676990172617,-45.008453033731115
-44.291797599984,-45.007780038159446
-44.28682529824182,-45.00710671406375
-44.28185299649965,-45.00643306132592
-44.27688069475747,-45.005759079827705
-44.2719083930153,-45.005084769450974
-44.26693609127313,-45.00441013007727
-44.26196378953095,-45.003735161588494
-44.25699148778878,-45.003059863866255
-44.2520191860466,-45.00238423679208
-44.24704688430443,-45.001708280247655
-44.24207458256225,-45.00103199411455
-44.23710228082008,-45.00035537827425
-44.23212997907791,-44.99967843260817
-44.22715767733573,-44.99900115699789
-44.22218537559356,-44.998323551324695
-44.21721307385138,-44.99764561547001
-44.21224077210921,-44.99696734931523
-44.20726847036704,-44.996288752741535
-44.20229616862486,-44.99560982563033
-44.19732386688269,-44.9949305678627
-44.19235156514051,-44.99425097931996
-44.18737926339834,-44.99357105988318
-44.18240696165616,-44.99289080943357
-44.17743465991399,-44.99221022785211
-44.17246235817182,-44.991529315019925
-44.16749005642964,-44.99084807081796
-44.16251775468747,-44.990166495127276
-44.15754545294529,-44.98948458782877
-44.15257315120312,-44.98880234880332
-44.14760084946094,-44.988119777931885
-44.14262854771877,-44.987436875095135
-44.1376562459766,-44.98675364017402
-44.13268394423442,-44.986070073049206
-44.12771164249225,-44.98538617360149
-44.12273934075007,-44.98470194171149
-44.1177670390079,-44.98401737725989
-44.11279473726573,-44.98333248012726
-44.10782243552355,-44.98264725019429
-44.10285013378138,-44.98196168734138
-44.0978778320392,-44.98127579144912
-44.09290553029703,-44.98058956239796
-44.08793322855485,-44.97990300006831
-44.08296092681268,-44.97921610434062
-44.07798862507051,-44.97852887509515
-44.07301632332833,-44.97784131221227
-44.06804402158616,-44.97715341557239
-44.06307171984398,-44.976465185055574
-44.05809941810181,-44.97577662054214
-44.05312711635963,-44.975087721912196
-44.04815481461746,-44.974398489046024
-44.04318251287529,-44.97370892182359
-44.03821021113311,-44.973019020124994
-44.03323790939094,-44.97232878383028
-44.02826560764876,-44.9716382128194
-44.02329330590659,-44.97094730697242
-44.01832100416442,-44.970256066169185
-44.01334870242224,-44.96956449028961
-44.00837640068007,-44.96887257921346
-44.00340409893789,-44.968180332820666
-43.99843179719572,-44.96748775099095
-43.99345949545354,-44.966794833604105
-43.98848719371137,-44.96610158053969
-43.9835148919692,-44.965407991677544
-43.97854259022702,-44.96471406689723
-43.97357028848485,-44.96401980607829
-43.96859798674267,-44.96332520910036
-43.9636256850005,-44.96263027584295
-43.95865338325832,-44.96193500618552
-43.95368108151615,-44.96123940000748
-43.94870877977398,-44.96054345718833
-43.9437364780318,-44.95984717760741
-43.93876417628963,-44.959150561144014
-43.93379187454745,-44.958453607677455
-43.92881957280528,-44.95775631708712
-43.92384727106311,-44.95705868925212
-43.91887496932093,-44.956360724051564
-43.91390266757876,-44.955662421364856
-43.90893036583658,-44.954963781070866
-43.90395806409441,-44.95426480304888
-43.89898576235223,-44.95356548717776
-43.89401346061006,-44.95286583333665
-43.88904115886789,-44.95216584140449
-43.88406885712571,-44.95146551126019
-43.87909655538354,-44.95076484278269
-43.87412425364136,-44.95006383585076
-43.86915195189919,-44.94936249034333
-43.86417965015701,-44.948660806139166
-43.85920734841484,-44.947958783117
-43.85423504667267,-44.94725642115554
-43.84926274493049,-44.94655372013351
-43.84429044318832,-44.94585067992949
-43.83931814144614,-44.945147300422114
-43.83434583970397,-44.94444358149004
-43.8293735379618,-44.943739523011644
-43.82440123621962,-44.94303512486557
-43.81942893447745,-44.942330386930145
-43.81445663273527,-44.941625309083854
-43.8094843309931,-44.94091989120508
-43.80451202925092,-44.94021413317215
-43.79953972750875,-44.93950803486347
-43.79456742576658,-44.93880159615719
-43.7895951240244,-44.93809481693164
-43.78462282228223,-44.93738769706497
-43.77965052054005,-44.93668023643539
-43.77467821879788,-44.93597243492095
-43.7697059170557,-44.93526429239982
-43.76473361531353,-44.93455580874998
-43.75976131357136,-44.933846983849556
-43.75478901182918,-44.93313781757644
-43.74981671008701,-44.932428309808586
-43.74484440834483,-44.93171846042401
-43.73987210660266,-44.9310082693004
-43.73489980486049,-44.9302977363157
-43.72992750311831,-44.92958686134768
-43.72495520137614,-44.92887564427412
-43.71998289963396,-44.92816408497275
-43.71501059789179,-44.927452183321236
-43.71003829614961,-44.9267399391972
-43.70506599440744,-44.92602735247829
-43.70009369266527,-44.92531442304211
-43.69512139092309,-44.92460115076612
-43.69014908918092,-44.92388753552792
-43.68517678743874,-44.923173577204906
-43.68020448569657,-44.92245927567448
-43.67523218395439,-44.92174463081412
-43.67025988221222,-44.921029642501075
-43.66528758047005,-44.92031431061279
-43.66031527872787,-44.91959863502644
-43.6553429769857,-44.91888261561935
-43.65037067524352,-44.91816625226862
-43.64539837350135,-44.91744954485152
-43.64042607175918,-44.91673249324511
-43.635453770017,-44.91601509732648
-43.63048146827483,-44.915297356972815
-43.62550916653265,-44.914579272061005
-43.62053686479048,-44.91386084246811
-43.6155645630483,-44.91314206807094
-43.61059226130613,-44.91242294874658
-43.60561995956396,-44.911703484371856
-43.60064765782178,-44.91098367482354
-43.59567535607961,-44.91026351997843
-43.59070305433743,-44.909543019713375
-43.58573075259526,-44.90882217390502
-43.58075845085308,-44.90810098243009
-43.57578614911091,-44.90737944516531
-43.57081384736874,-44.90665756198707
-43.56584154562656,-44.9059353327722
-43.56086924388439,-44.90521275739701
-43.55589694214221,-44.9044898357382
-43.55092464040004,-44.903766567672136
-43.54595233865787,-44.903042953075285
-43.54098003691569,-44.90231899182398
-43.53600773517352,-44.901594683794656
-43.53103543343134,-44.90087002886352
-43.52606313168917,-44.90014502690688
-43.52109082994699,-44.89941967780112
-43.51611852820482,-44.89869398142227
-43.51114622646265,-44.89796793764655
-43.50617392472047,-44.89724154635013
-43.5012016229783,-44.896514807409055
-43.49622932123612,-44.895787720699424
-43.49125701949395,-44.895060286097156
-43.48628471775177,-44.8943325034784
-43.4813124160096,-44.89360437271895
-43.47634011426743,-44.89287589369482
-43.47136781252525,-44.8921470662818
-43.46639551078308,-44.89141789035573
-43.4614232090409,-44.89068836579245
-43.45645090729873,-44.88995849246773
-43.45147860555656,-44.88922827025724
-43.44650630381438,-44.8884976990366
-43.44153400207221,-44.88776677868159
-43.43656170033003,-44.88703550906776
-43.43158939858786,-44.88630389007064
-43.42661709684568,-44.88557192156586
-43.42164479510351,-44.88483960342882
-43.41667249336134,-44.88410693553508
-43.41170019161916,-44.88337391775997
-43.40672788987699,-44.882640549978916
-43.40175558813481,-44.881906832067195
-43.39678328639264,-44.88117276390027
-43.39181098465046,-44.88043834535327
-43.38683868290829,-44.87970357630148
-43.38186638116612,-44.878968456620115
-43.37689407942394,-44.87823298618425
-43.37192177768177,-44.877497164869176
-43.36694947593959,-44.87676099254982
-43.36197717419742,-44.876024469101324
-43.35700487245525,-44.8752875943986
-43.35203257071307,-44.87455036831674
-43.3470602689709,-44.873812790730604
-43.34208796722872,-44.87307486151511
-43.33711566548655,-44.87233658054513
-43.33214336374437,-44.871597947695406
-43.3271710620022,-44.87085896284088
-43.32219876026003,-44.87011962585613
-43.31722645851785,-44.869379936615985
-43.31225415677568,-44.86863989499509
-43.3072818550335,-44.86789950086806
-43.30230955329133,-44.86715875410949
-43.29733725154915,-44.86641765459396
-43.29236494980698,-44.86567620219598
-43.28739264806481,-44.864934396790055
-43.28242034632263,-44.86419223825065
-43.27744804458046,-44.86344972645211
-43.27247574283828,-44.86270686126881
-43.26750344109611,-44.861963642575155
-43.26253113935394,-44.8612200702454
-43.25755883761176,-44.86047614415379
-43.25258653586959,-44.859731864174606
-43.24761423412741,-44.858987230182
-43.24264193238524,-44.858242242050075
-43.23766963064306,-44.85749689965303
-43.23269732890089,-44.85675120286484
-43.22772502715872,-44.856005151559586
-43.22275272541654,-44.8552587456113
-43.21778042367437,-44.85451198489382
-43.21280812193219,-44.8537648692812
-43.20783582019002,-44.853017398647346
-43.20286351844784,-44.85226957286596
-43.19789121670567,-44.851521391810905
-43.1929189149635,-44.85077285535601
-43.18794661322132,-44.850023963374944
-43.18297431147915,-44.84927471574146
-43.17800200973697,-44.84852511232918
-43.1730297079948,-44.84777515301167
-43.16805740625263,-44.84702483766266
-43.16308510451045,-44.84627416615552
-43.15811280276828,-44.84552313836388
-43.1531405010261,-44.84477175416116
-43.14816819928393,-44.84402001342081
-43.14319589754175,-44.843267916016146
-43.13822359579958,-44.842515461820696
-43.13325129405741,-44.84176265070757
-43.12827899231523,-44.841009482550206
-43.12330669057306,-44.84025595722178
-43.11833438883088,-44.839502074595515
-43.11336208708871,-44.838747834544584
-43.10838978534653,-44.837993236942054
-43.10341748360436,-44.837238281661094
-43.09844518186219,-44.8364829685747
-43.09347288012001,-44.83572729755594
-43.08850057837784,-44.83497126847776
-43.08352827663566,-44.83421488121309
-43.07855597489349,-44.833458135634835
-43.07358367315132,-44.832701031615905
-43.06861137140914,-44.83194356902907
-43.06363906966697,-44.83118574774716
-43.05866676792479,-44.83042756764287
-43.05369446618262,-44.82966902858893
-43.04872216444044,-44.82891013045809
-43.04374986269827,-44.82815087312288
-43.0387775609561,-44.82739125645597
-43.03380525921392,-44.826631280329934
-43.02883295747175,-44.825870944617144
-43.02386065572957,-44.825110249190296
-43.0188883539874,-44.82434919392169
-43.01391605224522,-44.823587778683844
-43.00894375050305,-44.822826003349
-43.00397144876088,-44.82206386778957
-42.9989991470187,-44.82130137187791
-42.99402684527653,-44.82053851548609
-42.98905454353435,-44.81977529848658
-42.98408224179218,-44.81901172075128
-42.97910994005001,-44.818247782152575
-42.97413763830783,-44.81748348256247
-42.96916533656566,-44.81671882185303
-42.96419303482348,-44.815953799896235
-42.95922073308131,-44.81518841656413
-42.95424843133913,-44.81442267172873
-42.94927612959696,-44.813656565261844
-42.94430382785479,-44.8128900970354
-42.93933152611261,-44.812123266921205
-42.93435922437044,-44.81135607479119
-42.92938692262826,-44.81058852051689
-42.92441462088609,-44.80982060397022
-42.91944231914391,-44.80905232502274
-42.91447001740174,-44.80828368354616
-42.90949771565957,-44.80751467941213
-42.90452541391739,-44.806745312492126
-42.89955311217522,-44.80597558265776
-42.89458081043304,-44.80520548978054
-42.88960850869087,-44.80443503373182
-42.8846362069487,-44.80366421438308
-42.87966390520652,-44.80289303160571
-42.87469160346435,-44.802121485271066
-42.86971930172217,-44.80134957525042
-42.86474699998,-44.80057730141505
-42.85977469823782,-44.7998046636362
-42.85480239649565,-44.799031661785044
-42.84983009475348,-44.79825829573269
-42.8448577930113,-44.79748456535035
-42.83988549126913,-44.79671047050905
-42.83491318952695,-44.79593601107978
-42.82994088778478,-44.795161186933605
-42.8249685860426,-44.79438599794148
-42.81999628430043,-44.793610443974295
-42.81502398255826,-44.79283452490295
-42.81005168081608,-44.79205824059833
-42.80507937907391,-44.79128159093113
-42.80010707733173,-44.79050457577228
-42.79513477558956,-44.78972719499237
-42.79016247384739,-44.788949448462155
-42.78519017210521,-44.788171336052294
-42.78021787036304,-44.78739285763338
-42.77524556862086,-44.786614013075976
-42.77027326687869,-44.785834802250704
-42.76530096513651,-44.78505522502799
-42.76032866339434,-44.784275281278326
-42.75535636165217,-44.78349497087211
-42.75038405990999,-44.78271429367982
-42.74541175816782,-44.781933249571594
-42.74043945642564,-44.78115183841797
-42.73546715468347,-44.7803700600891
-42.73049485294129,-44.77958791445525
-42.72552255119912,-44.77880540138659
-42.72055024945695,-44.778022520753346
-42.71557794771477,-44.77723927242553
-42.7106056459726,-44.776455656273285
-42.70563334423042,-44.77567167216667
-42.70066104248825,-44.77488731997564
-42.69568874074608,-44.77410259957017
-42.6907164390039,-44.7733175108202
-42.68574413726173,-44.7725320535956
-42.68077183551955,-44.77174622776623
-42.67579953377738,-44.770960033201895
-42.6708272320352,-44.77017346977238
-42.66585493029303,-44.76938653734741
-42.66088262855086,-44.7685992357967
-42.65591032680868,-44.7678115649898
-42.65093802506651,-44.767023524796485
-42.64596572332433,-44.766235115086204
-42.64099342158216,-44.765446335728605
-42.63602111983998,-44.76465718659313
-42.63104881809781,-44.76386766754922
-42.62607651635564,-44.76307777846637
-42.62110421461346,-44.76228751921389
-42.61613191287129,-44.761496889661174
-42.61115961112911,-44.76070588967753
-42.60618730938694,-44.7599145191322
-42.60121500764477,-44.75912277789445
-42.59624270590259,-44.75833066583351
-42.59127040416042,-44.75753818281839
-42.58629810241824,-44.75674532871833
-42.58132580067607,-44.755952103402414
-42.57635349893389,-44.75515850673962
-42.57138119719172,-44.754364538598956
-42.56640889544955,-44.75357019884943
-42.56143659370737,-44.75277548735996
-42.5564642919652,-44.75198040399936
-42.55149199022302,-44.751184948636556
-42.54651968848085,-44.750389121140216
-42.54154738673867,-44.7495929213793
-42.5365750849965,-44.74879634922247
-42.53160278325433,-44.74799940453833
-42.52663048151215,-44.74720208719566
-42.52165817976998,-44.746404397063
-42.5166858780278,-44.74560633400893
-42.51171357628563,-44.744807897902
-42.50674127454346,-44.74400908861071
-42.50176897280128,-44.743209906003486
-42.49679667105911,-44.742410349948806
-42.49182436931693,-44.74161042031497
-42.48685206757476,-44.740810116970394
-42.48187976583258,-44.74000943978337
-42.47690746409041,-44.73920838862216
-42.47193516234824,-44.73840696335492
-42.46696286060606,-44.737605163849935
-42.46199055886389,-44.73680298997535
-42.45701825712171,-44.73600044159918
-42.45204595537954,-44.73519751858957
-42.44707365363736,-44.734394220814615
-42.44210135189519,-44.733590548142125
-42.43712905015302,-44.73278650044022
-42.43215674841084,-44.73198207757675
-42.42718444666867,-44.73117727941952
-42.42221214492649,-44.73037210583656
-42.41723984318432,-44.72956655669545
-42.41226754144215,-44.72876063186416
-42.40729523969997,-44.72795433121025
-42.4023229379578,-44.72714765460146
-42.39735063621562,-44.72634060190547
-42.39237833447345,-44.72553317298983
-42.38740603273127,-44.72472536772209
-42.3824337309891,-44.723917185969796
-42.37746142924693,-44.723108627600546
-42.37248912750475,-44.72229969248158
-42.36751682576258,-44.72149038048048
-42.3625445240204,-44.72068069146457
-42.35757222227823,-44.719870625301155
-42.35259992053605,-44.7190601818575
-42.34762761879388,-44.71824936100096
-42.34265531705171,-44.7174381625987
-42.33768301530953,-44.71662658651783
-42.33271071356736,-44.715814632625616
-42.32773841182518,-44.71500230078907
-42.32276611008301,-44.714189590875236
-42.31779380834084,-44.71337650275119
-42.31282150659866,-44.71256303628385
-42.30784920485649,-44.711749191340225
-42.30287690311431,-44.71093496778717
-42.29790460137214,-44.71012036549162
-42.29293229962996,-44.70930538432028
-42.28795999788779,-44.70849002414008
-42.28298769614562,-44.70767428481765
-42.27801539440344,-44.706858166219796
-42.27304309266127,-44.706041668213054
-42.26807079091909,-44.70522479066414
-42.26309848917692,-44.70440753343965
-42.25812618743474,-44.703589896406136
-42.25315388569257,-44.702771879430124
-42.2481815839504,-44.701953482377995
-42.24320928220822,-44.701134705116274
-42.23823698046605,-44.700315547511345
-42.23326467872387,-44.69949600942953
-42.2282923769817,-44.69867609073718
-42.22332007523953,-44.69785579130053
-42.21834777349735,-44.697035110985865
-42.21337547175518,-44.69621404965933
-42.208403170013,-44.69539260718719
-42.20343086827083,-44.694570783435445
-42.19845856652865,-44.693748578270224
-42.19348626478648,-44.69292599155759
-42.18851396304431,-44.692103023163504
-42.18354166130213,-44.69127967295394
-42.17856935955996,-44.690455940794905
-42.17359705781778,-44.68963182655216
-42.16862475607561,-44.6888073300916
-42.16365245433343,-44.687982451279076
-42.15868015259126,-44.687157189980304
-42.15370785084909,-44.68633154606105
-42.14873554910691,-44.685505519386986
-42.14376324736474,-44.6846791098237
-42.13879094562256,-44.683852317236905
-42.13381864388039,-44.68302514149216
-42.12884634213822,-44.682197582454954
-42.12387404039604,-44.68136963999073
-42.11890173865387,-44.680541313965044
-42.11392943691169,-44.67971260424326
-42.10895713516952,-44.67888351069081
-42.10398483342734,-44.6780540331729
-42.09901253168517,-44.67722417155495
-42.094040229943,-44.67639392570218
-42.08906792820082,-44.675563295479776
-42.08409562645865,-44.67473228075297
-42.07912332471647,-44.67390088138687
-42.0741510229743,-44.67306909724656
-42.06917872123212,-44.67223692819713
-42.06420641948995,-44.67140437410357
-42.05923411774778,-44.67057143483092
-42.0542618160056,-44.66973811024409
-42.04928951426343,-44.66890440020795
-42.04431721252125,-44.66807030458736
-42.03934491077908,-44.66723582324723
-42.03437260903691,-44.666400956052215
-42.02940030729473,-44.66556570286725
-42.02442800555256,-44.6647300635568
-42.01945570381038,-44.663894037985685
-42.01448340206821,-44.66305762601856
-42.00951110032603,-44.66222082751988
-42.00453879858386,-44.661383642354274
-41.99956649684168,-44.66054607038626
-41.99459419509951,-44.659708111480306
-41.98962189335734,-44.658869765500754
-41.98464959161516,-44.658031032312074
-41.97967728987299,-44.65719191177865
-41.97470498813081,-44.65635240376472
-41.96973268638864,-44.655512508134585
-41.96476038464647,-44.65467222475243
-41.95978808290429,-44.65383155348252
-41.95481578116212,-44.65299049418895
-41.94984347941994,-44.65214904673587
-41.94487117767777,-44.651307210987326
-41.9398988759356,-44.65046498680736
-41.93492657419342,-44.64962237405996
-41.92995427245125,-44.648779372609134
-41.92498197070907,-44.64793598231872
-41.9200096689669,-44.64709220305264
-41.91503736722473,-44.64624803467471
-41.91006506548255,-44.64540347704871
-41.90509276374037,-44.64455853003839
-41.9001204619982,-44.64371319350754
-41.89514816025603,-44.642867467319796
-41.89017585851385,-44.642021351338826
-41.88520355677168,-44.64117484542811
-41.8802312550295,-44.64032794945129
-41.87525895328733,-44.63948066327195
-41.87028665154516,-44.63863298675344
-41.86531434980298,-44.63778491975928
-41.86034204806081,-44.63693646215282
-41.85536974631863,-44.63608761379745
-41.85039744457646,-44.6352383745565
-41.84542514283429,-44.63438874429324
-41.84045284109211,-44.63353872287088
-41.83548053934994,-44.63268831015273
-41.83050823760776,-44.63183750600172
-41.82553593586559,-44.63098631028123
-41.82056363412342,-44.63013472285421
-41.81559133238124,-44.629282743583694
-41.81061903063906,-44.62843037233272
-41.80564672889689,-44.62757760896421
-41.80067442715472,-44.62672445334119
-41.79570212541254,-44.62587090532637
-41.79072982367037,-44.625016964782795
-41.78575752192819,-44.624162631573064
-41.78078522018602,-44.623307905560104
-41.77581291844385,-44.62245278660656
-41.77084061670167,-44.62159727457511
-41.7658683149595,-44.62074136932845
-41.76089601321732,-44.61988507072911
-41.75592371147515,-44.61902837863971
-41.75095140973298,-44.618171292922796
-41.7459791079908,-44.617313813440745
-41.74100680624863,-44.6164559400561
-41.73603450450645,-44.61559767263119
-41.73106220276428,-44.6147390110285
-41.72608990102211,-44.61387995511022
-41.72111759927993,-44.613020504738685
-41.71614529753775,-44.61216065977617
-41.71117299579558,-44.611300420084866
-41.70620069405341,-44.61043978552692
-41.70122839231123,-44.609578755964414
-41.69625609056906,-44.60871733125958
-41.69128378882688,-44.60785551127431
-41.68631148708471,-44.60699329587066
-41.68133918534254,-44.60613068491059
-41.67636688360036,-44.60526767825606
-41.67139458185819,-44.604404275768935
-41.66642228011601,-44.60354047731099
-41.66144997837384,-44.60267628274417
-41.65647767663167,-44.60181169193011
-41.65150537488949,-44.60094670473066
-41.64653307314732,-44.60008132100733
-41.64156077140514,-44.59921554062199
-41.63658846966297,-44.598349363436036
-41.6316161679208,-44.597482789311144
-41.62664386617862,-44.59661581810884
-41.62167156443644,-44.595748449690504
-41.61669926269427,-44.59488068391774
-41.6117269609521,-44.59401252065181
-41.60675465920992,-44.59314395975421
-41.60178235746775,-44.59227500108612
-41.59681005572557,-44.59140564450901
-41.5918377539834,-44.5905358898839
-41.58686545224123,-44.58966573707214
-41.58189315049905,-44.58879518593488
-41.57692084875688,-44.58792423633324
-41.5719485470147,-44.58705288812829
-41.56697624527253,-44.58618114118103
-41.56200394353036,-44.58530899535252
-41.55703164178818,-44.584436450503745
-41.55205934004601,-44.5835635064955
-41.54708703830383,-44.58269016318886
-41.54211473656166,-44.58181642044455
-41.537142434819486,-44.58094227812338
-41.53217013307731,-44.580067736086086
-41.52719783133513,-44.5791927941935
-41.52222552959296,-44.57831745230619
-41.51725322785079,-44.57744171028484
-41.51228092610861,-44.576565567990066
-41.50730862436644,-44.575689025282394
-41.50233632262426,-44.574812082022376
-41.49736402088209,-44.573934738070456
-41.49239171913992,-44.5730569932872
-41.48741941739774,-44.57217884753281
-41.48244711565557,-44.57130030066777
-41.47747481391339,-44.570421352552366
-41.47250251217122,-44.56954200304691
-41.46753021042905,-44.56866225201159
-41.46255790868687,-44.567782099306655
-41.4575856069447,-44.566901544792245
-41.45261330520252,-44.566020588328485
-41.44764100346035,-44.56513922977541
-41.442668701718176,-44.56425746899314
-41.437696399976,-44.56337530584152
-41.43272409823382,-44.56249274018067
-41.42775179649165,-44.5616097718705
-41.42277949474948,-44.56072640077078
-41.4178071930073,-44.559842626741386
-41.41283489126513,-44.55895844964218
-41.40786258952295,-44.558073869332816
-41.40289028778078,-44.557188885673085
-41.39791798603861,-44.556303498522595
-41.39294568429643,-44.55541770774102
-41.38797338255426,-44.554531513188
-41.38300108081208,-44.553644914723
-41.37802877906991,-44.55275791220558
-41.37305647732774,-44.55187050549526
-41.36808417558556,-44.550982694451356
-41.36311187384339,-44.550094478933296
-41.35813957210121,-44.549205858800505
-41.35316727035904,-44.54831683391225
-41.348194968616866,-44.54742740412779
-41.34322266687469,-44.54653756930635
-41.33825036513251,-44.54564732930712
-41.33327806339034,-44.544756683989306
-41.32830576164817,-44.543865633211915
-41.32333345990599,-44.54297417683403
-41.31836115816382,-44.54208231471481
-41.31338885642164,-44.54119004671309
-41.30841655467947,-44.54029737268791
-41.3034442529373,-44.53940429249814
-41.29847195119512,-44.53851080600262
-41.29349964945295,-44.53761691306019
-41.28852734771077,-44.536722613529676
-41.2835550459686,-44.53582790726973
-41.278582744226426,-44.534932794139166
-41.27361044248425,-44.53403727399656
-41.26863814074208,-44.53314134670062
-41.2636658389999,-44.532245012109854
-41.25869353725773,-44.53134827008283
-41.253721235515556,-44.530451120478006
-41.24874893377338,-44.529553563153904
-41.2437766320312,-44.52865559796889
-41.23880433028903,-44.5277572247814
-41.23383202854686,-44.52685844344968
-41.22885972680468,-44.525959253832134
-41.22388742506251,-44.52505965578698
-41.21891512332033,-44.524159649172404
-41.21394282157816,-44.52325923384658
-41.20897051983599,-44.52235840966769
-41.20399821809381,-44.521457176493826
-41.19902591635164,-44.520555534182975
-41.19405361460946,-44.519653482593185
-41.18908131286729,-44.51875102158242
-41.184109011125116,-44.517848151008664
-41.17913670938294,-44.51694487072972
-41.17416440764077,-44.516041180603516
-41.16919210589859,-44.51513708048781
-41.16421980415642,-44.514232570240374
-41.159247502414246,-44.51332764971901
-41.15427520067207,-44.512422318781276
-41.14930289892989,-44.51151657728487
-41.14433059718772,-44.51061042508743
-41.13935829544555,-44.50970386204653
-41.13438599370337,-44.50879688801962
-41.1294136919612,-44.50788950286428
-41.12444139021902,-44.50698170643786
-41.11946908847685,-44.50607349859781
-41.11449678673468,-44.505164879201466
-41.1095244849925,-44.504255848106155
-41.10455218325033,-44.50334640516916
-41.09957988150815,-44.5024365502477
-41.09460757976598,-44.501526283199006
-41.089635278023806,-44.500615603880256
-41.08466297628163,-44.49970451214847
-41.07969067453946,-44.498793007860826
-41.07471837279728,-44.497881090874266
-41.06974607105511,-44.496968761045835
-41.064773769312936,-44.49605601823249
-41.05980146757076,-44.49514286229109
-41.05482916582858,-44.4942292930786
-41.04985686408641,-44.49331531045173
-41.04488456234424,-44.49240091426741
-41.03991226060206,-44.49148610438224
-41.03493995885989,-44.490570880653046
-41.02996765711771,-44.48965524293636
-41.02499535537554,-44.488739191088904
-41.020023053633366,-44.4878227249673
-41.01505075189119,-44.48690584442792
-41.01007845014902,-44.48598854932751
-41.00510614840684,-44.485070839522315
-41.00013384666467,-44.484152714868856
-40.995161544922496,-44.48323417522349
-40.99018924318032,-44.482315220442594
-40.985216941438146,-44.48139585038238
-40.98024463969597,-44.48047606489916
-40.9752723379538,-44.479555863849164
-40.970300036211626,-44.47863524708852
-40.96532773446945,-44.47771421447337
-40.96035543272727,-44.47679276585983
-40.9553831309851,-44.47587090110395
-40.95041082924293,-44.47494862006167
-40.94543852750075,-44.47402592258905
-40.94046622575858,-44.473102808542016
-40.9354939240164,-44.472179277776355
-40.93052162227423,-44.471255330148
-40.925549320532056,-44.47033096551275
-40.92057701878988,-44.46940618372633
-40.91560471704771,-44.468480984644444
-40.91063241530553,-44.46755536812286
-40.90566011356336,-44.46662933401715
-40.900687811821186,-44.46570288218293
-40.89571551007901,-44.464776012475745
-40.890743208336836,-44.4638487247511
-40.88577090659466,-44.462921018864535
-40.88079860485249,-44.46199289467138
-40.875826303110316,-44.461064352027115
-40.87085400136814,-44.46013539078706
-40.86588169962596,-44.45920601080649
-40.86090939788379,-44.45827621194082
-40.855937096141616,-44.45734599404507
-40.85096479439944,-44.45641535697457
-40.84599249265727,-44.45548430058442
-40.84102019091509,-44.454552824729696
-40.83604788917292,-44.45362092926553
-40.831075587430746,-44.452688614046856
-40.82610328568857,-44.451755878928715
-40.8211309839464,-44.45082272376605
-40.81615868220422,-44.4498891484137
-40.81118638046205,-44.44895515272665
-40.806214078719876,-44.44802073655959
-40.8012417769777,-44.4470858997673
-40.796269475235526,-44.4461506422045
-40.79129717349335,-44.44521496372602
-40.78632487175118,-44.444278864186415
-40.781352570009005,-44.44334234344028
-40.77638026826683,-44.442405401342185
-40.77140796652465,-44.44146803774671
-40.76643566478248,-44.44053025250826
-40.761463363040306,-44.43959204548131
-40.75649106129813,-44.43865341652026
-40.75151875955596,-44.43771436547956
-40.74654645781378,-44.436774892213386
-40.74157415607161,-44.43583499657611
-40.736601854329436,-44.434894678421955
-40.73162955258726,-44.433953937605054
-40.726657250845086,-44.4330127739797
-40.72168494910291,-44.432071187399835
-40.71671264736074,-44.43112917771961
-40.711740345618566,-44.43018674479313
-40.70676804387639,-44.42924388847422
-40.701795742134216,-44.42830060861702
-40.69682344039204,-44.427356905075264
-40.69185113864987,-44.42641277770291
-40.686878836907695,-44.42546822635376
-40.68190653516552,-44.42452325088153
-40.67693423342334,-44.423577851140124
-40.67196193168117,-44.42263202698306
-40.666989629938996,-44.421685778264134
-40.66201732819682,-44.420739104836834
-40.65704502645465,-44.41979200655486
-40.65207272471247,-44.41884448327165
-40.6471004229703,-44.41789653484073
-40.642128121228126,-44.416948161115634
-40.63715581948595,-44.41599936194958
-40.632183517743776,-44.41505013719611
-40.6272112160016,-44.41410048670846
-40.62223891425943,-44.41315041033993
-40.617266612517255,-44.412199907943744
-40.61229431077508,-44.411248979373134
-40.607322009032906,-44.41029762448127
-40.60234970729073,-44.40934584312126
-40.597377405548556,-44.40839363514617
-40.592405103806385,-44.407441000409
-40.58743280206421,-44.40648793876277
-40.58246050032203,-44.40553445006047
-40.57748819857986,-44.404580534154974
-40.572515896837686,-44.40362619089913
-40.56754359509551,-44.402671420145786
-40.562571293353336,-44.40171622174771
-40.55759899161116,-44.40076059555772
-40.55262668986899,-44.39980454142843
-40.547654388126816,-44.39884805921251
-40.54268208638464,-44.39789114876263
-40.537709784642466,-44.396933809931305
-40.53273748290029,-44.39597604257108
-40.52776518115812,-44.395017846534536
-40.522792879415945,-44.394059221674
-40.51782057767377,-44.39310016784194
-40.512848275931596,-44.39214068489076
-40.50787597418942,-44.391180772672676
-40.502903672447246,-44.39022043104007
-40.497931370705075,-44.38925965984515
-40.4929590689629,-44.388298458940184
-40.48798676722072,-44.38733682817723
-40.48301446547855,-44.386374767408405
-40.478042163736376,-44.385412276485894
-40.4730698619942,-44.38444935526159
-40.468097560252026,-44.383486003587635
-40.46312525850985,-44.382522221315824
-40.45815295676768,-44.38155800829823
-40.453180655025506,-44.380593364386556
-40.44820835328333,-44.37962828943279
-40.443236051541156,-44.37866278328857
-40.43826374979898,-44.377696845805744
-40.433291448056806,-44.37673047683592
-40.428319146314635,-44.37576367623085
-40.42334684457246,-44.3747964438421
-40.418374542830286,-44.373828779521176
-40.41340224108811,-44.3728606831198
-40.408429939345936,-44.37189215448922
-40.403457637603765,-44.37092319348114
-40.39848533586159,-44.36995379994673
-40.39351303411941,-44.36898397373756
-40.38854073237724,-44.368013714704794
-40.383568430635066,-44.36704302269978
-40.37859612889289,-44.36607189757375
-40.373623827150716,-44.36510033917789
-40.36865152540854,-44.36412834736338
-40.36367922366637,-44.36315592198135
-40.358706921924195,-44.36218306288282
-40.35373462018202,-44.36120976991888
-40.348762318439846,-44.36023604294045
-40.34379001669767,-44.35926188179854
-40.338817714955496,-44.358287286343966
-40.333845413213325,-44.357312256427704
-40.32887311147115,-44.3563367919005
-40.323900809728976,-44.355360892613156
-40.3189285079868,-44.354384558416356
-40.313956206244626,-44.353407789160904
-40.308983904502455,-44.35243058469736
-40.304011602760276,-44.35145294487636
-40.2990393010181,-44.35047486954852
-40.29406699927593,-44.34949635856425
-40.289094697533756,-44.34851741177415
-40.28412239579158,-44.347538029028634
-40.279150094049406,-44.346558210178046
-40.27417779230723,-44.345577955072805
-40.26920549056506,-44.3445972635632
-40.264233188822885,-44.3436161354995
-40.25926088708071,-44.34263457073195
-40.254288585338536,-44.341652569110764
-40.24931628359636,-44.340670130486046
-40.244343981854186,-44.33968725470792
-40.239371680112015,-44.33870394162649
-40.23439937836984,-44.3377201910917
-40.229427076627665,-44.336736002953565
-40.22445477488549,-44.33575137706202
-40.219482473143316,-44.334766313267004
-40.214510171401145,-44.33378081141825
-40.209537869658966,-44.332794871365714
-40.20456556791679,-44.3318084929591
-40.19959326617462,-44.330821676048096
-40.194620964432445,-44.329834420482484
-40.18964866269027,-44.32884672611177
-40.184676360948096,-44.32785859278568
-40.17970405920592,-44.32687002035374
-40.174731757463746,-44.325881008665405
-40.169759455721575,-44.32489155757023
-40.1647871539794,-44.323901666917585
-40.159814852237226,-44.322911336556885
-40.15484255049505,-44.32192056633747
-40.149870248752876,-44.3209293561087
-40.144897947010705,-44.319937705719724
-40.13992564526853,-44.31894561501987
-40.134953343526355,-44.31795308385825
-40.12998104178418,-44.316960112084
-40.125008740042006,-44.3159666995463
-40.120036438299834,-44.3149728460941
-40.115064136557656,-44.31397855157643
-40.11009183481548,-44.31298381584231
-40.10511953307331,-44.311988638740594
-40.100147231331135,-44.31099302012022
-40.09517492958896,-44.30999695983
-40.090202627846786,-44.309000457718724
-40.08523032610461,-44.30800351363514
-40.080258024362436,-44.30700612742805
-40.075285722620265,-44.30600829894603
-40.07031342087809,-44.30501002803771
-40.065341119135915,-44.304011314551715
-40.06036881739374,-44.30301215833652
-40.055396515651566,-44.302012559240765
-40.050424213909395,-44.30101251711276
-40.045451912167216,-44.30001203180108
-40.040479610425045,-44.29901110315389
-40.03550730868287,-44.29800973101969
-40.030535006940696,-44.29700791524674
-40.025562705198524,-44.29600565568321
-40.020590403456346,-44.2950029521774
-40.01561810171417,-44.293999804577375
-40.010645799971996,-44.29299621273136
-40.005673498229825,-44.29199217648734
-40.00070119648765,-44.290987695693424
-39.995728894745476,-44.2899827701976
-39.9907565930033,-44.288977399847724
-39.985784291261126,-44.28797158449177
-39.980811989518955,-44.286965323977626
-39.97583968777678,-44.28595861815309
-39.970867386034605,-44.284951466865934
-39.96589508429243,-44.28394386996391
-39.960922782550256,-44.28293582729471
-39.955950480808085,-44.28192733870597
-39.950978179065906,-44.280918404045366
-39.946005877323735,-44.279909023160364
-39.94103357558156,-44.27889919589854
-39.936061273839385,-44.27788892210733
-39.931088972097214,-44.27687820163432
-39.926116670355036,-44.275867034326744
-39.92114436861286,-44.27485542003202
-39.916172066870686,-44.27384335859744
-39.911199765128515,-44.27283084987033
-39.90622746338634,-44.27181789369787
-39.901255161644166,-44.27080448992727
-39.89628285990199,-44.26979063840564
-39.891310558159816,-44.26877633898013
-39.886338256417645,-44.267761591497674
-39.881365954675466,-44.26674639580546
-39.876393652933295,-44.265730751750354
-39.87142135119112,-44.26471465917931
-39.866449049448946,-44.26369811793922
-39.861476747706774,-44.26268112787689
-39.856504445964596,-44.261663688839135
-39.851532144222425,-44.26064580067276
-39.84655984248025,-44.25962746322447
-39.841587540738075,-44.25860867634086
-39.836615238995904,-44.25758943986863
-39.831642937253726,-44.25656975365439
-39.82667063551155,-44.255549617544595
-39.821698333769376,-44.25452903138589
-39.816726032027205,-44.25350799502455
-39.81175373028503,-44.252486508307186
-39.806781428542855,-44.25146457107997
-39.80180912680068,-44.25044218318942
-39.796836825058506,-44.24941934448168
-39.791864523316335,-44.248396054803116
-39.786892221574156,-44.2473723139998
-39.781919919831985,-44.24634812191807
-39.77694761808981,-44.24532347840387
-39.771975316347635,-44.24429838330336
-39.767003014605464,-44.24327283646258
-39.762030712863286,-44.242246837727464
-39.757058411121115,-44.24122038694403
-39.752086109378936,-44.24019348395811
-39.747113807636765,-44.23916612861562
-39.742141505894594,-44.238138320762395
-39.737169204152416,-44.23711006024409
-39.73219690241024,-44.2360813469066
-39.727224600668066,-44.235052180595495
-39.722252298925895,-44.234022561156515
-39.71727999718372,-44.23299248843513
-39.712307695441545,-44.231961962277005
-39.70733539369937,-44.23093098252772
-39.702363091957196,-44.22989954903258
-39.697390790215024,-44.22886766163712
-39.692418488472846,-44.22783532018675
-39.687446186730675,-44.22680252452679
-39.6824738849885,-44.2257692745025
-39.677501583246325,-44.22473556995916
-39.672529281504154,-44.22370141074204
-39.667556979761976,-44.22266679669631
-39.662584678019805,-44.22163172766705
-39.657612376277626,-44.220596203499376
-39.652640074535455,-44.21956022403834
-39.647667772793284,-44.21852378912891
-39.642695471051105,-44.21748689861606
-39.63772316930893,-44.21644955234479
-39.632750867566756,-44.21541175015985
-39.627778565824585,-44.21437349190619
-39.622806264082406,-44.21333477742847
-39.617833962340235,-44.212295606571544
-39.61286166059806,-44.21125597918009
-39.607889358855886,-44.210215895098685
-39.602917057113714,-44.20917535417213
-39.597944755371536,-44.208134356244756
-39.592972453629365,-44.20709290116132
-39.58800015188719,-44.206050988766165
-39.583027850145015,-44.205008618903825
-39.578055548402844,-44.2039657914186
-39.573083246660666,-44.20292250615492
-39.568110944918494,-44.20187876295715
-39.563138643176316,-44.20083456166941
-39.558166341434145,-44.19978990213608
-39.553194039691974,-44.19874478420123
-39.548221737949795,-44.19769920770915
-39.54324943620762,-44.196653172503765
-39.538277134465446,-44.1956066784293
-39.533304832723275,-44.194559725329654
-39.528332530981096,-44.19351231304876
-39.523360229238925,-44.192464441430715
-39.51838792749675,-44.191416110319246
-39.513415625754575,-44.19036731955832
-39.508443324012404,-44.1893180689916
-39.503471022270226,-44.1882683584629
-39.498498720528055,-44.18721818781601
-39.493526418785876,-44.186167556894496
-39.488554117043705,-44.185116465542045
-39.483581815301534,-44.18406491360219
-39.478609513559356,-44.18301290091849
-39.473637211817184,-44.18196042733446
-39.468664910075006,-44.18090749269354
-39.463692608332835,-44.179854096839115
-39.45872030659066,-44.1788002396146
-39.453748004848485,-44.17774592086335
-39.44877570310631,-44.17669114042851
-39.443803401364136,-44.17563589815344
-39.438831099621964,-44.174580193881255
-39.433858797879786,-44.17352402745521
-39.428886496137615,-44.17246739871828
-39.42391419439544,-44.17141030751356
-39.418941892653265,-44.17035275368419
-39.413969590911094,-44.16929473707304
-39.408997289168916,-44.16823625752304
-39.404024987426745,-44.16717731487715
-39.399052685684566,-44.166117908978094
-39.394080383942395,-44.16505803966884
-39.389108082200224,-44.163997706791996
-39.384135780458045,-44.162936910190425
-39.379163478715874,-44.16187564970668
-39.374191176973696,-44.160813925183454
-39.369218875231525,-44.15975173646333
-39.36424657348935,-44.158689083388765
-39.359274271747175,-44.157625965802445
-39.354301970005,-44.15656238354668
-39.349329668262826,-44.1554983364639
-39.344357366520654,-44.154433824396456
-39.339385064778476,-44.15336884718685
-39.334412763036305,-44.1523034046771
-39.329440461294126,-44.15123749670965
-39.324468159551955,-44.150171123126654
-39.319495857809784,-44.14910428377018
-39.314523556067606,-44.14803697848245
-39.309551254325434,-44.14696920710545
-39.304578952583256,-44.145900969481275
-39.299606650841085,-44.144832265451825
-39.294634349098914,-44.143763094859075
-39.289662047356735,-44.14269345754496
-39.284689745614564,-44.14162335335123
-39.279717443872386,-44.14055278211979
-39.274745142130215,-44.13948174369235
-39.26977284038804,-44.138410237910676
-39.264800538645865,-44.137338264616396
-39.25982823690369,-44.13626582365117
-39.254855935161515,-44.13519291485659
-39.249883633419344,-44.13411953807413
-39.244911331677166,-44.13304569314543
-39.239939029934995,-44.131971379911825
-39.234966728192816,-44.13089659821476
-39.229994426450645,-44.12982134789565
-39.225022124708474,-44.12874562879575
-39.220049822966295,-44.12766944075643
-39.215077521224124,-44.126592783618904
-39.210105219481946,-44.12551565722431
-39.205132917739775,-44.12443806141386
-39.2001606159976,-44.1233599960287
-39.195188314255425,-44.12228146090979
-39.190216012513254,-44.12120245589821
-39.185243710771076,-44.12012298083496
-39.180271409028904,-44.11904303556095
-39.17529910728673,-44.117962619917094
-39.170326805544555,-44.116881733744194
-39.16535450380238,-44.11580037688308
-39.160382202060205,-44.11471854917456
-39.155409900318034,-44.11363625045931
-39.150437598575856,-44.112553480577965
-39.145465296833684,-44.1114702393712
-39.140492995091506,-44.110386526679626
-39.135520693349335,-44.10930234234375
-39.130548391607164,-44.10821768620404
-39.125576089864985,-44.10713255810105
-39.120603788122814,-44.106046957875094
-39.115631486380636,-44.104960885366594
-39.110659184638465,-44.10387434041585
-39.10568688289629,-44.10278732286315
-39.100714581154115,-44.10169983254878
-39.095742279411944,-44.100611869312765
-39.090769977669765,-44.09952343299548
-39.085797675927594,-44.09843452343692
-39.08082537418542,-44.09734514047718
-39.075853072443245,-44.09625528395619
-39.070880770701066,-44.09516495371404
-39.065908468958895,-44.09407414959056
-39.060936167216724,-44.09298287142572
-39.055963865474546,-44.091891119059355
-39.050991563732374,-44.090798892331186
-39.046019261990196,-44.08970619108109
-39.041046960248025,-44.088613015148624
-39.036074658505854,-44.08751936437365
-39.031102356763675,-44.08642523859557
-39.026130055021504,-44.08533063765419
-39.021157753279326,-44.0842355613889
-39.016185451537154,-44.083140009639195
-39.01121314979498,-44.08204398224463
-39.006240848052805,-44.08094747904448
-39.001268546310634,-44.07985049987825
-38.996296244568455,-44.07875304458506
-38.991323942826284,-44.07765511300437
-38.98635164108411,-44.07655670497537
-38.981379339341935,-44.07545782033715
-38.976407037599756,-44.074358458929005
-38.971434735857585,-44.07325862058986
-38.966462434115414,-44.072158305158936
-38.961490132373235,-44.0710575124751
-38.956517830631064,-44.06995624237739
-38.951545528888886,-44.06885449470475
-38.946573227146715,-44.067752269296
-38.94160092540454,-44.06664956599005
-38.936628623662365,-44.065546384625584
-38.931656321920194,-44.064442725041445
-38.926684020178016,-44.06333858707633
-38.921711718435844,-44.06223397056881
-38.91673941669367,-44.0611288753576
-38.911767114951495,-44.06002330128123
-38.90679481320932,-44.058917248178254
-38.901822511467145,-44.05781071588709
-38.896850209724974,-44.056703704246196
-38.8918779079828,-44.05559621309407
-38.886905606240624,-44.05448824226887
-38.881933304498446,-44.0533797916091
-38.876961002756275,-44.05227086095289
-38.871988701014104,-44.05116145013852
-38.867016399271925,-44.050051559004196
-38.862044097529754,-44.04894118738795
-38.857071795787576,-44.04783033512798
-38.852099494045405,-44.04671900206217
-38.84712719230323,-44.04560718802872
-38.842154890561055,-44.04449489286541
-38.837182588818884,-44.043382116410285
-38.832210287076705,-44.04226885850109
-38.827237985334534,-44.04115511897573
-38.82226568359236,-44.04004089767204
-38.817293381850185,-44.0389261944276
-38.81232108010801,-44.0378110090802
-38.807348778365835,-44.03669534146748
-38.802376476623664,-44.03557919142702
-38.79740417488149,-44.034462558796335
-38.792431873139314,-44.033345443413054
-38.787459571397136,-44.032227845114534
-38.782487269654965,-44.03110976373824
-38.77751496791279,-44.02999119912159
-38.772542666170615,-44.0288721511019
-38.767570364428444,-44.02775261951642
-38.762598062686266,-44.02663260420243
-38.757625760944094,-44.02551210499717
-38.75265345920192,-44.02439112173774
-38.747681157459745,-44.02326965426126
-38.742708855717574,-44.022147702404894
-38.737736553975395,-44.02102526600551
-38.732764252233224,-44.01990234490024
-38.72779195049105,-44.018778938925976
-38.722819648748874,-44.01765504791957
-38.7178473470067,-44.01653067171789
-38.712875045264525,-44.0154058101578
-38.707902743522354,-44.014280463076005
-38.70293044178018,-44.013154630309195
-38.697958140038004,-44.0120283116941
-38.692985838295826,-44.010901507067395
-38.688013536553655,-44.009774216265484
-38.68304123481148,-44.00864643912519
-38.678068933069305,-44.007518175482716
-38.673096631327134,-44.0063894251747
-38.668124329584955,-44.005260188037504
-38.663152027842784,-44.00413046390743
-38.65817972610061,-44.003000252620865
-38.653207424358435,-44.0018695540141
-38.64823512261626,-44.000738367923354
-38.643262820874085,-43.99960669418475
-38.638290519131914,-43.99847453263451
-38.63331821738974,-43.99734188310863
-38.628345915647564,-43.99620874544328
-38.62337361390539,-43.9950751194744
-38.618401312163215,-43.993941005037925
-38.613429010421044,-43.99280640196995
-38.60845670867887,-43.99167131010613
-38.603484406936694,-43.990535729282385
-38.598512105194516,-43.98939965933453
-38.593539803452344,-43.98826310009827
-38.58856750171017,-43.987126051409305
-38.583595199967995,-43.98598851310333
-38.578622898225824,-43.984850485015926
-38.573650596483645,-43.98371196698265
-38.568678294741474,-43.982572958838986
-38.5637059929993,-43.981433460420455
-38.558733691257125,-43.98029347156253
-38.55376138951495,-43.97915299210053
-38.548789087772775,-43.978012021869816
-38.543816786030604,-43.97687056070569
-38.53884448428843,-43.97572860844339
-38.533872182546254,-43.9745861649181
-38.52889988080408,-43.973443229965106
-38.523927579061905,-43.97229980341944
-38.51895527731973,-43.97115588511616
-38.51398297557756,-43.9700114748903
-38.509010673835384,-43.968866572576914
-38.504038372093206,-43.967721178010855
-38.499066070351034,-43.96657529102704
-38.49409376860886,-43.96542891146035
-38.489121466866685,-43.96428203914561
-38.484149165124514,-43.96313467391755
-38.479176863382335,-43.96198681561092
-38.474204561640164,-43.96083846406034
-38.46923225989799,-43.959689619100494
-38.464259958155814,-43.958540280565906
-38.45928765641364,-43.95739044829124
-38.454315354671465,-43.95624012211083
-38.449343052929294,-43.955089301859225
-38.44437075118712,-43.95393798737081
-38.439398449444944,-43.952786178479954
-38.43442614770277,-43.951633875020974
-38.429453845960595,-43.95048107682812
-38.42448154421842,-43.94932778373565
-38.41950924247625,-43.948173995577704
-38.414536940734074,-43.947019712188506
-38.409564638991895,-43.94586493340207
-38.404592337249724,-43.94470965905247
-38.39962003550755,-43.94355388897374
-38.394647733765375,-43.942397622999785
-38.3896754320232,-43.94124086096456
-38.384703130281025,-43.94008360270195
-38.379730828538854,-43.938925848045734
-38.37475852679668,-43.93776759682969
-38.369786225054504,-43.936608848887595
-38.36481392331233,-43.93544960405314
-38.359841621570155,-43.934289862159915
-38.35486931982798,-43.93312962304164
-38.34989701808581,-43.93196888653171
-38.344924716343634,-43.930807652463855
-38.33995241460146,-43.92964592067128
-38.334980112859284,-43.92848369098763
-38.33000781111711,-43.92732096324618
-38.32503550937494,-43.92615773728024
-38.320063207632764,-43.924994012923186
-38.315090905890585,-43.92382979000818
-38.310118604148414,-43.922665068368474
-38.30514630240624,-43.92149984783722
-38.300174000664065,-43.92033412824748
-38.29520169892189,-43.91916790943241
-38.290229397179715,-43.9180011912249
-38.285257095437544,-43.91683397345807
-38.28028479369537,-43.91566625596475
-38.275312491953194,-43.91449803857782
-38.27034019021102,-43.91332932113021
-38.265367888468845,-43.9121601034546
-38.26039558672667,-43.91099038538389
-38.2554232849845,-43.90982016675062
-38.250450983242324,-43.90864944738759
-38.24547868150015,-43.9074782271273
-38.240506379757974,-43.90630650580241
-38.2355340780158,-43.90513428324544
-38.23056177627363,-43.90396155928882
-38.22558947453145,-43.90278833376503
-38.220617172789275,-43.90161460650642
-38.215644871047104,-43.900440377345404
-38.21067256930493,-43.8992656461142
-38.205700267562754,-43.898090412645075
-38.20072796582058,-43.896914676770336
-38.195755664078405,-43.8957384383221
-38.190783362336234,-43.89456169713247
-38.18581106059406,-43.89338445303347
-38.180838758851884,-43.89220670585724
-38.17586645710971,-43.89102845543574
-38.170894155367534,-43.889849701600866
-38.16592185362536,-43.88867044418453
-38.16094955188319,-43.887490683018605
-38.155977250141014,-43.8863104179349
-38.15100494839884,-43.88512964876519
-38.146032646656664,-43.883948375341134
-38.14106034491449,-43.88276659749449
-38.13608804317232,-43.881584315056806
-38.13111574143014,-43.880401527859675
-38.126143439687965,-43.879218235734655
-38.121171137945794,-43.87803443851324
-38.11619883620362,-43.87685013602687
-38.111226534461444,-43.87566532810694
-38.10625423271927,-43.87448001458484
-38.101281930977095,-43.87329419529183
-38.09630962923492,-43.872107870059274
-38.09133732749275,-43.87092103871822
-38.086365025750574,-43.86973370110004
-38.0813927240084,-43.868545857035734
-38.076420422266224,-43.86735750635644
-38.07144812052405,-43.86616864889321
-38.06647581878188,-43.86497928447696
-38.061503517039704,-43.863789412938736
-38.05653121529753,-43.86259903410939
-38.051558913555354,-43.86140814781977
-38.04658661181318,-43.860216753900794
-38.04161431007101,-43.859024852183154
-38.03664200832883,-43.85783244249756
-38.031669706586655,-43.85663952467467
-38.026697404844484,-43.85544609854519
-38.02172510310231,-43.85425216393967
-38.016752801360134,-43.853057720688724
-38.01178049961796,-43.851862768622745
-38.006808197875785,-43.85066730757222
-38.00183589613361,-43.84947133736759
-37.99686359439144,-43.84827485783918
-37.991891292649264,-43.84707786881736
-37.98691899090709,-43.8458803701324
-37.981946689164914,-43.8446823616144
-37.97697438742274,-43.84348384309373
-37.97200208568057,-43.84228481440038
-37.96702978393839,-43.841085275364534
-37.96205748219622,-43.83988522581622
-37.957085180454044,-43.83868466558535
-37.95211287871187,-43.837483594502025
-37.9471405769697,-43.83628201239608
-37.94216827522752,-43.835079919097375
-37.937195973485345,-43.83387731443573
-37.932223671743174,-43.83267419824096
-37.927251370001,-43.83147057034274
-37.922279068258824,-43.83026643057075
-37.91730676651665,-43.82906177875475
-37.912334464774474,-43.827856614724205
-37.9073621630323,-43.82665093830871
-37.90238986129013,-43.82544474933772
-37.897417559547954,-43.82423804764073
-37.89244525780578,-43.82303083304718
-37.887472956063604,-43.82182310538646
-37.88250065432143,-43.820614864487766
-37.87752835257926,-43.819406110180516
-37.87255605083708,-43.81819684229383
-37.86758374909491,-43.81698706065695
-37.862611447352734,-43.81577676509901
-37.85763914561056,-43.8145659554491
-37.85266684386839,-43.81335463153631
-37.84769454212621,-43.81214279318954
-37.842722240384035,-43.81093044023782
-37.83774993864186,-43.80971757251007
-37.83277763689969,-43.80850418983517
-37.827805335157514,-43.807290292041856
-37.82283303341534,-43.80607587895902
-37.817860731673164,-43.8048609504153
-37.81288842993099,-43.80364550623943
-37.80791612818882,-43.80242954626004
-37.80294382644664,-43.8012130703057
-37.79797152470447,-43.79999607820497
-37.792999222962294,-43.79877856978639
-37.78802692122012,-43.79756054487845
-37.78305461947795,-43.7963420033094
-37.77808231773577,-43.79512294490779
-37.7731100159936,-43.79390336950184
-37.768137714251424,-43.79268327691981
-37.76316541250925,-43.79146266699003
-37.75819311076708,-43.79024153954061
-37.7532208090249,-43.78901989439969
-37.748248507282725,-43.787797731395386
-37.74327620554055,-43.78657505035572
-37.73830390379838,-43.785351851108764
-37.733331602056204,-43.78412813348237
-37.72835930031403,-43.782903897304536
-37.723386998571854,-43.78167914240315
-37.71841469682968,-43.780453868605875
-37.71344239508751,-43.77922807574065
-37.70847009334533,-43.77800176363509
-37.70349779160316,-43.776774932117036
-37.698525489860984,-43.77554758101393
-37.69355318811881,-43.77431971015351
-37.68858088637664,-43.77309131936325
-37.68360858463446,-43.77186240847069
-37.67863628289229,-43.77063297730322
-37.67366398115011,-43.76940302568832
-37.66869167940794,-43.76817255345337
-37.66371937766577,-43.76694156042561
-37.65874707592359,-43.76571004643237
-37.653774774181414,-43.764478011300845
-37.64880247243924,-43.763245454858215
-37.64383017069707,-43.76201237693166
-37.638857868954894,-43.76077877734823
-37.63388556721272,-43.759544655935024
-37.628913265470544,-43.758310012518905
-37.62394096372837,-43.757074846927
-37.6189686619862,-43.75583915898606
-37.61399636024402,-43.754602948523086
-37.60902405850185,-43.75336621536483
-37.604051756759674,-43.75212895933801
-37.5990794550175,-43.75089118026945
-37.59410715327533,-43.749652877985774
-37.58913485153315,-43.74841405231359
-37.58416254979098,-43.74717470307959
-37.5791902480488,-43.74593483011013
-37.57421794630663,-43.7446944332319
-37.56924564456446,-43.74345351227122
-37.56427334282228,-43.742212067054595
-37.559301041080104,-43.740970097408265
-37.55432873933793,-43.739727603158606
-37.54935643759576,-43.73848458413196
-37.54438413585358,-43.73724104015439
-37.53941183411141,-43.735996971052174
-37.534439532369234,-43.734752376651414
-37.52946723062706,-43.733507256778225
-37.52449492888489,-43.73226161125861
-37.51952262714271,-43.73101543991852
-37.51455032540054,-43.729768742583985
-37.509578023658364,-43.72852151908085
-37.50460572191619,-43.727273769235026
-37.49963342017402,-43.72602549287225
-37.49466111843184,-43.72477668981827
-37.48968881668967,-43.723527359898945
-37.48471651494749,-43.72227750293976
-37.47974421320532,-43.72102711876651
-37.47477191146315,-43.7197762072046
-37.46979960972097,-43.71852476807976
-37.464827307978794,-43.71727280121725
-37.45985500623662,-43.716020306442694
-37.45488270449445,-43.71476728358141
-37.44991040275227,-43.71351373245877
-37.4449381010101,-43.71225965290006
-37.439965799267924,-43.711005044730484
-37.43499349752575,-43.7097499077754
-37.43002119578358,-43.70849424185985
-37.4250488940414,-43.707238046808975
-37.42007659229923,-43.70598132244789
-37.41510429055705,-43.704724068601564
-37.41013198881488,-43.70346628509502
-37.40515968707271,-43.70220797175316
-37.40018738533053,-43.70094912840085
-37.39521508358836,-43.69968975486303
-37.39024278184618,-43.69842985096445
-37.38527048010401,-43.697169416529846
-37.38029817836184,-43.69590845138389
-37.37532587661966,-43.69464695535131
-37.370353574877484,-43.69338492825668
-37.36538127313531,-43.692122369924554
-37.36040897139314,-43.69085928017953
-37.35543666965096,-43.689595658846
-37.35046436790879,-43.68833150574841
-37.345492066166614,-43.68706682071118
-37.34051976442444,-43.68580160355853
-37.33554746268227,-43.684535854114934
-37.33057516094009,-43.683269572204466
-37.32560285919792,-43.682002757651446
-37.32063055745574,-43.68073541027997
-37.31565825571357,-43.67946752991414
-37.3106859539714,-43.67819911637802
-37.30571365222922,-43.676930169495634
-37.30074135048705,-43.67566068909095
-37.29576904874487,-43.67439067498786
-37.2907967470027,-43.67312012701029
-37.28582444526053,-43.671849044982025
-37.28085214351835,-43.67057742872685
-37.275879841776174,-43.66930527806858
-37.270907540034,-43.66803259283078
-37.26593523829183,-43.66675937283717
-37.26096293654965,-43.66548561791134
-37.25599063480748,-43.66421132787686
-37.2510183330653,-43.66293650255715
-37.24604603132313,-43.661661141775795
-37.24107372958096,-43.66038524535613
-37.23610142783878,-43.65910881312151
-37.23112912609661,-43.65783184489531
-37.22615682435443,-43.656554340500726
-37.22118452261226,-43.65527629976104
-37.21621222087009,-43.65399772249951
-37.21123991912791,-43.652718608539104
-37.20626761738574,-43.65143895770304
-37.20129531564356,-43.650158769814325
-37.19632301390139,-43.648878044695955
-37.19135071215922,-43.64759678217085
-37.18637841041704,-43.64631498206196
-37.181406108674864,-43.64503264419211
-37.17643380693269,-43.64374976838411
-37.17146150519052,-43.64246635446084
-37.16648920344834,-43.64118240224481
-37.16151690170617,-43.63989791155881
-37.15654459996399,-43.63861288222554
-37.15157229822182,-43.63732731406745
-37.14659999647965,-43.63604120690711
-37.14162769473747,-43.63475456056703
-37.1366553929953,-43.63346737486966
-37.13168309125312,-43.63217964963738
-37.12671078951095,-43.63089138469247
-37.12173848776878,-43.62960257985735
-37.1167661860266,-43.62831323495423
-37.11179388428443,-43.62702334980533
-37.10682158254225,-43.62573292423274
-37.10184928080008,-43.62444195805869
-37.09687697905791,-43.62315045110514
-37.09190467731573,-43.621858403194224
-37.086932375573554,-43.62056581414778
-37.08196007383138,-43.61927268378791
-37.07698777208921,-43.617979011936356
-37.07201547034703,-43.61668479841501
-37.06704316860486,-43.61539004304566
-37.06207086686268,-43.6140947456501
-37.05709856512051,-43.61279890604995
-37.05212626337834,-43.611502524066886
-37.04715396163616,-43.61020559952254
-37.04218165989399,-43.60890813223839
-37.03720935815181,-43.6076101220361
-37.03223705640964,-43.606311568737006
-37.02726475466747,-43.60501247216257
-37.02229245292529,-43.603712832134164
-37.01732015118312,-43.60241264847314
-37.01234784944094,-43.601111921000715
-37.00737554769877,-43.59981064953815
-37.0024032459566,-43.59850883390673
-36.99743094421442,-43.597206473927415
-36.99245864247224,-43.59590356942148
-36.98748634073007,-43.594600120209805
-36.9825140389879,-43.59329612611352
-36.97754173724572,-43.59199158695354
-36.97256943550355,-43.5906865025507
-36.96759713376137,-43.58938087272604
-36.9626248320192,-43.588074697300144
-36.95765253027703,-43.58676797609397
-36.95268022853485,-43.585460708928196
-36.94770792679268,-43.58415289562337
-36.9427356250505,-43.582844536000295
-36.93776332330833,-43.58153562987943
-36.93279102156616,-43.58022617708142
-36.92781871982398,-43.578916177426635
-36.92284641808181,-43.577605630735576
-36.91787411633963,-43.57629453682866
-36.91290181459746,-43.57498289552623
-36.90792951285529,-43.57367070664853
-36.90295721111311,-43.57235797001586
-36.89798490937093,-43.57104468544845
-36.89301260762876,-43.56973085276642
-36.88804030588659,-43.56841647178988
-36.88306800414441,-43.56710154233895
-36.87809570240224,-43.56578606423362
-36.87312340066006,-43.56447003729388
-36.86815109891789,-43.56315346133963
-36.86317879717572,-43.56183633619078
-36.85820649543354,-43.56051866166713
-36.85323419369137,-43.55920043758848
-36.84826189194919,-43.55788166377464
-36.84328959020702,-43.55656234004517
-36.83831728846485,-43.555242466219866
-36.83334498672267,-43.55392204211829
-36.8283726849805,-43.55260106755987
-36.82340038323832,-43.55127954236432
-36.81842808149615,-43.549957466350904
-36.81345577975398,-43.548634839339186
-36.8084834780118,-43.547311661148456
-36.80351117626962,-43.54598793159806
-36.79853887452745,-43.54466365050728
-36.79356657278528,-43.543338817695286
-36.7885942710431,-43.54201343298137
-36.78362196930093,-43.54068749618458
-36.77864966755875,-43.539361007123965
-36.77367736581658,-43.53803396561868
-36.76870506407441,-43.53670637148764
-36.76373276233223,-43.53537822454983
-36.75876046059006,-43.53404952462412
-36.75378815884788,-43.532720271529385
-36.74881585710571,-43.53139046508441
-36.74384355536354,-43.53006010510797
-36.73887125362136,-43.528729191418826
-36.73389895187919,-43.527397723835534
-36.72892665013701,-43.5260657021768
-36.72395434839484,-43.52473312626116
-36.71898204665267,-43.52339999590711
-36.71400974491049,-43.52206631093322
-36.70903744316831,-43.520732071157845
-36.70406514142614,-43.51939727639938
-36.69909283968397,-43.518061926476186
-36.69412053794179,-43.51672602120653
-36.68914823619962,-43.5153895604087
-36.68417593445744,-43.5140525439008
-36.67920363271527,-43.512714971501104
-36.6742313309731,-43.51137684302761
-36.66925902923092,-43.51003815829844
-36.66428672748875,-43.50869891713155
-36.65931442574657,-43.50735911934494
-36.6543421240044,-43.5060187647565
-36.64936982226223,-43.504677853184106
-36.64439752052005,-43.503336384445674
-36.63942521877788,-43.50199435835881
-36.6344529170357,-43.50065177474126
-36.62948061529353,-43.49930863341087
-36.62450831355136,-43.49796493418515
-36.61953601180918,-43.49662067688167
-36.614563710067,-43.49527586131803
-36.60959140832483,-43.493930487311665
-36.60461910658266,-43.492584554680086
-36.59964680484048,-43.49123806324063
-36.59467450309831,-43.489891012810695
-36.58970220135613,-43.48854340320754
-36.58472989961396,-43.48719523424848
-36.57975759787179,-43.48584650575063
-36.57478529612961,-43.484497217531256
-36.56981299438744,-43.48314736940744
-36.56484069264526,-43.48179696119617
-36.55986839090309,-43.48044599271462
-36.55489608916092,-43.479094463779674
-36.54992378741874,-43.47774237420822
-36.54495148567657,-43.47638972381726
-36.53997918393439,-43.475036512423515
-36.53500688219222,-43.47368273984379
-36.53003458045005,-43.472328405894885
-36.52506227870787,-43.470973510393414
-36.52008997696569,-43.469618053156104
-36.51511767522352,-43.468262033999466
-36.51014537348135,-43.466905452740114
-36.50517307173917,-43.46554830919447
-36.500200769997,-43.464190603179176
-36.49522846825482,-43.46283233451038
-36.49025616651265,-43.461473503004655
-36.48528386477048,-43.46011410847825
-36.4803115630283,-43.45875415074736
-36.47533926128613,-43.45739362962835
-36.47036695954395,-43.456032544937266
-36.46539465780178,-43.45467089649029
-36.46042235605961,-43.453308684103455
-36.45545005431743,-43.45194590759281
-36.45047775257526,-43.45058256677443
-36.44550545083308,-43.44921866146411
-36.44053314909091,-43.44785419147789
-36.43556084734874,-43.446489156631465
-36.43058854560656,-43.445123556740675
-36.42561624386438,-43.44375739162136
-36.42064394212221,-43.442390661089085
-36.41567164038004,-43.44102336495961
-36.41069933863786,-43.43965550304854
-36.40572703689569,-43.438287075171274
-36.40075473515351,-43.43691808114355
-36.39578243341134,-43.4355485207807
-36.39081013166917,-43.434178393898165
-36.38583782992699,-43.43280770031133
-36.38086552818482,-43.43143643983547
-36.37589322644264,-43.430064612285925
-36.37092092470047,-43.428692217477874
-36.3659486229583,-43.42731925522656
-36.36097632121612,-43.42594572534699
-36.35600401947395,-43.424571627654394
-36.35103171773177,-43.42319696196374
-36.3460594159896,-43.42182172809002
-36.34108711424743,-43.42044592584825
-36.33611481250525,-43.41906955505315
-36.33114251076307,-43.41769261551977
-36.3261702090209,-43.41631510706281
-36.32119790727873,-43.41493702949702
-36.31622560553655,-43.41355838263717
-36.31125330379438,-43.41217916629782
-36.3062810020522,-43.4107993802937
-36.30130870031003,-43.40941902443927
-36.29633639856786,-43.40803809854912
-36.29136409682568,-43.40665660243768
-36.28639179508351,-43.40527453591939
-36.28141949334133,-43.40389189880865
-36.27644719159916,-43.4025086909197
-36.27147488985699,-43.40112491206695
-36.26650258811481,-43.3997405620645
-36.26153028637264,-43.39835564072662
-36.25655798463046,-43.3969701478674
-36.25158568288829,-43.395584083300996
-36.24661338114612,-43.394197446841424
-36.24164107940394,-43.39281023830259
-36.23666877766176,-43.39142245749861
-36.23169647591959,-43.39003410424327
-36.22672417417742,-43.388645178350416
-36.22175187243524,-43.387255679633924
-36.21677957069307,-43.38586560790752
-36.21180726895089,-43.38447496298489
-36.20683496720872,-43.38308374467971
-36.20186266546655,-43.38169195280559
-36.19689036372437,-43.380299587176125
-36.1919180619822,-43.37890664760487
-36.18694576024002,-43.37751313390521
-36.18197345849785,-43.376119045890604
-36.17700115675568,-43.37472438337445
-36.1720288550135,-43.37332914617008
-36.16705655327133,-43.3719333340907
-36.16208425152915,-43.37053694694967
-36.15711194978698,-43.3691399845601
-36.15213964804481,-43.36774244673511
-36.14716734630263,-43.36634433328787
-36.14219504456045,-43.36494564403142
-36.13722274281828,-43.36354637877866
-36.13225044107611,-43.362146537342596
-36.12727813933393,-43.36074611953615
-36.12230583759176,-43.35934512517218
-36.11733353584958,-43.35794355406347
-36.11236123410741,-43.35654140602276
-36.10738893236524,-43.35513868086281
-36.10241663062306,-43.35373537839629
-36.09744432888089,-43.35233149843573
-36.09247202713871,-43.35092704079379
-36.08749972539654,-43.34952200528294
-36.08252742365437,-43.34811639171567
-36.07755512191219,-43.346710199904436
-36.07258282017002,-43.34530342966155
-36.06761051842784,-43.343896080799375
-36.06263821668567,-43.342488153130226
-36.0576659149435,-43.34107964646631
-36.05269361320132,-43.3396705606198
-36.04772131145914,-43.338260895402854
-36.04274900971697,-43.336850650627554
-36.0377767079748,-43.335439826105954
-36.03280440623262,-43.33402842165003
-36.02783210449045,-43.3326164370718
-36.02285980274827,-43.33120387218307
-36.0178875010061,-43.32979072679578
-36.01291519926393,-43.328377000721616
-36.00794289752175,-43.32696269377244
-36.00297059577958,-43.325547805759975
-35.9979982940374,-43.32413233649578
-35.99302599229523,-43.3227162857916
-35.98805369055306,-43.32129965345893
-35.98308138881088,-43.31988243930923
-35.97810908706871,-43.31846464315406
-35.97313678532653,-43.31704626480484
-35.96816448358436,-43.31562730407288
-35.96319218184219,-43.31420776076959
-35.95821988010001,-43.31278763470621
-35.95324757835783,-43.31136692569395
-35.94827527661566,-43.30994563354402
-35.94330297487349,-43.30852375806759
-35.93833067313131,-43.307101299075676
-35.93335837138914,-43.30567825637936
-35.92838606964696,-43.30425462978966
-35.92341376790479,-43.30283041911739
-35.91844146616262,-43.30140562417371
-35.91346916442044,-43.299980244769166
-35.90849686267827,-43.29855428071481
-35.90352456093609,-43.29712773182117
-35.89855225919392,-43.29570059789914
-35.89357995745175,-43.29427287875931
-35.88860765570957,-43.29284457421229
-35.8836353539674,-43.291415684068596
-35.87866305222522,-43.289986208138835
-35.87369075048305,-43.28855614623337
-35.86871844874088,-43.28712549816272
-35.8637461469987,-43.28569426373719
-35.85877384525652,-43.28426244276713
-35.85380154351435,-43.282830035062794
-35.84882924177218,-43.28139704043448
-35.84385694003,-43.27996345869216
-35.83888463828783,-43.278529289646244
-35.83391233654565,-43.27709453310661
-35.82894003480348,-43.275659188883395
-35.82396773306131,-43.274223256786584
-35.81899543131913,-43.272786736626
-35.81402312957696,-43.271349628211695
-35.80905082783478,-43.269911931353406
-35.80407852609261,-43.26847364586096
-35.79910622435044,-43.26703477154413
-35.79413392260826,-43.26559530821255
-35.78916162086609,-43.26415525567595
-35.78418931912391,-43.262714613743874
-35.77921701738174,-43.261273382225895
-35.77424471563957,-43.25983156093156
-35.76927241389739,-43.258389149670215
-35.76430011215521,-43.256946148251366
-35.75932781041304,-43.255502556484366
-35.75435550867087,-43.2540583741785
-35.74938320692869,-43.25261360114303
-35.74441090518652,-43.25116823718726
-35.73943860344434,-43.24972228212024
-35.73446630170217,-43.24827573575117
-35.72949399996,-43.24682859788908
-35.72452169821782,-43.245380868343034
-35.71954939647565,-43.243932546922004
-35.71457709473347,-43.242483633434915
-35.7096047929913,-43.24103412769059
-35.70463249124913,-43.239584029497976
-35.69966018950695,-43.23813333866578
-35.69468788776478,-43.23668205500273
-35.6897155860226,-43.23523017831758
-35.68474328428043,-43.23377770841891
-35.67977098253826,-43.23232464511538
-35.67479868079608,-43.230870988215464
-35.6698263790539,-43.229416737527686
-35.66485407731173,-43.22796189286048
-35.65988177556956,-43.226506454022235
-35.65490947382738,-43.22505042082139
-35.64993717208521,-43.2235937930662
-35.64496487034303,-43.222136570564864
-35.63999256860086,-43.22067875312565
-35.63502026685869,-43.2192203405567
-35.63004796511651,-43.21776133266616
-35.62507566337434,-43.216301729262035
-35.62010336163216,-43.214841530152306
-35.61513105988999,-43.21338073514509
-35.61015875814782,-43.21191934404819
-35.60518645640564,-43.2104573566695
-35.60021415466347,-43.20899477281682
-35.59524185292129,-43.20753159229799
-35.59026955117912,-43.20606781492068
-35.58529724943695,-43.204603440492555
-35.58032494769477,-43.2031384688213
-35.57535264595259,-43.201672899714374
-35.57038034421042,-43.20020673297951
-35.56540804246825,-43.19873996842404
-35.56043574072607,-43.197272605855446
-35.5554634389839,-43.195804645081125
-35.55049113724172,-43.19433608590837
-35.54551883549955,-43.192866928144525
-35.54054653375738,-43.19139717159681
-35.5355742320152,-43.18992681607242
-35.53060193027303,-43.18845586137851
-35.52562962853085,-43.18698430732216
-35.52065732678868,-43.18551215371042
-35.51568502504651,-43.18403940035032
-35.51071272330433,-43.18256604704877
-35.50574042156216,-43.18109209361274
-35.50076811981998,-43.17961753984899
-35.49579581807781,-43.17814238556443
-35.49082351633564,-43.17666663056577
-35.48585121459346,-43.17519027465966
-35.48087891285128,-43.1737133176529
-35.47590661110911,-43.17223575935191
-35.47093430936694,-43.170757599563515
-35.46596200762476,-43.16927883809404
-35.46098970588259,-43.16779947474994
-35.45601740414041,-43.166319509337804
-35.45104510239824,-43.16483894166384
-35.44607280065607,-43.16335777153444
-35.44110049891389,-43.16187599875587
-35.43612819717172,-43.160393623134375
-35.43115589542954,-43.1589106444761
-35.42618359368737,-43.157427062587196
-35.4212112919452,-43.155942877273716
-35.41623899020302,-43.154458088341755
-35.41126668846085,-43.15297269559728
-35.40629438671867,-43.151486698846185
-35.4013220849765,-43.15000009789434
-35.39634978323433,-43.148512892547686
-35.39137748149215,-43.14702508261191
-35.38640517974997,-43.1455366678928
-35.3814328780078,-43.14404764819606
-35.37646057626563,-43.142558023327304
-35.37148827452345,-43.141067793092205
-35.36651597278128,-43.139576957296214
-35.3615436710391,-43.13808551574482
-35.35657136929693,-43.136593468243575
-35.35159906755476,-43.135100814597806
-35.34662676581258,-43.133607554612944
-35.34165446407041,-43.13211368809418
-35.33668216232823,-43.13061921484686
-35.33170986058606,-43.12912413467616
-35.32673755884389,-43.12762844738723
-35.32176525710171,-43.12613215278526
-35.31679295535954,-43.12463525067523
-35.31182065361736,-43.12313774086215
-35.30684835187519,-43.12163962315101
-35.30187605013302,-43.12014089734672
-35.29690374839084,-43.1186415632542
-35.29193144664866,-43.117141620678176
-35.28695914490649,-43.115641069423496
-35.28198684316432,-43.11413990929486
-35.27701454142214,-43.112638140096905
-35.27204223967997,-43.111135761634344
-35.26706993793779,-43.109632773711645
-35.26209763619562,-43.108129176133474
-35.25712533445345,-43.106624968704146
-35.25215303271127,-43.10512015122817
-35.2471807309691,-43.10361472351001
-35.24220842922692,-43.10210868535385
-35.23723612748475,-43.1006020365641
-35.23226382574258,-43.0990947769449
-35.2272915240004,-43.09758690630053
-35.22231922225823,-43.09607842443504
-35.21734692051605,-43.094569331152584
-35.21237461877388,-43.09305962625718
-35.20740231703171,-43.09154930955281
-35.20243001528953,-43.090038380843474
-35.19745771354735,-43.088526839932946
-35.19248541180518,-43.087014686625196
-35.18751311006301,-43.085501920724006
-35.18254080832083,-43.08398854203301
-35.17756850657866,-43.0824745503561
-35.17259620483648,-43.08095994549678
-35.16762390309431,-43.0794447272587
-35.16265160135214,-43.0779288954454
-35.15767929960996,-43.076412449860385
-35.15270699786779,-43.074895390307155
-35.14773469612561,-43.07337771658907
-35.14276239438344,-43.07185942850952
-35.13779009264127,-43.070340525871806
-35.13281779089909,-43.068821008479205
-35.12784548915692,-43.06730087613487
-35.12287318741474,-43.06578012864203
-35.11790088567257,-43.064258765803785
-35.1129285839304,-43.06273678742319
-35.10795628218822,-43.061214193303265
-35.10298398044604,-43.05969098324698
-35.09801167870387,-43.05816715705726
-35.0930393769617,-43.05664271453701
-35.08806707521952,-43.05511765548903
-35.08309477347735,-43.053591979716
-35.07812247173517,-43.05206568702079
-35.073150169993,-43.05053877720601
-35.06817786825083,-43.04901125007426
-35.06320556650865,-43.04748310542819
-35.05823326476648,-43.04595434307023
-35.0532609630243,-43.044424962803035
-35.04828866128213,-43.04289496442883
-35.04331635953996,-43.04136434775012
-35.03834405779778,-43.0398331125692
-35.03337175605561,-43.03830125868834
-35.02839945431343,-43.036768785909864
-35.02342715257126,-43.03523569403586
-35.01845485082909,-43.03370198286849
-35.01348254908691,-43.032167652209914
-35.00851024734473,-43.03063270186205
-35.00353794560256,-43.029097131627
-34.99856564386039,-43.02756094130669
-34.99359334211821,-43.02602413070295
-34.98862104037604,-43.02448669961766
-34.98364873863386,-43.0229486478526
-34.97867643689169,-43.02140997520961
-34.97370413514952,-43.01987068149024
-34.96873183340734,-43.018330766496284
-34.96375953166517,-43.01679023002921
-34.95878722992299,-43.01524907189067
-34.95381492818082,-43.013707291882135
-34.94884262643865,-43.01216488980503
-34.94387032469647,-43.0106218654608
-34.9388980229543,-43.00907821865078
-34.93392572121212,-43.00753394917626
-34.92895341946995,-43.00598905683856
-34.92398111772778,-43.004443541438825
-34.9190088159856,-43.00289740277823
-34.91403651424342,-43.00135064065788
-34.90906421250125,-42.999803254878856
-34.90409191075908,-42.998255245242156
-34.8991196090169,-42.996706611548746
-34.89414730727473,-42.99515735359962
-34.88917500553255,-42.99360747119548
-34.88420270379038,-42.992056964137234
-34.87923040204821,-42.99050583222568
-34.87425810030603,-42.98895407526149
-34.86928579856386,-42.98740169304533
-34.86431349682168,-42.985848685377825
-34.85934119507951,-42.98429505205957
-34.85436889333734,-42.98274079289109
-34.84939659159516,-42.98118590767281
-34.84442428985299,-42.97963039620524
-34.83945198811081,-42.97807425828865
-34.83447968636864,-42.97651749372337
-34.82950738462647,-42.97496010230981
-34.82453508288429,-42.97340208384806
-34.81956278114211,-42.971843438138336
-34.81459047939994,-42.97028416498081
-34.80961817765777,-42.96872426417547
-34.80464587591559,-42.967163735522455
-34.79967357417342,-42.965602578821695
-34.79470127243124,-42.9640407938731
-34.78972897068907,-42.96247838047658
-34.7847566689469,-42.96091533843199
-34.77978436720472,-42.959351667539096
-34.77481206546255,-42.95778736759759
-34.76983976372037,-42.95622243840723
-34.7648674619782,-42.95465687976757
-34.75989516023603,-42.95309069147828
-34.75492285849385,-42.95152387333887
-34.74995055675168,-42.949956425148855
-34.7449782550095,-42.94838834670763
-34.74000595326733,-42.94681963781457
-34.73503365152516,-42.945250298269045
-34.73006134978298,-42.94368032787042
-34.7250890480408,-42.94210972641786
-34.72011674629863,-42.94053849371052
-34.71514444455646,-42.938966629547664
-34.71017214281428,-42.93739413372828
-34.70519984107211,-42.93582100605147
-34.70022753932993,-42.93424724631619
-34.69525523758776,-42.93267285432145
-34.69028293584559,-42.93109782986614
-34.68531063410341,-42.92952217274905
-34.68033833236124,-42.927945882769
-34.67536603061906,-42.92636895972477
-34.67039372887689,-42.92479140341506
-34.66542142713472,-42.92321321363852
-34.66044912539254,-42.92163439019372
-34.65547682365037,-42.92005493287925
-34.65050452190819,-42.91847484149363
-34.64553222016602,-42.91689411583526
-34.64055991842385,-42.91531275570254
-34.63558761668167,-42.91373076089389
-34.6306153149395,-42.912148131207616
-34.62564301319732,-42.91056486644194
-34.62067071145515,-42.90898096639505
-34.61569840971297,-42.90739643086518
-34.6107261079708,-42.9058112596504
-34.60575380622862,-42.90422545254871
-34.60078150448645,-42.902639009358225
-34.59580920274428,-42.901051929876864
-34.5908369010021,-42.89946421390246
-34.58586459925993,-42.897875861233054
-34.58089229751775,-42.89628687166627
-34.57591999577558,-42.89469724499999
-34.57094769403341,-42.89310698103191
-34.56597539229123,-42.89151607955971
-34.56100309054906,-42.88992454038097
-34.55603078880688,-42.888332363293195
-34.55105848706471,-42.88673954809407
-34.54608618532254,-42.88514609458089
-34.54111388358036,-42.883552002551205
-34.53614158183819,-42.88195727180235
-34.53116928009601,-42.88036190213153
-34.52619697835384,-42.87876589333617
-34.52122467661166,-42.877169245213416
-34.51625237486949,-42.8755719575605
-34.51128007312731,-42.87397403017448
-34.50630777138514,-42.87237546285239
-34.50133546964297,-42.87077625539136
-34.49636316790079,-42.86917640758833
-34.49139086615862,-42.86757591924018
-34.48641856441644,-42.86597479014382
-34.48144626267427,-42.86437302009606
-34.4764739609321,-42.86277060889367
-34.47150165918992,-42.8611675563334
-34.46652935744775,-42.859563862211914
-34.46155705570557,-42.85795952632587
-34.4565847539634,-42.85635454847174
-34.45161245222123,-42.85474892844616
-34.44664015047905,-42.85314266604561
-34.44166784873688,-42.85153576106648
-34.4366955469947,-42.849928213305155
-34.43172324525253,-42.84832002255793
-34.42675094351035,-42.84671118862115
-34.42177864176818,-42.84510171129098
-34.416806340026,-42.84349159036364
-34.41183403828383,-42.84188082563534
-34.40686173654166,-42.84026941690202
-34.40188943479948,-42.83865736395974
-34.39691713305731,-42.83704466660454
-34.39194483131513,-42.83543132463234
-34.38697252957296,-42.83381733783903
-34.38200022783079,-42.8322027060204
-34.37702792608861,-42.830587428972215
-34.37205562434644,-42.828971506490355
-34.36708332260426,-42.82735493837032
-34.36211102086209,-42.825737724407894
-34.35713871911992,-42.82411986439855
-34.35216641737774,-42.822501358137885
-34.34719411563557,-42.82088220542145
-34.34222181389339,-42.81926240604454
-34.33724951215122,-42.81764195980263
-34.33227721040904,-42.816020866491016
-34.32730490866687,-42.81439912590502
-34.32233260692469,-42.81277673783989
-34.31736030518252,-42.81115370209073
-34.31238800344035,-42.80953001845281
-34.30741570169817,-42.80790568672114
-34.302443399956,-42.80628070669075
-34.29747109821382,-42.804655078156664
-34.29249879647165,-42.803028800913864
-34.28752649472948,-42.80140187475708
-34.2825541929873,-42.799774299481335
-34.27758189124513,-42.79814607488133
-34.27260958950295,-42.796517200751836
-34.26763728776078,-42.79488767688751
-34.262664986018606,-42.79325750308307
-34.25769268427643,-42.791626679133024
-34.25272038253426,-42.78999520483194
-34.24774808079208,-42.78836307997431
-34.24277577904991,-42.78673030435454
-34.23780347730773,-42.785096877767124
-34.23283117556556,-42.78346280000635
-34.22785887382338,-42.781828070866524
-34.22288657208121,-42.78019269014185
-34.21791427033904,-42.77855665762659
-34.21294196859686,-42.77691997311479
-34.20796966685469,-42.77528263640065
-34.20299736511251,-42.77364464727813
-34.19802506337034,-42.77200600554132
-34.19305276162817,-42.77036671098405
-34.18808045988599,-42.768726763400295
-34.18310815814382,-42.76708616258392
-34.17813585640164,-42.76544490832867
-34.17316355465947,-42.763803000428275
-34.168191252917296,-42.7621604386765
-34.16321895117512,-42.760517222866916
-34.15824664943295,-42.758873352793124
-34.15327434769077,-42.75722882824877
-34.1483020459486,-42.75558364902728
-34.14332974420642,-42.753937814922054
-34.13835744246425,-42.75229132572664
-34.13338514072207,-42.75064418123421
-34.1284128389799,-42.74899638123812
-34.12344053723773,-42.74734792553171
-34.11846823549555,-42.74569881390804
-34.11349593375338,-42.744049046160356
-34.1085236320112,-42.74239862208174
-34.10355133026903,-42.74074754146516
-34.098579028526856,-42.739095804103776
-34.09360672678468,-42.737443409790316
-34.08863442504251,-42.73579035831789
-34.08366212330033,-42.73413664947923
-34.07868982155816,-42.73248228306715
-34.073717519815986,-42.7308272588745
-34.06874521807381,-42.72917157669379
-34.06377291633164,-42.72751523631781
-34.05880061458946,-42.72585823753909
-34.05382831284729,-42.72420058015022
-34.04885601110511,-42.72254226394374
-34.04388370936294,-42.720883288711974
-34.03891140762076,-42.71922365424745
-34.03393910587859,-42.71756336034243
-34.02896680413642,-42.71590240678926
-34.02399450239424,-42.71424079338016
-34.01902220065207,-42.712578519907346
-34.01404989890989,-42.71091558616301
-34.00907759716772,-42.70925199193914
-34.004105295425546,-42.707587737027886
-33.99913299368337,-42.70592282122125
-33.99416069194119,-42.70425724431108
-33.98918839019902,-42.70259100608939
-33.98421608845685,-42.70092410634797
-33.979243786714676,-42.69925654487862
-33.9742714849725,-42.69758832147307
-33.96929918323032,-42.69591943592311
-33.96432688148815,-42.69424988802031
-33.95935457974598,-42.69257967755627
-33.954382278003806,-42.69090880432256
-33.94940997626163,-42.68923726811067
-33.94443767451945,-42.68756506871208
-33.93946537277728,-42.685892205918165
-33.93449307103511,-42.68421867952032
-33.929520769292935,-42.68254448930973
-33.92454846755076,-42.68086963507772
-33.91957616580858,-42.67919411661546
-33.91460386406641,-42.67751793371419
-33.909631562324236,-42.675841086164866
-33.90465926058206,-42.674163573758655
-33.89968695883988,-42.672485396286525
-33.89471465709771,-42.67080655353937
-33.88974235535554,-42.66912704530814
-33.884770053613366,-42.667446871383696
-33.87979775187119,-42.665766031556764
-33.87482545012901,-42.664084525618165
-33.86985314838684,-42.6624023533586
-33.86488084664467,-42.66071951456865
-33.859908544902495,-42.65903600903898
-33.85493624316032,-42.657351836560046
-33.84996394141814,-42.655666996922484
-33.84499163967597,-42.65398148991659
-33.840019337933796,-42.65229531533291
-33.835047036191625,-42.65060847296169
-33.83007473444945,-42.648920962593245
-33.82510243270727,-42.647232784017845
-33.8201301309651,-42.64554393702568
-33.815157829222926,-42.64385442140686
-33.81018552748075,-42.64216423695146
-33.80521322573857,-42.64047338344967
-33.8002409239964,-42.63878186069138
-33.79526862225423,-42.63708966846649
-33.790296320512056,-42.635396806564934
-33.78532401876988,-42.633703274776636
-33.7803517170277,-42.63200907289128
-33.77537941528553,-42.63031420069874
-33.77040711354336,-42.628618657988554
-33.765434811801185,-42.62692244455043
-33.76046251005901,-42.62522556017401
-33.75549020831683,-42.623528004648776
-33.75051790657466,-42.621829777764276
-33.745545604832486,-42.62013087930988
-33.740573303090315,-42.61843130907507
-33.73560100134814,-42.6167310668491
-33.73062869960596,-42.61503015242132
-33.72565639786379,-42.613328565580964
-33.720684096121616,-42.61162630611726
-33.71571179437944,-42.60992337381922
-33.71073949263726,-42.60821976847607
-33.70576719089509,-42.606515489876756
-33.70079488915292,-42.604810537810344
-33.695822587410746,-42.60310491206577
-33.69085028566857,-42.60139861243182
-33.68587798392639,-42.599691638697465
-33.68090568218422,-42.59798399065146
-33.675933380442046,-42.5962756680825
-33.670961078699875,-42.59456667077929
-33.6659887769577,-42.59285699853048
-33.66101647521552,-42.59114665112468
-33.65604417347335,-42.58943562835034
-33.651071871731176,-42.58772392999609
-33.646099569989005,-42.586011555850234
-33.64112726824683,-42.58429850570122
-33.63615496650465,-42.582584779337374
-33.63118266476248,-42.580870376547004
-33.626210363020306,-42.57915529711829
-33.62123806127813,-42.57743954083944
-33.61626575953595,-42.57572310749867
-33.61129345779378,-42.57400599688396
-33.60632115605161,-42.57228820878336
-33.601348854309435,-42.570569742984866
-33.59637655256726,-42.56885059927648
-33.59140425082508,-42.56713077744597
-33.58643194908291,-42.56541027728125
-33.581459647340736,-42.56368909857003
-33.576487345598565,-42.5619672411001
-33.57151504385639,-42.56024470465912
-33.56654274211421,-42.558521489034725
-33.56157044037204,-42.55679759401451
-33.556598138629866,-42.555073019386
-33.551625836887695,-42.55334776493666
-33.546653535145516,-42.55162183045391
-33.54168123340334,-42.54989521572513
-33.53670893166117,-42.54816792053771
-33.531736629918996,-42.54643994467885
-33.52676432817682,-42.544711287935776
-33.52179202643464,-42.54298195009572
-33.51681972469247,-42.54125193094577
-33.5118474229503,-42.539521230273046
-33.506875121208125,-42.53778984786449
-33.50190281946595,-42.53605778350715
-33.49693051772377,-42.534325036987966
-33.4919582159816,-42.53259160809368
-33.486985914239426,-42.53085749661128
-33.482013612497255,-42.52912270232745
-33.47704131075508,-42.527387225028924
-33.4720690090129,-42.525651064502405
-33.46709670727073,-42.523914220534465
-33.462124405528556,-42.522176692911664
-33.457152103786385,-42.52043848142058
-33.452179802044206,-42.51869958584766
-33.44720750030203,-42.51696000597934
-33.44223519855986,-42.5152197416019
-33.437262896817685,-42.51347879250176
-33.43229059507551,-42.511737158465216
-33.42731829333333,-42.50999483927832
-33.42234599159116,-42.50825183472744
-33.417373689848986,-42.506508144598506
-33.412401388106815,-42.50476376867769
-33.40742908636464,-42.50301870675101
-33.40245678462246,-42.50127295860436
-33.39748448288029,-42.49952652402376
-33.392512181138116,-42.497779402794976
-33.387539879395945,-42.49603159470381
-33.38256757765377,-42.494283099536105
-33.37759527591159,-42.49253391707753
-33.37262297416942,-42.49078404711375
-33.367650672427246,-42.489033489430376
-33.362678370685074,-42.48728224381295
-33.357706068942896,-42.485530310047
-33.35273376720072,-42.483777687917964
-33.34776146545855,-42.48202437721133
-33.342789163716375,-42.48027037771233
-33.3378168619742,-42.47851568920629
-33.33284456023202,-42.47676031147857
-33.32787225848985,-42.47500424431429
-33.322899956747676,-42.47324748749859
-33.317927655005505,-42.471490040816605
-33.31295535326333,-42.46973190405338
-33.30798305152115,-42.46797307699397
-33.30301074977898,-42.46621355942324
-33.298038448036806,-42.46445335112612
-33.293066146294635,-42.46269245188751
-33.288093844552456,-42.4609308614921
-33.28312154281028,-42.45916857972472
-33.27814924106811,-42.457405606370095
-33.273176939325936,-42.45564194121276
-33.268204637583764,-42.453877584037414
-33.263232335841586,-42.45211253462856
-33.25826003409941,-42.45034679277073
-33.25328773235724,-42.448580358248286
-33.248315430615065,-42.44681323084569
-33.24334312887289,-42.445045410347284
-33.23837082713071,-42.443276896537306
-33.23339852538854,-42.4415076892001
-33.228426223646366,-42.43973778811973
-33.223453921904195,-42.437967193080375
-33.21848162016202,-42.43619590386618
-33.21350931841984,-42.434423920261125
-33.20853701667767,-42.43265124204924
-33.203564714935496,-42.430877869014445
-33.198592413193325,-42.429103800940574
-33.193620111451146,-42.427329037611536
-33.18864780970897,-42.425553578811034
-33.1836755079668,-42.423777424322935
-33.178703206224625,-42.4220005739308
-33.173730904482454,-42.420223027418274
-33.168758602740276,-42.418444784569004
-33.1637863009981,-42.41666584516646
-33.158813999255926,-42.41488620899413
-33.153841697513755,-42.413105875835456
-33.14886939577158,-42.41132484547381
-33.1438970940294,-42.409543117692486
-33.13892479228723,-42.40776069227483
-33.133952490545056,-42.405977569004
-33.128980188802885,-42.404193747663264
-33.124007887060706,-42.40240922803561
-33.11903558531853,-42.400624009904206
-33.11406328357636,-42.39883809305204
-33.109090981834186,-42.39705147726208
-33.104118680092014,-42.3952641623173
-33.099146378349836,-42.393476148000474
-33.09417407660766,-42.39168743409451
-33.08920177486549,-42.38989802038209
-33.084229473123315,-42.38810790664598
-33.079257171381144,-42.38631709266886
-33.074284869638966,-42.38452557823332
-33.06931256789679,-42.38273336312193
-33.064340266154616,-42.38094044711719
-33.059367964412445,-42.37914683000156
-33.05439566267027,-42.377352511557476
-33.04942336092809,-42.37555749156729
-33.04445105918592,-42.37376176981328
-33.039478757443746,-42.371965346077694
-33.034506455701575,-42.37016822014286
-33.029534153959396,-42.36837039179084
-33.02456185221722,-42.36657186080369
-33.01958955047505,-42.36477262696353
-33.014617248732876,-42.36297269005236
-33.009644946990704,-42.36117204985212
-33.004672645248526,-42.359370706144745
-32.99970034350635,-42.35756865871199
-32.994728041764176,-42.35576590733578
-32.989755740022005,-42.35396245179777
-32.984783438279834,-42.35215829187969
-32.979811136537656,-42.350353427363224
-32.97483883479548,-42.34854785802988
-32.969866533053306,-42.34674158366129
-32.964894231311135,-42.34493460403889
-32.95992192956896,-42.34312691894415
-32.95494962782678,-42.34131852815847
-32.94997732608461,-42.33950943146312
-32.945005024342436,-42.33769962863944
-32.940032722600264,-42.33588911946871
-32.935060420858086,-42.33407790373205
-32.93008811911591,-42.332265981210654
-32.92511581737374,-42.33045335168557
-32.920143515631565,-42.32864001493781
-32.915171213889394,-42.32682597074841
-32.910198912147216,-42.32501121889825
-32.90522661040504,-42.32319575916824
-32.900254308662866,-42.32137959133922
-32.895282006920695,-42.31956271519193
-32.890309705178524,-42.31774513050719
-32.885337403436345,-42.31592683706552
-32.88036510169417,-42.31410783464766
-32.875392799951996,-42.31228812303419
-32.870420498209825,-42.31046770200556
-32.865448196467646,-42.30864657134236
-32.86047589472547,-42.306824730824864
-32.8555035929833,-42.30500218023352
-32.850531291241126,-42.30317891934868
-32.845558989498954,-42.30135494795056
-32.840586687756776,-42.299530265819364
-32.8356143860146,-42.29770487273529
-32.83064208427243,-42.29587876847843
-32.825669782530255,-42.29405195282888
-32.820697480788084,-42.29222442556665
-32.815725179045906,-42.29039618647169
-32.81075287730373,-42.28856723532386
-32.805780575561556,-42.28673757190307
-32.800808273819385,-42.28490719598915
-32.795835972077214,-42.283076107361794
-32.790863670335035,-42.28124430580076
-32.78589136859286,-42.27941179108567
-32.780919066850686,-42.27757856299614
-32.775946765108515,-42.27574462131171
-32.770974463366336,-42.27390996581193
-32.76600216162416,-42.27207459627615
-32.76102985988199,-42.270238512483914
-32.756057558139815,-42.2684017142144
-32.751085256397644,-42.266564201247036
-32.746112954655466,-42.26472597336098
-32.74114065291329,-42.26288703033548
-32.736168351171116,-42.261047371949694
-32.731196049428945,-42.259206997982645
-32.726223747686774,-42.257365908213394
-32.721251445944596,-42.25552410242097
-32.71627914420242,-42.25368158038429
-32.711306842460246,-42.25183834188223
-32.706334540718075,-42.2499943866936
-32.7013622389759,-42.24814971459718
-32.696389937233725,-42.2463043253718
-32.69141763549155,-42.24445821879604
-32.686445333749376,-42.242611394648584
-32.681473032007204,-42.24076385270799
-32.676500730265026,-42.238915592752754
-32.67152842852285,-42.2370666145614
-32.66655612678068,-42.235216917912346
-32.661583825038505,-42.233366502583976
-32.656611523296334,-42.23151536835454
-32.651639221554156,-42.22966351500238
-32.64666691981198,-42.22781094230574
-32.641694618069806,-42.225957650042666
-32.636722316327635,-42.22410363799142
-32.631750014585464,-42.22224890592995
-32.626777712843285,-42.22039345363632
-32.62180541110111,-42.21853728088853
-32.616833109358936,-42.21668038746441
-32.611860807616765,-42.21482277314189
-32.60688850587459,-42.21296443769878
-32.601916204132415,-42.211105380912755
-32.59694390239024,-42.20924560256166
-32.591971600648066,-42.20738510242303
-32.586999298905894,-42.205523880274455
-32.582026997163716,-42.20366193589359
-32.57705469542154,-42.20179926905787
-32.572082393679366,-42.199935879544796
-32.567110091937195,-42.19807176713172
-32.562137790195024,-42.19620693159596
-32.557165488452846,-42.19434137271486
-32.55219318671067,-42.19247509026564
-32.547220884968496,-42.190608084025556
-32.542248583226325,-42.18874035377165
-32.537276281484154,-42.1868718992811
-32.532303979741975,-42.185002720330885
-32.5273316779998,-42.18313281669803
-32.522359376257626,-42.18126218815942
-32.517387074515455,-42.17939083449206
-32.51241477277328,-42.17751875547262
-32.507442471031105,-42.175645950877964
-32.50247016928893,-42.17377242048483
-32.497497867546755,-42.17189816406986
-32.492525565804584,-42.17002318140975
-32.487553264062406,-42.16814747228098
-32.48258096232023,-42.166271036460145
-32.477608660578056,-42.16439387372374
-32.472636358835885,-42.16251598384809
-32.467664057093714,-42.16063736660962
-32.462691755351536,-42.15875802178469
-32.45771945360936,-42.1568779491495
-32.452747151867186,-42.15499714848028
-32.447774850125015,-42.15311561955323
-32.44280254838284,-42.15123336214443
-32.437830246640665,-42.14935037602992
-32.43285794489849,-42.14746666098575
-32.427885643156316,-42.14558221678788
-32.422913341414144,-42.14369704321215
-32.41794103967197,-42.141811140034584
-32.412968737929795,-42.1399245070308
-32.40799643618762,-42.138037143976604
-32.403024134445445,-42.13614905064776
-32.398051832703274,-42.134260226819826
-32.393079530961096,-42.13237067226843
-32.38810722921892,-42.13048038676918
-32.383134927476746,-42.1285893700975
-32.378162625734575,-42.126697622028885
-32.373190323992404,-42.124805142338666
-32.368218022250225,-42.122911930802246
-32.36324572050805,-42.12101798719484
-32.358273418765876,-42.11912331129175
-32.353301117023705,-42.117227902868194
-32.34832881528153,-42.11533176169915
-32.343356513539355,-42.113434887559876
-32.33838421179718,-42.11153728022531
-32.333411910055005,-42.10963893947045
-32.328439608312834,-42.107739865070194
-32.32346730657066,-42.10584005679952
-32.318495004828485,-42.10393951443308
-32.313522703086306,-42.10203823774583
-32.308550401344135,-42.10013622651237
-32.303578099601964,-42.09823348050739
-32.298605797859786,-42.09632999950557
-32.29363349611761,-42.09442578328139
-32.288661194375436,-42.092520831609434
-32.283688892633265,-42.09061514426419
-32.278716590891094,-42.08870872101995
-32.273744289148915,-42.08680156165119
-32.26877198740674,-42.0848936659321
-32.263799685664566,-42.08298503363708
-32.258827383922394,-42.081075664540236
-32.25385508218022,-42.07916555841574
-32.248882780438045,-42.07725471503772
-32.24391047869587,-42.07534313418021
-32.238938176953695,-42.07343081561715
-32.233965875211524,-42.07151775912266
-32.22899357346935,-42.06960396447046
-32.224021271727175,-42.06768943143442
-32.219048969984996,-42.06577415978843
-32.214076668242825,-42.063858149306114
-32.209104366500654,-42.06194139976127
-32.204132064758475,-42.0600239109274
-32.1991597630163,-42.058105682578244
-32.194187461274126,-42.056186714487225
-32.189215159531955,-42.054267006427885
-32.18424285778978,-42.05234655817361
-32.179270556047605,-42.050425369497795
-32.17429825430543,-42.04850344017377
-32.169325952563256,-42.046580769974824
-32.164353650821084,-42.04465735867416
-32.15938134907891,-42.042733206044986
-32.154409047336735,-42.04080831186034
-32.149436745594556,-42.03888267589337
-32.144464443852385,-42.03695629791706
-32.139492142110214,-42.03502917770439
-32.13451984036804,-42.03310131502823
-32.129547538625864,-42.03117270966149
-32.124575236883686,-42.029243361376984
-32.119602935141515,-42.02731326994745
-32.114630633399344,-42.025382435145595
-32.109658331657165,-42.02345085674405
-32.10468602991499,-42.021518534515444
-32.099713728172816,-42.01958546823232
-32.094741426430645,-42.01765165766722
-32.08976912468847,-42.01571710259252
-32.084796822946295,-42.013781802780635
-32.07982452120412,-42.011845758003986
-32.074852219461945,-42.00990896803478
-32.069879917719774,-42.00797143264523
-32.0649076159776,-42.006033151607596
-32.059935314235425,-42.00409412469398
-32.054963012493246,-42.00215435167657
-32.049990710751075,-42.0002138323272
-32.045018409008904,-41.998272566417974
-32.04004610726673,-41.99633055372084
-32.035073805524554,-41.994387794007636
-32.030101503782376,-41.99244428705023
-32.025129202040205,-41.9905000326203
-32.02015690029803,-41.988555030489664
-32.015184598555855,-41.98660928042991
-32.01021229681368,-41.984662782212745
-32.005239995071506,-41.98271553560964
-32.000267693329334,-41.980767540392236
-31.99529539158716,-41.97881879633189
-31.990323089844985,-41.97686930320007
-31.98535078810281,-41.97491906076805
-31.980378486360635,-41.97296806880727
-31.975406184618464,-41.97101632708889
-31.97043388287629,-41.96906383538409
-31.965461581134115,-41.96711059346416
-31.96048927939194,-41.965156601100034
-31.955516977649765,-41.96320185806289
-31.95054467590759,-41.961246364123625
-31.94557237416542,-41.95929011905322
-31.940600072423244,-41.95733312262263
-31.93562777068107,-41.95537537460261
-31.930655468938895,-41.953416874763974
-31.92568316719672,-41.95145762287747
-31.920710865454545,-41.949497618713785
-31.91573856371237,-41.94753686204354
-31.9107662619702,-41.94557535263733
-31.905793960228024,-41.943613090265664
-31.90082165848585,-41.941650074699034
-31.895849356743675,-41.93968630570782
-31.8908770550015,-41.937721783062464
-31.885904753259325,-41.93575650653327
-31.880932451517154,-41.93379047589048
-31.87596014977498,-41.931823690904324
-31.870987848032804,-41.929856151344964
-31.86601554629063,-41.92788785698252
-31.861043244548455,-41.925918807587124
-31.85607094280628,-41.9239490029286
-31.85109864106411,-41.92197844277703
-31.846126339321934,-41.9200071269024
-31.84115403757976,-41.91803505507444
-31.836181735837584,-41.916062227062945
-31.83120943409541,-41.91408864263774
-31.826237132353235,-41.91211430156845
-31.82126483061106,-41.91013920362479
-31.81629252886889,-41.90816334857634
-31.811320227126714,-41.906186736192616
-31.80634792538454,-41.90420936624309
-31.801375623642365,-41.902231238497194
-31.79640332190019,-41.9002523527244
-31.791431020158015,-41.89827270869395
-31.786458718415844,-41.89629230617519
-31.78148641667367,-41.894311144937326
-31.776514114931494,-41.89232922474952
-31.77154181318932,-41.89034654538089
-31.766569511447145,-41.88836310660052
-31.76159720970497,-41.88637890817746
-31.7566249079628,-41.88439394988068
-31.751652606220624,-41.88240823147903
-31.74668030447845,-41.88042175274145
-31.741708002736274,-41.878434513436765
-31.7367357009941,-41.87644651333361
-31.731763399251925,-41.87445775220086
-31.72679109750975,-41.87246822980701
-31.72181879576758,-41.87047794592081
-31.716846494025404,-41.86848690031075
-31.71187419228323,-41.8664950927453
-31.706901890541054,-41.86450252299294
-31.70192958879888,-41.862509190822095
-31.696957287056705,-41.86051509600106
-31.691984985314534,-41.85852023829816
-31.68701268357236,-41.85652461748162
-31.682040381830184,-41.85452823331962
-31.67706808008801,-41.85253108558034
-31.672095778345835,-41.85053317403184
-31.66712347660366,-41.848534498442085
-31.66215117486149,-41.846535058579185
-31.657178873119314,-41.84453485421092
-31.65220657137714,-41.84253388510529
-31.647234269634964,-41.840532151030054
-31.64226196789279,-41.83852965175303
-31.637289666150615,-41.8365263870419
-31.632317364408443,-41.83452235666431
-31.62734506266627,-41.83251756038794
-31.622372760924094,-41.830511997980345
-31.61740045918192,-41.82850566920893
-31.612428157439744,-41.82649857384129
-31.60745585569757,-41.824490711644735
-31.602483553955395,-41.822482082386664
-31.597511252213224,-41.820472685834396
-31.59253895047105,-41.81846252175517
-31.587566648728874,-41.816451589916156
-31.5825943469867,-41.8144398900845
-31.577622045244524,-41.812427422027284
-31.57264974350235,-41.81041418551167
-31.56767744176018,-41.80840018030447
-31.562705140018004,-41.8063854061727
-31.55773283827583,-41.80436986288328
-31.552760536533654,-41.802353550203016
-31.54778823479148,-41.800336467898696
-31.542815933049305,-41.798318615736974
-31.537843631307133,-41.796299993484645
-31.53287132956496,-41.79428060090826
-31.527899027822784,-41.79226043777439
-31.52292672608061,-41.79023950384958
-31.517954424338434,-41.78821779890027
-31.51298212259626,-41.78619532269288
-31.508009820854085,-41.784172074993805
-31.503037519111913,-41.782148055569344
-31.49806521736974,-41.780123264185676
-31.493092915627564,-41.778097700609194
-31.48812061388539,-41.77607136460584
-31.483148312143214,-41.77404425594183
-31.47817601040104,-41.77201637438319
-31.47320370865887,-41.76998771969591
-31.468231406916694,-41.767958291645975
-31.46325910517452,-41.76592808999919
-31.458286803432344,-41.7638971145215
-31.45331450169017,-41.761865364978576
-31.448342199947994,-41.75983284113626
-31.443369898205823,-41.75779954276023
-31.43839759646365,-41.75576546961602
-31.433425294721474,-41.753730621469245
-31.4284529929793,-41.7516949980855
-31.423480691237124,-41.749658599230195
-31.41850838949495,-41.74762142466881
-31.413536087752775,-41.745583474166686
-31.408563786010603,-41.74354474748908
-31.40359148426843,-41.74150524440129
-31.398619182526254,-41.739464964668585
-31.39364688078408,-41.737423908056016
-31.388674579041904,-41.73538207432884
-31.38370227729973,-41.733339463251944
-31.378729975557558,-41.73129607459051
-31.373757673815383,-41.72925190810934
-31.36878537207321,-41.7272069635734
-31.363813070331034,-41.725161240747525
-31.35884076858886,-41.72311473939651
-31.353868466846684,-41.721067459285045
-31.348896165104513,-41.71901940017792
-31.34392386336234,-41.71697056183973
-31.338951561620163,-41.71492094403505
-31.33397925987799,-41.71287054652839
-31.329006958135814,-41.71081936908421
-31.32403465639364,-41.708767411467015
-31.319062354651464,-41.70671467344118
-31.314090052909293,-41.70466115477092
-31.30911775116712,-41.7026068552206
-31.304145449424944,-41.70055177455441
-31.29917314768277,-41.69849591253656
-31.294200845940594,-41.696439268931066
-31.28922854419842,-41.694381843502036
-31.284256242456248,-41.6923236360135
-31.279283940714073,-41.690264646229416
-31.2743116389719,-41.68820487391363
-31.269339337229724,-41.686144318830074
-31.26436703548755,-41.68408298074248
-31.259394733745374,-41.68202085941465
-31.254422432003203,-41.679957954610195
-31.249450130261028,-41.677894266092814
-31.244477828518853,-41.67582979362612
-31.23950552677668,-41.673764536973586
-31.234533225034504,-41.67169849589876
-31.22956092329233,-41.66963167016501
-31.224588621550154,-41.66756405953574
-31.219616319807983,-41.6654956637743
-31.21464401806581,-41.663426482643935
-31.209671716323633,-41.66135651590785
-31.20469941458146,-41.6592857633293
-31.199727112839284,-41.657214224671314
-31.19475481109711,-41.65514189969697
-31.189782509354938,-41.653068788169335
-31.184810207612763,-41.65099488985128
-31.17983790587059,-41.64892020450579
-31.174865604128414,-41.64684473189566
-31.16989330238624,-41.64476847178371
-31.164921000644064,-41.64269142393277
-31.159948698901893,-41.640613588105374
-31.154976397159718,-41.63853496406435
-31.150004095417543,-41.636455551572155
-31.14503179367537,-41.63437535039137
-31.140059491933194,-41.63229436028446
-31.13508719019102,-41.63021258101391
-31.130114888448844,-41.628130012342055
-31.125142586706673,-41.6260466540313
-31.120170284964498,-41.62396250584379
-31.115197983222323,-41.62187756754189
-31.11022568148015,-41.619791838887615
-31.105253379737974,-41.61770531964319
-31.1002810779958,-41.61561800957072
-31.095308776253628,-41.61352990843215
-31.090336474511453,-41.611441015989456
-31.085364172769278,-41.60935133200452
-31.080391871027103,-41.60726085623925
-31.07541956928493,-41.60516958845546
-31.070447267542754,-41.603077528414815
-31.065474965800583,-41.60098467587907
-31.060502664058408,-41.59889103060989
-31.055530362316233,-41.59679659236883
-31.05055806057406,-41.59470136091743
-31.045585758831884,-41.59260533601722
-31.04061345708971,-41.59050851742962
-31.035641155347534,-41.58841090491599
-31.030668853605363,-41.58631249823766
-31.025696551863188,-41.58421329715589
-31.020724250121013,-41.582113301432024
-31.01575194837884,-41.580012510827046
-31.010779646636664,-41.57791092510223
-31.00580734489449,-41.57580854401862
-31.000835043152318,-41.573705367337155
-30.995862741410143,-41.571601394818885
-30.990890439667968,-41.56949662622467
-30.985918137925793,-41.56739106131535
-30.98094583618362,-41.56528469985181
-30.975973534441444,-41.56317754159471
-30.971001232699273,-41.5610695863048
-30.966028930957098,-41.55896083374272
-30.961056629214923,-41.556851283669054
-30.956084327472748,-41.55474093584435
-30.951112025730573,-41.55262979002906
-30.9461397239884,-41.55051784598369
-30.941167422246224,-41.548405103468596
-30.936195120504053,-41.546291562244065
-30.931222818761878,-41.544177222070424
-30.926250517019703,-41.54206208270793
-30.92127821527753,-41.5399461439167
-30.916305913535354,-41.53782940545687
-30.91133361179318,-41.53571186708846
-30.906361310051008,-41.53359352857152
-30.901389008308833,-41.53147438966606
-30.896416706566658,-41.52935445013199
-30.891444404824483,-41.52723370972909
-30.88647210308231,-41.52511216821718
-30.881499801340134,-41.52298982535601
-30.876527499597962,-41.52086668090533
-30.871555197855788,-41.51874273462477
-30.866582896113613,-41.5166179862739
-30.861610594371438,-41.514492435612325
-30.856638292629263,-41.512366082399396
-30.85166599088709,-41.51023892639467
-30.846693689144914,-41.5081109673575
-30.841721387402742,-41.50598220504721
-30.836749085660568,-41.50385263922307
-30.831776783918393,-41.50172226964431
-30.826804482176218,-41.499591096070056
-30.821832180434043,-41.49745911825957
-30.81685987869187,-41.4953263359717
-30.811887576949697,-41.49319274896563
-30.806915275207523,-41.49105835700032
-30.801942973465348,-41.488923159834556
-30.796970671723173,-41.48678715722733
-30.791998369981,-41.484650348937315
-30.787026068238823,-41.482512734723336
-30.782053766496652,-41.48037431434412
-30.777081464754477,-41.47823508755823
-30.772109163012303,-41.47609505412432
-30.767136861270128,-41.47395421380092
-30.762164559527953,-41.47181256634645
-30.75719225778578,-41.46967011151944
-30.752219956043604,-41.467526849078226
-30.747247654301432,-41.46538277878108
-30.742275352559258,-41.463237900386396
-30.737303050817083,-41.461092213652286
-30.732330749074908,-41.45894571833697
-30.727358447332733,-41.45679841419861
-30.72238614559056,-41.45465030099516
-30.717413843848387,-41.4525013784847
-30.712441542106212,-41.45035164642519
-30.707469240364038,-41.448201104574515
-30.702496938621863,-41.446049752690534
-30.697524636879688,-41.44389759053106
-30.692552335137513,-41.44174461785381
-30.687580033395342,-41.4395908344165
-30.682607731653167,-41.437436239976776
-30.677635429910993,-41.435280834292165
-30.672663128168818,-41.43312461712029
-30.667690826426643,-41.4309675882186
-30.66271852468447,-41.42880974734455
-30.657746222942293,-41.426651094255426
-30.652773921200122,-41.42449162870865
-30.647801619457947,-41.42233135046144
-30.642829317715773,-41.420170259271046
-30.637857015973598,-41.418008354894624
-30.632884714231423,-41.41584563708929
-30.62791241248925,-41.41368210561205
-30.622940110747077,-41.41151776022003
-30.617967809004902,-41.40935260067002
-30.612995507262728,-41.40718662671906
-30.608023205520553,-41.405019838123984
-30.603050903778378,-41.40285223464148
-30.598078602036203,-41.40068381602838
-30.593106300294032,-41.3985145820414
-30.588133998551857,-41.39634453243711
-30.583161696809682,-41.39417366697211
-30.578189395067508,-41.392001985402935
-30.573217093325333,-41.38982948748606
-30.568244791583158,-41.387656172977955
-30.563272489840983,-41.38548204163491
-30.558300188098812,-41.38330709321331
-30.553327886356637,-41.381131327469404
-30.548355584614463,-41.378954744159365
-30.543383282872288,-41.37677734303946
-30.538410981130113,-41.374599123865686
-30.533438679387938,-41.37242008639411
-30.528466377645767,-41.370240230380816
-30.523494075903592,-41.368059555581645
-30.518521774161417,-41.365878061752554
-30.513549472419243,-41.36369574864944
-30.508577170677068,-41.36151261602795
-30.503604868934893,-41.35932866364399
-30.498632567192722,-41.357143891253045
-30.493660265450547,-41.35495829861094
-30.488687963708372,-41.352771885473146
-30.483715661966198,-41.350584651595206
-30.478743360224023,-41.34839659673261
-30.473771058481848,-41.346207720640784
-30.468798756739673,-41.344018023075044
-30.463826454997502,-41.34182750379077
-30.458854153255327,-41.33963616254319
-30.453881851513152,-41.337443999087505
-30.448909549770978,-41.335251013178905
-30.443937248028803,-41.33305720457238
-30.438964946286628,-41.33086257302309
-30.433992644544457,-41.328667118286056
-30.429020342802282,-41.326470840116116
-30.424048041060107,-41.32427373826819
-30.419075739317933,-41.32207581249718
-30.414103437575758,-41.319877062557815
-30.409131135833583,-41.31767748820486
-30.40415883409141,-41.3154770891929
-30.399186532349237,-41.313275865276665
-30.394214230607062,-41.3110738162107
-30.389241928864887,-41.308870941749475
-30.384269627122713,-41.30666724164753
-30.379297325380538,-41.30446271565922
-30.374325023638363,-41.30225736353891
-30.369352721896192,-41.30005118504099
-30.364380420154017,-41.29784417991955
-30.359408118411842,-41.29563634792896
-30.354435816669668,-41.29342768882322
-30.349463514927493,-41.291218202356525
-30.344491213185318,-41.28900788828291
-30.339518911443147,-41.28679674635637
-30.334546609700972,-41.28458477633071
-30.329574307958797,-41.28237197795999
-30.324602006216622,-41.280158350997944
-30.319629704474448,-41.27794389519836
-30.314657402732273,-41.275728610315
-30.3096851009901,-41.27351249610144
-30.304712799247927,-41.27129555231136
-30.299740497505752,-41.26907777869842
-30.294768195763577,-41.26685917501589
-30.289795894021402,-41.26463974101745
-30.284823592279228,-41.26241947645644
-30.279851290537053,-41.260198381086155
-30.27487898879488,-41.257976454659975
-30.269906687052707,-41.25575369693106
-30.264934385310532,-41.253530107652686
-30.259962083568357,-41.251305686577915
-30.254989781826183,-41.24908043345986
-30.250017480084008,-41.246854348051585
-30.245045178341837,-41.24462743010609
-30.240072876599662,-41.24239967937619
-30.235100574857487,-41.24017109561486
-30.230128273115312,-41.2379416785749
-30.225155971373137,-41.23571142800902
-30.220183669630963,-41.23348034367003
-30.21521136788879,-41.231248425310525
-30.210239066146617,-41.22901567268311
-30.205266764404442,-41.22678208554036
-30.200294462662267,-41.224547663634816
-30.195322160920092,-41.222312406718835
-30.190349859177918,-41.22007631454492
-30.185377557435743,-41.21783938686528
-30.18040525569357,-41.21560162343237
-30.175432953951397,-41.21336302399827
-30.170460652209222,-41.211123588315246
-30.165488350467047,-41.20888331613541
-30.160516048724872,-41.206642207210884
-30.155543746982698,-41.20440026129359
-30.150571445240526,-41.20215747813556
-30.14559914349835,-41.199913857488724
-30.140626841756177,-41.197669399104946
-30.135654540014002,-41.19542410273596
-30.130682238271827,-41.193177968133625
-30.125709936529653,-41.190930995049584
-30.12073763478748,-41.18868318323552
-30.115765333045307,-41.18643453244297
-30.110793031303132,-41.1841850424236
-30.105820729560957,-41.181934712928744
-30.100848427818782,-41.17968354370998
-30.095876126076607,-41.17743153451861
-30.090903824334433,-41.17517868510602
-30.08593152259226,-41.172924995223426
-30.080959220850087,-41.170670464622134
-30.075986919107912,-41.16841509305323
-30.071014617365737,-41.166158880267915
-30.066042315623562,-41.16390182601718
-30.061070013881388,-41.16164393005204
-30.056097712139216,-41.15938519212356
-30.05112541039704,-41.1571256119825
-30.046153108654867,-41.154865189379834
-30.041180806912692,-41.15260392406631
-30.036208505170517,-41.150341815792615
-30.031236203428342,-41.14807886430962
-30.02626390168617,-41.14581506936775
-30.021291599943996,-41.143550430717696
-30.01631929820182,-41.14128494811005
-30.011346996459647,-41.13901862129517
-30.006374694717472,-41.13675145002357
-30.001402392975297,-41.13448343404557
-29.996430091233123,-41.13221457311155
-29.99145778949095,-41.129944866971755
-29.986485487748777,-41.127674315376375
-29.9815131860066,-41.12540291807555
-29.976540884264427,-41.123130674819414
-29.971568582522252,-41.120857585358046
-29.966596280780077,-41.11858364944147
-29.961623979037906,-41.11630886681959
-29.95665167729573,-41.11403323724227
-29.951679375553557,-41.111756760459365
-29.946707073811382,-41.109479436220724
-29.941734772069207,-41.10720126427601
-29.936762470327032,-41.10492224437496
-29.93179016858486,-41.10264237626715
-29.926817866842686,-41.10036165970219
-29.92184556510051,-41.098080094429605
-29.916873263358337,-41.09579768019882
-29.911900961616162,-41.09351441675931
-29.906928659873987,-41.09123030386041
-29.901956358131812,-41.08894534125141
-29.89698405638964,-41.08665952868159
-29.892011754647466,-41.08437286590014
-29.88703945290529,-41.08208535265619
-29.882067151163117,-41.07979698869888
-29.877094849420942,-41.077507773777185
-29.872122547678767,-41.07521770764016
-29.867150245936596,-41.072926790036725
-29.86217794419442,-41.07063502071575
-29.857205642452247,-41.068342399426065
-29.85223334071007,-41.06604892591642
-29.847261038967897,-41.06375459993556
-29.842288737225722,-41.061459421232165
-29.83731643548355,-41.05916338955484
-29.832344133741376,-41.056866504652156
-29.8273718319992,-41.054568766272595
-29.822399530257027,-41.05227017416461
-29.817427228514852,-41.049970728076644
-29.812454926772677,-41.047670427757
-29.807482625030502,-41.04536927295403
-29.80251032328833,-41.04306726341588
-29.797538021546156,-41.04076439889086
-29.79256571980398,-41.038460679127
-29.787593418061807,-41.036156103872464
-29.782621116319632,-41.033850672875175
-29.777648814577457,-41.031544385883215
-29.772676512835286,-41.02923724264446
-29.76770421109311,-41.02692924290675
-29.762731909350936,-41.02462038641792
-29.75775960760876,-41.02231067292582
-29.752787305866587,-41.02000010217798
-29.747815004124412,-41.01768867392219
-29.74284270238224,-41.01537638790601
-29.737870400640066,-41.013063243877006
-29.73289809889789,-41.01074924158262
-29.727925797155716,-41.008434380770346
-29.72295349541354,-41.00611866118755
-29.717981193671367,-41.00380208258159
-29.713008891929192,-41.00148464469968
-29.70803659018702,-40.9991663472891
-29.703064288444846,-40.99684719009706
-29.69809198670267,-40.994527172870576
-29.693119684960497,-40.99220629535681
-29.688147383218322,-40.989884557302695
-29.683175081476147,-40.98756195845527
-29.678202779733976,-40.985238498561415
-29.6732304779918,-40.98291417736797
-29.668258176249626,-40.9805889946217
-29.66328587450745,-40.978262950069436
-29.658313572765277,-40.975936043457736
-29.653341271023102,-40.9736082745334
-29.64836896928093,-40.971279643042955
-29.643396667538756,-40.9689501487329
-29.63842436579658,-40.966619791349714
-29.633452064054406,-40.96428857063983
-29.62847976231223,-40.96195648634964
-29.623507460570057,-40.959623538225486
-29.618535158827882,-40.95728972601355
-29.61356285708571,-40.95495504946011
-29.608590555343536,-40.95261950831135
-29.60361825360136,-40.95028310231324
-29.598645951859186,-40.94794583121197
-29.59367365011701,-40.9456076947535
-29.588701348374837,-40.94326869268375
-29.583729046632666,-40.940928824748624
-29.57875674489049,-40.93858809069394
-29.573784443148316,-40.936246490265546
-29.56881214140614,-40.93390402320911
-29.563839839663967,-40.931560689270285
-29.558867537921792,-40.929216488194754
-29.55389523617962,-40.926871419728094
-29.548922934437446,-40.92452548361575
-29.54395063269527,-40.92217867960326
-29.538978330953096,-40.919831007435974
-29.53400602921092,-40.91748246685932
-29.529033727468747,-40.91513305761851
-29.524061425726572,-40.91278277945887
-29.5190891239844,-40.910431632125544
-29.514116822242226,-40.9080796153637
-29.50914452050005,-40.905726728918374
-29.504172218757876,-40.90337297253471
-29.4991999170157,-40.90101834595756
-29.494227615273527,-40.89866284893196
-29.489255313531356,-40.89630648120271
-29.48428301178918,-40.89394924251469
-29.479310710047006,-40.8915911326126
-29.47433840830483,-40.88923215124116
-29.469366106562656,-40.886872298145114
-29.46439380482048,-40.88451157306897
-29.45942150307831,-40.882149975757386
-29.454449201336136,-40.879787505954724
-29.44947689959396,-40.87742416340553
-29.444504597851786,-40.87505994785418
-29.43953229610961,-40.872694859045026
-29.434559994367437,-40.87032889672224
-29.42958769262526,-40.867962060630234
-29.42461539088309,-40.86559435051299
-29.419643089140916,-40.8632257661148
-29.41467078739874,-40.86085630717965
-29.409698485656566,-40.858485973451586
-29.40472618391439,-40.85611476467458
-29.399753882172217,-40.85374268059247
-29.394781580430045,-40.85136972094918
-29.38980927868787,-40.84899588548855
-29.384836976945696,-40.846621173954205
-29.37986467520352,-40.84424558608992
-29.374892373461346,-40.841869121639334
-29.36992007171917,-40.83949178034603
-29.364947769977,-40.837113561953565
-29.359975468234826,-40.83473446620539
-29.35500316649265,-40.83235449284493
-29.350030864750476,-40.829973641615574
-29.3450585630083,-40.82759191226063
-29.340086261266126,-40.82520930452334
-29.33511395952395,-40.822825818146995
-29.33014165778178,-40.82044145287468
-29.325169356039606,-40.818056208449505
-29.32019705429743,-40.81567008461456
-29.315224752555256,-40.81328308111285
-29.31025245081308,-40.81089519768726
-29.305280149070907,-40.808506434080726
-29.300307847328735,-40.806116790036086
-29.29533554558656,-40.80372626529615
-29.290363243844386,-40.80133485960355
-29.28539094210221,-40.798942572701066
-29.280418640360036,-40.79654940433127
-29.27544633861786,-40.794155354236715
-29.27047403687569,-40.79176042215998
-29.265501735133515,-40.78936460784352
-29.26052943339134,-40.78696791102964
-29.255557131649166,-40.784570331460834
-29.25058482990699,-40.78217186887926
-29.245612528164816,-40.77977252302729
-29.24064022642264,-40.777372293647076
-29.23566792468047,-40.77497118048079
-29.230695622938295,-40.77256918327039
-29.22572332119612,-40.77016630175807
-29.220751019453946,-40.76776253568572
-29.21577871771177,-40.76535788479527
-29.210806415969596,-40.76295234882863
-29.205834114227425,-40.76054592752757
-29.20086181248525,-40.75813862063388
-29.195889510743076,-40.75573042788931
-29.1909172090009,-40.7533213490354
-29.185944907258726,-40.75091138381389
-29.18097260551655,-40.748500531966265
-29.17600030377438,-40.746088793233994
-29.171028002032205,-40.74367616735858
-29.16605570029003,-40.74126265408142
-29.161083398547856,-40.73884825314371
-29.15611109680568,-40.736432964286905
-29.151138795063506,-40.73401678725214
-29.14616649332133,-40.73159972178058
-29.14119419157916,-40.72918176761339
-29.136221889836985,-40.72676292449166
-29.13124958809481,-40.724343192156304
-29.126277286352636,-40.72192257034838
-29.12130498461046,-40.71950105880873
-29.116332682868286,-40.71707865727825
-29.111360381126115,-40.71465536549769
-29.10638807938394,-40.7122311832078
-29.101415777641765,-40.709806110149316
-29.09644347589959,-40.707380146062846
-29.091471174157416,-40.704953290688955
-29.08649887241524,-40.70252554376823
-29.08152657067307,-40.700096905041086
-29.076554268930895,-40.69766737424794
-29.07158196718872,-40.69523695112921
-29.066609665446546,-40.692805635425216
-29.06163736370437,-40.69037342687612
-29.056665061962196,-40.68794032522227
-29.05169276022002,-40.68550633020369
-29.04672045847785,-40.683071441560514
-29.041748156735675,-40.68063565903286
-29.0367758549935,-40.67819898236064
-29.031803553251326,-40.67576141128385
-29.02683125150915,-40.673322945542296
-29.021858949766976,-40.67088358487588
-29.016886648024805,-40.668443329024385
-29.01191434628263,-40.666002177727485
-29.006942044540455,-40.66356013072481
-29.00196974279828,-40.661117187756105
-28.996997441056106,-40.658673348560804
-28.99202513931393,-40.656228612878515
-28.98705283757176,-40.653782980448604
-28.982080535829585,-40.6513364510105
-28.97710823408741,-40.64888902430359
-28.972135932345235,-40.64644070006715
-28.96716363060306,-40.6439914780404
-28.962191328860886,-40.6415413579625
-28.95721902711871,-40.63909033957267
-28.95224672537654,-40.6366384226099
-28.947274423634365,-40.634185606813205
-28.94230212189219,-40.63173189192164
-28.937329820150016,-40.629277277674056
-28.93235751840784,-40.62682176380933
-28.927385216665666,-40.624365350066256
-28.922412914923495,-40.62190803618366
-28.91744061318132,-40.61944982190012
-28.912468311439145,-40.61699070695437
-28.90749600969697,-40.61453069108501
-28.902523707954796,-40.61206977403059
-28.89755140621262,-40.60960795552946
-28.89257910447045,-40.60714523532022
-28.887606802728275,-40.60468161314116
-28.8826345009861,-40.60221708873058
-28.877662199243925,-40.59975166182684
-28.87268989750175,-40.59728533216808
-28.867717595759576,-40.59481809949252
-28.8627452940174,-40.59234996353821
-28.85777299227523,-40.58988092404323
-28.852800690533055,-40.58741098074559
-28.84782838879088,-40.58494013338327
-28.842856087048705,-40.58246838169406
-28.83788378530653,-40.57999572541587
-28.832911483564356,-40.57752216428654
-28.827939181822185,-40.57504769804368
-28.82296688008001,-40.57257232642506
-28.817994578337835,-40.57009604916821
-28.81302227659566,-40.56761886601083
-28.808049974853486,-40.56514077669038
-28.80307767311131,-40.56266178094425
-28.79810537136914,-40.56018187850992
-28.793133069626965,-40.5577010691248
-28.78816076788479,-40.55521935252603
-28.783188466142615,-40.55273672845101
-28.77821616440044,-40.55025319663684
-28.773243862658266,-40.54776875682071
-28.76827156091609,-40.545283408739664
-28.76329925917392,-40.542797152130795
-28.758326957431745,-40.540309986731
-28.75335465568957,-40.5378219122773
-28.748382353947395,-40.535332928506485
-28.74341005220522,-40.53284303515537
-28.738437750463046,-40.530352231960734
-28.733465448720874,-40.52786051865935
-28.7284931469787,-40.52536789498775
-28.723520845236525,-40.52287436068265
-28.71854854349435,-40.52037991548052
-28.713576241752175,-40.51788455911787
-28.70860394001,-40.5153882913312
-28.70363163826783,-40.51289111185678
-28.698659336525655,-40.510393020431
-28.69368703478348,-40.50789401679017
-28.688714733041305,-40.50539410067046
-28.68374243129913,-40.50289327180806
-28.678770129556955,-40.50039152993913
-28.67379782781478,-40.49788887479963
-28.66882552607261,-40.49538530612568
-28.663853224330435,-40.4928808236531
-28.65888092258826,-40.49037542711789
-28.653908620846085,-40.48786911625587
-28.64893631910391,-40.485361890802864
-28.643964017361736,-40.48285375049457
-28.638991715619564,-40.48034469506669
-28.63401941387739,-40.477834724254784
-28.629047112135215,-40.47532383779455
-28.62407481039304,-40.472812035421384
-28.619102508650865,-40.47029931687087
-28.61413020690869,-40.467785681878325
-28.60915790516652,-40.46527113017919
-28.604185603424344,-40.46275566150871
-28.59921330168217,-40.46023927560215
-28.594240999939995,-40.45772197219475
-28.58926869819782,-40.4552037510216
-28.584296396455645,-40.452684611817844
-28.57932409471347,-40.45016455431843
-28.5743517929713,-40.44764357825839
-28.569379491229125,-40.44512168337271
-28.56440718948695,-40.44259886939619
-28.559434887744775,-40.44007513606368
-28.5544625860026,-40.43755048310997
-28.549490284260425,-40.435024910269696
-28.544517982518254,-40.43249841727755
-28.53954568077608,-40.4299710038682
-28.534573379033905,-40.42744266977611
-28.52960107729173,-40.42491341473581
-28.524628775549555,-40.42238323848178
-28.51965647380738,-40.41985214074835
-28.51468417206521,-40.41732012126987
-28.509711870323034,-40.41478717978061
-28.50473956858086,-40.41225331601485
-28.499767266838685,-40.40971852970671
-28.49479496509651,-40.40718282059032
-28.489822663354335,-40.40464618839977
-28.48485036161216,-40.40210863286903
-28.47987805986999,-40.39957015373207
-28.474905758127814,-40.39703075072283
-28.46993345638564,-40.39449042357509
-28.464961154643465,-40.391949172022734
-28.45998885290129,-40.38940699579942
-28.455016551159115,-40.38686389463885
-28.450044249416944,-40.384319868274694
-28.44507194767477,-40.381774916440506
-28.440099645932595,-40.37922903886985
-28.43512734419042,-40.3766822352961
-28.430155042448245,-40.37413450545275
-28.42518274070607,-40.37158584907316
-28.4202104389639,-40.36903626589062
-28.415238137221724,-40.36648575563836
-28.41026583547955,-40.36393431804969
-28.405293533737375,-40.361381952857585
-28.4003212319952,-40.35882865979525
-28.395348930253025,-40.356274438595705
-28.39037662851085,-40.35371928899195
-28.38540432676868,-40.351163210716884
-28.380432025026504,-40.34860620350339
-28.37545972328433,-40.3460482670843
-28.370487421542155,-40.34348940119237
-28.36551511979998,-40.34092960556031
-28.360542818057805,-40.33836887992077
-28.355570516315634,-40.33580722400645
-28.35059821457346,-40.33324463754977
-28.345625912831284,-40.33068112028332
-28.34065361108911,-40.32811667193946
-28.335681309346935,-40.325551292250665
-28.33070900760476,-40.32298498094926
-28.32573670586259,-40.320417737767485
-28.320764404120414,-40.31784956243758
-28.31579210237824,-40.31528045469173
-28.310819800636065,-40.312710414262
-28.30584749889389,-40.31013944088056
-28.300875197151715,-40.30756753427937
-28.29590289540954,-40.304994694190334
-28.29093059366737,-40.302420920345426
-28.285958291925194,-40.2998462124765
-28.28098599018302,-40.29727057031527
-28.276013688440845,-40.2946939935936
-28.27104138669867,-40.292116482043085
-28.266069084956495,-40.28953803539532
-28.261096783214324,-40.28695865338204
-28.25612448147215,-40.28437833573458
-28.251152179729974,-40.281797082184575
-28.2461798779878,-40.27921489246335
-28.241207576245625,-40.276631766302266
-28.23623527450345,-40.27404770343266
-28.23126297276128,-40.27146270358581
-28.226290671019104,-40.268876766492866
-28.22131836927693,-40.266289891884995
-28.216346067534754,-40.26370207949328
-28.21137376579258,-40.26111332904877
-28.206401464050405,-40.25852364028245
-28.20142916230823,-40.25593301292526
-28.19645686056606,-40.25334144670804
-28.191484558823884,-40.250748941361636
-28.18651225708171,-40.24815549661684
-28.181539955339534,-40.245561112204285
-28.17656765359736,-40.24296578785473
-28.171595351855185,-40.240369523298725
-28.166623050113014,-40.23777231826678
-28.16165074837084,-40.235174172489494
-28.156678446628664,-40.23257508569726
-28.15170614488649,-40.22997505762039
-28.146733843144315,-40.22737408798935
-28.14176154140214,-40.22477217653437
-28.13678923965997,-40.22216932298562
-28.131816937917794,-40.21956552707338
-28.12684463617562,-40.21696078852764
-28.121872334433444,-40.21435510707858
-28.11690003269127,-40.21174848245612
-28.111927730949095,-40.209140914390275
-28.10695542920692,-40.20653240261095
-28.10198312746475,-40.203922946847946
-28.097010825722574,-40.2013125468311
-28.0920385239804,-40.1987012022901
-28.087066222238224,-40.19608891295471
-28.08209392049605,-40.19347567855445
-28.077121618753875,-40.19086149881893
-28.072149317011704,-40.18824637347782
-28.06717701526953,-40.185630302260364
-28.062204713527354,-40.183013284896106
-28.05723241178518,-40.18039532111441
-28.052260110043004,-40.17777641064456
-28.04728780830083,-40.17515655321577
-28.04231550655866,-40.17253574855722
-28.037343204816484,-40.16991399639817
-28.03237090307431,-40.16729129646763
-28.027398601332134,-40.16466764849467
-28.02242629958996,-40.16204305220816
-28.017453997847785,-40.159417507337196
-28.01248169610561,-40.15679101361054
-28.00750939436344,-40.15416357075701
-28.002537092621264,-40.15153517850543
-27.99756479087909,-40.14890583658446
-27.992592489136914,-40.14627554472275
-27.98762018739474,-40.14364430264901
-27.982647885652565,-40.141012110091644
-27.977675583910393,-40.138378966779165
-27.97270328216822,-40.13574487244013
-27.967730980426044,-40.133109826802766
-27.96275867868387,-40.13047382959548
-27.957786376941694,-40.12783688054666
-27.95281407519952,-40.12519897938429
-27.94784177345735,-40.122560125836756
-27.942869471715174,-40.11992031963204
-27.937897169973,-40.11727956049823
-27.932924868230824,-40.11463784816338
-27.92795256648865,-40.11199518235536
-27.922980264746474,-40.10935156280215
-27.9180079630043,-40.10670698923158
-27.91303566126213,-40.104061461371366
-27.908063359519954,-40.10141497894931
-27.90309105777778,-40.09876754169311
-27.898118756035604,-40.096119149330285
-27.89314645429343,-40.09346980158855
-27.888174152551255,-40.090819498195295
-27.883201850809083,-40.08816823887805
-27.87822954906691,-40.08551602336425
-27.873257247324734,-40.08286285138122
-27.86828494558256,-40.08020872265622
-27.863312643840384,-40.077553636916484
-27.85834034209821,-40.07489759388936
-27.853368040356038,-40.07224059330181
-27.848395738613863,-40.06958263488099
-27.84342343687169,-40.06692371835394
-27.838451135129514,-40.064263843447634
-27.83347883338734,-40.06160300988894
-27.828506531645164,-40.05894121740479
-27.82353422990299,-40.056278465721974
-27.81856192816082,-40.05361475456725
-27.813589626418644,-40.05095008366733
-27.80861732467647,-40.04828445274882
-27.803645022934294,-40.04561786153835
-27.79867272119212,-40.04295030976254
-27.793700419449944,-40.04028179714773
-27.788728117707773,-40.03761232342047
-27.7837558159656,-40.034941888307024
-27.778783514223424,-40.03227049153384
-27.77381121248125,-40.02959813282713
-27.768838910739074,-40.026924811913105
-27.7638666089969,-40.02425052851792
-27.758894307254728,-40.02157528236776
-27.753922005512553,-40.01889907318857
-27.74894970377038,-40.01622190070637
-27.743977402028204,-40.0135437646472
-27.73900510028603,-40.01086466473683
-27.734032798543854,-40.00818460070117
-27.72906049680168,-40.005503572265994
-27.724088195059508,-40.00282157915701
-27.719115893317333,-40.00013862109982
-27.71414359157516,-39.99745469782025
-27.709171289832984,-39.99476980904369
-27.70419898809081,-39.99208395449564
-27.699226686348634,-39.98939713390172
-27.694254384606463,-39.986709346987176
-27.68928208286429,-39.984020593477375
-27.684309781122113,-39.98133087309764
-27.67933747937994,-39.97864018557329
-27.674365177637764,-39.97594853062936
-27.66939287589559,-39.97325590799108
-27.664420574153418,-39.97056231738351
-27.659448272411243,-39.96786775853168
-27.65447597066907,-39.96517223116054
-27.649503668926894,-39.96247573499498
-27.64453136718472,-39.959778269759894
-27.639559065442544,-39.95707983518008
-27.63458676370037,-39.95438043098031
-27.629614461958198,-39.95168005688522
-27.624642160216023,-39.948978712619564
-27.61966985847385,-39.94627639790777
-27.614697556731674,-39.943573112474496
-27.6097252549895,-39.940868856044204
-27.604752953247324,-39.93816362834125
-27.599780651505153,-39.93545742909009
-27.594808349762978,-39.93275025801504
-27.589836048020803,-39.93004211484026
-27.58486374627863,-39.92733299929008
-27.579891444536454,-39.92462291108858
-27.57491914279428,-39.921911849959876
-27.569946841052108,-39.91919981562806
-27.564974539309933,-39.916486807817
-27.56000223756776,-39.91377282625077
-27.555029935825583,-39.91105787065318
-27.55005763408341,-39.90834194074811
-27.545085332341234,-39.90562503625929
-27.540113030599063,-39.902907156910395
-27.535140728856888,-39.90018830242519
-27.530168427114713,-39.89746847252722
-27.52519612537254,-39.89474766694002
-27.520223823630364,-39.892025885387206
-27.51525152188819,-39.88930312759211
-27.510279220146014,-39.886579393278176
-27.505306918403843,-39.88385468216873
-27.500334616661668,-39.88112899398705
-27.495362314919493,-39.87840232845638
-27.49039001317732,-39.8756746852999
-27.485417711435144,-39.872946064240715
-27.48044540969297,-39.87021646500191
-27.475473107950798,-39.867485887306465
-27.470500806208623,-39.86475433087744
-27.465528504466448,-39.86202179543758
-27.460556202724273,-39.859288280709855
-27.4555839009821,-39.856553786417045
-27.450611599239924,-39.853818312281845
-27.445639297497753,-39.85108185802698
-27.440666995755578,-39.848344423375046
-27.435694694013403,-39.84560600804868
-27.430722392271228,-39.842866611770354
-27.425750090529053,-39.8401262342626
-27.42077778878688,-39.83738487524775
-27.415805487044704,-39.83464253444819
-27.410833185302533,-39.831899211586254
-27.405860883560358,-39.82915490638423
-27.400888581818183,-39.826409618564206
-27.39591628007601,-39.82366334784845
-27.390943978333834,-39.820916093958964
-27.38597167659166,-39.818167856617784
-27.380999374849488,-39.815418635546926
-27.376027073107313,-39.81266843046836
-27.371054771365138,-39.80991724110386
-27.366082469622963,-39.80716506717531
-27.36111016788079,-39.80441190840443
-27.356137866138614,-39.80165776451296
-27.351165564396442,-39.79890263522256
-27.346193262654268,-39.796146520254766
-27.341220960912093,-39.793389419331234
-27.336248659169918,-39.79063133217334
-27.331276357427743,-39.787872258502624
-27.32630405568557,-39.785112198040416
-27.321331753943394,-39.78235115050804
-27.316359452201223,-39.77958911562676
-27.311387150459048,-39.77682609311783
-27.306414848716873,-39.77406208270241
-27.301442546974698,-39.771297084101576
-27.296470245232523,-39.76853109703647
-27.29149794349035,-39.76576412122796
-27.286525641748177,-39.76299615639711
-27.281553340006003,-39.76022720226479
-27.276581038263828,-39.75745725855178
-27.271608736521653,-39.754686324978884
-27.26663643477948,-39.75191440126693
-27.261664133037304,-39.74914148713646
-27.256691831295132,-39.746367582308174
-27.251719529552958,-39.74359268650264
-27.246747227810783,-39.74081679944028
-27.241774926068608,-39.73803992084168
-27.236802624326433,-39.735262050427195
-27.23183032258426,-39.73248318791712
-27.226858020842084,-39.72970333303179
-27.221885719099912,-39.72692248549154
-27.216913417357738,-39.72414064501638
-27.211941115615563,-39.72135781132655
-27.206968813873388,-39.71857398414213
-27.201996512131213,-39.71578916318309
-27.19702421038904,-39.71300334816943
-27.192051908646867,-39.7102165388211
-27.187079606904692,-39.7074287348579
-27.182107305162518,-39.70463993599962
-27.177135003420343,-39.70185014196611
-27.172162701678168,-39.699059352476986
-27.167190399935993,-39.69626756725194
-27.162218098193822,-39.69347478601047
-27.157245796451647,-39.69068100847222
-27.152273494709473,-39.687886234356654
-27.147301192967298,-39.6850904633831
-27.142328891225123,-39.682293695271
-27.13735658948295,-39.67949592973969
-27.132384287740773,-39.67669716650835
-27.127411985998602,-39.67389740529629
-27.122439684256427,-39.67109664582262
-27.117467382514253,-39.66829488780641
-27.112495080772078,-39.66549213096671
-27.107522779029903,-39.662688375022526
-27.10255047728773,-39.659883619692835
-27.097578175545557,-39.657077864696454
-27.092605873803382,-39.654271109752244
-27.087633572061208,-39.651463354578944
-27.082661270319033,-39.64865459889529
-27.077688968576858,-39.64584484241995
-27.072716666834683,-39.64303408487154
-27.067744365092512,-39.640222325968594
-27.062772063350337,-39.63740956542959
-27.057799761608162,-39.634595802973045
-27.052827459865988,-39.63178103831729
-27.047855158123813,-39.62896527118075
-27.042882856381638,-39.62614850128154
-27.037910554639463,-39.623330728338
-27.032938252897292,-39.62051195206832
-27.027965951155117,-39.617692172190594
-27.022993649412943,-39.61487138842284
-27.018021347670768,-39.61204960048316
-27.013049045928593,-39.60922680808943
-27.00807674418642,-39.606403010959546
-27.003104442444247,-39.60357820881141
-26.998132140702072,-39.60075240136282
-26.993159838959897,-39.59792558833146
-26.988187537217723,-39.595097769435036
-26.983215235475548,-39.59226894439116
-26.978242933733373,-39.58943911291743
-26.973270631991202,-39.58660827473138
-26.968298330249027,-39.583776429550475
-26.963326028506852,-39.58094357709206
-26.958353726764678,-39.57810971707356
-26.953381425022503,-39.57527484921224
-26.948409123280328,-39.57243897322539
-26.943436821538153,-39.56960208883018
-26.938464519795982,-39.566764195743694
-26.933492218053807,-39.56392529368307
-26.928519916311632,-39.56108538236543
-26.923547614569458,-39.558244461507556
-26.918575312827283,-39.55540253082649
-26.913603011085108,-39.55255959003915
-26.908630709342937,-39.549715638862175
-26.903658407600762,-39.546870677012464
-26.898686105858587,-39.5440247042067
-26.893713804116413,-39.541177720161464
-26.888741502374238,-39.53832972459343
-26.883769200632063,-39.53548071721907
-26.87879689888989,-39.53263069775494
-26.873824597147717,-39.52977966591741
-26.868852295405542,-39.526927621422885
-26.863879993663367,-39.524074563987696
-26.858907691921193,-39.52122049332805
-26.853935390179018,-39.518365409160296
-26.848963088436843,-39.51550931120044
-26.843990786694672,-39.51265219916463
-26.839018484952497,-39.50979407276898
-26.834046183210322,-39.50693493172941
-26.829073881468148,-39.504074775761914
-26.824101579725973,-39.50121360458238
-26.819129277983798,-39.498351417906576
-26.814156976241627,-39.495488215450315
-26.809184674499452,-39.49262399692931
-26.804212372757277,-39.48975876205928
-26.799240071015102,-39.486892510555805
-26.794267769272928,-39.48402524213442
-26.789295467530753,-39.481156956510645
-26.78432316578858,-39.47828765339991
-26.779350864046407,-39.47541733251771
-26.774378562304232,-39.472545993579246
-26.769406260562057,-39.4696736362999
-26.764433958819883,-39.46680026039487
-26.759461657077708,-39.463925865579334
-26.754489355335533,-39.46105045156843
-26.74951705359336,-39.45817401807722
-26.744544751851187,-39.455296564820706
-26.739572450109012,-39.45241809151386
-26.734600148366837,-39.449538597871616
-26.729627846624663,-39.44665808360878
-26.724655544882488,-39.44377654844015
-26.719683243140317,-39.44089399208048
-26.714710941398142,-39.43801041424447
-26.709738639655967,-39.43512581464673
-26.704766337913792,-39.43224019300188
-26.699794036171618,-39.42935354902439
-26.694821734429443,-39.42646588242877
-26.68984943268727,-39.42357719292942
-26.684877130945097,-39.4206874802407
-26.679904829202922,-39.417796744076924
-26.674932527460747,-39.414904984152315
-26.669960225718572,-39.41201220018109
-26.664987923976398,-39.40911839187744
-26.660015622234223,-39.406223558955354
-26.65504332049205,-39.40332770112895
-26.650071018749877,-39.40043081811218
-26.645098717007702,-39.39753290961895
-26.640126415265527,-39.39463397536315
-26.635154113523352,-39.39173401505859
-26.630181811781178,-39.388833028419036
-26.625209510039006,-39.38593101515815
-26.62023720829683,-39.3830279749897
-26.615264906554657,-39.38012390762716
-26.610292604812482,-39.377218812784115
-26.605320303070307,-39.374312690174094
-26.600348001328133,-39.37140553951042
-26.59537569958596,-39.368497360506666
-26.590403397843787,-39.36558815287599
-26.585431096101612,-39.36267791633164
-26.580458794359437,-39.359766650586984
-26.575486492617262,-39.3568543553551
-26.570514190875087,-39.35394103034909
-26.565541889132913,-39.35102667528201
-26.56056958739074,-39.3481112898669
-26.555597285648567,-39.34519487381661
-26.550624983906392,-39.34227742684411
-26.545652682164217,-39.339358948662266
-26.540680380422042,-39.33643943898376
-26.535708078679868,-39.3335188975213
-26.530735776937696,-39.330597323987725
-26.52576347519552,-39.32767471809546
-26.520791173453347,-39.32475107955722
-26.515818871711172,-39.3218264080854
-26.510846569968997,-39.3189007033925
-26.505874268226822,-39.31597396519092
-26.50090196648465,-39.31304619319302
-26.495929664742476,-39.310117387111035
-26.4909573630003,-39.30718754665725
-26.485985061258127,-39.30425667154384
-26.481012759515952,-39.301324761482896
-26.476040457773777,-39.29839181618652
-26.471068156031603,-39.29545783536675
-26.46609585428943,-39.29252281873547
-26.461123552547257,-39.28958676600464
-26.456151250805082,-39.28664967688615
-26.451178949062907,-39.283711551091734
-26.446206647320732,-39.280772388333155
-26.441234345578557,-39.27783218832212
-26.436262043836386,-39.274890950770256
-26.43128974209421,-39.271948675389126
-26.426317440352037,-39.269005361890265
-26.421345138609862,-39.26606100998517
-26.416372836867687,-39.263115619385225
-26.411400535125512,-39.26016918980184
-26.40642823338334,-39.257221720946234
-26.401455931641166,-39.25427321252972
-26.39648362989899,-39.25132366426351
-26.391511328156817,-39.24837307585874
-26.386539026414642,-39.24542144702642
-26.381566724672467,-39.24246877747777
-26.376594422930292,-39.23951506692356
-26.37162212118812,-39.23656031507483
-26.366649819445946,-39.23360452164243
-26.36167751770377,-39.23064768633714
-26.356705215961597,-39.22768980886983
-26.351732914219422,-39.22473088895114
-26.346760612477247,-39.22177092629168
-26.341788310735076,-39.21880992060211
-26.3368160089929,-39.21584787159298
-26.331843707250727,-39.21288477897472
-26.32687140550855,-39.209920642457774
-26.321899103766377,-39.206955461752614
-26.316926802024202,-39.20398923656947
-26.31195450028203,-39.20102196661862
-26.306982198539856,-39.19805365161036
-26.30200989679768,-39.19508429125476
-26.297037595055507,-39.19211388526196
-26.292065293313332,-39.18914243334206
-26.287092991571157,-39.18616993520496
-26.282120689828982,-39.18319639056072
-26.27714838808681,-39.18022179911912
-26.272176086344636,-39.17724616059007
-26.26720378460246,-39.1742694746833
-26.262231482860287,-39.171291741108625
-26.257259181118112,-39.16831295957564
-26.252286879375937,-39.165333129793915
-26.247314577633766,-39.16235225147319
-26.24234227589159,-39.15937032432273
-26.237369974149416,-39.15638734805221
-26.23239767240724,-39.15340332237089
-26.227425370665067,-39.15041824698818
-26.222453068922892,-39.14743212161336
-26.21748076718072,-39.14444494595563
-26.212508465438546,-39.14145671972422
-26.20753616369637,-39.13846744262816
-26.202563861954197,-39.135477114376634
-26.19759156021202,-39.132485734678674
-26.192619258469847,-39.12949330324311
-26.187646956727672,-39.12649981977894
-26.1826746549855,-39.123505283995065
-26.177702353243326,-39.12050969560014
-26.17273005150115,-39.11751305430305
-26.167757749758977,-39.11451535981238
-26.162785448016802,-39.11151661183682
-26.157813146274627,-39.10851681008497
-26.152840844532456,-39.105515954265286
-26.14786854279028,-39.102514044086334
-26.142896241048106,-39.099511079256445
-26.13792393930593,-39.09650705948402
-26.132951637563757,-39.09350198447737
-26.127979335821582,-39.09049585394468
-26.12300703407941,-39.08748866759424
-26.118034732337236,-39.084480425134196
-26.11306243059506,-39.08147112627257
-26.108090128852886,-39.07846077071741
-26.10311782711071,-39.07544935817676
-26.098145525368537,-39.07243688835846
-26.093173223626362,-39.06942336097047
-26.08820092188419,-39.06640877572049
-26.083228620142016,-39.06339313231638
-26.07825631839984,-39.06037643046584
-26.073284016657666,-39.057358669876486
-26.06831171491549,-39.054339850255936
-26.063339413173317,-39.05131997131171
-26.058367111431146,-39.048299032751366
-26.05339480968897,-39.045277034282236
-26.048422507946796,-39.04225397561181
-26.04345020620462,-39.03922985644725
-26.038477904462447,-39.03620467649601
-26.033505602720272,-39.03317843546525
-26.0285333009781,-39.030151133062034
-26.023560999235926,-39.027122768993635
-26.01858869749375,-39.02409334296696
-26.013616395751576,-39.021062854689106
-26.0086440940094,-39.0180313038669
-26.003671792267227,-39.014998690207385
-25.998699490525052,-39.01196501341729
-25.99372718878288,-39.00893027320338
-25.988754887040706,-39.00589446927249
-25.98378258529853,-39.0028576013312
-25.978810283556356,-38.99981966908612
-25.97383798181418,-38.99678067224388
-25.968865680072007,-38.99374061051089
-25.963893378329836,-38.99069948359371
-25.95892107658766,-38.98765729119866
-25.953948774845486,-38.984614033032145
-25.94897647310331,-38.98156970880035
-25.944004171361136,-38.97852431820962
-25.93903186961896,-38.97547786096611
-25.93405956787679,-38.97243033677589
-25.929087266134616,-38.969381745345125
-25.92411496439244,-38.966332086379694
-25.919142662650266,-38.963281359585714
-25.91417036090809,-38.960229564668985
-25.909198059165917,-38.95717670133534
-25.904225757423742,-38.95412276929069
-25.89925345568157,-38.95106776824069
-25.894281153939396,-38.94801169789103
-25.88930885219722,-38.94495455794737
-25.884336550455046,-38.94189634811533
-25.87936424871287,-38.93883706810035
-25.874391946970697,-38.935776717607986
-25.869419645228525,-38.93271529634356
-25.86444734348635,-38.929652804012484
-25.859475041744176,-38.92658924032008
-25.854502740002,-38.923524604971526
-25.849530438259826,-38.92045889767215
-25.84455813651765,-38.91739211812693
-25.83958583477548,-38.91432426604112
-25.834613533033306,-38.911255341119634
-25.82964123129113,-38.9081853430675
-25.824668929548956,-38.905114271589625
-25.81969662780678,-38.90204212639091
-25.814724326064606,-38.898968907176105
-25.80975202432243,-38.895894613650064
-25.80477972258026,-38.89281924551741
-25.799807420838086,-38.889742802482836
-25.79483511909591,-38.886665284250924
-25.789862817353736,-38.883586690526194
-25.78489051561156,-38.88050702101321
-25.779918213869387,-38.87742627541631
-25.774945912127215,-38.87434445343994
-25.76997361038504,-38.8712615547884
-25.765001308642866,-38.86817757916594
-25.76002900690069,-38.86509252627681
-25.755056705158516,-38.86200639582515
-25.75008440341634,-38.85891918751507
-25.74511210167417,-38.85583090105064
-25.740139799931995,-38.852741536135845
-25.73516749818982,-38.84965109247458
-25.730195196447646,-38.846559569770804
-25.72522289470547,-38.843466967728276
-25.720250592963296,-38.84037328605087
-25.71527829122112,-38.83727852444222
-25.71030598947895,-38.83418268260604
-25.705333687736776,-38.8310857602459
-25.7003613859946,-38.827987757065415
-25.695389084252426,-38.824888672768104
-25.69041678251025,-38.82178850705736
-25.685444480768076,-38.81868725963658
-25.680472179025905,-38.815584930209134
-25.67549987728373,-38.812481518478315
-25.670527575541556,-38.80937702414733
-25.66555527379938,-38.80627144691933
-25.660582972057206,-38.80316478649754
-25.65561067031503,-38.80005704258494
-25.65063836857286,-38.79694821488455
-25.645666066830685,-38.79383830309935
-25.64069376508851,-38.79072730693222
-25.635721463346336,-38.7876152260861
-25.63074916160416,-38.784502060263684
-25.625776859861986,-38.78138780916773
-25.62080455811981,-38.778272472500895
-25.61583225637764,-38.77515604996593
-25.610859954635465,-38.7720385412653
-25.60588765289329,-38.768919946101605
-25.600915351151116,-38.76580026417724
-25.59594304940894,-38.76267949519466
-25.590970747666766,-38.75955763885618
-25.585998445924595,-38.75643469486419
-25.58102614418242,-38.753310662920846
-25.576053842440245,-38.75018554272844
-25.57108154069807,-38.747059333988986
-25.566109238955896,-38.74393203640467
-25.56113693721372,-38.74080364967751
-25.55616463547155,-38.737674173509475
-25.551192333729375,-38.73454360760244
-25.5462200319872,-38.73141195165833
-25.541247730245026,-38.728279205378925
-25.53627542850285,-38.72514536846603
-25.531303126760676,-38.722010440621304
-25.5263308250185,-38.71887442154643
-25.52135852327633,-38.715737310942956
-25.516386221534155,-38.71259910851246
-25.51141391979198,-38.70945981395641
-25.506441618049806,-38.7063194269762
-25.50146931630763,-38.70317794727325
-25.496497014565456,-38.70003537454897
-25.491524712823285,-38.69689170850444
-25.48655241108111,-38.69374694884101
-25.481580109338935,-38.69060109525976
-25.47660780759676,-38.68745414746187
-25.471635505854586,-38.68430610514833
-25.46666320411241,-38.68115696802017
-25.46169090237024,-38.678006735778304
-25.456718600628065,-38.674855408123605
-25.45174629888589,-38.67170298475695
-25.446773997143715,-38.66854946537908
-25.44180169540154,-38.66539484969072
-25.436829393659366,-38.66223913739251
-25.43185709191719,-38.65908232818513
-25.42688479017502,-38.65592442176908
-25.421912488432845,-38.65276541784489
-25.41694018669067,-38.64960531611297
-25.411967884948496,-38.646444116273784
-25.40699558320632,-38.643281818027646
-25.402023281464146,-38.640118421074796
-25.397050979721975,-38.63695392511549
-25.3920786779798,-38.633788329849914
-25.387106376237625,-38.63062163497816
-25.38213407449545,-38.62745384020033
-25.377161772753276,-38.624284945216445
-25.3721894710111,-38.621114949726376
-25.36721716926893,-38.61794385343016
-25.362244867526755,-38.61477165602753
-25.35727256578458,-38.61159835721832
-25.352300264042405,-38.608423956702275
-25.34732796230023,-38.60524845417909
-25.342355660558056,-38.60207184934835
-25.33738335881588,-38.59889414190963
-25.33241105707371,-38.59571533156254
-25.327438755331535,-38.59253541800646
-25.32246645358936,-38.58935440094083
-25.317494151847185,-38.58617228006495
-25.31252185010501,-38.58298905507825
-25.307549548362836,-38.57980472567985
-25.302577246620665,-38.57661929156902
-25.29760494487849,-38.57343275244484
-25.292632643136315,-38.57024510800643
-25.28766034139414,-38.56705635795281
-25.282688039651966,-38.56386650198301
-25.27771573790979,-38.560675539795824
-25.27274343616762,-38.55748347109026
-25.267771134425445,-38.554290295564975
-25.26279883268327,-38.55109601291887
-25.257826530941095,-38.54790062285058
-25.25285422919892,-38.54470412505873
-25.247881927456746,-38.54150651924198
-25.24290962571457,-38.53830780509879
-25.2379373239724,-38.53510798232768
-25.232965022230225,-38.531907050627105
-25.22799272048805,-38.5287050096954
-25.223020418745875,-38.52550185923087
-25.2180481170037,-38.52229759893187
-25.213075815261526,-38.51909222849649
-25.208103513519355,-38.51588574762296
-25.20313121177718,-38.512678156009365
-25.198158910035005,-38.509469453353766
-25.19318660829283,-38.506259639354134
-25.188214306550655,-38.50304871370841
-25.18324200480848,-38.499836676114455
-25.17826970306631,-38.4966235262701
-25.173297401324135,-38.493409263873176
-25.16832509958196,-38.49019388862138
-25.163352797839785,-38.48697740021237
-25.15838049609761,-38.483759798343684
-25.153408194355436,-38.480541082712975
-25.14843589261326,-38.477321253017706
-25.14346359087109,-38.474100308955336
-25.138491289128915,-38.47087825022325
-25.13351898738674,-38.46765507651877
-25.128546685644565,-38.464430787539165
-25.12357438390239,-38.46120538298174
-25.118602082160216,-38.457978862543555
-25.113629780418044,-38.45475122592185
-25.10865747867587,-38.45152247281358
-25.103685176933695,-38.44829260291584
-25.09871287519152,-38.44506161592551
-25.093740573449345,-38.441829511539545
-25.08876827170717,-38.43859628945479
-25.083795969965,-38.43536194936798
-25.078823668222824,-38.43212649097597
-25.07385136648065,-38.42888991397527
-25.068879064738475,-38.42565221806267
-25.0639067629963,-38.422413402934644
-25.058934461254125,-38.41917346828772
-25.05396215951195,-38.415932413818375
-25.04898985776978,-38.41269023922308
-25.044017556027605,-38.409446944198066
-25.03904525428543,-38.40620252843976
-25.034072952543255,-38.40295699164433
-25.02910065080108,-38.39971033350802
-25.024128349058905,-38.39646255372686
-25.019156047316734,-38.39321365199705
-25.01418374557456,-38.38996362801459
-25.009211443832385,-38.38671248147539
-25.00423914209021,-38.38346021207539
-24.999266840348035,-38.38020681951055
-24.99429453860586,-38.37695230347658
-24.98932223686369,-38.3736966636692
-24.984349935121514,-38.370439899784216
-24.97937763337934,-38.36718201151722
-24.974405331637165,-38.36392299856377
-24.96943302989499,-38.3606628606195
-24.964460728152815,-38.3574015973798
-24.95948842641064,-38.35413920854012
-24.95451612466847,-38.35087569379586
-24.949543822926294,-38.347611052842296
-24.94457152118412,-38.344345285374715
-24.939599219441945,-38.34107839108834
-24.93462691769977,-38.337810369678316
-24.929654615957595,-38.33454122083972
-24.924682314215424,-38.331270944267565
-24.91971001247325,-38.327999539656965
-24.914737710731075,-38.32472700670272
-24.9097654089889,-38.32145334509984
-24.904793107246725,-38.318178554542996
-24.89982080550455,-38.31490263472711
-24.89484850376238,-38.311625585346796
-24.889876202020204,-38.3083474060968
-24.88490390027803,-38.30506809667166
-24.879931598535855,-38.30178765676592
-24.87495929679368,-38.29850608607418
-24.869986995051505,-38.29522338429076
-24.86501469330933,-38.29193955111013
-24.86004239156716,-38.288654586226606
-24.855070089824984,-38.285368489334495
-24.85009778808281,-38.282081260127974
-24.845125486340635,-38.278792898301255
-24.84015318459846,-38.27550340354845
-24.835180882856285,-38.27221277556358
-24.830208581114114,-38.26892101404067
-24.82523627937194,-38.26562811867374
-24.820263977629764,-38.262334089156575
-24.81529167588759,-38.259038925183134
-24.810319374145415,-38.25574262644714
-24.80534707240324,-38.25244519264233
-24.80037477066107,-38.24914662346241
-24.795402468918894,-38.245846918600996
-24.79043016717672,-38.24254607775165
-24.785457865434545,-38.23924410060787
-24.78048556369237,-38.235940986863184
-24.775513261950195,-38.23263673621092
-24.77054096020802,-38.22933134834452
-24.76556865846585,-38.22602482295721
-24.760596356723674,-38.22271715974229
-24.7556240549815,-38.21940835839291
-24.750651753239325,-38.21609841860218
-24.74567945149715,-38.21278734006326
-24.740707149754975,-38.20947512246912
-24.735734848012804,-38.206161765512725
-24.73076254627063,-38.20284726888704
-24.725790244528454,-38.19953163228486
-24.72081794278628,-38.19621485539908
-24.715845641044105,-38.19289693792242
-24.71087333930193,-38.189577879547535
-24.70590103755976,-38.18625767996711
-24.700928735817584,-38.18293633887371
-24.69595643407541,-38.17961385595987
-24.690984132333234,-38.17629023091811
-24.68601183059106,-38.17296546344085
-24.681039528848885,-38.169639553220414
-24.67606722710671,-38.166312499949164
-24.67109492536454,-38.1629843033193
-24.666122623622364,-38.159654963023144
-24.66115032188019,-38.15632447875278
-24.656178020138015,-38.15299285020026
-24.65120571839584,-38.14966007705775
-24.646233416653665,-38.14632615901712
-24.641261114911494,-38.14299109577035
-24.63628881316932,-38.13965488700937
-24.631316511427144,-38.136317532425934
-24.62634420968497,-38.13297903171181
-24.621371907942795,-38.129639384558786
-24.61639960620062,-38.1262985906585
-24.61142730445845,-38.12295664970253
-24.606455002716274,-38.11961356138244
-24.6014827009741,-38.11626932538976
-24.596510399231924,-38.112923941415836
-24.59153809748975,-38.10957740915217
-24.586565795747575,-38.10622972829011
-24.5815934940054,-38.102880898520844
-24.57662119226323,-38.09953091953564
-24.571648890521054,-38.096179791025676
-24.56667658877888,-38.0928275126821
-24.561704287036704,-38.08947408419589
-24.55673198529453,-38.08611950525813
-24.551759683552355,-38.08276377555972
-24.546787381810184,-38.0794068947916
-24.54181508006801,-38.07604886264457
-24.536842778325834,-38.07268967880952
-24.53187047658366,-38.069329342977085
-24.526898174841484,-38.065967854837986
-24.52192587309931,-38.062605214082815
-24.51695357135714,-38.05924142040221
-24.511981269614964,-38.05587647348664
-24.50700896787279,-38.052510373026564
-24.502036666130614,-38.04914311871243
-24.49706436438844,-38.04577471023452
-24.492092062646265,-38.042405147283226
-24.48711976090409,-38.03903442954873
-24.48214745916192,-38.03566255672122
-24.477175157419744,-38.03228952849088
-24.47220285567757,-38.02891534454777
-24.467230553935394,-38.0255400045819
-24.46225825219322,-38.02216350828324
-24.457285950451045,-38.01878585534177
-24.452313648708873,-38.01540704544724
-24.4473413469667,-38.01202707828956
-24.442369045224524,-38.008645953558464
-24.43739674348235,-38.0052636709436
-24.432424441740174,-38.00188023013467
-24.427452139998,-37.99849563082123
-24.42247983825583,-37.99510987269287
-24.417507536513654,-37.991722955438995
-24.41253523477148,-37.98833487874913
-24.407562933029304,-37.9849456423125
-24.40259063128713,-37.98155524581855
-24.397618329544954,-37.97816368895651
-24.39264602780278,-37.97477097141559
-24.38767372606061,-37.971377092884936
-24.382701424318434,-37.9679820530536
-24.37772912257626,-37.964585851610764
-24.372756820834084,-37.96118848824531
-24.36778451909191,-37.957789962646196
-24.362812217349735,-37.95439027450231
-24.357839915607563,-37.95098942350244
-24.35286761386539,-37.94758740933542
-24.347895312123214,-37.94418423168996
-24.34292301038104,-37.94077989025471
-24.337950708638864,-37.93737438471829
-24.33297840689669,-37.93396771476923
-24.32800610515452,-37.93055988009604
-24.323033803412343,-37.92715088038717
-24.31806150167017,-37.92374071533103
-24.313089199927994,-37.92032938461597
-24.30811689818582,-37.91691688793018
-24.303144596443644,-37.913503224961985
-24.29817229470147,-37.91008839539954
-24.2931999929593,-37.906672398930965
-24.288227691217124,-37.90325523524429
-24.28325538947495,-37.899836904027566
-24.278283087732774,-37.89641740496867
-24.2733107859906,-37.89299673775561
-24.268338484248424,-37.88957490207619
-24.263366182506253,-37.886151897618205
-24.25839388076408,-37.88272772406938
-24.253421579021904,-37.87930238111737
-24.24844927727973,-37.875875868449924
-24.243476975537554,-37.872448185754465
-24.23850467379538,-37.869019332718594
-24.233532372053208,-37.86558930902975
-24.228560070311033,-37.862158114375376
-24.22358776856886,-37.85872574844283
-24.218615466826684,-37.85529221091939
-24.21364316508451,-37.85185750149228
-24.208670863342334,-37.84842161984872
-24.20369856160016,-37.84498456567586
-24.198726259857988,-37.84154633866079
-24.193753958115813,-37.83810693849048
-24.18878165637364,-37.834666364851984
-24.183809354631464,-37.831224617432184
-24.17883705288929,-37.827781695917956
-24.173864751147114,-37.8243375999961
-24.168892449404943,-37.8208923293534
-24.16392014766277,-37.817445883676506
-24.158947845920594,-37.8139982626521
-24.15397554417842,-37.81054946596681
-24.149003242436244,-37.80709949330713
-24.14403094069407,-37.80364834435952
-24.139058638951898,-37.80019601881048
-24.134086337209723,-37.79674251634638
-24.12911403546755,-37.79328783665345
-24.124141733725374,-37.78983197941801
-24.1191694319832,-37.78637494432638
-24.114197130241024,-37.78291673106455
-24.10922482849885,-37.779457339318725
-24.104252526756678,-37.77599676877491
-24.099280225014503,-37.77253501911913
-24.09430792327233,-37.76907209003731
-24.089335621530154,-37.765607981215396
-24.08436331978798,-37.762142692339076
-24.079391018045804,-37.75867622309423
-24.074418716303633,-37.75520857316659
-24.069446414561458,-37.75173974224178
-24.064474112819283,-37.74826973000541
-24.05950181107711,-37.744798536143115
-24.054529509334934,-37.7413261603403
-24.04955720759276,-37.7378526022825
-24.044584905850588,-37.734377861655034
-24.039612604108413,-37.73090193814332
-24.03464030236624,-37.7274248314326
-24.029668000624063,-37.7239465412081
-24.02469569888189,-37.72046706715498
-24.019723397139714,-37.71698640895844
-24.01475109539754,-37.71350456630351
-24.009778793655368,-37.710021538875175
-24.004806491913193,-37.706537326358465
-23.99983419017102,-37.70305192843821
-23.994861888428844,-37.6995653447993
-23.98988958668667,-37.69607757512653
-23.984917284944494,-37.6925886191046
-23.979944983202323,-37.689098476418266
-23.974972681460148,-37.68560714675215
-23.970000379717973,-37.6821146297908
-23.9650280779758,-37.67862092521875
-23.960055776233624,-37.67512603272051
-23.95508347449145,-37.671629951980435
-23.950111172749278,-37.66813268268291
-23.945138871007103,-37.66463422451221
-23.940166569264928,-37.661134577152716
-23.935194267522753,-37.65763374028847
-23.93022196578058,-37.65413171360368
-23.925249664038404,-37.65062849678248
-23.92027736229623,-37.64712408950881
-23.915305060554058,-37.64361849146672
-23.910332758811883,-37.640111702340135
-23.90536045706971,-37.63660372181293
-23.900388155327533,-37.63309454956887
-23.89541585358536,-37.62958418529173
-23.890443551843184,-37.6260726286653
-23.885471250101013,-37.622559879373156
-23.880498948358838,-37.61904593709888
-23.875526646616663,-37.61553080152609
-23.87055434487449,-37.612014472338224
-23.865582043132314,-37.60849694921873
-23.86060974139014,-37.60497823185102
-23.855637439647968,-37.60145831991842
-23.850665137905793,-37.59793721310411
-23.845692836163618,-37.59441491109143
-23.840720534421443,-37.590891413563504
-23.83574823267927,-37.58736672020343
-23.830775930937094,-37.58384083069426
-23.82580362919492,-37.580313744719
-23.820831327452748,-37.576785461960576
-23.815859025710573,-37.573255982101934
-23.810886723968398,-37.56972530482588
-23.805914422226223,-37.566193429815215
-23.80094212048405,-37.56266035675265
-23.795969818741874,-37.55912608532081
-23.790997516999703,-37.55559061520244
-23.786025215257528,-37.55205394608001
-23.781052913515353,-37.548516077636044
-23.776080611773178,-37.544977009553044
-23.771108310031003,-37.54143674151335
-23.76613600828883,-37.53789527319935
-23.761163706546657,-37.534352604293375
-23.756191404804483,-37.53080873447758
-23.751219103062308,-37.527263663434205
-23.746246801320133,-37.523717390845356
-23.74127449957796,-37.52016991639317
-23.736302197835784,-37.516621239759566
-23.73132989609361,-37.51307136062656
-23.726357594351438,-37.50952027867615
-23.721385292609263,-37.50596799359006
-23.716412990867088,-37.50241450505019
-23.711440689124913,-37.498859812738225
-23.70646838738274,-37.495303916335885
-23.701496085640564,-37.49174681552482
-23.696523783898392,-37.48818850998664
-23.691551482156218,-37.48462899940287
-23.686579180414043,-37.48106828345492
-23.681606878671868,-37.4775063618243
-23.676634576929693,-37.473943234192355
-23.67166227518752,-37.47037890024038
-23.666689973445347,-37.466813359649635
-23.661717671703173,-37.46324661210137
-23.656745369960998,-37.45967865727668
-23.651773068218823,-37.456109494856676
-23.646800766476648,-37.452539124522445
-23.641828464734473,-37.448967545954964
-23.6368561629923,-37.44539475883515
-23.631883861250127,-37.44182076284386
-23.626911559507953,-37.43824555766197
-23.621939257765778,-37.434669142970215
-23.616966956023603,-37.431091518449314
-23.61199465428143,-37.42751268377995
-23.607022352539254,-37.42393263864275
-23.602050050797082,-37.42035138271828
-23.597077749054908,-37.41676891568693
-23.592105447312733,-37.41318523722924
-23.587133145570558,-37.40960034702556
-23.582160843828383,-37.40601424475629
-23.57718854208621,-37.40242693010168
-23.572216240344037,-37.3988384027419
-23.567243938601862,-37.39524866235721
-23.562271636859688,-37.391657708627704
-23.557299335117513,-37.38806554123343
-23.552327033375338,-37.38447215985442
-23.547354731633163,-37.38087756417059
-23.54238242989099,-37.3772817538619
-23.537410128148817,-37.37368472860812
-23.532437826406643,-37.370086488089115
-23.527465524664468,-37.366487031984676
-23.522493222922293,-37.36288635997434
-23.517520921180118,-37.35928447173781
-23.512548619437943,-37.35568136695473
-23.507576317695772,-37.3520770453045
-23.502604015953597,-37.34847150646667
-23.497631714211423,-37.34486475012062
-23.492659412469248,-37.34125677594572
-23.487687110727073,-37.33764758362128
-23.4827148089849,-37.33403717282656
-23.477742507242727,-37.33042554324074
-23.472770205500552,-37.326812694542966
-23.467797903758377,-37.32319862641228
-23.462825602016203,-37.319583338527806
-23.457853300274028,-37.31596683056845
-23.452880998531853,-37.31234910221318
-23.447908696789682,-37.30873015314085
-23.442936395047507,-37.305109983030306
-23.437964093305332,-37.301488591560236
-23.432991791563158,-37.297865978409426
-23.428019489820983,-37.294242143256476
-23.423047188078808,-37.29061708578001
-23.418074886336633,-37.28699080565854
-23.413102584594462,-37.28336330257061
-23.408130282852287,-37.279734576194656
-23.403157981110112,-37.27610462620897
-23.398185679367938,-37.27247345229199
-23.393213377625763,-37.268841054121985
-23.388241075883588,-37.26520743137703
-23.383268774141417,-37.261572583735465
-23.378296472399242,-37.25793651087531
-23.373324170657067,-37.25429921247465
-23.368351868914893,-37.250660688211504
-23.363379567172718,-37.24702093776371
-23.358407265430543,-37.24337996080929
-23.353434963688372,-37.23973775702602
-23.348462661946197,-37.236094326091724
-23.343490360204022,-37.232449667684094
-23.338518058461847,-37.22880378148082
-23.333545756719673,-37.22515666715951
-23.328573454977498,-37.22150832439779
-23.323601153235323,-37.217858752873106
-23.318628851493152,-37.21420795226294
-23.313656549750977,-37.21055592224472
-23.308684248008802,-37.206902662495736
-23.303711946266628,-37.20324817269337
-23.298739644524453,-37.19959245251476
-23.293767342782278,-37.19593550163721
-23.288795041040107,-37.19227731973771
-23.283822739297932,-37.18861790649351
-23.278850437555757,-37.184957261581545
-23.273878135813582,-37.181295384678755
-23.268905834071408,-37.17763227546211
-23.263933532329233,-37.173967933608424
-23.25896123058706,-37.17030235879455
-23.253988928844887,-37.16663555069724
-23.249016627102712,-37.16296750899317
-23.244044325360537,-37.159298233359
-23.239072023618363,-37.15562772347132
-23.234099721876188,-37.15195597900665
-23.229127420134013,-37.14828299964148
-23.22415511839184,-37.14460878505228
-23.219182816649667,-37.14093333491537
-23.214210514907492,-37.13725664890705
-23.209238213165317,-37.13357872670367
-23.204265911423143,-37.12989956798138
-23.199293609680968,-37.126219172416334
-23.194321307938797,-37.12253753968467
-23.189349006196622,-37.11885466946244
-23.184376704454447,-37.11517056142558
-23.179404402712272,-37.111485215250056
-23.174432100970098,-37.107798630611825
-23.169459799227923,-37.10411080718663
-23.16448749748575,-37.10042174465028
-23.159515195743577,-37.0967314426785
-23.154542894001402,-37.09303990094693
-23.149570592259227,-37.08934711913124
-23.144598290517052,-37.085653096906945
-23.139625988774878,-37.08195783394959
-23.134653687032703,-37.07826132993457
-23.12968138529053,-37.07456358453733
-23.124709083548357,-37.070864597433214
-23.119736781806182,-37.067164368297526
-23.114764480064007,-37.063462896805376
-23.109792178321833,-37.059760182632125
-23.104819876579658,-37.05605622545286
-23.099847574837487,-37.052351024942524
-23.09487527309531,-37.04864458077624
-23.089902971353137,-37.04493689262899
-23.084930669610962,-37.041227960175625
-23.079958367868787,-37.03751778309105
-23.074986066126613,-37.03380636105003
-23.07001376438444,-37.030093693727316
-23.065041462642267,-37.02637978079762
-23.060069160900092,-37.02266462193557
-23.055096859157917,-37.01894821681579
-23.050124557415742,-37.01523056511269
-23.045152255673568,-37.011511666500894
-23.040179953931393,-37.00779152065475
-23.03520765218922,-37.004070127248625
-23.030235350447047,-37.00034748595686
-23.025263048704872,-36.99662359645369
-23.020290746962697,-36.99289845841334
-23.015318445220522,-36.989172071509955
-23.010346143478348,-36.98544443541764
-23.005373841736176,-36.98171554981045
-23.000401539994,-36.977985414362294
-22.995429238251827,-36.97425402874719
-22.990456936509652,-36.97052139263897
-22.985484634767477,-36.96678750571153
-22.980512333025302,-36.963052367638575
-22.97554003128313,-36.95931597809384
-22.970567729540956,-36.95557833675102
-22.96559542779878,-36.95183944328366
-22.960623126056607,-36.94809929736541
-22.955650824314432,-36.94435789866965
-22.950678522572257,-36.940615246869925
-22.945706220830083,-36.93687134163962
-22.94073391908791,-36.93312618265204
-22.935761617345737,-36.92937976958047
-22.930789315603562,-36.92563210209815
-22.925817013861387,-36.92188317987824
-22.920844712119212,-36.91813300259393
-22.915872410377037,-36.9143815699182
-22.910900108634866,-36.910628881524154
-22.90592780689269,-36.90687493708463
-22.900955505150517,-36.90311973627269
-22.895983203408342,-36.899363278761015
-22.891010901666167,-36.895605564222585
-22.886038599923992,-36.89184659232998
-22.88106629818182,-36.88808636275596
-22.876093996439646,-36.88432487517318
-22.87112169469747,-36.88056212925419
-22.866149392955297,-36.876798124671545
-22.861177091213122,-36.87303286109767
-22.856204789470947,-36.869266338205016
-22.851232487728772,-36.865498555665994
-22.8462601859866,-36.861729513152824
-22.841287884244426,-36.85795921033782
-22.83631558250225,-36.85418764689315
-22.831343280760077,-36.85041482249101
-22.826370979017902,-36.84664073680343
-22.821398677275727,-36.84286538950253
-22.816426375533556,-36.83908878026021
-22.81145407379138,-36.83531090874845
-22.806481772049207,-36.83153177463915
-22.801509470307032,-36.82775137760408
-22.796537168564857,-36.82396971731502
-22.791564866822682,-36.820186793443696
-22.78659256508051,-36.8164026056618
-22.781620263338336,-36.81261715364093
-22.77664796159616,-36.8088304370526
-22.771675659853987,-36.80504245556833
-22.766703358111812,-36.80125320885954
-22.761731056369637,-36.79746269659766
-22.756758754627462,-36.793670918454005
-22.75178645288529,-36.78987787409991
-22.746814151143116,-36.78608356320651
-22.74184184940094,-36.78228798544505
-22.736869547658767,-36.77849114048665
-22.731897245916592,-36.77469302800237
-22.726924944174417,-36.770893647663144
-22.721952642432246,-36.76709299914
-22.71698034069007,-36.763291082103876
-22.712008038947896,-36.75948789622556
-22.70703573720572,-36.75568344117586
-22.702063435463547,-36.75187771662554
-22.697091133721372,-36.748070722245316
-22.6921188319792,-36.74426245770571
-22.687146530237026,-36.74045292267741
-22.68217422849485,-36.73664211683092
-22.677201926752677,-36.73283003983669
-22.6722296250105,-36.72901669136515
-22.667257323268327,-36.725202071086635
-22.662285021526152,-36.72138617867147
-22.65731271978398,-36.71756901378997
-22.652340418041806,-36.71375057611225
-22.64736811629963,-36.709930865308465
-22.642395814557457,-36.70610988104879
-22.637423512815282,-36.702287623003194
-22.632451211073107,-36.69846409084168
-22.627478909330936,-36.694639284234164
-22.62250660758876,-36.69081320285051
-22.617534305846586,-36.686985846360585
-22.61256200410441,-36.68315721443417
-22.607589702362237,-36.67932730674094
-22.602617400620062,-36.675496122950534
-22.59764509887789,-36.671663662732655
-22.592672797135716,-36.66782992575674
-22.58770049539354,-36.66399491169238
-22.582728193651366,-36.660158620208925
-22.57775589190919,-36.65632105097586
-22.572783590167017,-36.65248220366248
-22.567811288424842,-36.648642077938064
-22.56283898668267,-36.64480067347185
-22.557866684940496,-36.64095798993305
-22.55289438319832,-36.637114026990716
-22.547922081456147,-36.633268784313906
-22.54294977971397,-36.62942226157173
-22.537977477971797,-36.62557445843307
-22.533005176229626,-36.621725374566836
-22.52803287448745,-36.617875009641864
-22.523060572745276,-36.614023363327064
-22.5180882710031,-36.610170435291025
-22.513115969260927,-36.60631622520255
-22.508143667518752,-36.60246073273016
-22.50317136577658,-36.59860395754257
-22.498199064034406,-36.59474589930825
-22.49322676229223,-36.59088655769559
-22.488254460550056,-36.58702593237319
-22.48328215880788,-36.583164023009246
-22.478309857065707,-36.5793008292721
-22.473337555323532,-36.575436350830095
-22.46836525358136,-36.57157058735137
-22.463392951839186,-36.56770353850404
-22.45842065009701,-36.563835203956266
-22.453448348354836,-36.5599655833761
-22.44847604661266,-36.55609467643148
-22.443503744870487,-36.55222248279032
-22.438531443128316,-36.54834900212056
-22.43355914138614,-36.54447423409004
-22.428586839643966,-36.54059817836643
-22.42361453790179,-36.536720834617526
-22.418642236159616,-36.53284220251099
-22.41366993441744,-36.52896228171439
-22.40869763267527,-36.52508107189534
-22.403725330933096,-36.52119857272129
-22.39875302919092,-36.517314783859696
-22.393780727448746,-36.51342970497795
-22.38880842570657,-36.509543335743416
-22.383836123964397,-36.50565567582339
-22.378863822222222,-36.50176672488506
-22.37389152048005,-36.497876482595615
-22.368919218737876,-36.493984948622234
-22.3639469169957,-36.490092122631886
-22.358974615253526,-36.48619800429162
-22.35400231351135,-36.48230259326849
-22.349030011769177,-36.47840588922928
-22.344057710027005,-36.474507891840965
-22.33908540828483,-36.470608600770205
-22.334113106542656,-36.466708015683864
-22.32914080480048,-36.46280613624858
-22.324168503058306,-36.458902962130985
-22.31919620131613,-36.45499849299771
-22.31422389957396,-36.45109272851526
-22.309251597831786,-36.44718566835008
-22.30427929608961,-36.44327731216865
-22.299306994347436,-36.4393676596373
-22.29433469260526,-36.43545671042236
-22.289362390863086,-36.43154446419006
-22.28439008912091,-36.42763092060665
-22.27941778737874,-36.42371607933831
-22.274445485636566,-36.41979994005104
-22.26947318389439,-36.41588250241096
-22.264500882152216,-36.41196376608402
-22.25952858041004,-36.40804373073624
-22.254556278667867,-36.40412239603343
-22.249583976925695,-36.40019976164139
-22.24461167518352,-36.396275827226
-22.239639373441346,-36.3923505924529
-22.23466707169917,-36.38842405698778
-22.229694769956996,-36.38449622049629
-22.22472246821482,-36.38056708264395
-22.21975016647265,-36.37663664309622
-22.214777864730475,-36.37270490151866
-22.2098055629883,-36.36877185757661
-22.204833261246126,-36.364837510935416
-22.19986095950395,-36.36090186126041
-22.194888657761776,-36.35696490821674
-22.1899163560196,-36.353026651469676
-22.18494405427743,-36.34908709068435
-22.179971752535256,-36.34514622552576
-22.17499945079308,-36.341204055658956
-22.170027149050906,-36.337260580748996
-22.16505484730873,-36.333315800460674
-22.160082545566556,-36.3293697144589
-22.155110243824385,-36.32542232240849
-22.15013794208221,-36.32147362397418
-22.145165640340036,-36.31752361882066
-22.14019333859786,-36.31357230661261
-22.135221036855686,-36.309619687014624
-22.13024873511351,-36.30566575969115
-22.12527643337134,-36.3017105243068
-22.120304131629165,-36.29775398052595
-22.11533182988699,-36.293796128012914
-22.110359528144816,-36.28983696643213
-22.10538722640264,-36.285876495447745
-22.100414924660466,-36.2819147147241
-22.09544262291829,-36.27795162392525
-22.09047032117612,-36.273987222715306
-22.085498019433945,-36.27002151075841
-22.08052571769177,-36.26605448771851
-22.075553415949596,-36.262086153259546
-22.07058111420742,-36.258116507045386
-22.065608812465246,-36.25414554873992
-22.060636510723075,-36.250173278006905
-22.0556642089809,-36.24619969451007
-22.050691907238726,-36.24222479791307
-22.04571960549655,-36.23824858787958
-22.040747303754376,-36.234271064073134
-22.0357750020122,-36.23029222615725
-22.03080270027003,-36.226312073795455
-22.025830398527855,-36.22233060665102
-22.02085809678568,-36.21834782438738
-22.015885795043506,-36.214363726667834
-22.01091349330133,-36.21037831315567
-22.005941191559156,-36.20639158351397
-22.00096888981698,-36.20240353740596
-21.99599658807481,-36.19841417449472
-21.991024286332635,-36.19442349444327
-21.98605198459046,-36.19043149691454
-21.981079682848286,-36.18643818157148
-21.97610738110611,-36.18244354807704
-21.971135079363936,-36.17844759609394
-21.966162777621765,-36.174450325284965
-21.96119047587959,-36.17045173531283
-21.956218174137415,-36.16645182584021
-21.95124587239524,-36.16245059652964
-21.946273570653066,-36.15844804704374
-21.94130126891089,-36.15444417704498
-21.93632896716872,-36.15043898619579
-21.931356665426545,-36.14643247415855
-21.92638436368437,-36.14242464059562
-21.921412061942195,-36.1384154851693
-21.91643976020002,-36.134405007541716
-21.911467458457846,-36.1303932073751
-21.90649515671567,-36.12638008433159
-21.9015228549735,-36.12236563807326
-21.896550553231325,-36.11834986826206
-21.89157825148915,-36.11433277455997
-21.886605949746976,-36.11031435662893
-21.8816336480048,-36.10629461413072
-21.876661346262626,-36.10227354672719
-21.871689044520455,-36.098251154080074
-21.86671674277828,-36.09422743585105
-21.861744441036105,-36.09020239170171
-21.85677213929393,-36.08617602129371
-21.851799837551756,-36.08214832428853
-21.84682753580958,-36.078119300347666
-21.84185523406741,-36.0740889491325
-21.836882932325235,-36.070057270304446
-21.83191063058306,-36.06602426352477
-21.826938328840885,-36.0619899284548
-21.82196602709871,-36.05795426475564
-21.816993725356536,-36.05391727208852
-21.81202142361436,-36.049878950114525
-21.80704912187219,-36.04583929849464
-21.802076820130015,-36.04179831688994
-21.79710451838784,-36.03775600496129
-21.792132216645665,-36.0337123623696
-21.78715991490349,-36.02966738877571
-21.782187613161316,-36.02562108384039
-21.777215311419145,-36.02157344722438
-21.77224300967697,-36.017524478588264
-21.767270707934795,-36.013474177592755
-21.76229840619262,-36.00942254389838
-21.757326104450446,-36.00536957716558
-21.75235380270827,-36.001315277054935
-21.7473815009661,-35.99725964322674
-21.742409199223925,-35.99320267534138
-21.73743689748175,-35.98914437305916
-21.732464595739575,-35.98508473604026
-21.7274922939974,-35.981023763944926
-21.722519992255226,-35.97696145643328
-21.71754769051305,-35.97289781316541
-21.71257538877088,-35.96883283380128
-21.707603087028705,-35.964766518000914
-21.70263078528653,-35.960698865424206
-21.697658483544355,-35.95662987573103
-21.69268618180218,-35.95255954858121
-21.687713880060006,-35.94848788363446
-21.682741578317835,-35.94441488055049
-21.67776927657566,-35.940340538988984
-21.672796974833485,-35.93626485860952
-21.66782467309131,-35.93218783907164
-21.662852371349135,-35.92810948003477
-21.65788006960696,-35.92402978115846
-21.65290776786479,-35.91994874210199
-21.647935466122615,-35.91586636252476
-21.64296316438044,-35.911782642085974
-21.637990862638265,-35.90769758044493
-21.63301856089609,-35.903611177260714
-21.628046259153916,-35.8995234321925
-21.62307395741174,-35.8954343448993
-21.61810165566957,-35.891343915040174
-21.613129353927395,-35.887252142274015
-21.60815705218522,-35.88315902625976
-21.603184750443045,-35.87906456665619
-21.59821244870087,-35.87496876312222
-21.593240146958696,-35.87087161531645
-21.588267845216524,-35.866773122897655
-21.58329554347435,-35.862673285524444
-21.578323241732175,-35.85857210285538
-21.57335093999,-35.85446957454897
-21.568378638247825,-35.85036570026372
-21.56340633650565,-35.846260479658014
-21.55843403476348,-35.842153912390266
-21.553461733021305,-35.83804599811872
-21.54848943127913,-35.83393673650169
-21.543517129536955,-35.829826127197315
-21.53854482779478,-35.82571416986378
-21.533572526052605,-35.8216008641592
-21.52860022431043,-35.81748620974157
-21.52362792256826,-35.813370206268885
-21.518655620826085,-35.80925285339915
-21.51368331908391,-35.80513415079014
-21.508711017341735,-35.80101409809973
-21.50373871559956,-35.79689269498568
-21.498766413857386,-35.79276994110573
-21.493794112115214,-35.78864583611759
-21.48882181037304,-35.7845203796788
-21.483849508630865,-35.78039357144691
-21.47887720688869,-35.77626541107946
-21.473904905146515,-35.77213589823388
-21.46893260340434,-35.76800503256764
-21.46396030166217,-35.76387281373799
-21.458987999919994,-35.75973924140228
-21.45401569817782,-35.755604315217724
-21.449043396435645,-35.75146803484153
-21.44407109469347,-35.74733039993078
-21.439098792951295,-35.743191410142614
-21.43412649120912,-35.739051065134
-21.42915418946695,-35.73490936456197
-21.424181887724774,-35.73076630808338
-21.4192095859826,-35.72662189535514
-21.414237284240425,-35.722476126034024
-21.40926498249825,-35.71832899977679
-21.404292680756075,-35.7141805162402
-21.399320379013904,-35.710030675080816
-21.39434807727173,-35.705879475955285
-21.389375775529555,-35.70172691852016
-21.38440347378738,-35.69757300243188
-21.379431172045205,-35.69341772734695
-21.37445887030303,-35.68926109292169
-21.36948656856086,-35.68510309881249
-21.364514266818684,-35.68094374467555
-21.35954196507651,-35.67678303016716
-21.354569663334335,-35.672620954943426
-21.34959736159216,-35.668457518660524
-21.344625059849985,-35.664292720974494
-21.33965275810781,-35.66012656154133
-21.33468045636564,-35.65595904001698
-21.329708154623464,-35.65179015605735
-21.32473585288129,-35.647619909318315
-21.319763551139115,-35.6434482994557
-21.31479124939694,-35.639275326125166
-21.309818947654765,-35.63510098898239
-21.304846645912594,-35.63092528768313
-21.29987434417042,-35.62674822188284
-21.294902042428244,-35.6225697912371
-21.28992974068607,-35.61838999540138
-21.284957438943895,-35.61420883403108
-21.27998513720172,-35.61002630678163
-21.27501283545955,-35.60584241330824
-21.270040533717374,-35.60165715326626
-21.2650682319752,-35.597470526310865
-21.260095930233025,-35.593282532097206
-21.25512362849085,-35.5890931702804
-21.250151326748675,-35.58490244051548
-21.2451790250065,-35.58071034245743
-21.24020672326433,-35.576516875761214
-21.235234421522154,-35.57232204008166
-21.23026211977998,-35.568125835073694
-21.225289818037805,-35.56392826039204
-21.22031751629563,-35.55972931569143
-21.215345214553455,-35.555529000626514
-21.210372912811284,-35.55132731485195
-21.20540061106911,-35.54712425802227
-21.200428309326934,-35.542919829792055
-21.19545600758476,-35.538714029815665
-21.190483705842585,-35.53450685774759
-21.18551140410041,-35.53029831324213
-21.18053910235824,-35.526088395953636
-21.175566800616064,-35.52187710553631
-21.17059449887389,-35.51766444164433
-21.165622197131714,-35.5134504039319
-21.16064989538954,-35.50923499205305
-21.155677593647365,-35.50501820566183
-21.15070529190519,-35.50080004441223
-21.14573299016302,-35.496580507958136
-21.140760688420844,-35.49235959595351
-21.13578838667867,-35.48813730805209
-21.130816084936495,-35.48391364390762
-21.12584378319432,-35.47968860317393
-21.120871481452145,-35.47546218550453
-21.115899179709974,-35.4712343905532
-21.1109268779678,-35.4670052179733
-21.105954576225624,-35.462774667418465
-21.10098227448345,-35.45854273854215
-21.096009972741275,-35.45430943099762
-21.0910376709991,-35.45007474443834
-21.08606536925693,-35.445838678517546
-21.081093067514754,-35.441601232888466
-21.07612076577258,-35.43736240720429
-21.071148464030404,-35.43312220111811
-21.06617616228823,-35.42888061428305
-21.061203860546055,-35.424637646352146
-21.05623155880388,-35.4203932969783
-21.05125925706171,-35.416147565814455
-21.046286955319534,-35.41190045251347
-21.04131465357736,-35.407651956728174
-21.036342351835184,-35.40340207811128
-21.03137005009301,-35.399150816315526
-21.026397748350835,-35.39489817099352
-21.021425446608664,-35.390644141797864
-21.01645314486649,-35.38638872838113
-21.011480843124314,-35.38213193039578
-21.00650854138214,-35.37787374749426
-21.001536239639965,-35.37361417932897
-20.99656393789779,-35.369353225552125
-20.99159163615562,-35.36509088581615
-20.986619334413444,-35.36082715977322
-20.98164703267127,-35.356562047075435
-20.976674730929094,-35.352295547374965
-20.97170242918692,-35.34802766032384
-20.966730127444745,-35.34375838557415
-20.96175782570257,-35.33948772277776
-20.9567855239604,-35.33521567158658
-20.951813222218224,-35.33094223165251
-20.94684092047605,-35.32666740262729
-20.941868618733874,-35.3223911841627
-20.9368963169917,-35.31811357591043
-20.931924015249525,-35.31383457752208
-20.926951713507354,-35.30955418864927
-20.92197941176518,-35.30527240894351
-20.917007110023004,-35.30098923805624
-20.91203480828083,-35.29670467563898
-20.907062506538654,-35.292418721343
-20.90209020479648,-35.28813137481963
-20.89711790305431,-35.2838426357202
-20.892145601312134,-35.27955250369583
-20.88717329956996,-35.27526097839779
-20.882200997827784,-35.27096805947706
-20.87722869608561,-35.26667374658477
-20.872256394343434,-35.2623780393719
-20.86728409260126,-35.258080937489375
-20.86231179085909,-35.25378244058808
-20.857339489116914,-35.24948254831894
-20.85236718737474,-35.24518126033257
-20.847394885632564,-35.24087857627987
-20.84242258389039,-35.236574495811446
-20.837450282148215,-35.23226901857791
-20.832477980406043,-35.227962144229856
-20.82750567866387,-35.223653872417785
-20.822533376921694,-35.219344202792165
-20.81756107517952,-35.21503313500344
-20.812588773437344,-35.210720668701946
-20.80761647169517,-35.206406803537966
-20.802644169953,-35.20209153916177
-20.797671868210823,-35.197774875223594
-20.79269956646865,-35.19345681137352
-20.787727264726474,-35.18913734726169
-20.7827549629843,-35.1848164825381
-20.777782661242124,-35.18049421685285
-20.77281035949995,-35.17617054985573
-20.76783805775778,-35.17184548119669
-20.762865756015604,-35.16751901052554
-20.75789345427343,-35.16319113749208
-20.752921152531254,-35.158861861746
-20.74794885078908,-35.154531182936985
-20.742976549046904,-35.15019910071465
-20.738004247304733,-35.145865614728535
-20.73303194556256,-35.14153072462824
-20.728059643820384,-35.137194430063076
-20.72308734207821,-35.13285673068256
-20.718115040336034,-35.12851762613602
-20.71314273859386,-35.1241771160727
-20.708170436851688,-35.119835200141885
-20.703198135109513,-35.11549187799278
-20.69822583336734,-35.111147149274494
-20.693253531625164,-35.10680101363611
-20.68828122988299,-35.1024534707267
-20.683308928140814,-35.098104520195186
-20.67833662639864,-35.093754161690555
-20.67336432465647,-35.0894023948616
-20.668392022914293,-35.085049219357174
-20.66341972117212,-35.08069463482613
-20.658447419429944,-35.07633864091706
-20.65347511768777,-35.07198123727868
-20.648502815945594,-35.06762242355955
-20.643530514203423,-35.063262199408314
-20.63855821246125,-35.05890056447339
-20.633585910719074,-35.05453751840327
-20.6286136089769,-35.050173060846326
-20.623641307234724,-35.04580719145091
-20.61866900549255,-35.0414399098653
-20.613696703750378,-35.03707121573776
-20.608724402008203,-35.032701108716466
-20.60375210026603,-35.02832958844952
-20.598779798523854,-35.023956654585014
-20.59380749678168,-35.019582306770985
-20.588835195039504,-35.01520654465539
-20.58386289329733,-35.01082936788614
-20.578890591555158,-35.00645077611111
-20.573918289812983,-35.00207076897809
-20.56894598807081,-34.997689346134926
-20.563973686328634,-34.9933065072292
-20.55900138458646,-34.98892225190864
-20.554029082844284,-34.98453657982082
-20.549056781102113,-34.98014949061333
-20.544084479359938,-34.975760983933604
-20.539112177617763,-34.97137105942912
-20.53413987587559,-34.966979716747204
-20.529167574133414,-34.96258695553533
-20.52419527239124,-34.95819277544064
-20.519222970649068,-34.95379717611041
-20.514250668906893,-34.94940015719184
-20.50927836716472,-34.94500171833208
-20.504306065422544,-34.94060185917807
-20.49933376368037,-34.936200579376965
-20.494361461938194,-34.931797878575644
-20.48938916019602,-34.927393756421075
-20.484416858453848,-34.92298821256009
-20.479444556711673,-34.91858124663951
-20.4744722549695,-34.914172858306046
-20.469499953227324,-34.90976304720647
-20.46452765148515,-34.905351812987334
-20.459555349742974,-34.90093915529531
-20.454583048000803,-34.89652507377695
-20.449610746258628,-34.89210956807865
-20.444638444516453,-34.88769263784692
-20.43966614277428,-34.883274282728124
-20.434693841032104,-34.87885450236861
-20.42972153928993,-34.874433296414594
-20.424749237547758,-34.87001066451238
-20.419776935805583,-34.86558660630806
-20.414804634063408,-34.86116112144786
-20.409832332321233,-34.856734209577716
-20.40486003057906,-34.85230587034373
-20.399887728836884,-34.84787610339179
-20.39491542709471,-34.84344490836787
-20.389943125352538,-34.83901228491781
-20.384970823610363,-34.83457823268737
-20.37999852186819,-34.83014275132235
-20.375026220126013,-34.825705840468416
-20.37005391838384,-34.82126749977123
-20.365081616641664,-34.81682772887631
-20.360109314899493,-34.812386527429275
-20.355137013157318,-34.807943895075624
-20.350164711415143,-34.80349983146071
-20.34519240967297,-34.799054336229915
-20.340220107930794,-34.794607409028636
-20.33524780618862,-34.790159049502115
-20.330275504446448,-34.78570925729552
-20.325303202704273,-34.78125803205407
-20.320330900962098,-34.77680537342288
-20.315358599219923,-34.77235128104695
-20.31038629747775,-34.76789575457135
-20.305413995735574,-34.763438793641065
-20.3004416939934,-34.758980397900956
-20.295469392251228,-34.7545205669958
-20.290497090509053,-34.750059300570506
-20.285524788766878,-34.74559659826972
-20.280552487024703,-34.74113245973827
-20.27558018528253,-34.73666688462066
-20.270607883540354,-34.73219987256151
-20.265635581798183,-34.72773142320542
-20.260663280056008,-34.72326153619681
-20.255690978313833,-34.71879021118006
-20.25071867657166,-34.71431744779964
-20.245746374829483,-34.70984324569981
-20.24077407308731,-34.7053676045249
-20.235801771345137,-34.70089052391903
-20.230829469602963,-34.69641200352646
-20.225857167860788,-34.69193204299125
-20.220884866118613,-34.68745064195747
-20.21591256437644,-34.68296780006912
-20.210940262634264,-34.67848351697016
-20.20596796089209,-34.67399779230448
-20.200995659149918,-34.66951062571594
-20.196023357407743,-34.66502201684829
-20.191051055665568,-34.660531965345335
-20.186078753923393,-34.6560404708507
-20.18110645218122,-34.6515475330081
-20.176134150439044,-34.647053151461044
-20.171161848696872,-34.642557325853105
-20.166189546954698,-34.63806005582774
-20.161217245212523,-34.6335613410284
-20.156244943470348,-34.6290611810984
-20.151272641728173,-34.62455957568111
-20.146300339986,-34.620056524419795
-20.141328038243827,-34.61555202695766
-20.136355736501653,-34.61104608293784
-20.131383434759478,-34.60653869200349
-20.126411133017303,-34.6020298537976
-20.121438831275128,-34.59751956796328
-20.116466529532953,-34.593007834143386
-20.11149422779078,-34.58849465198083
-20.106521926048607,-34.583980021118506
-20.101549624306433,-34.57946394119917
-20.096577322564258,-34.57494641186554
-20.091605020822083,-34.57042743276034
-20.08663271907991,-34.56590700352617
-20.081660417337734,-34.561385123805685
-20.076688115595562,-34.55686179324134
-20.071715813853388,-34.55233701147566
-20.066743512111213,-34.547810778150996
-20.061771210369038,-34.543283092909796
-20.056798908626863,-34.53875395539437
-20.05182660688469,-34.534223365246916
-20.046854305142517,-34.5296913221097
-20.041882003400342,-34.5251578256249
-20.036909701658168,-34.5206228754346
-20.031937399915993,-34.516086471180834
-20.026965098173818,-34.51154861250564
-20.021992796431643,-34.50700929905097
-20.01702049468947,-34.50246853045869
-20.012048192947297,-34.4979263063707
-20.007075891205123,-34.493382626428684
-20.002103589462948,-34.488837490274506
-19.997131287720773,-34.48429089754976
-19.992158985978598,-34.479742847896155
-19.987186684236423,-34.47519334095522
-19.982214382494252,-34.4706423763685
-19.977242080752077,-34.46608995377746
-19.972269779009903,-34.46153607282357
-19.967297477267728,-34.456980733148136
-19.962325175525553,-34.45242393439253
-19.95735287378338,-34.44786567619797
-19.952380572041207,-34.443305958205734
-19.947408270299032,-34.43874478005688
-19.942435968556858,-34.434182141392654
-19.937463666814683,-34.42961804185401
-19.932491365072508,-34.42505248108197
-19.927519063330333,-34.42048545871751
-19.92254676158816,-34.41591697440151
-19.917574459845987,-34.411347027774816
-19.912602158103812,-34.40677561847819
-19.907629856361638,-34.40220274615246
-19.902657554619463,-34.39762841043828
-19.897685252877288,-34.39305261097624
-19.892712951135113,-34.38847534740692
-19.887740649392942,-34.383896619370894
-19.882768347650767,-34.37931642650866
-19.877796045908593,-34.37473476846058
-19.872823744166418,-34.37015164486704
-19.867851442424243,-34.365567055368416
-19.862879140682068,-34.36098099960495
-19.857906838939897,-34.35639347721682
-19.852934537197722,-34.351804487844184
-19.847962235455547,-34.34721403112724
-19.842989933713373,-34.34262210670596
-19.838017631971198,-34.33802871422034
-19.833045330229023,-34.33343385331041
-19.82807302848685,-34.32883752361606
-19.823100726744677,-34.32423972477707
-19.818128425002502,-34.31964045643327
-19.813156123260327,-34.315039718224455
-19.808183821518153,-34.310437509790205
-19.803211519775978,-34.30583383077027
-19.798239218033803,-34.30122868080417
-19.793266916291632,-34.29662205953146
-19.788294614549457,-34.29201396659159
-19.783322312807282,-34.28740440162402
-19.778350011065108,-34.28279336426812
-19.773377709322933,-34.278180854163246
-19.768405407580758,-34.27356687094859
-19.763433105838587,-34.26895141426344
-19.758460804096412,-34.26433448374691
-19.753488502354237,-34.259716079038185
-19.748516200612062,-34.25509619977627
-19.743543898869888,-34.250474845600195
-19.738571597127713,-34.245852016148866
-19.733599295385538,-34.241227711061285
-19.728626993643367,-34.236601929976196
-19.723654691901192,-34.23197467253249
-19.718682390159017,-34.227345938368856
-19.713710088416843,-34.222715727124
-19.708737786674668,-34.218084038436544
-19.703765484932493,-34.21345087194515
-19.698793183190322,-34.20881622728827
-19.693820881448147,-34.20418010410446
-19.688848579705972,-34.19954250203209
-19.683876277963797,-34.19490342070962
-19.678903976221623,-34.19026285977525
-19.673931674479448,-34.18562081886736
-19.668959372737277,-34.18097729762415
-19.663987070995102,-34.17633229568382
-19.659014769252927,-34.171685812684395
-19.654042467510752,-34.16703784826403
-19.649070165768578,-34.162388402060685
-19.644097864026403,-34.15773747371235
-19.639125562284228,-34.15308506285695
-19.634153260542057,-34.14843116913228
-19.629180958799882,-34.1437757921762
-19.624208657057707,-34.13911893162647
-19.619236355315532,-34.13446058712071
-19.614264053573358,-34.12980075829666
-19.609291751831183,-34.12513944479183
-19.60431945008901,-34.12047664624387
-19.599347148346837,-34.115812362290136
-19.594374846604662,-34.11114659256819
-19.589402544862487,-34.106479336715324
-19.584430243120313,-34.10181059436894
-19.579457941378138,-34.09714036516628
-19.574485639635967,-34.09246864874459
-19.56951333789379,-34.087795444741005
-19.564541036151617,-34.08312075279271
-19.559568734409442,-34.07844457253674
-19.554596432667267,-34.07376690361016
-19.549624130925093,-34.069087745649846
-19.544651829182918,-34.064407098292776
-19.539679527440747,-34.059724961175824
-19.534707225698572,-34.05504133393576
-19.529734923956397,-34.05035621620938
-19.524762622214222,-34.04566960763336
-19.519790320472048,-34.04098150784436
-19.514818018729873,-34.03629191647898
-19.5098457169877,-34.03160083317379
-19.504873415245527,-34.02690825756527
-19.499901113503352,-34.02221418928986
-19.494928811761177,-34.01751862798396
-19.489956510019002,-34.01282157328391
-19.484984208276828,-34.00812302482596
-19.480011906534656,-34.003422982246455
-19.47503960479248,-33.998721445181424
-19.470067303050307,-33.99401841326709
-19.465095001308132,-33.98931388613957
-19.460122699565957,-33.98460786343483
-19.455150397823783,-33.9799003447888
-19.450178096081608,-33.9751913298375
-19.445205794339437,-33.97048081821677
-19.44023349259726,-33.965768809562405
-19.435261190855087,-33.961055303510165
-19.430288889112912,-33.95634029969579
-19.425316587370737,-33.951623797754934
-19.420344285628563,-33.9469057973232
-19.41537198388639,-33.94218629803615
-19.410399682144217,-33.93746529952926
-19.405427380402042,-33.93274280143804
-19.400455078659867,-33.928018803397855
-19.395482776917692,-33.92329330504406
-19.390510475175518,-33.91856630601193
-19.385538173433346,-33.91383780593672
-19.38056587169117,-33.90910780445363
-19.375593569948997,-33.90437630119782
-19.370621268206822,-33.89964329580435
-19.365648966464647,-33.89490878790827
-19.360676664722472,-33.89017277714456
-19.3557043629803,-33.88543526314812
-19.350732061238126,-33.88069624555387
-19.34575975949595,-33.87595572399658
-19.340787457753777,-33.87121369811112
-19.335815156011602,-33.866470167532164
-19.330842854269427,-33.86172513189434
-19.325870552527252,-33.85697859083231
-19.32089825078508,-33.85223054398064
-19.315925949042906,-33.84748099097385
-19.31095364730073,-33.842729931446385
-19.305981345558557,-33.83797736503262
-19.301009043816382,-33.833223291367
-19.296036742074207,-33.8284677100838
-19.291064440332036,-33.823710620817195
-19.28609213858986,-33.81895202320147
-19.281119836847687,-33.81419191687077
-19.276147535105512,-33.80943030145915
-19.271175233363337,-33.80466717660073
-19.266202931621162,-33.79990254192944
-19.26123062987899,-33.79513639707918
-19.256258328136816,-33.79036874168392
-19.25128602639464,-33.785599575377525
-19.246313724652467,-33.78082889779367
-19.241341422910292,-33.776056708566145
-19.236369121168117,-33.77128300732866
-19.231396819425942,-33.7665077937148
-19.22642451768377,-33.761731067358184
-19.221452215941596,-33.75695282789224
-19.21647991419942,-33.752173074950605
-19.211507612457247,-33.747391808166526
-19.206535310715072,-33.742609027173515
-19.201563008972897,-33.737824731604796
-19.196590707230726,-33.73303892109364
-19.19161840548855,-33.728251595273335
-19.186646103746376,-33.723462753776964
-19.1816738020042,-33.71867239623768
-19.176701500262027,-33.713880522288484
-19.171729198519852,-33.709087131562455
-19.16675689677768,-33.70429222369248
-19.161784595035506,-33.69949579831151
-19.15681229329333,-33.69469785505237
-19.151839991551157,-33.68989839354788
-19.146867689808982,-33.68509741343071
-19.141895388066807,-33.68029491433365
-19.136923086324632,-33.67549089588929
-19.13195078458246,-33.670685357730264
-19.126978482840286,-33.66587829948902
-19.12200618109811,-33.66106972079813
-19.117033879355937,-33.65625962129
-19.112061577613762,-33.651448000596986
-19.107089275871587,-33.64663485835146
-19.102116974129416,-33.64182019418567
-19.09714467238724,-33.63700400773184
-19.092172370645066,-33.632186298622166
-19.08720006890289,-33.62736706648874
-19.082227767160717,-33.622546310963635
-19.077255465418542,-33.617724031678925
-19.07228316367637,-33.61290022826652
-19.067310861934196,-33.60807490035833
-19.06233856019202,-33.60324804758625
-19.057366258449846,-33.598419669582086
-19.05239395670767,-33.59358976597754
-19.047421654965497,-33.588758336404375
-19.042449353223322,-33.583925380494314
-19.03747705148115,-33.5790908978788
-19.032504749738976,-33.57425488818947
-19.0275324479968,-33.56941735105781
-19.022560146254627,-33.56457828611532
-19.01758784451245,-33.55973769299332
-19.012615542770277,-33.55489557132318
-19.007643241028106,-33.55005192073621
-19.00267093928593,-33.545206740863634
-18.997698637543756,-33.54036003133663
-18.99272633580158,-33.535511791786334
-18.987754034059407,-33.53066202184383
-18.982781732317232,-33.52581072114022
-18.97780943057506,-33.52095788930641
-18.972837128832886,-33.5161035259733
-18.96786482709071,-33.511247630771834
-18.962892525348536,-33.50639020333277
-18.95792022360636,-33.501531243287005
-18.952947921864187,-33.49667075026514
-18.947975620122012,-33.49180872389787
-18.94300331837984,-33.48694516381587
-18.938031016637666,-33.48208006964963
-18.93305871489549,-33.47721344102973
-18.928086413153316,-33.47234527758659
-18.92311411141114,-33.46747557895061
-18.918141809668967,-33.462604344752215
-18.913169507926796,-33.45773157462161
-18.90819720618462,-33.45285726818911
-18.903224904442446,-33.44798142508497
-18.89825260270027,-33.44310404493926
-18.893280300958097,-33.438225127382104
-18.88830799921592,-33.433344672043546
-18.88333569747375,-33.42846267855361
-18.878363395731576,-33.423579146542224
-18.8733910939894,-33.41869407563926
-18.868418792247226,-33.413807465474584
-18.86344649050505,-33.40891931567798
-18.858474188762877,-33.40402962587919
-18.853501887020702,-33.3991383957079
-18.84852958527853,-33.39424562479374
-18.843557283536356,-33.38935131276627
-18.83858498179418,-33.38445545925505
-18.833612680052006,-33.37955806388957
-18.82864037830983,-33.37465912629926
-18.823668076567657,-33.36975864611343
-18.818695774825486,-33.36485662296145
-18.81372347308331,-33.35995305647261
-18.808751171341136,-33.355047946276116
-18.80377886959896,-33.35014129200115
-18.798806567856786,-33.345233093276775
-18.79383426611461,-33.340323349732124
-18.78886196437244,-33.33541206099619
-18.783889662630266,-33.33049922669792
-18.77891736088809,-33.32558484646623
-18.773945059145916,-33.320668919929965
-18.76897275740374,-33.315751446717975
-18.764000455661566,-33.310832426458965
-18.75902815391939,-33.3059118587817
-18.75405585217722,-33.300989743314766
-18.749083550435046,-33.296066079686796
-18.74411124869287,-33.29114086752632
-18.739138946950696,-33.286214106461884
-18.73416664520852,-33.281285796121885
-18.729194343466347,-33.27635593613475
-18.724222041724175,-33.27142452612882
-18.719249739982,-33.266491565732345
-18.714277438239826,-33.26155705457359
-18.70930513649765,-33.25662099228073
-18.704332834755476,-33.25168337848196
-18.6993605330133,-33.246744212805304
-18.69438823127113,-33.2418034948788
-18.689415929528955,-33.236861224330426
-18.68444362778678,-33.23191740078817
-18.679471326044606,-33.22697202387984
-18.67449902430243,-33.22202509323329
-18.669526722560256,-33.21707660847628
-18.66455442081808,-33.212126569236595
-18.65958211907591,-33.2071749751418
-18.654609817333736,-33.20222182581959
-18.64963751559156,-33.19726712089754
-18.644665213849386,-33.19231086000316
-18.63969291210721,-33.18735304276389
-18.634720610365036,-33.182393668807165
-18.629748308622865,-33.1774327377603
-18.62477600688069,-33.17247024925066
-18.619803705138516,-33.167506202905514
-18.61483140339634,-33.16254059835204
-18.609859101654166,-33.15757343521738
-18.60488679991199,-33.15260471312867
-18.59991449816982,-33.14763443171293
-18.594942196427645,-33.14266259059724
-18.58996989468547,-33.13768918940845
-18.584997592943296,-33.13271422777352
-18.58002529120112,-33.12773770531928
-18.575052989458946,-33.12275962167254
-18.57008068771677,-33.11777997646003
-18.5651083859746,-33.11279876930841
-18.560136084232425,-33.107815999844426
-18.55516378249025,-33.10283166769455
-18.550191480748076,-33.09784577248538
-18.5452191790059,-33.092858313843394
-18.540246877263726,-33.087869291395
-18.535274575521555,-33.082878704766664
-18.53030227377938,-33.077886553584634
-18.525329972037206,-33.07289283747522
-18.52035767029503,-33.06789755606465
-18.515385368552856,-33.062900708979114
-18.51041306681068,-33.05790229584474
-18.50544076506851,-33.052902316287586
-18.500468463326335,-33.047900769933655
-18.49549616158416,-33.04289765640897
-18.490523859841986,-33.03789297533948
-18.48555155809981,-33.03288672635091
-18.480579256357636,-33.02787890906925
-18.47560695461546,-33.02286952312016
-18.47063465287329,-33.017858568129405
-18.465662351131115,-33.012846043722625
-18.46069004938894,-33.007831949525425
-18.455717747646766,-33.00281628516339
-18.45074544590459,-32.99779905026204
-18.445773144162416,-32.99278024444681
-18.440800842420245,-32.98775986734313
-18.43582854067807,-32.98273791857631
-18.430856238935895,-32.97771439777167
-18.42588393719372,-32.972689304554486
-18.420911635451546,-32.96766263854998
-18.41593933370937,-32.96263439938321
-18.4109670319672,-32.9576045866794
-18.405994730225025,-32.95257320006352
-18.40102242848285,-32.94754023916057
-18.396050126740676,-32.94250570359552
-18.3910778249985,-32.937469592993246
-18.386105523256326,-32.93243190697857
-18.38113322151415,-32.92739264517633
-18.37616091977198,-32.92235180721128
-18.371188618029805,-32.91730939270801
-18.36621631628763,-32.91226540129128
-18.361244014545456,-32.90721983258558
-18.35627171280328,-32.902172686215486
-18.351299411061106,-32.89712396180549
-18.346327109318935,-32.892073658980024
-18.34135480757676,-32.887021777363415
-18.336382505834585,-32.88196831658007
-18.33141020409241,-32.87691327625422
-18.326437902350236,-32.8718566560101
-18.32146560060806,-32.86679845547188
-18.31649329886589,-32.861738674263684
-18.311520997123715,-32.85667731200962
-18.30654869538154,-32.85161436833367
-18.301576393639365,-32.846549842859844
-18.29660409189719,-32.841483735211966
-18.291631790155016,-32.83641604501405
-18.28665948841284,-32.8313467718898
-18.28168718667067,-32.82627591546307
-18.276714884928495,-32.82120347535743
-18.27174258318632,-32.81612945119669
-18.266770281444145,-32.8110538426044
-18.26179797970197,-32.805976649204126
-18.256825677959796,-32.80089787061938
-18.251853376217625,-32.79581750647367
-18.24688107447545,-32.7907355563903
-18.241908772733275,-32.78565201999269
-18.2369364709911,-32.780566896904126
-18.231964169248926,-32.775480186747856
-18.22699186750675,-32.77039188914714
-18.22201956576458,-32.765302003725054
-18.217047264022405,-32.76021053010477
-18.21207496228023,-32.75511746790927
-18.207102660538055,-32.75002281676157
-18.20213035879588,-32.744926576284634
-18.197158057053706,-32.73982874610134
-18.19218575531153,-32.73472932583452
-18.18721345356936,-32.729628315107064
-18.182241151827185,-32.724525713541546
-18.17726885008501,-32.719421520760804
-18.172296548342835,-32.71431573638743
-18.16732424660066,-32.70920836004395
-18.162351944858486,-32.704099391353004
-18.157379643116315,-32.698988829937036
-18.15240734137414,-32.693876675418466
-18.147435039631965,-32.688762927419646
-18.14246273788979,-32.68364758556299
-18.137490436147615,-32.67853064947074
-18.13251813440544,-32.67341211876512
-18.12754583266327,-32.6682919930683
-18.122573530921095,-32.66317027200246
-18.11760122917892,-32.65804695518959
-18.112628927436745,-32.652922042251845
-18.10765662569457,-32.64779553281107
-18.102684323952396,-32.64266742648925
-18.09771202221022,-32.63753772290824
-18.09273972046805,-32.63240642168993
-18.087767418725875,-32.62727352245598
-18.0827951169837,-32.622139024828165
-18.077822815241525,-32.61700292842817
-18.07285051349935,-32.6118652328776
-18.067878211757176,-32.60672593779801
-18.062905910015004,-32.601585042810946
-18.05793360827283,-32.5964425475378
-18.052961306530655,-32.591298451600075
-18.04798900478848,-32.5861527546191
-18.043016703046305,-32.58100545621618
-18.03804440130413,-32.57585655601255
-18.03307209956196,-32.57070605362948
-18.028099797819785,-32.565553948688056
-18.02312749607761,-32.56040024080948
-18.018155194335435,-32.55524492961474
-18.01318289259326,-32.55008801472483
-18.008210590851085,-32.54492949576071
-18.00323828910891,-32.53976937234335
-17.998265987366736,-32.53460764409357
-17.993293685624565,-32.52944431063213
-17.988321383882386,-32.524279371579816
-17.983349082140215,-32.51911282655731
-17.978376780398044,-32.513944675185336
-17.973404478655866,-32.50877491708435
-17.968432176913694,-32.503603551875
-17.963459875171516,-32.498430579177786
-17.958487573429345,-32.493255998613094
-17.953515271687174,-32.488079809801356
-17.948542969944995,-32.482902012362906
-17.943570668202824,-32.477722605918075
-17.938598366460646,-32.47254159008704
-17.933626064718474,-32.46735896449004
-17.928653762976296,-32.46217472874717
-17.923681461234125,-32.45698888247856
-17.918709159491954,-32.451801425304225
-17.913736857749775,-32.44661235684418
-17.908764556007604,-32.441421676718306
-17.903792254265426,-32.43622938454655
-17.898819952523255,-32.431035479948704
-17.893847650781076,-32.42583996254456
-17.888875349038905,-32.42064283195389
-17.883903047296734,-32.415444087796324
-17.878930745554555,-32.41024372969151
-17.873958443812384,-32.40504175725901
-17.868986142070206,-32.39983817011838
-17.864013840328035,-32.394632967889116
-17.859041538585863,-32.38942615019059
-17.854069236843685,-32.38421771664221
-17.849096935101514,-32.379007666863295
-17.844124633359336,-32.373796000473114
-17.839152331617164,-32.36858271709096
-17.834180029874986,-32.36336781633588
-17.829207728132815,-32.3581512978271
-17.824235426390644,-32.35293316118364
-17.819263124648465,-32.347713406024525
-17.814290822906294,-32.34249203196877
-17.809318521164116,-32.33726903863521
-17.804346219421944,-32.33204442564277
-17.799373917679766,-32.326818192610304
-17.794401615937595,-32.321590339156515
-17.789429314195424,-32.316360864900126
-17.784457012453245,-32.31112976945979
-17.779484710711074,-32.305897052454185
-17.774512408968896,-32.30066271350182
-17.769540107226725,-32.29542675222123
-17.764567805484553,-32.29018916823086
-17.759595503742375,-32.28494996114913
-17.754623202000204,-32.27970913059442
-17.749650900258025,-32.274466676185035
-17.744678598515854,-32.26922259753919
-17.739706296773676,-32.2639768942751
-17.734733995031505,-32.25872956601097
-17.729761693289333,-32.25348061236491
-17.724789391547155,-32.24823003295493
-17.719817089804984,-32.242977827399066
-17.714844788062805,-32.23772399531522
-17.709872486320634,-32.23246853632139
-17.704900184578456,-32.22721145003536
-17.699927882836285,-32.221952736074925
-17.694955581094113,-32.216692394057894
-17.689983279351935,-32.211430423601904
-17.685010977609764,-32.206166824324704
-17.680038675867586,-32.20090159584377
-17.675066374125414,-32.195634737776736
-17.670094072383243,-32.19036624974104
-17.665121770641065,-32.18509613135417
-17.660149468898894,-32.17982438223355
-17.655177167156715,-32.17455100199646
-17.650204865414544,-32.169275990260246
-17.645232563672366,-32.163999346642136
-17.640260261930194,-32.1587210707593
-17.635287960188023,-32.15344116222894
-17.630315658445845,-32.1481596206681
-17.625343356703674,-32.142876445693865
-17.620371054961495,-32.13759163692315
-17.615398753219324,-32.13230519397299
-17.610426451477146,-32.127017116460216
-17.605454149734975,-32.12172740400172
-17.600481847992803,-32.1164360562142
-17.595509546250625,-32.11114307271446
-17.590537244508454,-32.105848453119236
-17.585564942766275,-32.100552197045076
-17.580592641024104,-32.09525430410858
-17.575620339281933,-32.08995477392633
-17.570648037539755,-32.084653606114806
-17.565675735797583,-32.07935080029041
-17.560703434055405,-32.074046356069545
-17.555731132313234,-32.068740273068556
-17.550758830571056,-32.063432550903684
-17.545786528828884,-32.0581231891912
-17.540814227086713,-32.052812187547325
-17.535841925344535,-32.04749954558813
-17.530869623602364,-32.04218526292971
-17.525897321860185,-32.03686933918808
-17.520925020118014,-32.03155177397924
-17.515952718375836,-32.026232566919155
-17.510980416633664,-32.02091171762366
-17.506008114891493,-32.015589225708574
-17.501035813149315,-32.0102650907897
-17.496063511407144,-32.00493931248278
-17.491091209664965,-31.99961189040349
-17.486118907922794,-31.994282824167406
-17.481146606180623,-31.98895211339016
-17.476174304438445,-31.98361975768721
-17.471202002696273,-31.978285756674182
-17.466229700954095,-31.97295010996631
-17.461257399211924,-31.96761281717909
-17.456285097469745,-31.962273877927814
-17.451312795727574,-31.956933291827777
-17.446340493985403,-31.95159105849415
-17.441368192243225,-31.94624717754216
-17.436395890501053,-31.94090164858689
-17.431423588758875,-31.935554471243442
-17.426451287016704,-31.93020564512682
-17.421478985274526,-31.924855169852016
-17.416506683532354,-31.919503045033917
-17.411534381790183,-31.91414927028741
-17.406562080048005,-31.90879384522733
-17.401589778305834,-31.903436769468435
-17.396617476563655,-31.898078042625436
-17.391645174821484,-31.89271766431303
-17.386672873079313,-31.887355634145766
-17.381700571337134,-31.881991951738296
-17.376728269594963,-31.876626616705096
-17.371755967852785,-31.87125962866066
-17.366783666110614,-31.865890987219377
-17.361811364368435,-31.860520691995575
-17.356839062626264,-31.855148742603657
-17.351866760884093,-31.849775138657844
-17.346894459141915,-31.844399879772343
-17.341922157399743,-31.83902296556136
-17.336949855657565,-31.83364439563892
-17.331977553915394,-31.82826416961923
-17.327005252173215,-31.82288228711618
-17.322032950431044,-31.817498747743738
-17.317060648688873,-31.8121135511159
-17.312088346946695,-31.806726696846486
-17.307116045204523,-31.801338184549305
-17.302143743462345,-31.79594801383814
-17.297171441720174,-31.790556184326658
-17.292199139978003,-31.785162695628546
-17.287226838235824,-31.779767547357416
-17.282254536493653,-31.77437073912683
-17.277282234751475,-31.768972270550318
-17.272309933009304,-31.763572141241323
-17.267337631267125,-31.75817035081324
-17.262365329524954,-31.752766898879422
-17.257393027782783,-31.747361785053236
-17.252420726040604,-31.741955008947908
-17.247448424298433,-31.736546570176653
-17.242476122556255,-31.731136468352563
-17.237503820814084,-31.725724703088893
-17.232531519071905,-31.72031127399857
-17.227559217329734,-31.714896180694637
-17.222586915587563,-31.7094794227901
-17.217614613845384,-31.704060999897788
-17.212642312103213,-31.698640911630648
-17.207670010361035,-31.693219157601412
-17.202697708618864,-31.687795737422878
-17.197725406876692,-31.68237065070771
-17.192753105134514,-31.676943897068615
-17.187780803392343,-31.671515476118188
-17.182808501650165,-31.666085387469
-17.177836199907993,-31.66065363073349
-17.172863898165815,-31.655220205524174
-17.167891596423644,-31.649785111453465
-17.162919294681473,-31.644348348133718
-17.157946992939294,-31.63890991517716
-17.152974691197123,-31.633469812196132
-17.148002389454945,-31.62802803880283
-17.143030087712773,-31.62258459460937
-17.138057785970595,-31.617139479227852
-17.133085484228424,-31.611692692270413
-17.128113182486253,-31.60624423334895
-17.123140880744074,-31.600794102075504
-17.118168579001903,-31.59534229806195
-17.113196277259725,-31.589888820920123
-17.108223975517554,-31.584433670261856
-17.103251673775382,-31.578976845698868
-17.098279372033204,-31.5735183468429
-17.093307070291033,-31.568058173305598
-17.088334768548854,-31.562596324698546
-17.083362466806683,-31.55713280063331
-17.078390165064505,-31.551667600721395
-17.073417863322334,-31.546200724574245
-17.068445561580162,-31.540732171803295
-17.063473259837984,-31.53526194201985
-17.058500958095813,-31.52979003483523
-17.053528656353635,-31.52431644986074
-17.048556354611463,-31.518841186707515
-17.043584052869285,-31.513364244986747
-17.038611751127114,-31.50788562430952
-17.033639449384943,-31.502405324286904
-17.028667147642764,-31.49692334452989
-17.023694845900593,-31.491439684649375
-17.018722544158415,-31.485954344256395
-17.013750242416243,-31.48046732296171
-17.008777940674072,-31.47497862037612
-17.003805638931894,-31.46948823611041
-16.998833337189723,-31.46399616977527
-16.993861035447544,-31.458502420981354
-16.988888733705373,-31.453006989339297
-16.983916431963195,-31.447509874459563
-16.978944130221024,-31.44201107595272
-16.973971828478852,-31.43651059342924
-16.968999526736674,-31.431008426499535
-16.964027224994503,-31.425504574773896
-16.959054923252324,-31.41999903786261
-16.954082621510153,-31.414491815376017
-16.949110319767975,-31.408982906924237
-16.944138018025804,-31.403472312117536
-16.939165716283632,-31.397960030565887
-16.934193414541454,-31.392446061879426
-16.929221112799283,-31.386930405668114
-16.924248811057105,-31.38141306154193
-16.919276509314933,-31.375894029110793
-16.914304207572762,-31.370373307984536
-16.909331905830584,-31.364850897772925
-16.904359604088413,-31.359326798085768
-16.899387302346234,-31.353801008532734
-16.894415000604063,-31.34827352872352
-16.889442698861885,-31.342744358267673
-16.884470397119713,-31.337213496774815
-16.879498095377542,-31.331680943854387
-16.874525793635364,-31.326146699115874
-16.869553491893193,-31.320610762168712
-16.864581190151014,-31.31507313262222
-16.859608888408843,-31.309533810085668
-16.854636586666665,-31.303992794168344
-16.849664284924494,-31.29845008447947
-16.844691983182322,-31.29290568062823
-16.839719681440144,-31.28735958222365
-16.834747379697973,-31.281811788874833
-16.829775077955794,-31.276262300190748
-16.824802776213623,-31.270711115780415
-16.819830474471452,-31.26515823525271
-16.814858172729274,-31.259603658216434
-16.809885870987102,-31.254047384280497
-16.804913569244924,-31.248489413053573
-16.799941267502753,-31.24292974414441
-16.794968965760575,-31.237368377161655
-16.789996664018403,-31.231805311713895
-16.785024362276232,-31.226240547409727
-16.780052060534054,-31.22067408385761
-16.775079758791883,-31.21510592066611
-16.770107457049704,-31.209536057443483
-16.765135155307533,-31.203964493798182
-16.760162853565355,-31.1983912293385
-16.755190551823183,-31.192816263672693
-16.750218250081012,-31.18723959640896
-16.745245948338834,-31.181661227155473
-16.740273646596663,-31.17608115552036
-16.735301344854484,-31.170499381111625
-16.730329043112313,-31.164915903537334
-16.725356741370142,-31.159330722405446
-16.720384439627964,-31.15374383732382
-16.715412137885792,-31.148155247900352
-16.710439836143614,-31.14256495374284
-16.705467534401443,-31.13697295445909
-16.700495232659264,-31.131379249656778
-16.695522930917093,-31.12578383894358
-16.690550629174922,-31.120186721927098
-16.685578327432744,-31.114587898214854
-16.680606025690572,-31.108987367414443
-16.675633723948394,-31.1033851291333
-16.670661422206223,-31.09778118297881
-16.665689120464044,-31.092175528558357
-16.660716818721873,-31.086568165479246
-16.655744516979702,-31.080959093348763
-16.650772215237524,-31.075348311774135
-16.645799913495352,-31.069735820362496
-16.640827611753174,-31.06412161872094
-16.635855310011003,-31.058505706456604
-16.63088300826883,-31.052888083176438
-16.625910706526653,-31.047268748487493
-16.620938404784482,-31.041647701996574
-16.615966103042304,-31.036024943310608
-16.610993801300133,-31.030400472036447
-16.606021499557954,-31.024774287780783
-16.601049197815783,-31.019146390150418
-16.596076896073612,-31.013516778752
-16.591104594331433,-31.007885453192088
-16.586132292589262,-31.002252413077304
-16.581159990847084,-30.996617658014166
-16.576187689104913,-30.99098118760915
-16.571215387362734,-30.98534300146868
-16.566243085620563,-30.979703099199106
-16.561270783878392,-30.974061480406743
-16.556298482136214,-30.968418144697896
-16.551326180394042,-30.96277309167881
-16.546353878651864,-30.95712632095559
-16.541381576909693,-30.951477832134405
-16.53640927516752,-30.94582762482137
-16.531436973425343,-30.940175698622387
-16.526464671683172,-30.934522053143546
-16.521492369940994,-30.928866687990745
-16.516520068198822,-30.923209602769838
-16.511547766456644,-30.917550797086662
-16.506575464714473,-30.911890270546984
-16.5016031629723,-30.906228022756586
-16.496630861230123,-30.900564053321112
-16.491658559487952,-30.8948983618462
-16.486686257745774,-30.88923094793736
-16.481713956003603,-30.883561811200234
-16.476741654261424,-30.877890951240246
-16.471769352519253,-30.87221836766286
-16.466797050777082,-30.8665440600734
-16.461824749034903,-30.86086802807724
-16.456852447292732,-30.855190271279646
-16.451880145550554,-30.849510789285873
-16.446907843808383,-30.843829581701122
-16.44193554206621,-30.838146648130483
-16.436963240324033,-30.83246198817904
-16.431990938581862,-30.826775601451864
-16.427018636839684,-30.821087487553967
-16.422046335097512,-30.815397646090233
-16.417074033355334,-30.809706076665563
-16.412101731613163,-30.80401277888476
-16.40712942987099,-30.798317752352684
-16.402157128128813,-30.792620996674014
-16.397184826386642,-30.786922511453525
-16.392212524644464,-30.781222296295795
-16.387240222902292,-30.775520350805404
-16.382267921160114,-30.769816674586924
-16.377295619417943,-30.764111267244836
-16.37232331767577,-30.75840412838364
-16.367351015933593,-30.75269525760761
-16.362378714191422,-30.74698465452121
-16.357406412449244,-30.74127231872864
-16.352434110707073,-30.73555824983425
-16.3474618089649,-30.729842447442152
-16.342489507222723,-30.724124911156526
-16.33751720548055,-30.718405640581484
-16.332544903738373,-30.712684635321033
-16.327572601996202,-30.70696189497923
-16.322600300254024,-30.701237419159987
-16.317627998511853,-30.69551120746721
-16.31265569676968,-30.68978325950477
-16.307683395027503,-30.684053574876437
-16.302711093285332,-30.67832215318602
-16.297738791543154,-30.672588994037124
-16.292766489800982,-30.666854097033557
-16.287794188058804,-30.661117461778765
-16.282821886316633,-30.655379087876412
-16.27784958457446,-30.64963897492996
-16.272877282832283,-30.643897122542892
-16.267904981090112,-30.63815353031864
-16.262932679347934,-30.63240819786045
-16.257960377605762,-30.62666112477174
-16.25298807586359,-30.62091231065576
-16.248015774121413,-30.615161755115682
-16.24304347237924,-30.609409457754715
-16.238071170637063,-30.603655418175915
-16.233098868894892,-30.5978996359824
-16.228126567152714,-30.592142110777203
-16.223154265410543,-30.586382842163186
-16.21818196366837,-30.580621829743368
-16.213209661926193,-30.5748590731206
-16.20823736018402,-30.569094571897637
-16.203265058441843,-30.563328325677308
-16.198292756699672,-30.557560334062373
-16.193320454957494,-30.55179059665541
-16.188348153215323,-30.546019113059085
-16.18337585147315,-30.54024588287597
-16.178403549730973,-30.534470905708584
-16.173431247988802,-30.528694181159413
-16.168458946246623,-30.522915708830862
-16.163486644504452,-30.517135488325337
-16.15851434276228,-30.511353519245155
-16.153542041020103,-30.50556980119259
-16.14856973927793,-30.499784333769803
-16.143597437535753,-30.493997116579116
-16.138625135793582,-30.48820814922259
-16.133652834051404,-30.482417431302267
-16.128680532309232,-30.4766249624202
-16.12370823056706,-30.470830742178432
-16.118735928824883,-30.46503477017882
-16.11376362708271,-30.459237046023294
-16.108791325340533,-30.45343756931369
-16.103819023598362,-30.447636339651776
-16.098846721856184,-30.441833356639286
-16.093874420114012,-30.436028619877934
-16.08890211837184,-30.430222128969362
-16.083929816629663,-30.42441388351514
-16.07895751488749,-30.41860388311683
-16.073985213145313,-30.412792127375898
-16.069012911403142,-30.406978615893834
-16.06404060966097,-30.401163348271986
-16.059068307918793,-30.39534632411174
-16.05409600617662,-30.38952754301435
-16.049123704434443,-30.383707004581087
-16.044151402692272,-30.377884708413152
-16.039179100950093,-30.372060654111706
-16.034206799207922,-30.36623484127785
-16.02923449746575,-30.360407269512606
-16.024262195723573,-30.354577938417002
-16.0192898939814,-30.348746847591993
-16.014317592239223,-30.342913996638444
-16.009345290497052,-30.3370793851573
-16.004372988754874,-30.331243012749294
-15.999400687012702,-30.325404879015203
-15.994428385270531,-30.319564983555768
-15.989456083528353,-30.313723325971573
-15.984483781786182,-30.30787990586332
-15.979511480044003,-30.302034722831543
-15.974539178301832,-30.296187776476724
-15.96956687655966,-30.29033906639934
-15.964594574817482,-30.284488592199846
-15.959622273075311,-30.278636353478543
-15.954649971333133,-30.27278234983584
-15.949677669590962,-30.26692658087194
-15.944705367848783,-30.261069046187032
-15.939733066106612,-30.255209745381354
-15.93476076436444,-30.24934867805504
-15.929788462622263,-30.243485843808102
-15.924816160880091,-30.23762124224061
-15.919843859137913,-30.231754872952546
-15.914871557395742,-30.2258867355438
-15.909899255653563,-30.220016829614245
-15.904926953911392,-30.214145154763774
-15.899954652169221,-30.20827171059217
-15.894982350427043,-30.202396496699038
-15.890010048684871,-30.196519512684244
-15.885037746942693,-30.190640758147243
-15.880065445200522,-30.184760232687736
-15.87509314345835,-30.178877935905277
-15.870120841716172,-30.172993867399292
-15.865148539974001,-30.167108026769206
-15.860176238231823,-30.16122041361447
-15.855203936489652,-30.155331027534373
-15.850231634747473,-30.149439868128255
-15.845259333005302,-30.143546934995353
-15.84028703126313,-30.137652227734833
-15.835314729520952,-30.13175574594587
-15.830342427778781,-30.12585748922754
-15.825370126036603,-30.119957457178902
-15.820397824294432,-30.114055649398985
-15.815425522552253,-30.108152065486692
-15.810453220810082,-30.102246705040955
-15.80548091906791,-30.096339567660618
-15.800508617325733,-30.0904306529445
-15.795536315583561,-30.084519960491345
-15.790564013841383,-30.078607489899902
-15.785591712099212,-30.072693240768764
-15.78061941035704,-30.06677721269656
-15.775647108614862,-30.060859405281892
-15.770674806872691,-30.05493981812324
-15.765702505130513,-30.049018450819073
-15.760730203388341,-30.043095302967842
-15.755757901646163,-30.03717037416788
-15.750785599903992,-30.031243664017516
-15.74581329816182,-30.02531517211499
-15.740840996419642,-30.01938489805857
-15.735868694677471,-30.013452841446423
-15.730896392935293,-30.007519001876645
-15.725924091193122,-30.001583378947334
-15.720951789450943,-29.99564597225652
-15.715979487708772,-29.989706781402134
-15.7110071859666,-29.983765805982213
-15.706034884224422,-29.97782304559453
-15.701062582482251,-29.971878499836993
-15.696090280740073,-29.965932168307305
-15.691117978997902,-29.95998405060328
-15.68614567725573,-29.954034146322584
-15.681173375513552,-29.948082455062856
-15.67620107377138,-29.942128976421635
-15.671228772029203,-29.93617370999651
-15.666256470287031,-29.93021665538501
-15.661284168544853,-29.924257812184532
-15.656311866802682,-29.91829717999248
-15.65133956506051,-29.912334758406164
-15.646367263318332,-29.90637054702296
-15.641394961576161,-29.90040454544006
-15.636422659833983,-29.894436753254677
-15.631450358091811,-29.888467170064015
-15.626478056349633,-29.882495795465086
-15.621505754607462,-29.876522629055014
-15.61653345286529,-29.870547670430767
-15.611561151123112,-29.864570919189333
-15.606588849380941,-29.858592374927667
-15.601616547638763,-29.852612037242533
-15.596644245896591,-29.846629905730794
-15.59167194415442,-29.840645979989194
-15.586699642412242,-29.834660259614473
-15.58172734067007,-29.828672744203345
-15.576755038927892,-29.82268343335236
-15.571782737185721,-29.8166923266581
-15.566810435443543,-29.810699423717065
-15.561838133701372,-29.80470472412579
-15.5568658319592,-29.79870822748071
-15.551893530217022,-29.792709933378127
-15.54692122847485,-29.78670984141444
-15.541948926732672,-29.78070795118587
-15.536976624990501,-29.774704262288676
-15.532004323248323,-29.76869877431905
-15.527032021506152,-29.762691486873155
-15.52205971976398,-29.75668239954704
-15.517087418021802,-29.750671511936726
-15.512115116279631,-29.744658823638236
-15.507142814537453,-29.738644334247496
-15.502170512795281,-29.73262804336045
-15.49719821105311,-29.726609950572847
-15.492225909310932,-29.72059005548057
-15.48725360756876,-29.714568357679347
-15.482281305826582,-29.708544856764842
-15.477309004084411,-29.70251955233277
-15.472336702342233,-29.696492443978656
-15.467364400600061,-29.690463531298136
-15.46239209885789,-29.684432813886687
-15.457419797115712,-29.678400291339724
-15.45244749537354,-29.672365963252687
-15.447475193631362,-29.66632982922097
-15.442502891889191,-29.660291888839872
-15.437530590147013,-29.654252141704642
-15.432558288404842,-29.64821058741053
-15.42758598666267,-29.642167225552612
-15.422613684920492,-29.636122055726126
-15.41764138317832,-29.630075077526076
-15.412669081436142,-29.62402629054751
-15.407696779693971,-29.617975694385407
-15.4027244779518,-29.611923288634696
-15.397752176209622,-29.605869072890215
-15.39277987446745,-29.59981304674683
-15.387807572725272,-29.593755209799337
-15.3828352709831,-29.587695561642438
-15.377862969240923,-29.581634101870865
-15.372890667498751,-29.575570830079236
-15.36791836575658,-29.56950574586211
-15.362946064014402,-29.56343884881404
-15.35797376227223,-29.557370138529542
-15.353001460530052,-29.55129961460307
-15.348029158787881,-29.54522727662901
-15.343056857045703,-29.539153124201658
-15.338084555303531,-29.533077156915404
-15.33311225356136,-29.52699937436444
-15.328139951819182,-29.520919776142954
-15.32316765007701,-29.514838361845197
-15.318195348334832,-29.508755131065204
-15.313223046592661,-29.502670083397025
-15.30825074485049,-29.496583218434715
-15.303278443108312,-29.49049453577219
-15.29830614136614,-29.484404035003447
-15.293333839623962,-29.478311715722278
-15.28836153788179,-29.472217577522517
-15.283389236139612,-29.466121619997928
-15.278416934397441,-29.460023842742284
-15.27344463265527,-29.453924245349246
-15.268472330913092,-29.44782282741236
-15.26350002917092,-29.441719588525288
-15.258527727428742,-29.43561452828157
-15.25355542568657,-29.429507646274637
-15.248583123944393,-29.42339894209793
-15.243610822202221,-29.41728841534485
-15.23863852046005,-29.411176065608807
-15.233666218717872,-29.405061892482934
-15.2286939169757,-29.398945895560637
-15.223721615233522,-29.39282807443496
-15.218749313491351,-29.386708428699176
-15.21377701174918,-29.380586957946317
-15.208804710007001,-29.374463661769468
-15.20383240826483,-29.36833853976159
-15.198860106522652,-29.362211591515678
-15.19388780478048,-29.356082816624582
-15.188915503038302,-29.34995221468121
-15.183943201296131,-29.343819785278402
-15.17897089955396,-29.337685528008873
-15.173998597811782,-29.331549442465295
-15.16902629606961,-29.32541152824042
-15.164053994327432,-29.31927178492681
-15.15908169258526,-29.313130212117066
-15.154109390843082,-29.30698680940371
-15.149137089100911,-29.300841576379185
-15.14416478735874,-29.294694512635964
-15.139192485616562,-29.28854561776637
-15.13422018387439,-29.282394891362785
-15.129247882132212,-29.27624233301745
-15.12427558039004,-29.270087942322686
-15.11930327864787,-29.263931718870566
-15.114330976905691,-29.25777366225327
-15.10935867516352,-29.25161377206293
-15.104386373421342,-29.245452047891522
-15.09941407167917,-29.23928848933109
-15.094441769936992,-29.23312309597361
-15.089469468194821,-29.22695586741089
-15.08449716645265,-29.22078680323484
-15.079524864710471,-29.214615903037263
-15.0745525629683,-29.2084431664099
-15.069580261226122,-29.202268592944503
-15.06460795948395,-29.196092182232668
-15.059635657741772,-29.189913933866034
-15.054663355999601,-29.183733847436162
-15.04969105425743,-29.177551922534597
-15.044718752515251,-29.17136815875277
-15.03974645077308,-29.165182555682122
-15.034774149030902,-29.158995112914024
-15.02980184728873,-29.152805830039792
-15.02482954554656,-29.146614706650716
-15.019857243804381,-29.14042174233802
-15.01488494206221,-29.134226936692908
-15.009912640320032,-29.128030289306466
-15.00494033857786,-29.121831799769826
-14.999968036835682,-29.115631467674003
-14.99499573509351,-29.109429292609995
-14.99002343335134,-29.10322527416873
-14.985051131609161,-29.09701941194115
-14.98007882986699,-29.09081170551804
-14.975106528124812,-29.084602154490252
-14.97013422638264,-29.078390758448506
-14.965161924640462,-29.07217751698353
-14.960189622898291,-29.06596242968598
-14.95521732115612,-29.059745496146416
-14.950245019413941,-29.05352671595546
-14.94527271767177,-29.04730608870361
-14.940300415929592,-29.041083613981293
-14.93532811418742,-29.03485929137901
-14.93035581244525,-29.028633120487036
-14.925383510703071,-29.02240510089575
-14.9204112089609,-29.016175232195426
-14.915438907218721,-29.009943513976282
-14.91046660547655,-29.00370994582848
-14.905494303734372,-28.997474527342174
-14.9005220019922,-28.991237258107432
-14.89554970025003,-28.984998137714346
-14.890577398507851,-28.97875716575285
-14.88560509676568,-28.972514341812897
-14.880632795023502,-28.966269665484358
-14.87566049328133,-28.960023136357112
-14.870688191539152,-28.95377475402095
-14.86571588979698,-28.94752451806564
-14.86074358805481,-28.941272428080865
-14.855771286312631,-28.93501848365628
-14.85079898457046,-28.928762684381482
-14.845826682828282,-28.922505029846047
-14.84085438108611,-28.916245519639492
-14.83588207934394,-28.909984153351274
-14.83090977760176,-28.903720930570852
-14.82593747585959,-28.897455850887543
-14.820965174117411,-28.89118891389064
-14.81599287237524,-28.884920119169546
-14.811020570633062,-28.87864946631334
-14.80604826889089,-28.872376954911307
-14.80107596714872,-28.866102584552547
-14.796103665406541,-28.85982635482613
-14.79113136366437,-28.85354826532111
-14.786159061922191,-28.847268315626454
-14.78118676018002,-28.840986505331145
-14.776214458437842,-28.83470283402404
-14.77124215669567,-28.82841730129403
-14.7662698549535,-28.822129906729852
-14.761297553211321,-28.815840649920325
-14.75632525146915,-28.80954953045409
-14.751352949726972,-28.803256547919894
-14.7463806479848,-28.796961701906234
-14.741408346242629,-28.790664992001794
-14.73643604450045,-28.784366417794978
-14.73146374275828,-28.778065978874306
-14.726491441016101,-28.771763674828186
-14.72151913927393,-28.765459505245012
-14.716546837531752,-28.759153469713123
-14.71157453578958,-28.75284556782075
-14.70660223404741,-28.746535799156145
-14.70162993230523,-28.740224163307488
-14.69665763056306,-28.733910659862907
-14.691685328820881,-28.727595288410516
-14.68671302707871,-28.721278048538352
-14.681740725336532,-28.714958939834396
-14.67676842359436,-28.7086379618866
-14.67179612185219,-28.70231511428285
-14.666823820110011,-28.695990396611
-14.66185151836784,-28.68966380845888
-14.656879216625661,-28.68333534941419
-14.65190691488349,-28.677005019064715
-14.646934613141319,-28.67067281699811
-14.64196231139914,-28.664338742801892
-14.63699000965697,-28.658002796063744
-14.632017707914791,-28.651664976371098
-14.62704540617262,-28.645325283311518
-14.622073104430442,-28.63898371647236
-14.61710080268827,-28.632640275441016
-14.612128500946099,-28.62629495980483
-14.60715619920392,-28.619947769151064
-14.60218389746175,-28.61359870306698
-14.597211595719571,-28.607247761139764
-14.5922392939774,-28.60089494295655
-14.587266992235222,-28.594540248104412
-14.58229469049305,-28.58818367617043
-14.57732238875088,-28.58182522674159
-14.5723500870087,-28.57546489940483
-14.56737778526653,-28.569102693747105
-14.562405483524351,-28.562738609355215
-14.55743318178218,-28.55637264581603
-14.552460880040009,-28.550004802716238
-14.54748857829783,-28.54363507964261
-14.54251627655566,-28.53726347618179
-14.537543974813481,-28.530889991920404
-14.53257167307131,-28.524514626445093
-14.527599371329131,-28.518137379342292
-14.52262706958696,-28.511758250198522
-14.517654767844789,-28.505377238600214
-14.51268246610261,-28.49899434413372
-14.50771016436044,-28.49260956638546
-14.502737862618261,-28.486222904941656
-14.49776556087609,-28.479834359388576
-14.492793259133911,-28.47344392931239
-14.48782095739174,-28.46705161429931
-14.482848655649569,-28.46065741393538
-14.47787635390739,-28.454261327806687
-14.47290405216522,-28.447863355499216
-14.467931750423041,-28.441463496598967
-14.46295944868087,-28.435061750691812
-14.457987146938699,-28.428658117363685
-14.45301484519652,-28.42225259620029
-14.44804254345435,-28.415845186787514
-14.44307024171217,-28.40943588871103
-14.43809793997,-28.403024701556514
-14.433125638227821,-28.396611624909614
-14.42815333648565,-28.39019665835592
-14.423181034743479,-28.38377980148097
-14.4182087330013,-28.377361053870235
-14.41323643125913,-28.370940415109178
-14.408264129516951,-28.364517884783208
-14.40329182777478,-28.358093462477612
-14.398319526032601,-28.351667147777754
-14.39334722429043,-28.345238940268874
-14.388374922548259,-28.338808839536178
-14.38340262080608,-28.332376845164827
-14.37843031906391,-28.32594295673996
-14.373458017321731,-28.31950717384663
-14.36848571557956,-28.313069496069808
-14.363513413837389,-28.306629922994514
-14.35854111209521,-28.30018845420569
-14.353568810353039,-28.29374508928816
-14.34859650861086,-28.287299827826835
-14.34362420686869,-28.280852669406435
-14.338651905126511,-28.27440361361172
-14.33367960338434,-28.26795266002739
-14.328707301642169,-28.261499808238096
-14.32373499989999,-28.255045057828394
-14.318762698157819,-28.24858840838288
-14.31379039641564,-28.242129859486045
-14.30881809467347,-28.235669410722362
-14.303845792931291,-28.22920706167621
-14.29887349118912,-28.222742811931923
-14.293901189446949,-28.21627666107392
-14.28892888770477,-28.209808608686362
-14.2839565859626,-28.203338654353534
-14.27898428422042,-28.196866797659602
-14.27401198247825,-28.190393038188695
-14.269039680736078,-28.18391737552492
-14.2640673789939,-28.177439809252224
-14.259095077251729,-28.170960338954686
-14.25412277550955,-28.164478964216208
-14.24915047376738,-28.157995684620694
-14.244178172025201,-28.15151049975197
-14.23920587028303,-28.145023409193854
-14.234233568540859,-28.138534412530127
-14.22926126679868,-28.13204350934448
-14.224288965056509,-28.125550699220558
-14.21931666331433,-28.119055981741955
-14.21434436157216,-28.112559356492273
-14.209372059829981,-28.106060823055035
-14.20439975808781,-28.099560381013685
-14.199427456345639,-28.093058029951678
-14.19445515460346,-28.086553769452355
-14.189482852861289,-28.08004759909911
-14.18451055111911,-28.07353951847519
-14.17953824937694,-28.06702952716384
-14.174565947634768,-28.060517624748236
-14.16959364589259,-28.05400381081153
-14.164621344150419,-28.047488084936848
-14.15964904240824,-28.040970446707234
-14.15467674066607,-28.03445089570568
-14.14970443892389,-28.027929431515123
-14.14473213718172,-28.021406053718522
-14.139759835439548,-28.014880761898723
-14.13478753369737,-28.008353555638543
-14.129815231955199,-28.001824434520746
-14.12484293021302,-27.995293398128073
-14.11987062847085,-27.988760446043194
-14.114898326728671,-27.982225577848727
-14.1099260249865,-27.975688793127254
-14.104953723244329,-27.969150091461366
-14.09998142150215,-27.962609472433506
-14.095009119759979,-27.95606693562615
-14.0900368180178,-27.9495224806217
-14.08506451627563,-27.94297610700244
-14.080092214533458,-27.93642781435076
-14.07511991279128,-27.929877602248855
-14.070147611049109,-27.92332547027896
-14.06517530930693,-27.91677141802328
-14.060203007564759,-27.91021544506388
-14.05523070582258,-27.90365755098285
-14.05025840408041,-27.89709773536223
-14.045286102338238,-27.890535997783957
-14.04031380059606,-27.88397233783002
-14.035341498853889,-27.87740675508225
-14.03036919711171,-27.87083924912255
-14.02539689536954,-27.86426981953264
-14.02042459362736,-27.85769846589432
-14.01545229188519,-27.851125187789286
-14.010479990143018,-27.84454998479917
-14.00550768840084,-27.837972856505573
-14.000535386658669,-27.83139380249007
-13.99556308491649,-27.82481282233418
-13.99059078317432,-27.818229915619334
-13.985618481432148,-27.811645081927036
-13.98064617968997,-27.80505832083856
-13.975673877947798,-27.798469631935305
-13.97070157620562,-27.791879014798507
-13.965729274463449,-27.785286469009463
-13.96075697272127,-27.778691994149256
-13.9557846709791,-27.7720955897991
-13.950812369236928,-27.765497255540115
-13.94584006749475,-27.758896990953257
-13.940867765752579,-27.752294795619616
-13.9358954640104,-27.745690669120126
-13.930923162268229,-27.73908461103568
-13.92595086052605,-27.73247662094713
-13.92097855878388,-27.72586669843533
-13.916006257041708,-27.719254843081018
-13.91103395529953,-27.712641054464918
-13.906061653557359,-27.70602533216774
-13.90108935181518,-27.699407675770093
-13.89611705007301,-27.692788084852552
-13.891144748330838,-27.686166558995662
-13.88617244658866,-27.679543097779902
-13.881200144846488,-27.672917700785735
-13.87622784310431,-27.666290367593568
-13.871255541362139,-27.659661097783747
-13.86628323961996,-27.653029890936565
-13.86131093787779,-27.64639674663228
-13.856338636135618,-27.639761664451154
-13.85136633439344,-27.633124643973257
-13.846394032651268,-27.62648568477879
-13.84142173090909,-27.61984478644781
-13.836449429166919,-27.613201948560313
-13.83147712742474,-27.606557170696327
-13.82650482568257,-27.599910452435772
-13.821532523940398,-27.59326179335855
-13.81656022219822,-27.586611193044448
-13.811587920456049,-27.579958651073305
-13.80661561871387,-27.573304167024883
-13.801643316971699,-27.56664774047885
-13.796671015229528,-27.559989371014908
-13.79169871348735,-27.553329058212633
-13.786726411745178,-27.546666801651597
-13.781754110003,-27.540002600911333
-13.776781808260829,-27.533336455571273
-13.77180950651865,-27.52666836521091
-13.766837204776479,-27.519998329409567
-13.761864903034308,-27.513326347746602
-13.75689260129213,-27.5066524198013
-13.751920299549958,-27.499976545152904
-13.74694799780778,-27.493298723380576
-13.741975696065609,-27.486618954063545
-13.73700339432343,-27.479937236780817
-13.73203109258126,-27.473253571111538
-13.727058790839088,-27.466567956634655
-13.72208648909691,-27.45988039292915
-13.717114187354738,-27.453190879573956
-13.71214188561256,-27.44649941614792
-13.707169583870389,-27.439806002229897
-13.702197282128218,-27.433110637398645
-13.69722498038604,-27.42641332123292
-13.692252678643868,-27.419714053311385
-13.68728037690169,-27.41301283321266
-13.682308075159519,-27.406309660515394
-13.67733577341734,-27.3996045347981
-13.672363471675169,-27.3928974556393
-13.667391169932998,-27.386188422617465
-13.66241886819082,-27.379477435310953
-13.657446566448648,-27.372764493298188
-13.65247426470647,-27.366049596157442
-13.647501962964299,-27.35933274346698
-13.64252966122212,-27.35261393480507
-13.637557359479949,-27.345893169749907
-13.632585057737778,-27.339170447879585
-13.6276127559956,-27.33244576877218
-13.622640454253428,-27.325719132005755
-13.61766815251125,-27.318990537158324
-13.612695850769079,-27.312259983807806
-13.607723549026908,-27.30552747153214
-13.60275124728473,-27.298792999909157
-13.597778945542558,-27.292056568516674
-13.59280664380038,-27.28531817693244
-13.587834342058208,-27.278577824734196
-13.58286204031603,-27.27183551149963
-13.577889738573859,-27.26509123680635
-13.572917436831688,-27.258345000231945
-13.56794513508951,-27.251596801353937
-13.562972833347338,-27.244846639749802
-13.55800053160516,-27.238094514997066
-13.553028229862988,-27.23134042667302
-13.54805592812081,-27.224584374355086
-13.543083626378639,-27.217826357620556
-13.538111324636468,-27.211066376046677
-13.53313902289429,-27.20430442921068
-13.528166721152118,-27.197540516689724
-13.52319441940994,-27.190774638060933
-13.518222117667769,-27.184006792901343
-13.513249815925597,-27.17723698078808
-13.508277514183419,-27.170465201298047
-13.503305212441248,-27.163691454008173
-13.49833291069907,-27.156915738495446
-13.493360608956898,-27.15013805433667
-13.48838830721472,-27.14335840110855
-13.483416005472549,-27.136576778387994
-13.478443703730377,-27.129793185751616
-13.4734714019882,-27.123007622776107
-13.468499100246028,-27.11622008903808
-13.46352679850385,-27.109430584114083
-13.458554496761678,-27.102639107580703
-13.4535821950195,-27.095845659014376
-13.448609893277329,-27.089050237991547
-13.443637591535158,-27.082252844088618
-13.43866528979298,-27.075453476881883
-13.433692988050808,-27.068652135947715
-13.42872068630863,-27.06184882086232
-13.423748384566458,-27.05504353120189
-13.418776082824287,-27.048236266542634
-13.413803781082109,-27.04142702646059
-13.408831479339938,-27.0346158105319
-13.40385917759776,-27.027802618332522
-13.398886875855588,-27.020987449438536
-13.39391457411341,-27.014170303425754
-13.388942272371239,-27.007351179870135
-13.383969970629067,-27.00053007834751
-13.378997668886889,-26.993706998433634
-13.374025367144718,-26.986881939704283
-13.36905306540254,-26.98005490173518
-13.364080763660368,-26.97322588410193
-13.35910846191819,-26.966394886380204
-13.354136160176019,-26.959561908145503
-13.349163858433847,-26.952726948973417
-13.34419155669167,-26.94589000843938
-13.339219254949498,-26.939051086118788
-13.33424695320732,-26.932210181587088
-13.329274651465148,-26.925367294419605
-13.324302349722977,-26.918522424191575
-13.319330047980799,-26.91167557047831
-13.314357746238628,-26.904826732854985
-13.30938544449645,-26.89797591089672
-13.304413142754278,-26.891123104178696
-13.2994408410121,-26.884268312275903
-13.294468539269928,-26.877411534763414
-13.289496237527757,-26.870552771216158
-13.284523935785579,-26.863692021209122
-13.279551634043408,-26.8568292843171
-13.27457933230123,-26.849964560114998
-13.269607030559058,-26.843097848177603
-13.264634728816887,-26.83622914807962
-13.259662427074709,-26.829358459395742
-13.254690125332537,-26.822485781700653
-13.249717823590359,-26.815611114568984
-13.244745521848188,-26.808734457575227
-13.23977322010601,-26.80185581029395
-13.234800918363838,-26.794975172299612
-13.229828616621667,-26.78809254316666
-13.224856314879489,-26.781207922469406
-13.219884013137317,-26.774321309782263
-13.214911711395139,-26.767432704679468
-13.209939409652968,-26.76054210673529
-13.20496710791079,-26.753649515523904
-13.199994806168618,-26.74675493061948
-13.195022504426447,-26.73985835159613
-13.190050202684269,-26.732959778027897
-13.185077900942098,-26.7260592094888
-13.18010559919992,-26.719156645552808
-13.175133297457748,-26.71225208579387
-13.170160995715577,-26.70534552978587
-13.165188693973398,-26.698436977102585
-13.160216392231227,-26.691526427317847
-13.155244090489049,-26.68461388000537
-13.150271788746878,-26.6776993347389
-13.1452994870047,-26.670782791092066
-13.140327185262528,-26.663864248638472
-13.135354883520357,-26.65694370695164
-13.130382581778179,-26.650021165605143
-13.125410280036007,-26.64309662417245
-13.120437978293829,-26.636170082226943
-13.115465676551658,-26.629241539342054
-13.11049337480948,-26.62231099509107
-13.105521073067308,-26.61537844904731
-13.100548771325137,-26.608443900784
-13.095576469582959,-26.60150734987435
-13.090604167840787,-26.594568795891533
-13.085631866098609,-26.587628238408605
-13.080659564356438,-26.58068567699867
-13.075687262614267,-26.57374111123471
-13.070714960872088,-26.566794540689774
-13.065742659129917,-26.559845964936667
-13.060770357387739,-26.55289538354837
-13.055798055645568,-26.5459427960977
-13.05082575390339,-26.538988202157388
-13.045853452161218,-26.532031601300265
-13.040881150419047,-26.525072993099
-13.035908848676868,-26.518112377126222
-13.030936546934697,-26.511149752954587
-13.025964245192519,-26.504185120156556
-13.020991943450348,-26.497218478304784
-13.01601964170817,-26.49024982697164
-13.011047339965998,-26.48327916572965
-13.006075038223827,-26.476306494151093
-13.001102736481648,-26.469331811808388
-12.996130434739477,-26.46235511827381
-12.991158132997299,-26.45537641311956
-12.986185831255128,-26.448395695917856
-12.981213529512956,-26.441412966240932
-12.976241227770778,-26.43442822366078
-12.971268926028607,-26.42744146774958
-12.966296624286429,-26.420452698079266
-12.961324322544257,-26.413461914221884
-12.956352020802079,-26.406469115749292
-12.951379719059908,-26.399474302233447
-12.946407417317737,-26.392477473246135
-12.941435115575558,-26.385478628359188
-12.936462813833387,-26.378477767144357
-12.931490512091209,-26.37147488917332
-12.926518210349037,-26.36446999401776
-12.92154590860686,-26.357463081249307
-12.916573606864688,-26.350454150439504
-12.911601305122517,-26.343443201159836
-12.906629003380338,-26.33643023298188
-12.901656701638167,-26.32941524547702
-12.896684399895989,-26.322398238216604
-12.891712098153818,-26.315379210772054
-12.886739796411646,-26.30835816271465
-12.881767494669468,-26.30133509361561
-12.876795192927297,-26.29431000304618
-12.871822891185118,-26.287282890577494
-12.866850589442947,-26.28025375578069
-12.861878287700769,-26.273222598226862
-12.856905985958598,-26.266189417486995
-12.851933684216426,-26.259154213132124
-12.846961382474248,-26.25211698473316
-12.841989080732077,-26.245077731860977
-12.837016778989899,-26.238036454086462
-12.832044477247727,-26.230993150980403
-12.827072175505549,-26.223947822113548
-12.822099873763378,-26.21690046705665
-12.817127572021207,-26.209851085380347
-12.812155270279028,-26.202799676655307
-12.807182968536857,-26.195746240452014
-12.802210666794679,-26.18869077634112
-12.797238365052507,-26.181633283892992
-12.792266063310336,-26.17457376267817
-12.787293761568158,-26.167512212267024
-12.782321459825987,-26.16044863222993
-12.777349158083808,-26.153383022137163
-12.772376856341637,-26.146315381559006
-12.767404554599459,-26.13924571006571
-12.762432252857288,-26.132174007227356
-12.757459951115116,-26.125100272614166
-12.752487649372938,-26.118024505796175
-12.747515347630767,-26.110946706343483
-12.742543045888588,-26.10386687382598
-12.737570744146417,-26.096785007813754
-12.732598442404239,-26.089701107876607
-12.727626140662068,-26.08261517358445
-12.722653838919896,-26.075527204507097
-12.717681537177718,-26.068437200214266
-12.712709235435547,-26.06134516027575
-12.707736933693369,-26.05425108426121
-12.702764631951197,-26.047154971740266
-12.697792330209026,-26.040056822282565
-12.692820028466848,-26.032956635457566
-12.687847726724677,-26.02585441083485
-12.682875424982498,-26.018750147983788
-12.677903123240327,-26.011643846473895
-12.672930821498149,-26.004535505874507
-12.667958519755977,-25.997425125754912
-12.662986218013806,-25.99031270568438
-12.658013916271628,-25.98319824523225
-12.653041614529457,-25.976081743967583
-12.648069312787278,-25.968963201459598
-12.643097011045107,-25.961842617277384
-12.638124709302929,-25.954719990989968
-12.633152407560758,-25.947595322166386
-12.628180105818586,-25.94046861037561
-12.623207804076408,-25.933339855186514
-12.618235502334237,-25.926209056168076
-12.613263200592058,-25.91907621288901
-12.608290898849887,-25.911941324918164
-12.603318597107716,-25.90480439182427
-12.598346295365538,-25.897665413176025
-12.593373993623366,-25.890524388542108
-12.588401691881188,-25.883381317491065
-12.583429390139017,-25.876236199591524
-12.578457088396839,-25.869089034411978
-12.573484786654667,-25.861939821520895
-12.568512484912496,-25.854788560486735
-12.563540183170318,-25.84763525087783
-12.558567881428147,-25.840479892262547
-12.553595579685968,-25.83332248420918
-12.548623277943797,-25.826163026286
-12.543650976201619,-25.819001518061203
-12.538678674459447,-25.81183795910297
-12.533706372717276,-25.804672348979345
-12.528734070975098,-25.79750468725848
-12.523761769232927,-25.79033497350836
-12.518789467490748,-25.783163207296987
-12.513817165748577,-25.77598938819232
-12.508844864006406,-25.768813515762222
-12.503872562264227,-25.76163558957453
-12.498900260522056,-25.754455609197105
-12.493927958779878,-25.747273574197656
-12.488955657037707,-25.7400894841439
-12.483983355295528,-25.73290333860355
-12.479011053553357,-25.725715137144245
-12.474038751811186,-25.71852487933349
-12.469066450069008,-25.71133256473886
-12.464094148326836,-25.704138192927886
-12.459121846584658,-25.696941763468
-12.454149544842487,-25.68974327592657
-12.449177243100308,-25.682542729870963
-12.444204941358137,-25.675340124868555
-12.439232639615966,-25.66813546048657
-12.434260337873788,-25.660928736292203
-12.429288036131616,-25.65371995185272
-12.424315734389438,-25.646509106735216
-12.419343432647267,-25.639296200506795
-12.414371130905096,-25.632081232734453
-12.409398829162917,-25.624864202985293
-12.404426527420746,-25.61764511082619
-12.399454225678568,-25.610423955824082
-12.394481923936397,-25.603200737545894
-12.389509622194218,-25.59597545555837
-12.384537320452047,-25.588748109428348
-12.379565018709876,-25.58151869872256
-12.374592716967697,-25.57428722300769
-12.369620415225526,-25.567053681850403
-12.364648113483348,-25.559818074817265
-12.359675811741177,-25.552580401474902
-12.354703509998998,-25.54534066138978
-12.349731208256827,-25.53809885412839
-12.344758906514656,-25.53085497925718
-12.339786604772478,-25.523609036342474
-12.334814303030306,-25.516361024950687
-12.329842001288128,-25.50911094464805
-12.324869699545957,-25.501858795000842
-12.319897397803786,-25.49460457557527
-12.314925096061607,-25.48734828593753
-12.309952794319436,-25.480089925653697
-12.304980492577258,-25.472829494289822
-12.300008190835086,-25.46556699141201
-12.295035889092908,-25.458302416586196
-12.290063587350737,-25.45103576937831
-12.285091285608566,-25.44376704935429
-12.280118983866387,-25.436496256079955
-12.275146682124216,-25.42922338912114
-12.270174380382038,-25.421948448043572
-12.265202078639867,-25.41467143241304
-12.260229776897688,-25.407392341795163
-12.255257475155517,-25.400111175755573
-12.250285173413346,-25.3928279338599
-12.245312871671167,-25.38554261567363
-12.240340569928996,-25.378255220762288
-12.235368268186818,-25.370965748691336
-12.230395966444647,-25.363674199026196
-12.225423664702475,-25.356380571332217
-12.220451362960297,-25.349084865174763
-12.215479061218126,-25.341787080119012
-12.210506759475948,-25.334487215730302
-12.205534457733776,-25.327185271573757
-12.200562155991598,-25.31988124721455
-12.195589854249427,-25.312575142217817
-12.190617552507256,-25.305266956148554
-12.185645250765077,-25.297956688571812
-12.180672949022906,-25.290644339052562
-12.175700647280728,-25.283329907155714
-12.170728345538556,-25.27601339244611
-12.165756043796378,-25.268694794488685
-12.160783742054207,-25.26137411284816
-12.155811440312036,-25.254051347089305
-12.150839138569857,-25.2467264967768
-12.145866836827686,-25.239399561475373
-12.140894535085508,-25.232070540749564
-12.135922233343337,-25.224739434164
-12.130949931601165,-25.217406241283204
-12.125977629858987,-25.21007096167163
-12.121005328116816,-25.202733594893758
-12.116033026374637,-25.195394140513955
-12.111060724632466,-25.188052598096558
-12.106088422890288,-25.180708967205955
-12.101116121148117,-25.17336324740635
-12.096143819405945,-25.166015438261947
-12.091171517663767,-25.158665539336965
-12.086199215921596,-25.151313550195507
-12.081226914179418,-25.143959470401704
-12.076254612437246,-25.13660329951955
-12.071282310695068,-25.12924503711308
-12.066310008952897,-25.121884682746252
-12.061337707210726,-25.114522235982985
-12.056365405468547,-25.107157696387098
-12.051393103726376,-25.099791063522485
-12.046420801984198,-25.092422336952893
-12.041448500242026,-25.085051516242054
-12.036476198499855,-25.07767860095368
-12.031503896757677,-25.070303590651402
-12.026531595015506,-25.06292648489885
-12.021559293273327,-25.05554728325957
-12.016586991531156,-25.048165985297103
-12.011614689788978,-25.040782590574903
-12.006642388046807,-25.033397098656376
-12.001670086304635,-25.026009509104945
-11.996697784562457,-25.01861982148397
-11.991725482820286,-25.01122803535671
-11.986753181078107,-25.003834150286433
-11.981780879335936,-24.99643816583636
-11.976808577593758,-24.989040081569662
-11.971836275851587,-24.981639897049448
-11.966863974109415,-24.974237611838806
-11.961891672367237,-24.966833225500775
-11.956919370625066,-24.959426737598356
-11.951947068882887,-24.95201814769445
-11.946974767140716,-24.944607455352052
-11.942002465398545,-24.93719466013394
-11.937030163656367,-24.929779761602934
-11.932057861914195,-24.922362759321896
-11.927085560172017,-24.91494365285349
-11.922113258429846,-24.907522441760392
-11.917140956687668,-24.900099125605262
-11.912168654945496,-24.892673703950717
-11.907196353203325,-24.88524617635929
-11.902224051461147,-24.877816542393482
-11.897251749718976,-24.870384801615778
-11.892279447976797,-24.862950953588616
-11.887307146234626,-24.855514997874366
-11.882334844492448,-24.848076934035355
-11.877362542750276,-24.840636761633917
-11.872390241008105,-24.83319448023226
-11.867417939265927,-24.825750089392557
-11.862445637523756,-24.81830358867705
-11.857473335781577,-24.810854977647793
-11.852501034039406,-24.80340425586692
-11.847528732297235,-24.795951422896398
-11.842556430555057,-24.788496478298267
-11.837584128812885,-24.78103942163448
-11.832611827070707,-24.773580252466875
-11.827639525328536,-24.766118970357358
-11.822667223586357,-24.758655574867714
-11.817694921844186,-24.751190065559744
-11.812722620102015,-24.743722441995164
-11.807750318359837,-24.736252703735637
-11.802778016617665,-24.728780850342822
-11.797805714875487,-24.721306881378315
-11.792833413133316,-24.713830796403688
-11.787861111391138,-24.706352594980384
-11.782888809648966,-24.698872276669924
-11.777916507906795,-24.691389841033686
-11.772944206164617,-24.683905287633106
-11.767971904422446,-24.676418616029505
-11.762999602680267,-24.66892982578414
-11.758027300938096,-24.661438916458284
-11.753054999195925,-24.653945887613148
-11.748082697453746,-24.646450738809854
-11.743110395711575,-24.638953469609547
-11.738138093969397,-24.6314540795733
-11.733165792227226,-24.623952568262137
-11.728193490485047,-24.616448935237063
-11.723221188742876,-24.608943180059008
-11.718248887000705,-24.601435302288866
-11.713276585258527,-24.593925301487467
-11.708304283516355,-24.586413177215707
-11.703331981774177,-24.57889892903429
-11.698359680032006,-24.571382556503952
-11.693387378289827,-24.563864059185356
-11.688415076547656,-24.556343436639214
-11.683442774805485,-24.548820688426044
-11.678470473063307,-24.541295814106427
-11.673498171321135,-24.533768813240894
-11.668525869578957,-24.526239685389882
-11.663553567836786,-24.518708430113822
-11.658581266094615,-24.5111750469731
-11.653608964352436,-24.503639535528027
-11.648636662610265,-24.496101895338928
-11.643664360868087,-24.48856212596605
-11.638692059125916,-24.481020226969576
-11.633719757383737,-24.473476197909665
-11.628747455641566,-24.46593003834647
-11.623775153899395,-24.458381747840058
-11.618802852157216,-24.45083132595044
-11.613830550415045,-24.44327877223763
-11.608858248672867,-24.43572408626155
-11.603885946930696,-24.428167267582104
-11.598913645188517,-24.42060831575916
-11.593941343446346,-24.413047230352557
-11.588969041704175,-24.405484010922052
-11.583996739961997,-24.39791865702735
-11.579024438219825,-24.390351168228168
-11.574052136477647,-24.382781544084118
-11.569079834735476,-24.37520978415487
-11.564107532993305,-24.367635887999917
-11.559135231251126,-24.36005985517875
-11.554162929508955,-24.352481685250908
-11.549190627766777,-24.34490137777578
-11.544218326024605,-24.33731893231276
-11.539246024282427,-24.32973434842117
-11.534273722540256,-24.322147625660353
-11.529301420798085,-24.314558763589524
-11.524329119055906,-24.306967761767893
-11.519356817313735,-24.299374619754676
-11.514384515571557,-24.291779337108927
-11.509412213829386,-24.28418191338979
-11.504439912087207,-24.276582348156243
-11.499467610345036,-24.268980640967342
-11.494495308602865,-24.261376791382023
-11.489523006860686,-24.25377079895916
-11.484550705118515,-24.246162663257657
-11.479578403376337,-24.238552383836335
-11.474606101634166,-24.230939960253956
-11.469633799891994,-24.22332539206928
-11.464661498149816,-24.21570867884099
-11.459689196407645,-24.208089820127718
-11.454716894665466,-24.200468815488083
-11.449744592923295,-24.192845664480675
-11.444772291181117,-24.185220366663977
-11.439799989438946,-24.177592921596503
-11.434827687696774,-24.169963328836666
-11.429855385954596,-24.16233158794288
-11.424883084212425,-24.15469769847348
-11.419910782470247,-24.147061659986733
-11.414938480728075,-24.139423472040985
-11.409966178985897,-24.131783134194396
-11.404993877243726,-24.124140646005166
-11.400021575501555,-24.11649600703142
-11.395049273759376,-24.10884921683127
-11.390076972017205,-24.10120027496274
-11.385104670275027,-24.093549180983853
-11.380132368532855,-24.085895934452594
-11.375160066790684,-24.078240534926824
-11.370187765048506,-24.070582981964453
-11.365215463306335,-24.062923275123318
-11.360243161564156,-24.05526141396117
-11.355270859821985,-24.047597398035844
-11.350298558079807,-24.039931226904937
-11.345326256337636,-24.032262900126206
-11.340353954595464,-24.024592417257256
-11.335381652853286,-24.016919777855616
-11.330409351111115,-24.009244981478847
-11.325437049368936,-24.001568027684403
-11.320464747626765,-23.993888916029796
-11.315492445884587,-23.98620764607241
-11.310520144142416,-23.978524217369586
-11.305547842400244,-23.970838629478674
-11.300575540658066,-23.963150881956906
-11.295603238915895,-23.955460974361557
-11.290630937173717,-23.9477689062498
-11.285658635431545,-23.940074677178792
-11.280686333689374,-23.932378286705628
-11.275714031947196,-23.92467973438739
-11.270741730205025,-23.91697901978107
-11.265769428462846,-23.909276142443662
-11.260797126720675,-23.90157110193208
-11.255824824978497,-23.893863897803243
-11.250852523236325,-23.886154529613993
-11.245880221494154,-23.87844299692116
-11.240907919751976,-23.870729299281454
-11.235935618009805,-23.86301343625162
-11.230963316267626,-23.855295407388322
-11.225991014525455,-23.84757521224824
-11.221018712783277,-23.83985285038789
-11.216046411041106,-23.832128321363932
-11.211074109298934,-23.82440162473276
-11.206101807556756,-23.816672760050903
-11.201129505814585,-23.80894172687476
-11.196157204072406,-23.801208524760714
-11.191184902330235,-23.793473153265115
-11.186212600588064,-23.785735611944233
-11.181240298845886,-23.77799590035434
-11.176267997103714,-23.770254018051638
-11.171295695361536,-23.762509964592283
-11.166323393619365,-23.754763739532397
-11.161351091877187,-23.747015342428053
-11.156378790135015,-23.739264772835327
-11.151406488392844,-23.73151203031018
-11.146434186650666,-23.723757114408585
-11.141461884908495,-23.71600002468644
-11.136489583166316,-23.708240760699606
-11.131517281424145,-23.70047932200389
-11.126544979681967,-23.692715708155127
-11.121572677939795,-23.684949918709055
-11.116600376197624,-23.677181953221304
-11.111628074455446,-23.66941181124754
-11.106655772713275,-23.661639492343447
-11.101683470971096,-23.653864996064513
-11.096711169228925,-23.646088321966356
-11.091738867486754,-23.63830946960439
-11.086766565744576,-23.630528438534014
-11.081794264002404,-23.622745228310755
-11.076821962260226,-23.61495983848986
-11.071849660518055,-23.60717226862671
-11.066877358775876,-23.599382518276503
-11.061905057033705,-23.591590586994556
-11.056932755291534,-23.583796474335998
-11.051960453549356,-23.576000179855985
-11.046988151807184,-23.56820170310964
-11.042015850065006,-23.560401043651996
-11.037043548322835,-23.552598201038073
-11.032071246580657,-23.54479317482285
-11.027098944838485,-23.53698596456127
-11.022126643096314,-23.5291765698082
-11.017154341354136,-23.521364990118485
-11.012182039611965,-23.51355122504698
-11.007209737869786,-23.50573527414839
-11.002237436127615,-23.49791713697746
-10.997265134385444,-23.490096813088854
-10.992292832643265,-23.48227430203724
-10.987320530901094,-23.47444960337717
-10.982348229158916,-23.466622716663196
-10.977375927416745,-23.458793641449837
-10.972403625674566,-23.45096237729158
-10.967431323932395,-23.443128923742833
-10.962459022190224,-23.435293280357993
-10.957486720448046,-23.427455446691347
-10.952514418705874,-23.419615422297223
-10.947542116963696,-23.41177320672989
-10.942569815221525,-23.403928799543543
-10.937597513479346,-23.396082200292344
-10.932625211737175,-23.388233408530436
-10.927652909995004,-23.380382423811902
-10.922680608252826,-23.372529245690778
-10.917708306510654,-23.364673873721053
-10.912736004768476,-23.356816307456697
-10.907763703026305,-23.34895654645165
-10.902791401284134,-23.341094590259743
-10.897819099541955,-23.33323043843482
-10.892846797799784,-23.325364090530687
-10.887874496057606,-23.317495546101057
-10.882902194315434,-23.309624804699684
-10.877929892573256,-23.301751865880185
-10.872957590831085,-23.29387672919619
-10.867985289088914,-23.2859993942013
-10.863012987346735,-23.278119860449014
-10.858040685604564,-23.27023812749287
-10.853068383862386,-23.262354194886274
-10.848096082120215,-23.25446806218268
-10.843123780378036,-23.24657972893539
-10.838151478635865,-23.23868919469783
-10.833179176893694,-23.23079645902317
-10.828206875151515,-23.222901521464717
-10.823234573409344,-23.215004381575667
-10.818262271667166,-23.207105038909138
-10.813289969924995,-23.199203493018278
-10.808317668182823,-23.191299743456153
-10.803345366440645,-23.183393789775803
-10.798373064698474,-23.175485631530172
-10.793400762956296,-23.16757526827225
-10.788428461214124,-23.159662699554932
-10.783456159471946,-23.151747924931076
-10.778483857729775,-23.1438309439535
-10.773511555987604,-23.13591175617498
-10.768539254245425,-23.12799036114824
-10.763566952503254,-23.120066758425985
-10.758594650761076,-23.112140947560874
-10.753622349018904,-23.104212928105493
-10.748650047276726,-23.096282699612438
-10.743677745534555,-23.088350261634208
-10.738705443792384,-23.08041561372333
-10.733733142050205,-23.072478755432194
-10.728760840308034,-23.064539686313225
-10.723788538565856,-23.05659840591876
-10.718816236823685,-23.048654913801116
-10.713843935081513,-23.040709209512617
-10.708871633339335,-23.032761292605414
-10.703899331597164,-23.02481116263176
-10.698927029854985,-23.016858819143746
-10.693954728112814,-23.00890426169354
-10.688982426370636,-23.000947489833173
-10.684010124628465,-22.992988503114653
-10.679037822886293,-22.98502730108998
-10.674065521144115,-22.9770638833111
-10.669093219401944,-22.969098249329903
-10.664120917659766,-22.961130398698202
-10.659148615917594,-22.953160330967847
-10.654176314175416,-22.945188045690625
-10.649204012433245,-22.937213542418238
-10.644231710691074,-22.929236820702375
-10.639259408948895,-22.921257880094654
-10.634287107206724,-22.913276720146744
-10.629314805464546,-22.90529334041013
-10.624342503722374,-22.89730774043639
-10.619370201980203,-22.889319919776987
-10.614397900238025,-22.881329877983323
-10.609425598495854,-22.873337614606804
-10.604453296753675,-22.865343129198816
-10.599480995011504,-22.857346421310655
-10.594508693269326,-22.84934749049356
-10.589536391527155,-22.84134633629878
-10.584564089784983,-22.833342958277512
-10.579591788042805,-22.825337355980857
-10.574619486300634,-22.817329528959963
-10.569647184558455,-22.809319476765847
-10.564674882816284,-22.80130719894955
-10.559702581074106,-22.793292695062068
-10.554730279331935,-22.785275964654268
-10.549757977589763,-22.777257007277132
-10.544785675847585,-22.769235822481427
-10.539813374105414,-22.761212409818015
-10.534841072363236,-22.753186768837633
-10.529868770621064,-22.745158899091027
-10.524896468878893,-22.737128800128875
-10.519924167136715,-22.72909647150181
-10.514951865394544,-22.721061912760437
-10.509979563652365,-22.71302512345532
-10.505007261910194,-22.704986103136978
-10.500034960168016,-22.69694485135587
-10.495062658425844,-22.68890136766242
-10.490090356683673,-22.68085565160706
-10.485118054941495,-22.67280770274012
-10.480145753199324,-22.66475752061191
-10.475173451457145,-22.65670510477267
-10.470201149714974,-22.648650454772653
-10.465228847972796,-22.640593570162064
-10.460256546230625,-22.63253445049101
-10.455284244488453,-22.62447309530963
-10.450311942746275,-22.616409504167926
-10.445339641004104,-22.608343676615934
-10.440367339261925,-22.60027561220363
-10.435395037519754,-22.592205310480985
-10.430422735777583,-22.58413277099787
-10.425450434035405,-22.576057993304108
-10.420478132293233,-22.567980976949553
-10.415505830551055,-22.559901721483932
-10.410533528808884,-22.551820226457018
-10.405561227066705,-22.54373649141845
-10.400588925324534,-22.535650515917894
-10.395616623582363,-22.527562299504943
-10.390644321840185,-22.51947184172916
-10.385672020098013,-22.511379142140097
-10.380699718355835,-22.503284200287165
-10.375727416613664,-22.49518701571987
-10.370755114871486,-22.48708758798754
-10.365782813129314,-22.478985916639594
-10.360810511387143,-22.470882001225302
-10.355838209644965,-22.462775841293944
-10.350865907902794,-22.45466743639474
-10.345893606160615,-22.4465567860769
-10.340921304418444,-22.438443889889545
-10.335949002676273,-22.43032874738182
-10.330976700934094,-22.42221135810274
-10.326004399191923,-22.41409172160132
-10.321032097449745,-22.40596983742659
-10.316059795707574,-22.397845705127466
-10.311087493965395,-22.389719324252834
-10.306115192223224,-22.38159069435159
-10.301142890481053,-22.373459814972488
-10.296170588738875,-22.365326685664346
-10.291198286996703,-22.35719130597588
-10.286225985254525,-22.349053675455806
-10.281253683512354,-22.34091379365271
-10.276281381770175,-22.332771660115274
-10.271309080028004,-22.32462727439205
-10.266336778285833,-22.31648063603154
-10.261364476543655,-22.308331744582226
-10.256392174801483,-22.30018059959256
-10.251419873059305,-22.292027200610917
-10.246447571317134,-22.28387154718573
-10.241475269574963,-22.275713638865273
-10.236502967832784,-22.267553475197783
-10.231530666090613,-22.259391055731562
-10.226558364348435,-22.251226380014778
-10.221586062606264,-22.243059447595602
-10.216613760864085,-22.23489025802213
-10.211641459121914,-22.226718810842446
-10.206669157379743,-22.218545105604555
-10.201696855637564,-22.210369141856468
-10.196724553895393,-22.202190919146112
-10.191752252153215,-22.194010437021426
-10.186779950411044,-22.185827695030248
-10.181807648668865,-22.177642692720443
-10.176835346926694,-22.169455429639736
-10.171863045184523,-22.161265905335917
-10.166890743442345,-22.153074119356663
-10.161918441700173,-22.144880071249645
-10.156946139957995,-22.136683760562484
-10.151973838215824,-22.128485186842735
-10.147001536473653,-22.12028434963796
-10.142029234731474,-22.112081248495652
-10.137056932989303,-22.103875882963226
-10.132084631247125,-22.09566825258815
-10.127112329504953,-22.087458356917747
-10.122140027762775,-22.079246195499394
-10.117167726020604,-22.071031767880374
-10.112195424278433,-22.062815073607926
-10.107223122536254,-22.054596112229227
-10.102250820794083,-22.046374883291477
-10.097278519051905,-22.038151386341834
-10.092306217309734,-22.029925620927308
-10.087333915567555,-22.021697586594968
-10.082361613825384,-22.01346728289186
-10.077389312083213,-22.00523470936489
-10.072417010341034,-21.99699986556101
-10.067444708598863,-21.988762751027082
-10.062472406856685,-21.980523365309967
-10.057500105114514,-21.972281707956444
-10.052527803372342,-21.964037778513276
-10.047555501630164,-21.955791576527165
-10.042583199887993,-21.947543101544817
-10.037610898145815,-21.93929235311282
-10.032638596403643,-21.93103933077783
-10.027666294661465,-21.922784034086344
-10.022693992919294,-21.914526462584888
-10.017721691177123,-21.90626661581994
-10.012749389434944,-21.898004493337915
-10.007777087692773,-21.889740094685195
-10.002804785950595,-21.881473419408156
-9.997832484208423,-21.873204467053103
-9.992860182466245,-21.86493323716626
-9.987887880724074,-21.856659729293906
-9.982915578981903,-21.84838394298221
-9.977943277239724,-21.840105877777244
-9.972970975497553,-21.831825533225217
-9.967998673755375,-21.82354290887212
-9.963026372013204,-21.815258004263995
-9.958054070271032,-21.80697081894683
-9.953081768528854,-21.79868135246655
-9.948109466786683,-21.79038960436908
-9.943137165044504,-21.782095574200213
-9.938164863302333,-21.77379926150581
-9.933192561560155,-21.765500665831652
-9.928220259817984,-21.757199786723476
-9.923247958075812,-21.748896623726942
-9.918275656333634,-21.74059117638774
-9.913303354591463,-21.732283444251454
-9.908331052849285,-21.72397342686366
-9.903358751107113,-21.715661123769912
-9.898386449364935,-21.70734653451568
-9.893414147622764,-21.6990296586464
-9.888441845880592,-21.69071049570751
-9.883469544138414,-21.68238904524436
-9.878497242396243,-21.674065306802273
-9.873524940654065,-21.66573927992652
-9.868552638911893,-21.65741096416242
-9.863580337169722,-21.6490803590551
-9.858608035427544,-21.640747464149758
-9.853635733685373,-21.63241227899149
-9.848663431943194,-21.624074803125396
-9.843691130201023,-21.61573503609655
-9.838718828458845,-21.607392977449923
-9.833746526716673,-21.59904862673045
-9.828774224974502,-21.590701983483104
-9.823801923232324,-21.582353047252717
-9.818829621490153,-21.574001817584143
-9.813857319747974,-21.565648294022214
-9.808885018005803,-21.557292476111645
-9.803912716263625,-21.548934363397148
-9.798940414521454,-21.540573955423444
-9.793968112779282,-21.532211251735134
-9.788995811037104,-21.52384625187681
-9.784023509294933,-21.51547895539307
-9.779051207552754,-21.507109361828366
-9.774078905810583,-21.498737470727217
-9.769106604068412,-21.490363281634046
-9.764134302326234,-21.481986794093228
-9.759162000584062,-21.47360800764915
-9.754189698841884,-21.465226921846075
-9.749217397099713,-21.45684353622829
-9.744245095357535,-21.448457850340066
-9.739272793615363,-21.440069863725537
-9.734300491873192,-21.43167957592891
-9.729328190131014,-21.42328698649422
-9.724355888388843,-21.414892094965577
-9.719383586646664,-21.406494900887022
-9.714411284904493,-21.398095403802525
-9.709438983162315,-21.38969360325604
-9.704466681420143,-21.381289498791485
-9.699494379677972,-21.372883089952712
-9.694522077935794,-21.364474376283503
-9.689549776193623,-21.3560633573277
-9.684577474451444,-21.34765003262902
-9.679605172709273,-21.339234401731225
-9.674632870967102,-21.3308164641779
-9.669660569224924,-21.322396219512694
-9.664688267482752,-21.31397366727922
-9.659715965740574,-21.305548807020976
-9.654743663998403,-21.2971216382815
-9.649771362256224,-21.288692160604235
-9.644799060514053,-21.2802603735326
-9.639826758771882,-21.271826276610014
-9.634854457029704,-21.263389869379754
-9.629882155287532,-21.254951151385168
-9.624909853545354,-21.246510122169493
-9.619937551803183,-21.238066781275986
-9.614965250061005,-21.229621128247764
-9.609992948318833,-21.221173162628016
-9.605020646576662,-21.212722883959813
-9.600048344834484,-21.204270291786248
-9.595076043092313,-21.1958153856503
-9.590103741350134,-21.18735816509496
-9.585131439607963,-21.178898629663188
-9.580159137865792,-21.17043677889788
-9.575186836123613,-21.16197261234184
-9.570214534381442,-21.15350612953794
-9.565242232639264,-21.145037330028952
-9.560269930897093,-21.13656621335757
-9.555297629154914,-21.128092779066538
-9.550325327412743,-21.119617026698474
-9.545353025670572,-21.11113895579602
-9.540380723928394,-21.10265856590175
-9.535408422186222,-21.094175856558202
-9.530436120444044,-21.08569082730785
-9.525463818701873,-21.077203477693192
-9.520491516959694,-21.068713807256575
-9.515519215217523,-21.060221815540427
-9.510546913475352,-21.051727502087093
-9.505574611733174,-21.043230866438808
-9.500602309991002,-21.03473190813786
-9.495630008248824,-21.026230626726473
-9.490657706506653,-21.01772702174684
-9.485685404764482,-21.009221092741047
-9.480713103022303,-21.0007128392512
-9.475740801280132,-20.99220226081937
-9.470768499537954,-20.98368935698753
-9.465796197795783,-20.97517412729774
-9.460823896053604,-20.96665657129183
-9.455851594311433,-20.958136688511757
-9.450879292569262,-20.94961447849937
-9.445906990827083,-20.941089940796456
-9.440934689084912,-20.932563074944817
-9.435962387342734,-20.924033880486135
-9.430990085600563,-20.915502356962197
-9.426017783858384,-20.906968503914573
-9.421045482116213,-20.898432320884908
-9.416073180374042,-20.889893807414758
-9.411100878631864,-20.88135296304567
-9.406128576889692,-20.872809787319152
-9.401156275147514,-20.86426427977659
-9.396183973405343,-20.85571643995949
-9.391211671663172,-20.847166267409204
-9.386239369920993,-20.838613761666984
-9.381267068178822,-20.830058922274223
-9.376294766436644,-20.82150174877211
-9.371322464694472,-20.812942240701886
-9.366350162952294,-20.804380397604735
-9.361377861210123,-20.795816219021773
-9.356405559467952,-20.787249704494094
-9.351433257725773,-20.778680853562737
-9.346460955983602,-20.770109665768757
-9.341488654241424,-20.761536140653085
-9.336516352499252,-20.752960277756685
-9.331544050757074,-20.74438207662042
-9.326571749014903,-20.735801536785196
-9.321599447272732,-20.72721865779177
-9.316627145530553,-20.718633439180937
-9.311654843788382,-20.71004588049344
-9.306682542046204,-20.701455981269966
-9.301710240304033,-20.692863741051195
-9.296737938561861,-20.684269159377713
-9.291765636819683,-20.675672235790095
-9.286793335077512,-20.667072969828883
-9.281821033335333,-20.658471361034557
-9.276848731593162,-20.64986740894762
-9.271876429850984,-20.641261113108442
-9.266904128108813,-20.632652473057416
-9.261931826366641,-20.624041488334882
-9.256959524624463,-20.61542815848112
-9.251987222882292,-20.606812483036418
-9.247014921140114,-20.598194461540942
-9.242042619397942,-20.589574093534946
-9.237070317655764,-20.58095137855849
-9.232098015913593,-20.572326316151713
-9.227125714171422,-20.563698905854668
-9.222153412429243,-20.55506914720734
-9.217181110687072,-20.54643703974978
-9.212208808944894,-20.53780258302187
-9.207236507202722,-20.529165776563545
-9.202264205460551,-20.520526619914634
-9.197291903718373,-20.511885112614955
-9.192319601976202,-20.503241254204333
-9.187347300234023,-20.494595044222443
-9.182374998491852,-20.485946482209044
-9.177402696749674,-20.47729556770375
-9.172430395007503,-20.468642300246223
-9.167458093265331,-20.459986679376044
-9.162485791523153,-20.45132870463273
-9.157513489780982,-20.442668375555776
-9.152541188038803,-20.434005691684682
-9.147568886296632,-20.42534065255885
-9.142596584554454,-20.416673257717683
-9.137624282812283,-20.408003506700503
-9.132651981070111,-20.399331399046616
-9.127679679327933,-20.390656934295304
-9.122707377585762,-20.381980111985772
-9.117735075843584,-20.373300931657212
-9.112762774101412,-20.3646193928488
-9.107790472359241,-20.355935495099626
-9.102818170617063,-20.347249237948724
-9.097845868874892,-20.33856062093516
-9.092873567132713,-20.329869643597917
-9.087901265390542,-20.321176305475937
-9.082928963648364,-20.312480606108142
-9.077956661906192,-20.303782545033386
-9.072984360164021,-20.29508212179051
-9.068012058421843,-20.286379335918298
-9.063039756679672,-20.277674186955522
-9.058067454937493,-20.26896667444087
-9.053095153195322,-20.260256797913016
-9.048122851453144,-20.251544556910588
-9.043150549710973,-20.242829950972215
-9.038178247968801,-20.234112979636443
-9.033205946226623,-20.22539364244174
-9.028233644484452,-20.21667193892666
-9.023261342742273,-20.207947868629557
-9.018289041000102,-20.199221431088887
-9.013316739257931,-20.190492625843
-9.008344437515753,-20.181761452430163
-9.003372135773581,-20.173027910388715
-8.998399834031403,-20.164291999256875
-8.993427532289232,-20.155553718572822
-8.988455230547054,-20.14681306787477
-8.983482928804882,-20.138070046700776
-8.978510627062711,-20.129324654588984
-8.973538325320533,-20.120576891077388
-8.968566023578362,-20.111826755704
-8.963593721836183,-20.103074248006802
-8.958621420094012,-20.094319367523727
-8.953649118351834,-20.08556211379262
-8.948676816609662,-20.076802486351376
-8.943704514867491,-20.068040484737768
-8.938732213125313,-20.059276108489573
-8.933759911383142,-20.05050935714454
-8.928787609640963,-20.04174023024029
-8.923815307898792,-20.03296872731454
-8.91884300615662,-20.024194847904905
-8.913870704414443,-20.01541859154891
-8.908898402672271,-20.006639957784124
-8.903926100930093,-19.997858946147996
-8.898953799187922,-19.989075556178065
-8.893981497445743,-19.980289787411643
-8.889009195703572,-19.971501639386187
-8.884036893961401,-19.96271111163899
-8.879064592219223,-19.953918203707335
-8.874092290477051,-19.945122915128522
-8.869119988734873,-19.936325245439754
-8.864147686992702,-19.927525194178212
-8.859175385250524,-19.91872276088103
-8.854203083508352,-19.909917945085326
-8.849230781766181,-19.901110746328126
-8.844258480024003,-19.89230116414646
-8.839286178281831,-19.88348919807736
-8.834313876539653,-19.874674847657715
-8.829341574797482,-19.865858112424473
-8.82436927305531,-19.857038991914475
-8.819396971313132,-19.84821748566455
-8.814424669570961,-19.839393593211515
-8.809452367828783,-19.830567314092068
-8.804480066086612,-19.82173864784294
-8.799507764344433,-19.812907594000826
-8.794535462602262,-19.804074152102352
-8.78956316086009,-19.79523832168409
-8.784590859117912,-19.786400102282595
-8.779618557375741,-19.777559493434406
-8.774646255633563,-19.76871649467598
-8.769673953891392,-19.759871105543773
-8.764701652149213,-19.751023325574153
-8.759729350407042,-19.7421731543035
-8.754757048664871,-19.733320591268146
-8.749784746922693,-19.724465636004325
-8.744812445180521,-19.715608288048333
-8.739840143438343,-19.706748546936335
-8.734867841696172,-19.697886412204518
-8.729895539954,-19.68902188338903
-8.724923238211822,-19.680154960025888
-8.719950936469651,-19.671285641651192
-8.714978634727473,-19.66241392780092
-8.710006332985301,-19.65353981801109
-8.705034031243123,-19.6446633118176
-8.700061729500952,-19.63578440875633
-8.69508942775878,-19.62690310836315
-8.690117126016602,-19.61801941017386
-8.685144824274431,-19.60913331372429
-8.680172522532253,-19.60024481855008
-8.675200220790082,-19.59135392418701
-8.670227919047903,-19.5824606301707
-8.665255617305732,-19.573564936036778
-8.66028331556356,-19.564666841320843
-8.655311013821382,-19.555766345558393
-8.650338712079211,-19.546863448284963
-8.645366410337033,-19.537958149036008
-8.640394108594862,-19.529050447346982
-8.63542180685269,-19.520140342753248
-8.630449505110512,-19.511227834790134
-8.625477203368341,-19.502312922992974
-8.620504901626163,-19.49339560689703
-8.615532599883991,-19.484475886037547
-8.610560298141813,-19.4755537599497
-8.605587996399642,-19.466629228168667
-8.60061569465747,-19.457702290229545
-8.595643392915292,-19.448772945667397
-8.590671091173121,-19.43984119401731
-8.585698789430943,-19.430907034814204
-8.580726487688771,-19.421970467593134
-8.575754185946593,-19.41303149188895
-8.570781884204422,-19.404090107236577
-8.56580958246225,-19.395146313170834
-8.560837280720072,-19.386200109226554
-8.555864978977901,-19.377251494938463
-8.550892677235723,-19.368300469841312
-8.545920375493552,-19.359347033469806
-8.54094807375138,-19.350391185358564
-8.535975772009202,-19.341432925042234
-8.53100347026703,-19.332472252055375
-8.526031168524852,-19.323509165932514
-8.521058866782681,-19.31454366620814
-8.516086565040503,-19.305575752416726
-8.511114263298332,-19.296605424092707
-8.50614196155616,-19.28763268077045
-8.501169659813982,-19.27865752198428
-8.49619735807181,-19.269679947268536
-8.491225056329633,-19.26069995615745
-8.486252754587461,-19.251717548185248
-8.481280452845283,-19.24273272288613
-8.476308151103112,-19.233745479794262
-8.47133584936094,-19.224755818443754
-8.466363547618762,-19.21576373836864
-8.461391245876591,-19.20676923910299
-8.456418944134413,-19.197772320180785
-8.451446642392241,-19.18877298113598
-8.44647434065007,-19.17977122150251
-8.441502038907892,-19.17076704081423
-8.43652973716572,-19.161760438604997
-8.431557435423542,-19.152751414408613
-8.426585133681371,-19.143739967758865
-8.421612831939193,-19.134726098189397
-8.416640530197022,-19.12570980523399
-8.41166822845485,-19.116691088426265
-8.406695926712672,-19.107669947299808
-8.4017236249705,-19.098646381388225
-8.396751323228322,-19.08962039022501
-8.391779021486151,-19.080591973343722
-8.386806719743973,-19.07156113027774
-8.381834418001802,-19.06252786056055
-8.37686211625963,-19.05349216372549
-8.371889814517452,-19.04445403930591
-8.36691751277528,-19.035413486835118
-8.361945211033103,-19.02637050584639
-8.356972909290931,-19.017325095872934
-8.35200060754876,-19.00827725644794
-8.347028305806582,-18.999226987104574
-8.34205600406441,-18.990174287375957
-8.337083702322232,-18.981119156795117
-8.332111400580061,-18.972061594895123
-8.327139098837883,-18.96300160120895
-8.322166797095711,-18.953939175269618
-8.31719449535354,-18.94487431660997
-8.312222193611362,-18.935807024762916
-8.30724989186919,-18.92673729926129
-8.302277590127012,-18.91766513963792
-8.297305288384841,-18.908590545425582
-8.292332986642663,-18.89951351615696
-8.287360684900491,-18.890434051364796
-8.28238838315832,-18.881352150581705
-8.277416081416142,-18.872267813340304
-8.27244377967397,-18.863181039173192
-8.267471477931792,-18.854091827612876
-8.262499176189621,-18.84500017819189
-8.25752687444745,-18.835906090442684
-8.252554572705272,-18.826809563897648
-8.2475822709631,-18.81771059808922
-8.242609969220922,-18.808609192549685
-8.23763766747875,-18.799505346811422
-8.232665365736572,-18.79039906040663
-8.227693063994401,-18.78129033286761
-8.22272076225223,-18.772179163726523
-8.217748460510052,-18.763065552515503
-8.21277615876788,-18.753949498766698
-8.207803857025702,-18.744831002012162
-8.202831555283531,-18.735710061784005
-8.197859253541353,-18.726586677614147
-8.192886951799181,-18.717460849034588
-8.18791465005701,-18.70833257557725
-8.182942348314832,-18.699201856774035
-8.17797004657266,-18.69006869215679
-8.172997744830482,-18.680933081257304
-8.168025443088311,-18.671795023607388
-8.16305314134614,-18.66265451873877
-8.158080839603961,-18.6535115661831
-8.15310853786179,-18.644366165472135
-8.148136236119612,-18.6352183161374
-8.14316393437744,-18.626068017710544
-8.138191632635262,-18.616915269723073
-8.133219330893091,-18.607760071706558
-8.12824702915092,-18.5986024231924
-8.123274727408742,-18.58944232371207
-8.11830242566657,-18.580279772796924
-8.113330123924392,-18.571114769978372
-8.10835782218222,-18.56194731478771
-8.103385520440042,-18.552777406756203
-8.098413218697871,-18.54360504541511
-8.0934409169557,-18.534430230295662
-8.088468615213522,-18.52525296092896
-8.08349631347135,-18.5160732368462
-8.078524011729172,-18.506891057578425
-8.073551709987001,-18.497706422656726
-8.06857940824483,-18.48851933161208
-8.063607106502651,-18.479329783975498
-8.05863480476048,-18.47013777927792
-8.053662503018302,-18.460943317050226
-8.04869020127613,-18.45174639682328
-8.043717899533952,-18.442547018127915
-8.038745597791781,-18.433345180494946
-8.03377329604961,-18.42414088345509
-8.028800994307431,-18.41493412653906
-8.02382869256526,-18.40572490927755
-8.018856390823082,-18.396513231201183
-8.01388408908091,-18.387299091840553
-8.008911787338732,-18.37808249072626
-8.003939485596561,-18.368863427388774
-7.99896718385439,-18.35964190135861
-7.9939948821122115,-18.35041791216621
-7.98902258037004,-18.341191459342
-7.984050278627862,-18.331962542416296
-7.979077976885691,-18.322731160919528
-7.9741056751435195,-18.313497314381905
-7.969133373401341,-18.30426100233372
-7.96416107165917,-18.295022224305225
-7.959188769916992,-18.28578097982652
-7.95421646817482,-18.27653726842785
-7.949244166432642,-18.267291089639258
-7.944271864690471,-18.258042442990842
-7.9392995629483,-18.24879132801264
-7.934327261206121,-18.239537744234607
-7.92935495946395,-18.23028169118676
-7.924382657721772,-18.22102316839896
-7.9194103559796005,-18.211762175401123
-7.914438054237422,-18.202498711723077
-7.909465752495251,-18.193232776894675
-7.90449345075308,-18.18396437044563
-7.899521149010901,-18.174693491905693
-7.89454884726873,-18.16542014080459
-7.889576545526552,-18.15614431667188
-7.884604243784381,-18.14686601903729
-7.879631942042209,-18.137585247430376
-7.874659640300031,-18.128302001380636
-7.86968733855786,-18.11901628041761
-7.8647150368156815,-18.10972808407077
-7.85974273507351,-18.10043741186953
-7.854770433331332,-18.091144263343292
-7.849798131589161,-18.081848638021434
-7.8448258298469895,-18.07255053543323
-7.839853528104811,-18.06324995510798
-7.83488122636264,-18.053946896574942
-7.829908924620462,-18.044641359363286
-7.82493662287829,-18.035333343002247
-7.819964321136112,-18.02602284702087
-7.814992019393941,-18.01670987094833
-7.81001971765177,-18.00739441431363
-7.805047415909591,-17.998076476645775
-7.80007511416742,-17.988756057473797
-7.795102812425242,-17.979433156326596
-7.7901305106830705,-17.97010777273313
-7.785158208940899,-17.960779906222218
-7.780185907198721,-17.951449556322686
-7.77521360545655,-17.942116722563373
-7.770241303714371,-17.932781404472994
-7.7652690019722,-17.923443601580303
-7.760296700230022,-17.914103313413943
-7.755324398487851,-17.904760539502597
-7.750352096745679,-17.895415279374845
-7.745379795003501,-17.88606753255924
-7.74040749326133,-17.87671729858437
-7.7354351915191515,-17.867364576978673
-7.73046288977698,-17.858009367270643
-7.725490588034802,-17.848651668988666
-7.720518286292631,-17.83929148166117
-7.7155459845504595,-17.829928804816475
-7.710573682808281,-17.820563637982858
-7.70560138106611,-17.81119598068861
-7.700629079323932,-17.801825832461997
-7.69565677758176,-17.792453192831186
-7.690684475839589,-17.783078061324357
-7.685712174097411,-17.773700437469586
-7.68073987235524,-17.764320320795004
-7.675767570613061,-17.754937710828614
-7.67079526887089,-17.745552607098485
-7.665822967128712,-17.736165009132517
-7.6608506653865405,-17.726774916458698
-7.655878363644369,-17.717382328604916
-7.650906061902191,-17.707987245099005
-7.64593376016002,-17.698589665468816
-7.640961458417841,-17.689189589242105
-7.63598915667567,-17.67978701594668
-7.631016854933492,-17.670381945110183
-7.626044553191321,-17.66097437626033
-7.621072251449149,-17.651564308924762
-7.616099949706971,-17.642151742631057
-7.6111276479648,-17.63273667690678
-7.6061553462226215,-17.62331911127944
-7.60118304448045,-17.61389904527658
-7.596210742738279,-17.604476478425617
-7.591238440996101,-17.595051410253937
-7.5862661392539295,-17.585623840288967
-7.581293837511751,-17.576193768058015
-7.57632153576958,-17.56676119308841
-7.571349234027402,-17.557326114907386
-7.56637693228523,-17.547888533042194
-7.561404630543059,-17.538448447020027
-7.556432328800881,-17.529005856368006
-7.55146002705871,-17.51956076061332
-7.546487725316531,-17.510113159282973
-7.54151542357436,-17.500663051904056
-7.536543121832182,-17.49121043800353
-7.53157082009001,-17.481755317108405
-7.526598518347839,-17.47229768874561
-7.521626216605661,-17.462837552442025
-7.51665391486349,-17.45337490772449
-7.511681613121311,-17.443909754119865
-7.50670931137914,-17.434442091154935
-7.501737009636969,-17.42497191835642
-7.4967647078947905,-17.41549923525104
-7.491792406152619,-17.40602404136546
-7.486820104410441,-17.39654633622631
-7.48184780266827,-17.387066119360252
-7.476875500926091,-17.377583390293765
-7.47190319918392,-17.36809814855341
-7.466930897441749,-17.358610393665696
-7.461958595699571,-17.34912012515703
-7.456986293957399,-17.33962734255385
-7.452013992215221,-17.330132045382545
-7.44704169047305,-17.320634233169436
-7.4420693887308715,-17.31113390544083
-7.4370970869887,-17.301631061723004
-7.432124785246529,-17.292125701542187
-7.427152483504351,-17.282617824424563
-7.4221801817621795,-17.273107429896303
-7.417207880020001,-17.263594517483497
-7.41223557827783,-17.25407908671226
-7.407263276535659,-17.244561137108615
-7.40229097479348,-17.235040668198586
-7.397318673051309,-17.225517679508147
-7.392346371309131,-17.21599217056321
-7.38737406956696,-17.2064641408897
-7.382401767824781,-17.196933590013444
-7.37742946608261,-17.18740051746032
-7.372457164340439,-17.17786492275609
-7.3674848625982605,-17.168326805426474
-7.362512560856089,-17.158786164997228
-7.357540259113911,-17.149243000994005
-7.35256795737174,-17.139697312942456
-7.347595655629561,-17.1301491003682
-7.34262335388739,-17.120598362796787
-7.337651052145219,-17.11104509975375
-7.332678750403041,-17.101489310764585
-7.327706448660869,-17.091930995354744
-7.322734146918691,-17.08237015304966
-7.31776184517652,-17.072806783374705
-7.312789543434349,-17.063240885855237
-7.30781724169217,-17.05367246001655
-7.302844939949999,-17.044101505383935
-7.297872638207821,-17.034528021482604
-7.2929003364656495,-17.02495200783782
-7.287928034723471,-17.015373463974655
-7.2829557329813,-17.005792389418303
-7.277983431239129,-16.99620878369384
-7.27301112949695,-16.986622646326303
-7.268038827754779,-16.97703397684074
-7.263066526012601,-16.967442774762088
-7.25809422427043,-16.95784903961534
-7.253121922528251,-16.948252770925368
-7.24814962078608,-16.938653968217075
-7.243177319043909,-16.929052631015274
-7.2382050173017305,-16.91944875884475
-7.233232715559559,-16.909842351230285
-7.228260413817381,-16.900233407696593
-7.22328811207521,-16.890621927768393
-7.2183158103330385,-16.881007910970293
-7.21334350859086,-16.871391356826916
-7.208371206848689,-16.861772264862868
-7.203398905106511,-16.852150634602662
-7.198426603364339,-16.842526465570835
-7.193454301622161,-16.832899757291827
-7.18848199987999,-16.823270509290072
-7.183509698137819,-16.813638721089998
-7.17853739639564,-16.80400439221591
-7.173565094653469,-16.79436752219217
-7.168592792911291,-16.78472811054308
-7.1636204911691195,-16.775086156792852
-7.158648189426941,-16.76544166046573
-7.15367588768477,-16.75579462108585
-7.148703585942599,-16.746145038177403
-7.14373128420042,-16.73649291126447
-7.138758982458249,-16.72683823987113
-7.133786680716071,-16.717181023521373
-7.1288143789739,-16.707521261739263
-7.123842077231728,-16.697858954048705
-7.11886977548955,-16.688194099973643
-7.113897473747379,-16.67852669903796
-7.1089251720052005,-16.668856750765492
-7.103952870263029,-16.65918425468011
-7.098980568520851,-16.649509210305492
-7.09400826677868,-16.63983161716547
-7.0890359650365085,-16.630151474783712
-7.08406366329433,-16.620468782683872
-7.079091361552159,-16.610783540389615
-7.074119059809981,-16.6010957474245
-7.069146758067809,-16.591405403312123
-7.064174456325631,-16.581712507575972
-7.05920215458346,-16.57201705973958
-7.054229852841289,-16.562319059326352
-7.04925755109911,-16.55261850585972
-7.044285249356939,-16.54291539886307
-7.039312947614761,-16.53320973785973
-7.0343406458725894,-16.523501522373017
-7.029368344130418,-16.51379075192619
-7.02439604238824,-16.504077426042482
-7.019423740646069,-16.49436154424509
-7.01445143890389,-16.48464310605719
-7.009479137161719,-16.474922111001906
-7.004506835419541,-16.465198558602296
-6.9995345336773696,-16.455472448381446
-6.994562231935198,-16.445743779862347
-6.98958993019302,-16.43601255256799
-6.984617628450849,-16.42627876602135
-6.97964532670867,-16.41654241974526
-6.974673024966499,-16.40680351326265
-6.969700723224321,-16.39706204609634
-6.96472842148215,-16.387318017769132
-6.959756119739978,-16.377571427803787
-6.9547838179978,-16.36782227572303
-6.949811516255629,-16.35807056104955
-6.9448392145134505,-16.348316283306016
-6.939866912771279,-16.33855944201503
-6.934894611029108,-16.328800036699167
-6.92992230928693,-16.319038066881003
-6.9249500075447585,-16.309273532083004
-6.91997770580258,-16.29950643182768
-6.915005404060409,-16.28973676563748
-6.910033102318231,-16.27996453303478
-6.905060800576059,-16.27018973354195
-6.900088498833888,-16.260412366681308
-6.89511619709171,-16.250632431975195
-6.890143895349539,-16.24084992894582
-6.88517159360736,-16.23106485711542
-6.880199291865189,-16.221277216006197
-6.875226990123011,-16.211487005140263
-6.8702546883808395,-16.201694224039784
-6.865282386638668,-16.19189887222681
-6.86031008489649,-16.18210094922337
-6.855337783154319,-16.172300454551504
-6.85036548141214,-16.162497387733133
-6.845393179669969,-16.15269174829026
-6.840420877927798,-16.142883535744733
-6.83544857618562,-16.133072749618428
-6.830476274443448,-16.12325938943317
-6.82550397270127,-16.113443454710744
-6.820531670959099,-16.103624944972925
-6.8155593692169205,-16.093803859741424
-6.810587067474749,-16.083980198537926
-6.805614765732578,-16.07415396088405
-6.8006424639904,-16.06432514630144
-6.7956701622482285,-16.054493754311668
-6.79069786050605,-16.04465978443624
-6.785725558763879,-16.034823236196733
-6.780753257021701,-16.02498410911453
-6.775780955279529,-16.01514240271112
-6.770808653537358,-16.0052981165079
-6.76583635179518,-15.99545125002619
-6.760864050053009,-15.985601802787325
-6.75589174831083,-15.975749774312654
-6.750919446568659,-15.965895164123353
-6.745947144826488,-15.956037971740672
-6.7409748430843095,-15.946178196685795
-6.736002541342138,-15.936315838479869
-6.73103023959996,-15.92645089664399
-6.726057937857789,-15.916583370699236
-6.72108563611561,-15.906713260166672
-6.716113334373439,-15.896840564567286
-6.711141032631268,-15.886965283422025
-6.70616873088909,-15.877087416251827
-6.701196429146918,-15.867206962577633
-6.69622412740474,-15.857323921920242
-6.691251825662569,-15.847438293800515
-6.6862795239203905,-15.837550077739227
-6.681307222178219,-15.827659273257135
-6.676334920436048,-15.817765879874974
-6.67136261869387,-15.807869897113402
-6.6663903169516985,-15.797971324493044
-6.66141801520952,-15.788070161534561
-6.656445713467349,-15.778166407758516
-6.651473411725178,-15.76826006268545
-6.646501109982999,-15.758351125835809
-6.641528808240828,-15.748439596730165
-6.63655650649865,-15.738525474888863
-6.631584204756479,-15.728608759832339
-6.6266119030143,-15.718689451080945
-6.621639601272129,-15.708767548154995
-6.616667299529958,-15.698843050574832
-6.6116949977877795,-15.688915957860635
-6.606722696045608,-15.6789862695327
-6.60175039430343,-15.66905398511112
-6.596778092561259,-15.659119104116138
-6.59180579081908,-15.649181626067806
-6.586833489076909,-15.63924155048623
-6.581861187334738,-15.629298876891447
-6.57688888559256,-15.619353604803432
-6.571916583850388,-15.609405733742207
-6.56694428210821,-15.59945526322766
-6.561971980366039,-15.589502192779753
-6.556999678623868,-15.579546521918273
-6.552027376881689,-15.569588250163083
-6.547055075139518,-15.559627377033992
-6.54208277339734,-15.549663902050767
-6.5371104716551685,-15.539697824733093
-6.53213816991299,-15.529729144600655
-6.527165868170819,-15.519757861173153
-6.522193566428648,-15.509783973970166
-6.517221264686469,-15.499807482511281
-6.512248962944298,-15.48982838631605
-6.50727666120212,-15.47984668490397
-6.502304359459949,-15.469862377794525
-6.49733205771777,-15.459875464507158
-6.492359755975599,-15.449885944561272
-6.487387454233428,-15.439893817476234
-6.482415152491249,-15.429899082771376
-6.477442850749078,-15.419901739966011
-6.4724705490069,-15.409901788579376
-6.467498247264729,-15.399899228130698
-6.462525945522557,-15.389894058139218
-6.457553643780379,-15.379886278124024
-6.452581342038208,-15.369875887604293
-6.4476090402960295,-15.359862886099078
-6.442636738553858,-15.34984727312746
-6.43766443681168,-15.339829048208394
-6.432692135069509,-15.32980821086093
-6.4277198333273375,-15.31978476060399
-6.422747531585159,-15.309758696956486
-6.417775229842988,-15.29973001943727
-6.41280292810081,-15.289698727565186
-6.407830626358638,-15.279664820859091
-6.40285832461646,-15.26962829883769
-6.397886022874289,-15.259589161019733
-6.392913721132118,-15.249547406923968
-6.387941419389939,-15.239503036068983
-6.382969117647768,-15.229456047973445
-6.37799681590559,-15.219406442155952
-6.3730245141634185,-15.20935421813504
-6.368052212421247,-15.19929937542928
-6.363079910679069,-15.189241913557094
-6.358107608936898,-15.179181832036967
-6.353135307194719,-15.169119130387317
-6.348163005452548,-15.159053808126535
-6.34319070371037,-15.14898586477295
-6.338218401968199,-15.138915299844891
-6.333246100226027,-15.128842112860637
-6.328273798483849,-15.118766303338402
-6.323301496741678,-15.108687870796423
-6.3183291949994995,-15.09860681475285
-6.313356893257328,-15.088523134725833
-6.30838459151515,-15.07843683023347
-6.303412289772979,-15.06834790079385
-6.2984399880308075,-15.058256345924969
-6.293467686288629,-15.048162165144829
-6.288495384546458,-15.03806535797141
-6.28352308280428,-15.027965923922617
-6.278550781062108,-15.017863862516355
-6.273578479319937,-15.00775917327052
-6.268606177577759,-14.997651855702859
-6.263633875835588,-14.987541909331204
-6.258661574093409,-14.977429333673287
-6.253689272351238,-14.96731412824683
-6.24871697060906,-14.957196292569524
-6.2437446688668885,-14.947075826159022
-6.238772367124717,-14.936952728532926
-6.233800065382539,-14.926826999208789
-6.228827763640368,-14.916698637704203
-6.223855461898189,-14.906567643536619
-6.218883160156018,-14.896434016223548
-6.21391085841384,-14.88629775528242
-6.208938556671669,-14.876158860230644
-6.203966254929497,-14.866017330585578
-6.198993953187319,-14.855873165864523
-6.194021651445148,-14.845726365584841
-6.1890493497029695,-14.835576929263764
-6.184077047960798,-14.825424856418502
-6.179104746218627,-14.81527014656629
-6.174132444476449,-14.805112799224245
-6.1691601427342775,-14.794952813909527
-6.164187840992099,-14.784790190139168
-6.159215539249928,-14.774624927430297
-6.15424323750775,-14.764457025299857
-6.149270935765578,-14.754286483264904
-6.144298634023407,-14.744113300842352
-6.139326332281229,-14.733937477549098
-6.134354030539058,-14.723759012902057
-6.129381728796879,-14.713577906418054
-6.124409427054708,-14.703394157613928
-6.11943712531253,-14.693207766006399
-6.1144648235703585,-14.683018731112274
-6.109492521828187,-14.672827052448206
-6.104520220086009,-14.662632729530893
-6.099547918343838,-14.652435761876967
-6.094575616601659,-14.642236149003034
-6.089603314859488,-14.63203389042566
-6.084631013117317,-14.621828985661379
-6.079658711375139,-14.61162143422667
-6.074686409632967,-14.60141123563802
-6.069714107890789,-14.59119838941183
-6.064741806148618,-14.580982895064555
-6.0597695044064395,-14.570764752112495
-6.054797202664268,-14.560543960071987
-6.049824900922097,-14.550320518459344
-6.044852599179919,-14.540094426790787
-6.0398802974377475,-14.529865684582557
-6.034907995695569,-14.519634291350842
-6.029935693953398,-14.509400246611811
-6.02496339221122,-14.499163549881539
-6.019991090469048,-14.488924200676143
-6.015018788726877,-14.478682198511649
-6.010046486984699,-14.468437542904097
-6.005074185242528,-14.458190233369447
-6.000101883500349,-14.44794026942363
-5.995129581758178,-14.437687650582593
-5.990157280016007,-14.427432376362198
-5.9851849782738284,-14.417174446278251
-5.980212676531657,-14.406913859846597
-5.975240374789479,-14.396650616582987
-5.970268073047308,-14.386384716003194
-5.965295771305129,-14.376116157622874
-5.960323469562958,-14.365844940957746
-5.955351167820787,-14.355571065523394
-5.9503788660786086,-14.345294530835437
-5.945406564336437,-14.33501533640943
-5.940434262594259,-14.32473348176093
-5.935461960852088,-14.314448966405433
-5.930489659109909,-14.30416178985834
-5.925517357367738,-14.293871951635165
-5.920545055625567,-14.28357945125126
-5.915572753883389,-14.27328428822197
-5.910600452141217,-14.262986462062635
-5.905628150399039,-14.25268597228854
-5.900655848656868,-14.242382818414958
-5.895683546914697,-14.23207699995707
-5.890711245172518,-14.221768516430096
-5.885738943430347,-14.211457367349192
-5.880766641688169,-14.20114355222944
-5.8757943399459975,-14.190827070585973
-5.870822038203819,-14.18050792193377
-5.865849736461648,-14.17018610578793
-5.860877434719477,-14.159861621663392
-5.855905132977298,-14.149534469075087
-5.850932831235127,-14.139204647537948
-5.845960529492949,-14.128872156566835
-5.840988227750778,-14.118536995676633
-5.836015926008599,-14.108199164382105
-5.831043624266428,-14.09785866219805
-5.826071322524257,-14.08751548863921
-5.8210990207820785,-14.077169643220241
-5.816126719039907,-14.066821125455897
-5.811154417297729,-14.056469934860747
-5.806182115555558,-14.046116070949447
-5.8012098138133865,-14.035759533236535
-5.796237512071208,-14.025400321236559
-5.791265210329037,-14.015038434464008
-5.786292908586859,-14.004673872433349
-5.781320606844687,-13.994306634659031
-5.776348305102509,-13.98393672065543
-5.771376003360338,-13.973564129936934
-5.766403701618167,-13.963188862017876
-5.761431399875988,-13.952810916412506
-5.756459098133817,-13.942430292635127
-5.751486796391639,-13.932046990199959
-5.7465144946494675,-13.921661008621198
-5.741542192907289,-13.911272347412996
-5.736569891165118,-13.900881006089483
-5.731597589422947,-13.890486984164752
-5.726625287680768,-13.880090281152844
-5.721652985938597,-13.869690896567809
-5.716680684196419,-13.859288829923594
-5.711708382454248,-13.84888408073422
-5.706736080712076,-13.83847664851356
-5.701763778969898,-13.82806653277548
-5.696791477227727,-13.817653733033888
-5.6918191754855485,-13.807238248802562
-5.686846873743377,-13.796820079595324
-5.681874572001199,-13.786399224925866
-5.676902270259028,-13.775975684307967
-5.6719299685168565,-13.765549457255286
-5.666957666774678,-13.755120543281446
-5.661985365032507,-13.74468894190009
-5.657013063290329,-13.734254652624799
-5.652040761548157,-13.723817674969133
-5.647068459805979,-13.713378008446545
-5.642096158063808,-13.702935652570583
-5.637123856321637,-13.692490606854664
-5.632151554579458,-13.682042870812166
-5.627179252837287,-13.671592443956545
-5.622206951095109,-13.66113932580106
-5.6172346493529375,-13.650683515859077
-5.612262347610766,-13.640225013643835
-5.607290045868588,-13.629763818668602
-5.602317744126417,-13.619299930446559
-5.597345442384238,-13.608833348490906
-5.592373140642067,-13.598364072314764
-5.587400838899889,-13.58789210143124
-5.582428537157718,-13.577417435353421
-5.577456235415546,-13.566940073594365
-5.572483933673368,-13.556460015666998
-5.567511631931197,-13.545977261084378
-5.5625393301890185,-13.53549180935937
-5.557567028446847,-13.525003660004932
-5.552594726704669,-13.514512812533903
-5.547622424962498,-13.504019266459125
-5.5426501232203265,-13.493523021293404
-5.537677821478148,-13.483024076549501
-5.532705519735977,-13.472522431740158
-5.527733217993799,-13.462018086378054
-5.522760916251627,-13.451511039975886
-5.517788614509456,-13.441001292046266
-5.512816312767278,-13.430488842101786
-5.507844011025107,-13.41997368965505
-5.502871709282928,-13.409455834218528
-5.497899407540757,-13.398935275304778
-5.492927105798579,-13.388412012426217
-5.4879548040564075,-13.377886045095316
-5.482982502314236,-13.367357372824436
-5.478010200572058,-13.356825995125972
-5.473037898829887,-13.346291911512228
-5.468065597087708,-13.335755121495497
-5.463093295345537,-13.32521562458806
-5.458120993603359,-13.314673420302126
-5.453148691861188,-13.30412850814992
-5.448176390119016,-13.293580887643579
-5.443204088376838,-13.283030558295232
-5.438231786634667,-13.272477519616963
-5.4332594848924884,-13.261921771120853
-5.428287183150317,-13.251363312318917
-5.423314881408146,-13.240802142723153
-5.418342579665968,-13.230238261845505
-5.413370277923796,-13.21967166919794
-5.408397976181618,-13.20910236429228
-5.403425674439447,-13.19853034664046
-5.3984533726972685,-13.187955615754245
-5.393481070955097,-13.177378171145472
-5.388508769212926,-13.166798012325872
-5.383536467470748,-13.156215138807157
-5.3785641657285765,-13.145629550101052
-5.373591863986398,-13.135041245719199
-5.368619562244227,-13.124450225173222
-5.363647260502049,-13.113856487974697
-5.358674958759877,-13.103260033635197
-5.353702657017706,-13.092660861666264
-5.348730355275528,-13.082058971579343
-5.343758053533357,-13.071454362885929
-5.338785751791178,-13.060847035097417
-5.333813450049007,-13.050236987725217
-5.328841148306836,-13.03962422028069
-5.3238688465646575,-13.029008732275106
-5.318896544822486,-13.018390523219844
-5.313924243080308,-13.00776959262607
-5.308951941338137,-12.997145940005076
-5.303979639595958,-12.986519564867999
-5.299007337853787,-12.975890466726044
-5.294035036111616,-12.9652586450903
-5.289062734369438,-12.954624099471836
-5.284090432627266,-12.943986829381764
-5.279118130885088,-12.933346834331058
-5.274145829142917,-12.922704113830738
-5.2691735274007385,-12.912058667391737
-5.264201225658567,-12.901410494525004
-5.259228923916396,-12.890759594741402
-5.254256622174218,-12.880105967551787
-5.2492843204320465,-12.869449612467005
-5.244312018689868,-12.858790528997817
-5.239339716947697,-12.848128716654985
-5.234367415205526,-12.837464174949261
-5.229395113463347,-12.82679690339129
-5.224422811721176,-12.816126901491762
-5.219450509978998,-12.80545416876128
-5.214478208236827,-12.79477870471045
-5.209505906494648,-12.784100508849807
-5.204533604752477,-12.77341958068989
-5.199561303010306,-12.762735919741193
-5.1945890012681275,-12.752049525514131
-5.189616699525956,-12.74136039751919
-5.184644397783778,-12.730668535266707
-5.179672096041607,-12.719973938267087
-5.1746997942994355,-12.709276606030604
-5.169727492557257,-12.69857653806759
-5.164755190815086,-12.687873733888273
-5.159782889072908,-12.677168193002885
-5.154810587330736,-12.666459914921635
-5.149838285588558,-12.655748899154641
-5.144865983846387,-12.645035145212086
-5.139893682104216,-12.63431865260401
-5.134921380362037,-12.623599420840492
-5.129949078619866,-12.612877449431561
-5.124976776877688,-12.602152737887197
-5.1200044751355165,-12.591425285717369
-5.115032173393338,-12.580695092432004
-5.110059871651167,-12.569962157540985
-5.105087569908996,-12.559226480554202
-5.100115268166817,-12.54848806098143
-5.095142966424646,-12.537746898332498
-5.090170664682468,-12.527002992117167
-5.085198362940297,-12.51625634184516
-5.080226061198125,-12.505506947026175
-5.075253759455947,-12.494754807169851
-5.070281457713776,-12.48399992178585
-5.0653091559715975,-12.47324229038373
-5.060336854229426,-12.462481912473105
-5.055364552487248,-12.45171878756345
-5.050392250745077,-12.440952915164313
-5.0454199490029055,-12.43018429478513
-5.040447647260727,-12.419412925935314
-5.035475345518556,-12.408638808124294
-5.030503043776378,-12.397861940861418
-5.025530742034206,-12.38708232365604
-5.020558440292028,-12.37629995601743
-5.015586138549857,-12.365514837454892
-5.010613836807686,-12.354726967477616
-5.005641535065507,-12.343936345594829
-5.000669233323336,-12.333142971315697
-4.995696931581158,-12.322346844149324
-4.9907246298389865,-12.311547963604863
-4.985752328096815,-12.300746329191352
-4.980780026354637,-12.289941940417819
-4.975807724612466,-12.27913479679329
-4.970835422870287,-12.26832489782672
-4.965863121128116,-12.257512243027051
-4.960890819385938,-12.246696831903206
-4.955918517643767,-12.235878663964028
-4.950946215901595,-12.225057738718373
-4.945973914159417,-12.214234055675034
-4.941001612417246,-12.20340761434281
-4.9360293106750674,-12.192578414230397
-4.931057008932896,-12.181746454846555
-4.926084707190718,-12.170911735699912
-4.921112405448547,-12.160074256299156
-4.916140103706375,-12.149234016152873
-4.911167801964197,-12.138391014769615
-4.906195500222026,-12.12754525165797
-4.9012231984798476,-12.116696726326433
-4.896250896737676,-12.105845438283481
-4.891278594995505,-12.094991387037567
-4.886306293253327,-12.084134572097092
-4.8813339915111555,-12.073274992970443
-4.876361689768977,-12.062412649165946
-4.871389388026806,-12.051547540191953
-4.866417086284628,-12.040679665556734
-4.861444784542456,-12.029809024768545
-4.856472482800285,-12.018935617335607
-4.851500181058107,-12.00805944276604
-4.846527879315936,-11.9971805005681
-4.841555577573757,-11.986298790249812
-4.836583275831586,-11.97541431131933
-4.831610974089408,-11.96452706328468
-4.8266386723472365,-11.953637045653888
-4.821666370605065,-11.942744257934944
-4.816694068862887,-11.931848699635806
-4.811721767120716,-11.920950370264382
-4.806749465378537,-11.910049269328576
-4.801777163636366,-11.899145396336259
-4.796804861894195,-11.88823875079524
-4.791832560152017,-11.877329332213309
-4.786860258409845,-11.866417140098244
-4.781887956667667,-11.855502173957765
-4.776915654925496,-11.84458443329957
-4.7719433531833175,-11.833663917631313
-4.766971051441146,-11.82274062646062
-4.761998749698975,-11.811814559295135
-4.757026447956797,-11.800885715642368
-4.7520541462146255,-11.789954095009884
-4.747081844472447,-11.779019696905166
-4.742109542730276,-11.768082520835707
-4.737137240988098,-11.757142566308895
-4.732164939245926,-11.746199832832207
-4.727192637503755,-11.735254319912958
-4.722220335761577,-11.724306027058502
-4.717248034019406,-11.713354953776145
-4.712275732277227,-11.702401099573155
-4.707303430535056,-11.691444463956808
-4.702331128792885,-11.68048504643427
-4.6973588270507065,-11.669522846512741
-4.692386525308535,-11.65855786369936
-4.687414223566357,-11.647590097501212
-4.682441921824186,-11.63661954742543
-4.677469620082007,-11.62564621297902
-4.672497318339836,-11.614670093669014
-4.667525016597665,-11.603691189002426
-4.662552714855487,-11.592709498486125
-4.657580413113315,-11.581725021627097
-4.652608111371137,-11.570737757932195
-4.647635809628966,-11.559747706908308
-4.6426635078867875,-11.548754868062204
-4.637691206144616,-11.537759240900721
-4.632718904402445,-11.526760824930602
-4.627746602660267,-11.515759619658542
-4.6227743009180955,-11.504755624591287
-4.617801999175917,-11.49374883923545
-4.612829697433746,-11.482739263097683
-4.607857395691575,-11.471726895684581
-4.602885093949396,-11.460711736502667
-4.597912792207225,-11.44969378505853
-4.592940490465047,-11.43867304085862
-4.587968188722876,-11.427649503409455
-4.582995886980697,-11.416623172217436
-4.578023585238526,-11.405594046788957
-4.573051283496355,-11.394562126630417
-4.5680789817541765,-11.383527411248114
-4.563106680012005,-11.372489900148398
-4.558134378269827,-11.361449592837506
-4.553162076527656,-11.350406488821715
-4.548189774785477,-11.339360587607198
-4.543217473043306,-11.328311888700163
-4.538245171301135,-11.317260391606746
-4.533272869558957,-11.306206095833005
-4.528300567816785,-11.29514900088513
-4.523328266074607,-11.284089106269077
-4.518355964332436,-11.2730264114909
-4.513383662590265,-11.261960916056589
-4.508411360848086,-11.250892619472063
-4.503439059105915,-11.23982152124328
-4.498466757363737,-11.228747620876105
-4.4934944556215655,-11.21767091787642
-4.488522153879387,-11.206591411750008
-4.483549852137216,-11.195509102002699
-4.478577550395045,-11.184423988140244
-4.473605248652866,-11.173336069668347
-4.468632946910695,-11.16224534609274
-4.463660645168517,-11.15115181691905
-4.458688343426346,-11.140055481652947
-4.453716041684167,-11.128956339800006
-4.448743739941996,-11.117854390865803
-4.443771438199825,-11.106749634355888
-4.4387991364576465,-11.095642069775725
-4.433826834715475,-11.084531696630842
-4.428854532973297,-11.07341851442663
-4.423882231231126,-11.062302522668507
-4.4189099294889544,-11.051183720861886
-4.413937627746776,-11.04006210851207
-4.408965326004605,-11.028937685124387
-4.403993024262427,-11.017810450204104
-4.399020722520255,-11.006680403256507
-4.394048420778077,-10.995547543786772
-4.389076119035906,-10.98441187130012
-4.3841038172937346,-10.973273385301678
-4.379131515551556,-10.962132085296556
-4.374159213809385,-10.950987970789885
-4.369186912067207,-10.939841041286703
-4.364214610325035,-10.928691296292028
-4.359242308582857,-10.917538735310856
-4.354270006840686,-10.906383357848155
-4.349297705098515,-10.89522516340885
-4.344325403356336,-10.884064151497842
-4.339353101614165,-10.872900321620007
-4.334380799871987,-10.861733673280165
-4.3294084981298155,-10.85056420598314
-4.324436196387644,-10.839391919233686
-4.319463894645466,-10.828216812536525
-4.314491592903295,-10.817038885396412
-4.309519291161116,-10.805858137317989
-4.304546989418945,-10.794674567805924
-4.299574687676767,-10.783488176364799
-4.294602385934596,-10.77229896249922
-4.289630084192424,-10.761106925713735
-4.284657782450246,-10.749912065512827
-4.279685480708075,-10.738714381401046
-4.2747131789658965,-10.727513872882792
-4.269740877223725,-10.716310539462523
-4.264768575481547,-10.705104380644592
-4.259796273739376,-10.693895395933392
-4.2548239719972045,-10.68268358483325
-4.249851670255026,-10.67146894684843
-4.244879368512855,-10.660251481483234
-4.239907066770677,-10.649031188241873
-4.234934765028505,-10.63780806662855
-4.229962463286334,-10.626582116147452
-4.224990161544156,-10.615353336302684
-4.220017859801985,-10.604121726598388
-4.215045558059806,-10.592887286538618
-4.210073256317635,-10.58165001562743
-4.205100954575457,-10.570409913368817
-4.2001286528332855,-10.559166979266777
-4.195156351091114,-10.547921212825262
-4.190184049348936,-10.536672613548165
-4.185211747606765,-10.52542118093939
-4.180239445864586,-10.514166914502784
-4.175267144122415,-10.502909813742177
-4.170294842380237,-10.491649878161356
-4.165322540638066,-10.480387107264088
-4.160350238895894,-10.469121500554099
-4.155377937153716,-10.457853057535058
-4.150405635411545,-10.446581777710678
-4.1454333336693665,-10.435307660584531
-4.140461031927195,-10.424030705660286
-4.135488730185024,-10.412750912441487
-4.130516428442846,-10.40146828043165
-4.1255441267006745,-10.390182809134316
-4.120571824958496,-10.378894498052937
-4.115599523216325,-10.367603346690977
-4.110627221474147,-10.356309354551836
-4.105654919731975,-10.345012521138893
-4.100682617989804,-10.333712845955537
-4.095710316247626,-10.322410328505027
-4.090738014505455,-10.311104968290705
-4.085765712763276,-10.299796764815786
-4.080793411021105,-10.28848571758354
-4.075821109278927,-10.277171826097103
-4.0708488075367555,-10.265855089859713
-4.065876505794584,-10.254535508374442
-4.060904204052406,-10.243213081144386
-4.055931902310235,-10.231887807672669
-4.050959600568056,-10.220559687462256
-4.045987298825885,-10.20922872001622
-4.041014997083714,-10.197894904837522
-4.036042695341536,-10.18655824142905
-4.031070393599364,-10.175218729293794
-4.026098091857186,-10.16387636793457
-4.021125790115015,-10.152531156854273
-4.0161534883728365,-10.141183095555693
-4.011181186630665,-10.129832183541636
-4.006208884888494,-10.118478420314869
-4.001236583146316,-10.107121805378064
-3.9962642814041445,-10.09576233823397
-3.991291979661966,-10.084400018385224
-3.986319677919795,-10.07303484533447
-3.9813473761776166,-10.061666818584289
-3.9763750744354454,-10.050295937637275
-3.971402772693274,-10.038922201995963
-3.966430470951096,-10.027545611162815
-3.9614581692089246,-10.016166164640367
-3.9564858674667462,-10.004783861931015
-3.951513565724575,-9.993398702537212
-3.946541263982404,-9.98201068596133
-3.9415689622402255,-9.970619811705701
-3.9365966604980542,-9.959226079272652
-3.931624358755876,-9.947829488164473
-3.9266520570137047,-9.93643003788343
-3.9216797552715263,-9.92502772793174
-3.916707453529355,-9.913622557811598
-3.911735151787184,-9.90221452702519
-3.9067628500450056,-9.890803635074604
-3.9017905483028343,-9.879389881461998
-3.896818246560656,-9.86797326568939
-3.891845944818485,-9.856553787258855
-3.8868736430763065,-9.845131445672386
-3.8819013413341352,-9.833706240431976
-3.876929039591964,-9.822278171039569
-3.8719567378497857,-9.810847236997063
-3.8669844361076144,-9.799413437806347
-3.862012134365436,-9.787976772969284
-3.857039832623265,-9.776537241987725
-3.8520675308810937,-9.76509484436342
-3.8470952291389153,-9.753649579598124
-3.842122927396744,-9.742201447193608
-3.8371506256545658,-9.73075044665154
-3.8321783239123945,-9.719296577473598
-3.827206022170216,-9.707839839161414
-3.822233720428045,-9.696380231216615
-3.8172614186858738,-9.684917753140759
-3.8122891169436954,-9.673452404435388
-3.807316815201524,-9.661984184602018
-3.802344513459346,-9.650513093142138
-3.7973722117171747,-9.639039129557213
-3.7923999099749963,-9.627562293348612
-3.787427608232825,-9.616082584017802
-3.782455306490654,-9.60460000106608
-3.7774830047484755,-9.593114543994794
-3.7725107030063043,-9.581626212305252
-3.767538401264126,-9.570135005498697
-3.7625660995219548,-9.558640923076398
-3.7575937977797835,-9.547143964539561
-3.752621496037605,-9.535644129389306
-3.747649194295434,-9.52414141712684
-3.7426768925532556,-9.512635827253222
-3.7377045908110844,-9.501127359269569
-3.732732289068906,-9.489616012676946
-3.727759987326735,-9.478101786976332
-3.7227876855845636,-9.46658468166875
-3.7178153838423853,-9.45506469625513
-3.712843082100214,-9.443541830236436
-3.7078707803580357,-9.432016083113524
-3.7028984786158645,-9.420487454387295
-3.697926176873686,-9.408955943558574
-3.692953875131515,-9.397421550128174
-3.6879815733893437,-9.38588427359685
-3.6830092716471654,-9.374344113465348
-3.678036969904994,-9.362801069234388
-3.673064668162816,-9.351255140404673
-3.6680923664206446,-9.339706326476826
-3.6631200646784734,-9.328154626951495
-3.658147762936295,-9.316600041329242
-3.653175461194124,-9.30504256911065
-3.6482031594519455,-9.293482209796222
-3.6432308577097743,-9.281918962886486
-3.638258555967596,-9.270352827881894
-3.6332862542254247,-9.258783804282883
-3.6283139524832535,-9.247211891589895
-3.623341650741075,-9.235637089303243
-3.618369348998904,-9.224059396923323
-3.6133970472567256,-9.212478813950408
-3.6084247455145544,-9.200895339884836
-3.603452443772376,-9.189308974226806
-3.598480142030205,-9.177719716476611
-3.5935078402880336,-9.166127566134369
-3.5885355385458553,-9.15453252270029
-3.583563236803684,-9.142934585674496
-3.5785909350615057,-9.131333754557055
-3.5736186333193345,-9.119730028848105
-3.5686463315771633,-9.108123408047634
-3.563674029834985,-9.096513891655652
-3.5587017280928137,-9.084901479172167
-3.5537294263506354,-9.073286170097107
-3.548757124608464,-9.06166796393041
-3.543784822866286,-9.050046860171944
-3.5388125211241146,-9.038422858321582
-3.5338402193819434,-9.026795957879143
-3.528867917639765,-9.015166158344414
-3.523895615897594,-9.0035334592172
-3.5189233141554155,-8.991897859997184
-3.5139510124132443,-8.980259360184117
-3.508978710671066,-8.968617959277625
-3.5040064089288947,-8.956973656777405
-3.4990341071867235,-8.945326452183057
-3.494061805444545,-8.933676344994138
-3.489089503702374,-8.922023334710229
-3.4841172019601956,-8.910367420830843
-3.4791449002180244,-8.898708602855471
-3.474172598475853,-8.887046880283613
-3.469200296733675,-8.875382252614626
-3.4642279949915036,-8.863714719347984
-3.4592556932493252,-8.852044279983007
-3.454283391507154,-8.840370934019075
-3.4493110897649757,-8.828694680955476
-3.4443387880228045,-8.817015520291497
-3.4393664862806332,-8.805333451526394
-3.434394184538455,-8.793648474159385
-3.4294218827962837,-8.781960587689658
-3.4244495810541054,-8.770269791616363
-3.419477279311934,-8.758576085438643
-3.414504977569756,-8.746879468655592
-3.4095326758275846,-8.735179940766283
-3.4045603740854133,-8.723477501269768
-3.399588072343235,-8.711772149665011
-3.394615770601064,-8.700063885451039
-3.3896434688588855,-8.688352708126766
-3.3846711671167142,-8.676638617191154
-3.379698865374543,-8.664921612143043
-3.3747265636323647,-8.6532016924813
-3.3697542618901934,-8.64147885770479
-3.364781960148015,-8.629753107312245
-3.359809658405844,-8.618024440802502
-3.3548373566636656,-8.606292857674248
-3.3498650549214943,-8.59455835742622
-3.344892753179323,-8.582820939557086
-3.3399204514371448,-8.57108060356548
-3.3349481496949736,-8.559337348950038
-3.329975847952795,-8.547591175209307
-3.325003546210624,-8.53584208184191
-3.3200312444684457,-8.52409006834632
-3.3150589427262744,-8.512335134221056
-3.310086640984103,-8.500577278964588
-3.305114339241925,-8.488816502075313
-3.3001420374997537,-8.477052803051686
-3.2951697357575753,-8.465286181392056
-3.290197434015404,-8.453516636594799
-3.285225132273233,-8.441744168158209
-3.2802528305310545,-8.429968775580532
-3.2752805287888833,-8.418190458360105
-3.270308227046705,-8.406409215995097
-3.2653359253045338,-8.39462504798372
-3.2603636235623554,-8.382837953824156
-3.255391321820184,-8.371047933014516
-3.250419020078013,-8.359254985052917
-3.2454467183358346,-8.347459109437425
-3.2404744165936634,-8.33566030566611
-3.235502114851485,-8.323858573236963
-3.230529813109314,-8.312053911647983
-3.2255575113671355,-8.300246320397127
-3.2205852096249643,-8.288435798982324
-3.215612907882793,-8.276622346901469
-3.2106406061406148,-8.264805963652412
-3.2056683043984435,-8.252986648733025
-3.200696002656265,-8.241164401641072
-3.195723700914094,-8.229339221874362
-3.1907513991719227,-8.217511108930646
-3.1857790974297444,-8.205680062307605
-3.180806795687573,-8.19384608150297
-3.175834493945395,-8.182009166014351
-3.1708621922032236,-8.170169315339441
-3.1658898904610453,-8.158326528975767
-3.160917588718874,-8.146480806420962
-3.155945286976703,-8.13463214717253
-3.1509729852345245,-8.122780550727953
-3.1460006834923533,-8.110926016584761
-3.141028381750175,-8.09906854424038
-3.1360560800080037,-8.087208133192235
-3.1310837782658254,-8.0753447829377
-3.126111476523654,-8.063478492974163
-3.121139174781483,-8.051609262798936
-3.1161668730393046,-8.03973709190931
-3.1111945712971334,-8.027861979802584
-3.106222269554955,-8.015983925975972
-3.101249967812784,-8.004102929926699
-3.0962776660706126,-7.992218991151958
-3.0913053643284343,-7.980332109148853
-3.086333062586263,-7.968442283414577
-3.0813607608440847,-7.956549513446151
-3.0763884591019135,-7.944653798740703
-3.071416157359735,-7.932755138795212
-3.066443855617564,-7.92085353310671
-3.0614715538753927,-7.908948981172178
-3.0564992521332144,-7.897041482488524
-3.051526950391043,-7.885131036552711
-3.046554648648865,-7.873217642861578
-3.0415823469066936,-7.861301300912024
-3.0366100451645153,-7.849382010200825
-3.031637743422344,-7.837459770224834
-3.026665441680173,-7.825534580480781
-3.0216931399379945,-7.813606440465389
-3.0167208381958233,-7.801675349675412
-3.011748536453645,-7.789741307607476
-3.0067762347114737,-7.777804313758283
-3.0018039329693025,-7.76586436762442
-2.996831631227124,-7.7539214687024645
-2.991859329484953,-7.741975616489006
-2.9868870277427746,-7.730026810480553
-2.9819147260006034,-7.718075050173634
-2.976942424258425,-7.706120335064683
-2.971970122516254,-7.6941626646501655
-2.9669978207740826,-7.682202038426499
-2.9620255190319043,-7.670238455890025
-2.957053217289733,-7.658271916537163
-2.9520809155475547,-7.646302419864169
-2.9471086138053835,-7.634329965367387
-2.942136312063205,-7.622354552543062
-2.937164010321034,-7.610376180887431
-2.9321917085788627,-7.598394849896713
-2.9272194068366844,-7.58641055906705
-2.922247105094513,-7.574423307894627
-2.917274803352335,-7.562433095875531
-2.9123025016101636,-7.550439922505881
-2.9073301998679923,-7.53844378728173
-2.902357898125814,-7.526444689699076
-2.897385596383643,-7.514442629253959
-2.8924132946414645,-7.502437605442315
-2.8874409928992932,-7.49042961776013
-2.882468691157115,-7.47841866570327
-2.8774963894149437,-7.46640474876765
-2.8725240876727725,-7.454387866449105
-2.867551785930594,-7.442368018243455
-2.862579484188423,-7.430345203646526
-2.8576071824462446,-7.418319422154048
-2.8526348807040733,-7.406290673261785
-2.847662578961895,-7.394258956465417
-2.842690277219724,-7.382224271260656
-2.8377179754775526,-7.370186617143132
-2.8327456737353742,-7.35814599360845
-2.827773371993203,-7.346102400152228
-2.8228010702510247,-7.334055836269985
-2.8178287685088534,-7.322006301457309
-2.812856466766682,-7.3099537952096805
-2.807884165024504,-7.2978983170225336
-2.8029118632823327,-7.28583986639138
-2.7979395615401543,-7.273778442811558
-2.792967259797983,-7.2617140457785325
-2.7879949580558048,-7.249646674787593
-2.7830226563136335,-7.237576329334108
-2.7780503545714623,-7.225503008913378
-2.773078052829284,-7.213426713020638
-2.7681057510871128,-7.201347441151148
-2.7631334493449344,-7.189265192800115
-2.758161147602763,-7.177179967462737
-2.753188845860585,-7.165091764634133
-2.7482165441184137,-7.153000583809467
-2.7432442423762424,-7.140906424483794
-2.738271940634064,-7.128809286152192
-2.733299638891893,-7.11670916830972
-2.7283273371497145,-7.10460607045135
-2.7233550354075433,-7.092499992072087
-2.718382733665372,-7.080390932666862
-2.7134104319231938,-7.0682788917306
-2.7084381301810225,-7.056163868758198
-2.703465828438844,-7.0440458632445
-2.698493526696673,-7.031924874684356
-2.6935212249544946,-7.019800902572571
-2.6885489232123234,-7.00767394640391
-2.683576621470152,-6.995544005673118
-2.678604319727974,-6.983411079874915
-2.6736320179858026,-6.971275168503989
-2.6686597162436243,-6.959136271054989
-2.663687414501453,-6.946994387022575
-2.6587151127592747,-6.934849515901303
-2.6537428110171035,-6.922701657185772
-2.6487705092749323,-6.9105508103705455
-2.643798207532754,-6.898396974950065
-2.6388259057905827,-6.886240150418899
-2.6338536040484044,-6.874080336271434
-2.628881302306233,-6.861917532002152
-2.623909000564062,-6.849751737105434
-2.6189366988218836,-6.837582951075618
-2.6139643970797124,-6.825411173407085
-2.608992095337534,-6.813236403594129
-2.604019793595363,-6.801058641131037
-2.5990474918531845,-6.788877885512046
-2.5940751901110133,-6.776694136231411
-2.589102888368842,-6.764507392783303
-2.5841305866266637,-6.752317654661884
-2.5791582848844925,-6.740124921361321
-2.574185983142314,-6.727929192375706
-2.569213681400143,-6.715730467199134
-2.5642413796579646,-6.703528745325614
-2.5592690779157934,-6.691324026249229
-2.554296776173622,-6.679116309463936
-2.549324474431444,-6.666905594463691
-2.5443521726892726,-6.654691880742464
-2.5393798709470943,-6.642475167794132
-2.534407569204923,-6.630255455112618
-2.529435267462752,-6.618032742191709
-2.5244629657205735,-6.605807028525274
-2.5194906639784023,-6.593578313607093
-2.514518362236224,-6.581346596930923
-2.5095460604940527,-6.569111877990518
-2.5045737587518744,-6.556874156279567
-2.499601457009703,-6.54463343129175
-2.494629155267532,-6.532389702520726
-2.4896568535253536,-6.520142969460101
-2.4846845517831824,-6.507893231603491
-2.479712250041004,-6.495640488444431
-2.474739948298833,-6.483384739476474
-2.4697676465566545,-6.471125984193099
-2.4647953448144833,-6.458864222087839
-2.459823043072312,-6.446599452654095
-2.4548507413301337,-6.434331675385292
-2.4498784395879625,-6.422060889774841
-2.444906137845784,-6.40978709531609
-2.439933836103613,-6.397510291502381
-2.4349615343614417,-6.385230477827025
-2.4299892326192634,-6.372947653783278
-2.425016930877092,-6.3606618188644
-2.420044629134914,-6.348372972563608
-2.4150723273927426,-6.3360811143741085
-2.4101000256505642,-6.323786243789036
-2.405127723908393,-6.311488360301573
-2.400155422166222,-6.299187463404787
-2.3951831204240435,-6.286883552591747
-2.3902108186818722,-6.274576627355527
-2.385238516939694,-6.2622666871891255
-2.3802662151975227,-6.249953731585573
-2.3752939134553444,-6.237637760037771
-2.370321611713173,-6.225318772038727
-2.365349309971002,-6.212996767081297
-2.3603770082288236,-6.20067174465836
-2.3554047064866523,-6.188343704262786
-2.350432404744474,-6.176012645387388
-2.345460103002303,-6.163678567524969
-2.3404878012601316,-6.151341470168277
-2.3355154995179532,-6.139001352810034
-2.330543197775782,-6.126658214942984
-2.3255708960336037,-6.114312056059782
-2.3205985942914324,-6.101962875653098
-2.315626292549254,-6.089610673215515
-2.310653990807083,-6.077255448239677
-2.3056816890649117,-6.064897200218125
-2.3007093873227333,-6.052535928643362
-2.295737085580562,-6.04017163300797
-2.2907647838383838,-6.027804312804365
-2.2857924820962126,-6.015433967525043
-2.280820180354034,-6.003060596662392
-2.275847878611863,-5.990684199708822
-2.2708755768696918,-5.9783047761567225
-2.2659032751275134,-5.965922325498388
-2.260930973385342,-5.953536847226171
-2.255958671643164,-5.941148340832314
-2.2509863699009927,-5.928756805809111
-2.2460140681588214,-5.916362241648759
-2.241041766416643,-5.9039646478434635
-2.236069464674472,-5.891564023885396
-2.2310971629322935,-5.879160369266679
-2.2261248611901223,-5.866753683479456
-2.221152559447944,-5.854343966015796
-2.2161802577057728,-5.841931216367763
-2.2112079559636015,-5.829515434027383
-2.206235654221423,-5.817096618486621
-2.201263352479252,-5.804674769237506
-2.1962910507370736,-5.792249885771933
-2.1913187489949024,-5.779821967581844
-2.186346447252724,-5.767391014159117
-2.181374145510553,-5.754957024995621
-2.1764018437683816,-5.74251999958318
-2.1714295420262033,-5.730079937413567
-2.166457240284032,-5.717636837978621
-2.1614849385418538,-5.7051907007700216
-2.1565126367996825,-5.692741525279535
-2.1515403350575113,-5.680289310998839
-2.146568033315333,-5.667834057419553
-2.1415957315731617,-5.655375764033376
-2.1366234298309834,-5.642914430331881
-2.131651128088812,-5.630450055806649
-2.126678826346634,-5.617982639949207
-2.1217065246044626,-5.605512182251137
-2.1167342228622914,-5.593038682203887
-2.111761921120113,-5.5805621392989
-2.106789619377942,-5.5680825530276685
-2.1018173176357635,-5.5555999228815525
-2.0968450158935923,-5.543114248351981
-2.091872714151414,-5.530625528930268
-2.0869004124092427,-5.518133764107769
-2.0819281106670715,-5.505638953375767
-2.076955808924893,-5.493141096225508
-2.071983507182722,-5.480640192148275
-2.0670112054405436,-5.46813624063525
-2.0620389036983724,-5.455629241177641
-2.057066601956201,-5.443119193266594
-2.052094300214023,-5.430606096393218
-2.0471219984718516,-5.4180899500486674
-2.0421496967296733,-5.40557075372395
-2.037177394987502,-5.393048506910176
-2.0322050932453237,-5.380523209098303
-2.0272327915031525,-5.367994859779385
-2.0222604897609813,-5.355463458444341
-2.017288188018803,-5.3429290045840965
-2.0123158862766317,-5.330391497689582
-2.0073435845344534,-5.317850937251656
-2.002371282792282,-5.305307322761211
-1.9973989810501038,-5.292760653708999
-1.9924266793079326,-5.280210929585891
-1.9874543775657614,-5.267658149882616
-1.982482075823583,-5.2551023140898945
-1.9775097740814118,-5.242543421698478
-1.9725374723392335,-5.229981472199017
-1.9675651705970623,-5.217416465082192
-1.962592868854891,-5.204848399838616
-1.9576205671127127,-5.192277275958884
-1.9526482653705415,-5.179703092933598
-1.9476759636283631,-5.167125850253253
-1.942703661886192,-5.154545547408412
-1.9377313601440136,-5.1419621838895315
-1.9327590584018424,-5.129375759187116
-1.9277867566596711,-5.116786272791565
-1.9228144549174928,-5.1041937241932605
-1.9178421531753216,-5.091598112882638
-1.9128698514331433,-5.078999438349996
-1.907897549690972,-5.066397700085708
-1.9029252479487937,-5.053792897580018
-1.8979529462066225,-5.041185030323236
-1.8929806444644512,-5.028574097805572
-1.888008342722273,-5.015960099517244
-1.8830360409801017,-5.003343034948459
-1.8780637392379234,-4.990722903589327
-1.8730914374957521,-4.978099704930024
-1.868119135753581,-4.965473438460641
-1.8631468340114026,-4.952844103671227
-1.8581745322692313,-4.940211700051858
-1.853202230527053,-4.927576227092516
-1.8482299287848818,-4.914937684283238
-1.8432576270427035,-4.902296071113945
-1.8382853253005322,-4.889651387074611
-1.833313023558361,-4.877003631655122
-1.8283407218161827,-4.864352804345355
-1.8233684200740115,-4.851698904635169
-1.8183961183318331,-4.83904193201438
-1.813423816589662,-4.8263818859728165
-1.8084515148474836,-4.8137187660002105
-1.8034792131053123,-4.801052571586328
-1.7985069113631411,-4.788383302220899
-1.7935346096209628,-4.775710957393548
-1.7885623078787916,-4.763035536594019
-1.7835900061366132,-4.750357039311874
-1.778617704394442,-4.737675465036766
-1.7736454026522708,-4.724990813258252
-1.7686731009100924,-4.712303083465868
-1.7637007991679212,-4.699612275149177
-1.7587284974257429,-4.686918387797637
-1.7537561956835717,-4.674221420900731
-1.7487838939413933,-4.661521373947896
-1.743811592199222,-4.648818246428569
-1.7388392904570509,-4.636112037832098
-1.7338669887148725,-4.623402747647862
-1.7288946869727013,-4.610690375365186
-1.723922385230523,-4.597974920473371
-1.7189500834883518,-4.585256382461713
-1.7139777817461734,-4.572534760819422
-1.7090054800040022,-4.559810055035764
-1.704033178261831,-4.547082264599898
-1.6990608765196527,-4.534351389001008
-1.6940885747774814,-4.5216174277282475
-1.689116273035303,-4.508880380270679
-1.6841439712931319,-4.496140246117432
-1.6791716695509606,-4.483397024757568
-1.6741993678087823,-4.470650715680067
-1.669227066066611,-4.4579013183739855
-1.6642547643244328,-4.445148832328272
-1.6592824625822615,-4.43239325703188
-1.6543101608400832,-4.41963459197372
-1.649337859097912,-4.406872836642722
-1.6443655573557407,-4.394107990527718
-1.6393932556135624,-4.381340053117537
-1.6344209538713912,-4.368569023901033
-1.6294486521292129,-4.355794902366938
-1.6244763503870416,-4.343017688004055
-1.6195040486448633,-4.33023738030109
-1.614531746902692,-4.317453978746762
-1.6095594451605209,-4.30466748282975
-1.6045871434183425,-4.2918778920386655
-1.5996148416761713,-4.27908520586218
-1.594642539933993,-4.266289423788832
-1.5896702381918217,-4.25349054530724
-1.5846979364496505,-4.24068856990593
-1.5797256347074722,-4.2278834970733845
-1.574753332965301,-4.215075326298137
-1.5697810312231226,-4.202264057068586
-1.5648087294809514,-4.189449688873231
-1.559836427738773,-4.176632221200417
-1.5548641259966018,-4.163811653538572
-1.5498918242544306,-4.150987985376006
-1.5449195225122523,-4.138161216201051
-1.539947220770081,-4.125331345502023
-1.5349749190279027,-4.112498372767152
-1.5300026172857315,-4.099662297484738
-1.5250303155435532,-4.086823119142926
-1.520058013801382,-4.073980837229969
-1.5150857120592107,-4.061135451233989
-1.5101134103170324,-4.04828696064312
-1.5051411085748612,-4.035435364945488
-1.5001688068326828,-4.022580663629136
-1.4951965050905116,-4.009722856182172
-1.4902242033483404,-3.996861942092581
-1.485251901606162,-3.983997920848343
-1.4802795998639908,-3.97113079193749
-1.4753072981218125,-3.9582605548479113
-1.4703349963796413,-3.945387209067565
-1.465362694637463,-3.9325107540842983
-1.4603903928952917,-3.9196311893860227
-1.4554180911531205,-3.906748514460553
-1.4504457894109422,-3.8938627287956744
-1.445473487668771,-3.8809738318792113
-1.4405011859265926,-3.868081823198882
-1.4355288841844214,-3.8551867022424626
-1.430556582442243,-3.8422884684975935
-1.4255842807000718,-3.8293871214520143
-1.4206119789579006,-3.8164826605933406
-1.4156396772157223,-3.8035750854091566
-1.410667375473551,-3.79066439538713
-1.4056950737313727,-3.777750590014767
-1.4007227719892015,-3.7648336687796595
-1.3957504702470303,-3.7519136311692924
-1.390778168504852,-3.7389904766711566
-1.3858058667626807,-3.7260642047727113
-1.3808335650205024,-3.7131348149613754
-1.3758612632783311,-3.7002023067245937
-1.3708889615361528,-3.687266679549697
-1.3659166597939816,-3.6743279329240974
-1.3609443580518104,-3.661386066335077
-1.355972056309632,-3.648441079269932
-1.3509997545674608,-3.635492971215972
-1.3460274528252825,-3.6225417416603887
-1.3410551510831112,-3.609587390090468
-1.336082849340933,-3.5966299159933435
-1.3311105475987617,-3.5836693188562396
-1.3261382458565905,-3.57070559816623
-1.3211659441144121,-3.5577387534104523
-1.316193642372241,-3.5447687840760325
-1.3112213406300626,-3.5317956896499574
-1.3062490388878913,-3.5188194696193227
-1.3012767371457201,-3.505840123471098
-1.2963044354035418,-3.4928576506922697
-1.2913321336613706,-3.4798720507698016
-1.2863598319191922,-3.466883323190588
-1.281387530177021,-3.453891467441569
-1.2764152284348427,-3.44089648300957
-1.2714429266926714,-3.4278983693815013
-1.2664706249505002,-3.414897126044126
-1.261498323208322,-3.4018927524842497
-1.2565260214661507,-3.3888852481886564
-1.2515537197239723,-3.375874612644047
-1.246581417981801,-3.362860845337183
-1.2416091162396228,-3.349843945754696
-1.2366368144974516,-3.3368239133833124
-1.2316645127552803,-3.3238007477096065
-1.226692211013102,-3.310774448220198
-1.2217199092709308,-3.2977450144016895
-1.2167476075287524,-3.2847124457406145
-1.2117753057865812,-3.2716767417235033
-1.20680300404441,-3.2586379018368663
-1.2018307023022317,-3.2455959255671365
-1.1968584005600604,-3.2325508124008144
-1.191886098817882,-3.2195025618242816
-1.1869137970757109,-3.2064511733239716
-1.1819414953335325,-3.193396646386201
-1.1769691935913613,-3.180338980497355
-1.17199689184919,-3.1672781751437387
-1.1670245901070118,-3.154214229811609
-1.1620522883648405,-3.141147143987274
-1.1570799866226622,-3.1280769171569194
-1.152107684880491,-3.1150035488068157
-1.1471353831383126,-3.1019270384230735
-1.1421630813961414,-3.0888473854919147
-1.1371907796539702,-3.075764589499429
-1.1322184779117919,-3.0626786499317182
-1.1272461761696206,-3.049589566274892
-1.1222738744274423,-3.0364973380149496
-1.117301572685271,-3.0234019646379755
-1.1123292709430999,-3.010303445629934
-1.1073569692009215,-2.997201780476774
-1.1023846674587503,-2.9840969686644825
-1.097412365716572,-2.970989009678959
-1.0924400639744007,-2.9578779030060987
-1.0874677622322224,-2.944763648131759
-1.0824954604900512,-2.9316462445417977
-1.07752315874788,-2.9185256917220186
-1.0725508570057016,-2.9054019891581966
-1.0675785552635304,-2.8922751363361088
-1.062606253521352,-2.879145132741468
-1.0576339517791808,-2.866011977860016
-1.0526616500370025,-2.852875671177406
-1.0476893482948313,-2.8397362121793117
-1.04271704655266,-2.826593600351366
-1.0377447448104817,-2.81344783517913
-1.0327724430683105,-2.80029891614823
-1.0278001413261322,-2.7871468427441837
-1.022827839583961,-2.773991614452555
-1.0178555378417897,-2.7608332307588044
-1.0128832360996114,-2.7476716911484043
-1.0079109343574402,-2.734506995106835
-1.0029386326152618,-2.7213391421194593
-0.9979663308730906,-2.7081681316717328
-0.9929940291309123,-2.694993963248975
-0.9880217273887411,-2.6818166363365687
-0.9830494256465698,-2.6686361504198026
-0.9780771239043915,-2.6554525049839532
-0.9731048221622203,-2.6422656995143146
-0.9681325204200419,-2.6290757334961024
-0.9631602186778707,-2.6158826064145284
-0.9581879169356924,-2.6026863177547748
-0.9532156151935212,-2.5894868670020266
-0.9482433134513499,-2.576284253641391
-0.9432710117091716,-2.5630784771579584
-0.9382987099670004,-2.5498695370368467
-0.933326408224822,-2.5366574327630778
-0.9283541064826508,-2.523442163821711
-0.9233818047404796,-2.5102237296977257
-0.9184095029983013,-2.497002129876081
-0.91343720125613,-2.4837773638417753
-0.9084648995139517,-2.470549431079673
-0.9034925977717805,-2.4573183310747293
-0.8985202960296022,-2.4440840633117795
-0.8935479942874309,-2.4308466272756877
-0.8885756925452597,-2.417606022451262
-0.8836033908030814,-2.404362248323296
-0.8786310890609101,-2.391115304376571
-0.8736587873187318,-2.377865190095794
-0.8686864855765606,-2.364611904965732
-0.8637141838343823,-2.351355448471022
-0.858741882092211,-2.3380958200963744
-0.8537695803500398,-2.324833019326413
-0.8487972786078615,-2.311567045645719
-0.8438249768656902,-2.298297898538913
-0.8388526751235119,-2.2850255774905333
-0.8338803733813407,-2.2717500819851444
-0.8289080716391695,-2.2584714115072257
-0.8239357698969911,-2.245189565541261
-0.8189634681548199,-2.231904543571736
-0.8139911664126416,-2.2186163450830407
-0.8090188646704704,-2.2053249695596064
-0.804046562928292,-2.192030416485795
-0.7990742611861208,-2.178732685345989
-0.7941019594439496,-2.1654317756244916
-0.7891296577017712,-2.1521276868055867
-0.7841573559596,-2.138820418373604
-0.7791850542174217,-2.1255099698127387
-0.7742127524752505,-2.1121963406072464
-0.7692404507330721,-2.0988795302412986
-0.7642681489909009,-2.0855595381991088
-0.7592958472487297,-2.0722363639648003
-0.7543235455065513,-2.0589100070224755
-0.7493512437643801,-2.045580466856259
-0.7443789420222018,-2.0322477429502026
-0.7394066402800306,-2.018911834788354
-0.7344343385378593,-2.005572741854732
-0.729462036795681,-1.9922304636333361
-0.7244897350535098,-1.978884999608117
-0.7195174333113314,-1.9655363492630167
-0.7145451315691602,-1.9521845120819517
-0.7095728298269819,-1.9388294875488168
-0.7046005280848107,-1.9254712751474754
-0.6996282263426394,-1.912109874361764
-0.6946559246004611,-1.8987452846754593
-0.6896836228582899,-1.8853775055724107
-0.6847113211161115,-1.8720065365363066
-0.6797390193739403,-1.8586323770509436
-0.674766717631762,-1.8452550265999785
-0.6697944158895908,-1.8318744846671304
-0.6648221141474195,-1.8184907507360324
-0.6598498124052412,-1.8051038242902993
-0.65487751066307,-1.7917137048135625
-0.6499052089208917,-1.778320391789369
-0.6449329071787204,-1.7649238847012934
-0.6399606054365492,-1.7515241830328383
-0.6349883036943709,-1.7381212862674855
-0.6300160019521996,-1.7247151938887337
-0.6250437002100213,-1.7113059053799826
-0.6200713984678501,-1.6978934202246823
-0.6150990967256718,-1.6844777379061548
-0.6101267949835005,-1.6710588579078232
-0.6051544932413293,-1.6576367797129539
-0.600182191499151,-1.6442115028048454
-0.5952098897569797,-1.63078302666677
-0.5902375880148014,-1.6173513507819162
-0.5852652862726302,-1.6039164746335228
-0.5802929845304519,-1.5904783977046808
-0.5753206827882806,-1.577037119478556
-0.5703483810461094,-1.5635926394382043
-0.5653760793039311,-1.5501449570666164
-0.5604037775617599,-1.536694071846841
-0.5554314758195815,-1.5232399832617423
-0.5504591740774103,-1.5097826907942524
-0.5454868723352391,-1.4963221939271594
-0.5405145705930607,-1.4828584921432049
-0.5355422688508895,-1.4693915849251014
-0.5305699671087112,-1.4559214717554019
-0.52559766536654,-1.44244815211666
-0.5206253636243616,-1.4289716254912341
-0.5156530618821904,-1.4154918913614578
-0.5106807601400192,-1.4020089492094492
-0.5057084583978408,-1.3885227985172122
-0.5007361566556696,-1.3750334387666303
-0.4957638549134913,-1.3615408694393072
-0.49079155317132006,-1.3480450900166758
-0.48581925142914173,-1.3345460999798695
-0.4808469496869705,-1.321043898809796
-0.4758746479447993,-1.3075384859869263
-0.47090234620262095,-1.2940298609913852
-0.4659300444604497,-1.2805180233028537
-0.4609577427182714,-1.2670029724004042
-0.45598544097610016,-1.25348470776259
-0.45101313923392894,-1.2399632288671398
-0.4460408374917506,-1.2264385351909963
-0.4410685357495794,-1.2129106262101386
-0.43609623400740105,-1.1993795013993773
-0.4311239322652298,-1.1858451602322715
-0.4261516305230515,-1.172307602180763
-0.42117932878088027,-1.1587668267151023
-0.41620702703870904,-1.1452228333034613
-0.4112347252965307,-1.131675621411555
-0.4062624235543595,-1.1181251905024399
-0.40129012181218116,-1.1045715400358265
-0.39631782007000993,-1.0910146694678413
-0.3913455183278316,-1.0774545782501095
-0.3863732165856604,-1.0638912658293846
-0.38140091484348915,-1.0503247316465296
-0.3764286131013108,-1.0367549751357046
-0.3714563113591396,-1.0231819957233503
-0.36648400961696126,-1.009605792826838
-0.36151170787479003,-0.9960263658532192
-0.3565394061326188,-0.9824437141975702
-0.3515671043904405,-0.9688578372411133
-0.34659480264826925,-0.9552687343492546
-0.3416225009060909,-0.9416764048690106
-0.3366501991639197,-0.9280808481264169
-0.33167789742174136,-0.9144820634232513
-0.32670559567957014,-0.9008800500336211
-0.3217332939373989,-0.8872748071997862
-0.3167609921952206,-0.8736663341275478
-0.31178869045304936,-0.8600546299811547
-0.306816388710871,-0.8464396938772203
-0.3018440869686998,-0.832821524878188
-0.29687178522652147,-0.8192001219846834
-0.29189948348435024,-0.80557548412719
-0.286927181742179,-0.7919476101564416
-0.28195488,-0.7783164988329258
