-49.906013,-8.35782229354599
-49.901050097897794,-8.354024540874855
-49.89608719579558,-8.350228023410121
-49.89112429369337,-8.346432740917576
-49.88616139159116,-8.342638693162959
-49.88119848948895,-8.338845879912055
-49.87623558738674,-8.335054300930642
-49.87127268528453,-8.331263955984502
-49.86630978318232,-8.32747484483942
-49.86134688108011,-8.323686967261224
-49.8563839789779,-8.319900323015705
-49.85142107687569,-8.316114911868661
-49.84645817477348,-8.312330733585943
-49.84149527267127,-8.308547787933358
-49.83653237056906,-8.30476607467676
-49.831569468466846,-8.300985593581986
-49.82660656636464,-8.297206344414885
-49.821643664262425,-8.29342832694131
-49.81668076216022,-8.289651540927137
-49.81171786005801,-8.285875986138235
-49.806754957955796,-8.282101662340475
-49.80179205585359,-8.278328569299758
-49.796829153751375,-8.27455670678197
-49.79186625164917,-8.270786074553008
-49.786903349546954,-8.267016672378798
-49.78194044744475,-8.26324850002524
-49.77697754534253,-8.259481557258257
-49.772014643240325,-8.255715843843802
-49.76705174113812,-8.251951359547782
-49.762088839035904,-8.248188104136156
-49.7571259369337,-8.24442607737489
-49.75216303483148,-8.240665279029917
-49.747200132729276,-8.236905708867221
-49.74223723062706,-8.23314736665277
-49.737274328524855,-8.229390252152555
-49.73231142642264,-8.225634365132551
-49.72734852432043,-8.221879705358768
-49.722385622218226,-8.218126272597202
-49.71742272011601,-8.214374066613852
-49.712459818013805,-8.21062308717477
-49.70749691591159,-8.20687333404594
-49.702534013809384,-8.203124806993426
-49.69757111170717,-8.199377505783254
-49.69260820960496,-8.195631430181477
-49.68764530750275,-8.191886579954147
-49.68268240540054,-8.188142954867324
-49.677719503298334,-8.184400554687084
-49.67275660119612,-8.180659379179493
-49.66779369909391,-8.176919428110645
-49.6628307969917,-8.173180701246622
-49.65786789488949,-8.16944319835355
-49.65290499278728,-8.165706919197488
-49.64794209068507,-8.161971863544597
-49.642979188582856,-8.158238031160966
-49.63801628648065,-8.154505421812738
-49.63305338437844,-8.150774035266053
-49.62809048227623,-8.14704387128704
-49.62312758017402,-8.143314929641855
-49.61816467807181,-8.139587210096652
-49.6132017759696,-8.135860712417616
-49.608238873867386,-8.132135436370893
-49.60327597176518,-8.128411381722687
-49.598313069662964,-8.124688548239169
-49.59335016756076,-8.12096693568654
-49.58838726545855,-8.117246543831005
-49.583424363356336,-8.113527372438758
-49.57846146125413,-8.10980942127604
-49.573498559151915,-8.106092690109058
-49.56853565704971,-8.102377178704062
-49.563572754947494,-8.098662886827277
-49.55860985284529,-8.094949814244957
-49.55364695074307,-8.09123796072335
-49.548684048640865,-8.087527326028727
-49.54372114653866,-8.083817909927344
-49.538758244436444,-8.080109712185491
-49.53379534233424,-8.076402732569449
-49.52883244023202,-8.072696970845506
-49.523869538129816,-8.06899242677997
-49.5189066360276,-8.065289100139136
-49.513943733925394,-8.06158699068933
-49.50898083182318,-8.057886098196859
-49.50401792972097,-8.054186422428065
-49.499055027618766,-8.050487963149296
-49.49409212551655,-8.046790720126873
-49.489129223414345,-8.043094693127161
-49.48416632131213,-8.03939988191651
-49.479203419209924,-8.035706286261297
-49.47424051710771,-8.032013905927883
-49.4692776150055,-8.02832274068267
-49.46431471290329,-8.024632790292033
-49.45935181080108,-8.020944054522376
-49.454388908698874,-8.017256533140097
-49.44942600659666,-8.013570225911621
-49.44446310449445,-8.00988513260335
-49.43950020239224,-8.006201252981715
-49.43453730029003,-8.002518586813165
-49.42957439818782,-7.998837133864135
-49.42461149608561,-7.995156893901068
-49.419648593983396,-7.991477866690436
-49.41468569188119,-7.987800051998687
-49.40972278977898,-7.984123449592297
-49.40475988767677,-7.98044805923776
-49.39979698557456,-7.976773880701556
-49.39483408347235,-7.973100913750172
-49.38987118137014,-7.969429158150129
-49.384908279267925,-7.9657586136679175
-49.37994537716572,-7.962089280070075
-49.37498247506351,-7.958421157123127
-49.3700195729613,-7.95475424459358
-49.36505667085909,-7.951088542247997
-49.360093768756876,-7.947424049852932
-49.35513086665467,-7.943760767174938
-49.350167964552455,-7.940098693980552
-49.34520506245025,-7.936437830036383
-49.34024216034803,-7.932778175109
-49.335279258245826,-7.929119728964976
-49.33031635614362,-7.925462491370916
-49.325353454041405,-7.921806462093425
-49.3203905519392,-7.918151640899112
-49.315427649836984,-7.914498027554586
-49.31046474773478,-7.910845621826485
-49.30550184563256,-7.90719442348143
-49.300538943530356,-7.903544432286072
-49.29557604142814,-7.899895648007048
-49.290613139325934,-7.896248070411021
-49.28565023722373,-7.892601699264664
-49.28068733512151,-7.888956534334631
-49.275724433019306,-7.8853125753876165
-49.27076153091709,-7.881669822190284
-49.265798628814885,-7.878028274509363
-49.26083572671267,-7.874387932111522
-49.255872824610464,-7.870748794763497
-49.25090992250825,-7.867110862231994
-49.24594702040604,-7.863474134283733
-49.240984118303835,-7.85983861068546
-49.23602121620162,-7.856204291203897
-49.231058314099414,-7.852571175605816
-49.2260954119972,-7.848939263657957
-49.22113250989499,-7.845308555127089
-49.21616960779278,-7.84167904977999
-49.21120670569057,-7.838050747383426
-49.20624380358836,-7.8344236477042
-49.20128090148615,-7.830797750509093
-49.19631799938394,-7.827173055564923
-49.19135509728173,-7.823549562638486
-49.18639219517952,-7.819927271496608
-49.18142929307731,-7.816306181906114
-49.1764663909751,-7.812686293633833
-49.17150348887289,-7.809067606446626
-49.16654058677068,-7.805450120111322
-49.161577684668465,-7.801833834394779
-49.15661478256626,-7.79821874906387
-49.15165188046405,-7.79460486388548
-49.14668897836184,-7.790992178626466
-49.14172607625963,-7.7873806930537315
-49.136763174157416,-7.783770406934157
-49.13180027205521,-7.780161320034671
-49.126837369952995,-7.77655343212217
-49.12187446785079,-7.772946742963577
-49.11691156574857,-7.769341252325822
-49.111948663646366,-7.765736959975841
-49.10698576154416,-7.762133865680573
-49.102022859441945,-7.758531969206973
-49.09705995733974,-7.754931270322005
-49.092097055237524,-7.75133176879262
-49.08713415313532,-7.747733464385806
-49.0821712510331,-7.744136356868552
-49.077208348930895,-7.740540446007833
-49.07224544682868,-7.736945731570651
-49.067282544726474,-7.733352213324035
-49.06231964262427,-7.729759891034969
-49.05735674052205,-7.726168764470486
-49.052393838419846,-7.722578833397619
-49.04743093631763,-7.718990097583402
-49.042468034215425,-7.7154025567948885
-49.03750513211321,-7.711816210799118
-49.032542230011,-7.708231059363171
-49.02757932790879,-7.704647102254111
-49.02261642580658,-7.701064339239016
-49.017653523704375,-7.6974827700849655
-49.01269062160216,-7.693902394559048
-49.007727719499954,-7.690323212428378
-49.00276481739774,-7.68674522346006
-48.99780191529553,-7.683168427421217
-48.99283901319332,-7.679592824078963
-48.98787611109111,-7.676018413200437
-48.9829132089889,-7.6724451945527745
-48.97795030688669,-7.66887316790314
-48.97298740478448,-7.665302333018688
-48.96802450268227,-7.661732689666563
-48.96306160058006,-7.6581642376139625
-48.95809869847785,-7.65459697662805
-48.95313579637564,-7.651030906476023
-48.948172894273426,-7.647466026925079
-48.94320999217122,-7.643902337742423
-48.938247090069005,-7.6403398386952635
-48.9332841879668,-7.636778529550826
-48.92832128586459,-7.633218410076338
-48.92335838376238,-7.629659480039041
-48.91839548166017,-7.626101739206176
-48.913432579557956,-7.622545187344989
-48.90846967745575,-7.618989824222754
-48.903506775353534,-7.615435649606727
-48.89854387325133,-7.611882663264195
-48.89358097114911,-7.608330864962445
-48.888618069046906,-7.604780254468767
-48.8836551669447,-7.601230831550463
-48.878692264842485,-7.597682595974831
-48.87372936274028,-7.594135547509202
-48.868766460638064,-7.590589685920901
-48.86380355853586,-7.587045010977262
-48.85884065643364,-7.583501522445616
-48.853877754331435,-7.57995922009332
-48.84891485222922,-7.576418103687731
-48.843951950127014,-7.572878172996224
-48.83898904802481,-7.569339427786156
-48.83402614592259,-7.56580186782492
-48.829063243820386,-7.5622654928799005
-48.82410034171817,-7.558730302718508
-48.819137439615965,-7.555196297108129
-48.81417453751375,-7.551663475816191
-48.80921163541154,-7.548131838610119
-48.80424873330933,-7.544601385257333
-48.79928583120712,-7.541072115525285
-48.794322929104915,-7.537544029181409
-48.7893600270027,-7.534017125993166
-48.784397124900494,-7.53049140572802
-48.77943422279828,-7.526966868153435
-48.77447132069607,-7.523443513036899
-48.76950841859386,-7.519921340145903
-48.76454551649165,-7.51640034924793
-48.75958261438944,-7.5128805401104914
-48.75461971228723,-7.509361912501107
-48.74965681018502,-7.505844466187288
-48.74469390808281,-7.502328200936555
-48.7397310059806,-7.498813116516454
-48.73476810387839,-7.495299212694531
-48.72980520177618,-7.4917864892383434
-48.724842299673966,-7.488274945915435
-48.71987939757176,-7.484764582493393
-48.714916495469545,-7.481255398739787
-48.70995359336734,-7.4777473944222015
-48.70499069126513,-7.474240569308234
-48.70002778916292,-7.470734923165487
-48.69506488706071,-7.467230455761564
-48.690101984958496,-7.463727166864094
-48.68513908285629,-7.460225056240695
-48.680176180754074,-7.456724123659005
-48.67521327865187,-7.453224368886664
-48.67025037654965,-7.449725791691335
-48.665287474447446,-7.446228391840662
-48.66032457234524,-7.442732169102329
-48.655361670243025,-7.439237123243995
-48.65039876814082,-7.435743254033367
-48.6454358660386,-7.432250561238109
-48.640472963936396,-7.428759044625945
-48.63551006183418,-7.425268703964569
-48.630547159731975,-7.421779539021719
-48.62558425762977,-7.418291549565097
-48.620621355527554,-7.414804735362451
-48.61565845342535,-7.4113190961815185
-48.61069555132313,-7.407834631790058
-48.605732649220926,-7.404351341955816
-48.60076974711871,-7.400869226446564
-48.595806845016504,-7.397388285030086
-48.59084394291429,-7.393908517474151
-48.58588104081208,-7.390429923546564
-48.580918138709876,-7.386952503015121
-48.57595523660766,-7.38347625564763
-48.570992334505455,-7.38000118121191
-48.56602943240324,-7.376527279475783
-48.561066530301034,-7.373054550207082
-48.55610362819882,-7.369582993173658
-48.55114072609661,-7.3661126081433554
-48.5461778239944,-7.362643394884022
-48.54121492189219,-7.359175353163549
-48.536252019789984,-7.355708482749792
-48.53128911768777,-7.352242783410641
-48.52632621558556,-7.348778254913991
-48.52136331348335,-7.345314897027741
-48.51640041138114,-7.341852709519801
-48.51143750927893,-7.338391692158083
-48.50647460717672,-7.3349318447105185
-48.501511705074506,-7.331473166945029
-48.4965488029723,-7.3280156586295835
-48.49158590087009,-7.324559319532111
-48.48662299876788,-7.3211041494205755
-48.48166009666567,-7.317650148062942
-48.47669719456346,-7.314197315227193
-48.47173429246125,-7.310745650681314
-48.466771390359035,-7.307295154193294
-48.46180848825683,-7.30384582553113
-48.456845586154614,-7.3003976644628334
-48.45188268405241,-7.296950670756431
-48.4469197819502,-7.29350484417994
-48.441956879847986,-7.290060184501399
-48.43699397774578,-7.28661669148885
-48.432031075643565,-7.283174364910346
-48.42706817354136,-7.279733204533955
-48.42210527143914,-7.276293210127733
-48.417142369336936,-7.272854381459762
-48.41217946723472,-7.269416718298127
-48.407216565132515,-7.265980220410928
-48.40225366303031,-7.262544887566262
-48.397290760928094,-7.259110719532232
-48.39232785882589,-7.255677716076979
-48.38736495672367,-7.252245876968612
-48.382402054621465,-7.248815201975286
-48.37743915251925,-7.245385690865119
-48.372476250417044,-7.241957343406297
-48.36751334831483,-7.238530159366952
-48.36255044621262,-7.235104138515283
-48.357587544110416,-7.231679280619446
-48.3526246420082,-7.228255585447633
-48.347661739905995,-7.224833052768045
-48.34269883780378,-7.221411682348893
-48.33773593570157,-7.217991473958376
-48.33277303359936,-7.214572427364729
-48.32781013149715,-7.21115454233618
-48.32284722939494,-7.207737818640947
-48.31788432729273,-7.204322256047312
-48.312921425190524,-7.200907854323512
-48.30795852308831,-7.1974946132378
-48.3029956209861,-7.194082532558469
-48.29803271888389,-7.190671612053805
-48.29306981678168,-7.187261851492066
-48.28810691467947,-7.183853250641585
-48.28314401257726,-7.180445809270652
-48.278181110475046,-7.177039527147595
-48.27321820837284,-7.173634404040721
-48.26825530627063,-7.170230439718383
-48.26329240416842,-7.166827633948896
-48.25832950206621,-7.163425986500639
-48.253366599964,-7.160025497141958
-48.24840369786179,-7.156626165641212
-48.243440795759575,-7.153227991766793
-48.23847789365737,-7.149830975287074
-48.233514991555154,-7.146435115970463
-48.22855208945295,-7.143040413585347
-48.22358918735074,-7.1396468679001455
-48.218626285248526,-7.136254478683264
-48.21366338314632,-7.13286324570315
-48.208700481044104,-7.129473168728225
-48.2037375789419,-7.1260842475269435
-48.19877467683968,-7.1226964818677505
-48.193811774737476,-7.119309871519122
-48.18884887263526,-7.115924416249517
-48.183885970533055,-7.112540115827417
-48.17892306843085,-7.109156970021315
-48.173960166328634,-7.105774978599702
-48.16899726422643,-7.102394141331094
-48.16403436212421,-7.099014457983993
-48.159071460022005,-7.095635928326936
-48.15410855791979,-7.092258552128436
-48.149145655817584,-7.08888232915706
-48.14418275371537,-7.085507259181329
-48.13921985161316,-7.082133341969821
-48.134256949510956,-7.078760577291107
-48.12929404740874,-7.075388964913731
-48.124331145306535,-7.072018504606304
-48.11936824320432,-7.0686491961374145
-48.11440534110211,-7.065281039275668
-48.1094424389999,-7.061914033789661
-48.10447953689769,-7.058548179448027
-48.09951663479548,-7.055183476019383
-48.09455373269327,-7.051819923272376
-48.089590830591064,-7.048457520975643
-48.08462792848885,-7.045096268897841
-48.07966502638664,-7.041736166807637
-48.07470212428443,-7.038377214473687
-48.06973922218222,-7.035019411664694
-48.06477632008001,-7.0316627581493245
-48.0598134179778,-7.0283072536962985
-48.054850515875586,-7.024952898074305
-48.04988761377338,-7.021599691052073
-48.04492471167117,-7.018247632398316
-48.03996180956896,-7.014896721881764
-48.03499890746675,-7.011546959271186
-48.030036005364536,-7.008198344335293
-48.02507310326233,-7.004850876842878
-48.020110201160115,-7.001504556562684
-48.01514729905791,-6.998159383263506
-48.010184396955694,-6.994815356714124
-48.00522149485349,-6.991472476683334
-48.00025859275128,-6.988130742939948
-47.995295690649066,-6.984790155252749
-47.99033278854686,-6.981450713390591
-47.985369886444644,-6.978112417122285
-47.98040698434244,-6.974775266216675
-47.97544408224022,-6.971439260442611
-47.970481180138016,-6.968104399568957
-47.9655182780358,-6.964770683364557
-47.960555375933595,-6.9614381115983175
-47.95559247383139,-6.95810668403909
-47.95062957172917,-6.954776400455779
-47.945666669626966,-6.951447260617286
-47.94070376752475,-6.9481192642925205
-47.935740865422545,-6.944792411250408
-47.93077796332033,-6.941466701259862
-47.925815061218124,-6.938142134089833
-47.92085215911591,-6.934818709509256
-47.9158892570137,-6.931496427287096
-47.910926354911496,-6.928175287192306
-47.90596345280928,-6.924855288993863
-47.901000550707074,-6.921536432460751
-47.89603764860486,-6.9182187173619525
-47.89107474650265,-6.91490214346647
-47.88611184440044,-6.911586710543308
-47.88114894229823,-6.908272418361495
-47.87618604019602,-6.904959266690058
-47.87122313809381,-6.90164725529801
-47.866260235991604,-6.898336383954413
-47.86129733388939,-6.895026652428315
-47.85633443178718,-6.891718060488772
-47.85137152968497,-6.888410607904864
-47.84640862758276,-6.885104294445669
-47.84144572548055,-6.8817991198802675
-47.83648282337834,-6.878495083977766
-47.831519921276126,-6.875192186507262
-47.82655701917392,-6.8718904272378785
-47.82159411707171,-6.868589805938745
-47.8166312149695,-6.865290322378969
-47.81166831286729,-6.861991976327732
-47.806705410765076,-6.858694767554154
-47.80174250866287,-6.855398695827407
-47.796779606560655,-6.852103760916662
-47.79181670445845,-6.848809962591099
-47.786853802356234,-6.845517300619891
-47.78189090025403,-6.842225774772256
-47.77692799815182,-6.838935384817388
-47.771965096049605,-6.8356461305245
-47.7670021939474,-6.83235801166282
-47.762039291845184,-6.829071028001575
-47.75707638974298,-6.825785179310015
-47.75211348764076,-6.822500465357382
-47.747150585538556,-6.81921688591294
-47.74218768343634,-6.815934440745963
-47.737224781334135,-6.812653129625722
-47.73226187923193,-6.8093729523215085
-47.72729897712971,-6.806093908602607
-47.722336075027506,-6.802815998238348
-47.71737317292529,-6.799539220998014
-47.712410270823085,-6.796263576650951
-47.70744736872087,-6.792989064966478
-47.702484466618664,-6.789715685713953
-47.69752156451645,-6.786443438662709
-47.69255866241424,-6.7831723235821215
-47.687595760312036,-6.779902340241548
-47.68263285820982,-6.776633488410363
-47.677669956107614,-6.77336576785797
-47.6727070540054,-6.770099178353752
-47.66774415190319,-6.7668337196671136
-47.66278124980098,-6.76356939156748
-47.65781834769877,-6.760306193824263
-47.65285544559656,-6.757044126206901
-47.64789254349435,-6.753783188484844
-47.64292964139214,-6.75052338042753
-47.63796673928993,-6.747264701804417
-47.63300383718772,-6.744007152384988
-47.62804093508551,-6.740750731938717
-47.6230780329833,-6.73749544023509
-47.61811513088109,-6.734241277043594
-47.61315222877888,-6.730988242133745
-47.608189326676666,-6.727736335275066
-47.60322642457446,-6.724485556237072
-47.59826352247225,-6.7212359047892924
-47.59330062037004,-6.7179873807012775
-47.58833771826783,-6.714739983742575
-47.583374816165616,-6.71149371368275
-47.57841191406341,-6.708248570291371
-47.573449011961195,-6.705004553338017
-47.56848610985899,-6.701761662592279
-47.563523207756774,-6.6985198978237515
-47.55856030565457,-6.695279258802045
-47.55359740355236,-6.692039745296779
-47.548634501450145,-6.688801357077568
-47.54367159934794,-6.68556409391405
-47.538708697245724,-6.682327955575884
-47.53374579514352,-6.67909294183271
-47.5287828930413,-6.675859052454184
-47.523819990939096,-6.672626287209993
-47.51885708883688,-6.669394645869816
-47.513894186734674,-6.666164128203339
-47.50893128463247,-6.662934733980263
-47.50396838253025,-6.6597064629702905
-47.499005480428046,-6.656479314943157
-47.49404257832583,-6.653253289668571
-47.489079676223625,-6.650028386916275
-47.48411677412141,-6.646804606456027
-47.479153872019204,-6.64358194805757
-47.47419096991699,-6.6403604114906685
-47.46922806781478,-6.637139996525109
-47.464265165712575,-6.633920702930662
-47.45930226361036,-6.63070253047712
-47.454339361508154,-6.62748547893429
-47.44937645940594,-6.624269548071984
-47.44441355730373,-6.621054737660027
-47.43945065520152,-6.617841047468232
-47.43448775309931,-6.614628477266456
-47.4295248509971,-6.611417026824549
-47.42456194889489,-6.608206695912351
-47.41959904679268,-6.604997484299751
-47.41463614469047,-6.601789391756602
-47.40967324258826,-6.5985824180528105
-47.40471034048605,-6.595376562958263
-47.39974743838384,-6.592171826242866
-47.39478453628163,-6.58896820767653
-47.38982163417942,-6.5857657070291795
-47.384858732077205,-6.582564324070762
-47.379895829975,-6.579364058571193
-47.37493292787279,-6.576164910300451
-47.36997002577058,-6.5729668790284865
-47.36500712366837,-6.569769964525264
-47.360044221566156,-6.566574166560763
-47.35508131946395,-6.5633794849049805
-47.350118417361735,-6.560185919327916
-47.34515551525953,-6.556993469599576
-47.34019261315731,-6.553802135489973
-47.335229711055106,-6.550611916769134
-47.3302668089529,-6.547422813207104
-47.325303906850685,-6.544234824573928
-47.32034100474848,-6.54104795063965
-47.315378102646264,-6.537862191174345
-47.31041520054406,-6.534677545948087
-47.30545229844184,-6.531494014730953
-47.300489396339636,-6.528311597293045
-47.29552649423743,-6.525130293404461
-47.290563592135214,-6.521950102835303
-47.28560069003301,-6.518771025355714
-47.28063778793079,-6.515593060735804
-47.275674885828586,-6.512416208745732
-47.27071198372637,-6.50924046915563
-47.265749081624165,-6.506065841735667
-47.26078617952195,-6.502892326256017
-47.25582327741974,-6.499719922486849
-47.25086037531754,-6.496548630198364
-47.24589747321532,-6.493378449160739
-47.240934571113115,-6.490209379144196
-47.2359716690109,-6.487041419918947
-47.231008766908694,-6.483874571255219
-47.22604586480648,-6.480708832923251
-47.22108296270427,-6.477544204693278
-47.21612006060206,-6.474380686335566
-47.21115715849985,-6.471218277620371
-47.206194256397644,-6.468056978317974
-47.20123135429543,-6.464896788198647
-47.19626845219322,-6.461737707032697
-47.19130555009101,-6.458579734590413
-47.1863426479888,-6.455422870642115
-47.18137974588659,-6.452267114958118
-47.17641684378438,-6.449112467308767
-47.17145394168217,-6.445958927464388
-47.16649103957996,-6.44280649519534
-47.16152813747775,-6.439655170271976
-47.15656523537554,-6.436504952464666
-47.15160233327333,-6.433355841543795
-47.14663943117112,-6.430207837279747
-47.14167652906891,-6.4270609394429155
-47.136713626966696,-6.42391514780372
-47.13175072486449,-6.420770462132572
-47.126787822762275,-6.417626882199892
-47.12182492066007,-6.414484407776127
-47.11686201855786,-6.411343038631726
-47.111899116455646,-6.408202774537123
-47.10693621435344,-6.405063615262808
-47.101973312251225,-6.401925560579246
-47.09701041014902,-6.398788610256917
-47.092047508046804,-6.395652764066323
-47.0870846059446,-6.3925180217779705
-47.08212170384238,-6.389384383162356
-47.077158801740175,-6.386251847990026
-47.07219589963797,-6.383120416031499
-47.067232997535754,-6.379990087057322
-47.06227009543355,-6.376860860838048
-47.05730719333133,-6.373732737144234
-47.052344291229126,-6.370605715746458
-47.04738138912691,-6.3674797964152905
-47.042418487024705,-6.364354978921342
-47.03745558492249,-6.361231263035195
-47.03249268282028,-6.358108648527472
-47.027529780718076,-6.35498713516879
-47.02256687861586,-6.3518667227297705
-47.017603976513655,-6.3487474109810655
-47.01264107441144,-6.34562919969331
-47.007678172309234,-6.3425120886371795
-47.00271527020702,-6.339396077583335
-46.99775236810481,-6.336281166302446
-46.9927894660026,-6.333167354565223
-46.98782656390039,-6.330054642142342
-46.982863661798184,-6.326943028804524
-46.97790075969597,-6.323832514322478
-46.97293785759376,-6.3207230984669325
-46.96797495549155,-6.317614781008626
-46.96301205338934,-6.314507561718321
-46.95804915128713,-6.311401440366747
-46.95308624918492,-6.308296416724686
-46.948123347082706,-6.305192490562906
-46.9431604449805,-6.302089661652193
-46.93819754287829,-6.298987929763361
-46.93323464077608,-6.295887294667192
-46.92827173867387,-6.292787756134516
-46.92330883657166,-6.289689313936152
-46.91834593446945,-6.286591967842928
-46.913383032367236,-6.283495717625702
-46.90842013026503,-6.280400563055324
-46.90345722816282,-6.277306503902655
-46.89849432606061,-6.274213539938572
-46.8935314239584,-6.271121670933955
-46.888568521856186,-6.268030896659707
-46.88360561975398,-6.264941216886713
-46.878642717651765,-6.261852631385903
-46.87367981554956,-6.258765139928199
-46.868716913447344,-6.255678742284527
-46.86375401134514,-6.252593438225835
-46.85879110924293,-6.249509227523075
-46.853828207140715,-6.2464261099472065
-46.84886530503851,-6.243344085269209
-46.843902402936294,-6.240263153260054
-46.83893950083409,-6.237183313690748
-46.83397659873187,-6.234104566332278
-46.829013696629666,-6.231026910955663
-46.82405079452745,-6.227950347331927
-46.819087892425244,-6.224874875232098
-46.81412499032304,-6.221800494427225
-46.80916208822082,-6.218727204688348
-46.804199186118616,-6.21565500578654
-46.7992362840164,-6.212583897492861
-46.794273381914195,-6.2095138795784095
-46.78931047981198,-6.206444951814249
-46.784347577709774,-6.203377113971512
-46.77938467560756,-6.200310365821289
-46.77442177350535,-6.197244707134703
-46.769458871403145,-6.194180137682891
-46.76449596930093,-6.191116657236992
-46.759533067198724,-6.188054265568155
-46.75457016509651,-6.184992962447547
-46.7496072629943,-6.18193274764633
-46.74464436089209,-6.178873620935688
-46.73968145878988,-6.175815582086814
-46.73471855668767,-6.172758630870905
-46.72975565458546,-6.169702767059181
-46.72479275248325,-6.166647990422847
-46.71982985038104,-6.163594300733146
-46.71486694827883,-6.160541697761311
-46.70990404617662,-6.1574901812785985
-46.70494114407441,-6.154439751056265
-46.6999782419722,-6.151390406865585
-46.69501533986999,-6.148342148477834
-46.690052437767775,-6.145294975664302
-46.68508953566557,-6.142248888196301
-46.68012663356336,-6.13920388584513
-46.67516373146115,-6.136159968382102
-46.67020082935894,-6.133117135578575
-46.665237927256726,-6.1300753872058635
-46.66027502515452,-6.127034723035329
-46.655312123052305,-6.12399514283833
-46.6503492209501,-6.120956646386239
-46.64538631884788,-6.11791923345044
-46.640423416745676,-6.114882903802312
-46.63546051464347,-6.111847657213277
-46.630497612541255,-6.10881349345472
-46.62553471043905,-6.105780412298087
-46.620571808336834,-6.102748413514785
-46.61560890623463,-6.099717496876274
-46.61064600413241,-6.096687662154001
-46.605683102030206,-6.093658909119425
-46.60072019992799,-6.090631237544011
-46.595757297825784,-6.087604647199254
-46.59079439572358,-6.084579137856637
-46.58583149362136,-6.08155470928766
-46.580868591519156,-6.0785313612638445
-46.57590568941694,-6.075509093556705
-46.570942787314735,-6.072487905937775
-46.56597988521252,-6.069467798178594
-46.561016983110314,-6.066448770050721
-46.5560540810081,-6.0634308213257135
-46.55109117890589,-6.060413951775147
-46.546128276803685,-6.057398161170601
-46.54116537470147,-6.0543834492836694
-46.536202472599264,-6.051369815885962
-46.53123957049705,-6.048357260749077
-46.52627666839484,-6.045345783644657
-46.52131376629263,-6.042335384344319
-46.51635086419042,-6.039326062619713
-46.51138796208821,-6.0363178182424875
-46.506425059986,-6.033310650984324
-46.50146215788379,-6.0303045606168855
-46.49649925578158,-6.027299546911841
-46.49153635367937,-6.024295609640914
-46.48657345157716,-6.021292748575786
-46.48161054947495,-6.018290963488188
-46.47664764737274,-6.015290254149834
-46.47168474527053,-6.012290620332466
-46.466721843168315,-6.009292061807824
-46.46175894106611,-6.00629457834767
-46.4567960389639,-6.003298169723768
-46.45183313686169,-6.000302835707889
-46.44687023475948,-5.997308576071828
-46.441907332657266,-5.994315390587379
-46.43694443055506,-5.991323279026348
-46.431981528452845,-5.988332241160549
-46.42701862635064,-5.985342276761813
-46.42205572424842,-5.9823533856019795
-46.417092822146216,-5.979365567452892
-46.41212992004401,-5.976378822086416
-46.407167017941795,-5.973393149274408
-46.40220411583959,-5.9704085487887575
-46.397241213737374,-5.967425020401346
-46.39227831163517,-5.9644425638840834
-46.38731540953295,-5.961461179008857
-46.382352507430745,-5.9584808655476165
-46.37738960532853,-5.9555016232722755
-46.372426703226324,-5.952523451954778
-46.36746380112412,-5.949546351367078
-46.3625008990219,-5.946570321281125
-46.357537996919696,-5.943595361468901
-46.35257509481748,-5.940621471702381
-46.347612192715275,-5.937648651753563
-46.34264929061306,-5.934676901394444
-46.33768638851085,-5.93170622039704
-46.33272348640864,-5.928736608533378
-46.32776058430643,-5.925768065575485
-46.322797682204225,-5.922800591295414
-46.31783478010201,-5.919834185465196
-46.312871877999804,-5.916868847856922
-46.30790897589759,-5.913904578242653
-46.30294607379538,-5.910941376394482
-46.29798317169317,-5.9079792420844885
-46.29302026959096,-5.905018175084801
-46.28805736748875,-5.902058175167516
-46.28309446538654,-5.899099242104778
-46.27813156328433,-5.896141375668709
-46.27316866118212,-5.893184575631458
-46.26820575907991,-5.890228841765201
-46.2632428569777,-5.887274173842072
-46.25827995487549,-5.884320571634284
-46.253317052773276,-5.881368034914006
-46.24835415067107,-5.878416563453444
-46.243391248568855,-5.875466157024804
-46.23842834646665,-5.872516815400312
-46.23346544436444,-5.869568538352197
-46.22850254226223,-5.866621325652699
-46.22353964016002,-5.86367517707407
-46.218576738057806,-5.860730092388561
-46.2136138359556,-5.857786071368461
-46.208650933853384,-5.85484311378605
-46.20368803175118,-5.85190121941362
-46.19872512964896,-5.848960388023468
-46.193762227546756,-5.8460206193879065
-46.18879932544455,-5.843081913279276
-46.183836423342335,-5.840144269469898
-46.17887352124013,-5.837207687732128
-46.173910619137914,-5.834272167838313
-46.16894771703571,-5.831337709560818
-46.16398481493349,-5.828404312672024
-46.159021912831285,-5.8254719769443275
-46.15405901072907,-5.822540702150119
-46.149096108626864,-5.8196104880618025
-46.14413320652466,-5.816681334451806
-46.13917030442244,-5.813753241092544
-46.134207402320236,-5.810826207756479
-46.12924450021802,-5.807900234216043
-46.124281598115815,-5.804975320243709
-46.1193186960136,-5.8020514656119335
-46.11435579391139,-5.799128670093221
-46.10939289180918,-5.796206933460046
-46.10442998970697,-5.793286255484916
-46.099467087604765,-5.790366635940352
-46.09450418550255,-5.787448074598871
-46.089541283400344,-5.784530571233009
-46.08457838129813,-5.781614125615307
-46.07961547919592,-5.778698737518339
-46.07465257709371,-5.775784406714648
-46.0696896749915,-5.77287113297683
-46.06472677288929,-5.769958916077458
-46.05976387078708,-5.767047755789143
-46.05480096868487,-5.7641376518844885
-46.04983806658266,-5.761228604136112
-46.04487516448045,-5.7583206123166475
-46.03991226237824,-5.755413676198727
-46.03494936027603,-5.75250779555502
-46.029986458173816,-5.749602970158166
-46.02502355607161,-5.746699199780851
-46.020060653969395,-5.743796484195762
-46.01509775186719,-5.740894823175581
-46.01013484976498,-5.737994216493024
-46.00517194766277,-5.735094663920796
-46.00020904556056,-5.73219616523163
-45.995246143458346,-5.729298720198256
-45.99028324135614,-5.726402328593431
-45.985320339253924,-5.7235069901898985
-45.98035743715172,-5.720612704760438
-45.9753945350495,-5.717719472077821
-45.970431632947296,-5.714827291914847
-45.96546873084509,-5.711936164044307
-45.960505828742875,-5.709046088239014
-45.95554292664067,-5.706157064271796
-45.95058002453845,-5.703269091915475
-45.945617122436246,-5.700382170942905
-45.94065422033403,-5.6974963011269235
-45.935691318231825,-5.694611482240415
-45.93072841612961,-5.6917277140562375
-45.925765514027404,-5.688844996347295
-45.9208026119252,-5.685963328886472
-45.91583970982298,-5.683082711446667
-45.910876807720776,-5.680203143800811
-45.90591390561856,-5.677324625721831
-45.900951003516354,-5.674447156982671
-45.89598810141414,-5.671570737356263
-45.89102519931193,-5.668695366615596
-45.88606229720972,-5.665821044533616
-45.88109939510751,-5.662947770883313
-45.876136493005305,-5.66007554543769
-45.87117359090309,-5.657204367969739
-45.866210688800884,-5.654334238252479
-45.86124778669867,-5.6514651560589355
-45.85628488459646,-5.6485971211621475
-45.85132198249425,-5.645730133335149
-45.84635908039204,-5.642864192351017
-45.84139617828983,-5.639999297982807
-45.83643327618762,-5.637135450003608
-45.83147037408541,-5.634272648186496
-45.8265074719832,-5.63141089230458
-45.82154456988099,-5.62855018213098
-45.81658166777878,-5.625690517438799
-45.81161876567657,-5.622831898001193
-45.806655863574356,-5.619974323591283
-45.80169296147215,-5.617117793982241
-45.796730059369935,-5.614262308947226
-45.79176715726773,-5.611407868259418
-45.78680425516552,-5.608554471692001
-45.78184135306331,-5.605702119018166
-45.7768784509611,-5.602850810011143
-45.771915548858885,-5.600000544444134
-45.76695264675668,-5.597151322090372
-45.761989744654464,-5.594303142723106
-45.75702684255226,-5.591456006115588
-45.75206394045004,-5.588609912041062
-45.747101038347836,-5.585764860272841
-45.74213813624563,-5.582920850584173
-45.737175234143415,-5.580077882748368
-45.73221233204121,-5.5772359565387335
-45.72724942993899,-5.574395071728587
-45.722286527836786,-5.57155522809126
-45.71732362573457,-5.568716425400087
-45.712360723632365,-5.565878663428417
-45.70739782153015,-5.563041941949619
-45.702434919427944,-5.560206260737061
-45.69747201732574,-5.557371619564129
-45.69250911522352,-5.554538018204204
-45.687546213121315,-5.55170545643071
-45.6825833110191,-5.548873934017046
-45.677620408916894,-5.546043450736655
-45.67265750681468,-5.543214006362963
-45.66769460471247,-5.540385600669432
-45.66273170261026,-5.537558233429498
-45.65776880050805,-5.534731904416648
-45.652805898405845,-5.531906613404372
-45.64784299630363,-5.529082360166144
-45.64288009420142,-5.526259144475482
-45.63791719209921,-5.523436966105889
-45.632954289997,-5.5206158248308945
-45.62799138789479,-5.517795720424035
-45.62302848579258,-5.514976652658865
-45.61806558369037,-5.512158621308934
-45.61310268158816,-5.509341626147814
-45.60813977948595,-5.506525666949088
-45.60317687738374,-5.503710743486341
-45.59821397528153,-5.500896855533188
-45.59325107317932,-5.498084002863223
-45.58828817107711,-5.495272185250092
-45.583325268974896,-5.492461402467411
-45.57836236687269,-5.489651654288846
-45.573399464770475,-5.486842940488036
-45.56843656266827,-5.484035260838659
-45.56347366056606,-5.481228615114394
-45.55851075846385,-5.478423003088927
-45.55354785636164,-5.475618424535972
-45.548584954259425,-5.472814879229226
-45.54362205215722,-5.470012366942423
-45.538659150055004,-5.467210887449295
-45.5336962479528,-5.46441044052359
-45.52873334585058,-5.461611025939059
-45.523770443748376,-5.458812643469474
-45.51880754164617,-5.456015292888619
-45.513844639543954,-5.453218973970276
-45.50888173744175,-5.45042368648825
-45.50391883533953,-5.447629430216353
-45.498955933237326,-5.444836204928411
-45.49399303113511,-5.442044010398243
-45.489030129032905,-5.439252846399729
-45.48406722693069,-5.436462712706691
-45.479104324828484,-5.433673609093009
-45.47414142272628,-5.430885535332572
-45.46917852062406,-5.42809849119926
-45.464215618521855,-5.425312476466968
-45.45925271641964,-5.422527490909625
-45.454289814317434,-5.419743534301145
-45.44932691221522,-5.416960606415455
-45.44436401011301,-5.41417870702652
-45.4394011080108,-5.4113978359082795
-45.43443820590859,-5.408617992834714
-45.429475303806385,-5.405839177579802
-45.42451240170417,-5.403061389917522
-45.41954949960196,-5.4002846296218925
-45.41458659749975,-5.397508896466898
-45.40962369539754,-5.3947341902265995
-45.40466079329533,-5.39196051067501
-45.39969789119312,-5.389187857586176
-45.39473498909091,-5.386416230734166
-45.3897720869887,-5.383645629893037
-45.38480918488649,-5.380876054836884
-45.37984628278428,-5.378107505339776
-45.37488338068207,-5.375339981175832
-45.36992047857986,-5.372573482119164
-45.36495757647765,-5.369808007943891
-45.359994674375436,-5.3670435584241565
-45.35503177227323,-5.364280133334096
-45.350068870171015,-5.361517732447879
-45.34510596806881,-5.358756355539678
-45.3401430659666,-5.355996002383667
-45.335180163864386,-5.353236672754037
-45.33021726176218,-5.350478366424989
-45.325254359659965,-5.347721083170748
-45.32029145755776,-5.344964822765537
-45.31532855545555,-5.342209584983585
-45.31036565335334,-5.3394553695991505
-45.30540275125112,-5.336702176386487
-45.300439849148916,-5.333950005119868
-45.29547694704671,-5.331198855573579
-45.290514044944494,-5.328448727521907
-45.28555114284229,-5.325699620739161
-45.28058824074007,-5.322951534999658
-45.275625338637866,-5.320204470077727
-45.27066243653566,-5.3174584257477004
-45.265699534433445,-5.314713401783935
-45.26073663233123,-5.3119693979607785
-45.25577373022902,-5.309226414052631
-45.250810828126816,-5.306484449833852
-45.2458479260246,-5.303743505078846
-45.240885023922395,-5.301003579562026
-45.23592212182018,-5.298264673057798
-45.230959219717974,-5.2955267853405985
-45.22599631761577,-5.292789916184863
-45.22103341551355,-5.290054065365052
-45.216070513411346,-5.287319232655624
-45.21110761130913,-5.284585417831048
-45.206144709206924,-5.281852620665834
-45.20118180710471,-5.279120840934448
-45.1962189050025,-5.276390078411421
-45.19125600290029,-5.273660332871264
-45.18629310079808,-5.270931604088511
-45.181330198695875,-5.268203891837708
-45.17636729659366,-5.265477195893404
-45.171404394491454,-5.262751516030166
-45.16644149238924,-5.260026852022577
-45.16147859028703,-5.257303203645224
-45.15651568818482,-5.254580570672697
-45.15155278608261,-5.251858952879627
-45.1465898839804,-5.249138350040613
-45.14162698187819,-5.246418761930313
-45.13666407977598,-5.243700188323362
-45.13170117767377,-5.2409826289944155
-45.12673827557156,-5.238266083718143
-45.12177537346935,-5.235550552269229
-45.11681247136714,-5.232836034422364
-45.111849569264926,-5.230122529952248
-45.10688666716272,-5.227410038633601
-45.101923765060505,-5.224698560241138
-45.0969608629583,-5.221988094549612
-45.09199796085609,-5.219278641333763
-45.08703505875388,-5.216570200368349
-45.08207215665167,-5.213862771428145
-45.077109254549455,-5.211156354287936
-45.07214635244725,-5.20845094872252
-45.067183450345034,-5.205746554506698
-45.06222054824283,-5.203043171415279
-45.05725764614061,-5.200340799223117
-45.052294744038406,-5.197639437705033
-45.0473318419362,-5.194939086635892
-45.042368939833985,-5.192239745790539
-45.03740603773178,-5.189541414943868
-45.03244313562956,-5.186844093870759
-45.027480233527356,-5.1841477823461135
-45.02251733142514,-5.1814524801448405
-45.017554429322935,-5.178758187041858
-45.01259152722072,-5.176064902812099
-45.007628625118514,-5.173372627230516
-45.00266572301631,-5.170681360072064
-44.99770282091409,-5.167991101111696
-44.992739918811886,-5.165301850124409
-44.98777701670967,-5.162613606885193
-44.982814114607464,-5.1599263711690355
-44.97785121250525,-5.157240142750964
-44.97288831040304,-5.154554921406001
-44.96792540830083,-5.151870706909182
-44.96296250619862,-5.149187499035565
-44.957999604096415,-5.146505297560197
-44.9530367019942,-5.143824102258153
-44.94807379989199,-5.141143912904525
-44.94311089778978,-5.1384647292744
-44.93814799568757,-5.13578655114289
-44.93318509358536,-5.133109378285112
-44.92822219148315,-5.13043321047619
-44.92325928938094,-5.127758047491275
-44.91829638727873,-5.1250838891055235
-44.91333348517652,-5.122410735094087
-44.90837058307431,-5.11973858523215
-44.9034076809721,-5.117067439294903
-44.89844477886989,-5.11439729705754
-44.89348187676768,-5.111728158295277
-44.888518974665466,-5.109060022783333
-44.88355607256326,-5.10639289029695
-44.878593170461045,-5.103726760611362
-44.87363026835884,-5.101061633501849
-44.86866736625663,-5.098397508743667
-44.86370446415442,-5.095734386112089
-44.85874156205221,-5.093072265382431
-44.853778659949995,-5.09041114632997
-44.84881575784779,-5.087751028730052
-44.843852855745574,-5.085091912357984
-44.83888995364337,-5.08243379698912
-44.83392705154115,-5.079776682398801
-44.828964149438946,-5.077120568362397
-44.82400124733674,-5.07446545465528
-44.819038345234524,-5.071811341052843
-44.81407544313232,-5.069158227330477
-44.8091125410301,-5.066506113263592
-44.804149638927896,-5.063854998627625
-44.79918673682568,-5.061204883197992
-44.794223834723475,-5.05855576675015
-44.78926093262126,-5.05590764905954
-44.784298030519054,-5.053260529901662
-44.77933512841685,-5.050614409051976
-44.77437222631463,-5.04796928628597
-44.769409324212425,-5.045325161379156
-44.76444642211021,-5.042682034107057
-44.759483520008004,-5.0400399042451935
-44.75452061790579,-5.0373987715691015
-44.74955771580358,-5.034758635854341
-44.74459481370137,-5.032119496876478
-44.73963191159916,-5.029481354411079
-44.734669009496955,-5.026844208233737
-44.72970610739474,-5.02420805812004
-44.72474320529253,-5.02157290384561
-44.71978030319032,-5.0189387451860705
-44.71481740108811,-5.016305581917044
-44.7098544989859,-5.013673413814191
-44.70489159688369,-5.011042240653166
-44.69992869478148,-5.008412062209631
-44.69496579267927,-5.005782878259269
-44.69000289057706,-5.003154688577786
-44.68503998847485,-5.000527492940872
-44.68007708637264,-4.997901291124254
-44.67511418427043,-4.995276082903655
-44.67015128216822,-4.992651868054822
-44.665188380066006,-4.990028646353505
-44.6602254779638,-4.987406417575467
-44.655262575861585,-4.984785181496483
-44.65029967375938,-4.982164937892347
-44.64533677165717,-4.979545686538861
-44.640373869554956,-4.976927427211828
-44.63541096745275,-4.974310159687079
-44.630448065350535,-4.971693883740445
-44.62548516324833,-4.969078599147784
-44.620522261146114,-4.966464305684941
-44.61555935904391,-4.9638510031277985
-44.61059645694169,-4.961238691252237
-44.605633554839486,-4.958627369834156
-44.60067065273728,-4.956017038649455
-44.595707750635064,-4.953407697474059
-44.59074484853286,-4.9507993460839
-44.58578194643064,-4.948191984254922
-44.580819044328436,-4.945585611763074
-44.57585614222622,-4.94298022838433
-44.570893240124015,-4.940375833894666
-44.5659303380218,-4.93777242807007
-44.56096743591959,-4.935170010686556
-44.55600453381739,-4.932568581520128
-44.55104163171517,-4.9299681403468085
-44.546078729612965,-4.927368686942658
-44.54111582751075,-4.924770221083706
-44.536152925408544,-4.92217274254603
-44.53119002330633,-4.919576251105695
-44.52622712120412,-4.916980746538791
-44.52126421910191,-4.914386228621421
-44.5163013169997,-4.911792697129694
-44.511338414897494,-4.909200151839735
-44.50637551279528,-4.906608592527667
-44.50141261069307,-4.904018018969657
-44.49644970859086,-4.901428430941843
-44.49148680648865,-4.898839828220411
-44.48652390438644,-4.896252210581538
-44.48156100228423,-4.893665577801426
-44.47659810018202,-4.891079929656268
-44.47163519807981,-4.888495265922296
-44.4666722959776,-4.885911586375745
-44.46170939387539,-4.883328890792842
-44.45674649177318,-4.880747178949854
-44.45178358967097,-4.878166450623041
-44.44682068756876,-4.875586705588697
-44.441857785466546,-4.873007943623095
-44.43689488336434,-4.870430164502555
-44.431931981262125,-4.86785336800338
-44.42696907915992,-4.865277553901909
-44.42200617705771,-4.862702721974475
-44.417043274955496,-4.860128871997428
-44.41208037285329,-4.857556003747144
-44.407117470751075,-4.8549841169999866
-44.40215456864887,-4.852413211532347
-44.397191666546654,-4.849843287120628
-44.39222876444445,-4.847274343541242
-44.38726586234223,-4.844706380570616
-44.382302960240025,-4.842139397985185
-44.37734005813782,-4.839573395561397
-44.372377156035604,-4.837008373075712
-44.3674142539334,-4.8344443303046125
-44.36245135183118,-4.831881267024568
-44.357488449728976,-4.829319183012085
-44.35252554762676,-4.82675807804368
-44.347562645524555,-4.8241979518958615
-44.34259974342234,-4.8216388043451754
-44.33763684132013,-4.819080635168162
-44.332673939217926,-4.816523444141381
-44.32771103711571,-4.813967231041398
-44.322748135013505,-4.811411995644811
-44.31778523291129,-4.8088577377281965
-44.312822330809084,-4.806304457068174
-44.30785942870687,-4.8037521534413505
-44.30289652660466,-4.8012008266243775
-44.29793362450245,-4.798650476393883
-44.29297072240024,-4.796101102526524
-44.288007820298034,-4.793552704798983
-44.28304491819582,-4.791005282987921
-44.27808201609361,-4.78845883687004
-44.2731191139914,-4.785913366222046
-44.26815621188919,-4.783368870820661
-44.26319330978698,-4.780825350442603
-44.25823040768477,-4.778282804864617
-44.253267505582556,-4.7757412338634575
-44.24830460348035,-4.773200637215903
-44.24334170137814,-4.770661014698713
-44.23837879927593,-4.7681223660886864
-44.23341589717372,-4.765584691162631
-44.22845299507151,-4.763047989697357
-44.2234900929693,-4.76051226146969
-44.218527190867086,-4.757977506256469
-44.21356428876488,-4.7554437238345555
-44.208601386662664,-4.752910913980804
-44.20363848456046,-4.750379076472095
-44.19867558245825,-4.747848211085325
-44.193712680356036,-4.745318317597379
-44.18874977825383,-4.742789395785186
-44.183786876151615,-4.740261445425657
-44.17882397404941,-4.737734466295749
-44.173861071947194,-4.7352084581723926
-44.16889816984499,-4.732683420832569
-44.16393526774277,-4.730159354053244
-44.158972365640565,-4.7276362576114055
-44.15400946353836,-4.725114131284053
-44.149046561436144,-4.7225929748482
-44.14408365933394,-4.720072788080874
-44.13912075723172,-4.71755357075911
-44.134157855129516,-4.715035322659956
-44.1291949530273,-4.712518043560473
-44.124232050925094,-4.710001733237739
-44.11926914882288,-4.707486391468831
-44.11430624672067,-4.704972018030865
-44.109343344618466,-4.702458612700939
-44.10438044251625,-4.699946175256176
-44.099417540414045,-4.6974347054737216
-44.09445463831183,-4.694924203130717
-44.089491736209624,-4.692414668004324
-44.08452883410741,-4.689906099871715
-44.0795659320052,-4.687398498510081
-44.07460302990299,-4.684891863696618
-44.06964012780078,-4.6823861952085295
-44.064677225698574,-4.6798814928230525
-44.05971432359636,-4.677377756317403
-44.05475142149415,-4.674874985468849
-44.04978851939194,-4.672373180054636
-44.04482561728973,-4.669872339852046
-44.03986271518752,-4.667372464638356
-44.03489981308531,-4.664873554190873
-44.029936910983096,-4.662375608286897
-44.02497400888089,-4.659878626703763
-44.02001110677868,-4.657382609218794
-44.01504820467647,-4.654887555609343
-44.01008530257426,-4.65239346565277
-44.00512240047205,-4.6499003391264395
-44.00015949836984,-4.647408175807755
-43.995196596267625,-4.644916975474096
-43.99023369416542,-4.642426737902881
-43.985270792063204,-4.6399374628715275
-43.980307889961,-4.637449150157478
-43.97534498785879,-4.634961799538175
-43.970382085756576,-4.6324754107910735
-43.96541918365437,-4.6299899836936556
-43.960456281552155,-4.627505518023399
-43.95549337944995,-4.6250220135578095
-43.95053047734773,-4.62253947007439
-43.945567575245526,-4.620057887350665
-43.94060467314331,-4.617577265164166
-43.935641771041105,-4.615097603292448
-43.9306788689389,-4.612618901513071
-43.925715966836684,-4.610141159603593
-43.92075306473448,-4.60766437734162
-43.91579016263226,-4.605188554504735
-43.910827260530056,-4.602713690870566
-43.90586435842784,-4.600239786216712
-43.900901456325634,-4.597766840320829
-43.89593855422342,-4.595294852960552
-43.89097565212121,-4.5928238239135535
-43.886012750019006,-4.590353752957499
-43.88104984791679,-4.58788463987007
-43.876086945814585,-4.585416484428977
-43.87112404371237,-4.582949286411923
-43.866161141610164,-4.58048304559664
-43.86119823950795,-4.578017761760855
-43.85623533740574,-4.5755534346823215
-43.85127243530353,-4.5730900641388015
-43.84630953320132,-4.570627649908069
-43.841346631099114,-4.568166191767913
-43.8363837289969,-4.565705689496126
-43.83142082689469,-4.5632461428705335
-43.82645792479248,-4.560787551668947
-43.82149502269027,-4.558329915669211
-43.81653212058806,-4.555873234649169
-43.81156921848585,-4.553417508386699
-43.806606316383636,-4.55096273665966
-43.80164341428143,-4.548508919245951
-43.79668051217922,-4.546056055923467
-43.79171761007701,-4.5436041464701225
-43.7867547079748,-4.541153190663844
-43.78179180587259,-4.538703188282575
-43.77682890377038,-4.536254139104266
-43.771866001668165,-4.533806042906871
-43.76690309956596,-4.531358899468383
-43.761940197463744,-4.528912708566783
-43.75697729536154,-4.526467469980075
-43.75201439325933,-4.524023183486271
-43.747051491157116,-4.5215798488634045
-43.74208858905491,-4.519137465889513
-43.737125686952695,-4.516696034342652
-43.73216278485049,-4.5142555540008855
-43.72719988274827,-4.51181602464229
-43.722236980646066,-4.509377446044966
-43.71727407854385,-4.506939817987009
-43.712311176441645,-4.50450314024654
-43.70734827433944,-4.502067412601696
-43.702385372237224,-4.499632634830607
-43.69742247013502,-4.497198806711435
-43.6924595680328,-4.494765928022346
-43.687496665930595,-4.492333998541526
-43.68253376382838,-4.489903018047159
-43.677570861726174,-4.487472986317462
-43.67260795962396,-4.485043903130652
-43.66764505752175,-4.482615768264957
-43.662682155419546,-4.480188581498629
-43.65771925331733,-4.477762342609915
-43.652756351215125,-4.4753370513771
-43.64779344911291,-4.4729127075784545
-43.6428305470107,-4.470489310992283
-43.63786764490849,-4.468066861396888
-43.63290474280628,-4.4656453585705975
-43.62794184070407,-4.463224802291747
-43.62297893860186,-4.460805192338676
-43.618016036499654,-4.458386528489758
-43.61305313439744,-4.455968810523354
-43.60809023229523,-4.453552038217854
-43.60312733019302,-4.451136211351653
-43.59816442809081,-4.448721329703178
-43.5932015259886,-4.446307393050839
-43.58823862388639,-4.443894401173076
-43.583275721784176,-4.4414823538483486
-43.57831281968197,-4.439071250855111
-43.57334991757976,-4.436661091971839
-43.56838701547755,-4.4342518769770285
-43.56342411337534,-4.4318436056491795
-43.558461211273126,-4.429436277766801
-43.55349830917092,-4.427029893108429
-43.548535407068705,-4.424624451452597
-43.5435725049665,-4.422219952577865
-43.538609602864284,-4.419816396262798
-43.53364670076208,-4.41741378228598
-43.52868379865987,-4.415012110425992
-43.523720896557656,-4.412611380461446
-43.51875799445545,-4.410211592170963
-43.513795092353234,-4.407812745333169
-43.50883219025103,-4.405414839726716
-43.50386928814881,-4.403017875130251
-43.498906386046606,-4.4006218513224535
-43.49394348394439,-4.398226768082002
-43.488980581842185,-4.395832625187595
-43.48401767973998,-4.393439422417941
-43.479054777637764,-4.391047159551756
-43.47409187553556,-4.388655836367787
-43.46912897343334,-4.386265452644771
-43.464166071331135,-4.383876008161477
-43.45920316922893,-4.381487502696677
-43.454240267126714,-4.379099936029146
-43.4492773650245,-4.3767133079377
-43.44431446292229,-4.37432761820115
-43.439351560820086,-4.371942866598321
-43.43438865871787,-4.369559052908051
-43.429425756615665,-4.367176176909185
-43.42446285451345,-4.364794238380589
-43.41949995241124,-4.36241323710116
-43.414537050309036,-4.360033172849771
-43.40957414820682,-4.3576540454053285
-43.40461124610461,-4.355275854546756
-43.3996483440024,-4.35289860005298
-43.394685441900194,-4.350522281702943
-43.38972253979798,-4.3481468992756005
-43.38475963769577,-4.3457724525499355
-43.37979673559356,-4.343398941304906
-43.37483383349135,-4.341026365319529
-43.369870931389144,-4.3386547243728035
-43.36490802928693,-4.336284018243748
-43.35994512718472,-4.333914246711416
-43.35498222508251,-4.331545409554832
-43.3500193229803,-4.329177506553075
-43.34505642087809,-4.326810537485206
-43.34009351877588,-4.324444502130319
-43.335130616673666,-4.322079400267507
-43.33016771457146,-4.319715231675908
-43.32520481246925,-4.317351996134622
-43.32024191036704,-4.314989693422799
-43.31527900826483,-4.31262832331959
-43.31031610616262,-4.31026788560416
-43.30535320406041,-4.307908380055694
-43.300390301958195,-4.3055498064533735
-43.29542739985599,-4.303192164576426
-43.290464497753774,-4.300835454204047
-43.28550159565157,-4.298479675115475
-43.28053869354936,-4.2961248270899635
-43.275575791447146,-4.293770909906756
-43.27061288934494,-4.291417923345141
-43.265649987242725,-4.289065867184388
-43.26068708514052,-4.286714741203801
-43.2557241830383,-4.28436454518269
-43.250761280936096,-4.282015278900391
-43.24579837883388,-4.279666942136226
-43.240835476731675,-4.277319534669545
-43.23587257462947,-4.274973056279722
-43.230909672527254,-4.2726275067461215
-43.22594677042505,-4.270282885848146
-43.22098386832283,-4.267939193365194
-43.216020966220626,-4.265596429076681
-43.21105806411841,-4.263254592762037
-43.206095162016204,-4.260913684200705
-43.20113225991399,-4.258573703172148
-43.19616935781178,-4.256234649455824
-43.191206455709576,-4.253896522831225
-43.18624355360736,-4.251559323077839
-43.181280651505155,-4.249223049975185
-43.17631774940294,-4.246887703302779
-43.171354847300734,-4.244553282840157
-43.16639194519852,-4.24221978836687
-43.16142904309631,-4.239887219662484
-43.1564661409941,-4.2375555765065664
-43.15150323889189,-4.235224858678712
-43.146540336789684,-4.23289506595852
-43.14157743468747,-4.230566198125608
-43.13661453258526,-4.228238254959606
-43.13165163048305,-4.225911236240154
-43.12668872838084,-4.223585141746907
-43.12172582627863,-4.221259971259531
-43.11676292417642,-4.218935724557713
-43.111800022074206,-4.216612401421151
-43.106837119972,-4.214290001629552
-43.10187421786979,-4.211968524962632
-43.09691131576758,-4.2096479712001305
-43.09194841366537,-4.207328340121805
-43.08698551156316,-4.205009631507398
-43.08202260946095,-4.202691845136699
-43.077059707358735,-4.200374980789493
-43.07209680525653,-4.198059038245584
-43.067133903154314,-4.195744017284788
-43.06217100105211,-4.193429917686929
-43.0572080989499,-4.191116739231865
-43.052245196847686,-4.188804481699425
-43.04728229474548,-4.186493144869497
-43.042319392643265,-4.184182728521958
-43.03735649054106,-4.181873232436709
-43.03239358843884,-4.1795646563936515
-43.027430686336636,-4.177257000172717
-43.02246778423442,-4.174950263553833
-43.017504882132215,-4.1726444463169505
-43.01254198003001,-4.170339548242041
-43.007579077927794,-4.168035569109065
-43.00261617582559,-4.165732508698027
-42.99765327372337,-4.1634303667889245
-42.992690371621165,-4.161129143161772
-42.98772746951895,-4.158828837596603
-42.982764567416744,-4.15652944987346
-42.97780166531453,-4.1542309797723975
-42.97283876321232,-4.1519334270734936
-42.967875861110116,-4.149636791556825
-42.9629129590079,-4.147341073002486
-42.957950056905695,-4.145046271190598
-42.95298715480348,-4.142752385901273
-42.94802425270127,-4.140459416914665
-42.94306135059906,-4.138167364010903
-42.93809844849685,-4.135876226970176
-42.93313554639464,-4.133586005572646
-42.92817264429243,-4.131296699598507
-42.923209742190224,-4.12900830882797
-42.91824684008801,-4.126720833041248
-42.9132839379858,-4.124434272018577
-42.90832103588359,-4.1221486255401985
-42.90335813378138,-4.119863893386379
-42.89839523167917,-4.117580075337382
-42.89343232957696,-4.115297171173504
-42.888469427474746,-4.113015180675033
-42.88350652537254,-4.110734103622295
-42.87854362327033,-4.108453939795611
-42.87358072116812,-4.106174688975315
-42.86861781906591,-4.103896350941772
-42.8636549169637,-4.101618925475342
-42.85869201486149,-4.099342412356415
-42.853729112759275,-4.097066811365376
-42.84876621065707,-4.094792122282636
-42.843803308554854,-4.092518344888621
-42.83884040645265,-4.090245478963767
-42.83387750435044,-4.087973524288517
-42.828914602248226,-4.085702480643331
-42.82395170014602,-4.0834323478087
-42.818988798043804,-4.081163125565097
-42.8140258959416,-4.078894813693044
-42.80906299383938,-4.076627411973034
-42.804100091737176,-4.07436092018562
-42.79913718963496,-4.072095338111332
-42.794174287532755,-4.069830665530738
-42.78921138543055,-4.067566902224405
-42.784248483328334,-4.065304047972914
-42.77928558122613,-4.063042102556873
-42.77432267912391,-4.060781065756882
-42.769359777021705,-4.058520937353583
-42.76439687491949,-4.056261717127599
-42.759433972817284,-4.054003404859598
-42.75447107071507,-4.051746000330239
-42.74950816861286,-4.049489503320206
-42.744545266510656,-4.047233913610188
-42.73958236440844,-4.044979230980904
-42.734619462306235,-4.042725455213065
-42.72965656020402,-4.040472586087409
-42.72469365810181,-4.03822062338469
-42.7197307559996,-4.035969566885665
-42.71476785389739,-4.033719416371111
-42.70980495179518,-4.031470171621828
-42.70484204969297,-4.029221832418611
-42.699879147590764,-4.02697439854228
-42.69491624548855,-4.024727869773661
-42.68995334338634,-4.022482245893606
-42.68499044128413,-4.020237526682973
-42.68002753918192,-4.017993711922634
-42.67506463707971,-4.015750801393469
-42.6701017349775,-4.0135087948763895
-42.665138832875286,-4.011267692152302
-42.66017593077308,-4.009027493002136
-42.65521302867087,-4.006788197206837
-42.65025012656866,-4.004549804547351
-42.64528722446645,-4.002312314804651
-42.640324322364236,-4.000075727759719
-42.63536142026203,-3.9978400431935572
-42.630398518159815,-3.9956052608871717
-42.62543561605761,-3.9933713806215847
-42.620472713955394,-3.9911384021778358
-42.61550981185319,-3.9889063253369743
-42.61054690975098,-3.986675149880075
-42.605584007648766,-3.9844448755881983
-42.60062110554656,-3.982215502242456
-42.595658203444344,-3.9799870296239392
-42.59069530134214,-3.9777594575137916
-42.58573239923992,-3.9755327856931206
-42.580769497137716,-3.973307013943094
-42.5758065950355,-3.971082142044859
-42.570843692933295,-3.9688581697796037
-42.56588079083109,-3.9666350969285133
-42.56091788872887,-3.9644129232727896
-42.555954986626666,-3.9621916485936577
-42.55099208452445,-3.9599712726723344
-42.546029182422245,-3.9577517952900805
-42.54106628032003,-3.9555332162281465
-42.536103378217824,-3.9533155352678064
-42.53114047611561,-3.9510987521903504
-42.5261775740134,-3.9488828667770757
-42.521214671911196,-3.9466678788092966
-42.51625176980898,-3.944453788068342
-42.511288867706774,-3.942240594335558
-42.50632596560456,-3.9400282973922907
-42.50136306350235,-3.937816897019923
-42.49640016140014,-3.9356063929998313
-42.49143725929793,-3.933396785113422
-42.48647435719572,-3.931188073142089
-42.48151145509351,-3.92898025686728
-42.476548552991304,-3.9267733360704185
-42.47158565088909,-3.9245673105329684
-42.46662274878688,-3.92236218003639
-42.46165984668467,-3.9201579443621664
-42.45669694458246,-3.9179546032918022
-42.45173404248025,-3.915752156606787
-42.44677114037804,-3.9135506040886727
-42.441808238275826,-3.911349945518964
-42.43684533617362,-3.909150180679238
-42.43188243407141,-3.9069513093510526
-42.4269195319692,-3.904753331315982
-42.42195662986699,-3.9025562463556187
-42.416993727764776,-3.9003600542515775
-42.41203082566257,-3.8981647547854785
-42.407067923560355,-3.895970347738949
-42.40210502145815,-3.893776832893646
-42.397142119355934,-3.8915842100312354
-42.39217921725373,-3.889392478933381
-42.38721631515152,-3.887201639381788
-42.382253413049305,-3.8850116911581534
-42.3772905109471,-3.8828226340442002
-42.372327608844884,-3.8806344678216624
-42.36736470674268,-3.8784471922722843
-42.36240180464046,-3.8762608071778284
-42.357438902538256,-3.87407531232007
-42.35247600043604,-3.8718907074807936
-42.347513098333835,-3.869706992441818
-42.34255019623163,-3.8675241669849467
-42.33758729412941,-3.8653422308920122
-42.332624392027206,-3.863161183944867
-42.32766148992499,-3.8609810259253643
-42.322698587822785,-3.858801756615385
-42.31773568572057,-3.856623375796806
-42.312772783618364,-3.8544458832515387
-42.30780988151615,-3.852269278761499
-42.30284697941394,-3.8500935621086136
-42.297884077311735,-3.847918733074828
-42.29292117520952,-3.8457447914420997
-42.287958273107314,-3.8435717369924034
-42.2829953710051,-3.8413995695077148
-42.27803246890289,-3.839228288770058
-42.27306956680068,-3.8370578945614264
-42.26810666469847,-3.8348883866638523
-42.26314376259626,-3.832719764859386
-42.25818086049405,-3.8305520289300876
-42.25321795839184,-3.828385178658013
-42.24825505628963,-3.8262192138252638
-42.24329215418742,-3.8240541342139314
-42.23832925208521,-3.821889939606125
-42.233366349983,-3.819726629783985
-42.22840344788079,-3.8175642045296447
-42.22344054577858,-3.8154026636252603
-42.218477643676366,-3.813242006853008
-42.21351474157416,-3.811082233995066
-42.20855183947195,-3.8089233448336417
-42.20358893736974,-3.8067653391509397
-42.19862603526753,-3.804608216729186
-42.193663133165316,-3.8024519773506316
-42.18870023106311,-3.8002966207975253
-42.183737328960895,-3.7981421468521352
-42.17877442685869,-3.7959885552967503
-42.17381152475647,-3.793835845913667
-42.16884862265427,-3.791684018485197
-42.16388572055206,-3.789533072793674
-42.158922818449845,-3.78738300862142
-42.15395991634764,-3.7852338257508085
-42.148997014245424,-3.7830855239642025
-42.14403411214322,-3.780938103043988
-42.139071210041,-3.7787915627725575
-42.134108307938796,-3.776645902932333
-42.12914540583658,-3.7745011233057264
-42.124182503734374,-3.772357223675192
-42.11921960163217,-3.7702142038231767
-42.11425669952995,-3.768072063532149
-42.109293797427746,-3.765930802584603
-42.10433089532553,-3.7637904207630197
-42.099367993223325,-3.761650917849929
-42.09440509112111,-3.759512293627838
-42.089442189018904,-3.7573745478793064
-42.08447928691669,-3.7552376803868763
-42.07951638481448,-3.7531016909331245
-42.074553482712275,-3.750966579300633
-42.06959058061006,-3.74883234527199
-42.064627678507854,-3.746698988629816
-42.05966477640564,-3.7445665091567406
-42.05470187430343,-3.7424349066354057
-42.04973897220122,-3.740304180848453
-42.04477607009901,-3.7381743315785614
-42.0398131679968,-3.7360453586084184
-42.03485026589459,-3.733917261720715
-42.02988736379238,-3.7317900406981668
-42.02492446169017,-3.729663695323498
-42.01996155958796,-3.7275382253794564
-42.01499865748575,-3.7254136306487906
-42.01003575538354,-3.7232899109142736
-42.00507285328133,-3.721167065958689
-42.00010995117912,-3.7190450955648395
-41.995147049076905,-3.716923999515531
-41.9901841469747,-3.7148037775936
-41.98522124487249,-3.712684429581883
-41.98025834277028,-3.710565955263228
-41.97529544066807,-3.7084483544205242
-41.970332538565856,-3.706331626836637
-41.96536963646365,-3.7042157722944857
-41.960406734361435,-3.702100790576966
-41.95544383225923,-3.6999866814670215
-41.95048093015701,-3.697873444747584
-41.945518028054806,-3.695761080201618
-41.9405551259526,-3.6936495876120894
-41.935592223850385,-3.6915389667619887
-41.93062932174818,-3.689429217434319
-41.925666419645964,-3.687320339412085
-41.92070351754376,-3.685212332478323
-41.91574061544154,-3.683105196416074
-41.910777713339336,-3.6809989310084084
-41.90581481123712,-3.6788935360383803
-41.900851909134914,-3.67678901128909
-41.89588900703271,-3.6746853565436375
-41.89092610493049,-3.6725825715851315
-41.885963202828286,-3.670480656196712
-41.88100030072607,-3.668379610161523
-41.876037398623865,-3.666279433262718
-41.87107449652166,-3.664180125283486
-41.86611159441944,-3.662081686006992
-41.86114869231723,-3.6599841152164574
-41.85618579021502,-3.657887412695095
-41.851222888112815,-3.655791578226143
-41.8462599860106,-3.6536966115928355
-41.841297083908394,-3.6516025125784486
-41.83633418180618,-3.649509280966243
-41.83137127970397,-3.647416916539525
-41.826408377601766,-3.645325419081587
-41.82144547549955,-3.6432347883757585
-41.81648257339734,-3.641145024205366
-41.81151967129513,-3.639056126353761
-41.80655676919292,-3.6369680946043057
-41.80159386709071,-3.634880928740381
-41.7966309649885,-3.6327946285453794
-41.79166806288629,-3.6307091938027067
-41.78670516078408,-3.6286246242957807
-41.781742258681874,-3.6265409198080416
-41.77677935657966,-3.624458080122939
-41.771816454477445,-3.6223761050239376
-41.76685355237524,-3.6202949942945266
-41.76189065027303,-3.618214747718188
-41.75692774817082,-3.616135365078433
-41.75196484606861,-3.6140568461587934
-41.747001943966396,-3.6119791907428014
-41.74203904186419,-3.6099023986140133
-41.73707613976198,-3.6078264695559894
-41.73211323765977,-3.6057514033523184
-41.72715033555755,-3.6036771997866004
-41.722187433455346,-3.601603858642444
-41.71722453135314,-3.5995313797034734
-41.712261629250925,-3.5974597627533322
-41.70729872714872,-3.595389007575672
-41.702335825046504,-3.593319113954166
-41.6973729229443,-3.5912500816725017
-41.69241002084209,-3.589181910514378
-41.687447118739875,-3.587114600263501
-41.68248421663766,-3.58504815070361
-41.677521314535454,-3.582982561618444
-41.67255841243325,-3.5809178327917697
-41.66759551033103,-3.578853964007345
-41.662632608228826,-3.57679095504897
-41.65766970612661,-3.5747288057004374
-41.652706804024405,-3.5726675157455774
-41.6477439019222,-3.5706070849682106
-41.64278099981998,-3.568547513152189
-41.63781809771777,-3.5664888000813697
-41.63285519561556,-3.5644309455396344
-41.627892293513355,-3.5623739493108717
-41.62292939141114,-3.560317811178986
-41.617966489308934,-3.558262530927904
-41.61300358720672,-3.5562081083415493
-41.60804068510451,-3.5541545432038824
-41.603077783002306,-3.552101835298859
-41.59811488090009,-3.550049984410463
-41.59315197879788,-3.547998990322693
-41.58818907669567,-3.5459488528195537
-41.58322617459346,-3.543899571685068
-41.57826327249125,-3.5418511467032765
-41.57330037038904,-3.539803577658225
-41.56833746828683,-3.537756864333992
-41.56337456618462,-3.5357110065146604
-41.55841166408241,-3.5336660039843237
-41.5534487619802,-3.53162185652709
-41.548485859877985,-3.529578563927094
-41.54352295777578,-3.5275361259684748
-41.53856005567357,-3.5254945424353874
-41.53359715357136,-3.5234538131120146
-41.52863425146915,-3.5214139377825253
-41.523671349366936,-3.5193749162311363
-41.51870844726473,-3.517336748242055
-41.51374554516252,-3.515299433599516
-41.50878264306031,-3.513262972087762
-41.50381974095809,-3.5112273634910607
-41.498856838855886,-3.509192607593684
-41.49389393675368,-3.5071587041799233
-41.488931034651465,-3.5051256530340806
-41.48396813254926,-3.503093453940479
-41.479005230447044,-3.5010621066834524
-41.47404232834484,-3.4990316110473594
-41.46907942624263,-3.4970019668165544
-41.464116524140415,-3.494973173775418
-41.4591536220382,-3.4929452317083447
-41.454190719935994,-3.490918140399753
-41.44922781783379,-3.4888918996340617
-41.44426491573157,-3.4868665091957127
-41.439302013629366,-3.4848419688691536
-41.43433911152715,-3.482818278438857
-41.429376209424944,-3.480795437689315
-41.42441330732274,-3.478773446405019
-41.41945040522052,-3.476752304370484
-41.41448750311831,-3.4747320113702425
-41.4095246010161,-3.4727125671888346
-41.404561698913895,-3.470693971610822
-41.39959879681168,-3.4686762244207747
-41.394635894709474,-3.4666593254032847
-41.38967299260726,-3.4646432743429556
-41.38471009050505,-3.4626280710244117
-41.379747188402845,-3.4606137152322787
-41.37478428630063,-3.4586002067512065
-41.36982138419842,-3.4565875453658585
-41.36485848209621,-3.4545757308609257
-41.359895579994,-3.452564763021086
-41.35493267789179,-3.4505546416310553
-41.34996977578958,-3.4485453664755545
-41.34500687368737,-3.4465369373393244
-41.34004397158516,-3.4445293540071202
-41.33508106948295,-3.442522616263714
-41.33011816738074,-3.4405167238938805
-41.325155265278525,-3.4385116766824253
-41.32019236317632,-3.436507474414159
-41.31522946107411,-3.434504116873919
-41.3102665589719,-3.4325016038465304
-41.30530365686969,-3.430499935116874
-41.300340754767475,-3.428499110469811
-41.29537785266527,-3.4264991296902325
-41.29041495056306,-3.4244999925630517
-41.28545204846085,-3.422501698873173
-41.28048914635863,-3.4205042484055403
-41.275526244256426,-3.4185076409451005
-41.27056334215422,-3.416511876276819
-41.265600440052005,-3.4145169541856792
-41.2606375379498,-3.412522874456669
-41.25567463584758,-3.410529636874802
-41.250711733745376,-3.4085372412251003
-41.24574883164317,-3.4065456872926116
-41.240785929540955,-3.404554974862382
-41.23582302743874,-3.402565103719483
-41.230860125336534,-3.4005760736490047
-41.22589722323433,-3.398587884436047
-41.22093432113211,-3.3966005358657183
-41.215971419029906,-3.3946140277231613
-41.21100851692769,-3.3926283597935107
-41.206045614825484,-3.3906435318619397
-41.20108271272328,-3.388659543713611
-41.19611981062106,-3.3866763951337235
-41.19115690851885,-3.3846940859074777
-41.18619400641664,-3.3827126158201084
-41.181231104314435,-3.3807319846568444
-41.17626820221222,-3.3787521922029335
-41.17130530011001,-3.376773238243649
-41.1663423980078,-3.3747951225642665
-41.16137949590559,-3.3728178449500916
-41.156416593803385,-3.3708414051864364
-41.15145369170117,-3.3688658030586227
-41.14649078959896,-3.3668910383519974
-41.14152788749675,-3.36491711085192
-41.13656498539454,-3.362944020343765
-41.13160208329233,-3.3609717666129164
-41.12663918119012,-3.35900034944478
-41.12167627908791,-3.357029768624775
-41.1167133769857,-3.3550600239383432
-41.11175047488349,-3.353091115170928
-41.10678757278128,-3.3511230421079885
-41.101824670679065,-3.3491558045350107
-41.09686176857686,-3.3471894022374924
-41.09189886647465,-3.3452238350009407
-41.08693596437244,-3.3432591026108835
-41.08197306227023,-3.341295204852861
-41.077010160168015,-3.339332141512434
-41.07204725806581,-3.337369912375164
-41.0670843559636,-3.3354085172266563
-41.06212145386139,-3.333447955852488
-41.05715855175917,-3.331488228038294
-41.052195649656966,-3.329529333569706
-41.04723274755476,-3.3275712722323676
-41.042269845452545,-3.325614043811944
-41.03730694335034,-3.323657648094117
-41.03234404124812,-3.321702084864576
-41.027381139145916,-3.319747353909032
-41.02241823704371,-3.317793455013213
-41.017455334941495,-3.315840387962855
-41.01249243283928,-3.3138881525437083
-41.007529530737074,-3.311936748541561
-41.00256662863487,-3.309986175742183
-40.99760372653265,-3.308036433931378
-40.992640824430445,-3.3060875228949715
-40.98767792232823,-3.304139442418787
-40.982715020226024,-3.3021921922886768
-40.97775211812382,-3.300245772290501
-40.9727892160216,-3.298300182210136
-40.967826313919396,-3.296355421833486
-40.96286341181718,-3.294411490946445
-40.957900509714975,-3.292468389334948
-40.95293760761276,-3.2905261167849296
-40.94797470551055,-3.2885846730823474
-40.94301180340834,-3.2866440580131733
-40.93804890130613,-3.284704271363389
-40.933085999203925,-3.282765312919002
-40.92812309710171,-3.2808271824660205
-40.923160194999504,-3.278889879790483
-40.91819729289729,-3.2769534046784354
-40.91323439079508,-3.2750177569159438
-40.90827148869287,-3.273082936289078
-40.90330858659066,-3.2711489425839426
-40.89834568448845,-3.269215775586642
-40.89338278238624,-3.267283435083301
-40.88841988028403,-3.2653519208600588
-40.88345697818182,-3.263421232703069
-40.87849407607961,-3.261491370398512
-40.8735311739774,-3.2595623337325645
-40.86856827187519,-3.2576341224914334
-40.863605369772976,-3.255706736461336
-40.85864246767077,-3.2537801754285045
-40.853679565568555,-3.251854439179186
-40.84871666346635,-3.2499295274996514
-40.84375376136414,-3.248005440176173
-40.83879085926193,-3.2460821769950448
-40.83382795715972,-3.244159737742585
-40.828865055057506,-3.24223812220511
-40.8239021529553,-3.2403173301689723
-40.818939250853084,-3.238397361420517
-40.81397634875088,-3.2364782157461276
-40.80901344664866,-3.234559892932183
-40.804050544546456,-3.232642392765096
-40.79908764244425,-3.230725715031278
-40.794124740342035,-3.2288098595171673
-40.78916183823983,-3.226894826009215
-40.784198936137614,-3.2249806142938837
-40.77923603403541,-3.223067224157658
-40.77427313193319,-3.2211546553870307
-40.769310229830985,-3.2192429077685203
-40.76434732772877,-3.217331981088648
-40.759384425626564,-3.215421875133968
-40.75442152352436,-3.2135125896910286
-40.74945862142214,-3.2116041245464086
-40.744495719319936,-3.2096964794866976
-40.73953281721772,-3.2077896542985016
-40.734569915115515,-3.2058836487684466
-40.7296070130133,-3.2039784626831627
-40.72464411091109,-3.202074095829308
-40.71968120880888,-3.2001705479935465
-40.71471830670667,-3.198267818962571
-40.709755404604465,-3.1963659085230733
-40.70479250250225,-3.194464816461767
-40.699829600400044,-3.1925645425653912
-40.69486669829783,-3.190665086620684
-40.68990379619562,-3.1887664484144107
-40.68494089409341,-3.1868686277333516
-40.6799779919912,-3.1849716243643
-40.67501508988899,-3.183075438094062
-40.67005218778678,-3.1811800687094647
-40.66508928568457,-3.1792855159973485
-40.66012638358236,-3.1773917797445668
-40.65516348148015,-3.1754988597379956
-40.65020057937794,-3.1736067557645185
-40.64523767727573,-3.171715467611045
-40.640274775173516,-3.169824995064483
-40.63531187307131,-3.1679353379117794
-40.630348970969095,-3.166046495939877
-40.62538606886689,-3.1641584689357423
-40.62042316676468,-3.1622712566863624
-40.61546026466247,-3.1603848589787287
-40.61049736256026,-3.1584992755998575
-40.605534460458045,-3.1566145063367723
-40.60057155835584,-3.1547305509765255
-40.595608656253624,-3.1528474093061716
-40.59064575415142,-3.1509650811127927
-40.5856828520492,-3.1490835661834744
-40.580719949946996,-3.1472028643053274
-40.57575704784479,-3.1453229752654748
-40.570794145742575,-3.143443898851051
-40.56583124364037,-3.1415656348492216
-40.56086834153815,-3.139688183047148
-40.555905439435946,-3.13781154323202
-40.55094253733373,-3.1359357151910348
-40.545979635231525,-3.134060698711419
-40.54101673312931,-3.132186493580403
-40.536053831027104,-3.1303130995852317
-40.5310909289249,-3.1284405165131774
-40.52612802682268,-3.126568744151514
-40.521165124720476,-3.124697782287546
-40.51620222261826,-3.1228276307085814
-40.511239320516054,-3.120958289201946
-40.50627641841384,-3.119089757554993
-40.50131351631163,-3.117222035555076
-40.49635061420942,-3.115355122989567
-40.49138771210721,-3.1134890196458715
-40.486424810005005,-3.1116237253113885
-40.48146190790279,-3.109759239773536
-40.476499005800584,-3.107895562819763
-40.47153610369837,-3.106032694237521
-40.46657320159616,-3.1041706338142836
-40.46161029949395,-3.1023093813375318
-40.45664739739174,-3.1004489365947756
-40.45168449528953,-3.098589299373527
-40.44672159318732,-3.096730469461328
-40.44175869108511,-3.0948724466457227
-40.4367957889829,-3.0930152307142764
-40.43183288688069,-3.091158821454582
-40.42686998477848,-3.089303218654224
-40.42190708267627,-3.0874484221008283
-40.416944180574056,-3.085594431582017
-40.41198127847185,-3.083741246885438
-40.407018376369635,-3.0818888677987526
-40.40205547426743,-3.0800372941096414
-40.39709257216522,-3.078186525605793
-40.39212967006301,-3.0763365620749212
-40.3871667679608,-3.074487403304754
-40.382203865858585,-3.072639049083027
-40.37724096375638,-3.070791499197501
-40.372278061654164,-3.0689447534359435
-40.36731515955196,-3.067098811586153
-40.36235225744974,-3.0652536734359277
-40.357389355347536,-3.0634093387730936
-40.35242645324533,-3.0615658073854877
-40.347463551143115,-3.059723079060955
-40.34250064904091,-3.057881153587374
-40.33753774693869,-3.056040030752624
-40.332574844836486,-3.054199710344614
-40.32761194273427,-3.0523601921512515
-40.322649040632065,-3.0505214759604797
-40.31768613852985,-3.0486835615602352
-40.312723236427644,-3.046846448738495
-40.30776033432544,-3.0450101372832354
-40.30279743222322,-3.0431746269824482
-40.297834530121015,-3.0413399176241542
-40.2928716280188,-3.0395060089963803
-40.287908725916594,-3.037672900887175
-40.28294582381439,-3.035840593084594
-40.27798292171217,-3.034009085376716
-40.27302001960996,-3.032178377551633
-40.26805711750775,-3.0303484693974645
-40.263094215405545,-3.028519360702322
-40.25813131330333,-3.0266910512543554
-40.25316841120112,-3.0248635408417197
-40.24820550909891,-3.023036829252587
-40.2432426069967,-3.0212109162751504
-40.238279704894495,-3.01938580169762
-40.23331680279228,-3.0175614853082053
-40.22835390069007,-3.0157379668951516
-40.22339099858786,-3.0139152462467154
-40.21842809648565,-3.012093323151165
-40.21346519438344,-3.010272197396784
-40.20850229228123,-3.008451868771876
-40.20353939017902,-3.0066323370647594
-40.19857648807681,-3.0048136020637704
-40.1936135859746,-3.0029956635572645
-40.18865068387239,-3.001178521333596
-40.183687781770175,-2.9993621751811554
-40.17872487966797,-2.997546624888348
-40.17376197756576,-2.9957318702435787
-40.168799075463546,-2.993917911035281
-40.16383617336134,-2.992104747051907
-40.158873271259125,-2.9902923780819224
-40.15391036915692,-2.9884808039137973
-40.14894746705471,-2.986670024336038
-40.1439845649525,-2.9848600391371454
-40.13902166285028,-2.983050848105657
-40.134058760748076,-2.9812424510301163
-40.12909585864587,-2.9794348476990864
-40.124132956543654,-2.9776280379011366
-40.11917005444145,-2.975822021424868
-40.11420715233923,-2.9740167980588823
-40.109244250237026,-2.972212367591816
-40.10428134813482,-2.9704087298122994
-40.099318446032605,-2.968605884508995
-40.09435554393039,-2.9668038314705774
-40.089392641828184,-2.9650025704857415
-40.08442973972598,-2.9632021013431906
-40.07946683762376,-2.9614024238316397
-40.074503935521555,-2.959603537739841
-40.06954103341934,-2.9578054428565426
-40.064578131317134,-2.956008138970521
-40.05961522921493,-2.954211625870559
-40.05465232711271,-2.9524159033454636
-40.0496894250105,-2.9506209711840508
-40.04472652290829,-2.948826829175166
-40.039763620806085,-2.9470334771076563
-40.03480071870387,-2.9452409147703906
-40.02983781660166,-2.9434491419522577
-40.02487491449945,-2.9416581584421566
-40.01991201239724,-2.9398679640290064
-40.014949110295035,-2.9380785585017475
-40.00998620819282,-2.9362899416493193
-40.00502330609061,-2.934502113260693
-40.0000604039884,-2.9327150731248555
-39.99509750188619,-2.9309288210308058
-39.99013459978398,-2.9291433567675615
-39.98517169768177,-2.9273586801241507
-39.98020879557956,-2.9255747908896215
-39.97524589347735,-2.9237916888530457
-39.97028299137514,-2.9220093738034985
-39.96532008927293,-2.9202278455300767
-39.960357187170715,-2.9184471038218973
-39.95539428506851,-2.9166671484680915
-39.9504313829663,-2.914887979257806
-39.945468480864086,-2.9131095959802056
-39.94050557876188,-2.9113319984244628
-39.935542676659665,-2.9095551863797775
-39.93057977455746,-2.907779159635366
-39.92561687245525,-2.906003917980454
-39.92065397035304,-2.9042294612042814
-39.91569106825082,-2.9024557890961153
-39.910728166148616,-2.9006829014452373
-39.90576526404641,-2.898910798040935
-39.900802361944194,-2.8971394786725186
-39.89583945984199,-2.89536894312932
-39.89087655773977,-2.8935991912006784
-39.885913655637566,-2.8918302226759556
-39.88095075353536,-2.8900620373445336
-39.875987851433145,-2.8882946349957943
-39.87102494933093,-2.8865280154191515
-39.86606204722872,-2.8847621784040345
-39.861099145126516,-2.8829971237398837
-39.8561362430243,-2.881232851216152
-39.851173340922095,-2.879469360622327
-39.84621043881988,-2.8777066517478853
-39.841247536717674,-2.875944724382342
-39.83628463461547,-2.874183578315226
-39.83132173251325,-2.872423213336069
-39.82635883041104,-2.870663629234434
-39.82139592830883,-2.868904825799894
-39.816433026206624,-2.867146802822041
-39.81147012410441,-2.8653895600904766
-39.8065072220022,-2.863633097394832
-39.80154431989999,-2.861877414524739
-39.79658141779778,-2.86012251126986
-39.791618515695575,-2.858368387419866
-39.78665561359336,-2.856615042764446
-39.78169271149115,-2.854862477093306
-39.77672980938894,-2.853110690196169
-39.77176690728673,-2.851359681862776
-39.76680400518452,-2.8496094518828756
-39.76184110308231,-2.8478600000462477
-39.7568782009801,-2.8461113261426765
-39.75191529887789,-2.8443634299619682
-39.74695239677568,-2.842616311293945
-39.74198949467347,-2.8408699699284448
-39.737026592571254,-2.839124405655321
-39.73206369046905,-2.837379618264451
-39.72710078836684,-2.8356356075457176
-39.722137886264626,-2.8338923732890278
-39.71717498416242,-2.8321499152843
-39.712212082060205,-2.8304082333214726
-39.707249179958,-2.828667327190504
-39.70228627785579,-2.826927196681362
-39.69732337575358,-2.825187841584032
-39.69236047365136,-2.823449261688521
-39.687397571549155,-2.8217114567848522
-39.68243466944695,-2.819974426663062
-39.677471767344734,-2.8182381711131987
-39.67250886524253,-2.81650268992534
-39.66754596314031,-2.8147679828895713
-39.662583061038106,-2.8130340497959962
-39.6576201589359,-2.811300890434736
-39.652657256833685,-2.809568504595921
-39.64769435473147,-2.807836892069715
-39.64273145262926,-2.806106052646287
-39.637768550527056,-2.804375986115827
-39.63280564842484,-2.802646692268526
-39.627842746322635,-2.8009181708946196
-39.62287984422042,-2.7991904217843344
-39.617916942118214,-2.7974634447279314
-39.61295404001601,-2.7957372395156788
-39.60799113791379,-2.794011805937858
-39.60302823581158,-2.7922871437847854
-39.59806533370937,-2.7905632528467743
-39.593102431607164,-2.7888401329141628
-39.58813952950495,-2.7871177837773056
-39.58317662740274,-2.7853962052265753
-39.57821372530053,-2.7836753970523547
-39.57325082319832,-2.7819553590450554
-39.568287921096115,-2.7802360909950923
-39.5633250189939,-2.7785175926929053
-39.558362116891686,-2.776799863928949
-39.55339921478948,-2.7750829044936958
-39.54843631268727,-2.7733667141776364
-39.54347341058506,-2.7716512927712667
-39.53851050848285,-2.769936640065122
-39.53354760638064,-2.7682227558497257
-39.52858470427843,-2.766509639915645
-39.52362180217622,-2.7647972920534465
-39.51865890007401,-2.7630857120537167
-39.513695997971794,-2.7613748997070635
-39.50873309586959,-2.759664854804114
-39.50377019376738,-2.7579555771355024
-39.498807291665166,-2.756247066491883
-39.49384438956296,-2.7545393226639323
-39.488881487460745,-2.7528323454423376
-39.48391858535854,-2.751126134617805
-39.47895568325633,-2.749420689981066
-39.47399278115412,-2.7477160113228454
-39.4690298790519,-2.746012098433909
-39.464066976949695,-2.7443089511050314
-39.45910407484749,-2.742606569127002
-39.454141172745274,-2.7409049522906246
-39.44917827064307,-2.7392041003867336
-39.44421536854085,-2.737504013206157
-39.439252466438646,-2.735804690539761
-39.43428956433644,-2.7341061321784146
-39.429326662234224,-2.7324083379130126
-39.42436376013201,-2.7307113075344667
-39.4194008580298,-2.729015040833701
-39.414437955927596,-2.7273195376016526
-39.40947505382538,-2.7256247976292873
-39.404512151723175,-2.723930820707577
-39.39954924962096,-2.7222376066275147
-39.394586347518754,-2.720545155180114
-39.38962344541655,-2.7188534661563986
-39.38466054331433,-2.7171625393474117
-39.37969764121212,-2.715472374544214
-39.37473473910991,-2.713782971537889
-39.369771837007704,-2.712094330119523
-39.36480893490549,-2.7104064500802294
-39.35984603280328,-2.7087193312111437
-39.35488313070107,-2.7070329733034013
-39.34992022859886,-2.705347376148172
-39.344957326496655,-2.703662539536632
-39.33999442439444,-2.701978463259973
-39.335031522292226,-2.700295147109412
-39.33006862019002,-2.698612590876181
-39.32510571808781,-2.6969307943515304
-39.3201428159856,-2.695249757326712
-39.31517991388339,-2.6935694795930214
-39.31021701178118,-2.691889960941743
-39.30525410967897,-2.6902112011642023
-39.30029120757676,-2.6885332000517286
-39.29532830547455,-2.686855957395663
-39.290365403372334,-2.6851794729873837
-39.28540250127013,-2.6835037466182694
-39.28043959916792,-2.6818287780797165
-39.275476697065706,-2.6801545671631404
-39.2705137949635,-2.6784811136599838
-39.265550892861285,-2.6768084173616944
-39.26058799075908,-2.675136478059736
-39.25562508865687,-2.673465295545601
-39.250662186554656,-2.6717948696107836
-39.24569928445244,-2.670125200046807
-39.240736382350235,-2.6684562866452106
-39.23577348024803,-2.6667881291975437
-39.230810578145814,-2.6651207274953754
-39.22584767604361,-2.6634540813303014
-39.22088477394139,-2.661788190493916
-39.215921871839186,-2.660123054777849
-39.21095896973698,-2.658458673973735
-39.205996067634764,-2.6567950478732265
-39.20103316553255,-2.6551321762680042
-39.19607026343034,-2.6534700589497566
-39.191107361328136,-2.6518086957101836
-39.18614445922592,-2.65014808634102
-39.181181557123715,-2.6484882306339976
-39.1762186550215,-2.646829128380882
-39.17125575291929,-2.6451707793734447
-39.166292850817086,-2.643513183403482
-39.16132994871487,-2.641856340262797
-39.156367046612665,-2.640200249743226
-39.15140414451045,-2.638544911636604
-39.146441242408244,-2.6368903257347993
-39.14147834030603,-2.635236491829687
-39.13651543820382,-2.633583409713164
-39.13155253610161,-2.6319310791771433
-39.1265896339994,-2.6302795000135535
-39.121626731897194,-2.6286286720143432
-39.11666382979498,-2.6269785949714715
-39.11170092769277,-2.6253292686769294
-39.10673802559056,-2.623680692922708
-39.10177512348835,-2.622032867500826
-39.09681222138614,-2.6203857922033165
-39.09184931928393,-2.6187394668222286
-39.08688641718172,-2.6170938911496306
-39.08192351507951,-2.61544906497761
-39.0769606129773,-2.61380498809826
-39.07199771087509,-2.6121616603037086
-39.06703480877288,-2.610519081386088
-39.06207190667067,-2.60887725113755
-39.05710900456846,-2.6072361693502724
-39.052146102466246,-2.605595835816438
-39.04718320036404,-2.6039562503282547
-39.042220298261824,-2.602317412677937
-39.03725739615962,-2.6006793226577396
-39.03229449405741,-2.5990419800599036
-39.027331591955196,-2.597405384676713
-39.02236868985299,-2.595769536300458
-39.017405787750775,-2.5941344347234434
-39.01244288564857,-2.5925000797380044
-39.007479983546354,-2.5908664711364704
-39.00251708144415,-2.589233608711214
-38.99755417934193,-2.5876014922546084
-38.992591277239725,-2.5859701215590523
-38.98762837513752,-2.584339496416953
-38.982665473035304,-2.5827096166207455
-38.9777025709331,-2.581080481962872
-38.97273966883088,-2.579452092235801
-38.967776766728676,-2.5778244472320133
-38.96281386462646,-2.5761975467440053
-38.957850962524255,-2.5745713905642984
-38.95288806042204,-2.572945978485423
-38.94792515831983,-2.5713213102999317
-38.942962256217626,-2.5696973858003935
-38.93799935411541,-2.568074204779391
-38.933036452013205,-2.566451767029531
-38.92807354991099,-2.5648300723434354
-38.923110647808784,-2.5632091205137395
-38.91814774570657,-2.561588911333095
-38.91318484360436,-2.5599694445941816
-38.90822194150215,-2.558350720089684
-38.90325903939994,-2.5567327376123163
-38.898296137297734,-2.555115496954797
-38.89333323519552,-2.553498997909869
-38.88837033309331,-2.551883240270297
-38.8834074309911,-2.55026822382885
-38.87844452888889,-2.5486539483783273
-38.87348162678668,-2.5470404137115445
-38.86851872468447,-2.5454276196213246
-38.863555822582256,-2.5438155659005175
-38.85859292048005,-2.542204252341985
-38.85363001837784,-2.5405936787386136
-38.84866711627563,-2.538983844883297
-38.84370421417342,-2.5373747505689512
-38.83874131207121,-2.5357663955885155
-38.833778409969,-2.5341587797349376
-38.828815507866786,-2.5325519028011865
-38.82385260576458,-2.530945764580252
-38.818889703662364,-2.529340364865134
-38.81392680156016,-2.5277357034488563
-38.80896389945795,-2.5261317801244565
-38.804000997355736,-2.524528594684986
-38.79903809525353,-2.522926146923528
-38.794075193151315,-2.5213244366331655
-38.78911229104911,-2.519723463607013
-38.784149388946894,-2.5181232276381933
-38.77918648684469,-2.5165237285198527
-38.77422358474247,-2.5149249660451476
-38.769260682640265,-2.513326940007262
-38.76429778053806,-2.5117296501993933
-38.759334878435844,-2.510133096414745
-38.75437197633364,-2.508537278446562
-38.74940907423142,-2.5069421960880836
-38.744446172129216,-2.5053478491325802
-38.739483270027,-2.503754237373331
-38.734520367924794,-2.5021613606036484
-38.72955746582258,-2.5005692186168402
-38.72459456372037,-2.4989778112062506
-38.719631661618166,-2.4973871381652297
-38.71466875951595,-2.495797199287145
-38.709705857413745,-2.4942079943653988
-38.70474295531153,-2.4926195231933828
-38.699780053209324,-2.491031785564534
-38.69481715110711,-2.489444781272288
-38.6898542490049,-2.4878585101101063
-38.68489134690269,-2.486272971871463
-38.67992844480048,-2.4846881663498586
-38.674965542698274,-2.4831040933388024
-38.67000264059606,-2.4815207526318246
-38.66503973849385,-2.479938144022475
-38.66007683639164,-2.478356267304315
-38.65511393428943,-2.476775122270931
-38.65015103218722,-2.475194708715919
-38.64518813008501,-2.4736150264329075
-38.640225227982796,-2.4720360752155175
-38.63526232588059,-2.4704578548574183
-38.63029942377838,-2.4688803651522706
-38.62533652167617,-2.4673036058937665
-38.62037361957396,-2.46572757687561
-38.61541071747175,-2.4641522778915292
-38.61044781536954,-2.4625777087352647
-38.605484913267325,-2.4610038692005776
-38.60052201116512,-2.4594307590812385
-38.595559109062904,-2.4578583781710504
-38.5905962069607,-2.4562867262638233
-38.58563330485849,-2.4547158031533862
-38.580670402756276,-2.453145608633588
-38.57570750065407,-2.451576142498298
-38.570744598551855,-2.4500074045413878
-38.56578169644965,-2.448439394556771
-38.56081879434743,-2.4468721123383625
-38.555855892245226,-2.4453055576800984
-38.55089299014301,-2.443739730375933
-38.545930088040805,-2.442174630219838
-38.5409671859386,-2.440610257005808
-38.536004283836384,-2.439046610527842
-38.53104138173418,-2.437483690579972
-38.52607847963196,-2.435921496956235
-38.521115577529756,-2.4343600294507026
-38.51615267542754,-2.4327992878574416
-38.511189773325334,-2.431239271970557
-38.50622687122312,-2.4296799815841545
-38.50126396912091,-2.4281214164923766
-38.496301067018706,-2.4265635764893645
-38.49133816491649,-2.425006461369288
-38.486375262814285,-2.423450070926335
-38.48141236071207,-2.421894404954703
-38.47644945860986,-2.4203394632486197
-38.47148655650766,-2.4187852456023218
-38.46652365440544,-2.417231751810062
-38.46156075230323,-2.415678981666118
-38.45659785020102,-2.4141269349647816
-38.451634948098814,-2.412575611500363
-38.4466720459966,-2.4110250110671894
-38.44170914389439,-2.4094751334596087
-38.43674624179218,-2.407925978471981
-38.43178333968997,-2.406377545898687
-38.426820437587764,-2.404829835534134
-38.42185753548555,-2.4032828471727274
-38.416894633383336,-2.401736580608912
-38.41193173128113,-2.400191035637135
-38.40696882917892,-2.39864621205187
-38.40200592707671,-2.3971021096476037
-38.3970430249745,-2.3955587282188455
-38.39208012287229,-2.3940160675601154
-38.38711722077008,-2.3924741274659564
-38.38215431866787,-2.3909329077309343
-38.37719141656566,-2.389392408149619
-38.372228514463444,-2.3878526285166126
-38.36726561236124,-2.386313568626528
-38.36230271025903,-2.384775228273995
-38.357339808156816,-2.383237607253664
-38.35237690605461,-2.381700705360204
-38.347414003952395,-2.3801645223882972
-38.34245110185019,-2.3786290581326526
-38.33748819974798,-2.3770943123879897
-38.332525297645766,-2.3755602849490405
-38.32756239554355,-2.3740269756105725
-38.322599493441345,-2.372494384167354
-38.31763659133914,-2.3709625104141874
-38.312673689236924,-2.3694313541458767
-38.30771078713472,-2.367900915157251
-38.3027478850325,-2.3663711932431553
-38.297784982930295,-2.3648421881984643
-38.29282208082809,-2.3633138998180554
-38.287859178725874,-2.3617863278968265
-38.28289627662366,-2.3602594722296986
-38.27793337452145,-2.3587333326116124
-38.272970472419246,-2.3572079088375224
-38.26800757031703,-2.3556832007024004
-38.263044668214825,-2.3541592080012346
-38.25808176611261,-2.3526359305290385
-38.2531188640104,-2.35111336808084
-38.248155961908196,-2.3495915204516815
-38.24319305980598,-2.348070387436623
-38.23823015770377,-2.3465499688307547
-38.23326725560156,-2.345030264429169
-38.228304353499354,-2.3435112740269886
-38.22334145139714,-2.3419929974193447
-38.21837854929493,-2.340475434401392
-38.21341564719272,-2.3389585847682994
-38.20845274509051,-2.337442448315264
-38.203489842988304,-2.3359270248374884
-38.19852694088609,-2.334412314130197
-38.193564038783876,-2.3328983159886376
-38.18860113668167,-2.3313850302080708
-38.18363823457946,-2.3298724565837774
-38.17867533247725,-2.328360594911052
-38.17371243037504,-2.326849444985218
-38.168749528272826,-2.325339006601599
-38.16378662617062,-2.323829279555559
-38.15882372406841,-2.3223202636424647
-38.1538608219662,-2.3208119586577003
-38.148897919863984,-2.319304364396676
-38.14393501776178,-2.31779748065482
-38.13897211565957,-2.3162913072275737
-38.134009213557356,-2.314785843910394
-38.12904631145515,-2.3132810904987657
-38.124083409352934,-2.311777046788183
-38.11912050725073,-2.310273712574166
-38.11415760514852,-2.3087710876522434
-38.109194703046306,-2.3072691718179716
-38.10423180094409,-2.305767964866917
-38.099268898841885,-2.3042674665946725
-38.09430599673968,-2.30276767679684
-38.089343094637464,-2.3012685952690495
-38.08438019253526,-2.29977022180694
-38.07941729043304,-2.298272556206175
-38.074454388330835,-2.2967755982624323
-38.06949148622863,-2.29527934777141
-38.064528584126414,-2.2937838045288252
-38.0595656820242,-2.292288968330409
-38.05460277992199,-2.2907948389719195
-38.049639877819786,-2.289301416249121
-38.04467697571757,-2.2878086999578047
-38.039714073615364,-2.2863166898937792
-38.03475117151315,-2.284825385852865
-38.02978826941094,-2.2833347876309116
-38.024825367308736,-2.2818448950237773
-38.01986246520652,-2.2803557078273413
-38.01489956310431,-2.2788672258375007
-38.0099366610021,-2.2773794488501804
-38.004973758899894,-2.2758923766613086
-38.00001085679768,-2.274406009066836
-37.99504795469547,-2.2729203458627385
-37.99008505259326,-2.2714353868450026
-37.98512215049105,-2.26995113180964
-37.980159248388844,-2.2684675805526773
-37.97519634628663,-2.266984732870151
-37.970233444184416,-2.2655025885581286
-37.96527054208221,-2.264021147412699
-37.96030763998,-2.262540409229948
-37.95534473787779,-2.261060373806003
-37.95038183577558,-2.259581040936997
-37.945418933673366,-2.258102410419084
-37.94045603157116,-2.256624482048438
-37.93549312946895,-2.255147255621248
-37.93053022736674,-2.253670730933725
-37.925567325264524,-2.2521949077820977
-37.92060442316232,-2.2507197859626094
-37.91564152106011,-2.2492453652715296
-37.910678618957895,-2.2477716455051344
-37.90571571685569,-2.2462986264597316
-37.900752814753474,-2.244826307931635
-37.89578991265127,-2.2433546897171857
-37.89082701054906,-2.2418837716127418
-37.885864108446846,-2.2404135534146734
-37.88090120634463,-2.238944034919376
-37.875938304242425,-2.237475215923265
-37.87097540214022,-2.2360070962227643
-37.866012500038,-2.234539675614323
-37.861049597935796,-2.233072953894413
-37.85608669583358,-2.2316069308595132
-37.851123793731375,-2.2301416063061312
-37.84616089162917,-2.2286769800307864
-37.841197989526954,-2.227213051830022
-37.83623508742474,-2.225749821500392
-37.83127218532253,-2.224287288838482
-37.826309283220326,-2.2228254536408856
-37.82134638111811,-2.221364315704208
-37.816383479015904,-2.2199038748250914
-37.81142057691369,-2.218444130800183
-37.80645767481148,-2.2169850834261555
-37.801494772709276,-2.2155267324996966
-37.79653187060706,-2.214069077817508
-37.79156896850485,-2.212612119176316
-37.78660606640264,-2.211155856372869
-37.781643164300434,-2.2097002892039286
-37.77668026219822,-2.2082454174662685
-37.77171736009601,-2.206791240956696
-37.7667544579938,-2.205337759472021
-37.76179155589159,-2.203884972809087
-37.756828653789384,-2.2024328807647455
-37.75186575168717,-2.200981483135869
-37.746902849584956,-2.199530779719345
-37.74193994748275,-2.19808077031209
-37.73697704538054,-2.1966314547110337
-37.73201414327833,-2.1951828327131175
-37.72705124117612,-2.1937349041153116
-37.722088339073906,-2.1922876687145973
-37.7171254369717,-2.190841126307979
-37.71216253486949,-2.18939527669248
-37.70719963276728,-2.187950119665135
-37.702236730665064,-2.186505655023005
-37.69727382856286,-2.1850618825631734
-37.69231092646065,-2.183618802082728
-37.687348024358435,-2.1821764133787838
-37.68238512225623,-2.180734716248475
-37.677422220154014,-2.179293710488956
-37.67245931805181,-2.177853395897395
-37.6674964159496,-2.1764137722709815
-37.662533513847386,-2.1749748394069175
-37.65757061174517,-2.173536597102435
-37.652607709642965,-2.172099045154776
-37.64764480754076,-2.170662183361207
-37.64268190543854,-2.1692260115190027
-37.637719003336336,-2.16779052942547
-37.63275610123412,-2.1663557368779256
-37.627793199131915,-2.164921633673709
-37.62283029702971,-2.163488219610175
-37.617867394927494,-2.1620554944846964
-37.61290449282528,-2.160623458094669
-37.60794159072307,-2.1591921102375085
-37.602978688620865,-2.1577614507106406
-37.59801578651865,-2.1563314793115143
-37.593052884416444,-2.154902195837608
-37.58808998231423,-2.153473600086393
-37.58312708021202,-2.1520456918553914
-37.578164178109816,-2.150618470942114
-37.5732012760076,-2.1491919371441104
-37.56823837390539,-2.1477660902589433
-37.56327547180318,-2.1463409300841936
-37.55831256970097,-2.1449164564174548
-37.55334966759876,-2.1434926690563483
-37.54838676549655,-2.1420695677985147
-37.54342386339434,-2.1406471524416033
-37.53846096129213,-2.1392254227832903
-37.533498059189924,-2.1378043786212704
-37.52853515708771,-2.136384019753254
-37.523572254985496,-2.134964345976968
-37.51860935288329,-2.133545357090171
-37.51364645078108,-2.132127052890621
-37.50868354867887,-2.1307094331761083
-37.50372064657666,-2.1292924977444403
-37.498757744474446,-2.1278762463934355
-37.49379484237224,-2.1264606789209433
-37.48883194027003,-2.1250457951248234
-37.48386903816782,-2.1236315948029545
-37.4789061360656,-2.122218077753235
-37.473943233963396,-2.1208052437735883
-37.46898033186119,-2.1193930926619484
-37.464017429758975,-2.117981624216269
-37.45905452765677,-2.1165708382345265
-37.454091625554554,-2.115160734514712
-37.44912872345235,-2.1137513128548444
-37.44416582135014,-2.1123425730529473
-37.439202919247926,-2.1109345149070724
-37.43424001714571,-2.10952713821529
-37.429277115043504,-2.1081204427756863
-37.4243142129413,-2.1067144283863724
-37.41935131083908,-2.105309094845463
-37.414388408736876,-2.1039044419511126
-37.40942550663466,-2.102500469501478
-37.404462604532455,-2.101097177294743
-37.39949970243025,-2.0996945651291092
-37.394536800328034,-2.098292632802793
-37.38957389822582,-2.096891380114036
-37.38461099612361,-2.0954908068610933
-37.379648094021405,-2.0940909128422445
-37.37468519191919,-2.0926916978557806
-37.369722289816984,-2.091293161700016
-37.36475938771477,-2.089895304173286
-37.35979648561256,-2.08849812507394
-37.354833583510356,-2.0871016242003533
-37.34987068140814,-2.085705801350908
-37.34490777930593,-2.0843106563240164
-37.33994487720372,-2.0829161889181083
-37.33498197510151,-2.081522398931628
-37.3300190729993,-2.080129286163041
-37.32505617089709,-2.0787368504108312
-37.32009326879488,-2.0773450914735
-37.31513036669267,-2.0759540091495747
-37.310167464590464,-2.074563603237593
-37.30520456248825,-2.0731738735361116
-37.30024166038604,-2.0717848198437174
-37.29527875828383,-2.070396441959001
-37.29031585618162,-2.0690087396805854
-37.28535295407941,-2.0676217128071017
-37.2803900519772,-2.0662353611372097
-37.275427149874986,-2.0648496844695785
-37.27046424777278,-2.063464682602905
-37.26550134567057,-2.0620803553358997
-37.26053844356836,-2.0606967024672906
-37.25557554146615,-2.0593137237958334
-37.250612639363936,-2.057931419120294
-37.24564973726173,-2.0565497882394586
-37.240686835159515,-2.055168830952137
-37.23572393305731,-2.0537885470571586
-37.230761030955094,-2.0524089363533586
-37.22579812885289,-2.0510299986396108
-37.22083522675068,-2.049651733714795
-37.215872324648466,-2.0482741413778127
-37.21090942254626,-2.046897221427587
-37.205946520444044,-2.045520973663055
-37.20098361834184,-2.0441453978831796
-37.19602071623962,-2.042770493886935
-37.191057814137416,-2.0413962614733263
-37.1860949120352,-2.0400227004413654
-37.181132009932995,-2.0386498105900848
-37.17616910783079,-2.0372775917185466
-37.17120620572857,-2.0359060436258174
-37.166243303626366,-2.0345351661109965
-37.16128040152415,-2.033164958973193
-37.156317499421945,-2.03179542201154
-37.15135459731973,-2.0304265550251825
-37.146391695217524,-2.029058357813301
-37.14142879311531,-2.027690830175071
-37.1364658910131,-2.02632397190971
-37.131502988910896,-2.024957782816442
-37.12654008680868,-2.023592262694509
-37.121577184706474,-2.022227411343183
-37.11661428260426,-2.020863228561744
-37.11165138050205,-2.0194997141494975
-37.10668847839984,-2.018136867905762
-37.10172557629763,-2.0167746896298886
-37.09676267419542,-2.0154131791212273
-37.09179977209321,-2.014052336179165
-37.086836869991004,-2.0126921606030987
-37.08187396788879,-2.011332652192447
-37.07691106578658,-2.009973810746651
-37.07194816368437,-2.008615636065161
-37.06698526158216,-2.0072581279474617
-37.06202235947995,-2.0059012861930374
-37.05705945737774,-2.0045451106014136
-37.052096555275526,-2.0031896009721164
-37.04713365317332,-2.001834757104703
-37.04217075107111,-2.0004805787987463
-37.0372078489689,-1.9991270658538325
-37.03224494686669,-1.9977742180695783
-37.027282044764476,-1.9964220352456064
-37.02231914266227,-1.9950705171815741
-37.017356240560055,-1.993719663677143
-37.01239333845785,-1.9923694745320086
-37.007430436355634,-1.9910199495458674
-37.00246753425343,-1.9896710885184536
-36.99750463215122,-1.9883228912495117
-36.992541730049005,-1.9869753575388034
-36.9875788279468,-1.985628487186112
-36.982615925844584,-1.9842822799912434
-36.97765302374238,-1.9829367357540233
-36.97269012164016,-1.9815918542742852
-36.967727219537956,-1.9802476353518972
-36.96276431743574,-1.9789040787867354
-36.957801415333535,-1.9775611843787049
-36.95283851323133,-1.9762189519277193
-36.94787561112911,-1.974877381233718
-36.942912709026906,-1.973536472096663
-36.93794980692469,-1.9721962243165243
-36.932986904822485,-1.9708566376933034
-36.92802400272027,-1.9695177120270144
-36.923061100618064,-1.968179447117695
-36.91809819851585,-1.9668418427653955
-36.91313529641364,-1.9655048987701935
-36.908172394311435,-1.9641686149321778
-36.90320949220922,-1.9628329910514615
-36.898246590107014,-1.9614980269281805
-36.8932836880048,-1.9601637223624826
-36.88832078590259,-1.9588300771545417
-36.88335788380038,-1.9574970911045402
-36.87839498169817,-1.9561647640126956
-36.87343207959596,-1.9548330956792317
-36.86846917749375,-1.9535020859044017
-36.86350627539154,-1.9521717344884708
-36.85854337328933,-1.950842041231722
-36.85358047118712,-1.9495130059344647
-36.84861756908491,-1.9481846283970248
-36.8436546669827,-1.9468569084197502
-36.83869176488049,-1.9455298458029961
-36.83372886277828,-1.9442034403471593
-36.828765960676066,-1.9428776918526343
-36.82380305857386,-1.9415526001198509
-36.81884015647165,-1.940228164949243
-36.81387725436944,-1.9389043861412791
-36.80891435226723,-1.9375812634964378
-36.803951450165016,-1.9362587968152194
-36.79898854806281,-1.9349369858981482
-36.794025645960595,-1.9336158305457545
-36.78906274385839,-1.9322953305586086
-36.78409984175617,-1.9309754857372823
-36.77913693965397,-1.929656295882378
-36.77417403755176,-1.9283377607945071
-36.769211135449545,-1.9270198802743121
-36.76424823334734,-1.9257026541224507
-36.759285331245124,-1.9243860821395922
-36.75432242914292,-1.923070164126438
-36.7493595270407,-1.9217548998836993
-36.744396624938496,-1.9204402892121173
-36.73943372283628,-1.9191263319124379
-36.734470820734074,-1.9178130277854402
-36.72950791863187,-1.9165003766319175
-36.72454501652965,-1.915188378252678
-36.719582114427446,-1.9138770324485583
-36.71461921232523,-1.9125663390204106
-36.709656310223025,-1.911256297769102
-36.70469340812081,-1.9099469084955272
-36.699730506018604,-1.908638171000598
-36.69476760391639,-1.9073300850852393
-36.68980470181418,-1.9060226505504068
-36.684841799711975,-1.9047158671970652
-36.67987889760976,-1.9034097348262036
-36.674915995507554,-1.9021042532388326
-36.66995309340534,-1.9007994222359772
-36.66499019130313,-1.89949524161869
-36.66002728920092,-1.8981917111880349
-36.65506438709871,-1.8968888307450995
-36.6501014849965,-1.895586600090989
-36.64513858289429,-1.8942850190268317
-36.64017568079208,-1.8929840873537715
-36.63521277868987,-1.8916838048729747
-36.63024987658766,-1.890384171385626
-36.62528697448545,-1.8890851866929275
-36.62032407238324,-1.8877868505961093
-36.615361170281034,-1.8864891628964118
-36.61039826817882,-1.885192123395097
-36.605435366076605,-1.8838957318934466
-36.6004724639744,-1.8825999881927715
-36.59550956187219,-1.8813048920943884
-36.59054665976998,-1.8800104433996385
-36.58558375766777,-1.8787166419098866
-36.580620855565556,-1.8774234874265128
-36.57565795346335,-1.8761309797509187
-36.57069505136114,-1.8748391186845264
-36.56573214925893,-1.8735479040287744
-36.56076924715671,-1.872257335585123
-36.555806345054506,-1.8709674131550542
-36.5508434429523,-1.8696781365400683
-36.545880540850085,-1.8683895055416808
-36.54091763874788,-1.8671015199614374
-36.535954736645664,-1.8658141796008887
-36.53099183454346,-1.8645274842616197
-36.52602893244125,-1.86324143374523
-36.521066030339036,-1.8619560278533287
-36.51610312823682,-1.8606712663875604
-36.511140226134614,-1.859387149149585
-36.50617732403241,-1.8581036759410758
-36.50121442193019,-1.8568208465637315
-36.496251519827986,-1.855538660819267
-36.49128861772577,-1.8542571185094194
-36.486325715623565,-1.852976219435947
-36.48136281352136,-1.8516959634006287
-36.47639991141914,-1.8504163502052529
-36.47143700931693,-1.8491373796516408
-36.46647410721472,-1.8478590515416273
-36.461511205112515,-1.846581365677067
-36.4565483030103,-1.8453043218598337
-36.451585400908094,-1.844027919891827
-36.44662249880588,-1.8427521595749579
-36.44165959670367,-1.8414770407111616
-36.436696694601466,-1.8402025631023953
-36.43173379249925,-1.8389287265506273
-36.42677089039704,-1.8376555308578568
-36.42180798829483,-1.8363829758260986
-36.41684508619262,-1.835111061257384
-36.41188218409041,-1.8338397869537646
-36.4069192819882,-1.8325691527173202
-36.40195637988599,-1.8312991583501363
-36.39699347778378,-1.8300298036543372
-36.392030575681574,-1.8287610884320449
-36.38706767357936,-1.8274930124854143
-36.382104771477145,-1.8262255756166261
-36.37714186937494,-1.824958777627864
-36.37217896727273,-1.8236926183213467
-36.36721606517052,-1.8224270974993033
-36.36225316306831,-1.821162214963989
-36.357290260966096,-1.8198979705176732
-36.35232735886389,-1.818634363962651
-36.34736445676168,-1.817371395101235
-36.34240155465947,-1.8161090637357513
-36.33743865255725,-1.8148473696685568
-36.332475750455046,-1.813586312702025
-36.32751284835284,-1.8123258926385464
-36.322549946250625,-1.8110661092805298
-36.31758704414842,-1.809806962430411
-36.312624142046204,-1.8085484518906398
-36.307661239944,-1.8072905774636878
-36.30269833784179,-1.8060333389520493
-36.297735435739575,-1.80477673615823
-36.29277253363736,-1.8035207688847665
-36.287809631535154,-1.8022654369342093
-36.28284672943295,-1.801010740109131
-36.27788382733073,-1.7997566782121184
-36.272920925228526,-1.7985032510457895
-36.26795802312631,-1.797250458412772
-36.262995121024105,-1.7959983001157176
-36.2580322189219,-1.7947467759573001
-36.25306931681968,-1.7934958857402064
-36.24810641471747,-1.7922456292671507
-36.24314351261526,-1.7909960063408639
-36.238180610513055,-1.789747016764103
-36.23321770841084,-1.7884986603396293
-36.228254806308634,-1.787250936870246
-36.22329190420642,-1.7860038461587522
-36.21832900210421,-1.7847573880079912
-36.213366100002006,-1.7835115622208066
-36.20840319789979,-1.782266368600077
-36.20344029579758,-1.7810218069486867
-36.19847739369537,-1.7797778770695525
-36.19351449159316,-1.7785345787656073
-36.18855158949095,-1.777291911839798
-36.18358868738874,-1.776049876095102
-36.17862578528653,-1.7748084713345065
-36.17366288318432,-1.7735676973610328
-36.16869998108211,-1.7723275539777033
-36.1637370789799,-1.7710880409875729
-36.158774176877685,-1.7698491581937175
-36.15381127477548,-1.7686109053992303
-36.14884837267327,-1.7673732824072201
-36.14388547057106,-1.7661362890208212
-36.13892256846885,-1.7648999250431894
-36.133959666366636,-1.7636641902774925
-36.12899676426443,-1.7624290845269295
-36.12403386216222,-1.7611946075947091
-36.11907096006001,-1.7599607592840676
-36.11410805795779,-1.758727539398258
-36.109145155855586,-1.7574949477405561
-36.10418225375338,-1.7562629841142532
-36.099219351651165,-1.7550316483226618
-36.09425644954896,-1.7538009401691244
-36.089293547446744,-1.7525708594569855
-36.08433064534454,-1.7513414059896268
-36.07936774324233,-1.75011257957044
-36.074404841140115,-1.7488843800028404
-36.0694419390379,-1.747656807090263
-36.064479036935694,-1.746429860636167
-36.05951613483349,-1.7452035404440247
-36.05455323273127,-1.7439778463173303
-36.049590330629066,-1.7427527780596048
-36.04462742852685,-1.7415283354743791
-36.039664526424644,-1.740304518365216
-36.03470162432244,-1.7390813265356864
-36.02973872222022,-1.7378587597893889
-36.02477582011801,-1.7366368179299414
-36.0198129180158,-1.7354155007609828
-36.014850015913595,-1.734194808086169
-36.00988711381138,-1.7329747397091775
-36.004924211709174,-1.7317552954337085
-35.99996130960696,-1.7305364750634766
-35.99499840750475,-1.7293182784022267
-35.990035505402545,-1.728100705253713
-35.98507260330033,-1.7268837554217158
-35.98010970119812,-1.725667428710033
-35.97514679909591,-1.7244517249224884
-35.9701838969937,-1.7232366438629216
-35.96522099489149,-1.7220221853351896
-35.96025809278928,-1.7208083491431752
-35.95529519068707,-1.719595135090778
-35.95033228858486,-1.7183825429819226
-35.94536938648265,-1.7171705726205475
-35.94040648438044,-1.7159592238106156
-35.935443582278225,-1.7147484963561073
-35.93048068017602,-1.7135383900610324
-35.92551777807381,-1.712328904729406
-35.9205548759716,-1.711120040165272
-35.91559197386939,-1.7099117961727
-35.910629071767175,-1.7087041725557683
-35.90566616966497,-1.7074971691185823
-35.90070326756276,-1.7062907856652698
-35.89574036546055,-1.7050850219999731
-35.89077746335833,-1.703879877926856
-35.885814561256126,-1.7026753532501067
-35.88085165915392,-1.701471447773933
-35.875888757051705,-1.700268161302558
-35.8709258549495,-1.6990654936402323
-35.86596295284728,-1.6978634445912184
-35.861000050745076,-1.6966620139598099
-35.85603714864287,-1.6954612015503114
-35.851074246540655,-1.694261007167049
-35.84611134443844,-1.6930614306143739
-35.841148442336234,-1.6918624716966608
-35.83618554023403,-1.690664130218293
-35.83122263813181,-1.689466405983682
-35.826259736029606,-1.688269298797259
-35.82129683392739,-1.687072808463475
-35.816333931825184,-1.685876934786803
-35.81137102972298,-1.6846816775717326
-35.80640812762076,-1.6834870366227779
-35.80144522551855,-1.6822930117444685
-35.79648232341634,-1.6810996027413643
-35.791519421314135,-1.6799068094180367
-35.78655651921192,-1.6787146315790733
-35.78159361710971,-1.6775230690290992
-35.7766307150075,-1.6763321215727414
-35.77166781290529,-1.6751417890146627
-35.766704910803085,-1.673952071159533
-35.76174200870087,-1.672762967812053
-35.75677910659866,-1.6715744787769355
-35.75181620449645,-1.6703866038589243
-35.74685330239424,-1.6691993428627754
-35.74189040029203,-1.6680126955932653
-35.73692749818982,-1.6668266618551957
-35.73196459608761,-1.665641241453386
-35.7270016939854,-1.6644564341926786
-35.72203879188319,-1.6632722398779283
-35.71707588978098,-1.6620886583140202
-35.712112987678765,-1.6609056893058576
-35.70715008557656,-1.6597233326583618
-35.70218718347435,-1.658541588176478
-35.69722428137214,-1.6573604556651647
-35.69226137926993,-1.6561799349294113
-35.687298477167715,-1.6550000257742188
-35.68233557506551,-1.653820728004617
-35.6773726729633,-1.6526420414256493
-35.67240977086109,-1.651463965842378
-35.66744686875887,-1.6502865010598953
-35.662483966656666,-1.6491096468833109
-35.65752106455446,-1.6479334031177493
-35.652558162452245,-1.646757769568357
-35.64759526035004,-1.6455827460403116
-35.64263235824782,-1.6444083323387955
-35.637669456145616,-1.643234528269024
-35.63270655404341,-1.6420613336362258
-35.627743651941195,-1.6408887482456547
-35.62278074983898,-1.639716771902582
-35.617817847736774,-1.6385454044123027
-35.61285494563457,-1.6373746455801306
-35.60789204353235,-1.6362044952113974
-35.602929141430145,-1.6350349531114627
-35.59796623932793,-1.6338660190856986
-35.593003337225724,-1.6326976929395034
-35.58804043512352,-1.631529974478297
-35.5830775330213,-1.6303628635075111
-35.57811463091909,-1.6291963598326071
-35.57315172881688,-1.6280304632590683
-35.568188826714675,-1.6268651735923907
-35.56322592461246,-1.6257004906380965
-35.55826302251025,-1.624536414201724
-35.55330012040804,-1.6233729440888365
-35.54833721830583,-1.6222100801050214
-35.543374316203625,-1.621047822055877
-35.53841141410141,-1.6198861697470288
-35.5334485119992,-1.618725122984123
-35.52848560989699,-1.617564681572822
-35.52352270779478,-1.6164048453188178
-35.51855980569257,-1.61524561402781
-35.51359690359036,-1.6140869875055344
-35.50863400148815,-1.6129289655577357
-35.50367109938594,-1.6117715479901829
-35.49870819728373,-1.6106147346086672
-35.49374529518152,-1.609458525219
-35.488782393079305,-1.6083029196270089
-35.4838194909771,-1.607147917638554
-35.47885658887489,-1.605993519059504
-35.473893686772676,-1.6048397236957508
-35.46893078467047,-1.6036865313532136
-35.463967882568255,-1.6025339418378217
-35.45900498046605,-1.6013819549555406
-35.45404207836384,-1.600230570512343
-35.44907917626163,-1.5990797883142225
-35.44411627415942,-1.5979296081672052
-35.439153372057206,-1.5967800298773256
-35.434190469955,-1.5956310532506484
-35.429227567852784,-1.59448267809325
-35.42426466575058,-1.5933349042112384
-35.41930176364836,-1.5921877314107296
-35.414338861546156,-1.5910411594978746
-35.40937595944395,-1.5898951882788348
-35.404413057341735,-1.5887498175597918
-35.39945015523953,-1.5876050471469594
-35.394487253137314,-1.586460876846559
-35.38952435103511,-1.5853173064648443
-35.38456144893289,-1.5841743358080747
-35.379598546830685,-1.583031964682553
-35.37463564472847,-1.5818901928945783
-35.369672742626264,-1.5807490202504908
-35.36470984052406,-1.5796084465566382
-35.35974693842184,-1.5784684716193902
-35.354784036319636,-1.5773290952451542
-35.34982113421742,-1.5761903172403313
-35.344858232115214,-1.5750521374113657
-35.339895330013,-1.5739145555647096
-35.33493242791079,-1.5727775715068468
-35.32996952580858,-1.5716411850442717
-35.32500662370637,-1.5705053959835056
-35.320043721604165,-1.5693702041310902
-35.31508081950195,-1.5682356092935834
-35.310117917399744,-1.5671016112775742
-35.30515501529753,-1.5659682098896575
-35.30019211319532,-1.5648354049364683
-35.29522921109311,-1.5637031962246422
-35.2902663089909,-1.5625715835608538
-35.28530340688869,-1.561440566751785
-35.28034050478648,-1.5603101456041495
-35.27537760268427,-1.5591803199246705
-35.27041470058206,-1.5580510895200999
-35.26545179847985,-1.556922454197214
-35.26048889637764,-1.5557944137628
-35.25552599427543,-1.5546669680236747
-35.250563092173216,-1.5535401167866685
-35.24560019007101,-1.5524138598586406
-35.240637287968795,-1.5512881970464658
-35.23567438586659,-1.550163128157042
-35.23071148376438,-1.5490386529972886
-35.22574858166217,-1.5479147713741415
-35.22078567955996,-1.5467914830945662
-35.215822777457745,-1.5456687879655389
-35.21085987535554,-1.5445466857940675
-35.205896973253324,-1.5434251763871722
-35.20093407115112,-1.5423042595519
-35.1959711690489,-1.5411839350953145
-35.191008266946696,-1.5400642028245046
-35.18604536484449,-1.538945062546576
-35.181082462742275,-1.5378265140686593
-35.17611956064007,-1.5367085571979064
-35.17115665853785,-1.5355911917414828
-35.166193756435646,-1.5344744175065863
-35.16123085433343,-1.5333582343004257
-35.156267952231225,-1.5322426419302408
-35.15130505012901,-1.5311276402032818
-35.146342148026804,-1.5300132289268313
-35.1413792459246,-1.5288994079081828
-35.13641634382238,-1.5277861769546535
-35.131453441720176,-1.5266735358735886
-35.12649053961796,-1.5255614844723466
-35.121527637515754,-1.5244500225583077
-35.11656473541354,-1.5233391499388786
-35.11160183331133,-1.5222288664214854
-35.10663893120912,-1.5211191718135662
-35.10167602910691,-1.5200100659225964
-35.096713127004705,-1.5189015485560604
-35.09175022490249,-1.5177936195214667
-35.086787322800284,-1.5166862786263469
-35.08182442069807,-1.5155795256782525
-35.07686151859586,-1.5144733604847551
-35.07189861649365,-1.5133677828534489
-35.06693571439144,-1.5122627925919516
-35.06197281228923,-1.5111583895078937
-35.05700991018702,-1.51005457340894
-35.05204700808481,-1.508951344102765
-35.0470841059826,-1.507848701397067
-35.04212120388039,-1.506746645099572
-35.03715830177818,-1.5056451750180169
-35.03219539967597,-1.5045442909601696
-35.027232497573756,-1.5034439927338141
-35.02226959547155,-1.502344280146753
-35.017306693369335,-1.5012451530068172
-35.01234379126713,-1.5001466111218558
-35.00738088916492,-1.499048654299736
-35.00241798706271,-1.4979512823483483
-34.9974550849605,-1.4968544950756086
-34.992492182858285,-1.495758292289447
-34.98752928075608,-1.4946626737978206
-34.982566378653864,-1.493567639408702
-34.97760347655166,-1.4924731889300933
-34.97264057444944,-1.4913793221700091
-34.967677672347236,-1.490286038936492
-34.96271477024503,-1.4891933390376022
-34.957751868142815,-1.4881012222814218
-34.95278896604061,-1.4870096884760546
-34.94782606393839,-1.4859187374296265
-34.942863161836186,-1.4848283689502826
-34.93790025973397,-1.4837385828461913
-34.932937357631765,-1.4826493789255428
-34.92797445552955,-1.4815607569965474
-34.923011553427344,-1.4804727168674356
-34.91804865132514,-1.479385258346461
-34.91308574922292,-1.4782983812418964
-34.908122847120715,-1.4772120853620423
-34.9031599450185,-1.47612637051521
-34.898197042916294,-1.475041236509741
-34.89323414081408,-1.4739566831539928
-34.88827123871187,-1.472872710256351
-34.88330833660966,-1.4717893176252137
-34.87834543450745,-1.4707065050690094
-34.873382532405245,-1.4696242723961799
-34.86841963030303,-1.4685426194151916
-34.86345672820082,-1.4674615459345346
-34.85849382609861,-1.4663810517627163
-34.8535309239964,-1.4653011367082696
-34.84856802189419,-1.4642218005797458
-34.84360511979198,-1.4631430431857204
-34.83864221768977,-1.4620648643347829
-34.83367931558756,-1.4609872638355585
-34.82871641348535,-1.4599102414966798
-34.82375351138314,-1.4588337971268042
-34.81879060928093,-1.4577579305346184
-34.81382770717872,-1.4566826415288214
-34.80886480507651,-1.4556079299181361
-34.803901902974296,-1.4545337955113087
-34.79893900087209,-1.4534602381171058
-34.793976098769875,-1.452387257544315
-34.78901319666767,-1.4513148536017482
-34.78405029456546,-1.4502430260982357
-34.779087392463246,-1.4491717748426263
-34.77412449036104,-1.4481010996437969
-34.769161588258825,-1.4470310003106435
-34.76419868615662,-1.445961476652082
-34.75923578405441,-1.4448925284770535
-34.7542728819522,-1.443824155594512
-34.74930997984998,-1.4427563578134437
-34.744347077747776,-1.4416891349428518
-34.73938417564557,-1.4406224867917594
-34.734421273543354,-1.4395564131692102
-34.72945837144115,-1.438490913884277
-34.72449546933893,-1.4374259887460434
-34.719532567236726,-1.436361637563624
-34.71456966513452,-1.435297860146152
-34.709606763032305,-1.4342346563027755
-34.70464386093009,-1.4331720258426721
-34.699680958827884,-1.4321099685750405
-34.69471805672568,-1.4310484843090998
-34.68975515462346,-1.4299875728540843
-34.684792252521255,-1.4289272340192625
-34.67982935041904,-1.4278674676139127
-34.674866448316834,-1.42680827344734
-34.66990354621463,-1.425749651328874
-34.66494064411241,-1.4246916010678587
-34.6599777420102,-1.4236341224736635
-34.65501483990799,-1.4225772153556822
-34.650051937805785,-1.421520879523326
-34.64508903570357,-1.4204651147860299
-34.64012613360136,-1.4194099209532485
-34.63516323149915,-1.418355297834459
-34.63020032939694,-1.417301245239162
-34.625237427294735,-1.4162477629768775
-34.62027452519252,-1.4151948508571477
-34.61531162309031,-1.4141425086895343
-34.6103487209881,-1.413090736283627
-34.60538581888589,-1.4120395334490323
-34.60042291678368,-1.4109888999953755
-34.59546001468147,-1.4099388357323122
-34.59049711257926,-1.4088893404695093
-34.58553421047705,-1.4078404140166674
-34.58057130837484,-1.4067920561834977
-34.57560840627263,-1.4057442667797346
-34.570645504170415,-1.4046970456151422
-34.56568260206821,-1.4036503924995
-34.560719699966,-1.4026043072426098
-34.555756797863786,-1.4015587896542943
-34.55079389576158,-1.4005138395444021
-34.545830993659365,-1.3994694567227977
-34.54086809155716,-1.3984256409993725
-34.53590518945495,-1.3973823921840365
-34.53094228735274,-1.3963397100867223
-34.52597938525052,-1.3952975945173824
-34.521016483148316,-1.3942560452859944
-34.51605358104611,-1.3932150622025588
-34.511090678943894,-1.3921746450770904
-34.50612777684169,-1.3911347937196339
-34.50116487473947,-1.3900955079402488
-34.496201972637266,-1.3890567875490245
-34.49123907053506,-1.3880186323560644
-34.486276168432845,-1.3869810421714972
-34.48131326633063,-1.385944016805473
-34.47635036422842,-1.3849075560681647
-34.471387462126216,-1.383871659769768
-34.466424560024,-1.382836327720489
-34.461461657921795,-1.3818015597305768
-34.45649875581958,-1.3807673556102826
-34.451535853717374,-1.3797337151698905
-34.44657295161517,-1.3787006382197031
-34.44161004951295,-1.3776681245700424
-34.43664714741074,-1.3766361740312554
-34.43168424530853,-1.375604786413714
-34.426721343206324,-1.3745739615278045
-34.42175844110411,-1.3735436991839374
-34.4167955390019,-1.3725139991925495
-34.41183263689969,-1.3714848613640938
-34.40686973479748,-1.3704562855090507
-34.401906832695275,-1.3694282714379165
-34.39694393059306,-1.3684008189612116
-34.39198102849085,-1.3673739278894794
-34.38701812638864,-1.366347598033288
-34.38205522428643,-1.36532182920322
-34.37709232218422,-1.3642966212098824
-34.37212942008201,-1.3632719738639123
-34.3671665179798,-1.3622478869759556
-34.36220361587759,-1.3612243603566907
-34.35724071377538,-1.3602013938168098
-34.35227781167317,-1.3591789871670317
-34.347314909570954,-1.3581571402180967
-34.34235200746875,-1.35713585278077
-34.33738910536654,-1.3561151246658278
-34.332426203264326,-1.355094955684082
-34.32746330116212,-1.3540753456463561
-34.322500399059905,-1.3530562943635018
-34.3175374969577,-1.352037801646391
-34.31257459485549,-1.351019867305915
-34.30761169275328,-1.3500024911529878
-34.30264879065106,-1.34898567299855
-34.297685888548855,-1.3479694126535609
-34.29272298644665,-1.3469537099289985
-34.287760084344434,-1.3459385646358655
-34.28279718224223,-1.3449239765851912
-34.27783428014001,-1.3439099455880195
-34.272871378037806,-1.342896471455419
-34.2679084759356,-1.341883553998484
-34.262945573833385,-1.3408711930283208
-34.25798267173117,-1.3398593883560699
-34.25301976962896,-1.3388481397928889
-34.248056867526756,-1.3378374471499546
-34.24309396542454,-1.3368273102384647
-34.238131063322335,-1.3358177288696491
-34.23316816122012,-1.334808702854745
-34.228205259117914,-1.333800232005026
-34.22324235701571,-1.33279231613178
-34.21827945491349,-1.3317849550463141
-34.21331655281128,-1.330778148559966
-34.20835365070907,-1.3297718964840874
-34.203390748606864,-1.3287661986300583
-34.19842784650465,-1.3277610548092733
-34.19346494440244,-1.3267564648331596
-34.18850204230023,-1.3257524285131568
-34.18353914019802,-1.3247489456607326
-34.178576238095815,-1.3237460160873729
-34.1736133359936,-1.3227436396045857
-34.168650433891386,-1.3217418160239054
-34.16368753178918,-1.3207405451568872
-34.15872462968697,-1.3197398268151028
-34.15376172758476,-1.318739660810153
-34.14879882548255,-1.317740046953657
-34.14383592338034,-1.3167409850572536
-34.13887302127813,-1.3157424749326156
-34.13391011917592,-1.3147445163914215
-34.12894721707371,-1.3137471092453807
-34.123984314971494,-1.3127502533062272
-34.11902141286929,-1.3117539483857137
-34.11405851076708,-1.3107581942956124
-34.109095608664866,-1.3097629908477204
-34.10413270656266,-1.3087683378538584
-34.099169804460445,-1.3077742351258679
-34.09420690235824,-1.3067806824756116
-34.08924400025603,-1.3057876797149743
-34.08428109815382,-1.3047952266558662
-34.0793181960516,-1.3038033231102153
-34.074355293949395,-1.3028119688899749
-34.06939239184719,-1.3018211638071193
-34.064429489744974,-1.3008309076736422
-34.05946658764277,-1.2998412003015685
-34.05450368554055,-1.2988520415029319
-34.049540783438346,-1.2978634310898023
-34.04457788133614,-1.2968753688742602
-34.039614979233924,-1.295887854668414
-34.03465207713171,-1.2949008882843946
-34.0296891750295,-1.2939144695343543
-34.024726272927296,-1.2929285982304664
-34.01976337082508,-1.2919432741849268
-34.014800468722875,-1.2909584972099573
-34.00983756662066,-1.2899742671177925
-34.004874664518454,-1.2889905837207025
-33.99991176241625,-1.2880074468309701
-33.99494886031403,-1.287024856260901
-33.98998595821182,-1.2860428118228264
-33.98502305610961,-1.2850613133290991
-33.980060154007404,-1.284080360592096
-33.97509725190519,-1.2830999534242085
-33.97013434980298,-1.2821200916378586
-33.96517144770077,-1.2811407750454877
-33.96020854559856,-1.2801620034595593
-33.955245643496355,-1.2791837766925593
-33.95028274139414,-1.278206094556994
-33.945319839291926,-1.2772289568653972
-33.94035693718972,-1.2762523634303184
-33.93539403508751,-1.275276314064335
-33.9304311329853,-1.2743008085800442
-33.92546823088309,-1.273325846790067
-33.92050532878088,-1.272351428507041
-33.91554242667867,-1.2713775535436358
-33.91057952457646,-1.2704042217125344
-33.90561662247425,-1.269431432826448
-33.900653720372034,-1.2684591866981054
-33.89569081826983,-1.267487483140265
-33.89072791616762,-1.2665163219656996
-33.88576501406541,-1.2655457029872093
-33.8808021119632,-1.264575626017613
-33.875839209860985,-1.2636060908697557
-33.87087630775878,-1.262637097356505
-33.86591340565657,-1.261668645290743
-33.860950503554356,-1.2607007344853853
-33.85598760145214,-1.259733364753362
-33.851024699349935,-1.258766535907633
-33.84606179724773,-1.257800247761171
-33.84109889514552,-1.2568345001269765
-33.83613599304331,-1.2558692928180724
-33.83117309094109,-1.2549046256475038
-33.826210188838886,-1.2539404984283409
-33.82124728673668,-1.252976910973669
-33.816284384634464,-1.2520138630966025
-33.81132148253225,-1.251051354610274
-33.80635858043004,-1.2500893853278472
-33.801395678327836,-1.2491279550624934
-33.79643277622563,-1.2481670636274171
-33.791469874123415,-1.2472067108358444
-33.7865069720212,-1.246246896501019
-33.78154406991899,-1.2452876204362138
-33.776581167816786,-1.24432888245472
-33.77161826571457,-1.2433706823698505
-33.76665536361236,-1.24241301999494
-33.76169246151015,-1.2414558951433534
-33.756729559407944,-1.2404993076284692
-33.75176665730574,-1.2395432572636924
-33.74680375520352,-1.2385877438624455
-33.74184085310131,-1.2376327672381835
-33.7368779509991,-1.2366783272043762
-33.731915048896894,-1.2357244235745182
-33.72695214679468,-1.2347710561621246
-33.721989244692466,-1.233818224780736
-33.71702634259026,-1.2328659292439148
-33.71206344048805,-1.2319141693652453
-33.707100538385845,-1.2309629449583335
-33.70213763628363,-1.2300122558368092
-33.69717473418142,-1.2290621018143248
-33.69221183207921,-1.2281124827045538
-33.687248929977,-1.2271633983211947
-33.68228602787479,-1.2262148484779665
-33.677323125772574,-1.2252668329886105
-33.67236022367037,-1.2243193516668953
-33.66739732156816,-1.2233724043266054
-33.66243441946595,-1.2224259907815502
-33.65747151736374,-1.2214801108455635
-33.652508615261524,-1.2205347643324995
-33.64754571315932,-1.219589951056239
-33.64258281105711,-1.218645670830679
-33.637619908954896,-1.2177019234697444
-33.63265700685268,-1.2167587087873784
-33.627694104750475,-1.2158160265975535
-33.62273120264827,-1.214873876714257
-33.61776830054606,-1.2139322589515067
-33.61280539844385,-1.212991173123333
-33.60784249634163,-1.2120506190437959
-33.602879594239425,-1.2111105965269797
-33.59791669213722,-1.2101711053869886
-33.592953790035004,-1.209232145437946
-33.58799088793279,-1.2082937164940044
-33.58302798583058,-1.2073558183693356
-33.578065083728376,-1.2064184508781324
-33.57310218162617,-1.2054816138346152
-33.568139279523955,-1.2045453070530179
-33.56317637742174,-1.20360953034761
-33.55821347531953,-1.2026742835326754
-33.553250573217326,-1.2017395664225203
-33.54828767111511,-1.2008053788314765
-33.5433247690129,-1.1998717205738967
-33.53836186691069,-1.1989385914641617
-33.533398964808484,-1.1980059913166652
-33.52843606270628,-1.1970739199458311
-33.52347316060406,-1.1961423771661035
-33.51851025850185,-1.1952113627919487
-33.51354735639964,-1.1942808766378572
-33.508584454297434,-1.1933509185183437
-33.50362155219522,-1.1924214882479387
-33.498658650093006,-1.1914925856412053
-33.4936957479908,-1.1905642105127237
-33.48873284588859,-1.1896363626770954
-33.483769943786385,-1.1887090419489486
-33.47880704168417,-1.18778224814293
-33.473844139581956,-1.1868559810737118
-33.46888123747975,-1.1859302405559924
-33.46391833537754,-1.1850050264044871
-33.45895543327533,-1.1840803384339347
-33.453992531173114,-1.1831561764590997
-33.44902962907091,-1.1822325402947684
-33.4440667269687,-1.181309429755749
-33.43910382486649,-1.1803868446568742
-33.43414092276428,-1.179464784812994
-33.429178020662064,-1.1785432500389905
-33.42421511855986,-1.1776222401497627
-33.41925221645765,-1.1767017549602339
-33.414289314355436,-1.1757817942853441
-33.40932641225322,-1.174862357940067
-33.404363510151015,-1.1739434457393934
-33.39940060804881,-1.1730250574983379
-33.3944377059466,-1.1721071930319347
-33.38947480384439,-1.1711898521552468
-33.38451190174217,-1.1702730346833536
-33.379548999639965,-1.1693567404313638
-33.37458609753776,-1.1684409692144053
-33.369623195435544,-1.167525720847626
-33.36466029333333,-1.1666109951462047
-33.35969739123112,-1.1656967919253345
-33.354734489128916,-1.1647831110002398
-33.34977158702671,-1.1638699521861617
-33.344808684924494,-1.1629573152983628
-33.33984578282228,-1.1620452001521344
-33.33488288072007,-1.1611336065627904
-33.329919978617866,-1.160222534345662
-33.32495707651565,-1.1593119833161065
-33.31999417441344,-1.158401953289504
-33.31503127231123,-1.1574924440812617
-33.310068370209024,-1.1565834555068015
-33.30510546810682,-1.1556749873815753
-33.3001425660046,-1.1547670395210543
-33.29517966390239,-1.1538596117407312
-33.29021676180018,-1.1529527038561276
-33.285253859697974,-1.1520463156827838
-33.28029095759576,-1.1511404470362623
-33.275328055493546,-1.150235097732151
-33.27036515339134,-1.149330267586058
-33.26540225128913,-1.1484259564136197
-33.260439349186925,-1.1475221640304887
-33.25547644708471,-1.1466188902523438
-33.250513544982496,-1.1457161348948879
-33.24555064288029,-1.1448138977738487
-33.24058774077808,-1.1439121787049686
-33.23562483867587,-1.1430109775040216
-33.230661936573654,-1.1421102939867998
-33.22569903447145,-1.1412101279691234
-33.22073613236924,-1.1403104792668293
-33.21577323026703,-1.1394113476957815
-33.21081032816482,-1.1385127330718654
-33.205847426062604,-1.1376146352109897
-33.2008845239604,-1.136717053929087
-33.19592162185819,-1.1358199890421137
-33.190958719755976,-1.1349234403660462
-33.18599581765376,-1.1340274077168857
-33.181032915551555,-1.1331318909106574
-33.17607001344935,-1.1322368897634063
-33.17110711134714,-1.131342404091208
-33.166144209244926,-1.1304484337101492
-33.16118130714271,-1.129554978436351
-33.156218405040505,-1.1286620380859522
-33.1512555029383,-1.127769612475116
-33.146292600836084,-1.1268777014200266
-33.14132969873387,-1.1259863047368925
-33.13636679663166,-1.1250954222419491
-33.131403894529456,-1.1242050537514487
-33.12644099242725,-1.1233151990816708
-33.121478090325034,-1.1224258580489161
-33.11651518822282,-1.1215370304695076
-33.11155228612061,-1.1206487161597969
-33.106589384018406,-1.119760914936153
-33.10162648191619,-1.1188736266149701
-33.09666357981398,-1.1179868510126614
-33.09170067771177,-1.117100587945672
-33.08673777560956,-1.1162148372304643
-33.08177487350736,-1.1153295986835239
-33.07681197140514,-1.1144448721213607
-33.07184906930293,-1.1135606573605081
-33.06688616720072,-1.1126769542175206
-33.061923265098514,-1.1117937625089815
-33.0569603629963,-1.110911082051487
-33.051997460894086,-1.1100289126616676
-33.04703455879188,-1.1091472541561709
-33.04207165668967,-1.1082661063516692
-33.037108754587464,-1.1073854690648575
-33.03214585248525,-1.106505342112451
-33.027182950383036,-1.105625725311196
-33.02222004828083,-1.104746618477857
-33.01725714617862,-1.1038680214292198
-33.01229424407641,-1.1029899339820959
-33.007331341974194,-1.1021123559533201
-33.00236843987199,-1.1012352871597517
-32.99740553776978,-1.1003587274182705
-32.99244263566757,-1.0994826765457828
-32.98747973356536,-1.0986071343592114
-32.982516831463144,-1.0977321006755112
-32.97755392936094,-1.0968575753116567
-32.97259102725873,-1.0959835580846433
-32.967628125156516,-1.0951100488114902
-32.9626652230543,-1.0942370473092438
-32.957702320952095,-1.0933645533949705
-32.95273941884989,-1.0924925668857632
-32.94777651674768,-1.0916210875987309
-32.942813614645466,-1.0907501153510135
-32.93785071254325,-1.0898796499597712
-32.932887810441045,-1.0890096912421883
-32.92792490833884,-1.0881402390154702
-32.922962006236624,-1.0872712930968473
-32.91799910413441,-1.0864028533035734
-32.9130362020322,-1.0855349194529265
-32.908073299929995,-1.084667491362209
-32.90311039782779,-1.0838005688487402
-32.898147495725574,-1.0829341517298683
-32.89318459362336,-1.0820682398229617
-32.88822169152115,-1.0812028329454202
-32.883258789418946,-1.0803379309146555
-32.87829588731673,-1.0794735335481094
-32.87333298521452,-1.078609640663246
-32.86837008311231,-1.077746252077552
-32.8634071810101,-1.0768833676085388
-32.858444278907896,-1.0760209870737394
-32.85348137680568,-1.0751591102907117
-32.84851847470347,-1.0742977370770352
-32.84355557260126,-1.0734368672503147
-32.838592670499054,-1.0725765006281802
-32.83362976839684,-1.0717166370282756
-32.828666866294625,-1.070857276268282
-32.82370396419242,-1.0699984181658957
-32.81874106209021,-1.0691400625388365
-32.813778159988004,-1.0682822092048498
-32.80881525788579,-1.0674248579817005
-32.803852355783576,-1.066568008687185
-32.79888945368137,-1.0657116611391158
-32.79392655157916,-1.0648558151553302
-32.78896364947695,-1.0640004705536912
-32.78400074737473,-1.0631456271520847
-32.779037845272526,-1.0622912847684178
-32.77407494317032,-1.0614374432206244
-32.76911204106811,-1.0605841023266578
-32.7641491389659,-1.0597312619044994
-32.759186236863684,-1.058878921772149
-32.75422333476148,-1.058027081747636
-32.74926043265927,-1.0571757416490084
-32.744297530557056,-1.0563249012943376
-32.73933462845484,-1.0554745605017208
-32.734371726352634,-1.054624719089281
-32.72940882425043,-1.0537753768751594
-32.72444592214822,-1.052926533677524
-32.719483020046006,-1.0520781893145634
-32.71452011794379,-1.0512303436044923
-32.709557215841585,-1.05038299636555
-32.70459431373938,-1.0495361474159979
-32.699631411637164,-1.0486897965741169
-32.69466850953495,-1.0478439436582199
-32.68970560743274,-1.046998588486635
-32.684742705330535,-1.046153730877722
-32.67977980322833,-1.0453093706498555
-32.674816901126114,-1.0444655076214389
-32.6698539990239,-1.0436221416108982
-32.66489109692169,-1.0427792724366847
-32.659928194819486,-1.0419368999172713
-32.65496529271727,-1.0410950238711527
-32.65000239061506,-1.04025364411685
-32.64503948851285,-1.0394127604729115
-32.64007658641064,-1.0385723727578984
-32.635113684308436,-1.0377324807904038
-32.63015078220622,-1.0368930843890427
-32.62518788010401,-1.0360541833724557
-32.6202249780018,-1.0352157775593018
-32.615262075899594,-1.034377866768271
-32.61029917379738,-1.0335404508180648
-32.605336271695165,-1.0327035295274232
-32.60037336959296,-1.0318671027150994
-32.59541046749075,-1.031031170199876
-32.590447565388544,-1.030195731800556
-32.58548466328633,-1.0293607873359623
-32.580521761184116,-1.028526336624952
-32.57555885908191,-1.0276923794863968
-32.5705959569797,-1.026858915739196
-32.56563305487749,-1.0260259452022733
-32.56067015277528,-1.0251934676945713
-32.555707250673066,-1.0243614830350602
-32.55074434857086,-1.0235299910427362
-32.54578144646865,-1.0226989915366134
-32.54081854436644,-1.0218684843357309
-32.535855642264224,-1.0210384692591565
-32.53089274016202,-1.0202089461259762
-32.52592983805981,-1.019379914755302
-32.520966935957595,-1.0185513749662696
-32.51600403385539,-1.0177233265780372
-32.511041131753174,-1.016895769409789
-32.50607822965097,-1.0160687032807305
-32.50111532754876,-1.015242128010092
-32.496152425446546,-1.014416043417127
-32.49118952334433,-1.0135904493211152
-32.486226621242125,-1.0127653455413559
-32.48126371913992,-1.011940731897176
-32.4763008170377,-1.0111166082079237
-32.471337914935496,-1.0102929742929723
-32.46637501283328,-1.0094698299717169
-32.461412110731075,-1.0086471750635801
-32.45644920862887,-1.0078250093880066
-32.451486306526654,-1.00700333276446
-32.44652340442444,-1.0061821450124355
-32.44156050232223,-1.005361445951447
-32.436597600220026,-1.0045412354010363
-32.43163469811781,-1.003721513180762
-32.426671796015604,-1.002902279110216
-32.42170889391339,-1.0020835330090052
-32.41674599181118,-1.001265274696766
-32.411783089708976,-1.000447503993156
-32.40682018760676,-0.9996302207178569
-32.40185728550455,-0.9988134246905765
-32.39689438340234,-0.997997115731045
-32.391931481300134,-0.9971812936590129
-32.38696857919792,-0.9963659582942588
-32.38200567709571,-0.9955511094565858
-32.3770427749935,-0.9947367469658186
-32.37207987289129,-0.9939228706418048
-32.367116970789084,-0.9931094803044196
-32.36215406868687,-0.9922965757735571
-32.357191166584656,-0.9914841568691394
-32.35222826448245,-0.9906722234111126
-32.34726536238024,-0.9898607752194436
-32.34230246027803,-0.989049812114125
-32.33733955817582,-0.9882393339151723
-32.332376656073606,-0.9874293404426266
-32.3274137539714,-0.9866198315165527
-32.32245085186919,-0.985810806957036
-32.31748794976698,-0.9850022665841918
-32.312525047664764,-0.9841942102181523
-32.30756214556256,-0.9833866376790811
-32.30259924346035,-0.982579548787158
-32.297636341358135,-0.9817729433625939
-32.29267343925593,-0.9809668212256185
-32.287710537153714,-0.9801611821964885
-32.28274763505151,-0.9793560260954823
-32.2777847329493,-0.9785513527429027
-32.272821830847086,-0.9777471619590782
-32.26785892874487,-0.9769434535643585
-32.262896026642665,-0.9761402273791233
-32.25793312454046,-0.9753374832237689
-32.25297022243824,-0.9745352209187157
-32.248007320336036,-0.9737334402844147
-32.24304441823382,-0.9729321411413373
-32.238081516131615,-0.9721313233099779
-32.23311861402941,-0.9713309866108536
-32.228155711927194,-0.9705311308645093
-32.22319280982498,-0.9697317558915112
-32.21822990772277,-0.9689328615124546
-32.213267005620565,-0.9681344475479501
-32.20830410351835,-0.967336513818639
-32.203341201416144,-0.9665390601451849
-32.19837829931393,-0.9657420863482739
-32.19341539721172,-0.9649455922486176
-32.188452495109516,-0.9641495776669523
-32.1834895930073,-0.9633540424240363
-32.17852669090509,-0.9625589863406544
-32.17356378880288,-0.9617644092376125
-32.16860088670067,-0.9609703109357451
-32.16363798459846,-0.9601766912559033
-32.15867508249625,-0.9593835500189725
-32.15371218039404,-0.9585908870458505
-32.14874927829183,-0.9577987021574708
-32.143786376189624,-0.9570069951747836
-32.13882347408741,-0.9562157659187613
-32.133860571985196,-0.9554250142104082
-32.12889766988299,-0.9546347398707486
-32.12393476778078,-0.9538449427208313
-32.11897186567857,-0.9530556225817238
-32.11400896357636,-0.9522667792745292
-32.109046061474146,-0.9514784126203636
-32.10408315937194,-0.9506905224403742
-32.09912025726973,-0.9499031085557317
-32.09415735516752,-0.9491161707876242
-32.0891944530653,-0.9483297089572718
-32.084231550963096,-0.9475437228859183
-32.07926864886089,-0.9467582123948253
-32.07430574675868,-0.9459731773052849
-32.06934284465647,-0.945188617438609
-32.064379942554254,-0.9444045326161361
-32.05941704045205,-0.9436209226592307
-32.05445413834984,-0.9428377873892774
-32.049491236247626,-0.9420551266276878
-32.04452833414541,-0.941272940195894
-32.039565432043204,-0.940491227915359
-32.034602529941,-0.9397099896075624
-32.02963962783879,-0.9389292250940142
-32.024676725736576,-0.9381489341962437
-32.01971382363436,-0.9373691167358068
-32.014750921532155,-0.936589772534286
-32.00978801942995,-0.9358109014132835
-32.004825117327734,-0.9350325031944269
-31.999862215225523,-0.9342545776993715
-31.994899313123312,-0.9334771247497913
-31.9899364110211,-0.9327001441673887
-31.984973508918895,-0.9319236357738908
-31.980010606816684,-0.9311475993910431
-31.975047704714473,-0.930372034840623
-31.970084802612263,-0.9295969419444254
-31.965121900510052,-0.9288223205242767
-31.96015899840784,-0.9280481704020209
-31.95519609630563,-0.9272744913995299
-31.95023319420342,-0.9265012833386982
-31.94527029210121,-0.9257285460414448
-31.940307389999003,-0.9249562793297135
-31.935344487896792,-0.9241844830254743
-31.93038158579458,-0.9234131569507171
-31.92541868369237,-0.9226423009274591
-31.92045578159016,-0.9218719147777428
-31.91549287948795,-0.921101998323632
-31.91052997738574,-0.9203325513872163
-31.90556707528353,-0.9195635737906095
-31.900604173181318,-0.9187950653559507
-31.89564127107911,-0.9180270259054023
-31.8906783689769,-0.9172594552611504
-31.88571546687469,-0.9164923532454051
-31.88075256477248,-0.9157257196804043
-31.875789662670268,-0.9149595543884074
-31.870826760568058,-0.9141938571916981
-31.865863858465847,-0.9134286279125841
-31.860900956363636,-0.9126638663734001
-31.855938054261426,-0.9118995723965022
-31.85097515215922,-0.9111357458042743
-31.846012250057008,-0.9103723864191194
-31.841049347954797,-0.9096094940634697
-31.836086445852587,-0.9088470685597786
-31.831123543750376,-0.9080851097305286
-31.826160641648165,-0.9073236173982189
-31.821197739545955,-0.9065625913853812
-31.816234837443744,-0.9058020315145653
-31.811271935341534,-0.9050419376083505
-31.806309033239327,-0.9042823094893376
-31.801346131137116,-0.9035231469801503
-31.796383229034905,-0.9027644499034417
-31.791420326932695,-0.9020062180818839
-31.786457424830484,-0.901248451338177
-31.781494522728273,-0.9004911494950435
-31.776531620626063,-0.8997343123752317
-31.771568718523852,-0.898977939801515
-31.76660581642164,-0.8982220315966896
-31.761642914319435,-0.897466587583577
-31.756680012217224,-0.8967116075850227
-31.751717110115013,-0.8959570914238962
-31.746754208012803,-0.8952030389230922
-31.741791305910592,-0.8944494499055299
-31.73682840380838,-0.8936963241941547
-31.73186550170617,-0.892943661611932
-31.72690259960396,-0.8921914619818568
-31.72193969750175,-0.8914397251269459
-31.716976795399543,-0.8906884508702397
-31.712013893297332,-0.8899376390348042
-31.70705099119512,-0.8891872894437313
-31.70208808909291,-0.8884374019201358
-31.6971251869907,-0.8876879762871559
-31.69216228488849,-0.886939012367959
-31.68719938278628,-0.8861905099857309
-31.682236480684068,-0.885442468963685
-31.677273578581858,-0.8846948891250616
-31.67231067647965,-0.8839477702931207
-31.66734777437744,-0.8832011122911505
-31.66238487227523,-0.8824549149424616
-31.65742197017302,-0.8817091780703906
-31.652459068070808,-0.8809639014982984
-31.647496165968597,-0.880219085049569
-31.642533263866387,-0.8794747285476129
-31.637570361764176,-0.878730831815865
-31.63260745966197,-0.8779873946777843
-31.62764455755976,-0.8772444169568534
-31.622681655457548,-0.8765018984765806
-31.617718753355337,-0.8757598390604988
-31.612755851253127,-0.8750182385321646
-31.607792949150916,-0.8742770967151611
-31.602830047048705,-0.8735364134330946
-31.597867144946495,-0.8727961885095956
-31.592904242844284,-0.872056421768322
-31.587941340742077,-0.8713171130329513
-31.582978438639866,-0.8705782621271905
-31.578015536537656,-0.8698398688747678
-31.573052634435445,-0.8691019330994398
-31.568089732333235,-0.8683644546249827
-31.563126830231024,-0.867627433275202
-31.558163928128813,-0.8668908688739263
-31.553201026026603,-0.8661547612450066
-31.548238123924392,-0.8654191102123229
-31.543275221822185,-0.8646839155997765
-31.538312319719974,-0.8639491772312936
-31.533349417617764,-0.8632148949308279
-31.528386515515553,-0.8624810685223531
-31.523423613413343,-0.8617476978298724
-31.518460711311132,-0.8610147826774112
-31.51349780920892,-0.8602823228890183
-31.50853490710671,-0.8595503182887706
-31.5035720050045,-0.8588187687007688
-31.498609102902293,-0.8580876739491344
-31.493646200800082,-0.8573570338580208
-31.48868329869787,-0.856626848251598
-31.48372039659566,-0.8558971169540666
-31.47875749449345,-0.8551678397896519
-31.47379459239124,-0.8544390165825985
-31.46883169028903,-0.8537106471571815
-31.46386878818682,-0.8529827313376993
-31.458905886084608,-0.8522552689484731
-31.4539429839824,-0.851528259813851
-31.44898008188019,-0.8508017037582051
-31.44401717977798,-0.8500756006059305
-31.43905427767577,-0.8493499501814514
-31.43409137557356,-0.8486247523092119
-31.429128473471348,-0.8479000068136844
-31.424165571369137,-0.8471757135193648
-31.419202669266927,-0.8464518722507731
-31.414239767164716,-0.8457284828324556
-31.40927686506251,-0.8450055450889827
-31.4043139629603,-0.8442830588449486
-31.399351060858088,-0.8435610239249742
-31.394388158755877,-0.8428394401537035
-31.389425256653666,-0.8421183073558076
-31.384462354551456,-0.841397625355979
-31.379499452449245,-0.840677393978938
-31.374536550347035,-0.8399576130494287
-31.369573648244824,-0.8392382823922198
-31.364610746142617,-0.838519401832106
-31.359647844040406,-0.8378009711939042
-31.354684941938196,-0.8370829903024596
-31.349722039835985,-0.8363654589826393
-31.344759137733774,-0.8356483770593373
-31.339796235631564,-0.8349317443574709
-31.334833333529353,-0.8342155607019848
-31.329870431427143,-0.8334998259178439
-31.324907529324932,-0.8327845398300444
-31.319944627222725,-0.8320697022636024
-31.314981725120514,-0.8313553130435594
-31.310018823018304,-0.8306413719949846
-31.305055920916093,-0.8299278789429689
-31.300093018813882,-0.8292148337126299
-31.29513011671167,-0.8285022361291117
-31.29016721460946,-0.8277900860175786
-31.28520431250725,-0.8270783832032238
-31.28024141040504,-0.8263671275112646
-31.275278508302833,-0.8256563187669418
-31.270315606200622,-0.8249459567955237
-31.26535270409841,-0.8242360414223011
-31.2603898019962,-0.8235265724725909
-31.25542689989399,-0.8228175497717352
-31.25046399779178,-0.822108973145099
-31.24550109568957,-0.8214008424180763
-31.24053819358736,-0.8206931574160816
-31.235575291485148,-0.8199859179645583
-31.23061238938294,-0.8192791238889711
-31.22564948728073,-0.8185727750148136
-31.22068658517852,-0.8178668711675993
-31.21572368307631,-0.8171614121728717
-31.2107607809741,-0.8164563978561973
-31.205797878871888,-0.8157518280431671
-31.200834976769677,-0.8150477025593975
-31.195872074667466,-0.8143440212305304
-31.19090917256526,-0.8136407838822333
-31.18594627046305,-0.8129379903401942
-31.180983368360838,-0.8122356404301331
-31.176020466258628,-0.8115337339777906
-31.171057564156417,-0.8108322708089327
-31.166094662054206,-0.8101312507493517
-31.161131759951996,-0.8094306736248643
-31.156168857849785,-0.8087305392613121
-31.151205955747574,-0.8080308474845616
-31.146243053645367,-0.8073315981205056
-31.141280151543157,-0.8066327909950599
-31.136317249440946,-0.8059344259341679
-31.131354347338736,-0.805236502763794
-31.126391445236525,-0.8045390213099332
-31.121428543134314,-0.8038419813986026
-31.116465641032104,-0.803145382855842
-31.111502738929893,-0.8024492255077221
-31.106539836827682,-0.8017535091803324
-31.101576934725475,-0.8010582336997933
-31.096614032623265,-0.8003633988922447
-31.091651130521054,-0.7996690045838569
-31.086688228418843,-0.798975050600822
-31.081725326316633,-0.7982815367693571
-31.076762424214422,-0.7975884629157068
-31.07179952211221,-0.7968958288661393
-31.06683662001,-0.7962036344469465
-31.06187371790779,-0.7955118794844496
-31.056910815805583,-0.7948205638049918
-31.051947913703373,-0.7941296872349393
-31.046985011601162,-0.7934392496006891
-31.04202210949895,-0.7927492507286596
-31.03705920739674,-0.7920596904452948
-31.03209630529453,-0.7913705685770633
-31.02713340319232,-0.7906818849504632
-31.02217050109011,-0.789993639392011
-31.0172075989879,-0.7893058317282541
-31.01224469688569,-0.7886184617857614
-31.00728179478348,-0.7879315293911294
-31.00231889268127,-0.7872450343709778
-30.99735599057906,-0.7865589765519535
-30.99239308847685,-0.785873355760726
-30.987430186374638,-0.7851881718239935
-30.982467284272428,-0.7845034245684765
-30.977504382170217,-0.7838191138209226
-30.972541480068006,-0.7831352394081023
-30.9675785779658,-0.7824518011568158
-30.96261567586359,-0.781768798893882
-30.957652773761378,-0.7810862324461506
-30.952689871659167,-0.7804041016404935
-30.947726969556957,-0.7797224063038098
-30.942764067454746,-0.7790411462630229
-30.937801165352536,-0.7783603213450809
-30.932838263250325,-0.7776799313769588
-30.927875361148114,-0.7769999761856549
-30.922912459045907,-0.776320455598195
-30.917949556943697,-0.7756413694416283
-30.912986654841486,-0.7749627175430284
-30.908023752739275,-0.7742844997294973
-30.903060850637065,-0.7736067158281604
-30.898097948534854,-0.7729293656661693
-30.893135046432644,-0.7722524490706989
-30.888172144330433,-0.771575965868952
-30.883209242228222,-0.7708999158881554
-30.878246340126015,-0.7702242989555619
-30.873283438023805,-0.769549114898446
-30.868320535921594,-0.7688743635441138
-30.863357633819383,-0.7682000447198931
-30.858394731717173,-0.7675261582531362
-30.853431829614962,-0.7668527039712233
-30.84846892751275,-0.7661796817015579
-30.84350602541054,-0.7655070912715699
-30.83854312330833,-0.7648349325087135
-30.833580221206123,-0.7641632052404717
-30.828617319103913,-0.7634919092943468
-30.823654417001702,-0.7628210444978714
-30.81869151489949,-0.7621506106786019
-30.81372861279728,-0.7614806076641202
-30.80876571069507,-0.7608110352820334
-30.80380280859286,-0.7601418933599743
-30.79883990649065,-0.7594731817256002
-30.793877004388438,-0.758804900206595
-30.78891410228623,-0.7581370486306688
-30.78395120018402,-0.7574696268255533
-30.77898829808181,-0.7568026346190094
-30.7740253959796,-0.7561360718388227
-30.76906249387739,-0.7554699383128035
-30.764099591775178,-0.7548042338687871
-30.759136689672967,-0.7541389583346346
-30.754173787570757,-0.753474111538233
-30.749210885468546,-0.7528096933074964
-30.74424798336634,-0.7521457034703597
-30.73928508126413,-0.7514821418547872
-30.734322179161918,-0.7508190082887681
-30.729359277059707,-0.7501563026003149
-30.724396374957497,-0.7494940246174694
-30.719433472855286,-0.7488321741682941
-30.714470570753075,-0.7481707510808809
-30.709507668650865,-0.7475097551833456
-30.704544766548658,-0.7468491863038298
-30.699581864446447,-0.7461890442705001
-30.694618962344236,-0.7455293289115489
-30.689656060242026,-0.7448700400551933
-30.684693158139815,-0.7442111775296791
-30.679730256037605,-0.7435527411632733
-30.674767353935394,-0.7428947307842704
-30.669804451833183,-0.7422371462209908
-30.664841549730973,-0.7415799873017802
-30.659878647628766,-0.7409232538550105
-30.654915745526555,-0.7402669457090761
-30.649952843424344,-0.7396110626924007
-30.644989941322134,-0.73895560463343
-30.640027039219923,-0.738300571360641
-30.635064137117713,-0.7376459627025288
-30.630101235015502,-0.7369917784876192
-30.62513833291329,-0.736338018544462
-30.62017543081108,-0.7356846827016326
-30.615212528708874,-0.7350317707877321
-30.610249626606663,-0.7343792826313865
-30.605286724504452,-0.7337272180612489
-30.600323822402242,-0.7330755769059957
-30.59536092030003,-0.7324243589943322
-30.59039801819782,-0.7317735641549865
-30.58543511609561,-0.7311231922167123
-30.5804722139934,-0.730473243008291
-30.57550931189119,-0.7298237163585272
-30.57054640978898,-0.7291746120962537
-30.56558350768677,-0.7285259300503263
-30.56062060558456,-0.7278776700496277
-30.55565770348235,-0.7272298319230667
-30.55069480138014,-0.7265824154995772
-30.54573189927793,-0.7259354206081184
-30.540768997175718,-0.7252888470776758
-30.535806095073507,-0.7246426947372591
-30.530843192971297,-0.7239969634159068
-30.52588029086909,-0.72335165294268
-30.52091738876688,-0.7227067631466664
-30.51595448666467,-0.7220622938569793
-30.510991584562458,-0.721418244902758
-30.506028682460247,-0.7207746161131674
-30.501065780358037,-0.7201314073173982
-30.496102878255826,-0.7194886183446667
-30.491139976153615,-0.7188462490242135
-30.486177074051405,-0.7182042991853079
-30.481214171949198,-0.7175627686572426
-30.476251269846987,-0.716921657269337
-30.471288367744776,-0.7162809648509337
-30.466325465642566,-0.7156406912314058
-30.461362563540355,-0.7150008362401482
-30.456399661438144,-0.7143613997065826
-30.451436759335934,-0.7137223814601575
-30.446473857233723,-0.7130837813303444
-30.441510955131513,-0.7124455991466445
-30.436548053029306,-0.7118078347385822
-30.431585150927095,-0.7111704879357068
-30.426622248824884,-0.7105335585675955
-30.421659346722674,-0.7098970464638502
-30.416696444620463,-0.7092609514540983
-30.411733542518252,-0.7086252733679947
-30.406770640416042,-0.7079900120352176
-30.40180773831383,-0.7073551672854722
-30.39684483621162,-0.7067207389484906
-30.391881934109414,-0.7060867268540286
-30.386919032007203,-0.7054531308318683
-30.381956129904992,-0.7048199507118187
-30.37699322780278,-0.7041871863237138
-30.37203032570057,-0.7035548374974128
-30.36706742359836,-0.7029229040628027
-30.36210452149615,-0.7022913858497939
-30.35714161939394,-0.7016602826883249
-30.35217871729173,-0.701029594408358
-30.34721581518952,-0.7003993208398834
-30.34225291308731,-0.6997694618129139
-30.3372900109851,-0.6991400171574924
-30.33232710888289,-0.6985109867036833
-30.32736420678068,-0.6978823702815804
-30.32240130467847,-0.6972541677213018
-30.317438402576258,-0.6966263788529915
-30.312475500474047,-0.6959990035068193
-30.307512598371837,-0.6953720415129816
-30.30254969626963,-0.6947454927016994
-30.29758679416742,-0.6941193569032211
-30.29262389206521,-0.6934936339478187
-30.287660989962998,-0.6928683236657922
-30.282698087860787,-0.692243425887468
-30.277735185758576,-0.691618940443195
-30.272772283656366,-0.6909948671633532
-30.267809381554155,-0.6903712058783437
-30.262846479451948,-0.6897479564185947
-30.257883577349737,-0.6891251186145628
-30.252920675247527,-0.6885026922967276
-30.247957773145316,-0.687880677295595
-30.242994871043106,-0.6872590734416992
-30.238031968940895,-0.6866378805655976
-30.233069066838684,-0.686017098497875
-30.228106164736474,-0.6853967270691415
-30.223143262634263,-0.6847767661100341
-30.218180360532056,-0.6841572154512144
-30.213217458429845,-0.6835380749233708
-30.208254556327635,-0.6829193443572175
-30.203291654225424,-0.6823010235834936
-30.198328752123214,-0.6816831124329676
-30.193365850021003,-0.6810656107364296
-30.188402947918792,-0.6804485183246989
-30.18344004581658,-0.6798318350286187
-30.17847714371437,-0.6792155606790592
-30.173514241612164,-0.6785996951069176
-30.168551339509953,-0.6779842381431139
-30.163588437407743,-0.6773691896185977
-30.158625535305532,-0.6767545493643427
-30.15366263320332,-0.6761403172113486
-30.14869973110111,-0.6755264929906424
-30.1437368289989,-0.6749130765332748
-30.13877392689669,-0.6743000676703256
-30.13381102479448,-0.6736874662328984
-30.128848122692272,-0.6730752720521231
-30.12388522059006,-0.6724634849591563
-30.11892231848785,-0.6718521047851796
-30.11395941638564,-0.6712411313614018
-30.10899651428343,-0.6706305645190586
-30.10403361218122,-0.6700204040894082
-30.09907071007901,-0.6694106499037391
-30.094107807976798,-0.6688013017933624
-30.089144905874587,-0.668192359589618
-30.08418200377238,-0.6675838231238711
-30.07921910167017,-0.6669756922275109
-30.07425619956796,-0.6663679667319562
-30.069293297465748,-0.6657606464686482
-30.064330395363537,-0.6651537312690574
-30.059367493261327,-0.664547220964678
-30.054404591159116,-0.6639411153870327
-30.049441689056906,-0.663335414367668
-30.044478786954695,-0.6627301177381582
-30.039515884852488,-0.6621252253301021
-30.034552982750277,-0.6615207369751273
-30.029590080648067,-0.6609166525048836
-30.024627178545856,-0.66031297175105
-30.019664276443645,-0.6597096945453312
-30.014701374341435,-0.6591068207194571
-30.009738472239224,-0.6585043501051848
-30.004775570137014,-0.6579022825342974
-29.999812668034803,-0.6573006178386025
-29.994849765932596,-0.6566993558499363
-29.989886863830385,-0.6560984964001593
-29.984923961728175,-0.6554980393211592
-29.979961059625964,-0.6548979844448494
-29.974998157523753,-0.6542983316031697
-29.970035255421543,-0.6536990806280865
-29.965072353319332,-0.6531002313515911
-29.96010945121712,-0.6525017836057031
-29.95514654911491,-0.6519037372224662
-29.950183647012704,-0.6513060920339514
-29.945220744910493,-0.6507088478722551
-29.940257842808283,-0.6501120045695008
-29.935294940706072,-0.649515561957839
-29.93033203860386,-0.648919519869444
-29.92536913650165,-0.6483238781365179
-29.92040623439944,-0.6477286365912894
-29.91544333229723,-0.6471337950660123
-29.91048043019502,-0.6465393533929675
-29.905517528092812,-0.6459453114044622
-29.9005546259906,-0.6453516689328286
-29.89559172388839,-0.6447584258104266
-29.89062882178618,-0.6441655818696416
-29.88566591968397,-0.6435731369428864
-29.88070301758176,-0.6429810908625974
-29.875740115479548,-0.6423894434612408
-29.870777213377337,-0.6417981945713066
-29.865814311275127,-0.6412073440253117
-29.86085140917292,-0.6406168916557996
-29.85588850707071,-0.6400268372953403
-29.8509256049685,-0.6394371807765292
-29.845962702866288,-0.6388479219319882
-29.840999800764077,-0.6382590605943675
-29.836036898661867,-0.6376705965963395
-29.831073996559656,-0.6370825297706072
-29.826111094457445,-0.6364948599498967
-29.821148192355235,-0.6359075869669644
-29.816185290253028,-0.6353207106545881
-29.811222388150817,-0.6347342308455746
-29.806259486048607,-0.6341481473727582
-29.801296583946396,-0.6335624600689961
-29.796333681844185,-0.632977168767175
-29.791370779741975,-0.6323922733002069
-29.786407877639764,-0.6318077735010293
-29.781444975537553,-0.6312236692026079
-29.776482073435346,-0.6306399602379332
-29.771519171333136,-0.6300566464400228
-29.766556269230925,-0.6294737276419201
-29.761593367128715,-0.6288912036766954
-29.756630465026504,-0.6283090743774448
-29.751667562924293,-0.6277273395772925
-29.746704660822083,-0.6271459991093873
-29.741741758719872,-0.6265650528069041
-29.73677885661766,-0.6259845005030464
-29.731815954515454,-0.6254043420310423
-29.726853052413244,-0.6248245772241467
-29.721890150311033,-0.6242452059156416
-29.716927248208822,-0.6236662279388333
-29.711964346106612,-0.6230876431270577
-29.7070014440044,-0.6225094513136745
-29.70203854190219,-0.6219316523320717
-29.69707563979998,-0.621354246015663
-29.69211273769777,-0.6207772321978878
-29.687149835595562,-0.6202006107122137
-29.68218693349335,-0.6196243813921318
-29.67722403139114,-0.6190485440711635
-29.67226112928893,-0.6184730985828534
-29.66729822718672,-0.6178980447607745
-29.66233532508451,-0.617323382438526
-29.6573724229823,-0.616749111449733
-29.652409520880088,-0.616175231628047
-29.647446618777877,-0.6156017428071469
-29.64248371667567,-0.6150286448207378
-29.63752081457346,-0.6144559375025506
-29.63255791247125,-0.6138836206863432
-29.62759501036904,-0.6133116942058999
-29.622632108266828,-0.6127401578950322
-29.617669206164617,-0.6121690115875768
-29.612706304062407,-0.6115982551173975
-29.607743401960196,-0.6110278883183861
-29.602780499857985,-0.6104579110244587
-29.59781759775578,-0.6098883230695599
-29.592854695653568,-0.6093191242876576
-29.587891793551357,-0.6087503145127503
-29.582928891449146,-0.6081818935788603
-29.577965989346936,-0.6076138613200389
-29.573003087244725,-0.6070462175703606
-29.568040185142515,-0.6064789621639292
-29.563077283040304,-0.6059120949348743
-29.558114380938093,-0.6053456157173525
-29.553151478835886,-0.6047795243455456
-29.548188576733676,-0.6042138206536627
-29.543225674631465,-0.6036485044759394
-29.538262772529254,-0.6030835756466398
-29.533299870427044,-0.6025190340000511
-29.528336968324833,-0.6019548793704905
-29.523374066222623,-0.601391111592299
-29.518411164120412,-0.600827730499847
-29.5134482620182,-0.6002647359275283
-29.508485359915994,-0.5997021277097655
-29.503522457813784,-0.5991399056810084
-29.498559555711573,-0.5985780696757315
-29.493596653609362,-0.5980166195284364
-29.48863375150715,-0.5974555550736529
-29.48367084940494,-0.5968948761459352
-29.47870794730273,-0.596334582579866
-29.47374504520052,-0.5957746742100538
-29.46878214309831,-0.5952151508711345
-29.463819240996102,-0.5946560123977692
-29.45885633889389,-0.594097258624647
-29.45389343679168,-0.5935388893864831
-29.44893053468947,-0.5929809045180189
-29.44396763258726,-0.5924233038540242
-29.43900473048505,-0.591866087229294
-29.43404182838284,-0.5913092544786498
-29.429078926280628,-0.590752805436941
-29.424116024178417,-0.5901967399390425
-29.41915312207621,-0.5896410578198577
-29.414190219974,-0.5890857589143147
-29.40922731787179,-0.5885308430573686
-29.40426441576958,-0.5879763100840028
-29.399301513667368,-0.5874221598292251
-29.394338611565157,-0.586868392128073
-29.389375709462946,-0.5863150068156081
-29.384412807360736,-0.5857620037269187
-29.379449905258525,-0.5852093826971232
-29.374487003156318,-0.5846571435613626
-29.369524101054107,-0.5841052861548071
-29.364561198951897,-0.5835538103126529
-29.359598296849686,-0.5830027158701225
-29.354635394747476,-0.5824520026624666
-29.349672492645265,-0.5819016705249617
-29.344709590543054,-0.5813517192929104
-29.339746688440844,-0.5808021488016443
-29.334783786338637,-0.5802529588865195
-29.329820884236426,-0.5797041493829196
-29.324857982134215,-0.5791557201262556
-29.319895080032005,-0.578607670951964
-29.314932177929794,-0.5780600016955104
-29.309969275827584,-0.5775127121923846
-29.305006373725373,-0.576965802278105
-29.300043471623162,-0.5764192717882165
-29.29508056952095,-0.5758731205582895
-29.290117667418745,-0.5753273484239233
-29.285154765316534,-0.5747819552207433
-29.280191863214323,-0.5742369407844
-29.275228961112113,-0.573692304950573
-29.270266059009902,-0.573148047554968
-29.26530315690769,-0.572604168433318
-29.26034025480548,-0.5720606674213812
-29.25537735270327,-0.5715175443549445
-29.25041445060106,-0.5709747990698214
-29.245451548498853,-0.5704324314018516
-29.240488646396642,-0.5698904411869017
-29.23552574429443,-0.5693488282608649
-29.23056284219222,-0.5688075924596634
-29.22559994009001,-0.568266733619243
-29.2206370379878,-0.567726251575579
-29.21567413588559,-0.5671861461646728
-29.21071123378338,-0.5666464172225524
-29.205748331681168,-0.5661070645852729
-29.20078542957896,-0.5655680880889165
-29.19582252747675,-0.5650294875695914
-29.19085962537454,-0.564491262863435
-29.18589672327233,-0.563953413806608
-29.180933821170118,-0.5634159402353018
-29.175970919067908,-0.5628788419857328
-29.171008016965697,-0.5623421188941443
-29.166045114863486,-0.561805770796807
-29.161082212761276,-0.5612697975300184
-29.15611931065907,-0.5607341989301026
-29.151156408556858,-0.5601989748334123
-29.146193506454647,-0.559664125076324
-29.141230604352437,-0.5591296494952441
-29.136267702250226,-0.5585955479266049
-29.131304800148015,-0.5580618202068661
-29.126341898045805,-0.5575284661725131
-29.121378995943594,-0.5569954856600601
-29.116416093841384,-0.556462878506047
-29.111453191739177,-0.5559306445470411
-29.106490289636966,-0.5553987836196366
-29.101527387534755,-0.5548672955604546
-29.096564485432545,-0.5543361802061433
-29.091601583330334,-0.5538054373933788
-29.086638681228123,-0.5532750669588626
-29.081675779125913,-0.5527450687393253
-29.076712877023702,-0.5522154425715212
-29.07174997492149,-0.5516861882922361
-29.066787072819285,-0.5511573057382796
-29.061824170717074,-0.5506287947464884
-29.056861268614863,-0.5501006551537272
-29.051898366512653,-0.5495728867968882
-29.046935464410442,-0.5490454895128898
-29.04197256230823,-0.5485184631386784
-29.03700966020602,-0.5479918075112257
-29.03204675810381,-0.5474655224675323
-29.0270838560016,-0.5469396078446249
-29.022120953899393,-0.5464140634795578
-29.017158051797182,-0.5458888892094117
-29.01219514969497,-0.5453640848712951
-29.00723224759276,-0.5448396503023432
-29.00226934549055,-0.5443155853397181
-28.99730644338834,-0.54379188982061
-28.99234354128613,-0.5432685635822347
-28.987380639183918,-0.5427456064618367
-28.982417737081708,-0.542223018296686
-28.9774548349795,-0.5417007989240818
-28.97249193287729,-0.5411789481813478
-28.96752903077508,-0.540657465905837
-28.96256612867287,-0.5401363519349289
-28.957603226570658,-0.5396156061060291
-28.952640324468447,-0.5390952282565723
-28.947677422366237,-0.5385752182240184
-28.942714520264026,-0.5380555758458556
-28.937751618161816,-0.5375363009595998
-28.93278871605961,-0.5370173934027929
-28.927825813957398,-0.5364988530130029
-28.922862911855187,-0.5359806796278289
-28.917900009752977,-0.5354628730848922
-28.912937107650766,-0.5349454332218456
-28.907974205548555,-0.5344283598763666
-28.903011303446345,-0.5339116528861603
-28.898048401344134,-0.5333953120889595
-28.893085499241923,-0.5328793373225248
-28.888122597139716,-0.5323637284246417
-28.883159695037506,-0.5318484852331247
-28.878196792935295,-0.5313336075858155
-28.873233890833085,-0.5308190953205828
-28.868270988730874,-0.5303049482753215
-28.863308086628663,-0.5297911662879562
-28.858345184526453,-0.5292777491964363
-28.853382282424242,-0.5287646968387388
-28.848419380322035,-0.5282520090528697
-28.843456478219824,-0.5277396856768602
-28.838493576117614,-0.5272277265487699
-28.833530674015403,-0.5267161315066844
-28.828567771913193,-0.526204900388718
-28.823604869810982,-0.5256940330330119
-28.81864196770877,-0.5251835292777347
-28.81367906560656,-0.5246733889610823
-28.80871616350435,-0.5241636119212758
-28.803753261402143,-0.5236541979965675
-28.798790359299932,-0.523145147025233
-28.79382745719772,-0.522636458845578
-28.78886455509551,-0.5221281332959343
-28.7839016529933,-0.5216201702146609
-28.77893875089109,-0.5211125694401452
-28.77397584878888,-0.5206053308108003
-28.76901294668667,-0.5200984541650682
-28.764050044584458,-0.5195919393414173
-28.75908714248225,-0.5190857861783429
-28.75412424038004,-0.5185799945143686
-28.74916133827783,-0.5180745641880448
-28.74419843617562,-0.5175694950379499
-28.73923553407341,-0.5170647869026881
-28.734272631971198,-0.5165604396208937
-28.729309729868987,-0.5160564530312249
-28.724346827766777,-0.5155528269723695
-28.719383925664566,-0.5150495612830429
-28.71442102356236,-0.5145466558019866
-28.70945812146015,-0.5140441103679696
-28.704495219357938,-0.5135419248197888
-28.699532317255727,-0.5130400989962687
-28.694569415153516,-0.512538632736261
-28.689606513051306,-0.5120375258786436
-28.684643610949095,-0.5115367782623247
-28.679680708846885,-0.5110363897262359
-28.674717806744674,-0.5105363601093389
-28.669754904642467,-0.5100366892506237
-28.664792002540256,-0.5095373769891041
-28.659829100438046,-0.5090384231638246
-28.654866198335835,-0.5085398276138557
-28.649903296233624,-0.5080415901782958
-28.644940394131414,-0.5075437106962697
-28.639977492029203,-0.5070461890069321
-28.635014589926993,-0.506549024949462
-28.630051687824782,-0.5060522183630672
-28.625088785722575,-0.5055557690869854
-28.620125883620364,-0.5050596769604762
-28.615162981518154,-0.5045639418228323
-28.610200079415943,-0.5040685635133697
-28.605237177313732,-0.5035735418714348
-28.60027427521152,-0.5030788767364
-28.59531137310931,-0.5025845679476654
-28.5903484710071,-0.5020906153446586
-28.58538556890489,-0.5015970187668349
-28.580422666802683,-0.5011037780536771
-28.575459764700472,-0.5006108930446946
-28.57049686259826,-0.5001183635794255
-28.56553396049605,-0.49962618949743537
-28.56057105839384,-0.49913437063831556
-28.55560815629163,-0.49864290684168755
-28.55064525418942,-0.49815179794719777
-28.54568235208721,-0.4976610437945225
-28.540719449984998,-0.49717064422336305
-28.53575654788279,-0.49668059907345175
-28.53079364578058,-0.49619090818454453
-28.52583074367837,-0.49570157139642673
-28.52086784157616,-0.4952125885489126
-28.51590493947395,-0.49472395948184106
-28.510942037371738,-0.4942356840350809
-28.505979135269527,-0.49374776204852716
-28.501016233167316,-0.493260193362103
-28.496053331065106,-0.49277297781575913
-28.4910904289629,-0.49228611524947397
-28.486127526860688,-0.49179960550325286
-28.481164624758478,-0.4913134484171298
-28.476201722656267,-0.4908276438311648
-28.471238820554056,-0.4903421915854471
-28.466275918451846,-0.48985709152009205
-28.461313016349635,-0.48937234347524455
-28.456350114247424,-0.48888794729107515
-28.451387212145214,-0.48840390280778234
-28.446424310043007,-0.4879202098655941
-28.441461407940796,-0.48743686830476324
-28.436498505838586,-0.4869538779655721
-28.431535603736375,-0.4864712386883296
-28.426572701634164,-0.4859889503133728
-28.421609799531954,-0.4855070126810677
-28.416646897429743,-0.485025425631805
-28.411683995327532,-0.48454418900600504
-28.406721093225325,-0.4840633026441164
-28.401758191123115,-0.4835827663866131
-28.396795289020904,-0.4831025800739979
-28.391832386918693,-0.4826227435468025
-28.386869484816483,-0.4821432566455846
-28.381906582714272,-0.4816641192109301
-28.37694368061206,-0.48118533108345257
-28.37198077850985,-0.48070689210379314
-28.36701787640764,-0.48022880211262076
-28.362054974305433,-0.47975106095063225
-28.357092072203223,-0.4792736684585521
-28.352129170101012,-0.4787966244771319
-28.3471662679988,-0.4783199288471521
-28.34220336589659,-0.4778435814094189
-28.33724046379438,-0.4773675820047681
-28.33227756169217,-0.47689193047406264
-28.32731465958996,-0.4764166266581933
-28.32235175748775,-0.4759416703980782
-28.31738885538554,-0.4754670615346631
-28.31242595328333,-0.47499279990892246
-28.30746305118112,-0.4745188853618567
-28.30250014907891,-0.4740453177344963
-28.2975372469767,-0.47357209686789714
-28.292574344874488,-0.47309922260314485
-28.287611442772278,-0.4726266947813509
-28.282648540670067,-0.4721545132436567
-28.277685638567856,-0.47168267783122936
-28.27272273646565,-0.4712111883852665
-28.26775983436344,-0.4707400447469894
-28.262796932261228,-0.4702692467576502
-28.257834030159017,-0.4697987942585287
-28.252871128056807,-0.46932868709093095
-28.247908225954596,-0.4688589250961916
-28.242945323852386,-0.4683895081156744
-28.237982421750175,-0.4679204359907686
-28.233019519647964,-0.46745170856289253
-28.228056617545757,-0.4669833256734929
-28.223093715443547,-0.4665152871640423
-28.218130813341336,-0.46604759287604286
-28.213167911239125,-0.4655802426510234
-28.208205009136915,-0.46511323633054286
-28.203242107034704,-0.4646465737561844
-28.198279204932494,-0.46418025476956143
-28.193316302830283,-0.4637142792123154
-28.188353400728072,-0.46324864692611406
-28.183390498625865,-0.46278335775265483
-28.178427596523655,-0.46231841153366093
-28.173464694421444,-0.46185380811088494
-28.168501792319233,-0.46138954732610693
-28.163538890217023,-0.4609256290211352
-28.158575988114812,-0.4604620530378049
-28.1536130860126,-0.45999881921797997
-28.14865018391039,-0.45953592740355137
-28.14368728180818,-0.4590733774364396
-28.138724379705973,-0.45861116915859146
-28.133761477603763,-0.45814930241198226
-28.128798575501552,-0.45768777703861435
-28.12383567339934,-0.4572265928805195
-28.11887277129713,-0.4567657497797563
-28.11390986919492,-0.45630524757841195
-28.10894696709271,-0.45584508611860103
-28.1039840649905,-0.4553852652424665
-28.099021162888288,-0.45492578479217805
-28.09405826078608,-0.4544666446099353
-28.08909535868387,-0.4540078445379643
-28.08413245658166,-0.45354938441851955
-28.07916955447945,-0.453091264093883
-28.07420665237724,-0.4526334834063656
-28.069243750275028,-0.4521760421983048
-28.064280848172817,-0.45171894031206794
-28.059317946070607,-0.4512621775900485
-28.054355043968396,-0.45080575387466854
-28.04939214186619,-0.45034966900837925
-28.04442923976398,-0.44989392283365714
-28.039466337661768,-0.44943851519300937
-28.034503435559557,-0.4489834459289699
-28.029540533457347,-0.4485287148840998
-28.024577631355136,-0.44807432190099106
-28.019614729252925,-0.44762026682226014
-28.014651827150715,-0.447166549490554
-28.009688925048504,-0.44671316974854614
-28.004726022946297,-0.4462601274389392
-27.999763120844086,-0.44580742240446325
-27.994800218741876,-0.4453550544878753
-27.989837316639665,-0.444903023531963
-27.984874414537455,-0.4444513293795405
-27.979911512435244,-0.44399997187344875
-27.974948610333033,-0.4435489508565587
-27.969985708230823,-0.4430982661717695
-27.965022806128612,-0.4426479176620058
-27.960059904026405,-0.4421979051702241
-27.955097001924194,-0.441748228539405
-27.950134099821984,-0.44129888761256003
-27.945171197719773,-0.44084988223272736
-27.940208295617563,-0.440401212242974
-27.935245393515352,-0.43995287748639533
-27.93028249141314,-0.43950487780611264
-27.92531958931093,-0.43905721304527806
-27.920356687208724,-0.43860988304707027
-27.915393785106513,-0.43816288765469574
-27.910430883004302,-0.43771622671139104
-27.905467980902092,-0.4372699000604183
-27.90050507879988,-0.4368239075450694
-27.89554217669767,-0.4363782490086634
-27.89057927459546,-0.43593292429454894
-27.88561637249325,-0.435487933246101
-27.88065347039104,-0.4350432757067239
-27.87569056828883,-0.4345989515198498
-27.87072766618662,-0.43415496052893787
-27.86576476408441,-0.433711302577477
-27.8608018619822,-0.4332679775089836
-27.85583895987999,-0.43282498516700285
-27.85087605777778,-0.4323823253951067
-27.845913155675568,-0.43193999803689626
-27.840950253573357,-0.43149800293600044
-27.835987351471147,-0.4310563399360773
-27.83102444936894,-0.43061500888081117
-27.82606154726673,-0.43017400961391616
-27.82109864516452,-0.42973334197913365
-27.816135743062308,-0.429293005820234
-27.811172840960097,-0.4288530009810149
-27.806209938857886,-0.4284133273053031
-27.801247036755676,-0.4279739846369529
-27.796284134653465,-0.4275349728198467
-27.791321232551255,-0.4270962916978962
-27.786358330449048,-0.42665794111503996
-27.781395428346837,-0.42621992091524546
-27.776432526244626,-0.42578223094250794
-27.771469624142416,-0.4253448710408514
-27.766506722040205,-0.424907841054328
-27.761543819937994,-0.42447114082701776
-27.756580917835784,-0.4240347702030291
-27.751618015733573,-0.42359872902649953
-27.746655113631363,-0.4231630171415929
-27.741692211529156,-0.4227276343925031
-27.736729309426945,-0.42229258062345154
-27.731766407324734,-0.4218578556786871
-27.726803505222524,-0.42142345940248915
-27.721840603120313,-0.4209893916391631
-27.716877701018102,-0.42055565223304386
-27.711914798915892,-0.4201222410284938
-27.70695189681368,-0.41968915786990435
-27.70198899471147,-0.4192564026016949
-27.697026092609264,-0.4188239750683128
-27.692063190507053,-0.4183918751142343
-27.687100288404842,-0.4179601025839637
-27.68213738630263,-0.41752865732203315
-27.67717448420042,-0.4170975391730043
-27.67221158209821,-0.41666674798146536
-27.667248679996,-0.4162362835920346
-27.66228577789379,-0.41580614584935777
-27.65732287579158,-0.41537633459810835
-27.65235997368937,-0.41494684968298995
-27.64739707158716,-0.41451769094873214
-27.64243416948495,-0.4140888582400946
-27.63747126738274,-0.41366035140186513
-27.63250836528053,-0.41323217027885917
-27.62754546317832,-0.4128043147159214
-27.622582561076108,-0.4123767845579235
-27.617619658973897,-0.41194957964976736
-27.612656756871687,-0.4115226998363817
-27.60769385476948,-0.4110961449627246
-27.60273095266727,-0.4106699148737813
-27.597768050565058,-0.4102440094145672
-27.592805148462848,-0.4098184284301236
-27.587842246360637,-0.40939317176552364
-27.582879344258426,-0.40896823926586534
-27.577916442156216,-0.40854363077627726
-27.572953540054005,-0.4081193461419159
-27.567990637951794,-0.40769538520796594
-27.563027735849587,-0.4072717478196406
-27.558064833747377,-0.4068484338221813
-27.553101931645166,-0.4064254430608578
-27.548139029542956,-0.4060027753809684
-27.543176127440745,-0.40558043062784166
-27.538213225338534,-0.40515840864683034
-27.533250323236324,-0.4047367092833205
-27.528287421134113,-0.4043153323827226
-27.523324519031902,-0.403894277790478
-27.518361616929695,-0.4034735453520563
-27.513398714827485,-0.40305313491295364
-27.508435812725274,-0.4026330463186971
-27.503472910623064,-0.40221327941484086
-27.498510008520853,-0.4017938340469674
-27.493547106418642,-0.4013747100606892
-27.48858420431643,-0.4009559073016449
-27.48362130221422,-0.4005374256155031
-27.478658400112014,-0.4001192648479614
-27.473695498009803,-0.39970142484474425
-27.468732595907593,-0.3992839054516062
-27.463769693805382,-0.39886670651432893
-27.45880679170317,-0.3984498278787236
-27.45384388960096,-0.39803326939062905
-27.44888098749875,-0.3976170308959132
-27.44391808539654,-0.3972011122404732
-27.43895518329433,-0.3967855132702332
-27.433992281192122,-0.3963702338311474
-27.42902937908991,-0.39595527376919626
-27.4240664769877,-0.39554063293039116
-27.41910357488549,-0.395126311160771
-27.41414067278328,-0.3947123083064034
-27.40917777068107,-0.3942986242133842
-27.40421486857886,-0.3938852587278383
-27.399251966476648,-0.3934722116959187
-27.394289064374437,-0.3930594829638075
-27.38932616227223,-0.3926470723777146
-27.38436326017002,-0.39223497978387883
-27.37940035806781,-0.3918232050285679
-27.374437455965598,-0.3914117479580774
-27.369474553863387,-0.39100060841873296
-27.364511651761177,-0.39058978625688656
-27.359548749658966,-0.39017928131892066
-27.354585847556756,-0.3897690934512456
-27.349622945454545,-0.38935922250030014
-27.344660043352338,-0.3889496683125524
-27.339697141250127,-0.3885404307344984
-27.334734239147917,-0.3881315096126622
-27.329771337045706,-0.38772290479359767
-27.324808434943495,-0.38731461612388723
-27.319845532841285,-0.38690664345014153
-27.314882630739074,-0.38649898661899895
-27.309919728636864,-0.3860916454771286
-27.304956826534653,-0.3856846198712263
-27.299993924432446,-0.38527790964801817
-27.295031022330235,-0.3848715146542571
-27.290068120228025,-0.38446543473672584
-27.285105218125814,-0.3840596697422357
-27.280142316023603,-0.3836542195176265
-27.275179413921393,-0.38324908390976703
-27.270216511819182,-0.382844262765554
-27.26525360971697,-0.38243975593191387
-27.26029070761476,-0.3820355632558004
-27.255327805512554,-0.3816316845841976
-27.250364903410343,-0.3812281197641163
-27.245402001308133,-0.38082486864259807
-27.240439099205922,-0.3804219310667112
-27.23547619710371,-0.3800193068835551
-27.2305132950015,-0.37961699594025544
-27.22555039289929,-0.37921499808396797
-27.22058749079708,-0.3788133131618769
-27.21562458869487,-0.3784119410211944
-27.210661686592662,-0.37801088150916334
-27.20569878449045,-0.3776101344730527
-27.20073588238824,-0.3772096997601615
-27.19577298028603,-0.3768095772178185
-27.19081007818382,-0.3764097666933794
-27.18584717608161,-0.3760102680342295
-27.180884273979398,-0.3756110810877834
-27.175921371877187,-0.375212205701483
-27.170958469774977,-0.37481364172280046
-27.16599556767277,-0.37441538899923593
-27.16103266557056,-0.374017447378318
-27.15606976346835,-0.37361981670760436
-27.151106861366138,-0.3732224968346826
-27.146143959263927,-0.37282548760716705
-27.141181057161717,-0.3724287888727024
-27.136218155059506,-0.3720324004789609
-27.131255252957295,-0.37163632227364485
-27.126292350855085,-0.371240554104485
-27.121329448752878,-0.3708450958192405
-27.116366546650667,-0.3704499472656991
-27.111403644548457,-0.37005510829167726
-27.106440742446246,-0.3696605787450216
-27.101477840344035,-0.3692663584736066
-27.096514938241825,-0.3688724473253354
-27.091552036139614,-0.36847884514813983
-27.086589134037403,-0.36808555178998187
-27.081626231935193,-0.36769256709885056
-27.076663329832986,-0.3672998909227652
-27.071700427730775,-0.36690752310977304
-27.066737525628564,-0.36651546350795017
-27.061774623526354,-0.3661237119654029
-27.056811721424143,-0.3657322683302638
-27.051848819321933,-0.36534113245069705
-27.046885917219722,-0.3649503041748939
-27.04192301511751,-0.3645597833510758
-27.036960113015304,-0.3641695698274918
-27.031997210913094,-0.3637796634524201
-27.027034308810883,-0.36339006407416874
-27.022071406708672,-0.36300077154107335
-27.017108504606462,-0.3626117857014991
-27.01214560250425,-0.36222310640384037
-27.00718270040204,-0.3618347334965204
-27.00221979829983,-0.36144666682799004
-26.99725689619762,-0.3610589062467309
-26.992293994095412,-0.360671451601253
-26.9873310919932,-0.3602843027400934
-26.98236818989099,-0.3598974595118208
-26.97740528778878,-0.35951092176503113
-26.97244238568657,-0.3591246893483496
-26.96747948358436,-0.35873876211043165
-26.96251658148215,-0.35835313989995937
-26.957553679379938,-0.3579678225656453
-26.952590777277727,-0.35758280995623065
-26.94762787517552,-0.3571981019204856
-26.94266497307331,-0.35681369830720866
-26.9377020709711,-0.3564295989652283
-26.93273916886889,-0.3560458037434017
-26.927776266766678,-0.3556623124906142
-26.922813364664467,-0.35527912505578146
-26.917850462562257,-0.3548962412878465
-26.912887560460046,-0.3545136610357829
-26.907924658357835,-0.3541313841485925
-26.90296175625563,-0.3537494104753061
-26.897998854153418,-0.353367739864983
-26.893035952051207,-0.35298637216671247
-26.888073049948996,-0.3526053072296128
-26.883110147846786,-0.3522245449028303
-26.878147245744575,-0.35184408503554104
-26.873184343642365,-0.3514639274769504
-26.868221441540154,-0.3510840720762909
-26.863258539437943,-0.35070451868282704
-26.858295637335736,-0.35032526714585027
-26.853332735233526,-0.34994631731468184
-26.848369833131315,-0.34956766903867126
-26.843406931029104,-0.34918932216719795
-26.838444028926894,-0.34881127654966987
-26.833481126824683,-0.3484335320355248
-26.828518224722472,-0.3480560884742283
-26.823555322620262,-0.34767894571527663
-26.81859242051805,-0.34730210360819314
-26.813629518415844,-0.34692556200253216
-26.808666616313634,-0.3465493207478756
-26.803703714211423,-0.34617337969383516
-26.798740812109212,-0.34579773869005187
-26.793777910007,-0.34542239758619553
-26.78881500790479,-0.34504735623196475
-26.78385210580258,-0.3446726144770879
-26.77888920370037,-0.34429817217132136
-26.77392630159816,-0.34392402916445236
-26.768963399495952,-0.3435501853062955
-26.76400049739374,-0.3431766404466949
-26.75903759529153,-0.34280339443552504
-26.75407469318932,-0.34243044712268805
-26.74911179108711,-0.3420577983581152
-26.7441488889849,-0.3416854479917681
-26.73918598688269,-0.3413133958736367
-26.734223084780478,-0.34094164185374015
-26.729260182678267,-0.34057018578212683
-26.72429728057606,-0.34019902750887393
-26.71933437847385,-0.3398281668840885
-26.71437147637164,-0.33945760375790596
-26.70940857426943,-0.33908733798049107
-26.704445672167218,-0.3387173694020391
-26.699482770065007,-0.33834769787277147
-26.694519867962796,-0.3379783232429423
-26.689556965860586,-0.33760924536283254
-26.684594063758375,-0.3372404640827529
-26.679631161656168,-0.33687197925304363
-26.674668259553957,-0.3365037907240739
-26.669705357451747,-0.3361358983462422
-26.664742455349536,-0.3357683019699757
-26.659779553247326,-0.33540100144573143
-26.654816651145115,-0.3350339966239955
-26.649853749042904,-0.3346672873552832
-26.644890846940694,-0.3343008734901387
-26.639927944838483,-0.33393475487913593
-26.634965042736276,-0.3335689313728781
-26.630002140634065,-0.3332034028219961
-26.625039238531855,-0.33283816907715197
-26.620076336429644,-0.3324732299890364
-26.615113434327434,-0.33210858540836957
-26.610150532225223,-0.33174423518589985
-26.605187630123012,-0.33138017917240603
-26.6002247280208,-0.33101641721869524
-26.59526182591859,-0.3306529491756051
-26.590298923816384,-0.330289774894001
-26.585336021714173,-0.3299268942247785
-26.580373119611963,-0.32956430701886225
-26.575410217509752,-0.3292020131272064
-26.57044731540754,-0.32884001240079397
-26.56548441330533,-0.32847830469063727
-26.56052151120312,-0.3281168898477783
-26.55555860910091,-0.3277557677232881
-26.550595706998703,-0.32739493816826737
-26.545632804896492,-0.32703440103384557
-26.54066990279428,-0.32667415617118073
-26.53570700069207,-0.32631420343146245
-26.53074409858986,-0.325954542665908
-26.52578119648765,-0.32559517372576424
-26.52081829438544,-0.3252360964623076
-26.51585539228323,-0.32487731072684306
-26.510892490181018,-0.3245188163707061
-26.50592958807881,-0.3241606132452607
-26.5009666859766,-0.32380270120190113
-26.49600378387439,-0.3234450800920493
-26.49104088177218,-0.323087749767158
-26.486077979669968,-0.3227307100787088
-26.481115077567758,-0.3223739608782128
-26.476152175465547,-0.32201750201721047
-26.471189273363336,-0.3216613333472714
-26.466226371261126,-0.3213054547199947
-26.46126346915892,-0.3209498659870092
-26.456300567056708,-0.3205945669999723
-26.451337664954497,-0.3202395576105714
-26.446374762852287,-0.3198848376705227
-26.441411860750076,-0.3195304070315728
-26.436448958647865,-0.31917626554549694
-26.431486056545655,-0.3188224130641004
-26.426523154443444,-0.31846884943921683
-26.421560252341234,-0.31811557452270994
-26.416597350239027,-0.31776258816647335
-26.411634448136816,-0.317409890222429
-26.406671546034605,-0.3170574805425281
-26.401708643932395,-0.31670535897875385
-26.396745741830184,-0.3163535253831154
-26.391782839727973,-0.3160019796076536
-26.386819937625763,-0.3156507215044374
-26.381857035523552,-0.315299750925567
-26.37689413342134,-0.3149490677231701
-26.371931231319135,-0.3145986717494054
-26.366968329216924,-0.3142485628564597
-26.362005427114713,-0.31389874089655007
-26.357042525012503,-0.31354920572192246
-26.352079622910292,-0.3131999571848536
-26.34711672080808,-0.312850995137648
-26.34215381870587,-0.3125023194326409
-26.33719091660366,-0.31215392992219665
-26.33222801450145,-0.3118058264587084
-26.327265112399242,-0.31145800889460074
-26.322302210297032,-0.31111047708232464
-26.31733930819482,-0.31076323087436336
-26.31237640609261,-0.3104162701232283
-26.3074135039904,-0.3100695946814609
-26.30245060188819,-0.3097232044016322
-26.29748769978598,-0.3093770991363418
-26.292524797683768,-0.30903127873822034
-26.287561895581558,-0.30868574305992597
-26.28259899347935,-0.3083404919541494
-26.27763609137714,-0.30799552527360713
-26.27267318927493,-0.30765084287104805
-26.26771028717272,-0.30730644459924905
-26.262747385070508,-0.30696233031101816
-26.257784482968297,-0.3066184998591909
-26.252821580866087,-0.30627495309663394
-26.247858678763876,-0.30593168987624264
-26.242895776661666,-0.3055887100509426
-26.23793287455946,-0.305246013473689
-26.232969972457248,-0.3049035999974651
-26.228007070355037,-0.3045614694752855
-26.223044168252827,-0.3042196217601945
-26.218081266150616,-0.30387805670526363
-26.213118364048405,-0.30353677416359653
-26.208155461946195,-0.3031957739883256
-26.203192559843984,-0.30285505603261265
-26.198229657741773,-0.3025146201496489
-26.193266755639566,-0.3021744661926559
-26.188303853537356,-0.3018345940148839
-26.183340951435145,-0.3014950034696138
-26.178378049332935,-0.3011556944101551
-26.173415147230724,-0.30081666668984747
-26.168452245128513,-0.3004779201620603
-26.163489343026303,-0.3001394546801918
-26.158526440924092,-0.2998012700976713
-26.15356353882188,-0.2994633662679567
-26.148600636719674,-0.2991257430445358
-26.143637734617464,-0.2987884002809257
-26.138674832515253,-0.2984513378306737
-26.133711930413043,-0.2981145555473564
-26.128749028310832,-0.29777805328457996
-26.12378612620862,-0.2974418308959807
-26.11882322410641,-0.2971058882352246
-26.1138603220042,-0.29677022515600665
-26.108897419901993,-0.2964348415120523
-26.103934517799782,-0.29609973715711563
-26.09897161569757,-0.29576491194498145
-26.09400871359536,-0.2954303657294641
-26.08904581149315,-0.295096098364407
-26.08408290939094,-0.29476210970368427
-26.07912000728873,-0.2944283996011986
-26.07415710518652,-0.294094967910883
-26.069194203084308,-0.2937618144867001
-26.0642313009821,-0.29342893918264285
-26.05926839887989,-0.29309634185273237
-26.05430549677768,-0.29276402235102134
-26.04934259467547,-0.29243198053159036
-26.04437969257326,-0.2921002162485516
-26.039416790471048,-0.2917687293560456
-26.034453888368837,-0.2914375197082434
-26.029490986266627,-0.29110658715934473
-26.024528084164416,-0.29077593156358095
-26.01956518206221,-0.2904455527752114
-26.01460227996,-0.2901154506485261
-26.009639377857788,-0.2897856250378442
-26.004676475755577,-0.28945607579751514
-25.999713573653366,-0.2891268027819184
-25.994750671551156,-0.288797805845462
-25.989787769448945,-0.2884690848425851
-25.984824867346735,-0.2881406396277564
-25.979861965244524,-0.2878124700554733
-25.974899063142317,-0.28748457598026456
-25.969936161040106,-0.2871569572566872
-25.964973258937896,-0.2868296137393294
-25.960010356835685,-0.28650254528280816
-25.955047454733474,-0.28617575174177057
-25.950084552631264,-0.28584923297089415
-25.945121650529053,-0.2855229888248855
-25.940158748426843,-0.28519701915848095
-25.935195846324632,-0.28487132382644764
-25.930232944222425,-0.28454590268358126
-25.925270042120214,-0.28422075558470833
-25.920307140018004,-0.28389588238468405
-25.915344237915793,-0.283571282938395
-25.910381335813582,-0.2832469571007568
-25.90541843371137,-0.28292290472671505
-25.90045553160916,-0.28259912567124434
-25.89549262950695,-0.28227561978935084
-25.89052972740474,-0.28195238693606905
-25.885566825302533,-0.2816294269664646
-25.880603923200322,-0.2813067397356314
-25.87564102109811,-0.2809843250986946
-25.8706781189959,-0.2806621829108089
-25.86571521689369,-0.28034031302715867
-25.86075231479148,-0.2800187153029583
-25.85578941268927,-0.2796973895934522
-25.85082651058706,-0.27937633575391413
-25.845863608484848,-0.2790555536396484
-25.84090070638264,-0.2787350431059894
-25.83593780428043,-0.2784148040083002
-25.83097490217822,-0.2780948362019747
-25.82601200007601,-0.27777513954243727
-25.8210490979738,-0.2774557138851411
-25.816086195871588,-0.27713655908556967
-25.811123293769377,-0.27681767499923676
-25.806160391667166,-0.276499061481685
-25.801197489564956,-0.27618071838848923
-25.79623458746275,-0.275862645575252
-25.791271685360538,-0.27554484289760584
-25.786308783258328,-0.27522731021121477
-25.781345881156117,-0.2749100473717718
-25.776382979053906,-0.2745930542350002
-25.771420076951696,-0.27427633065665313
-25.766457174849485,-0.2739598764925132
-25.761494272747274,-0.27364369159839375
-25.756531370645064,-0.2733277758301377
-25.751568468542857,-0.27301212904361816
-25.746605566440646,-0.2726967510947378
-25.741642664338436,-0.27238164183943026
-25.736679762236225,-0.2720668011336577
-25.731716860134014,-0.27175222883341366
-25.726753958031804,-0.27143792479472123
-25.721791055929593,-0.27112388887363265
-25.716828153827382,-0.27081012092623113
-25.711865251725172,-0.2704966208086305
-25.706902349622965,-0.2701833883769728
-25.701939447520754,-0.26987042348743157
-25.696976545418543,-0.26955772599620975
-25.692013643316333,-0.2692452957595405
-25.687050741214122,-0.26893313263368684
-25.68208783911191,-0.2686212364749422
-25.6771249370097,-0.2683096071396293
-25.67216203490749,-0.26799824448410203
-25.66719913280528,-0.2676871483647436
-25.662236230703073,-0.26737631863796746
-25.657273328600862,-0.2670657551602163
-25.65231042649865,-0.2667554577879644
-25.64734752439644,-0.26644542637771523
-25.64238462229423,-0.26613566078600254
-25.63742172019202,-0.26582616086938937
-25.63245881808981,-0.2655169264844708
-25.6274959159876,-0.2652079574878698
-25.62253301388539,-0.2648992537362405
-25.61757011178318,-0.2645908150862668
-25.61260720968097,-0.2642826413946638
-25.60764430757876,-0.2639747325181748
-25.60268140547655,-0.26366708831357444
-25.597718503374338,-0.26335970863766767
-25.592755601272128,-0.2630525933472889
-25.587792699169917,-0.2627457422993024
-25.582829797067706,-0.2624391553506042
-25.5778668949655,-0.26213283235811835
-25.57290399286329,-0.26182677317880054
-25.567941090761078,-0.2615209776696352
-25.562978188658867,-0.2612154456876384
-25.558015286556657,-0.26091017708985575
-25.553052384454446,-0.26060517173336273
-25.548089482352236,-0.26030042947526544
-25.543126580250025,-0.2599959501726996
-25.538163678147814,-0.25969173368283205
-25.533200776045607,-0.2593877798628584
-25.528237873943397,-0.25908408857000537
-25.523274971841186,-0.2587806596615296
-25.518312069738975,-0.2584774929947183
-25.513349167636765,-0.25817458842688845
-25.508386265534554,-0.2578719458153871
-25.503423363432344,-0.25756956501759176
-25.498460461330133,-0.25726744589091016
-25.493497559227922,-0.25696558829278027
-25.488534657125715,-0.25666399208067
-25.483571755023505,-0.2563626571120775
-25.478608852921294,-0.2560615832445312
-25.473645950819083,-0.25576077033559
-25.468683048716873,-0.25546021824284243
-25.463720146614662,-0.25515992682390803
-25.45875724451245,-0.2548598959364359
-25.45379434241024,-0.2545601254381055
-25.44883144030803,-0.25426061518662735
-25.443868538205823,-0.25396136503974126
-25.438905636103613,-0.2536623748552167
-25.433942734001402,-0.25336364449085536
-25.42897983189919,-0.2530651738044873
-25.42401692979698,-0.2527669626539737
-25.41905402769477,-0.25246901089720636
-25.41409112559256,-0.2521713183921063
-25.40912822349035,-0.2518738849966261
-25.404165321388138,-0.25157671056874703
-25.39920241928593,-0.2512797949664824
-25.39423951718372,-0.2509831380478743
-25.38927661508151,-0.2506867396709964
-25.3843137129793,-0.25039059969395083
-25.37935081087709,-0.2500947179748726
-25.374387908774878,-0.2497990943719244
-25.369425006672667,-0.24950372874330098
-25.364462104570457,-0.2492086209472273
-25.359499202468246,-0.2489137708419569
-25.35453630036604,-0.24861917828577643
-25.34957339826383,-0.24832484313700007
-25.344610496161618,-0.24803076525397438
-25.339647594059407,-0.24773694449507505
-25.334684691957197,-0.24744338071870897
-25.329721789854986,-0.24715007378331266
-25.324758887752775,-0.24685702354735306
-25.319795985650565,-0.24656422986932786
-25.314833083548354,-0.24627169260776466
-25.309870181446147,-0.24597941162122236
-25.304907279343936,-0.24568738676828836
-25.299944377241726,-0.2453956179075823
-25.294981475139515,-0.2451041048977534
-25.290018573037305,-0.24481284759748126
-25.285055670935094,-0.24452184586547565
-25.280092768832883,-0.24423109956047703
-25.275129866730673,-0.2439406085412562
-25.270166964628462,-0.24365037266661452
-25.265204062526255,-0.24336039179538346
-25.260241160424044,-0.24307066578642478
-25.255278258321834,-0.2427811944986309
-25.250315356219623,-0.24249197779092477
-25.245352454117413,-0.24220301552225953
-25.240389552015202,-0.24191430755161844
-25.23542664991299,-0.24162585373801554
-25.23046374781078,-0.24133765394049567
-25.22550084570857,-0.24104970801813308
-25.220537943606363,-0.24076201583003395
-25.215575041504152,-0.2404745772353329
-25.210612139401942,-0.24018739209319667
-25.20564923729973,-0.23990046026282164
-25.20068633519752,-0.23961378160343494
-25.19572343309531,-0.23932735597429394
-25.1907605309931,-0.23904118323468673
-25.18579762889089,-0.23875526324393165
-25.18083472678868,-0.23846959586137773
-25.17587182468647,-0.23818418094640384
-25.17090892258426,-0.23789901835841984
-25.16594602048205,-0.23761410795686658
-25.16098311837984,-0.23732944960121424
-25.15602021627763,-0.23704504315096409
-25.151057314175418,-0.23676088846564802
-25.146094412073207,-0.23647698540482828
-25.141131509970997,-0.23619333382809732
-25.13616860786879,-0.23590993359507895
-25.13120570576658,-0.23562678456542607
-25.12624280366437,-0.2353438865988232
-25.121279901562158,-0.23506123955498523
-25.116316999459947,-0.23477884329365747
-25.111354097357736,-0.23449669767461565
-25.106391195255526,-0.2342148025576655
-25.101428293153315,-0.23393315780264476
-25.096465391051105,-0.23365176326942022
-25.091502488948898,-0.2333706188178897
-25.086539586846687,-0.23308972430798208
-25.081576684744476,-0.23280907959965605
-25.076613782642266,-0.232528684552901
-25.071650880540055,-0.23224853902773743
-25.066687978437844,-0.23196864288421562
-25.061725076335634,-0.23168899598241702
-25.056762174233423,-0.23140959818245327
-25.051799272131213,-0.23113044934446655
-25.046836370029006,-0.23085154932863042
-25.041873467926795,-0.230572897995148
-25.036910565824584,-0.23029449520425288
-25.031947663722374,-0.2300163408162105
-25.026984761620163,-0.22973843469131588
-25.022021859517952,-0.22946077668989454
-25.017058957415742,-0.22918336667230355
-25.01209605531353,-0.22890620449892946
-25.00713315321132,-0.22862929003018986
-25.002170251109114,-0.2283526231265339
-24.997207349006903,-0.2280762036484398
-24.992244446904692,-0.22780003145641686
-24.98728154480248,-0.2275241064110058
-24.98231864270027,-0.22724842837277698
-24.97735574059806,-0.22697299720233233
-24.97239283849585,-0.22669781276030312
-24.96742993639364,-0.2264228749073528
-24.96246703429143,-0.22614818350417434
-24.95750413218922,-0.22587373841149194
-24.95254123008701,-0.2255995394900597
-24.9475783279848,-0.22532558660066362
-24.94261542588259,-0.22505187960411926
-24.93765252378038,-0.2247784183612734
-24.93268962167817,-0.22450520273300337
-24.927726719575958,-0.22423223258021693
-24.922763817473747,-0.2239595077638527
-24.917800915371537,-0.22368702814488056
-24.91283801326933,-0.22341479358430022
-24.90787511116712,-0.2231428039431421
-24.902912209064908,-0.22287105908246801
-24.897949306962698,-0.22259955886337007
-24.892986404860487,-0.22232830314697055
-24.888023502758276,-0.2220572917944236
-24.883060600656066,-0.22178652466691345
-24.878097698553855,-0.22151600162565463
-24.873134796451644,-0.22124572253189317
-24.868171894349437,-0.22097568724690536
-24.863208992247227,-0.22070589563199822
-24.858246090145016,-0.22043634754850977
-24.853283188042806,-0.22016704285780853
-24.848320285940595,-0.21989798142129374
-24.843357383838384,-0.2196291631003958
-24.838394481736174,-0.21936058775657527
-24.833431579633963,-0.21909225525132398
-24.828468677531752,-0.218824165446164
-24.823505775429545,-0.21855631820264895
-24.818542873327335,-0.21828871338236203
-24.813579971225124,-0.2180213508469184
-24.808617069122914,-0.21775423045796313
-24.803654167020703,-0.21748735207717276
-24.798691264918492,-0.21722071556625402
-24.79372836281628,-0.2169543207869448
-24.78876546071407,-0.21668816760101373
-24.78380255861186,-0.21642225587025996
-24.778839656509653,-0.21615658545651417
-24.773876754407443,-0.21589115622163668
-24.768913852305232,-0.21562596802751957
-24.76395095020302,-0.21536102073608543
-24.75898804810081,-0.21509631420928782
-24.7540251459986,-0.21483184830911048
-24.74906224389639,-0.2145676228975688
-24.74409934179418,-0.2143036378367089
-24.73913643969197,-0.2140398929886069
-24.73417353758976,-0.21377638821537095
-24.72921063548755,-0.21351312337913925
-24.72424773338534,-0.21325009834208075
-24.71928483128313,-0.21298731296639573
-24.71432192918092,-0.21272476711431504
-24.70935902707871,-0.21246246064810076
-24.704396124976498,-0.2122003934300453
-24.699433222874287,-0.21193856532247246
-24.69447032077208,-0.21167697618773634
-24.68950741866987,-0.21141562588822227
-24.68454451656766,-0.2111545142863462
-24.679581614465448,-0.21089364124455573
-24.674618712363237,-0.21063300662532855
-24.669655810261027,-0.2103726102911731
-24.664692908158816,-0.21011245210462956
-24.659730006056606,-0.20985253192826836
-24.654767103954395,-0.20959284962469082
-24.649804201852188,-0.20933340505652984
-24.644841299749977,-0.20907419808644842
-24.639878397647767,-0.2088152285771406
-24.634915495545556,-0.20855649639133222
-24.629952593443345,-0.20829800139177865
-24.624989691341135,-0.20803974344126733
-24.620026789238924,-0.20778172240261594
-24.615063887136714,-0.20752393813867379
-24.610100985034503,-0.20726639051232046
-24.605138082932296,-0.20700907938646662
-24.600175180830085,-0.20675200462405427
-24.595212278727875,-0.20649516608805585
-24.590249376625664,-0.20623856364147525
-24.585286474523453,-0.20598219714734664
-24.580323572421243,-0.20572606646873615
-24.575360670319032,-0.20547017146873986
-24.57039776821682,-0.2052145120104855
-24.56543486611461,-0.20495908795713197
-24.560471964012404,-0.20470389917186796
-24.555509061910193,-0.2044489455179143
-24.550546159807983,-0.20419422685852262
-24.545583257705772,-0.20393974305697496
-24.54062035560356,-0.20368549397658517
-24.53565745350135,-0.20343147948069765
-24.53069455139914,-0.20317769943268765
-24.52573164929693,-0.20292415369596165
-24.52076874719472,-0.20267084213395747
-24.515805845092512,-0.20241776461014335
-24.5108429429903,-0.20216492098801891
-24.50588004088809,-0.20191231113111466
-24.50091713878588,-0.20165993490299236
-24.49595423668367,-0.20140779216724417
-24.49099133458146,-0.20115588278749438
-24.486028432479248,-0.20090420662739736
-24.481065530377037,-0.20065276355063916
-24.476102628274827,-0.20040155342093618
-24.47113972617262,-0.20015057610203693
-24.46617682407041,-0.19989983145771964
-24.4612139219682,-0.19964931935179508
-24.456251019865988,-0.19939903964810338
-24.451288117763777,-0.19914899221051752
-24.446325215661567,-0.19889917690294023
-24.441362313559356,-0.19864959358930642
-24.436399411457145,-0.1984002421335808
-24.431436509354935,-0.19815112239976043
-24.426473607252728,-0.19790223425187292
-24.421510705150517,-0.1976535775539763
-24.416547803048307,-0.19740515217016116
-24.411584900946096,-0.19715695796454782
-24.406621998843885,-0.1969089948012885
-24.401659096741675,-0.19666126254456637
-24.396696194639464,-0.19641376105859595
-24.391733292537253,-0.19616649020762203
-24.386770390435043,-0.1959194498559217
-24.381807488332836,-0.19567263986780248
-24.376844586230625,-0.19542606010760283
-24.371881684128414,-0.19517971043969293
-24.366918782026204,-0.19493359072847366
-24.361955879923993,-0.19468770083837755
-24.356992977821783,-0.1944420406338676
-24.352030075719572,-0.1941966099794388
-24.34706717361736,-0.19395140873961622
-24.34210427151515,-0.19370643677895738
-24.337141369412944,-0.19346169396205018
-24.332178467310733,-0.19321718015351344
-24.327215565208522,-0.19297289521799788
-24.322252663106312,-0.19272883902018473
-24.3172897610041,-0.19248501142478713
-24.31232685890189,-0.19224141229654884
-24.30736395679968,-0.1919980415002452
-24.30240105469747,-0.1917548989006822
-24.29743815259526,-0.19151198436269756
-24.29247525049305,-0.1912692977511604
-24.28751234839084,-0.19102683893097003
-24.28254944628863,-0.19078460776705816
-24.27758654418642,-0.1905426041243868
-24.27262364208421,-0.1903008278679498
-24.267660739982,-0.19005927886277235
-24.262697837879788,-0.1898179569739098
-24.257734935777577,-0.18957686206645002
-24.25277203367537,-0.1893359940055117
-24.24780913157316,-0.18909535265624405
-24.24284622947095,-0.1888549378838287
-24.23788332736874,-0.18861474955347762
-24.232920425266528,-0.1883747875304347
-24.227957523164317,-0.1881350516799748
-24.222994621062107,-0.18789554186740356
-24.218031718959896,-0.18765625795805885
-24.213068816857685,-0.1874171998173092
-24.20810591475548,-0.18717836731055454
-24.203143012653268,-0.18693976030322618
-24.198180110551057,-0.18670137866078654
-24.193217208448846,-0.1864632222487293
-24.188254306346636,-0.18622529093257967
-24.183291404244425,-0.1859875845778942
-24.178328502142215,-0.1857501030502603
-24.173365600040004,-0.18551284621529737
-24.168402697937793,-0.18527581393865541
-24.163439795835586,-0.1850390060860165
-24.158476893733376,-0.18480242252309312
-24.153513991631165,-0.1845660631156295
-24.148551089528954,-0.18432992772940193
-24.143588187426744,-0.1840940162302165
-24.138625285324533,-0.18385832848391237
-24.133662383222322,-0.18362286435635872
-24.128699481120112,-0.18338762371345663
-24.1237365790179,-0.18315260642113826
-24.118773676915694,-0.1829178123453679
-24.113810774813484,-0.1826832413521397
-24.108847872711273,-0.18244889330748065
-24.103884970609062,-0.18221476807744835
-24.09892206850685,-0.18198086552813222
-24.09395916640464,-0.1817471855256527
-24.08899626430243,-0.18151372793616158
-24.08403336220022,-0.18128049262584195
-24.07907046009801,-0.18104747946090888
-24.074107557995802,-0.18081468830760866
-24.06914465589359,-0.18058211903221827
-24.06418175379138,-0.18034977150104672
-24.05921885168917,-0.1801176455804342
-24.05425594958696,-0.17988574113675282
-24.04929304748475,-0.17965405803640527
-24.04433014538254,-0.17942259614582612
-24.039367243280328,-0.17919135533148167
-24.034404341178117,-0.17896033545986903
-24.02944143907591,-0.17872953639751718
-24.0244785369737,-0.1784989580109861
-24.01951563487149,-0.17826860016686757
-24.01455273276928,-0.17803846273178484
-24.009589830667068,-0.17780854557239248
-24.004626928564857,-0.17757884855537642
-23.999664026462646,-0.17734937154745403
-23.994701124360436,-0.17712011441537437
-23.989738222258225,-0.1768910770259182
-23.984775320156018,-0.1766622592458972
-23.979812418053807,-0.17643366094215443
-23.974849515951597,-0.17620528198156488
-23.969886613849386,-0.17597712223103487
-23.964923711747176,-0.17574918155750247
-23.959960809644965,-0.1755214598279364
-23.954997907542754,-0.17529395690933813
-23.950035005440544,-0.17506667266873951
-23.945072103338333,-0.1748396069732043
-23.940109201236126,-0.17461275968982815
-23.935146299133915,-0.17438613068573755
-23.930183397031705,-0.17415971982809075
-23.925220494929494,-0.1739335269840779
-23.920257592827284,-0.17370755202092023
-23.915294690725073,-0.1734817948058705
-23.910331788622862,-0.1732562552062132
-23.90536888652065,-0.17303093308926465
-23.90040598441844,-0.1728058283223719
-23.895443082316234,-0.1725809407729142
-23.890480180214023,-0.17235627030830214
-23.885517278111813,-0.1721318167959778
-23.880554376009602,-0.17190758010341495
-23.87559147390739,-0.1716835600981188
-23.87062857180518,-0.17145975664762636
-23.86566566970297,-0.17123616961950594
-23.86070276760076,-0.17101279888135731
-23.85573986549855,-0.1707896443008123
-23.850776963396342,-0.1705667057455344
-23.84581406129413,-0.17034398308321771
-23.84085115919192,-0.1701214761815887
-23.83588825708971,-0.16989918490840558
-23.8309253549875,-0.16967710913145753
-23.82596245288529,-0.16945524871856593
-23.82099955078308,-0.16923360353758346
-23.816036648680868,-0.16901217345639455
-23.811073746578657,-0.16879095834291497
-23.80611084447645,-0.1685699580650926
-23.80114794237424,-0.16834917249090645
-23.79618504027203,-0.16812860148836709
-23.791222138169818,-0.16790824492551765
-23.786259236067608,-0.1676881026704318
-23.781296333965397,-0.1674681745912156
-23.776333431863186,-0.1672484605560062
-23.771370529760976,-0.1670289604329729
-23.76640762765877,-0.16680967409031613
-23.761444725556558,-0.16659060139626858
-23.756481823454347,-0.166371742219094
-23.751518921352137,-0.16615309642708861
-23.746556019249926,-0.16593466388857908
-23.741593117147715,-0.1657164444719251
-23.736630215045505,-0.16549843804551703
-23.731667312943294,-0.1652806444777775
-23.726704410841084,-0.1650630636371606
-23.721741508738877,-0.1648456953921525
-23.716778606636666,-0.16462853961126991
-23.711815704534455,-0.16441159616306267
-23.706852802432245,-0.16419486491611154
-23.701889900330034,-0.16397834573902909
-23.696926998227823,-0.16376203850045967
-23.691964096125613,-0.16354594306907966
-23.687001194023402,-0.1633300593135963
-23.68203829192119,-0.1631143871027498
-23.677075389818985,-0.16289892630531116
-23.672112487716774,-0.16268367679008316
-23.667149585614563,-0.1624686384259007
-23.662186683512353,-0.1622538110816302
-23.657223781410142,-0.1620391946261699
-23.65226087930793,-0.16182478892844995
-23.64729797720572,-0.16161059385743187
-23.64233507510351,-0.16139660928210967
-23.6373721730013,-0.16118283507150782
-23.632409270899092,-0.16096927109468426
-23.627446368796882,-0.16075591722072713
-23.62248346669467,-0.1605427733187572
-23.61752056459246,-0.16032983925792713
-23.61255766249025,-0.16011711490742095
-23.60759476038804,-0.15990460013645433
-23.60263185828583,-0.1596922948142758
-23.597668956183618,-0.15948019881016393
-23.592706054081408,-0.1592683119934312
-23.5877431519792,-0.15905663423342006
-23.58278024987699,-0.15884516539950552
-23.57781734777478,-0.1586339053610948
-23.57285444567257,-0.1584228539876263
-23.567891543570358,-0.1582120111485706
-23.562928641468147,-0.15800137671343
-23.557965739365937,-0.1577909505517384
-23.553002837263726,-0.15758073253306204
-23.548039935161516,-0.1573707225269987
-23.54307703305931,-0.1571609204031784
-23.538114130957098,-0.15695132603126197
-23.533151228854887,-0.15674193928094327
-23.528188326752677,-0.1565327600219475
-23.523225424650466,-0.15632378812403172
-23.518262522548255,-0.1561150234569849
-23.513299620446045,-0.155906465890628
-23.508336718343834,-0.15569811529481375
-23.503373816241623,-0.15548997153942692
-23.498410914139416,-0.15528203449438382
-23.493448012037206,-0.1550743040296329
-23.488485109934995,-0.15486678001515444
-23.483522207832785,-0.1546594623209607
-23.478559305730574,-0.1544523508170958
-23.473596403628363,-0.15424544537363602
-23.468633501526153,-0.15403874586068886
-23.463670599423942,-0.15383225214839416
-23.45870769732173,-0.15362596410692414
-23.453744795219524,-0.15341988160648254
-23.448781893117314,-0.15321400451730452
-23.443818991015103,-0.1530083327096579
-23.438856088912893,-0.15280286605384216
-23.433893186810682,-0.15259760442018883
-23.42893028470847,-0.15239254767906155
-23.42396738260626,-0.15218769570085516
-23.41900448050405,-0.15198304835599732
-23.41404157840184,-0.15177860551494743
-23.409078676299632,-0.15157436704819668
-23.40411577419742,-0.15137033282626813
-23.39915287209521,-0.15116650271971682
-23.394189969993,-0.15096287659913024
-23.38922706789079,-0.15075945433512772
-23.38426416578858,-0.15055623579836
-23.37930126368637,-0.15035322085951036
-23.374338361584158,-0.15015040938929428
-23.369375459481947,-0.14994780125845855
-23.36441255737974,-0.1497453963377824
-23.35944965527753,-0.14954319449807701
-23.35448675317532,-0.14934119561018536
-23.34952385107311,-0.14913939954498284
-23.344560948970898,-0.14893780617337699
-23.339598046868687,-0.14873641536630655
-23.334635144766477,-0.148535226994743
-23.329672242664266,-0.14833424092968955
-23.32470934056206,-0.14813345704218198
-23.31974643845985,-0.14793287520328716
-23.314783536357638,-0.14773249528410476
-23.309820634255427,-0.14753231715576645
-23.304857732153216,-0.14733234068943538
-23.299894830051006,-0.14713256575630765
-23.294931927948795,-0.14693299222761078
-23.289969025846585,-0.1467336199746046
-23.285006123744374,-0.14653444886858075
-23.280043221642167,-0.1463354787808633
-23.275080319539956,-0.14613670958280833
-23.270117417437746,-0.14593814114580395
-23.265154515335535,-0.14573977334126995
-23.260191613233324,-0.14554160604065947
-23.255228711131114,-0.14534363911545603
-23.250265809028903,-0.1451458724371767
-23.245302906926693,-0.14494830587736984
-23.240340004824482,-0.14475093930761626
-23.235377102722275,-0.14455377259952903
-23.230414200620064,-0.1443568056247528
-23.225451298517854,-0.14416003825496487
-23.220488396415643,-0.14396347036187424
-23.215525494313432,-0.14376710181722246
-23.21056259221122,-0.1435709324927833
-23.20559969010901,-0.14337496226036203
-23.2006367880068,-0.14317919099179702
-23.19567388590459,-0.14298361855895758
-23.190710983802383,-0.14278824483374636
-23.185748081700172,-0.14259306968809743
-23.18078517959796,-0.1423980929939771
-23.17582227749575,-0.14220331462338442
-23.17085937539354,-0.1420087344483499
-23.16589647329133,-0.1418143523409369
-23.16093357118912,-0.1416201681732403
-23.15597066908691,-0.14142618181738784
-23.151007766984698,-0.14123239314553865
-23.14604486488249,-0.1410388020298849
-23.14108196278028,-0.14084540834265036
-23.13611906067807,-0.14065221195609134
-23.13115615857586,-0.14045921274249615
-23.12619325647365,-0.14026641057418548
-23.121230354371438,-0.14007380532351255
-23.116267452269227,-0.1398813968628617
-23.111304550167016,-0.13968918506465097
-23.106341648064806,-0.13949716980132942
-23.1013787459626,-0.13930535094537932
-23.096415843860388,-0.1391137283693142
-23.091452941758178,-0.1389223019456808
-23.086490039655967,-0.13873107154705733
-23.081527137553756,-0.13854003704605491
-23.076564235451546,-0.13834919831531625
-23.071601333349335,-0.13815855522751705
-23.066638431247124,-0.13796810765536469
-23.061675529144914,-0.13777785547159918
-23.056712627042707,-0.13758779854899267
-23.051749724940496,-0.1373979367603495
-23.046786822838286,-0.13720826997850663
-23.041823920736075,-0.13701879807633288
-23.036861018633864,-0.13682952092672965
-23.031898116531654,-0.13664043840263063
-23.026935214429443,-0.13645155037700196
-23.021972312327232,-0.13626285672284164
-23.017009410225022,-0.1360743573131804
-23.012046508122815,-0.13588605202108114
-23.007083606020604,-0.13569794071963887
-23.002120703918393,-0.13551002328198153
-22.997157801816183,-0.13532229958126865
-22.992194899713972,-0.13513476949069286
-22.98723199761176,-0.13494743288347852
-22.98226909550955,-0.13476028963288247
-22.97730619340734,-0.13457333961219417
-22.97234329130513,-0.1343865826947353
-22.967380389202923,-0.13420001875385987
-22.962417487100712,-0.13401364766295412
-22.9574545849985,-0.13382746929543685
-22.95249168289629,-0.13364148352475927
-22.94752878079408,-0.13345569022440482
-22.94256587869187,-0.1332700892678895
-22.93760297658966,-0.1330846805287615
-22.93264007448745,-0.13289946388060148
-22.927677172385238,-0.13271443919702267
-22.92271427028303,-0.1325296063516705
-22.91775136818082,-0.13234496521822275
-22.91278846607861,-0.1321605156703896
-22.9078255639764,-0.13197625758191436
-22.902862661874188,-0.13179219082657156
-22.897899759771978,-0.13160831527816913
-22.892936857669767,-0.13142463081054698
-22.887973955567556,-0.13124113729757755
-22.883011053465346,-0.13105783461316564
-22.87804815136314,-0.13087472263124883
-22.873085249260928,-0.13069180122579682
-22.868122347158717,-0.13050907027081154
-22.863159445056507,-0.13032652964032804
-22.858196542954296,-0.13014417920841334
-22.853233640852086,-0.12996201884916697
-22.848270738749875,-0.12978004843672133
-22.843307836647664,-0.12959826784524073
-22.838344934545457,-0.12941667694892245
-22.833382032443247,-0.12923527562199563
-22.828419130341036,-0.12905406373872294
-22.823456228238825,-0.12887304117339826
-22.818493326136615,-0.12869220780034907
-22.813530424034404,-0.12851156349393478
-22.808567521932194,-0.12833110812854756
-22.803604619829983,-0.1281508415786117
-22.798641717727772,-0.12797076371858448
-22.793678815625565,-0.12779087442295578
-22.788715913523355,-0.12761117356624696
-22.783753011421144,-0.12743166102301354
-22.778790109318933,-0.1272523366678421
-22.773827207216723,-0.12707320037535272
-22.768864305114512,-0.12689425202019783
-22.7639014030123,-0.12671549147706201
-22.75893850091009,-0.12653691862066266
-22.75397559880788,-0.12635853332574998
-22.749012696705673,-0.12618033546710644
-22.744049794603463,-0.12600232491954702
-22.739086892501252,-0.12582450155791944
-22.73412399039904,-0.125646865257104
-22.72916108829683,-0.12546941589201357
-22.72419818619462,-0.12529215333759353
-22.71923528409241,-0.12511507746882203
-22.7142723819902,-0.12493818816070958
-22.709309479887988,-0.12476148528829938
-22.70434657778578,-0.12458496872666758
-22.69938367568357,-0.12440863835092218
-22.69442077358136,-0.12423249403620448
-22.68945787147915,-0.12405653565768847
-22.68449496937694,-0.12388076309057981
-22.679532067274728,-0.12370517621011787
-22.674569165172517,-0.12352977489157443
-22.669606263070307,-0.1233545590102532
-22.664643360968096,-0.12317952844149148
-22.65968045886589,-0.12300468306065881
-22.65471755676368,-0.12283002274315706
-22.649754654661468,-0.12265554736442133
-22.644791752559257,-0.12248125679991884
-22.639828850457047,-0.1223071509251499
-22.634865948354836,-0.1221332296156477
-22.629903046252625,-0.1219594927469774
-22.624940144150415,-0.12178594019473725
-22.619977242048204,-0.1216125718345583
-22.615014339945997,-0.12143938754210419
-22.610051437843786,-0.12126638719307092
-22.605088535741576,-0.12109357066318767
-22.600125633639365,-0.12092093782821618
-22.595162731537155,-0.12074848856395075
-22.590199829434944,-0.12057622274621856
-22.585236927332733,-0.12040414025087963
-22.580274025230523,-0.12023224095382622
-22.575311123128312,-0.1200605247309839
-22.570348221026105,-0.11988899145831086
-22.565385318923894,-0.11971764101179756
-22.560422416821684,-0.11954647326746767
-22.555459514719473,-0.1193754881013774
-22.550496612617263,-0.11920468538961587
-22.545533710515052,-0.11903406500830495
-22.54057080841284,-0.11886362683359908
-22.53560790631063,-0.11869337074168564
-22.53064500420842,-0.1185232966087848
-22.525682102106213,-0.11835340431114946
-22.520719200004002,-0.11818369372506522
-22.515756297901792,-0.11801416472685047
-22.51079339579958,-0.11784481719285668
-22.50583049369737,-0.11767565099946789
-22.50086759159516,-0.1175066660231008
-22.49590468949295,-0.11733786214020511
-22.49094178739074,-0.11716923922726347
-22.485978885288528,-0.11700079716079108
-22.48101598318632,-0.11683253581733598
-22.47605308108411,-0.11666445507347929
-22.4710901789819,-0.11649655480583462
-22.46612727687969,-0.11632883489104878
-22.46116437477748,-0.11616129520580101
-22.456201472675268,-0.11599393562680382
-22.451238570573057,-0.1158267560308022
-22.446275668470847,-0.1156597562945745
-22.441312766368636,-0.11549293629493115
-22.43634986426643,-0.11532629590871644
-22.43138696216422,-0.11515983501280645
-22.426424060062008,-0.114993553484111
-22.421461157959797,-0.1148274511995724
-22.416498255857586,-0.11466152803616574
-22.411535353755376,-0.11449578387089959
-22.406572451653165,-0.11433021858081471
-22.401609549550955,-0.11416483204298504
-22.396646647448748,-0.11399962413451764
-22.391683745346537,-0.11383459473255193
-22.386720843244326,-0.11366974371426103
-22.381757941142116,-0.11350507095685028
-22.376795039039905,-0.1133405763375581
-22.371832136937694,-0.11317625973365641
-22.366869234835484,-0.11301212102244906
-22.361906332733273,-0.11284816008127392
-22.356943430631063,-0.11268437678750091
-22.351980528528856,-0.11252077101853343
-22.347017626426645,-0.11235734265180757
-22.342054724324434,-0.1121940915647926
-22.337091822222224,-0.11203101763499061
-22.332128920120013,-0.11186812073993656
-22.327166018017802,-0.11170540075719854
-22.322203115915592,-0.11154285756437794
-22.31724021381338,-0.11138049103910823
-22.31227731171117,-0.11121830105905679
-22.307314409608964,-0.11105628750192363
-22.302351507506753,-0.11089445024544164
-22.297388605404542,-0.11073278916737693
-22.29242570330233,-0.11057130414552846
-22.28746280120012,-0.11040999505772817
-22.28249989909791,-0.11024886178184139
-22.2775369969957,-0.11008790419576607
-22.27257409489349,-0.10992712217743328
-22.26761119279128,-0.10976651560480734
-22.26264829068907,-0.10960608435588542
-22.25768538858686,-0.10944582830869755
-22.25272248648465,-0.10928574734130715
-22.24775958438244,-0.10912584133181052
-22.24279668228023,-0.10896611015833725
-22.23783378017802,-0.1088065536990497
-22.232870878075808,-0.10864717183214329
-22.227907975973597,-0.10848796443584659
-22.222945073871387,-0.10832893138842152
-22.21798217176918,-0.10817007256816306
-22.21301926966697,-0.10801138785339857
-22.208056367564758,-0.10785287712248934
-22.203093465462548,-0.1076945402538292
-22.198130563360337,-0.10753637712584567
-22.193167661258126,-0.10737838761699874
-22.188204759155916,-0.10722057160578202
-22.183241857053705,-0.10706292897072187
-22.178278954951494,-0.10690545959037803
-22.173316052849287,-0.1067481633433434
-22.168353150747077,-0.10659104010824366
-22.163390248644866,-0.10643408976373797
-22.158427346542656,-0.10627731218851863
-22.153464444440445,-0.10612070726131066
-22.148501542338234,-0.105964274860873
-22.143538640236024,-0.10580801486599722
-22.138575738133813,-0.10565192715550797
-22.133612836031602,-0.10549601160826334
-22.128649933929395,-0.1053402681031549
-22.123687031827185,-0.1051846965191064
-22.118724129724974,-0.10502929673507573
-22.113761227622764,-0.10487406863005379
-22.108798325520553,-0.10471901208306425
-22.103835423418342,-0.10456412697316438
-22.09887252131613,-0.10440941317944452
-22.09390961921392,-0.10425487058102839
-22.08894671711171,-0.10410049905707258
-22.083983815009503,-0.10394629848676742
-22.079020912907293,-0.10379226874933584
-22.074058010805082,-0.10363840972403449
-22.06909510870287,-0.1034847212901529
-22.06413220660066,-0.1033312033270143
-22.05916930449845,-0.1031778557139749
-22.05420640239624,-0.10302467833042393
-22.04924350029403,-0.1028716710557844
-22.04428059819182,-0.10271883376951213
-22.03931769608961,-0.10256616635109662
-22.0343547939874,-0.10241366868006005
-22.02939189188519,-0.10226134063595853
-22.02442898978298,-0.10210918209838112
-22.01946608768077,-0.10195719294695012
-22.01450318557856,-0.10180537306132137
-22.009540283476348,-0.10165372232118382
-22.004577381374137,-0.10150224060625991
-21.999614479271926,-0.10135092779630502
-21.99465157716972,-0.10119978377110836
-21.98968867506751,-0.10104880841049196
-21.984725772965298,-0.1008980015943116
-21.979762870863087,-0.10074736320245611
-21.974799968760877,-0.10059689311484785
-21.969837066658666,-0.1004465912114423
-21.964874164556456,-0.1002964573722286
-21.959911262454245,-0.10014649147722893
-21.954948360352034,-0.099996693406499
-21.949985458249827,-0.09984706304012798
-21.945022556147617,-0.09969760025823815
-21.940059654045406,-0.09954830494098534
-21.935096751943195,-0.09939917696855873
-21.930133849840985,-0.09925021622118077
-21.925170947738774,-0.09910142257910783
-21.920208045636564,-0.09895279592262861
-21.915245143534353,-0.09880433613206635
-21.910282241432146,-0.09865604308777731
-21.905319339329935,-0.0985079166701507
-21.900356437227725,-0.09835995675960961
-21.895393535125514,-0.09821216323661054
-21.890430633023303,-0.09806453598164341
-21.885467730921093,-0.09791707487523134
-21.880504828818882,-0.09776977979793117
-21.87554192671667,-0.09762265063033305
-21.87057902461446,-0.0974756872530607
-21.865616122512254,-0.09732888954677119
-21.860653220410043,-0.09718225739215484
-21.855690318307833,-0.09703579066993587
-21.850727416205622,-0.09688948926087179
-21.84576451410341,-0.09674335304575347
-21.8408016120012,-0.09659738190540533
-21.83583870989899,-0.09645157572068559
-21.83087580779678,-0.0963059343724853
-21.82591290569457,-0.09616045774172956
-21.820950003592362,-0.09601514570937691
-21.81598710149015,-0.09586999815641928
-21.81102419938794,-0.09572501496388208
-21.80606129728573,-0.09558019601282422
-21.80109839518352,-0.09543554118433838
-21.79613549308131,-0.09529105035955052
-21.791172590979098,-0.09514672341962027
-21.786209688876887,-0.09500256024574083
-21.781246786774677,-0.09485856071913878
-21.77628388467247,-0.09471472472107459
-21.77132098257026,-0.09457105213284181
-21.76635808046805,-0.09442754283576771
-21.761395178365838,-0.0942841967112136
-21.756432276263627,-0.09414101364057374
-21.751469374161417,-0.09399799350527636
-21.746506472059206,-0.09385513618678315
-21.741543569956995,-0.09371244156658937
-21.736580667854785,-0.09356990952622388
-21.731617765752578,-0.09342753994724924
-21.726654863650367,-0.09328533271126149
-21.721691961548157,-0.09314328769989022
-21.716729059445946,-0.09300140479479914
-21.711766157343735,-0.09285968387768496
-21.706803255241525,-0.09271812483027822
-21.701840353139314,-0.0925767275343433
-21.696877451037103,-0.09243549187167824
-21.691914548934893,-0.09229441772411431
-21.686951646832686,-0.09215350497351685
-21.681988744730475,-0.09201275350178459
-21.677025842628264,-0.09187216319085023
-21.672062940526054,-0.09173173392267962
-21.667100038423843,-0.09159146557927317
-21.662137136321633,-0.09145135804266388
-21.657174234219422,-0.09131141119491942
-21.65221133211721,-0.09117162491814051
-21.647248430015,-0.09103199909446179
-21.642285527912794,-0.09089253360605185
-21.637322625810583,-0.09075322833511255
-21.632359723708372,-0.09061408316387956
-21.627396821606162,-0.09047509797462257
-21.62243391950395,-0.09033627264964482
-21.61747101740174,-0.0901976070712832
-21.61250811529953,-0.09005910112190843
-21.60754521319732,-0.08992075468392505
-21.60258231109511,-0.08978256763977102
-21.5976194089929,-0.08964453987191863
-21.59265650689069,-0.08950667126287351
-21.58769360478848,-0.08936896169517496
-21.58273070268627,-0.08923141105139643
-21.57776780058406,-0.089094019214145
-21.57280489848185,-0.08895678606606142
-21.567841996379638,-0.08881971148982046
-21.562879094277427,-0.08868279536813028
-21.557916192175217,-0.08854603758373339
-21.55295329007301,-0.08840943801940591
-21.5479903879708,-0.08827299655795746
-21.54302748586859,-0.08813671308223173
-21.538064583766378,-0.08800058747510635
-21.533101681664167,-0.0878646196194926
-21.528138779561957,-0.08772880939833566
-21.523175877459746,-0.08759315669461472
-21.518212975357535,-0.08745766139134234
-21.513250073255325,-0.08732232337156552
-21.508287171153118,-0.08718714251836497
-21.503324269050907,-0.08705211871485477
-21.498361366948696,-0.08691725184418343
-21.493398464846486,-0.08678254178953337
-21.488435562744275,-0.08664798843412033
-21.483472660642065,-0.08651359166119468
-21.478509758539854,-0.08637935135404017
-21.473546856437643,-0.08624526739597445
-21.468583954335436,-0.08611133967034947
-21.463621052233226,-0.08597756806055067
-21.458658150131015,-0.08584395244999778
-21.453695248028804,-0.08571049272214404
-21.448732345926594,-0.08557718876047705
-21.443769443824383,-0.085444040448518
-21.438806541722172,-0.08531104766982231
-21.433843639619962,-0.0851782103079792
-21.42888073751775,-0.0850455282466118
-21.423917835415544,-0.08491300136937747
-21.418954933313334,-0.08478062955996722
-21.413992031211123,-0.08464841270210599
-21.409029129108912,-0.08451635067955314
-21.4040662270067,-0.0843844433761015
-21.39910332490449,-0.08425269067557824
-21.39414042280228,-0.08412109246184449
-21.38917752070007,-0.08398964861879532
-21.38421461859786,-0.08385835903035983
-21.379251716495652,-0.08372722358050093
-21.37428881439344,-0.08359624215321595
-21.36932591229123,-0.08346541463253589
-21.36436301018902,-0.08333474090252616
-21.35940010808681,-0.08320422084728571
-21.3544372059846,-0.08307385435094784
-21.34947430388239,-0.08294364129768021
-21.344511401780178,-0.08281358157168392
-21.339548499677967,-0.08268367505719444
-21.33458559757576,-0.08255392163848146
-21.32962269547355,-0.08242432119984845
-21.32465979337134,-0.08229487362563308
-21.31969689126913,-0.0821655788002072
-21.314733989166918,-0.08203643660797653
-21.309771087064707,-0.0819074469333814
-21.304808184962496,-0.08177860966089558
-21.299845282860286,-0.08164992467502731
-21.294882380758075,-0.08152139186031902
-21.289919478655868,-0.08139301110134735
-21.284956576553657,-0.08126478228272241
-21.279993674451447,-0.08113670528908916
-21.275030772349236,-0.08100878000512649
-21.270067870247026,-0.08088100631554734
-21.265104968144815,-0.08075338410509904
-21.260142066042604,-0.08062591325856278
-21.255179163940394,-0.08049859366075411
-21.250216261838183,-0.0803714251965228
-21.245253359735976,-0.08024440775075282
-21.240290457633765,-0.08011754120836193
-21.235327555531555,-0.07999082545430257
-21.230364653429344,-0.07986426037356108
-21.225401751327134,-0.07973784585115826
-21.220438849224923,-0.07961158177214901
-21.215475947122712,-0.07948546802162229
-21.2105130450205,-0.07935950448470155
-21.20555014291829,-0.07923369104654426
-21.200587240816084,-0.07910802759234246
-21.195624338713873,-0.0789825140073219
-21.190661436611663,-0.078857150176743
-21.185698534509452,-0.07873193598590039
-21.18073563240724,-0.07860687132012273
-21.17577273030503,-0.07848195606477325
-21.17080982820282,-0.07835719010524943
-21.16584692610061,-0.07823257332698254
-21.1608840239984,-0.07810810561543897
-21.155921121896192,-0.07798378685611877
-21.15095821979398,-0.07785961693455651
-21.14599531769177,-0.07773559573632086
-21.14103241558956,-0.07761172314701527
-21.13606951348735,-0.07748799905227714
-21.13110661138514,-0.07736442333777824
-21.12614370928293,-0.07724099588922488
-21.121180807180718,-0.07711771659235749
-21.116217905078507,-0.07699458533295077
-21.1112550029763,-0.07687160199681412
-21.10629210087409,-0.0767487664697911
-21.10132919877188,-0.07662607863775953
-21.096366296669668,-0.07650353838663178
-21.091403394567457,-0.07638114560235454
-21.086440492465247,-0.07625890017090901
-21.081477590363036,-0.07613680197831041
-21.076514688260826,-0.07601485091060883
-21.071551786158615,-0.07589304685388838
-21.066588884056408,-0.07577138969426804
-21.061625981954197,-0.07564987931790047
-21.056663079851987,-0.07552851561097351
-21.051700177749776,-0.07540729845970927
-21.046737275647565,-0.0752862277503638
-21.041774373545355,-0.0751653033692281
-21.036811471443144,-0.07504452520262765
-21.031848569340934,-0.07492389313692206
-21.026885667238727,-0.07480340705850563
-21.021922765136516,-0.07468306685380693
-21.016959863034305,-0.07456287240928935
-21.011996960932095,-0.07444282361145037
-21.007034058829884,-0.07432292034682228
-21.002071156727673,-0.07420316250197169
-20.997108254625463,-0.07408354996349975
-20.992145352523252,-0.07396408261804238
-20.98718245042104,-0.0738447603522695
-20.982219548318835,-0.07372558305288593
-20.977256646216624,-0.07360655060663107
-20.972293744114413,-0.0734876629002784
-20.967330842012203,-0.07336891982063658
-20.962367939909992,-0.07325032125454839
-20.95740503780778,-0.07313186708889127
-20.95244213570557,-0.07301355721057727
-20.94747923360336,-0.07289539150655298
-20.94251633150115,-0.07277736986379964
-20.937553429398942,-0.07265949216933307
-20.932590527296732,-0.07254175831020347
-20.92762762519452,-0.07242416817349576
-20.92266472309231,-0.07230672164632967
-20.9177018209901,-0.07218941861585935
-20.91273891888789,-0.07207225896927362
-20.90777601678568,-0.07195524259379582
-20.902813114683468,-0.07183836937668406
-20.897850212581258,-0.0717216392052311
-20.89288731047905,-0.07160505196676431
-20.88792440837684,-0.07148860754864554
-20.88296150627463,-0.0713723058382716
-20.87799860417242,-0.07125614672307383
-20.873035702070208,-0.07114013009051805
-20.868072799967997,-0.07102425582810512
-20.863109897865787,-0.07090852382337057
-20.858146995763576,-0.07079293396388425
-20.853184093661365,-0.07067748613725101
-20.84822119155916,-0.07056218023111058
-20.843258289456948,-0.0704470161331368
-20.838295387354737,-0.07033199373103874
-20.833332485252527,-0.07021711291256022
-20.828369583150316,-0.07010237356547941
-20.823406681048105,-0.06998777557760963
-20.818443778945895,-0.0698733188367988
-20.813480876843684,-0.06975900323092947
-20.808517974741473,-0.06964482864791925
-20.803555072639266,-0.06953079497572019
-20.798592170537056,-0.06941690210231932
-20.793629268434845,-0.06930314991573834
-20.788666366332635,-0.06918953830403403
-20.783703464230424,-0.06907606715529746
-20.778740562128213,-0.06896273635765499
-20.773777660026003,-0.06884954579926772
-20.768814757923792,-0.06873649536833129
-20.76385185582158,-0.0686235849530763
-20.758888953719374,-0.06851081444176854
-20.753926051617164,-0.06839818372270799
-20.748963149514953,-0.06828569268423003
-20.744000247412743,-0.0681733412147046
-20.739037345310532,-0.0680611292025366
-20.73407444320832,-0.06794905653616588
-20.72911154110611,-0.06783712310406717
-20.7241486390039,-0.06772532879474978
-20.71918573690169,-0.0676136734967584
-20.714222834799482,-0.06750215709867231
-20.70925993269727,-0.06739077948910549
-20.70429703059506,-0.06727954055670744
-20.69933412849285,-0.06716844019016213
-20.69437122639064,-0.0670574782781886
-20.68940832428843,-0.06694665470954078
-20.68444542218622,-0.06683596937300763
-20.679482520084008,-0.06672542215741292
-20.674519617981797,-0.06661501295161543
-20.66955671587959,-0.06650474164450916
-20.66459381377738,-0.06639460812502278
-20.65963091167517,-0.06628461228211992
-20.65466800957296,-0.06617475400479929
-20.649705107470748,-0.06606503318209478
-20.644742205368537,-0.06595544970307499
-20.639779303266327,-0.06584600345684372
-20.634816401164116,-0.06573669433253983
-20.629853499061905,-0.0656275222193369
-20.6248905969597,-0.06551848700644396
-20.619927694857488,-0.06540958858310465
-20.614964792755277,-0.06530082683859807
-20.610001890653066,-0.06519220166223808
-20.605038988550856,-0.06508371294337366
-20.600076086448645,-0.06497536057138907
-20.595113184346435,-0.0648671444357034
-20.590150282244224,-0.06475906442577095
-20.585187380142013,-0.06465112043108104
-20.580224478039806,-0.06454331234115819
-20.575261575937596,-0.06443564004556189
-20.570298673835385,-0.0643281034338867
-20.565335771733174,-0.06422070239576272
-20.560372869630964,-0.06411343682085469
-20.555409967528753,-0.06400630659886278
-20.550447065426543,-0.06389931161952213
-20.545484163324332,-0.0637924517726031
-20.540521261222125,-0.06368572694791153
-20.535558359119914,-0.06357913703528757
-20.530595457017704,-0.06347268192460756
-20.525632554915493,-0.06336636150578238
-20.520669652813282,-0.06326017566875825
-20.51570675071107,-0.06315412430351681
-20.51074384860886,-0.06304820730007463
-20.50578094650665,-0.06294242454848346
-20.50081804440444,-0.06283677593883051
-20.495855142302233,-0.06273126136123823
-20.490892240200022,-0.06262588070586404
-20.48592933809781,-0.06252063386290073
-20.4809664359956,-0.062415520722576494
-20.47600353389339,-0.06231054117515458
-20.47104063179118,-0.062205695110933594
-20.46607772968897,-0.06210098242024748
-20.46111482758676,-0.06199640299346521
-20.456151925484548,-0.06189195672099144
-20.45118902338234,-0.06178764349326605
-20.44622612128013,-0.06168346320076359
-20.44126321917792,-0.06157941573399497
-20.43630031707571,-0.06147550098350558
-20.4313374149735,-0.06137171883987642
-20.426374512871288,-0.061268069193724184
-20.421411610769077,-0.061164551935700286
-20.416448708666866,-0.061061166956491934
-20.411485806564656,-0.060957914146821494
-20.40652290446245,-0.060854793397446934
-20.401560002360238,-0.06075180459916118
-20.396597100258028,-0.06064894764279308
-20.391634198155817,-0.060546222419206354
-20.386671296053606,-0.060443628819300495
-20.381708393951396,-0.060341166734010264
-20.376745491849185,-0.06023883605430588
-20.371782589746974,-0.06013663667119293
-20.366819687644764,-0.06003456847571247
-20.361856785542557,-0.05993263135894121
-20.356893883440346,-0.05983082521199073
-20.351930981338135,-0.059729149926008786
-20.346968079235925,-0.059627605392178026
-20.342005177133714,-0.05952619150171685
-20.337042275031504,-0.059424908145879196
-20.332079372929293,-0.0593237552159543
-20.327116470827082,-0.05922273260326697
-20.32215356872487,-0.059121840199177676
-20.317190666622665,-0.05902107789508228
-20.312227764520454,-0.05892044558241193
-20.307264862418243,-0.058819943152633634
-20.302301960316033,-0.05871957049724995
-20.297339058213822,-0.0586193275077987
-20.29237615611161,-0.05851921407585356
-20.2874132540094,-0.058419230093023605
-20.28245035190719,-0.058319375450953524
-20.27748744980498,-0.05821965004132361
-20.272524547702773,-0.05812005375584972
-20.267561645600562,-0.05802058648628329
-20.26259874349835,-0.057921248124411254
-20.25763584139614,-0.057822038562056526
-20.25267293929393,-0.05772295769107724
-20.24771003719172,-0.057624005403367415
-20.24274713508951,-0.057525181590856525
-20.2377842329873,-0.05742648614550976
-20.232821330885088,-0.057327918959328206
-20.22785842878288,-0.05722947992434828
-20.22289552668067,-0.05713116893264206
-20.21793262457846,-0.057032985876317596
-20.21296972247625,-0.056934930647518305
-20.208006820374038,-0.05683700313842368
-20.203043918271828,-0.056739203241248495
-20.198081016169617,-0.05664153084824363
-20.193118114067406,-0.056543985851695365
-20.188155211965196,-0.056446568143925825
-20.18319230986299,-0.0563492776172931
-20.178229407760778,-0.05625211416419057
-20.173266505658567,-0.0561550776770478
-20.168303603556357,-0.05605816804832996
-20.163340701454146,-0.05596138517053787
-20.158377799351936,-0.05586472893620831
-20.153414897249725,-0.055768199237913714
-20.148451995147514,-0.05567179596826258
-20.143489093045304,-0.05557551901989885
-20.138526190943097,-0.055479368285502526
-20.133563288840886,-0.055383343657789276
-20.128600386738675,-0.05528744502951089
-20.123637484636465,-0.05519167229345454
-20.118674582534254,-0.055096025342443705
-20.113711680432043,-0.055000504069337514
-20.108748778329833,-0.05490510836703083
-20.103785876227622,-0.054809838128454726
-20.098822974125415,-0.05471469324657602
-20.093860072023205,-0.05461967361439715
-20.088897169920994,-0.05452477912495689
-20.083934267818783,-0.054430009671329625
-20.078971365716573,-0.054335365146625805
-20.074008463614362,-0.05424084544399169
-20.06904556151215,-0.05414645045660974
-20.06408265940994,-0.05405218007769807
-20.05911975730773,-0.05395803420051081
-20.054156855205523,-0.05386401271833832
-20.049193953103313,-0.05377011552450645
-20.044231051001102,-0.05367634251237749
-20.03926814889889,-0.053582693575349435
-20.03430524679668,-0.053489168606856395
-20.02934234469447,-0.05339576750036857
-20.02437944259226,-0.053302490149391965
-20.01941654049005,-0.053209336447468863
-20.014453638387838,-0.05311630628817732
-20.00949073628563,-0.053023399565131704
-20.00452783418342,-0.052930616171982185
-19.99956493208121,-0.05283795600241519
-19.994602029979,-0.05274541895015313
-19.98963912787679,-0.05265300490895446
-19.984676225774578,-0.052560713772613815
-19.979713323672367,-0.05246854543496189
-19.974750421570157,-0.05237649978986555
-19.969787519467946,-0.052284576731227626
-19.96482461736574,-0.05219277615298722
-19.95986171526353,-0.0521010979491195
-19.954898813161318,-0.052009542013635716
-19.949935911059107,-0.05191810824058351
-19.944973008956897,-0.0518267965240464
-19.940010106854686,-0.05173560675814427
-19.935047204752475,-0.05164453883703317
-19.930084302650265,-0.05155359265490511
-19.925121400548054,-0.051462768105988696
-19.920158498445847,-0.051372065084548384
-19.915195596343636,-0.05128148348488503
-19.910232694241426,-0.0511910232013357
-19.905269792139215,-0.05110068412827364
-19.900306890037005,-0.05101046616010841
-19.895343987934794,-0.050920369191285744
-19.890381085832583,-0.05083039311628781
-19.885418183730373,-0.050740537829632816
-19.880455281628162,-0.0506508032258754
-19.875492379525955,-0.0505611891996065
-19.870529477423744,-0.050471695645453236
-19.865566575321534,-0.050382322458079234
-19.860603673219323,-0.0502930695321842
-19.855640771117113,-0.05020393676250437
-19.850677869014902,-0.0501149240438123
-19.84571496691269,-0.05002603127091671
-19.84075206481048,-0.049937258338662936
-19.83578916270827,-0.049848605141932456
-19.830826260606063,-0.04976007157564334
-19.825863358503852,-0.049671657534749905
-19.82090045640164,-0.049583362914242785
-19.81593755429943,-0.04949518760914923
-19.81097465219722,-0.04940713151453272
-19.80601175009501,-0.049319194525493396
-19.8010488479928,-0.04923137653716749
-19.79608594589059,-0.04914367744472805
-19.791123043788378,-0.049056097143384325
-19.78616014168617,-0.048968635528382064
-19.78119723958396,-0.04888129249500356
-19.77623433748175,-0.048794067938567526
-19.77127143537954,-0.048706961754429234
-19.76630853327733,-0.04861997383798041
-19.761345631175118,-0.04853310408464932
-19.756382729072907,-0.048446352389900624
-19.751419826970697,-0.04835971864923586
-19.746456924868486,-0.048273202758192656
-19.74149402276628,-0.04818680461234557
-19.73653112066407,-0.048100524107305434
-19.731568218561858,-0.0480143611387198
-19.726605316459647,-0.04792831560227281
-19.721642414357436,-0.04784238739368507
-19.716679512255226,-0.047756576408713974
-19.711716610153015,-0.04767088254315352
-19.706753708050805,-0.04758530569283403
-19.701790805948594,-0.04749984575362282
-19.696827903846387,-0.04741450262142365
-19.691865001744176,-0.047329276192176875
-19.686902099641966,-0.04724416636185974
-19.681939197539755,-0.04715917302648589
-19.676976295437544,-0.04707429608210584
-19.672013393335334,-0.046989535424806834
-19.667050491233123,-0.046904890950712534
-19.662087589130913,-0.046820362555983645
-19.657124687028702,-0.04673595013681736
-19.652161784926495,-0.04665165358944782
-19.647198882824284,-0.046567472810145595
-19.642235980722074,-0.046483407695218255
-19.637273078619863,-0.04639945814101002
-19.632310176517652,-0.04631562404390192
-19.627347274415442,-0.046231905300311835
-19.62238437231323,-0.04614830180669432
-19.61742147021102,-0.046064813459540735
-19.612458568108813,-0.04598144015537933
-19.607495666006603,-0.0458981817907751
-19.602532763904392,-0.04581503826232994
-19.59756986180218,-0.04573200946668245
-19.59260695969997,-0.045649095300508376
-19.58764405759776,-0.0455662956605199
-19.58268115549555,-0.04548361044346651
-19.57771825339334,-0.045401039546134274
-19.57275535129113,-0.04531858286534622
-19.56779244918892,-0.045236240297962464
-19.56282954708671,-0.04515401174087975
-19.5578666449845,-0.04507189709103186
-19.55290374288229,-0.044989896245389654
-19.54794084078008,-0.044908009100960634
-19.54297793867787,-0.04482623555478965
-19.538015036575658,-0.04474457550395817
-19.533052134473447,-0.044663028845584776
-19.528089232371237,-0.04458159547682513
-19.52312633026903,-0.04450027529487174
-19.51816342816682,-0.04441906819695408
-19.513200526064608,-0.04433797408033889
-19.508237623962398,-0.04425699284232968
-19.503274721860187,-0.044176124380267114
-19.498311819757976,-0.04409536859152892
-19.493348917655766,-0.044014725373529934
-19.488386015553555,-0.043934194623721855
-19.483423113451344,-0.04385377623959368
-19.478460211349137,-0.04377347011867154
-19.473497309246927,-0.04369327615851829
-19.468534407144716,-0.043613194256734225
-19.463571505042506,-0.043533224310956894
-19.458608602940295,-0.0434533662188606
-19.453645700838084,-0.043373619878156994
-19.448682798735874,-0.04329398518659492
-19.443719896633663,-0.04321446204196024
-19.438756994531452,-0.04313505034207622
-19.433794092429245,-0.04305574998480317
-19.428831190327035,-0.04297656086803844
-19.423868288224824,-0.042897482889716926
-19.418905386122614,-0.042818515947810484
-19.413942484020403,-0.04273965994032841
-19.408979581918192,-0.042660914765317005
-19.40401667981598,-0.04258228032086005
-19.39905377771377,-0.04250375650507842
-19.39409087561156,-0.04242534321613046
-19.389127973509353,-0.04234704035221162
-19.384165071407143,-0.042268847811554634
-19.379202169304932,-0.04219076549242964
-19.37423926720272,-0.042112793293144136
-19.36927636510051,-0.04203493111204285
-19.3643134629983,-0.04195717884750791
-19.35935056089609,-0.041879536397958765
-19.35438765879388,-0.04180200366185224
-19.34942475669167,-0.04172458053768255
-19.34446185458946,-0.04164726692398136
-19.33949895248725,-0.04157006271931748
-19.33453605038504,-0.04149296782229743
-19.32957314828283,-0.04141598213156494
-19.32461024618062,-0.04133910554580137
-19.31964734407841,-0.0412623379637253
-19.314684441976198,-0.04118567928409291
-19.309721539873987,-0.04110912940569781
-19.304758637771776,-0.04103268822737113
-19.29979573566957,-0.04095635564798134
-19.29483283356736,-0.040880131566434594
-19.289869931465148,-0.04080401588167437
-19.284907029362937,-0.04072800849268185
-19.279944127260727,-0.040652109298475646
-19.274981225158516,-0.04057631819811193
-19.270018323056306,-0.04050063509068436
-19.265055420954095,-0.04042505987532435
-19.260092518851884,-0.04034959245120077
-19.255129616749677,-0.040274232717519974
-19.250166714647467,-0.04019898057352614
-19.245203812545256,-0.04012383591850081
-19.240240910443045,-0.04004879865176348
-19.235278008340835,-0.03997386867267088
-19.230315106238624,-0.03989904588061775
-19.225352204136414,-0.03982433017503624
-19.220389302034203,-0.039749721455396306
-19.215426399931992,-0.03967521962120554
-19.210463497829785,-0.03960082457200932
-19.205500595727575,-0.03952653620739043
-19.200537693625364,-0.0394523544269697
-19.195574791523153,-0.03937827913040565
-19.190611889420943,-0.0393043102173943
-19.185648987318732,-0.039230447587669706
-19.18068608521652,-0.039156691141003494
-19.17572318311431,-0.03908304077720518
-19.170760281012104,-0.039009496396122015
-19.165797378909893,-0.03893605789763903
-19.160834476807683,-0.03886272518167908
-19.155871574705472,-0.03878949814820289
-19.15090867260326,-0.03871637669720897
-19.14594577050105,-0.03864336072873372
-19.14098286839884,-0.03857045014285127
-19.13601996629663,-0.038497644839673856
-19.13105706419442,-0.03842494471935141
-19.126094162092212,-0.03835234968207184
-19.12113125999,-0.038279859628060825
-19.11616835788779,-0.038207474457582095
-19.11120545578558,-0.03813519407093736
-19.10624255368337,-0.0380630183684661
-19.10127965158116,-0.03799094725054588
-19.096316749478948,-0.03791898061759223
-19.091353847376737,-0.03784711837005852
-19.086390945274527,-0.0377753604084363
-19.08142804317232,-0.03770370663325509
-19.07646514107011,-0.03763215694508223
-19.0715022389679,-0.03756071124452319
-19.066539336865688,-0.03748936943222166
-19.061576434763477,-0.03741813140885916
-19.056613532661267,-0.03734699707515538
-19.051650630559056,-0.03727596633186799
-19.046687728456845,-0.03720503907979288
-19.041724826354635,-0.037134215219763914
-19.036761924252428,-0.03706349465265326
-19.031799022150217,-0.03699287727937086
-19.026836120048007,-0.03692236300086517
-19.021873217945796,-0.036851951718122514
-19.016910315843585,-0.0367816433321676
-19.011947413741375,-0.03671143774406322
-19.006984511639164,-0.03664133485491016
-19.002021609536953,-0.03657133456584778
-18.997058707434743,-0.03650143677805342
-18.992095805332536,-0.03643164139274273
-18.987132903230325,-0.036361948311169366
-18.982170001128114,-0.036292357434625507
-18.977207099025904,-0.03622286866444154
-18.972244196923693,-0.03615348190198602
-18.967281294821483,-0.03608419704866595
-18.962318392719272,-0.036015014005926486
-18.95735549061706,-0.03594593267525108
-18.95239258851485,-0.03587695295816169
-18.947429686412644,-0.03580807475621846
-18.942466784310433,-0.03573929797101985
-18.937503882208222,-0.03567062250420286
-18.932540980106012,-0.03560204825744266
-18.9275780780038,-0.035533575132452984
-18.92261517590159,-0.03546520303098586
-18.91765227379938,-0.03539693185483177
-18.91268937169717,-0.03532876150581955
-18.90772646959496,-0.03526069188581664
-18.90276356749275,-0.03519272289672882
-18.89780066539054,-0.03512485444050025
-18.89283776328833,-0.03505708641911368
-18.88787486118612,-0.03498941873459034
-18.88291195908391,-0.03492185128899004
-18.8779490569817,-0.034854383984410875
-18.872986154879488,-0.034787016722989776
-18.868023252777277,-0.03471974940690195
-18.863060350675067,-0.034652581938361286
-18.85809744857286,-0.03458551421962026
-18.85313454647065,-0.034518546152969835
-18.84817164436844,-0.03445167764073965
-18.843208742266228,-0.034384908585297996
-18.838245840164017,-0.03431823888905152
-18.833282938061807,-0.034251668454445924
-18.828320035959596,-0.034185197183965184
-18.823357133857385,-0.034118824980132134
-18.818394231755175,-0.03405255174550828
-18.813431329652968,-0.03398637738269373
-18.808468427550757,-0.03392030179432724
-18.803505525448546,-0.03385432488308643
-18.798542623346336,-0.03378844655168768
-18.793579721244125,-0.03372266670288585
-18.788616819141915,-0.03365698523947479
-18.783653917039704,-0.033591402064287096
-18.778691014937493,-0.03352591708019404
-18.773728112835283,-0.033460530190105725
-18.768765210733076,-0.03339524129697112
-18.763802308630865,-0.03333005030377788
-18.758839406528654,-0.033264957113552686
-18.753876504426444,-0.033199961629360855
-18.748913602324233,-0.03313506375430677
-18.743950700222022,-0.033070263391533516
-18.738987798119812,-0.033005560444223196
-18.7340248960176,-0.03294095481559671
-18.72906199391539,-0.03287644640891393
-18.724099091813184,-0.0328120351274737
-18.719136189710973,-0.03274772087461365
-18.714173287608762,-0.03268350355371053
-18.70921038550655,-0.03261938306818
-18.70424748340434,-0.03255535932147665
-18.69928458130213,-0.03249143221709417
-18.69432167919992,-0.03242760165856513
-18.68935877709771,-0.03236386754946129
-18.684395874995502,-0.03230022979339334
-18.67943297289329,-0.03223668829401101
-18.67447007079108,-0.032173242955003095
-18.66950716868887,-0.03210989368009754
-18.66454426658666,-0.03204664037306129
-18.65958136448445,-0.03198348293770054
-18.65461846238224,-0.03192042127786049
-18.649655560280028,-0.03185745529742542
-18.644692658177817,-0.031794584900318876
-18.63972975607561,-0.03173180999050365
-18.6347668539734,-0.031669130471981374
-18.62980395187119,-0.031606546248793235
-18.62484104976898,-0.031544057225019406
-18.619878147666768,-0.031481663304779334
-18.614915245564557,-0.03141936439223189
-18.609952343462346,-0.03135716039157473
-18.604989441360136,-0.03129505120704532
-18.600026539257925,-0.031233036742919964
-18.595063637155718,-0.031171116903514547
-18.590100735053507,-0.031109291593184
-18.585137832951297,-0.03104756071632281
-18.580174930849086,-0.03098592417736471
-18.575212028746876,-0.030924381880782663
-18.570249126644665,-0.030862933731089243
-18.565286224542454,-0.030801579632836133
-18.560323322440244,-0.030740319490614596
-18.555360420338033,-0.030679153209055135
-18.550397518235826,-0.030618080692827943
-18.545434616133615,-0.030557101846642246
-18.540471714031405,-0.03049621657524701
-18.535508811929194,-0.03043542478343067
-18.530545909826984,-0.030374726376020986
-18.525583007724773,-0.030314121257885282
-18.520620105622562,-0.030253609333930346
-18.51565720352035,-0.03019319050910263
-18.51069430141814,-0.030132864688387898
-18.505731399315934,-0.03007263177681166
-18.500768497213723,-0.030012491679438782
-18.495805595111513,-0.029952444301373917
-18.490842693009302,-0.029892489547761227
-18.48587979090709,-0.029832627323784392
-18.48091688880488,-0.0297728575346669
-18.47595398670267,-0.029713180085671663
-18.47099108460046,-0.029653594882101494
-18.46602818249825,-0.029594101829298638
-18.461065280396042,-0.029534700832645113
-18.45610237829383,-0.029475391797562606
-18.45113947619162,-0.029416174629512532
-18.44617657408941,-0.029357049233996107
-18.4412136719872,-0.02929801551655418
-18.43625076988499,-0.02923907338276738
-18.43128786778278,-0.029180222738256146
-18.426324965680568,-0.02912146348868063
-18.421362063578357,-0.029062795539740862
-18.41639916147615,-0.02900421879717665
-18.41143625937394,-0.028945733166767545
-18.40647335727173,-0.028887338554333137
-18.401510455169518,-0.028829034865732725
-18.396547553067307,-0.028770822006865465
-18.391584650965097,-0.028712699883670544
-18.386621748862886,-0.028654668402126923
-18.381658846760676,-0.02859672746825355
-18.376695944658465,-0.02853887698810929
-18.371733042556258,-0.028481116867792963
-18.366770140454047,-0.0284234470134433
-18.361807238351837,-0.028365867331239063
-18.356844336249626,-0.028308377727399053
-18.351881434147415,-0.028250978108181977
-18.346918532045205,-0.028193668379886638
-18.341955629942994,-0.028136448448851915
-18.336992727840784,-0.02807931822145663
-18.332029825738573,-0.02802227760411982
-18.327066923636366,-0.027965326503300494
-18.322104021534155,-0.02790846482549779
-18.317141119431945,-0.027851692477250937
-18.312178217329734,-0.027795009365139418
-18.307215315227523,-0.027738415395782753
-18.302252413125313,-0.02768191047584061
-18.297289511023102,-0.027625494512013037
-18.29232660892089,-0.027569167411039954
-18.28736370681868,-0.027512929079701737
-18.282400804716474,-0.027456779424819007
-18.277437902614263,-0.027400718353252407
-18.272475000512053,-0.027344745771903
-18.267512098409842,-0.027288861587712092
-18.26254919630763,-0.027233065707661323
-18.25758629420542,-0.027177358038772574
-18.25262339210321,-0.027121738488108064
-18.247660490001,-0.027066206962770362
-18.242697587898792,-0.02701076336990241
-18.237734685796582,-0.02695540761668739
-18.23277178369437,-0.026900139610349063
-18.22780888159216,-0.02684495925815145
-18.22284597948995,-0.026789866467399073
-18.21788307738774,-0.026734861145436814
-18.21292017528553,-0.026679943199650034
-18.207957273183318,-0.026625112537464617
-18.202994371081108,-0.026570369066346803
-18.1980314689789,-0.026515712693803446
-18.19306856687669,-0.026461143327381774
-18.18810566477448,-0.026406660874669693
-18.18314276267227,-0.02635226524329557
-18.178179860570058,-0.026297956340928415
-18.173216958467847,-0.02624373407527767
-18.168254056365637,-0.02618959835409345
-18.163291154263426,-0.026135549085166514
-18.158328252161215,-0.02608158617632817
-18.15336535005901,-0.026027709535450506
-18.148402447956798,-0.025973919070446036
-18.143439545854587,-0.025920214689268143
-18.138476643752377,-0.025866596299910876
-18.133513741650166,-0.02581306381040884
-18.128550839547955,-0.025759617128837536
-18.123587937445745,-0.025706256163313113
-18.118625035343534,-0.025652980821992594
-18.113662133241323,-0.025599791013073494
-18.108699231139116,-0.025546686644794526
-18.103736329036906,-0.025493667625434834
-18.098773426934695,-0.02544073386331456
-18.093810524832485,-0.025387885266794634
-18.088847622730274,-0.02533512174427693
-18.083884720628063,-0.025282443204204034
-18.078921818525853,-0.025229849555059525
-18.073958916423642,-0.025177340705367965
-18.06899601432143,-0.025124916563694616
-18.064033112219224,-0.025072577038645905
-18.059070210117014,-0.025020322038868975
-18.054107308014803,-0.024968151473052175
-18.049144405912593,-0.024916065249924728
-18.044181503810382,-0.02486406327825679
-18.03921860170817,-0.024812145466859708
-18.03425569960596,-0.024760311724585708
-18.02929279750375,-0.024708561960328133
-18.02432989540154,-0.024656896083021462
-18.019366993299332,-0.024605314001641183
-18.01440409119712,-0.024553815625203795
-18.00944118909491,-0.02450240086276715
-18.0044782869927,-0.02445106962343003
-17.99951538489049,-0.02439982181633255
-17.99455248278828,-0.024348657350655813
-17.98958958068607,-0.02429757613562223
-17.984626678583858,-0.024246578080495393
-17.979663776481647,-0.024195663094580086
-17.97470087437944,-0.024144831087222457
-17.96973797227723,-0.024094081967809673
-17.96477507017502,-0.024043415645770394
-17.95981216807281,-0.023992832030574486
-17.954849265970598,-0.023942331031733124
-17.949886363868387,-0.023891912558798786
-17.944923461766177,-0.023841576521365385
-17.939960559663966,-0.023791322829068054
-17.934997657561755,-0.023741151391583424
-17.93003475545955,-0.023691062118629588
-17.925071853357338,-0.023641054919965713
-17.920108951255127,-0.023591129705392774
-17.915146049152916,-0.02354128638475297
-17.910183147050706,-0.023491524867930103
-17.905220244948495,-0.02344184506484935
-17.900257342846288,-0.023392246885477475
-17.895294440744074,-0.023342730239822595
-17.890331538641867,-0.023293295037934626
-17.885368636539653,-0.023243941189904728
-17.880405734437446,-0.023194668605865918
-17.87544283233523,-0.023145477195992564
-17.870479930233024,-0.023096366870500845
-17.865517028130817,-0.023047337539648424
-17.860554126028603,-0.02299838911373451
-17.855591223926396,-0.02294952150310033
-17.850628321824182,-0.022900734618128315
-17.845665419721975,-0.022852028369243015
-17.84070251761976,-0.02280340266691038
-17.835739615517554,-0.022754857421638294
-17.83077671341534,-0.022706392543976175
-17.825813811313132,-0.0226580079445155
-17.820850909210925,-0.022609703533889264
-17.81588800710871,-0.022561479222772293
-17.810925105006504,-0.022513334921881387
-17.80596220290429,-0.02246527054197499
-17.800999300802083,-0.022417285993853658
-17.79603639869987,-0.022369381188359422
-17.79107349659766,-0.022321556036376658
-17.786110594495447,-0.022273810448831245
-17.78114769239324,-0.02222614433669128
-17.776184790291033,-0.02217855761096666
-17.77122188818882,-0.02213105018270918
-17.766258986086612,-0.02208362196301283
-17.761296083984398,-0.022036272863013358
-17.75633318188219,-0.021989002793888743
-17.751370279779977,-0.021941811666858747
-17.74640737767777,-0.021894699393185474
-17.741444475575555,-0.02184766588417289
-17.73648157347335,-0.021800711051167133
-17.73151867137114,-0.021753834805556375
-17.726555769268927,-0.021707037058770935
-17.72159286716672,-0.021660317722283422
-17.716629965064506,-0.021613676707608335
-17.7116670629623,-0.02156711392630265
-17.706704160860085,-0.021520629289965225
-17.701741258757878,-0.021474222710237464
-17.696778356655663,-0.021427894098802684
-17.691815454553456,-0.02138164336738679
-17.68685255245125,-0.02133547042775765
-17.681889650349035,-0.021289375191725555
-17.676926748246828,-0.021243357571143182
-17.671963846144614,-0.021197417477905312
-17.667000944042407,-0.02115155482394936
-17.662038041940193,-0.021105769521254848
-17.657075139837985,-0.0210600614818439
-17.65211223773577,-0.021014430617780785
-17.647149335633564,-0.02096887684117252
-17.642186433531357,-0.020923400064168235
-17.637223531429143,-0.0208780001989597
-17.632260629326936,-0.020832677157781143
-17.62729772722472,-0.02078743085290919
-17.622334825122515,-0.020742261196663194
-17.6173719230203,-0.020697168101404723
-17.612409020918093,-0.020652151479538246
-17.60744611881588,-0.020607211243510483
-17.602483216713672,-0.02056234730581105
-17.597520314611465,-0.020517559578971896
-17.59255741250925,-0.02047284797556771
-17.587594510407044,-0.02042821240821588
-17.58263160830483,-0.020383652789576354
-17.577668706202623,-0.020339169032351903
-17.57270580410041,-0.020294761049287798
-17.5677429019982,-0.02025042875317227
-17.562779999895987,-0.02020617205683601
-17.55781709779378,-0.02016199087315281
-17.552854195691573,-0.02011788511503897
-17.54789129358936,-0.02007385469545363
-17.542928391487152,-0.020029899527398885
-17.537965489384938,-0.019986019523919502
-17.53300258728273,-0.01994221459810322
-17.528039685180516,-0.019898484663080557
-17.52307678307831,-0.019854829632025096
-17.518113880976095,-0.019811249418153053
-17.513150978873888,-0.01976774393472389
-17.50818807677168,-0.019724313095039813
-17.503225174669467,-0.01968095681244596
-17.49826227256726,-0.019637675000330757
-17.493299370465046,-0.019594467572125195
-17.48833646836284,-0.01955133444130376
-17.483373566260624,-0.01950827552138364
-17.478410664158417,-0.01946529072592532
-17.473447762056203,-0.019422379968532136
-17.468484859953996,-0.019379543162850787
-17.46352195785179,-0.01933678022257092
-17.458559055749575,-0.01929409106142538
-17.453596153647368,-0.019251475593190237
-17.448633251545154,-0.019208933731684617
-17.443670349442947,-0.019166465390771034
-17.438707447340732,-0.01912407048435506
-17.433744545238525,-0.019081748926385624
-17.42878164313631,-0.019039500630854744
-17.423818741034104,-0.018997325511798033
-17.418855838931897,-0.01895522348329413
-17.413892936829683,-0.01891319445946505
-17.408930034727476,-0.01887123835447632
-17.40396713262526,-0.018829355082536546
-17.399004230523055,-0.01878754455789804
-17.39404132842084,-0.018745806694856242
-17.389078426318633,-0.018704141407750244
-17.38411552421642,-0.01866254861096234
-17.379152622114212,-0.018621028218918485
-17.374189720012005,-0.01857958014608806
-17.36922681790979,-0.018538204306983847
-17.364263915807584,-0.01849690061616239
-17.35930101370537,-0.018455668988223442
-17.354338111603163,-0.018414509337810667
-17.34937520950095,-0.018373421579611058
-17.34441230739874,-0.01833240562835535
-17.339449405296527,-0.018291461398817772
-17.33448650319432,-0.01825058880581643
-17.329523601092113,-0.01820978776421283
-17.3245606989899,-0.018169058188912235
-17.31959779688769,-0.018128399994863827
-17.314634894785478,-0.01808781309706013
-17.30967199268327,-0.018047297410537795
-17.304709090581056,-0.018006852850376925
-17.29974618847885,-0.017966479331701715
-17.294783286376635,-0.017926176769679843
-17.289820384274428,-0.01788594507952305
-17.28485748217222,-0.017845784176486894
-17.279894580070007,-0.01780569397587061
-17.2749316779678,-0.01776567439301758
-17.269968775865586,-0.01772572534331492
-17.26500587376338,-0.017685846742193798
-17.260042971661164,-0.01764603850512918
-17.255080069558957,-0.017606300547640147
-17.250117167456743,-0.017566632785289707
-17.245154265354536,-0.01752703513368488
-17.24019136325233,-0.017487507508476698
-17.235228461150115,-0.017448049825360232
-17.230265559047908,-0.01740866200007477
-17.225302656945694,-0.017369343948403466
-17.220339754843486,-0.01733009558617383
-17.215376852741272,-0.017290916829257243
-17.210413950639065,-0.01725180759356955
-17.20545104853685,-0.017212767795070433
-17.200488146434644,-0.01717379734976408
-17.195525244332437,-0.017134896173698715
-17.190562342230223,-0.017096064182966806
-17.185599440128016,-0.01705730129370518
-17.1806365380258,-0.017018607422094816
-17.175673635923594,-0.016979982484361153
-17.17071073382138,-0.0169414263967738
-17.165747831719173,-0.016902939075646856
-17.16078492961696,-0.016864520437338573
-17.155822027514752,-0.016826170398251843
-17.150859125412545,-0.016787888874833793
-17.14589622331033,-0.01674967578357596
-17.140933321208124,-0.016711531041014506
-17.13597041910591,-0.016673454563729883
-17.131007517003702,-0.01663544626834714
-17.126044614901488,-0.016597506071535737
-17.12108171279928,-0.016559633890009823
-17.116118810697067,-0.016521829640527914
-17.11115590859486,-0.01648409323989328
-17.106193006492653,-0.016446424604953706
-17.10123010439044,-0.01640882365260146
-17.09626720228823,-0.01637129029977373
-17.091304300186017,-0.0163338244634521
-17.08634139808381,-0.01629642606066307
-17.081378495981596,-0.016259095008477636
-17.07641559387939,-0.01622183122401168
-17.071452691777182,-0.016184634624425737
-17.066489789674968,-0.016147505126925036
-17.06152688757276,-0.016110442648759837
-17.056563985470547,-0.01607344710722493
-17.05160108336834,-0.016036518419660195
-17.046638181266125,-0.015999656503450154
-17.04167527916392,-0.015962861276024334
-17.036712377061704,-0.015926132654857025
-17.031749474959497,-0.01588947055746766
-17.02678657285729,-0.015852874901420434
-17.021823670755076,-0.015816345604324464
-17.01686076865287,-0.015779882583834004
-17.011897866550655,-0.01574348575764818
-17.006934964448448,-0.015707155043511296
-17.001972062346233,-0.015670890359212486
-16.997009160244026,-0.015634691622586197
-16.992046258141812,-0.01559855875151175
-16.987083356039605,-0.01556249166391377
-16.982120453937398,-0.015526490277761876
-16.977157551835184,-0.015490554511070802
-16.972194649732977,-0.015454684281900702
-16.967231747630763,-0.01541887950835663
-16.962268845528556,-0.015383140108589146
-16.95730594342634,-0.015347466000793777
-16.952343041324134,-0.01531185710321162
-16.94738013922192,-0.015276313334128745
-16.942417237119713,-0.015240834611876754
-16.937454335017506,-0.0152054208548325
-16.932491432915292,-0.015170071981418115
-16.927528530813085,-0.015134787910101317
-16.92256562871087,-0.015099568559394972
-16.917602726608663,-0.015064413847857602
-16.91263982450645,-0.015029323694092937
-16.907676922404242,-0.014994298016750403
-16.902714020302028,-0.014959336734524672
-16.89775111819982,-0.014924439766156157
-16.892788216097614,-0.014889607030430666
-16.8878253139954,-0.014854838446179535
-16.882862411893193,-0.01482013393227978
-16.87789950979098,-0.014785493407653887
-16.87293660768877,-0.014750916791270139
-16.867973705586557,-0.014716404002142257
-16.86301080348435,-0.01468195495932978
-16.858047901382136,-0.014647569581937836
-16.85308499927993,-0.014613247789117361
-16.848122097177722,-0.014578989500064912
-16.843159195075508,-0.014544794634022805
-16.8381962929733,-0.014510663110279284
-16.833233390871086,-0.01447659484816815
-16.82827048876888,-0.014442589767069278
-16.823307586666665,-0.01440864778640816
-16.818344684564458,-0.014374768825656347
-16.813381782462244,-0.014340952804331052
-16.808418880360037,-0.014307199641995701
-16.80345597825783,-0.014273509258259376
-16.798493076155616,-0.014239881572777165
-16.79353017405341,-0.014206316505250302
-16.788567271951194,-0.014172813975425837
-16.783604369848987,-0.014139373903096945
-16.778641467746773,-0.01410599620810278
-16.773678565644566,-0.01407268081032863
-16.768715663542352,-0.014039427629705803
-16.763752761440145,-0.014006236586211826
-16.758789859337938,-0.013973107599870228
-16.753826957235724,-0.01394004059075071
-16.748864055133517,-0.01390703547896936
-16.743901153031302,-0.01387409218468815
-16.738938250929095,-0.0138412106281156
-16.73397534882688,-0.013808390729506145
-16.729012446724674,-0.01377563240916084
-16.72404954462246,-0.013742935587426739
-16.719086642520253,-0.013710300184697443
-16.714123740418046,-0.013677726121412747
-16.70916083831583,-0.013645213318058819
-16.704197936213625,-0.013612761695168299
-16.69923503411141,-0.013580371173320132
-16.694272132009203,-0.013548041673139829
-16.68930922990699,-0.01351577311529916
-16.684346327804782,-0.013483565420516644
-16.679383425702568,-0.013451418509557006
-16.67442052360036,-0.013419332303231717
-16.669457621498154,-0.013387306722398712
-16.66449471939594,-0.013355341687962435
-16.659531817293733,-0.013323437120874087
-16.65456891519152,-0.013291592942131296
-16.64960601308931,-0.013259809072778505
-16.644643110987097,-0.013228085433906626
-16.63968020888489,-0.013196421946653481
-16.634717306782676,-0.013164818532203398
-16.62975440468047,-0.013133275111787593
-16.62479150257826,-0.013101791606683967
-16.619828600476048,-0.01307036793821712
-16.61486569837384,-0.013039004027758608
-16.609902796271626,-0.013007699796726727
-16.60493989416942,-0.012976455166586635
-16.599976992067205,-0.012945270058850336
-16.595014089964998,-0.01291414439507683
-16.590051187862784,-0.01288307809687185
-16.585088285760577,-0.01285207108588829
-16.58012538365837,-0.012821123283825836
-16.575162481556156,-0.012790234612431192
-16.57019957945395,-0.012759404993498211
-16.565236677351734,-0.012728634348867542
-16.560273775249527,-0.012697922600427179
-16.555310873147313,-0.012667269670111923
-16.550347971045106,-0.01263667547990389
-16.545385068942892,-0.01260613995183215
-16.540422166840685,-0.012575663007973114
-16.535459264738478,-0.012545244570450219
-16.530496362636264,-0.01251488456143411
-16.525533460534056,-0.012484582903142763
-16.520570558431842,-0.012454339517841263
-16.515607656329635,-0.01242415432784211
-16.51064475422742,-0.012394027255504972
-16.505681852125214,-0.012363958223236922
-16.500718950023,-0.012333947153492281
-16.495756047920793,-0.012303993968772842
-16.490793145818586,-0.012274098591627739
-16.48583024371637,-0.012244260944653416
-16.480867341614164,-0.012214480950493992
-16.47590443951195,-0.012184758531840737
-16.470941537409743,-0.012155093611432724
-16.46597863530753,-0.012125486112056261
-16.461015733205322,-0.012095935956545375
-16.456052831103108,-0.012066443067781476
-16.4510899290009,-0.012037007368693776
-16.446127026898694,-0.012007628782258884
-16.44116412479648,-0.011978307231501093
-16.436201222694272,-0.011949042639492433
-16.43123832059206,-0.011919834929352438
-16.42627541848985,-0.011890684024248518
-16.421312516387637,-0.011861589847395675
-16.41634961428543,-0.011832552322056733
-16.411386712183216,-0.011803571371542221
-16.40642381008101,-0.011774646919210523
-16.4014609079788,-0.011745778888467808
-16.396498005876587,-0.011716967202768028
-16.39153510377438,-0.011688211785613122
-16.386572201672166,-0.011659512560552792
-16.38160929956996,-0.011630869451184755
-16.376646397467745,-0.011602282381154586
-16.371683495365538,-0.011573751274155905
-16.366720593263324,-0.011545276053930178
-16.361757691161117,-0.01151685664426705
-16.35679478905891,-0.011488492969004057
-16.351831886956695,-0.011460184952026806
-16.34686898485449,-0.011431932517269136
-16.341906082752274,-0.011403735588712745
-16.336943180650067,-0.011375594090387707
-16.331980278547853,-0.01134750794637204
-16.327017376445646,-0.011319477080792102
-16.32205447434343,-0.011291501417822281
-16.317091572241225,-0.011263580881685407
-16.312128670139018,-0.011235715396652355
-16.307165768036803,-0.011207904887042345
-16.302202865934596,-0.01118014927722297
-16.297239963832382,-0.011152448491609995
-16.292277061730175,-0.011124802454667715
-16.28731415962796,-0.011097211090908577
-16.282351257525754,-0.011069674324893636
-16.27738835542354,-0.011042192081232178
-16.272425453321333,-0.011014764284582115
-16.267462551219126,-0.01098739085964967
-16.26249964911691,-0.010960071731189595
-16.257536747014704,-0.010932806824005235
-16.25257384491249,-0.010905596062948343
-16.247610942810283,-0.010878439372919393
-16.24264804070807,-0.0108513366788673
-16.237685138605862,-0.010824287905789681
-16.232722236503648,-0.010797292978732732
-16.22775933440144,-0.0107703518227914
-16.222796432299234,-0.010743464363109231
-16.21783353019702,-0.010716630524878453
-16.212870628094812,-0.010689850233340143
-16.207907725992598,-0.010663123413784031
-16.20294482389039,-0.010636449991548707
-16.197981921788177,-0.010609829892021506
-16.19301901968597,-0.010583263040638677
-16.188056117583756,-0.01055674936288519
-16.18309321548155,-0.010530288784295036
-16.17813031337934,-0.01050388123045104
-16.173167411277127,-0.010477526626984916
-16.16820450917492,-0.010451224899577458
-16.163241607072706,-0.010424975973958273
-16.1582787049705,-0.010398779775906152
-16.153315802868285,-0.010372636231248749
-16.148352900766078,-0.010346545265862908
-16.14338999866387,-0.010320506805674444
-16.138427096561657,-0.010294520776658274
-16.13346419445945,-0.010268587104838542
-16.128501292357235,-0.010242705716288398
-16.123538390255028,-0.010216876537130357
-16.118575488152814,-0.010191099493535914
-16.113612586050607,-0.010165374511725965
-16.108649683948393,-0.010139701517970532
-16.103686781846186,-0.010114080438588994
-16.09872387974398,-0.010088511199950006
-16.093760977641764,-0.010062993728471461
-16.088798075539557,-0.010037527950620751
-16.083835173437343,-0.01001211379291449
-16.078872271335136,-0.009986751181918826
-16.073909369232922,-0.009961440044249177
-16.068946467130715,-0.009936180306570551
-16.0639835650285,-0.009910971895597314
-16.059020662926294,-0.009885814738093404
-16.054057760824087,-0.009860708760872234
-16.049094858721872,-0.00983565389079673
-16.044131956619665,-0.009810650054779508
-16.03916905451745,-0.009785697179782614
-16.034206152415244,-0.00976079519281786
-16.02924325031303,-0.009735944020946576
-16.024280348210823,-0.009711143591279878
-16.01931744610861,-0.009686393830978414
-16.0143545440064,-0.009661694667252774
-16.009391641904195,-0.009637046027363089
-16.00442873980198,-0.009612447838619287
-15.999465837699773,-0.009587900028381221
-15.99450293559756,-0.009563402524058382
-15.989540033495352,-0.009538955253110248
-15.984577131393138,-0.00951455814304603
-15.979614229290931,-0.009490211121424966
-15.974651327188717,-0.009465914115856074
-15.96968842508651,-0.009441667053998442
-15.964725522984303,-0.009417469863561005
-15.959762620882088,-0.009393322472302729
-15.954799718779881,-0.009369224808032645
-15.949836816677667,-0.009345176798609713
-15.94487391457546,-0.009321178371943071
-15.939911012473246,-0.009297229455991858
-15.934948110371039,-0.009273329978765406
-15.929985208268825,-0.009249479868323075
-15.925022306166618,-0.009225679052774506
-15.92005940406441,-0.009201927460279464
-15.915096501962196,-0.009178225019047857
-15.91013359985999,-0.009154571657340023
-15.905170697757775,-0.009130967303466325
-15.900207795655568,-0.00910741188578762
-15.895244893553354,-0.009083905332714904
-15.890281991451147,-0.009060447572709678
-15.885319089348933,-0.009037038534283634
-15.880356187246726,-0.009013678145998993
-15.875393285144519,-0.008990366336468278
-15.870430383042304,-0.008967103034354485
-15.865467480940097,-0.00894388816837113
-15.860504578837883,-0.008920721667282078
-15.855541676735676,-0.008897603459901864
-15.850578774633462,-0.008874533475095418
-15.845615872531255,-0.008851511641778345
-15.84065297042904,-0.00882853788891671
-15.835690068326834,-0.008805612145527322
-15.830727166224627,-0.008782734340677521
-15.825764264122412,-0.008759904403485314
-15.820801362020205,-0.008737122263119476
-15.815838459917991,-0.008714387848799356
-15.810875557815784,-0.008691701089795187
-15.80591265571357,-0.008669061915427817
-15.800949753611363,-0.008646470255069014
-15.795986851509149,-0.008623926038141211
-15.791023949406942,-0.0086014291941178
-15.786061047304734,-0.008578979652522956
-15.78109814520252,-0.008556577342931712
-15.776135243100313,-0.008534222194970124
-15.771172340998099,-0.008511914138315035
-15.766209438895892,-0.008489653102694382
-15.761246536793678,-0.00846743901788695
-15.75628363469147,-0.008445271813722665
-15.751320732589257,-0.008423151420082355
-15.74635783048705,-0.008401077766898008
-15.741394928384842,-0.008379050784152646
-15.736432026282628,-0.008357070401880341
-15.731469124180421,-0.008335136550166447
-15.726506222078207,-0.008313249159147287
-15.721543319976,-0.008291408159010541
-15.716580417873786,-0.008269613479994945
-15.711617515771579,-0.00824786505239058
-15.706654613669365,-0.008226162806538685
-15.701691711567157,-0.008204506672831853
-15.69672880946495,-0.00818289658171397
-15.691765907362736,-0.008161332463680188
-15.68680300526053,-0.008139814249277103
-15.681840103158315,-0.008118341869102583
-15.676877201056108,-0.00809691525380604
-15.671914298953894,-0.008075534334088174
-15.666951396851687,-0.008054199040701248
-15.661988494749473,-0.008032909304448894
-15.657025592647265,-0.008011665056186385
-15.652062690545058,-0.007990466226820387
-15.647099788442844,-0.007969312747309169
-15.642136886340637,-0.007948204548662624
-15.637173984238423,-0.007927141561942169
-15.632211082136216,-0.007906123718260903
-15.627248180034002,-0.007885150948783535
-15.622285277931795,-0.007864223184726514
-15.61732237582958,-0.007843340357357906
-15.612359473727373,-0.007822502397997576
-15.607396571625166,-0.007801709238017085
-15.602433669522952,-0.007780960808839773
-15.597470767420745,-0.007760257041940854
-15.592507865318531,-0.0077395978688472415
-15.587544963216324,-0.007718983221137834
-15.58258206111411,-0.0076984130304432775
-15.577619159011903,-0.007677887228446237
-15.572656256909688,-0.007657405746881178
-15.567693354807481,-0.007636968517534631
-15.562730452705274,-0.007616575472245012
-15.55776755060306,-0.0075962265429027455
-15.552804648500853,-0.007575921661450359
-15.547841746398639,-0.0075556607598822895
-15.542878844296432,-0.007535443770245196
-15.537915942194218,-0.007515270624637698
-15.53295304009201,-0.007495141255210656
-15.527990137989796,-0.007475055594166959
-15.52302723588759,-0.007455013573761769
-15.518064333785382,-0.007435015126302383
-15.513101431683168,-0.007415060184148294
-15.508138529580961,-0.007395148679711336
-15.503175627478747,-0.007375280545455492
-15.49821272537654,-0.007355455713897158
-15.493249823274326,-0.00733567411760492
-15.488286921172119,-0.007315935689199843
-15.483324019069904,-0.007296240361355209
-15.478361116967697,-0.007276588066796841
-15.47339821486549,-0.007256978738302875
-15.468435312763276,-0.007237412308703892
-15.463472410661069,-0.007217888710883001
-15.458509508558855,-0.007198407877775732
-15.453546606456648,-0.007178969742370198
-15.448583704354434,-0.007159574237706963
-15.443620802252227,-0.007140221296879249
-15.438657900150012,-0.0071209108530327705
-15.433694998047805,-0.007101642839365952
-15.428732095945598,-0.0070824171891297714
-15.423769193843384,-0.0070632338356278615
-15.418806291741177,-0.007044092712216649
-15.413843389638963,-0.00702499375230512
-15.408880487536756,-0.007005936889355147
-15.403917585434542,-0.006986922056881209
-15.398954683332335,-0.006967949188450709
-15.39399178123012,-0.0069490182176837265
-15.389028879127913,-0.006930129078253274
-15.384065977025706,-0.006911281703885175
-15.379103074923492,-0.006892476028358093
-15.374140172821285,-0.0068737119855037014
-15.36917727071907,-0.006854989509206483
-15.364214368616864,-0.006836308533403971
-15.35925146651465,-0.0068176689920865915
-15.354288564412442,-0.006799070819297851
-15.349325662310228,-0.006780513949134202
-15.344362760208021,-0.006761998315745217
-15.339399858105814,-0.006743523853333498
-15.3344369560036,-0.00672509049615474
-15.329474053901393,-0.0067066981785178096
-15.324511151799179,-0.006688346834784626
-15.319548249696972,-0.006670036399370412
-15.314585347594758,-0.006651766806743437
-15.30962244549255,-0.0066335379914253196
-15.304659543390336,-0.006615349887990814
-15.29969664128813,-0.0065972024310680345
-15.294733739185922,-0.006579095555338309
-15.289770837083708,-0.006561029195536288
-15.284807934981501,-0.006543003286450029
-15.279845032879287,-0.006525017762920852
-15.27488213077708,-0.0065070725598435596
-15.269919228674866,-0.006489167612166288
-15.264956326572658,-0.006471302854890662
-15.259993424470444,-0.006453478223071718
-15.255030522368237,-0.006435693651818016
-15.25006762026603,-0.0064179490762916
-15.245104718163816,-0.006400244431708009
-15.240141816061609,-0.006382579653336432
-15.235178913959395,-0.00636495467649951
-15.230216011857188,-0.0063473694365736065
-15.225253109754973,-0.006329823868988611
-15.220290207652766,-0.006312317909228138
-15.21532730555056,-0.006294851492829419
-15.210364403448345,-0.006277424555383383
-15.205401501346138,-0.0062600370325347305
-15.200438599243924,-0.006242688859981839
-15.195475697141717,-0.006225379973476916
-15.190512795039503,-0.006208110308825902
-15.185549892937296,-0.006190879801888611
-15.180586990835081,-0.006173688388578622
-15.175624088732874,-0.006156536004863447
-15.170661186630667,-0.006139422586764432
-15.165698284528453,-0.006122348070356844
-15.160735382426246,-0.0061053123917699115
-15.155772480324032,-0.006088315487186758
-15.150809578221825,-0.006071357292844571
-15.14584667611961,-0.006054437745034431
-15.140883774017404,-0.006037556780101568
-15.13592087191519,-0.0060207143344451425
-15.130957969812982,-0.006003910344518476
-15.125995067710775,-0.005987144746828944
-15.121032165608561,-0.005970417477938021
-15.116069263506354,-0.005953728474461387
-15.11110636140414,-0.005937077673068816
-15.106143459301933,-0.005920465010484344
-15.101180557199719,-0.005903890423486142
-15.096217655097512,-0.005887353848906688
-15.091254752995297,-0.005870855223632652
-15.08629185089309,-0.005854394484605057
-15.081328948790883,-0.005837971568819167
-15.076366046688669,-0.005821586413324576
-15.071403144586462,-0.0058052389552253015
-15.066440242484248,-0.0057889291316796316
-15.06147734038204,-0.005772656879900353
-15.056514438279827,-0.005756422137154563
-15.05155153617762,-0.005740224840763923
-15.046588634075405,-0.005724064928104444
-15.041625731973198,-0.005707942336606726
-15.036662829870991,-0.005691857003755801
-15.031699927768777,-0.005675808867091252
-15.02673702566657,-0.0056597978642072755
-15.021774123564356,-0.005643823932752565
-15.016811221462149,-0.0056278870104305104
-15.011848319359935,-0.005611987034998997
-15.006885417257728,-0.005596123944270716
-15.001922515155513,-0.0055802976761128685
-14.996959613053306,-0.005564508168447503
-14.9919967109511,-0.0055487553592512605
-14.987033808848885,-0.005533039186555554
-14.982070906746678,-0.005517359588446627
-14.977108004644464,-0.005501716503065397
-14.972145102542257,-0.005486109868607673
-14.967182200440043,-0.005470539623324035
-14.962219298337835,-0.005455005705519973
-14.957256396235621,-0.005439508053555767
-14.952293494133414,-0.005424046605846688
-14.947330592031207,-0.005408621300862861
-14.942367689928993,-0.00539323207712934
-14.937404787826786,-0.005377878873226218
-14.932441885724572,-0.0053625616277884775
-14.927478983622365,-0.005347280279506194
-14.92251608152015,-0.005332034767124381
-14.917553179417943,-0.005316825029443217
-14.91259027731573,-0.005301651005317828
-14.907627375213522,-0.005286512633658543
-14.902664473111315,-0.005271409853430751
-14.897701571009101,-0.005256342603654956
-14.892738668906894,-0.005241310823406907
-14.88777576680468,-0.005226314451817455
-14.882812864702473,-0.005211353428072706
-14.877849962600258,-0.00519642769141396
-14.872887060498051,-0.005181537181137797
-14.867924158395837,-0.0051666818365960305
-14.86296125629363,-0.005151861597195819
-14.857998354191423,-0.005137076402399578
-14.853035452089209,-0.0051223261917250655
-14.848072549987002,-0.005107610904745456
-14.843109647884788,-0.005092930481089217
-14.83814674578258,-0.005078284860440294
-14.833183843680366,-0.005063673982537993
-14.82822094157816,-0.005049097787177126
-14.823258039475945,-0.005034556214207884
-14.818295137373738,-0.005020049203536051
-14.813332235271531,-0.00500557669512283
-14.808369333169317,-0.0049911386289849665
-14.80340643106711,-0.004976734945194809
-14.798443528964896,-0.004962365583880208
-14.793480626862689,-0.004948030485224684
-14.788517724760474,-0.0049337295894672775
-14.783554822658267,-0.004919462836902769
-14.778591920556053,-0.004905230167881489
-14.773629018453846,-0.00489103152280954
-14.768666116351639,-0.004876866842148662
-14.763703214249425,-0.004862736066416299
-14.758740312147218,-0.004848639136185728
-14.753777410045004,-0.004834575992085863
-14.748814507942797,-0.004820546574801522
-14.743851605840582,-0.004806550825073215
-14.738888703738375,-0.0047925886836973665
-14.733925801636161,-0.004778660091526176
-14.728962899533954,-0.004764764989467762
-14.723999997431747,-0.004750903318486098
-14.719037095329533,-0.004737075019601036
-14.714074193227326,-0.004723280033888432
-14.709111291125112,-0.00470951830248001
-14.704148389022905,-0.00469578976656352
-14.69918548692069,-0.0046820943673826524
-14.694222584818483,-0.004668432046237156
-14.68925968271627,-0.004654802744482748
-14.684296780614062,-0.0046412064035312684
-14.679333878511855,-0.004627642964850557
-14.67437097640964,-0.004614112369964561
-14.669408074307434,-0.00460061456045338
-14.66444517220522,-0.00458714947795318
-14.659482270103013,-0.004573717064156345
-14.654519368000798,-0.004560317260811343
-14.649556465898591,-0.0045469500097229205
-14.644593563796377,-0.0045336152527519595
-14.63963066169417,-0.004520312931815649
-14.634667759591963,-0.004507042988887348
-14.629704857489749,-0.004493805365996714
-14.624741955387542,-0.0044806000052297285
-14.619779053285328,-0.0044674268487286135
-14.61481615118312,-0.004454285838692007
-14.609853249080906,-0.004441176917374794
-14.6048903469787,-0.004428100027088323
-14.599927444876485,-0.004415055110200236
-14.594964542774278,-0.004402042109134684
-14.590001640672071,-0.004389060966372151
-14.585038738569857,-0.004376111624449601
-14.58007583646765,-0.004363194025960499
-14.575112934365436,-0.004350308113554713
-14.570150032263228,-0.004337453829938709
-14.565187130161014,-0.004324631117875375
-14.560224228058807,-0.004311839920184238
-14.555261325956593,-0.004299080179741297
-14.550298423854386,-0.004286351839479208
-14.545335521752179,-0.0042736548423871696
-14.540372619649965,-0.004260989131510991
-14.535409717547758,-0.004248354649953185
-14.530446815445544,-0.004235751340872831
-14.525483913343336,-0.004223179147485763
-14.520521011241122,-0.004210638013064439
-14.515558109138915,-0.004198127880938083
-14.510595207036701,-0.004185648694492592
-14.505632304934494,-0.00417320039717067
-14.500669402832287,-0.00416078293247174
-14.495706500730073,-0.004148396243952014
-14.490743598627866,-0.004136040275224548
-14.485780696525651,-0.004123714969959155
-14.480817794423444,-0.00411142027188256
-14.47585489232123,-0.004099156124778272
-14.470891990219023,-0.004086922472486743
-14.465929088116809,-0.00407471925890525
-14.460966186014602,-0.004062546427988053
-14.456003283912395,-0.004050403923746297
-14.45104038181018,-0.004038291690248047
-14.446077479707974,-0.004026209671618419
-14.44111457760576,-0.004014157812039432
-14.436151675503552,-0.0040021360557501535
-14.431188773401338,-0.003990144347046628
-14.426225871299131,-0.003978182630281994
-14.421262969196917,-0.003966250849866382
-14.41630006709471,-0.003954348950267037
-14.411337164992503,-0.003942476876008276
-14.406374262890289,-0.0039306345716715015
-14.401411360788082,-0.003918821981895292
-14.396448458685867,-0.0039070390513753035
-14.39148555658366,-0.003895285724864412
-14.386522654481446,-0.0038835619471726036
-14.38155975237924,-0.0038718676631671273
-14.376596850277025,-0.0038602028177723664
-14.371633948174818,-0.003848567355969997
-14.36667104607261,-0.003836961222798902
-14.361708143970397,-0.0038253843633551995
-14.35674524186819,-0.0038138367227923617
-14.351782339765975,-0.0038023182463210645
-14.346819437663768,-0.0037908288792093655
-14.341856535561554,-0.003779368566782599
-14.336893633459347,-0.0037679372544234834
-14.331930731357133,-0.0037565348875720447
-14.326967829254926,-0.0037451614117257445
-14.322004927152719,-0.0037338167724393894
-14.317042025050505,-0.0037225009153252072
-14.312079122948298,-0.0037112137860528726
-14.307116220846083,-0.0036999553303494522
-14.302153318743876,-0.0036887254939995356
-14.297190416641662,-0.003677524222845118
-14.292227514539455,-0.0036663514627857403
-14.287264612437248,-0.0036552071597784064
-14.282301710335034,-0.003644091259837642
-14.277338808232827,-0.003633003709035559
-14.272375906130613,-0.0036219444535017403
-14.267413004028406,-0.0036109134394234263
-14.262450101926191,-0.0035999106130453523
-14.257487199823984,-0.0035889359206699276
-14.25252429772177,-0.0035779893086571096
-14.247561395619563,-0.0035670707234245545
-14.242598493517356,-0.0035561801114475035
-14.237635591415142,-0.0035453174192588643
-14.232672689312935,-0.003534482593449266
-14.22770978721072,-0.0035236755806669624
-14.222746885108513,-0.003512896327617975
-14.2177839830063,-0.003502144781065994
-14.212821080904092,-0.0034914208878324853
-14.207858178801878,-0.003480724594796615
-14.202895276699671,-0.003470055848895379
-14.197932374597464,-0.0034594145971234918
-14.19296947249525,-0.003448800786533475
-14.188006570393043,-0.003438214364235697
-14.183043668290829,-0.0034276552773982905
-14.178080766188621,-0.0034171234732472792
-14.173117864086407,-0.0034066188990664876
-14.1681549619842,-0.003396141502197658
-14.163192059881986,-0.0033856912300403515
-14.158229157779779,-0.003375268030052084
-14.153266255677572,-0.0033648718497482377
-14.148303353575358,-0.0033545026367021134
-14.14334045147315,-0.0033441603385449834
-14.138377549370936,-0.0033338449029660286
-14.13341464726873,-0.003323556277712437
-14.128451745166515,-0.003313294410589315
-14.123488843064308,-0.0033030592494598223
-14.118525940962094,-0.003292850742245053
-14.113563038859887,-0.0032826688369241995
-14.10860013675768,-0.0032725134815344064
-14.103637234655466,-0.003262384624170901
-14.098674332553259,-0.0032522822129869774
-14.093711430451044,-0.0032422061961939566
-14.088748528348837,-0.0032321565220612978
-14.083785626246623,-0.0032221331389164953
-14.078822724144416,-0.003212135995145222
-14.073859822042202,-0.0032021650391911927
-14.068896919939995,-0.00319222021955633
-14.063934017837788,-0.003182301484800659
-14.058971115735574,-0.003172408783542358
-14.054008213633367,-0.003162542064457824
-14.049045311531152,-0.0031527012762815805
-14.044082409428945,-0.00314288636780639
-14.039119507326731,-0.0031330972878832047
-14.034156605224524,-0.003123333985421209
-14.02919370312231,-0.0031135964093877934
-14.024230801020103,-0.003103884508808641
-14.019267898917896,-0.0030941982327676474
-14.014304996815682,-0.003084537530406985
-14.009342094713475,-0.003074902350927132
-14.00437919261126,-0.0030652926435868195
-13.999416290509053,-0.0030557083577031356
-13.99445338840684,-0.003046149442651417
-13.989490486304632,-0.0030366158478654015
-13.984527584202418,-0.00302710752283709
-13.97956468210021,-0.0030176244171169027
-13.974601779998004,-0.0030081664803135624
-13.96963887789579,-0.0029987336620941837
-13.964675975793583,-0.0029893259121842987
-13.959713073691368,-0.0029799431803677646
-13.954750171589161,-0.0029705854164869165
-13.949787269486947,-0.002961252570442439
-13.94482436738474,-0.0029519445921935015
-13.939861465282526,-0.0029426614317576605
-13.934898563180319,-0.0029334030392109576
-13.929935661078112,-0.0029241693646878696
-13.924972758975898,-0.0029149603583813336
-13.92000985687369,-0.0029057759705428043
-13.915046954771476,-0.00289661615148217
-13.91008405266927,-0.0028874808515678757
-13.905121150567055,-0.0028783700212268227
-13.900158248464848,-0.0028692836109444736
-13.895195346362634,-0.0028602215712647764
-13.890232444260427,-0.0028511838527902717
-13.88526954215822,-0.0028421704061819945
-13.880306640056006,-0.002833181182159553
-13.875343737953798,-0.00282421613150115
-13.870380835851584,-0.0028152752050435216
-13.865417933749377,-0.002806358353682031
-13.860455031647163,-0.0027974655283705984
-13.855492129544956,-0.0027885966801217813
-13.850529227442742,-0.002779751760006709
-13.845566325340535,-0.002770930719155193
-13.840603423238328,-0.002762133508755619
-13.835640521136114,-0.002753360080055025
-13.830677619033906,-0.0027446103843591233
-13.825714716931692,-0.0027358843730322484
-13.820751814829485,-0.0027271819974974383
-13.815788912727271,-0.00271850320923636
-13.810826010625064,-0.0027098479597894042
-13.80586310852285,-0.0027012162007556194
-13.800900206420643,-0.0026926078837927778
-13.795937304318436,-0.002684022960617344
-13.790974402216222,-0.0026754613830044897
-13.786011500114014,-0.0026669231027881273
-13.7810485980118,-0.002658408071860881
-13.776085695909593,-0.002649916242174141
-13.771122793807379,-0.002641447565738
-13.766159891705172,-0.0026330019946213504
-13.761196989602958,-0.0026245794809517955
-13.75623408750075,-0.002616179976915757
-13.751271185398544,-0.0026078034347583995
-13.74630828329633,-0.0025994498067836553
-13.741345381194122,-0.0025911190453542943
-13.736382479091908,-0.0025828111028918252
-13.731419576989701,-0.0025745259318766195
-13.726456674887487,-0.002566263484847793
-13.72149377278528,-0.002558023714403338
-13.716530870683066,-0.002549806573200019
-13.711567968580859,-0.002541612013953472
-13.706605066478652,-0.002533439989438134
-13.701642164376437,-0.002525290452487285
-13.69667926227423,-0.0025171633559930924
-13.691716360172016,-0.0025090586529065225
-13.68675345806981,-0.0025009762962374476
-13.681790555967595,-0.002492916239054569
-13.676827653865388,-0.002484878434485489
-13.671864751763174,-0.0024768628357166537
-13.666901849660967,-0.002468869395993438
-13.66193894755876,-0.0024608980686200554
-13.656976045456545,-0.002452948806959631
-13.652013143354338,-0.002445021564434207
-13.647050241252124,-0.0024371162945246937
-13.642087339149917,-0.0024292329507709497
-13.637124437047703,-0.0024213714867717105
-13.632161534945496,-0.0024135318561846566
-13.627198632843282,-0.0024057140127263683
-13.622235730741075,-0.0023979179101723813
-13.617272828638868,-0.002390143502357143
-13.612309926536653,-0.0023823907431740282
-13.607347024434446,-0.00237465958657539
-13.602384122332232,-0.0023669499865724805
-13.597421220230025,-0.0023592618972355464
-13.592458318127811,-0.0023515952726937467
-13.587495416025604,-0.002343950067135236
-13.58253251392339,-0.002336326234807094
-13.577569611821183,-0.002328723730015399
-13.572606709718976,-0.0023211425071251704
-13.567643807616761,-0.0023135825205604014
-13.562680905514554,-0.0023060437248040916
-13.55771800341234,-0.002298526074398176
-13.552755101310133,-0.0022910295239436133
-13.547792199207919,-0.0022835540281003048
-13.542829297105712,-0.0022760995415871867
-13.537866395003498,-0.0022686660191821337
-13.53290349290129,-0.0022612534157220683
-13.527940590799084,-0.002253861686102875
-13.52297768869687,-0.0022464907852794255
-13.518014786594662,-0.002239140668265643
-13.513051884492448,-0.002231811290134398
-13.508088982390241,-0.0022245026060176143
-13.503126080288027,-0.0022172145711061805
-13.49816317818582,-0.002209947140650043
-13.493200276083606,-0.0022027002699581124
-13.488237373981399,-0.0021954739143983555
-13.483274471879191,-0.002188268029397721
-13.478311569776977,-0.0021810825704421844
-13.47334866767477,-0.002173917493076761
-13.468385765572556,-0.0021667727529054524
-13.463422863470349,-0.002159648305591315
-13.458459961368135,-0.002152544106856395
-13.453497059265928,-0.002145460112481798
-13.448534157163714,-0.0021383962783076103
-13.443571255061507,-0.0021313525602329954
-13.4386083529593,-0.002124328914216099
-13.433645450857085,-0.0021173252962741044
-13.428682548754878,-0.002110341662483245
-13.423719646652664,-0.002103377968978747
-13.418756744550457,-0.0020964341719548994
-13.413793842448243,-0.0020895102276649847
-13.408830940346036,-0.002082606092421355
-13.403868038243829,-0.002075721722595348
-13.398905136141614,-0.0020688570746173426
-13.393942234039407,-0.0020620121049767627
-13.388979331937193,-0.0020551867702220377
-13.384016429834986,-0.002048381026960649
-13.379053527732772,-0.002041594831859072
-13.374090625630565,-0.0020348281416428336
-13.36912772352835,-0.0020280809130964637
-13.364164821426144,-0.002021353103063545
-13.359201919323937,-0.0020146446684466573
-13.354239017221722,-0.0020079555662073987
-13.349276115119515,-0.002001285753366414
-13.344313213017301,-0.0019946351870033397
-13.339350310915094,-0.001988003824256851
-13.33438740881288,-0.0019813916223246136
-13.329424506710673,-0.0019747985384633397
-13.324461604608459,-0.0019682245299887154
-13.319498702506252,-0.001961669554275475
-13.314535800404045,-0.0019551335687573307
-13.30957289830183,-0.0019486165309270072
-13.304609996199623,-0.0019421183983362523
-13.29964709409741,-0.0019356391285957734
-13.294684191995202,-0.0019291786793753302
-13.289721289892988,-0.0019227370084036219
-13.28475838779078,-0.0019163140734683904
-13.279795485688567,-0.0019099098324163208
-13.27483258358636,-0.0019035242431531302
-13.269869681484153,-0.0018971572636434862
-13.264906779381938,-0.0018908088519110405
-13.259943877279731,-0.00188447896603844
-13.254980975177517,-0.001878167564167285
-13.25001807307531,-0.001871874604498163
-13.245055170973096,-0.0018656000452906031
-13.240092268870889,-0.0018593438448631296
-13.235129366768675,-0.001853105961593189
-13.230166464666468,-0.0018468863539172157
-13.22520356256426,-0.0018406849803305728
-13.220240660462046,-0.001834501799387559
-13.21527775835984,-0.0018283367697014478
-13.210314856257625,-0.0018221898499444099
-13.205351954155418,-0.001816060998847589
-13.200389052053204,-0.0018099501752010159
-13.195426149950997,-0.0018038573378536728
-13.190463247848783,-0.0017977824457134348
-13.185500345746576,-0.0017917254577471114
-13.180537443644369,-0.0017856863329804029
-13.175574541542154,-0.0017796650304979077
-13.170611639439947,-0.001773661509443139
-13.165648737337733,-0.001767675729018474
-13.160685835235526,-0.0017617076484851976
-13.155722933133312,-0.001755757227163449
-13.150760031031105,-0.0017498244244322663
-13.14579712892889,-0.0017439091997295227
-13.140834226826684,-0.00173801151255198
-13.135871324724476,-0.0017321313224552327
-13.130908422622262,-0.001726268589053719
-13.125945520520055,-0.0017204232720207406
-13.120982618417841,-0.0017145953310884045
-13.116019716315634,-0.0017087847260476696
-13.11105681421342,-0.0017029914167482807
-13.106093912111213,-0.0016972153630988335
-13.101131010008999,-0.0016914565250666896
-13.096168107906792,-0.0016857148626780445
-13.091205205804584,-0.0016799903360178562
-13.08624230370237,-0.0016742829052298664
-13.081279401600163,-0.0016685925305166098
-13.076316499497949,-0.0016629191721393613
-13.071353597395742,-0.0016572627904181834
-13.066390695293528,-0.0016516233457318586
-13.06142779319132,-0.0016460007985179348
-13.056464891089107,-0.0016403951092726732
-13.0515019889869,-0.0016348062385510816
-13.046539086884692,-0.0016292341469668656
-13.041576184782478,-0.0016236787951924398
-13.036613282680271,-0.001618140143958929
-13.031650380578057,-0.001612618154056129
-13.02668747847585,-0.0016071127863325435
-13.021724576373636,-0.001601624001695311
-13.016761674271429,-0.0015961517611102652
-13.011798772169215,-0.0015906960256018626
-13.006835870067007,-0.0015852567562532297
-13.0018729679648,-0.0015798339142061022
-12.996910065862586,-0.0015744274606608421
-12.99194716376038,-0.0015690373568764391
-12.986984261658165,-0.0015636635641704632
-12.982021359555958,-0.0015583060439191007
-12.977058457453744,-0.0015529647575570898
-12.972095555351537,-0.0015476396665777676
-12.967132653249323,-0.0015423307325330073
-12.962169751147115,-0.0015370379170332544
-12.957206849044908,-0.0015317611817474751
-12.952243946942694,-0.001526500488403158
-12.947281044840487,-0.0015212557987863344
-12.942318142738273,-0.0015160270747415076
-12.937355240636066,-0.001510814278171701
-12.932392338533852,-0.0015056173710383985
-12.927429436431645,-0.0015004363153615719
-12.92246653432943,-0.0014952710732196286
-12.917503632227223,-0.0014901216067494487
-12.912540730125016,-0.0014849878781463225
-12.907577828022802,-0.001479869849663966
-12.902614925920595,-0.0014747674836145214
-12.897652023818381,-0.0014696807423684954
-12.892689121716174,-0.00146460958835482
-12.88772621961396,-0.001459553984060753
-12.882763317511753,-0.0014545138920319491
-12.877800415409538,-0.001449489274872378
-12.872837513307331,-0.0014444800952443664
-12.867874611205124,-0.0014394863158685386
-12.86291170910291,-0.00143450789952383
-12.857948807000703,-0.0014295448090474762
-12.852985904898489,-0.0014245970073349732
-12.848023002796282,-0.0014196644573401006
-12.843060100694068,-0.0014147471220748687
-12.83809719859186,-0.0014098449646095434
-12.833134296489646,-0.0014049579480725869
-12.82817139438744,-0.0014000860356506975
-12.823208492285232,-0.0013952291905887442
-12.818245590183018,-0.001390387376189769
-12.813282688080811,-0.001385560555815006
-12.808319785978597,-0.0013807486928838057
-12.80335688387639,-0.0013759517508736773
-12.798393981774176,-0.0013711696933202213
-12.793431079671969,-0.0013664024838171698
-12.788468177569754,-0.0013616500860163148
-12.783505275467547,-0.0013569124636275429
-12.77854237336534,-0.0013521895804187805
-12.773579471263126,-0.0013474814002159938
-12.768616569160919,-0.0013427878869031904
-12.763653667058705,-0.0013381090044223582
-12.758690764956498,-0.0013334447167735067
-12.753727862854284,-0.0013287949880145932
-12.748764960752077,-0.0013241597822615577
-12.743802058649862,-0.0013195390636882582
-12.738839156547655,-0.0013149327965265
-12.733876254445448,-0.001310340945065984
-12.728913352343234,-0.001305763473654296
-12.723950450241027,-0.001301200346696917
-12.718987548138813,-0.0012966515286571606
-12.714024646036606,-0.0012921169840562025
-12.709061743934392,-0.001287596677473016
-12.704098841832185,-0.0012830905735444033
-12.69913593972997,-0.0012785986369649247
-12.694173037627763,-0.0012741208324869384
-12.689210135525556,-0.001269657124920532
-12.684247233423342,-0.0012652074791335204
-12.679284331321135,-0.001260771860051452
-12.67432142921892,-0.001256350232657551
-12.669358527116714,-0.001251942561992733
-12.6643956250145,-0.0012475488131555468
-12.659432722912292,-0.0012431689513022147
-12.654469820810078,-0.0012388029416465405
-12.649506918707871,-0.001234450749459956
-12.644544016605664,-0.0012301123400714588
-12.63958111450345,-0.0012257876788676003
-12.634618212401243,-0.0012214767312924988
-12.629655310299029,-0.001217179462847765
-12.624692408196822,-0.001212895839092532
-12.619729506094608,-0.001208625825643399
-12.6147666039924,-0.0012043693881744432
-12.609803701890186,-0.0012001264924171612
-12.60484079978798,-0.0011958971041604917
-12.599877897685772,-0.00119168118925076
-12.594914995583558,-0.001187478713591661
-12.589952093481351,-0.0011832896431442793
-12.584989191379137,-0.0011791139439269987
-12.58002628927693,-0.0011749515820155512
-12.575063387174716,-0.0011708025235429374
-12.570100485072508,-0.0011666667346994538
-12.565137582970294,-0.0011625441817326267
-12.560174680868087,-0.0011584348309472323
-12.55521177876588,-0.0011543386487052412
-12.550248876663666,-0.0011502556014258102
-12.545285974561459,-0.0011461856555852728
-12.540323072459245,-0.0011421287777170835
-12.535360170357038,-0.001138084934411841
-12.530397268254823,-0.0011340540923172153
-12.525434366152616,-0.0011300362181379745
-12.520471464050402,-0.0011260312786359136
-12.515508561948195,-0.001122039240629883
-12.510545659845988,-0.0011180600709957136
-12.505582757743774,-0.0011140937366662265
-12.500619855641567,-0.0011101402046312116
-12.495656953539353,-0.0011061994419373756
-12.490694051437146,-0.001102271415688359
-12.485731149334931,-0.0010983560930446618
-12.480768247232724,-0.0010944534412236806
-12.475805345130517,-0.0010905634274996265
-12.470842443028303,-0.0010866860192035282
-12.465879540926096,-0.001082821183723223
-12.460916638823882,-0.001078968888503293
-12.455953736721675,-0.0010751291010450852
-12.45099083461946,-0.0010713017889066377
-12.446027932517254,-0.0010674869197027084
-12.44106503041504,-0.0010636844611046983
-12.436102128312832,-0.001059894380840673
-12.431139226210625,-0.001056116646695297
-12.426176324108411,-0.0010523512265098306
-12.421213422006204,-0.0010485980881821118
-12.41625051990399,-0.0010448571996664996
-12.411287617801783,-0.0010411285289738882
-12.406324715699569,-0.0010374120441716402
-12.401361813597362,-0.0010337077133836005
-12.396398911495147,-0.001030015504790028
-12.39143600939294,-0.0010263353866276175
-12.386473107290733,-0.0010226673271894208
-12.381510205188519,-0.0010190112948248581
-12.376547303086312,-0.0010153672579396855
-12.371584400984098,-0.001011735184995949
-12.36662149888189,-0.0010081150445119824
-12.361658596779677,-0.0010045068050623534
-12.35669569467747,-0.0010009104352778687
-12.351732792575255,-0.0009973259038455085
-12.346769890473048,-0.0009937531795084407
-12.341806988370841,-0.0009901922310659509
-12.336844086268627,-0.0009866430273734422
-12.33188118416642,-0.0009831055373424082
-12.326918282064206,-0.00097957972994038
-12.321955379961999,-0.0009760655741909328
-12.316992477859785,-0.0009725630391736175
-12.312029575757578,-0.0009690720940239781
-12.307066673655363,-0.0009655927079334722
-12.302103771553156,-0.0009621248501494911
-12.29714086945095,-0.0009586684899752956
-12.292177967348735,-0.0009552235967699922
-12.287215065246528,-0.0009517901399485313
-12.282252163144314,-0.0009483680889816337
-12.277289261042107,-0.0009449574133958077
-12.272326358939893,-0.0009415580827732727
-12.267363456837685,-0.0009381700667519744
-12.262400554735471,-0.0009347933350255121
-12.257437652633264,-0.0009314278573431509
-12.252474750531057,-0.000928073603509754
-12.247511848428843,-0.0009247305433857678
-12.242548946326636,-0.0009213986468872084
-12.237586044224422,-0.0009180778839855949
-12.232623142122215,-0.0009147682247079543
-12.22766024002,-0.0009114696391367604
-12.222697337917793,-0.0009081820974099306
-12.21773443581558,-0.0009049055697207653
-12.212771533713372,-0.0009016400263179472
-12.207808631611165,-0.0008983854375054834
-12.202845729508951,-0.0008951417736426839
-12.197882827406744,-0.0008919090051441445
-12.19291992530453,-0.0008886871024796847
-12.187957023202323,-0.0008854760361743458
-12.182994121100108,-0.0008822757768083301
-12.178031218997901,-0.0008790862950170024
-12.173068316895687,-0.0008759075614908183
-12.16810541479348,-0.0008727395469753309
-12.163142512691273,-0.0008695822222711244
-12.158179610589059,-0.0008664355582337979
-12.153216708486852,-0.0008632995257739404
-12.148253806384638,-0.0008601740958570752
-12.14329090428243,-0.0008570592395036513
-12.138328002180216,-0.0008539549277889808
-12.13336510007801,-0.0008508611318432442
-12.128402197975795,-0.0008477778228514087
-12.123439295873588,-0.0008447049720532492
-12.118476393771381,-0.0008416425507432616
-12.113513491669167,-0.0008385905302706594
-12.10855058956696,-0.0008355488820393412
-12.103587687464746,-0.0008325175775078347
-12.098624785362539,-0.0008294965881892888
-12.093661883260324,-0.0008264858856514111
-12.088698981158117,-0.0008234854415164622
-12.083736079055903,-0.0008204952274611872
-12.078773176953696,-0.0008175152152168223
-12.073810274851489,-0.0008145453765690184
-12.068847372749275,-0.0008115856833578267
-12.063884470647068,-0.0008086361074776721
-12.058921568544854,-0.0008056966208772919
-12.053958666442647,-0.0008027671955597266
-12.048995764340432,-0.0007998478035822576
-12.044032862238225,-0.0007969384170564014
-12.039069960136011,-0.000794039008147843
-12.034107058033804,-0.0007911495490764271
-12.029144155931597,-0.0007882700121160965
-12.024181253829383,-0.0007854003695948706
-12.019218351727176,-0.0007825405938948151
-12.014255449624962,-0.0007796906574519805
-12.009292547522755,-0.0007768505327563964
-12.00432964542054,-0.0007740201923520036
-11.999366743318333,-0.0007711996088366486
-11.99440384121612,-0.0007683887548620089
-11.989440939113912,-0.000765587603133598
-11.984478037011705,-0.0007627961264106882
-11.97951513490949,-0.0007600142975062947
-11.974552232807284,-0.000757242089287145
-11.96958933070507,-0.0007544794746736116
-11.964626428602863,-0.0007517264266397092
-11.959663526500648,-0.000748982918213023
-11.954700624398441,-0.0007462489224747021
-11.949737722296227,-0.0007435244125593878
-11.94477482019402,-0.00074080936165521
-11.939811918091813,-0.0007381037430037193
-11.934849015989599,-0.0007354075298998563
-11.929886113887392,-0.00073272069569193
-11.924923211785178,-0.0007300432137815481
-11.91996030968297,-0.0007273750576236097
-11.914997407580756,-0.0007247162007262337
-11.91003450547855,-0.000722066616650752
-11.905071603376335,-0.0007194262790116351
-11.900108701274128,-0.0007167951614764897
-11.895145799171921,-0.0007141732377659867
-11.890182897069707,-0.0007115604816538308
-11.8852199949675,-0.0007089568669667405
-11.880257092865286,-0.0007063623675843696
-11.875294190763078,-0.0007037769574393071
-11.870331288660864,-0.0007012006105169988
-11.865368386558657,-0.0006986333008557418
-11.860405484456443,-0.0006960750025466104
-11.855442582354236,-0.0006935256897334483
-11.850479680252029,-0.0006909853366127971
-11.845516778149815,-0.0006884539174338689
-11.840553876047608,-0.0006859314064985175
-11.835590973945394,-0.0006834177781611663
-11.830628071843186,-0.0006809130068288007
-11.825665169740972,-0.0006784170669608944
-11.820702267638765,-0.0006759299330693977
-11.815739365536551,-0.0006734515797186663
-11.810776463434344,-0.0006709819815254452
-11.805813561332137,-0.0006685211131588069
-11.800850659229923,-0.000666068949340117
-11.795887757127716,-0.0006636254648430005
-11.790924855025501,-0.0006611906344932752
-11.785961952923294,-0.0006587644331689384
-11.78099905082108,-0.0006563468358000983
-11.776036148718873,-0.0006539378173689486
-11.771073246616659,-0.0006515373529097125
-11.766110344514452,-0.0006491454175086153
-11.761147442412245,-0.0006467619863038203
-11.75618454031003,-0.000644387034485398
-11.751221638207824,-0.0006420205372952895
-11.74625873610561,-0.0006396624700272403
-11.741295834003402,-0.0006373128080267844
-11.736332931901188,-0.0006349715266911712
-11.731370029798981,-0.0006326386014693468
-11.726407127696767,-0.0006303140078618904
-11.72144422559456,-0.0006279977214209885
-11.716481323492353,-0.0006256897177503676
-11.711518421390139,-0.0006233899725052659
-11.706555519287932,-0.0006210984613923945
-11.701592617185717,-0.000618815160169863
-11.69662971508351,-0.0006165400446471758
-11.691666812981296,-0.0006142730906851444
-11.686703910879089,-0.000612014274195881
-11.681741008776875,-0.0006097635711427186
-11.676778106674668,-0.0006075209575401963
-11.67181520457246,-0.0006052864094539884
-11.666852302470247,-0.0006030599030008698
-11.66188940036804,-0.0006008414143486789
-11.656926498265825,-0.0005986309197162495
-11.651963596163618,-0.0005964283953733911
-11.647000694061404,-0.0005942338176408131
-11.642037791959197,-0.0005920471628901102
-11.637074889856983,-0.0005898684075436863
-11.632111987754776,-0.0005876975280747333
-11.627149085652569,-0.0005855345010071642
-11.622186183550355,-0.0005833793029155738
-11.617223281448148,-0.0005812319104252034
-11.612260379345933,-0.000579092300211867
-11.607297477243726,-0.000576960449001937
-11.602334575141512,-0.0005748363335722637
-11.597371673039305,-0.0005727199307501583
-11.59240877093709,-0.0005706112174133167
-11.587445868834884,-0.0005685101704898011
-11.582482966732677,-0.0005664167669579662
-11.577520064630463,-0.0005643309838464229
-11.572557162528256,-0.0005622527982339969
-11.567594260426041,-0.0005601821872496647
-11.562631358323834,-0.0005581191280725229
-11.55766845622162,-0.0005560635979317206
-11.552705554119413,-0.0005540155741064328
-11.547742652017206,-0.0005519750339257894
-11.542779749914992,-0.0005499419547688402
-11.537816847812785,-0.0005479163140645099
-11.53285394571057,-0.0005458980892915312
-11.527891043608363,-0.0005438872579784183
-11.52292814150615,-0.0005418837977033937
-11.517965239403942,-0.0005398876860943648
-11.513002337301728,-0.000537898900828849
-11.508039435199521,-0.000535917419633947
-11.503076533097314,-0.0005339432202862755
-11.4981136309951,-0.0005319762806119225
-11.493150728892893,-0.0005300165784864085
-11.488187826790679,-0.0005280640918346168
-11.483224924688471,-0.0005261187986307644
-11.478262022586257,-0.0005241806768983312
-11.47329912048405,-0.0005222497047100297
-11.468336218381836,-0.0005203258601877356
-11.463373316279629,-0.0005184091215024544
-11.458410414177422,-0.0005164994668742581
-11.453447512075208,-0.0005145968745722361
-11.448484609973,-0.0005127013229144583
-11.443521707870786,-0.0005108127902679005
-11.43855880576858,-0.0005089312550484171
-11.433595903666365,-0.0005070566957206682
-11.428633001564158,-0.0005051890907980916
-11.423670099461944,-0.0005033284188428255
-11.418707197359737,-0.00050147465846568
-11.41374429525753,-0.0004996277883260728
-11.408781393155316,-0.0004977877871319751
-11.403818491053109,-0.0004959546336398771
-11.398855588950894,-0.0004941283066547099
-11.393892686848687,-0.0004923087850298207
-11.388929784746473,-0.0004904960476668969
-11.383966882644266,-0.0004886900735159337
-11.379003980542052,-0.00048689084157516353
-11.374041078439845,-0.00048509833089102237
-11.369078176337638,-0.0004833125205580782
-11.364115274235424,-0.00048153338971899126
-11.359152372133217,-0.0004797609175644621
-11.354189470031002,-0.00047799508333316485
-11.349226567928795,-0.0004762358663117159
-11.344263665826581,-0.0004744832458345939
-11.339300763724374,-0.0004727372012841149
-11.33433786162216,-0.0004709977120903556
-11.329374959519953,-0.0004692647577311161
-11.324412057417746,-0.0004675383177318567
-11.319449155315532,-0.00046581837166564504
-11.314486253213325,-0.0004641048991531129
-11.30952335111111,-0.0004623978798623854
-11.304560449008903,-0.00046069729350904556
-11.29959754690669,-0.00045900311985606196
-11.294634644804482,-0.00045731533871375065
-11.289671742702268,-0.0004556339299397081
-11.28470884060006,-0.00045395887343876936
-11.279745938497854,-0.0004522901491629424
-11.27478303639564,-0.0004506277371113554
-11.269820134293433,-0.0004489716173302157
-11.264857232191218,-0.000447321769912732
-11.259894330089011,-0.00044567817499908334
-11.254931427986797,-0.00044404081277634263
-11.24996852588459,-0.0004424096634784415
-11.245005623782376,-0.0004407847073860974
-11.240042721680169,-0.0004391659248267735
-11.235079819577962,-0.00043755329617461427
-11.230116917475748,-0.0004359468018503889
-11.22515401537354,-0.00043434642232144664
-11.220191113271326,-0.00043275213810164726
-11.21522821116912,-0.000431163929751319
-11.210265309066905,-0.0004295817778771881
-11.205302406964698,-0.0004280056631323416
-11.200339504862484,-0.00042643556621614864
-11.195376602760277,-0.0004248714678742288
-11.19041370065807,-0.0004233133488983749
-11.185450798555856,-0.00042176119012650735
-11.180487896453648,-0.0004202149724426227
-11.175524994351434,-0.0004186746767767203
-11.170562092249227,-0.0004171402841047692
-11.165599190147013,-0.00041561177544862564
-11.160636288044806,-0.0004140891318760012
-11.155673385942592,-0.0004125723345003843
-11.150710483840385,-0.0004110613644810042
-11.145747581738178,-0.00040955620302275485
-11.140784679635964,-0.00040805683137614773
-11.135821777533756,-0.0004065632308372584
-11.130858875431542,-0.00040507538274765927
-11.125895973329335,-0.00040359326849437294
-11.120933071227121,-0.00040211686950980194
-11.115970169124914,-0.00040064616727168825
-11.1110072670227,-0.00039918114330303613
-11.106044364920493,-0.00039772177917207557
-11.101081462818286,-0.0003962680564921849
-11.096118560716071,-0.0003948199569218444
-11.091155658613864,-0.00039337746216458106
-11.08619275651165,-0.000391940553968897
-11.081229854409443,-0.00039050921412822837
-11.076266952307229,-0.0003890834244808717
-11.071304050205022,-0.0003876631669099391
-11.066341148102808,-0.0003862484233432888
-11.0613782460006,-0.0003848391757534769
-11.056415343898394,-0.00038343540615768925
-11.05145244179618,-0.00038203709661768765
-11.046489539693972,-0.00038064422923975714
-11.041526637591758,-0.00037925678617463203
-11.036563735489551,-0.00037787474961745664
-11.031600833387337,-0.0003764981018077061
-11.02663793128513,-0.0003751268250291475
-11.021675029182916,-0.00037376090160976287
-11.016712127080709,-0.00037240031392170395
-11.011749224978502,-0.0003710450443812252
-11.006786322876287,-0.000369695075448623
-11.00182342077408,-0.00036835038962818934
-10.996860518671866,-0.0003670109694681332
-10.99189761656966,-0.0003656767975605391
-10.986934714467445,-0.00036434785654129335
-10.981971812365238,-0.00036302412909003693
-10.977008910263024,-0.00036170559793009257
-10.972046008160817,-0.00036039224582841927
-10.96708310605861,-0.0003590840555955395
-10.962120203956395,-0.00035778101008548615
-10.957157301854188,-0.00035648309219574653
-10.952194399751974,-0.0003551902848671879
-10.947231497649767,-0.0003539025710840176
-10.942268595547553,-0.00035261993387370166
-10.937305693445346,-0.00035134235630692335
-10.932342791343132,-0.00035006982149750733
-10.927379889240925,-0.00034880231260237264
-10.922416987138718,-0.00034753981282146146
-10.917454085036503,-0.00034628230539768176
-10.912491182934296,-0.00034502977361685456
-10.907528280832082,-0.000343782200807639
-10.902565378729875,-0.00034253957034148644
-10.897602476627661,-0.0003413018656325639
-10.892639574525454,-0.00034006907013771126
-10.88767667242324,-0.0003388411673563611
-10.882713770321033,-0.0003376181408304964
-10.877750868218826,-0.00033639997414457385
-10.872787966116611,-0.0003351866509254699
-10.867825064014404,-0.0003339781548424234
-10.86286216191219,-0.000332774469606964
-10.857899259809983,-0.00033157557897286235
-10.852936357707769,-0.00033038146673605696
-10.847973455605562,-0.00032919211673460426
-10.843010553503348,-0.0003280075128486066
-10.83804765140114,-0.00032682763900016015
-10.833084749298934,-0.00032565247915328617
-10.82812184719672,-0.0003244820173138694
-10.823158945094512,-0.00032331623752960556
-10.818196042992298,-0.0003221551238899237
-10.813233140890091,-0.0003209986605259429
-10.808270238787877,-0.0003198468316103915
-10.80330733668567,-0.00031869962135756136
-10.798344434583456,-0.0003175570140232336
-10.793381532481249,-0.0003164189939046254
-10.788418630379041,-0.0003152855453403211
-10.783455728276827,-0.0003141566527102115
-10.77849282617462,-0.00031303230043543915
-10.773529924072406,-0.00031191247297832075
-10.768567021970199,-0.00031079715484230236
-10.763604119867985,-0.0003096863305718802
-10.758641217765778,-0.0003085799847525536
-10.753678315663564,-0.00030747810201074683
-10.748715413561357,-0.0003063806670137626
-10.74375251145915,-0.000305287664469706
-10.738789609356935,-0.0003041990791274256
-10.733826707254728,-0.0003031148957764585
-10.728863805152514,-0.000302035099246954
-10.723900903050307,-0.00030095967440962364
-10.718938000948093,-0.00029988860617566625
-10.713975098845886,-0.0002988218794967179
-10.709012196743672,-0.00029775947936477415
-10.704049294641464,-0.00029670139081214183
-10.699086392539257,-0.00029564759891136436
-10.694123490437043,-0.00029459808877516157
-10.689160588334836,-0.00029355284555637295
-10.684197686232622,-0.000292511854447884
-10.679234784130415,-0.0002914751006825731
-10.6742718820282,-0.0002904425695332362
-10.669308979925994,-0.0002894142463125376
-10.66434607782378,-0.0002883901163729313
-10.659383175721572,-0.00028737016510661356
-10.654420273619365,-0.0002863543779454431
-10.649457371517151,-0.00028534274036088773
-10.644494469414944,-0.00028433523786396207
-10.63953156731273,-0.00028333185600515305
-10.634568665210523,-0.0002823325803743691
-10.629605763108309,-0.0002813373966008657
-10.624642861006102,-0.0002803462903531894
-10.619679958903895,-0.0002793592473391082
-10.61471705680168,-0.00027837625330554916
-10.609754154699473,-0.00027739729403853845
-10.60479125259726,-0.00027642235536313
-10.599828350495052,-0.0002754514231433502
-10.594865448392838,-0.0002744844832821229
-10.58990254629063,-0.000273521521721218
-10.584939644188417,-0.00027256252444117474
-10.57997674208621,-0.0002716074774612473
-10.575013839984003,-0.0002706563668393355
-10.570050937881788,-0.0002697091786719183
-10.565088035779581,-0.00026876589909399925
-10.560125133677367,-0.00026782651427902825
-10.55516223157516,-0.0002668910104388513
-10.550199329472946,-0.0002659593738236328
-10.545236427370739,-0.00026503159072180317
-10.540273525268525,-0.00026410764745998333
-10.535310623166318,-0.0002631875304029301
-10.53034772106411,-0.0002622712259534632
-10.525384818961896,-0.0002613587205524049
-10.52042191685969,-0.0002604500006785176
-10.515459014757475,-0.00025954505284843144
-10.510496112655268,-0.0002586438636165904
-10.505533210553054,-0.0002577464195751742
-10.500570308450847,-0.0002568527073540487
-10.495607406348633,-0.00025596271362068575
-10.490644504246426,-0.00025507642508011225
-10.485681602144219,-0.0002541938284748344
-10.480718700042004,-0.0002533149105847776
-10.475755797939797,-0.00025243965822722427
-10.470792895837583,-0.0002515680582567407
-10.465829993735376,-0.0002507000975651221
-10.460867091633162,-0.0002498357630813183
-10.455904189530955,-0.00024897504177137626
-10.45094128742874,-0.0002481179206383681
-10.445978385326534,-0.00024726438672233387
-10.441015483224326,-0.00024641442710020755
-10.436052581122112,-0.00024556802888575787
-10.431089679019905,-0.00024472517922952375
-10.426126776917691,-0.0002438858653187433
-10.421163874815484,-0.0002430500743772963
-10.41620097271327,-0.00024221779366563026
-10.411238070611063,-0.00024138901048070488
-10.406275168508849,-0.00024056371215591603
-10.401312266406642,-0.00023974188606104105
-10.396349364304434,-0.00023892351960216543
-10.39138646220222,-0.00023810860022162008
-10.386423560100013,-0.00023729711539791868
-10.381460657997799,-0.00023648905264568625
-10.376497755895592,-0.00023568439951560167
-10.371534853793378,-0.00023488314359432265
-10.36657195169117,-0.00023408527250443152
-10.361609049588957,-0.00023329077390435692
-10.35664614748675,-0.00023249963548832087
-10.351683245384542,-0.00023171184498626396
-10.346720343282328,-0.00023092739016378322
-10.341757441180121,-0.0002301462588220697
-10.336794539077907,-0.0002293684387978352
-10.3318316369757,-0.0002285939179632558
-10.326868734873486,-0.00022782268422589738
-10.321905832771279,-0.00022705472552865947
-10.316942930669065,-0.00022629002984969826
-10.311980028566857,-0.0002255285852023737
-10.30701712646465,-0.00022477037963517213
-10.302054224362436,-0.00022401540123164753
-10.29709132226023,-0.00022326363811035584
-10.292128420158015,-0.0002225150784247844
-10.287165518055808,-0.0002217697103632927
-10.282202615953594,-0.0002210275221490391
-10.277239713851387,-0.00022028850203992476
-10.272276811749173,-0.0002195526383285174
-10.267313909646965,-0.0002188199193419946
-10.262351007544758,-0.00021809033344207104
-10.257388105442544,-0.00021736386902493577
-10.252425203340337,-0.00021664051452119023
-10.247462301238123,-0.00021592025839577383
-10.242499399135916,-0.00021520308914790715
-10.237536497033702,-0.0002144889953110179
-10.232573594931495,-0.00021377796545268368
-10.22761069282928,-0.00021306998817455792
-10.222647790727073,-0.00021236505211230986
-10.217684888624866,-0.00021166314593555645
-10.212721986522652,-0.0002109642583477952
-10.207759084420445,-0.00021026837808634337
-10.202796182318231,-0.00020957549392226475
-10.197833280216024,-0.00020888559466031173
-10.19287037811381,-0.00020819866913885163
-10.187907476011603,-0.00020751470622980882
-10.182944573909388,-0.00020683369483859063
-10.177981671807181,-0.00020615562390403
-10.173018769704974,-0.0002054804823983124
-10.16805586760276,-0.0002048082593269129
-10.163092965500553,-0.00020413894372853334
-10.158130063398339,-0.00020347252467502953
-10.153167161296132,-0.00020280899127135364
-10.148204259193918,-0.00020214833265547974
-10.14324135709171,-0.00020149053799834701
-10.138278454989496,-0.0002008355965037849
-10.13331555288729,-0.0002001834974084559
-10.128352650785082,-0.00019953422998178277
-10.123389748682868,-0.00019888778352588458
-10.118426846580661,-0.00019824414737551542
-10.113463944478447,-0.00019760331089799154
-10.10850104237624,-0.00019696526349313148
-10.103538140274026,-0.00019632999459318556
-10.098575238171819,-0.00019569749366277499
-10.093612336069604,-0.0001950677501988199
-10.088649433967397,-0.00019444075373048074
-10.08368653186519,-0.00019381649381908654
-10.078723629762976,-0.00019319496005807015
-10.073760727660769,-0.00019257614207290866
-10.068797825558555,-0.00019196002952104715
-10.063834923456348,-0.00019134661209184312
-10.058872021354134,-0.0001907358795064929
-10.053909119251927,-0.00019012782151797193
-10.048946217149712,-0.00018952242791096384
-10.043983315047505,-0.0001889196885018001
-10.039020412945298,-0.00018831959313838934
-10.034057510843084,-0.00018772213170015372
-10.029094608740877,-0.00018712729409796637
-10.024131706638663,-0.00018653507027407924
-10.019168804536456,-0.00018594545020206426
-10.014205902434242,-0.00018535842388674143
-10.009243000332035,-0.0001847739813641196
-10.00428009822982,-0.00018419211270132455
-9.999317196127613,-0.00018361280799653935
-9.994354294025406,-0.0001830360573789341
-9.989391391923192,-0.00018246185100860153
-9.984428489820985,-0.0001818901790764956
-9.97946558771877,-0.00018132103180435813
-9.974502685616564,-0.00018075439944466225
-9.96953978351435,-0.00018019027228053833
-9.964576881412142,-0.0001796286406257167
-9.959613979309928,-0.0001790694948244544
-9.954651077207721,-0.00017851282525147702
-9.949688175105514,-0.0001779586223119074
-9.9447252730033,-0.00017740687644120275
-9.939762370901093,-0.0001768575781050916
-9.934799468798879,-0.00017631071779950335
-9.929836566696672,-0.00017576628605050847
-9.924873664594458,-0.00017522427341424765
-9.91991076249225,-0.00017468467047687225
-9.914947860390036,-0.00017414746785447368
-9.90998495828783,-0.00017361265619302328
-9.905022056185622,-0.0001730802261683023
-9.900059154083408,-0.00017255016848583931
-9.895096251981201,-0.00017202247388084713
-9.890133349878987,-0.0001714971331181517
-9.88517044777678,-0.00017097413699213433
-9.880207545674565,-0.0001704534763266594
-9.875244643572358,-0.00016993514197501605
-9.870281741470144,-0.00016941912481984725
-9.865318839367937,-0.00016890541577309023
-9.86035593726573,-0.00016839400577590662
-9.855393035163516,-0.00016788488579862
-9.850430133061309,-0.00016737804684065224
-9.845467230959095,-0.0001668734799304551
-9.840504328856888,-0.00016637117612544977
-9.835541426754673,-0.00016587112651195719
-9.830578524652466,-0.00016537332220513764
-9.825615622550252,-0.00016487775434892286
-9.820652720448045,-0.00016438441411595388
-9.815689818345838,-0.00016389329270751428
-9.810726916243624,-0.00016340438135346513
-9.805764014141417,-0.0001629176713121839
-9.800801112039203,-0.00016243315387049577
-9.795838209936996,-0.0001619508203436119
-9.790875307834781,-0.00016147066207506189
-9.785912405732574,-0.00016099267043663407
-9.78094950363036,-0.00016051683682830552
-9.775986601528153,-0.0001600431526781822
-9.771023699425946,-0.0001595716094424315
-9.766060797323732,-0.0001591021986052181
-9.761097895221525,-0.0001586349116786439
-9.75613499311931,-0.00015816974020267622
-9.751172091017104,-0.0001577066757450916
-9.74620918891489,-0.0001572457099014046
-9.741246286812682,-0.0001567868342948096
-9.736283384710468,-0.0001563300405761111
-9.731320482608261,-0.00015587532042366466
-9.726357580506054,-0.0001554226655433094
-9.72139467840384,-0.00015497206766830436
-9.716431776301633,-0.0001545235185592676
-9.711468874199419,-0.00015407701000410748
-9.706505972097212,-0.00015363253381796342
-9.701543069994997,-0.0001531900818431378
-9.69658016789279,-0.00015274964594903646
-9.691617265790583,-0.0001523112180321009
-9.686654363688369,-0.0001518747900157461
-9.681691461586162,-0.00015144035385029897
-9.676728559483948,-0.00015100790151293108
-9.67176565738174,-0.0001505774250075981
-9.666802755279527,-0.00015014891636497323
-9.66183985317732,-0.00014972236764238748
-9.656876951075105,-0.00014929777092376168
-9.651914048972898,-0.00014887511831954774
-9.646951146870691,-0.00014845440196666152
-9.641988244768477,-0.00014803561402842094
-9.63702534266627,-0.0001476187466944841
-9.632062440564056,-0.0001472037921807824
-9.627099538461849,-0.00014679074272946248
-9.622136636359635,-0.00014637959060881687
-9.617173734257427,-0.00014597032811322733
-9.612210832155213,-0.0001455629475630959
-9.607247930053006,-0.00014515744130478707
-9.6022850279508,-0.0001447538017105606
-9.597322125848585,-0.00014435202117851035
-9.592359223746378,-0.0001439520921325034
-9.587396321644164,-0.00014355400702211263
-9.582433419541957,-0.00014315775832255933
-9.577470517439743,-0.00014276333853464508
-9.572507615337535,-0.00014237074018469444
-9.567544713235321,-0.0001419799558244871
-9.562581811133114,-0.00014159097803120022
-9.557618909030907,-0.00014120379940734206
-9.552656006928693,-0.00014081841258069107
-9.547693104826486,-0.00014043481020423453
-9.542730202724272,-0.00014005298495610392
-9.537767300622065,-0.00013967292953951546
-9.53280439851985,-0.00013929463668270397
-9.527841496417643,-0.0001389180991388654
-9.52287859431543,-0.00013854330968608985
-9.517915692213222,-0.0001381702611273042
-9.512952790111015,-0.00013779894629020623
-9.507989888008801,-0.00013742935802720372
-9.503026985906594,-0.00013706148921535535
-9.49806408380438,-0.00013669533275630357
-9.493101181702173,-0.00013633088157621824
-9.488138279599958,-0.00013596812862573009
-9.483175377497751,-0.00013560706687987356
-9.478212475395537,-0.00013524768933802057
-9.47324957329333,-0.0001348899890238234
-9.468286671191123,-0.00013453395898514945
-9.463323769088909,-0.00013417959229402134
-9.458360866986702,-0.00013382688204655732
-9.453397964884488,-0.00013347582136290543
-9.44843506278228,-0.0001331264033871878
-9.443472160680066,-0.00013277862128743383
-9.43850925857786,-0.00013243246825552402
-9.433546356475645,-0.00013208793750712447
-9.428583454373438,-0.00013174502228163005
-9.423620552271231,-0.00013140371584209964
-9.418657650169017,-0.00013106401147519706
-9.41369474806681,-0.00013072590249113135
-9.408731845964596,-0.0001303893822235928
-9.403768943862389,-0.00013005444402969563
-9.398806041760174,-0.0001297210812899144
-9.393843139657967,-0.00012938928740802638
-9.388880237555753,-0.0001290590558110472
-9.383917335453546,-0.00012873037994917452
-9.378954433351339,-0.00012840325329572464
-9.373991531249125,-0.00012807766934707263
-9.369028629146918,-0.00012775362162259406
-9.364065727044704,-0.00012743110366460122
-9.359102824942497,-0.00012711010903828707
-9.354139922840282,-0.0001267906313316613
-9.349177020738075,-0.00012647266415549333
-9.344214118635861,-0.00012615620114324978
-9.339251216533654,-0.00012584123595103713
-9.334288314431447,-0.00012552776225754003
-9.329325412329233,-0.00012521577376396124
-9.324362510227026,-0.00012490526419396464
-9.319399608124812,-0.00012459622729361184
-9.314436706022605,-0.00012428865683130626
-9.30947380392039,-0.00012398254659773026
-9.304510901818183,-0.00012367789040578878
-9.29954799971597,-0.00012337468209054733
-9.294585097613762,-0.00012307291550917534
-9.289622195511555,-0.00012277258454088406
-9.28465929340934,-0.00012247368308686927
-9.279696391307134,-0.00012217620507025265
-9.27473348920492,-0.00012188014443602068
-9.269770587102713,-0.0001215854951509683
-9.264807685000498,-0.00012129225120363708
-9.259844782898291,-0.00012100040660425969
-9.254881880796077,-0.0001207099553846979
-9.24991897869387,-0.00012042089159838684
-9.244956076591663,-0.00012013320932027448
-9.239993174489449,-0.0001198469026467631
-9.235030272387242,-0.00011956196569565318
-9.230067370285028,-0.00011927839260608143
-9.22510446818282,-0.00011899617753846593
-9.220141566080606,-0.00011871531467444524
-9.2151786639784,-0.00011843579821682216
-9.210215761876185,-0.00011815762238950436
-9.205252859773978,-0.00011788078143744756
-9.200289957671771,-0.0001176052696265963
-9.195327055569557,-0.00011733108124382637
-9.19036415346735,-0.00011705821059688878
-9.185401251365136,-0.00011678665201434916
-9.180438349262928,-0.00011651639984553299
-9.175475447160714,-0.0001162474484604653
-9.170512545058507,-0.00011597979224981605
-9.165549642956293,-0.0001157134256248398
-9.160586740854086,-0.00011544834301732124
-9.155623838751879,-0.0001151845388795156
-9.150660936649665,-0.00011492200768409233
-9.145698034547458,-0.00011466074392407936
-9.140735132445243,-0.00011440074211280314
-9.135772230343036,-0.0001141419967838349
-9.130809328240822,-0.00011388450249093124
-9.125846426138615,-0.0001136282538079792
-9.120883524036401,-0.00011337324532893767
-9.115920621934194,-0.00011311947166778321
-9.110957719831987,-0.00011286692745845124
-9.105994817729773,-0.00011261560735477989
-9.101031915627566,-0.00011236550603045595
-9.096069013525351,-0.00011211661817895495
-9.091106111423144,-0.0001118689385134881
-9.08614320932093,-0.00011162246176694395
-9.081180307218723,-0.00011137718269183386
-9.076217405116509,-0.00011113309606023445
-9.071254503014302,-0.00011089019666373376
-9.066291600912095,-0.00011064847931337309
-9.06132869880988,-0.00011040793883959264
-9.056365796707674,-0.00011016857009217634
-9.05140289460546,-0.00010993036794019433
-9.046439992503252,-0.00010969332727194997
-9.041477090401038,-0.00010945744299492158
-9.036514188298831,-0.00010922271003571019
-9.031551286196617,-0.00010898912333998113
-9.02658838409441,-0.00010875667787241205
-9.021625481992203,-0.00010852536861663476
-9.016662579889989,-0.0001082951905751821
-9.011699677787782,-0.00010806613876943318
-9.006736775685567,-0.00010783820823955695
-9.00177387358336,-0.00010761139404445948
-8.996810971481146,-0.00010738569126172695
-8.991848069378939,-0.00010716109498757388
-8.986885167276725,-0.00010693760033678538
-8.981922265174518,-0.0001067152024426659
-8.97695936307231,-0.00010649389645698254
-8.971996460970097,-0.00010627367754991154
-8.96703355886789,-0.0001060545409099852
-8.962070656765675,-0.00010583648174403555
-8.957107754663468,-0.0001056194952771428
-8.952144852561254,-0.00010540357675257917
-8.947181950459047,-0.00010518872143175746
-8.942219048356833,-0.00010497492459417443
-8.937256146254626,-0.00010476218153736013
-8.932293244152419,-0.00010455048757682214
-8.927330342050205,-0.00010433983804599263
-8.922367439947998,-0.00010413022829617601
-8.917404537845783,-0.00010392165369649392
-8.912441635743576,-0.00010371410963383392
-8.907478733641362,-0.00010350759151279392
-8.902515831539155,-0.00010330209475563203
-8.89755292943694,-0.0001030976148022109
-8.892590027334734,-0.00010289414710994687
-8.887627125232527,-0.00010269168715375596
-8.882664223130313,-0.00010249023042600121
-8.877701321028105,-0.00010228977243644134
-8.872738418925891,-0.00010209030871217635
-8.867775516823684,-0.00010189183479759726
-8.86281261472147,-0.00010169434625433099
-8.857849712619263,-0.00010149783866119127
-8.852886810517049,-0.00010130230761412352
-8.847923908414842,-0.00010110774872615529
-8.842961006312635,-0.00010091415762734232
-8.83799810421042,-0.00010072152996471746
-8.833035202108213,-0.00010052986140223964
-8.828072300006,-0.00010033914762074015
-8.823109397903792,-0.00010014938431787343
-8.818146495801578,-9.996056720806334e-05
-8.813183593699371,-9.977269202245345e-05
-8.808220691597157,-9.958575450885397e-05
-8.80325778949495,-9.939975043169285e-05
-8.798294887392743,-9.92146755719617e-05
-8.793331985290529,-9.903052572716676e-05
-8.788369083188321,-9.884729671127797e-05
-8.783406181086107,-9.866498435467611e-05
-8.7784432789839,-9.848358450410474e-05
-8.773480376881686,-9.830309302261673e-05
-8.768517474779479,-9.812350578952613e-05
-8.763554572677272,-9.79448187003555e-05
-8.758591670575058,-9.776702766678659e-05
-8.75362876847285,-9.759012861661036e-05
-8.748665866370636,-9.741411749367532e-05
-8.74370296426843,-9.723899025783915e-05
-8.738740062166215,-9.706474288491662e-05
-8.733777160064008,-9.689137136663164e-05
-8.728814257961794,-9.671887171056539e-05
-8.723851355859587,-9.654723994010858e-05
-8.71888845375738,-9.637647209440967e-05
-8.713925551655166,-9.620656422832654e-05
-8.708962649552959,-9.603751241237732e-05
-8.703999747450744,-9.586931273268923e-05
-8.699036845348537,-9.570196129095134e-05
-8.694073943246323,-9.553545420436341e-05
-8.689111041144116,-9.536978760558852e-05
-8.684148139041902,-9.520495764270234e-05
-8.679185236939695,-9.504096047914569e-05
-8.674222334837488,-9.48777922936743e-05
-8.669259432735274,-9.471544928031082e-05
-8.664296530633067,-9.455392764829657e-05
-8.659333628530852,-9.439322362204134e-05
-8.654370726428645,-9.423333344107719e-05
-8.649407824326431,-9.407425336000753e-05
-8.644444922224224,-9.391597964846109e-05
-8.63948202012201,-9.375850859104205e-05
-8.634519118019803,-9.36018364872831e-05
-8.629556215917596,-9.344595965159637e-05
-8.624593313815382,-9.32908744132262e-05
-8.619630411713175,-9.313657711620149e-05
-8.61466750961096,-9.298306411928692e-05
-8.609704607508753,-9.283033179593696e-05
-8.60474170540654,-9.267837653424626e-05
-8.599778803304332,-9.252719473690412e-05
-8.594815901202118,-9.23767828211459e-05
-8.58985299909991,-9.222713721870657e-05
-8.584890096997704,-9.207825437577269e-05
-8.57992719489549,-9.193013075293568e-05
-8.574964292793283,-9.178276282514589e-05
-8.570001390691068,-9.163614708166357e-05
-8.565038488588861,-9.149028002601439e-05
-8.560075586486647,-9.134515817594072e-05
-8.55511268438444,-9.120077806335694e-05
-8.550149782282226,-9.105713623430103e-05
-8.545186880180019,-9.091422924889013e-05
-8.540223978077812,-9.077205368127235e-05
-8.535261075975598,-9.063060611958178e-05
-8.53029817387339,-9.048988316589241e-05
-8.525335271771176,-9.034988143617104e-05
-8.52037236966897,-9.0210597560233e-05
-8.515409467566755,-9.007202818169432e-05
-8.510446565464548,-8.993416995792811e-05
-8.505483663362334,-8.979701956001713e-05
-8.500520761260127,-8.966057367270972e-05
-8.49555785915792,-8.952482899437311e-05
-8.490594957055706,-8.938978223694864e-05
-8.485632054953498,-8.92554301259073e-05
-8.480669152851284,-8.912176940020258e-05
-8.475706250749077,-8.898879681222797e-05
-8.470743348646863,-8.885650912776958e-05
-8.465780446544656,-8.872490312596321e-05
-8.460817544442442,-8.85939755992481e-05
-8.455854642340235,-8.846372335332365e-05
-8.450891740238028,-8.833414320710352e-05
-8.445928838135814,-8.820523199267191e-05
-8.440965936033606,-8.807698655523958e-05
-8.436003033931392,-8.794940375309833e-05
-8.431040131829185,-8.782248045757825e-05
-8.426077229726971,-8.769621355300221e-05
-8.421114327624764,-8.757059993664353e-05
-8.41615142552255,-8.744563651868023e-05
-8.411188523420343,-8.732132022215298e-05
-8.406225621318136,-8.71976479829202e-05
-8.401262719215921,-8.707461674961474e-05
-8.396299817113714,-8.695222348360127e-05
-8.3913369150115,-8.683046515893126e-05
-8.386374012909293,-8.670933876230133e-05
-8.381411110807079,-8.658884129300864e-05
-8.376448208704872,-8.646896976290918e-05
-8.371485306602658,-8.634972119637311e-05
-8.36652240450045,-8.623109263024371e-05
-8.361559502398244,-8.611308111379294e-05
-8.35659660029603,-8.599568370867936e-05
-8.351633698193822,-8.587889748890635e-05
-8.346670796091608,-8.576271954077777e-05
-8.341707893989401,-8.564714696285744e-05
-8.336744991887187,-8.553217686592523e-05
-8.33178208978498,-8.541780637293626e-05
-8.326819187682766,-8.530403261897722e-05
-8.321856285580559,-8.519085275122599e-05
-8.316893383478352,-8.50782639289084e-05
-8.311930481376137,-8.49662633232568e-05
-8.30696757927393,-8.485484811746902e-05
-8.302004677171716,-8.47440155066653e-05
-8.29704177506951,-8.463376269784839e-05
-8.292078872967295,-8.452408690986047e-05
-8.287115970865088,-8.44149853733434e-05
-8.282153068762874,-8.430645533069596e-05
-8.277190166660667,-8.419849403603404e-05
-8.27222726455846,-8.409109875514865e-05
-8.267264362456245,-8.398426676546507e-05
-8.262301460354038,-8.387799535600276e-05
-8.257338558251824,-8.377228182733347e-05
-8.252375656149617,-8.366712349154175e-05
-8.247412754047403,-8.35625176721832e-05
-8.242449851945196,-8.345846170424503e-05
-8.237486949842982,-8.335495293410482e-05
-8.232524047740775,-8.325198871949125e-05
-8.227561145638568,-8.314956642944286e-05
-8.222598243536353,-8.304768344426846e-05
-8.217635341434146,-8.294633715550766e-05
-8.212672439331932,-8.284552496588978e-05
-8.207709537229725,-8.274524428929545e-05
-8.202746635127511,-8.264549255071567e-05
-8.197783733025304,-8.254626718621332e-05
-8.19282083092309,-8.244756564288254e-05
-8.187857928820883,-8.234938537881052e-05
-8.182895026718676,-8.225172386303736e-05
-8.177932124616461,-8.215457857551681e-05
-8.172969222514254,-8.205794700707817e-05
-8.16800632041204,-8.196182665938601e-05
-8.163043418309833,-8.186621504490225e-05
-8.158080516207619,-8.177110968684661e-05
-8.153117614105412,-8.16765081191586e-05
-8.148154712003198,-8.158240788645822e-05
-8.14319180990099,-8.148880654400812e-05
-8.138228907798783,-8.139570165767444e-05
-8.13326600569657,-8.130309080388896e-05
-8.128303103594362,-8.121097156961128e-05
-8.123340201492148,-8.11193415522894e-05
-8.118377299389941,-8.102819835982317e-05
-8.113414397287727,-8.093753961052522e-05
-8.10845149518552,-8.084736293308389e-05
-8.103488593083306,-8.075766596652485e-05
-8.098525690981099,-8.066844636017416e-05
-8.093562788878891,-8.057970177362001e-05
-8.088599886776677,-8.049142987667558e-05
-8.08363698467447,-8.040362834934209e-05
-8.078674082572256,-8.031629488177065e-05
-8.073711180470049,-8.022942717422611e-05
-8.068748278367835,-8.014302293704889e-05
-8.063785376265628,-8.005707989061922e-05
-8.058822474163414,-7.997159576531921e-05
-8.053859572061207,-7.988656830149679e-05
-8.048896669959,-7.98019952494287e-05
-8.043933767856785,-7.971787436928372e-05
-8.038970865754578,-7.963420343108687e-05
-8.034007963652364,-7.955098021468211e-05
-8.029045061550157,-7.946820250969709e-05
-8.024082159447943,-7.938586811550575e-05
-8.019119257345736,-7.930397484119341e-05
-8.014156355243522,-7.922252050551977e-05
-8.009193453141314,-7.914150293688381e-05
-8.004230551039107,-7.906091997328732e-05
-7.999267648936893,-7.898076946229941e-05
-7.994304746834686,-7.890104926102135e-05
-7.989341844732472,-7.882175723605015e-05
-7.984378942630265,-7.874289126344407e-05
-7.979416040528051,-7.866444922868626e-05
-7.974453138425844,-7.858642902665082e-05
-7.9694902363236295,-7.850882856156613e-05
-7.9645273342214224,-7.843164574698129e-05
-7.959564432119215,-7.835487850573004e-05
-7.954601530017001,-7.827852476989635e-05
-7.949638627914794,-7.820258248077989e-05
-7.94467572581258,-7.812704958886077e-05
-7.939712823710373,-7.805192405376572e-05
-7.934749921608159,-7.797720384423267e-05
-7.929787019505952,-7.790288693807744e-05
-7.9248241174037375,-7.782897132215841e-05
-7.91986121530153,-7.77554549923432e-05
-7.914898313199323,-7.768233595347392e-05
-7.909935411097109,-7.760961221933347e-05
-7.904972508994902,-7.753728181261175e-05
-7.900009606892688,-7.74653427648714e-05
-7.895046704790481,-7.739379311651475e-05
-7.890083802688267,-7.732263091674928e-05
-7.88512090058606,-7.725185422355513e-05
-7.8801579984838455,-7.71814611036507e-05
-7.875195096381638,-7.711144963246004e-05
-7.870232194279431,-7.70418178940791e-05
-7.865269292177217,-7.697256398124272e-05
-7.86030639007501,-7.690368599529191e-05
-7.855343487972796,-7.68351820461401e-05
-7.850380585870589,-7.676705025224128e-05
-7.845417683768375,-7.669928874055614e-05
-7.840454781666168,-7.663189564652032e-05
-7.8354918795639605,-7.656486911401117e-05
-7.830528977461746,-7.649820729531538e-05
-7.825566075359539,-7.643190835109699e-05
-7.820603173257325,-7.636597045036435e-05
-7.815640271155118,-7.630039177043865e-05
-7.810677369052904,-7.623517049692106e-05
-7.805714466950697,-7.617030482366136e-05
-7.800751564848483,-7.610579295272538e-05
-7.795788662746276,-7.604163309436373e-05
-7.7908257606440685,-7.597782346697947e-05
-7.785862858541854,-7.591436229709672e-05
-7.780899956439647,-7.585124781932936e-05
-7.775937054337433,-7.578847827634885e-05
-7.770974152235226,-7.572605191885362e-05
-7.766011250133012,-7.566396700553692e-05
-7.761048348030805,-7.560222180305659e-05
-7.756085445928591,-7.554081458600288e-05
-7.7511225438263835,-7.547974363686839e-05
-7.7461596417241765,-7.541900724601643e-05
-7.741196739621962,-7.535860371165035e-05
-7.736233837519755,-7.529853133978322e-05
-7.731270935417541,-7.52387884442064e-05
-7.726308033315334,-7.517937334645968e-05
-7.72134513121312,-7.512028437580028e-05
-7.716382229110913,-7.506151986917286e-05
-7.711419327008699,-7.500307817117877e-05
-7.7064564249064915,-7.494495763404635e-05
-7.7014935228042845,-7.488715661760038e-05
-7.69653062070207,-7.482967348923211e-05
-7.691567718599863,-7.477250662386978e-05
-7.686604816497649,-7.4715654403948e-05
-7.681641914395442,-7.465911521937879e-05
-7.676679012293228,-7.460288746752108e-05
-7.671716110191021,-7.454696955315203e-05
-7.666753208088807,-7.44913598884366e-05
-7.6617903059865995,-7.443605689289909e-05
-7.656827403884392,-7.438105899339293e-05
-7.651864501782178,-7.432636462407206e-05
-7.646901599679971,-7.427197222636171e-05
-7.641938697577757,-7.421788024892899e-05
-7.63697579547555,-7.416408714765453e-05
-7.632012893373336,-7.411059138560286e-05
-7.627049991271129,-7.405739143299451e-05
-7.6220870891689145,-7.40044857671764e-05
-7.6171241870667075,-7.395187287259405e-05
-7.6121612849645,-7.389955124076246e-05
-7.607198382862286,-7.384751937023791e-05
-7.602235480760079,-7.379577576658988e-05
-7.597272578657865,-7.374431894237218e-05
-7.592309676555658,-7.369314741709553e-05
-7.587346774453444,-7.364225971719874e-05
-7.582383872351237,-7.359165437602145e-05
-7.5774209702490225,-7.354132993377547e-05
-7.572458068146815,-7.349128493751769e-05
-7.567495166044608,-7.344151794112185e-05
-7.562532263942394,-7.339202750525094e-05
-7.557569361840187,-7.334281219733009e-05
-7.552606459737973,-7.329387059151842e-05
-7.547643557635766,-7.324520126868235e-05
-7.542680655533552,-7.319680281636767e-05
-7.537717753431345,-7.314867382877289e-05
-7.5327548513291305,-7.310081290672158e-05
-7.527791949226923,-7.30532186576359e-05
-7.522829047124716,-7.300588969550918e-05
-7.517866145022502,-7.295882464087916e-05
-7.512903242920295,-7.291202212080152e-05
-7.507940340818081,-7.286548076882268e-05
-7.502977438715874,-7.281919922495371e-05
-7.49801453661366,-7.277317613564328e-05
-7.493051634511453,-7.272741015375175e-05
-7.4880887324092384,-7.268189993852429e-05
-7.483125830307031,-7.263664415556515e-05
-7.478162928204824,-7.259164147681098e-05
-7.47320002610261,-7.254689058050496e-05
-7.468237124000403,-7.250239015117098e-05
-7.463274221898189,-7.245813887958713e-05
-7.458311319795982,-7.241413546276065e-05
-7.453348417693768,-7.237037860390131e-05
-7.448385515591561,-7.232686701239646e-05
-7.443422613489346,-7.228359940378492e-05
-7.438459711387139,-7.224057449973182e-05
-7.433496809284932,-7.21977910280029e-05
-7.428533907182718,-7.215524772243922e-05
-7.423571005080511,-7.211294332293218e-05
-7.418608102978297,-7.207087657539782e-05
-7.41364520087609,-7.202904623175227e-05
-7.408682298773876,-7.198745104988623e-05
-7.403719396671669,-7.194608979364052e-05
-7.398756494569454,-7.190496123278066e-05
-7.393793592467247,-7.186406414297281e-05
-7.38883069036504,-7.182339730575837e-05
-7.383867788262826,-7.178295950852974e-05
-7.378904886160619,-7.174274954450595e-05
-7.373941984058405,-7.170276621270775e-05
-7.368979081956198,-7.166300831793377e-05
-7.364016179853984,-7.16234746707357e-05
-7.3590532777517765,-7.158416408739462e-05
-7.354090375649562,-7.154507538989644e-05
-7.349127473547355,-7.15062074059082e-05
-7.344164571445148,-7.146755896875385e-05
-7.339201669342934,-7.142912891739049e-05
-7.334238767240727,-7.139091609638464e-05
-7.329275865138513,-7.135291935588835e-05
-7.324312963036306,-7.13151375516158e-05
-7.319350060934092,-7.127756954481939e-05
-7.3143871588318845,-7.124021420226671e-05
-7.30942425672967,-7.12030703962167e-05
-7.304461354627463,-7.116613700439671e-05
-7.299498452525256,-7.112941290997894e-05
-7.294535550423042,-7.109289700155745e-05
-7.289572648320835,-7.105658817312517e-05
-7.284609746218621,-7.102048532405058e-05
-7.279646844116414,-7.098458735905523e-05
-7.2746839420141995,-7.094889318819036e-05
-7.2697210399119925,-7.091340172681467e-05
-7.264758137809778,-7.08781118955712e-05
-7.259795235707571,-7.084302262036505e-05
-7.254832333605364,-7.080813283234052e-05
-7.24986943150315,-7.07734414678589e-05
-7.244906529400943,-7.073894746847607e-05
-7.239943627298729,-7.070464978092002e-05
-7.234980725196522,-7.06705473570689e-05
-7.2300178230943075,-7.063663915392849e-05
-7.2250549209921004,-7.060292413361065e-05
-7.220092018889886,-7.056940126331073e-05
-7.215129116787679,-7.053606951528619e-05
-7.210166214685472,-7.050292786683436e-05
-7.205203312583258,-7.046997530027086e-05
-7.200240410481051,-7.043721080290804e-05
-7.195277508378837,-7.040463336703292e-05
-7.19031460627663,-7.037224198988623e-05
-7.1853517041744155,-7.034003567364045e-05
-7.180388802072208,-7.030801342537879e-05
-7.175425899969994,-7.027617425707354e-05
-7.170462997867787,-7.024451718556522e-05
-7.16550009576558,-7.021304123254101e-05
-7.160537193663366,-7.018174542451396e-05
-7.155574291561159,-7.01506287928019e-05
-7.150611389458945,-7.011969037350637e-05
-7.145648487356738,-7.008892920749201e-05
-7.1406855852545235,-7.005834434036548e-05
-7.135722683152316,-7.002793482245504e-05
-7.130759781050102,-6.999769970878955e-05
-7.125796878947895,-6.996763805907833e-05
-7.120833976845688,-6.993774893769026e-05
-7.115871074743474,-6.990803141363357e-05
-7.110908172641267,-6.987848456053556e-05
-7.105945270539053,-6.984910745662205e-05
-7.100982368436846,-6.981989918469754e-05
-7.096019466334631,-6.979085883212466e-05
-7.091056564232424,-6.976198549080457e-05
-7.08609366213021,-6.973327825715648e-05
-7.081130760028003,-6.970473623209823e-05
-7.076167857925796,-6.967635852102607e-05
-7.071204955823582,-6.964814423379499e-05
-7.066242053721375,-6.962009248469922e-05
-7.061279151619161,-6.959220239245224e-05
-7.056316249516954,-6.956447308016762e-05
-7.051353347414739,-6.953690367533914e-05
-7.046390445312532,-6.950949330982174e-05
-7.041427543210318,-6.948224111981186e-05
-7.036464641108111,-6.945514624582843e-05
-7.031501739005904,-6.942820783269347e-05
-7.02653883690369,-6.940142502951303e-05
-7.021575934801483,-6.937479698965825e-05
-7.016613032699269,-6.934832287074601e-05
-7.0116501305970615,-6.932200183462052e-05
-7.006687228494847,-6.929583304733397e-05
-7.00172432639264,-6.926981567912814e-05
-6.996761424290426,-6.924394890441534e-05
-6.991798522188219,-6.921823190176006e-05
-6.986835620086012,-6.919266385386021e-05
-6.981872717983798,-6.916724394752865e-05
-6.976909815881591,-6.914197137367481e-05
-6.971946913779377,-6.911684532728622e-05
-6.9669840116771695,-6.909186500741038e-05
-6.962021109574955,-6.906702961713618e-05
-6.957058207472748,-6.904233836357625e-05
-6.952095305370534,-6.901779045784827e-05
-6.947132403268327,-6.89933851150575e-05
-6.94216950116612,-6.896912155427832e-05
-6.937206599063906,-6.894499899853668e-05
-6.932243696961699,-6.892101667479216e-05
-6.927280794859485,-6.889717381392013e-05
-6.9223178927572775,-6.887346965069418e-05
-6.917354990655063,-6.884990342376836e-05
-6.912392088552856,-6.882647437565976e-05
-6.907429186450649,-6.880318175273088e-05
-6.902466284348435,-6.87800248051722e-05
-6.897503382246228,-6.875700278698502e-05
-6.892540480144014,-6.873411495596383e-05
-6.887577578041807,-6.871136057367934e-05
-6.8826146759395925,-6.86887389054612e-05
-6.8776517738373855,-6.866624922038091e-05
-6.872688871735171,-6.864389079123479e-05
-6.867725969632964,-6.862166289452698e-05
-6.862763067530757,-6.859956481045254e-05
-6.857800165428543,-6.857759582288062e-05
-6.852837263326336,-6.855575521933768e-05
-6.847874361224122,-6.85340422909907e-05
-6.842911459121915,-6.851245633263072e-05
-6.8379485570197005,-6.849099664265594e-05
-6.832985654917493,-6.846966252305551e-05
-6.828022752815279,-6.844845327939281e-05
-6.823059850713072,-6.842736822078931e-05
-6.818096948610865,-6.840640665990799e-05
-6.813134046508651,-6.838556791293711e-05
-6.808171144406444,-6.836485129957422e-05
-6.80320824230423,-6.834425614300968e-05
-6.798245340202023,-6.832378176991092e-05
-6.7932824380998085,-6.830342751040604e-05
-6.788319535997601,-6.82831926980682e-05
-6.783356633895387,-6.82630766698995e-05
-6.77839373179318,-6.824307876631524e-05
-6.773430829690973,-6.822319833112809e-05
-6.768467927588759,-6.820343471153238e-05
-6.763505025486552,-6.818378725808852e-05
-6.758542123384338,-6.81642553247073e-05
-6.753579221282131,-6.81448382686345e-05
-6.7486163191799164,-6.812553545043517e-05
-6.743653417077709,-6.81063462339786e-05
-6.738690514975495,-6.808726998642253e-05
-6.733727612873288,-6.806830607819824e-05
-6.728764710771081,-6.804945388299512e-05
-6.723801808668867,-6.803071277774546e-05
-6.71883890656666,-6.80120821426096e-05
-6.713876004464446,-6.799356136096048e-05
-6.708913102362239,-6.797514981936911e-05
-6.703950200260024,-6.795684690758921e-05
-6.698987298157817,-6.793865201854262e-05
-6.694024396055603,-6.792056454830437e-05
-6.689061493953396,-6.7902583896088e-05
-6.684098591851189,-6.788470946423073e-05
-6.679135689748975,-6.786694065817894e-05
-6.674172787646768,-6.784927688647362e-05
-6.669209885544554,-6.783171756073566e-05
-6.664246983442347,-6.781426209565166e-05
-6.659284081340132,-6.779690990895921e-05
-6.654321179237925,-6.777966042143286e-05
-6.649358277135711,-6.776251305686958e-05
-6.644395375033504,-6.774546724207467e-05
-6.639432472931297,-6.772852240684749e-05
-6.634469570829083,-6.77116779839674e-05
-6.629506668726876,-6.769493340917976e-05
-6.624543766624662,-6.767828812118168e-05
-6.6195808645224545,-6.76617415616084e-05
-6.61461796242024,-6.764529317501913e-05
-6.609655060318033,-6.762894240888336e-05
-6.604692158215819,-6.7612688713567e-05
-6.599729256113612,-6.759653154231871e-05
-6.594766354011405,-6.75804703512562e-05
-6.589803451909191,-6.756450459935253e-05
-6.584840549806984,-6.754863374842284e-05
-6.57987764770477,-6.753285726311038e-05
-6.5749147456025625,-6.751717461087358e-05
-6.569951843500348,-6.750158526197219e-05
-6.564988941398141,-6.748608868945427e-05
-6.560026039295927,-6.747068436914268e-05
-6.55506313719372,-6.745537177962209e-05
-6.550100235091513,-6.74401504022255e-05
-6.545137332989299,-6.742501972102131e-05
-6.540174430887092,-6.740997922280032e-05
-6.5352115287848775,-6.739502839706245e-05
-6.5302486266826705,-6.738016673600408e-05
-6.525285724580456,-6.736539373450486e-05
-6.520322822478249,-6.735070889011506e-05
-6.515359920376035,-6.733611170304263e-05
-6.510397018273828,-6.73216016761406e-05
-6.505434116171621,-6.73071783148942e-05
-6.500471214069407,-6.72928411274083e-05
-6.4955083119672,-6.727858962439488e-05
-6.4905454098649855,-6.726442331916038e-05
-6.4855825077627784,-6.725034172759325e-05
-6.480619605660564,-6.723634436815151e-05
-6.475656703558357,-6.722243076185041e-05
-6.470693801456143,-6.720860043224999e-05
-6.465730899353936,-6.719485290544291e-05
-6.460767997251729,-6.718118771004214e-05
-6.455805095149515,-6.716760437716876e-05
-6.450842193047308,-6.715410244043998e-05
-6.4458792909450935,-6.71406814359568e-05
-6.440916388842886,-6.712734090229226e-05
-6.435953486740672,-6.711408038047923e-05
-6.430990584638465,-6.710089941399867e-05
-6.426027682536251,-6.708779754876759e-05
-6.421064780434044,-6.707477433312734e-05
-6.416101878331837,-6.70618293178317e-05
-6.411138976229623,-6.704896205603527e-05
-6.406176074127416,-6.703617210328181e-05
-6.4012131720252015,-6.702345901749242e-05
-6.396250269922994,-6.701082235895419e-05
-6.39128736782078,-6.69982616903085e-05
-6.386324465718573,-6.69857765765396e-05
-6.381361563616359,-6.697336658496313e-05
-6.376398661514152,-6.696103128521487e-05
-6.371435759411945,-6.694877024923917e-05
-6.366472857309731,-6.693658305127784e-05
-6.361509955207524,-6.692446926785888e-05
-6.356547053105309,-6.691242847778514e-05
-6.351584151003102,-6.690046026212346e-05
-6.346621248900888,-6.688856420419321e-05
-6.341658346798681,-6.687673988955554e-05
-6.336695444696467,-6.686498690600215e-05
-6.33173254259426,-6.685330484354456e-05
-6.326769640492053,-6.684169329440296e-05
-6.321806738389839,-6.683015185299545e-05
-6.316843836287632,-6.68186801159273e-05
-6.311880934185417,-6.680727768198003e-05
-6.30691803208321,-6.67959441521008e-05
-6.301955129980996,-6.67846791293916e-05
-6.296992227878789,-6.677348221909879e-05
-6.292029325776575,-6.676235302860233e-05
-6.287066423674368,-6.675129116740541e-05
-6.282103521572161,-6.674029624712376e-05
-6.277140619469947,-6.672936788147535e-05
-6.2721777173677395,-6.671850568626997e-05
-6.267214815265525,-6.670770927939872e-05
-6.262251913163318,-6.669697828082392e-05
-6.257289011061104,-6.668631231256863e-05
-6.252326108958897,-6.667571099870656e-05
-6.247363206856683,-6.66651739653518e-05
-6.242400304754476,-6.665470084064871e-05
-6.237437402652269,-6.664429125476188e-05
-6.232474500550055,-6.663394483986592e-05
-6.2275115984478475,-6.662366123013566e-05
-6.222548696345633,-6.6613440061736e-05
-6.217585794243426,-6.660328097281217e-05
-6.212622892141212,-6.65931836034796e-05
-6.207659990039005,-6.658314759581442e-05
-6.202697087936791,-6.65731725938433e-05
-6.197734185834584,-6.656325824353401e-05
-6.192771283732377,-6.655340419278556e-05
-6.187808381630163,-6.654361009141855e-05
-6.1828454795279555,-6.653387559116557e-05
-6.177882577425741,-6.65242003456616e-05
-6.172919675323534,-6.651458401043452e-05
-6.16795677322132,-6.650502624289557e-05
-6.162993871119113,-6.649552670232991e-05
-6.158030969016899,-6.64860850498872e-05
-6.153068066914692,-6.647670094857228e-05
-6.148105164812485,-6.646737406323573e-05
-6.1431422627102705,-6.645810406056475e-05
-6.1381793606080635,-6.644889060907372e-05
-6.133216458505849,-6.643973337909514e-05
-6.128253556403642,-6.643063204277047e-05
-6.123290654301428,-6.642158627404088e-05
-6.118327752199221,-6.641259574863827e-05
-6.113364850097007,-6.640366014407622e-05
-6.1084019479948,-6.639477913964095e-05
-6.103439045892593,-6.638595241638238e-05
-6.0984761437903785,-6.637717965710521e-05
-6.093513241688171,-6.636846054636005e-05
-6.088550339585957,-6.635979477043452e-05
-6.08358743748375,-6.635118201734452e-05
-6.078624535381536,-6.634262197682541e-05
-6.073661633279329,-6.633411434032337e-05
-6.068698731177115,-6.632565880098657e-05
-6.063735829074908,-6.631725505365667e-05
-6.058772926972701,-6.630890279486013e-05
-6.0538100248704865,-6.630060172279962e-05
-6.048847122768279,-6.629235153734561e-05
-6.043884220666065,-6.628415194002777e-05
-6.038921318563858,-6.627600263402652e-05
-6.033958416461644,-6.626790332416465e-05
-6.028995514359437,-6.625985371689896e-05
-6.024032612257223,-6.625185352031187e-05
-6.019069710155016,-6.624390244410315e-05
-6.014106808052809,-6.623600019958162e-05
-6.0091439059505944,-6.622814649965701e-05
-6.004181003848387,-6.622034105883165e-05
-5.999218101746173,-6.621258359319239e-05
-5.994255199643966,-6.620487382040252e-05
-5.989292297541752,-6.619721145969358e-05
-5.984329395439545,-6.618959623185742e-05
-5.979366493337338,-6.618202785923816e-05
-5.974403591235124,-6.617450606572418e-05
-5.969440689132917,-6.616703057674028e-05
-5.964477787030702,-6.615960111923967e-05
-5.959514884928495,-6.615221742169622e-05
-5.954551982826281,-6.614487921409656e-05
-5.949589080724074,-6.613758622793233e-05
-5.94462617862186,-6.613033819619238e-05
-5.939663276519653,-6.612313485335514e-05
-5.934700374417446,-6.611597593538085e-05
-5.929737472315232,-6.610886117970395e-05
-5.924774570213025,-6.610179032522545e-05
-5.91981166811081,-6.609476311230544e-05
-5.914848766008603,-6.60877792827554e-05
-5.909885863906389,-6.60808385798308e-05
-5.904922961804182,-6.607394074822361e-05
-5.899960059701968,-6.606708553405483e-05
-5.894997157599761,-6.606027268486717e-05
-5.890034255497554,-6.605350194961752e-05
-5.88507135339534,-6.604677307866976e-05
-5.8801084512931325,-6.604008582378746e-05
-5.875145549190918,-6.60334399381265e-05
-5.870182647088711,-6.602683517622793e-05
-5.865219744986497,-6.602027129401073e-05
-5.86025684288429,-6.601374804876468e-05
-5.855293940782076,-6.600726519914314e-05
-5.850331038679869,-6.600082250515611e-05
-5.845368136577662,-6.5994419728163e-05
-5.840405234475448,-6.598805663086563e-05
-5.8354423323732405,-6.598173297730131e-05
-5.830479430271026,-6.597544853283582e-05
-5.825516528168819,-6.596920306415648e-05
-5.820553626066605,-6.596299633926515e-05
-5.815590723964398,-6.59568281274716e-05
-5.810627821862184,-6.595069819938637e-05
-5.805664919759977,-6.594460632691422e-05
-5.80070201765777,-6.593855228324718e-05
-5.7957391155555555,-6.59325358428579e-05
-5.7907762134533485,-6.592655678149289e-05
-5.785813311351134,-6.592061487616591e-05
-5.780850409248927,-6.59147099051512e-05
-5.775887507146713,-6.5908841647977e-05
-5.770924605044506,-6.590300988541883e-05
-5.765961702942292,-6.589721439949304e-05
-5.760998800840085,-6.589145497345025e-05
-5.756035898737878,-6.588573139176886e-05
-5.7510729966356635,-6.588004344014853e-05
-5.7461100945334564,-6.587439090550386e-05
-5.741147192431242,-6.586877357595785e-05
-5.736184290329035,-6.586319124083568e-05
-5.731221388226821,-6.585764369065825e-05
-5.726258486124614,-6.585213071713592e-05
-5.7212955840224,-6.58466521131622e-05
-5.716332681920193,-6.584120767280753e-05
-5.711369779817986,-6.583579719131307e-05
-5.7064068777157715,-6.583042046508442e-05
-5.701443975613564,-6.582507729168556e-05
-5.69648107351135,-6.58197674698327e-05
-5.691518171409143,-6.58144907993881e-05
-5.686555269306929,-6.580924708135405e-05
-5.681592367204722,-6.580403611786688e-05
-5.676629465102508,-6.57988577121908e-05
-5.671666563000301,-6.579371166871205e-05
-5.666703660898094,-6.578859779293286e-05
-5.6617407587958795,-6.578351589146552e-05
-5.656777856693672,-6.577846577202659e-05
-5.651814954591458,-6.577344724343079e-05
-5.646852052489251,-6.576846011558547e-05
-5.641889150387037,-6.576350419948446e-05
-5.63692624828483,-6.575857930720255e-05
-5.631963346182616,-6.575368525188957e-05
-5.627000444080409,-6.57488218477647e-05
-5.622037541978202,-6.574398891011079e-05
-5.617074639875987,-6.573918625526864e-05
-5.61211173777378,-6.573441370063137e-05
-5.607148835671566,-6.57296710646388e-05
-5.602185933569359,-6.57249581667718e-05
-5.597223031467145,-6.572027482754682e-05
-5.592260129364938,-6.571562086851024e-05
-5.587297227262724,-6.57109961122329e-05
-5.582334325160517,-6.570640038230469e-05
-5.57737142305831,-6.57018335033289e-05
-5.572408520956095,-6.56972953009169e-05
-5.567445618853888,-6.569278560168285e-05
-5.562482716751674,-6.5688304233238e-05
-5.557519814649467,-6.568385102418568e-05
-5.552556912547253,-6.567942580411569e-05
-5.547594010445046,-6.567502840359917e-05
-5.542631108342832,-6.567065865418325e-05
-5.537668206240625,-6.566631638838578e-05
-5.5327053041384175,-6.566200143969015e-05
-5.527742402036203,-6.565771364254008e-05
-5.522779499933996,-6.565345283233438e-05
-5.517816597831782,-6.564921884542188e-05
-5.512853695729575,-6.564501151909624e-05
-5.507890793627361,-6.564083069159091e-05
-5.502927891525154,-6.563667620207398e-05
-5.49796498942294,-6.563254789064318e-05
-5.493002087320733,-6.562844559832086e-05
-5.4880391852185255,-6.562436916704892e-05
-5.483076283116311,-6.56203184396839e-05
-5.478113381014104,-6.5616293259992e-05
-5.47315047891189,-6.561229347264418e-05
-5.468187576809683,-6.56083189232112e-05
-5.463224674707469,-6.560436945815879e-05
-5.458261772605262,-6.560044492484272e-05
-5.453298870503048,-6.559654517150409e-05
-5.448335968400841,-6.559267004726441e-05
-5.4433730662986335,-6.558881940212089e-05
-5.438410164196419,-6.558499308694155e-05
-5.433447262094212,-6.558119095346075e-05
-5.428484359991998,-6.557741285427412e-05
-5.423521457889791,-6.557365864283418e-05
-5.418558555787577,-6.556992817344546e-05
-5.41359565368537,-6.556622130126001e-05
-5.408632751583156,-6.556253788227265e-05
-5.4036698494809485,-6.555887777331649e-05
-5.3987069473787415,-6.555524083205821e-05
-5.393744045276527,-6.555162691699368e-05
-5.38878114317432,-6.55480358874433e-05
-5.383818241072106,-6.554446760354752e-05
-5.378855338969899,-6.554092192626242e-05
-5.373892436867685,-6.553739871735515e-05
-5.368929534765478,-6.553389783939953e-05
-5.363966632663264,-6.553041915577169e-05
-5.3590037305610565,-6.552696253064557e-05
-5.354040828458849,-6.552352782898864e-05
-5.349077926356635,-6.552011491655747e-05
-5.344115024254428,-6.551672365989346e-05
-5.339152122152214,-6.551335392631849e-05
-5.334189220050007,-6.551000558393067e-05
-5.329226317947793,-6.550667850160004e-05
-5.324263415845586,-6.550337254896436e-05
-5.3193005137433715,-6.550008759642484e-05
-5.3143376116411645,-6.549682351514198e-05
-5.309374709538957,-6.54935801770314e-05
-5.304411807436743,-6.54903574547596e-05
-5.299448905334536,-6.548715522173993e-05
-5.294486003232322,-6.548397335212839e-05
-5.289523101130115,-6.54808117208196e-05
-5.284560199027901,-6.547767020344267e-05
-5.279597296925694,-6.547454867635716e-05
-5.2746343948234795,-6.547144701664905e-05
-5.269671492721272,-6.546836510212673e-05
-5.264708590619065,-6.5465302811317e-05
-5.259745688516851,-6.546226002346107e-05
-5.254782786414644,-6.54592366185107e-05
-5.24981988431243,-6.54562324771241e-05
-5.244856982210223,-6.545324748066225e-05
-5.239894080108009,-6.545028151118474e-05
-5.234931178005802,-6.544733445144611e-05
-5.2299682759035875,-6.544440618489188e-05
-5.22500537380138,-6.544149659565477e-05
-5.220042471699173,-6.543860556855085e-05
-5.215079569596959,-6.543573298907574e-05
-5.210116667494752,-6.54328787434009e-05
-5.205153765392538,-6.543004271836982e-05
-5.200190863290331,-6.542722480149423e-05
-5.195227961188117,-6.542442488095048e-05
-5.19026505908591,-6.542164284557584e-05
-5.1853021569836955,-6.541887858486472e-05
-5.180339254881488,-6.541613198896506e-05
-5.175376352779281,-6.541340294867476e-05
-5.170413450677067,-6.541069135543792e-05
-5.16545054857486,-6.540799710134132e-05
-5.160487646472646,-6.540532007911085e-05
-5.155524744370439,-6.540266018210791e-05
-5.150561842268225,-6.54000173043258e-05
-5.145598940166018,-6.539739134038626e-05
-5.140636038063803,-6.539478218553598e-05
-5.135673135961596,-6.539218973564306e-05
-5.130710233859389,-6.538961388719349e-05
-5.125747331757175,-6.538705453728775e-05
-5.120784429654968,-6.538451158363739e-05
-5.115821527552754,-6.538198492456156e-05
-5.110858625450547,-6.537947445898356e-05
-5.105895723348333,-6.537698008642755e-05
-5.100932821246126,-6.537450170701514e-05
-5.095969919143911,-6.5372039221462e-05
-5.091007017041704,-6.536959253107456e-05
-5.086044114939497,-6.536716153774667e-05
-5.081081212837283,-6.536474614395632e-05
-5.076118310735076,-6.536234625276234e-05
-5.071155408632862,-6.535996176780116e-05
-5.066192506530655,-6.535759259328348e-05
-5.061229604428441,-6.535523863399111e-05
-5.0562667023262335,-6.535289979527377e-05
-5.0513038002240265,-6.53505759830458e-05
-5.046340898121812,-6.534826710378303e-05
-5.041377996019605,-6.534597306451966e-05
-5.036415093917391,-6.5343693772845e-05
-5.031452191815184,-6.534142913690044e-05
-5.02648928971297,-6.533917906537622e-05
-5.021526387610763,-6.533694346750848e-05
-5.016563485508549,-6.5334722253076e-05
-5.0116005834063415,-6.53325153323973e-05
-5.0066376813041344,-6.533032261632742e-05
-5.00167477920192,-6.532814401625503e-05
-4.996711877099713,-6.532597944409934e-05
-4.991748974997499,-6.532382881230706e-05
-4.986786072895292,-6.532169203384946e-05
-4.981823170793078,-6.531956902221943e-05
-4.976860268690871,-6.531745969142843e-05
-4.9718973665886566,-6.53153639560036e-05
-4.9669344644864495,-6.531328173098482e-05
-4.961971562384242,-6.531121293192181e-05
-4.957008660282028,-6.530915747487124e-05
-4.952045758179821,-6.53071152763938e-05
-4.947082856077607,-6.530508625355138e-05
-4.9421199539754,-6.530307032390425e-05
-4.937157051873186,-6.530106740550807e-05
-4.932194149770979,-6.52990774169113e-05
-4.9272312476687645,-6.529710027715218e-05
-4.9222683455665575,-6.529513590575607e-05
-4.91730544346435,-6.529318422273264e-05
-4.912342541362136,-6.529124514857303e-05
-4.907379639259929,-6.528931860424728e-05
-4.902416737157715,-6.52874045112014e-05
-4.897453835055508,-6.528550279135477e-05
-4.892490932953294,-6.528361336709739e-05
-4.887528030851087,-6.528173616128726e-05
-4.8825651287488725,-6.527987109724754e-05
-4.877602226646665,-6.527801809876413e-05
-4.872639324544458,-6.527617709008278e-05
-4.867676422442244,-6.527434799590661e-05
-4.862713520340037,-6.527253074139347e-05
-4.857750618237823,-6.527072525215327e-05
-4.852787716135616,-6.526893145424544e-05
-4.847824814033402,-6.526714927417638e-05
-4.842861911931195,-6.52653786388968e-05
-4.8378990098289805,-6.526361947579927e-05
-4.832936107726773,-6.526187171271563e-05
-4.827973205624566,-6.526013527791449e-05
-4.823010303522352,-6.525841010009867e-05
-4.818047401420145,-6.525669610840279e-05
-4.813084499317931,-6.525499323239071e-05
-4.808121597215724,-6.525330140205312e-05
-4.80315869511351,-6.525162054780498e-05
-4.798195793011303,-6.524995060048328e-05
-4.793232890909088,-6.524829149134434e-05
-4.788269988806881,-6.524664315206164e-05
-4.783307086704674,-6.524500551472324e-05
-4.77834418460246,-6.52433785118295e-05
-4.773381282500253,-6.524176207629064e-05
-4.768418380398039,-6.524015614142441e-05
-4.763455478295832,-6.52385606409537e-05
-4.758492576193618,-6.52369755090042e-05
-4.753529674091411,-6.523540068010218e-05
-4.748566771989196,-6.5233836089172e-05
-4.743603869886989,-6.523228167153393e-05
-4.738640967784782,-6.523073736290183e-05
-4.733678065682568,-6.522920309938085e-05
-4.728715163580361,-6.52276788174652e-05
-4.723752261478147,-6.522616445403588e-05
-4.71878935937594,-6.522465994635844e-05
-4.713826457273726,-6.52231652320807e-05
-4.7088635551715186,-6.522168024923065e-05
-4.703900653069304,-6.522020493621412e-05
-4.698937750967097,-6.52187392318127e-05
-4.69397484886489,-6.521728307518146e-05
-4.689011946762676,-6.521583640584681e-05
-4.684049044660469,-6.521439916370443e-05
-4.679086142558255,-6.521297128901696e-05
-4.674123240456048,-6.521155272241201e-05
-4.669160338353834,-6.521014340487999e-05
-4.6641974362516265,-6.520874327777195e-05
-4.659234534149412,-6.520735228279754e-05
-4.654271632047205,-6.520597036202291e-05
-4.649308729944998,-6.520459745786864e-05
-4.644345827842784,-6.520323351310763e-05
-4.639382925740577,-6.520187847086311e-05
-4.634420023638363,-6.520053227460654e-05
-4.629457121536156,-6.519919486815561e-05
-4.624494219433942,-6.519786619567222e-05
-4.6195313173317345,-6.519654620166043e-05
-4.61456841522952,-6.519523483096457e-05
-4.609605513127313,-6.519393202876708e-05
-4.604642611025106,-6.519263774058672e-05
-4.599679708922892,-6.519135191227641e-05
-4.594716806820685,-6.519007449002147e-05
-4.589753904718471,-6.518880542033755e-05
-4.584791002616264,-6.518754465006868e-05
-4.5798281005140495,-6.518629212638547e-05
-4.5748651984118425,-6.51850477967831e-05
-4.569902296309628,-6.51838116090794e-05
-4.564939394207421,-6.518258351141304e-05
-4.559976492105214,-6.51813634522416e-05
-4.555013590003,-6.518015138033968e-05
-4.550050687900793,-6.517894724479709e-05
-4.545087785798579,-6.517775099501698e-05
-4.540124883696372,-6.517656258071394e-05
-4.5351619815941575,-6.517538195191228e-05
-4.53019907949195,-6.517420905894414e-05
-4.525236177389736,-6.517304385244767e-05
-4.520273275287529,-6.517188628336526e-05
-4.515310373185322,-6.517073630294175e-05
-4.510347471083108,-6.516959386272264e-05
-4.505384568980901,-6.516845891455231e-05
-4.500421666878687,-6.516733141057228e-05
-4.49545876477648,-6.516621130321943e-05
-4.4904958626742655,-6.51650985452243e-05
-4.485532960572058,-6.516399308960933e-05
-4.480570058469844,-6.516289488968713e-05
-4.475607156367637,-6.516180389905878e-05
-4.47064425426543,-6.516072007161217e-05
-4.465681352163216,-6.515964336152019e-05
-4.460718450061009,-6.515857372323918e-05
-4.455755547958795,-6.515751111150715e-05
-4.450792645856588,-6.51564554813422e-05
-4.4458297437543735,-6.51554067880408e-05
-4.440866841652166,-6.515436498717618e-05
-4.435903939549952,-6.515333003459663e-05
-4.430941037447745,-6.5152301886424e-05
-4.425978135345538,-6.515128049905191e-05
-4.421015233243324,-6.515026582914429e-05
-4.416052331141117,-6.514925783363368e-05
-4.411089429038903,-6.514825646971971e-05
-4.406126526936696,-6.514726169486743e-05
-4.401163624834481,-6.514627346680584e-05
-4.396200722732274,-6.514529174352622e-05
-4.39123782063006,-6.514431648328062e-05
-4.386274918527853,-6.514334764458034e-05
-4.381312016425646,-6.514238518619438e-05
-4.376349114323432,-6.514142906714781e-05
-4.371386212221225,-6.514047924672038e-05
-4.366423310119011,-6.513953568444495e-05
-4.361460408016804,-6.5138598340106e-05
-4.356497505914589,-6.513766717373806e-05
-4.351534603812382,-6.513674214562433e-05
-4.346571701710168,-6.513582321629512e-05
-4.341608799607961,-6.513491034652644e-05
-4.336645897505754,-6.513400349733845e-05
-4.33168299540354,-6.513310262999409e-05
-4.326720093301333,-6.513220770599758e-05
-4.321757191199119,-6.513131868709302e-05
-4.3167942890969115,-6.513043553526289e-05
-4.311831386994697,-6.512955821272671e-05
-4.30686848489249,-6.512868668193961e-05
-4.301905582790276,-6.512782090559082e-05
-4.296942680688069,-6.512696084660241e-05
-4.291979778585862,-6.512610646812781e-05
-4.287016876483648,-6.512525773355047e-05
-4.282053974381441,-6.512441460648247e-05
-4.277091072279227,-6.512357705076311e-05
-4.2721281701770195,-6.512274503045763e-05
-4.267165268074805,-6.512191850985582e-05
-4.262202365972598,-6.512109745347062e-05
-4.257239463870384,-6.512028182603685e-05
-4.252276561768177,-6.511947159250991e-05
-4.24731365966597,-6.511866671806437e-05
-4.242350757563756,-6.511786716809266e-05
-4.237387855461549,-6.511707290820385e-05
-4.2324249533593346,-6.51162839042223e-05
-4.2274620512571275,-6.511550012218633e-05
-4.222499149154913,-6.511472152834697e-05
-4.217536247052706,-6.511394808916672e-05
-4.212573344950492,-6.511317977131816e-05
-4.207610442848285,-6.511241654168286e-05
-4.202647540746078,-6.511165836734996e-05
-4.197684638643864,-6.511090521561501e-05
-4.192721736541657,-6.511015705397873e-05
-4.1877588344394425,-6.510941385014571e-05
-4.1827959323372355,-6.510867557202325e-05
-4.177833030235021,-6.51079421877201e-05
-4.172870128132814,-6.510721366554528e-05
-4.167907226030607,-6.510648997400683e-05
-4.162944323928393,-6.51057710818106e-05
-4.157981421826186,-6.510505695785917e-05
-4.153018519723972,-6.510434757125051e-05
-4.148055617621765,-6.51036428912769e-05
-4.1430927155195505,-6.510294288742371e-05
-4.138129813417343,-6.510224752936826e-05
-4.133166911315129,-6.510155678697864e-05
-4.128204009212922,-6.510087063031258e-05
-4.123241107110715,-6.51001890296163e-05
-4.118278205008501,-6.509951195532332e-05
-4.113315302906294,-6.509883937805342e-05
-4.10835240080408,-6.509817126861143e-05
-4.103389498701873,-6.50975075979861e-05
-4.0984265965996585,-6.509684833734911e-05
-4.093463694497451,-6.509619345805385e-05
-4.088500792395237,-6.509554293163427e-05
-4.08353789029303,-6.509489672980399e-05
-4.078574988190823,-6.509425482445495e-05
-4.073612086088609,-6.509361718765657e-05
-4.068649183986402,-6.509298379165448e-05
-4.063686281884188,-6.509235460886962e-05
-4.058723379781981,-6.509172961189699e-05
-4.053760477679766,-6.509110877350476e-05
-4.048797575577559,-6.509049206663314e-05
-4.043834673475345,-6.508987946439332e-05
-4.038871771373138,-6.508927094006648e-05
-4.033908869270931,-6.508866646710271e-05
-4.028945967168717,-6.508806601912002e-05
-4.02398306506651,-6.50874695699033e-05
-4.019020162964296,-6.50868770934033e-05
-4.014057260862089,-6.508628856373562e-05
-4.009094358759874,-6.508570395517972e-05
-4.004131456657667,-6.508512324217791e-05
-3.999168554555453,-6.508454639933436e-05
-3.994205652453246,-6.508397340141415e-05
-3.989242750351039,-6.508340422334218e-05
-3.984279848248825,-6.508283884020231e-05
-3.979316946146618,-6.508227722723636e-05
-3.9743540440444036,-6.508171935984312e-05
-3.9693911419421966,-6.508116521357739e-05
-3.9644282398399824,-6.508061476414909e-05
-3.9594653377377753,-6.508006798742218e-05
-3.954502435635561,-6.507952485941388e-05
-3.949539533533354,-6.507898535629365e-05
-3.944576631431147,-6.50784494543822e-05
-3.939613729328933,-6.507791713015071e-05
-3.9346508272267258,-6.507738836021978e-05
-3.9296879251245116,-6.50768631213586e-05
-3.9247250230223045,-6.507634139048396e-05
-3.9197621209200904,-6.507582314465942e-05
-3.9147992188178833,-6.507530836109439e-05
-3.909836316715669,-6.507479701714318e-05
-3.904873414613462,-6.507428909030423e-05
-3.899910512511255,-6.507378455821911e-05
-3.894947610409041,-6.507328339867168e-05
-3.8899847083068337,-6.507278558958728e-05
-3.8850218062046196,-6.507229110903174e-05
-3.8800589041024125,-6.507179993521063e-05
-3.8750960020001983,-6.507131204646834e-05
-3.8701330998979913,-6.507082742128722e-05
-3.865170197795777,-6.507034603828678e-05
-3.86020729569357,-6.506986787622287e-05
-3.855244393591363,-6.506939291398669e-05
-3.8502814914891488,-6.506892113060415e-05
-3.8453185893869417,-6.50684525052349e-05
-3.8403556872847275,-6.50679870171716e-05
-3.8353927851825205,-6.506752464583901e-05
-3.8304298830803063,-6.506706537079331e-05
-3.8254669809780992,-6.506660917172111e-05
-3.820504078875885,-6.50661560284388e-05
-3.815541176773678,-6.506570592089172e-05
-3.810578274671471,-6.506525882915326e-05
-3.8056153725692567,-6.506481473342424e-05
-3.8006524704670497,-6.506437361403196e-05
-3.7956895683648355,-6.506393545142957e-05
-3.7907266662626284,-6.506350022619514e-05
-3.7857637641604143,-6.506306791903099e-05
-3.780800862058207,-6.506263851076295e-05
-3.775837959955993,-6.506221198233947e-05
-3.770875057853786,-6.5061788314831e-05
-3.765912155751579,-6.506136748942912e-05
-3.7609492536493647,-6.50609494874459e-05
-3.7559863515471577,-6.506053429031306e-05
-3.7510234494449435,-6.506012187958131e-05
-3.7460605473427364,-6.505971223691951e-05
-3.7410976452405222,-6.505930534411406e-05
-3.736134743138315,-6.50589011830681e-05
-3.731171841036101,-6.50584997358008e-05
-3.726208938933894,-6.505810098444662e-05
-3.721246036831687,-6.505770491125468e-05
-3.7162831347294727,-6.505731149858788e-05
-3.7113202326272656,-6.505692072892245e-05
-3.7063573305250515,-6.505653258484697e-05
-3.7013944284228444,-6.505614704906187e-05
-3.69643152632063,-6.505576410437865e-05
-3.691468624218423,-6.505538373371922e-05
-3.686505722116209,-6.50550059201152e-05
-3.681542820014002,-6.505463064670721e-05
-3.676579917911795,-6.505425789674427e-05
-3.6716170158095807,-6.505388765358307e-05
-3.6666541137073736,-6.505351990068731e-05
-3.6616912116051594,-6.505315462162703e-05
-3.6567283095029524,-6.505279180007796e-05
-3.651765407400738,-6.505243141982087e-05
-3.646802505298531,-6.50520734647409e-05
-3.641839603196317,-6.505171791882688e-05
-3.63687670109411,-6.505136476617078e-05
-3.631913798991903,-6.505101399096697e-05
-3.6269508968896886,-6.505066557751163e-05
-3.6219879947874816,-6.50503195102021e-05
-3.6170250926852674,-6.504997577353626e-05
-3.6120621905830603,-6.50496343521119e-05
-3.607099288480846,-6.504929523062609e-05
-3.602136386378639,-6.504895839387453e-05
-3.597173484276425,-6.504862382675106e-05
-3.592210582174218,-6.504829151424688e-05
-3.587247680072011,-6.504796144145006e-05
-3.5822847779697966,-6.504763359354485e-05
-3.5773218758675895,-6.504730795581115e-05
-3.5723589737653754,-6.504698451362392e-05
-3.5673960716631683,-6.504666325245251e-05
-3.562433169560954,-6.504634415786013e-05
-3.557470267458747,-6.504602721550322e-05
-3.552507365356533,-6.504571241113094e-05
-3.547544463254326,-6.504539973058449e-05
-3.5425815611521188,-6.504508915979662e-05
-3.5376186590499046,-6.504478068479103e-05
-3.5326557569476975,-6.504447429168176e-05
-3.5276928548454833,-6.504416996667268e-05
-3.5227299527432763,-6.504386769605691e-05
-3.517767050641062,-6.504356746621622e-05
-3.512804148538855,-6.504326926362059e-05
-3.507841246436641,-6.504297307482748e-05
-3.502878344334434,-6.504267888648145e-05
-3.4979154422322267,-6.504238668531351e-05
-3.4929525401300126,-6.50420964581406e-05
-3.4879896380278055,-6.50418081918651e-05
-3.4830267359255913,-6.504152187347422e-05
-3.4780638338233842,-6.504123749003953e-05
-3.47310093172117,-6.504095502871637e-05
-3.468138029618963,-6.504067447674336e-05
-3.463175127516749,-6.504039582144191e-05
-3.4582122254145418,-6.504011905021562e-05
-3.4532493233123347,-6.503984415054982e-05
-3.4482864212101205,-6.503957111001103e-05
-3.4433235191079135,-6.50392999162465e-05
-3.4383606170056993,-6.503903055698362e-05
-3.433397714903492,-6.503876302002945e-05
-3.428434812801278,-6.503849729327027e-05
-3.423471910699071,-6.5038233364671e-05
-3.418509008596857,-6.503797122227477e-05
-3.4135461064946497,-6.503771085420237e-05
-3.4085832043924427,-6.503745224865182e-05
-3.4036203022902285,-6.503719539389783e-05
-3.3986574001880214,-6.503694027829134e-05
-3.3936944980858073,-6.503668689025907e-05
-3.3887315959836,-6.503643521830297e-05
-3.383768693881386,-6.503618525099981e-05
-3.378805791779179,-6.503593697700066e-05
-3.3738428896769648,-6.503569038503049e-05
-3.3688799875747577,-6.503544546388761e-05
-3.3639170854725506,-6.503520220244327e-05
-3.3589541833703365,-6.50349605896412e-05
-3.3539912812681294,-6.503472061449711e-05
-3.3490283791659152,-6.503448226609829e-05
-3.344065477063708,-6.503424553360311e-05
-3.339102574961494,-6.503401040624058e-05
-3.334139672859287,-6.503377687330994e-05
-3.3291767707570727,-6.503354492418016e-05
-3.3242138686548657,-6.503331454828953e-05
-3.3192509665526586,-6.503308573514525e-05
-3.3142880644504444,-6.50328584743229e-05
-3.3093251623482374,-6.503263275546614e-05
-3.304362260246023,-6.503240856828613e-05
-3.299399358143816,-6.503218590256127e-05
-3.294436456041602,-6.503196474813658e-05
-3.289473553939395,-6.503174509492347e-05
-3.2845106518371807,-6.503152693289916e-05
-3.2795477497349736,-6.50313102521064e-05
-3.2745848476327666,-6.503109504265293e-05
-3.2696219455305524,-6.503088129471112e-05
-3.2646590434283453,-6.503066899851761e-05
-3.259696141326131,-6.503045814437284e-05
-3.254733239223924,-6.503024872264065e-05
-3.24977033712171,-6.503004072374787e-05
-3.244807435019503,-6.502983413818396e-05
-3.239844532917296,-6.502962895650061e-05
-3.2348816308150816,-6.502942516931127e-05
-3.2299187287128746,-6.502922276729088e-05
-3.2249558266106604,-6.502902174117531e-05
-3.2199929245084533,-6.50288220817612e-05
-3.215030022406239,-6.502862377990533e-05
-3.210067120304032,-6.502842682652443e-05
-3.205104218201818,-6.502823121259467e-05
-3.200141316099611,-6.502803692915138e-05
-3.1951784139974038,-6.502784396728859e-05
-3.1902155118951896,-6.50276523181587e-05
-3.1852526097929825,-6.50274619729721e-05
-3.1802897076907684,-6.502727292299682e-05
-3.1753268055885613,-6.502708515955812e-05
-3.170363903486347,-6.502689867403812e-05
-3.16540100138414,-6.502671345787557e-05
-3.160438099281926,-6.502652950256529e-05
-3.155475197179719,-6.502634679965789e-05
-3.1505122950775117,-6.502616534075953e-05
-3.1455493929752976,-6.502598511753137e-05
-3.1405864908730905,-6.502580612168936e-05
-3.1356235887708763,-6.502562834500386e-05
-3.1306606866686693,-6.502545177929923e-05
-3.125697784566455,-6.502527641645355e-05
-3.120734882464248,-6.502510224839829e-05
-3.115771980362034,-6.50249292671179e-05
-3.1108090782598268,-6.502475746464952e-05
-3.1058461761576197,-6.502458683308262e-05
-3.1008832740554055,-6.502441736455872e-05
-3.0959203719531985,-6.502424905127096e-05
-3.0909574698509843,-6.502408188546386e-05
-3.0859945677487772,-6.502391585943292e-05
-3.081031665646563,-6.502375096552436e-05
-3.076068763544356,-6.502358719613476e-05
-3.071105861442142,-6.502342454371074e-05
-3.0661429593399347,-6.502326300074861e-05
-3.0611800572377277,-6.502310255979413e-05
-3.0562171551355135,-6.50229432134421e-05
-3.0512542530333064,-6.50227849543361e-05
-3.0462913509310923,-6.50226277751682e-05
-3.041328448828885,-6.502247166867858e-05
-3.036365546726671,-6.502231662765529e-05
-3.031402644624464,-6.502216264493385e-05
-3.02643974252225,-6.50220097133971e-05
-3.0214768404200427,-6.50218578259747e-05
-3.0165139383178357,-6.502170697564301e-05
-3.0115510362156215,-6.502155715542466e-05
-3.0065881341134144,-6.502140835838835e-05
-3.0016252320112002,-6.502126057764846e-05
-2.996662329908993,-6.502111380636486e-05
-2.991699427806779,-6.502096803774248e-05
-2.986736525704572,-6.502082326503119e-05
-2.9817736236023578,-6.502067948152536e-05
-2.9768107215001507,-6.50205366805637e-05
-2.9718478193979436,-6.502039485552883e-05
-2.9668849172957295,-6.502025399984713e-05
-2.9619220151935224,-6.502011410698842e-05
-2.956959113091308,-6.501997517046563e-05
-2.951996210989101,-6.501983718383458e-05
-2.947033308886887,-6.501970014069367e-05
-2.94207040678468,-6.501956403468365e-05
-2.9371075046824657,-6.501942885948727e-05
-2.9321446025802587,-6.501929460882911e-05
-2.9271817004780516,-6.50191612764752e-05
-2.9222187983758374,-6.501902885623284e-05
-2.9172558962736304,-6.501889734195033e-05
-2.912292994171416,-6.501876672751661e-05
-2.907330092069209,-6.501863700686111e-05
-2.902367189966995,-6.501850817395344e-05
-2.897404287864788,-6.501838022280312e-05
-2.8924413857625737,-6.501825314745938e-05
-2.8874784836603666,-6.501812694201078e-05
-2.8825155815581596,-6.501800160058514e-05
-2.8775526794559454,-6.501787711734909e-05
-2.8725897773537383,-6.501775348650797e-05
-2.867626875251524,-6.501763070230549e-05
-2.862663973149317,-6.501750875902353e-05
-2.857701071047103,-6.50173876509819e-05
-2.852738168944896,-6.501726737253803e-05
-2.8477752668426817,-6.501714791808676e-05
-2.8428123647404746,-6.501702928206017e-05
-2.8378494626382675,-6.50169114589272e-05
-2.8328865605360534,-6.501679444319358e-05
-2.8279236584338463,-6.501667822940138e-05
-2.822960756331632,-6.5016562812129e-05
-2.817997854229425,-6.501644818599075e-05
-2.813034952127211,-6.501633434563676e-05
-2.808072050025004,-6.501622128575264e-05
-2.8031091479227896,-6.501610900105932e-05
-2.7981462458205826,-6.501599748631276e-05
-2.7931833437183755,-6.501588673630377e-05
-2.7882204416161613,-6.50157767458578e-05
-2.7832575395139543,-6.501566750983467e-05
-2.77829463741174,-6.501555902312833e-05
-2.773331735309533,-6.501545128066671e-05
-2.768368833207319,-6.501534427741148e-05
-2.763405931105112,-6.501523800835776e-05
-2.7584430290028976,-6.501513246853399e-05
-2.7534801269006905,-6.501502765300165e-05
-2.7485172247984835,-6.501492355685512e-05
-2.7435543226962693,-6.501482017522137e-05
-2.7385914205940622,-6.501471750325982e-05
-2.733628518491848,-6.501461553616213e-05
-2.728665616389641,-6.501451426915195e-05
-2.723702714287427,-6.501441369748469e-05
-2.7187398121852198,-6.501431381644744e-05
-2.7137769100830056,-6.501421462135858e-05
-2.7088140079807985,-6.501411610756776e-05
-2.7038511058785915,-6.501401827045557e-05
-2.6988882037763773,-6.501392110543336e-05
-2.69392530167417,-6.501382460794311e-05
-2.688962399571956,-6.50137287734571e-05
-2.683999497469749,-6.50136335974779e-05
-2.679036595367535,-6.501353907553799e-05
-2.6740736932653277,-6.501344520319963e-05
-2.6691107911631136,-6.501335197605473e-05
-2.6641478890609065,-6.501325938972457e-05
-2.6591849869586994,-6.501316743985963e-05
-2.6542220848564853,-6.501307612213944e-05
-2.649259182754278,-6.501298543227236e-05
-2.644296280652064,-6.501289536599533e-05
-2.639333378549857,-6.501280591907386e-05
-2.6343704764476428,-6.501271708730161e-05
-2.6294075743454357,-6.501262886650044e-05
-2.6244446722432215,-6.501254125252001e-05
-2.6194817701410145,-6.501245424123777e-05
-2.6145188680388074,-6.501236782855866e-05
-2.6095559659365932,-6.501228201041504e-05
-2.604593063834386,-6.501219678276639e-05
-2.599630161732172,-6.501211214159924e-05
-2.594667259629965,-6.501202808292689e-05
-2.5897043575277507,-6.501194460278937e-05
-2.5847414554255437,-6.501186169725311e-05
-2.5797785533233295,-6.50117793624109e-05
-2.5748156512211224,-6.501169759438164e-05
-2.5698527491189154,-6.501161638931018e-05
-2.564889847016701,-6.501153574336717e-05
-2.559926944914494,-6.501145565274888e-05
-2.55496404281228,-6.501137611367706e-05
-2.550001140710073,-6.501129712239871e-05
-2.5450382386078587,-6.501121867518598e-05
-2.5400753365056516,-6.501114076833596e-05
-2.5351124344034375,-6.501106339817055e-05
-2.5301495323012304,-6.501098656103624e-05
-2.5251866301990233,-6.501091025330406e-05
-2.520223728096809,-6.50108344713693e-05
-2.515260825994602,-6.501075921165141e-05
-2.510297923892388,-6.501068447059384e-05
-2.505335021790181,-6.501061024466387e-05
-2.5003721196879667,-6.501053653035247e-05
-2.4954092175857596,-6.50104633241741e-05
-2.4904463154835454,-6.501039062266663e-05
-2.4854834133813384,-6.501031842239112e-05
-2.4805205112791313,-6.501024671993169e-05
-2.475557609176917,-6.501017551189541e-05
-2.47059470707471,-6.501010479491205e-05
-2.465631804972496,-6.501003456563405e-05
-2.460668902870289,-6.500996482073629e-05
-2.4557060007680747,-6.500989555691594e-05
-2.4507430986658676,-6.500982677089238e-05
-2.4457801965636534,-6.500975845940699e-05
-2.4408172944614464,-6.500969061922304e-05
-2.4358543923592393,-6.500962324712551e-05
-2.430891490257025,-6.500955633992103e-05
-2.425928588154818,-6.50094898944376e-05
-2.420965686052604,-6.500942390752459e-05
-2.416002783950397,-6.500935837605252e-05
-2.4110398818481826,-6.500929329691293e-05
-2.4060769797459756,-6.500922866701828e-05
-2.4011140776437614,-6.500916448330171e-05
-2.3961511755415543,-6.500910074271707e-05
-2.3911882734393473,-6.500903744223861e-05
-2.386225371337133,-6.500897457886101e-05
-2.381262469234926,-6.500891214959908e-05
-2.376299567132712,-6.500885015148777e-05
-2.3713366650305048,-6.500878858158194e-05
-2.3663737629282906,-6.500872743695625e-05
-2.3614108608260835,-6.50086667147051e-05
-2.3564479587238694,-6.50086064119424e-05
-2.3514850566216623,-6.500854652580151e-05
-2.3465221545194552,-6.500848705343506e-05
-2.341559252417241,-6.500842799201487e-05
-2.336596350315034,-6.500836933873182e-05
-2.33163344821282,-6.500831109079567e-05
-2.3266705461106127,-6.500825324543498e-05
-2.3217076440083986,-6.500819579989699e-05
-2.3167447419061915,-6.500813875144752e-05
-2.3117818398039844,-6.500808209737074e-05
-2.3068189377017703,-6.500802583496916e-05
-2.301856035599563,-6.500796996156348e-05
-2.296893133497349,-6.500791447449245e-05
-2.291930231395142,-6.500785937111276e-05
-2.286967329292928,-6.500780464879894e-05
-2.2820044271907207,-6.500775030494317e-05
-2.2770415250885065,-6.500769633695527e-05
-2.2720786229862995,-6.500764274226254e-05
-2.2671157208840924,-6.500758951830958e-05
-2.2621528187818782,-6.500753666255827e-05
-2.257189916679671,-6.500748417248762e-05
-2.252227014577457,-6.500743204559363e-05
-2.24726411247525,-6.500738027938925e-05
-2.2423012103730358,-6.500732887140412e-05
-2.2373383082708287,-6.500727781918466e-05
-2.2323754061686145,-6.50072271202938e-05
-2.2274125040664075,-6.500717677231098e-05
-2.2224496019642004,-6.50071267728319e-05
-2.217486699861986,-6.500707711946859e-05
-2.212523797759779,-6.500702780984916e-05
-2.207560895657565,-6.500697884161778e-05
-2.202597993555358,-6.50069302124345e-05
-2.1976350914531437,-6.500688191997522e-05
-2.1926721893509367,-6.500683396193152e-05
-2.1877092872487225,-6.50067863360106e-05
-2.1827463851465154,-6.500673903993517e-05
-2.1777834830443084,-6.500669207144333e-05
-2.172820580942094,-6.500664542828846e-05
-2.167857678839887,-6.500659910823914e-05
-2.162894776737673,-6.50065531090791e-05
-2.157931874635466,-6.500650742860695e-05
-2.1529689725332517,-6.500646206463633e-05
-2.1480060704310446,-6.500641701499555e-05
-2.1430431683288305,-6.50063722775277e-05
-2.1380802662266234,-6.500632785009044e-05
-2.1331173641244163,-6.500628373055593e-05
-2.128154462022202,-6.500623991681074e-05
-2.123191559919995,-6.500619640675575e-05
-2.118228657817781,-6.500615319830604e-05
-2.113265755715574,-6.500611028939087e-05
-2.1083028536133597,-6.500606767795343e-05
-2.1033399515111526,-6.500602536195092e-05
-2.0983770494089384,-6.500598333935437e-05
-2.0934141473067314,-6.500594160814853e-05
-2.0884512452045243,-6.50059001663318e-05
-2.08348834310231,-6.500585901191621e-05
-2.078525441000103,-6.50058181429272e-05
-2.073562538897889,-6.500577755740363e-05
-2.068599636795682,-6.500573725339762e-05
-2.0636367346934676,-6.500569722897457e-05
-2.0586738325912606,-6.500565748221291e-05
-2.0537109304890464,-6.500561801120419e-05
-2.0487480283868393,-6.500557881405283e-05
-2.0437851262846323,-6.500553988887616e-05
-2.038822224182418,-6.500550123380428e-05
-2.033859322080211,-6.500546284697996e-05
-2.028896419977997,-6.500542472655858e-05
-2.02393351787579,-6.500538687070804e-05
-2.0189706157735756,-6.500534927760869e-05
-2.0140077136713685,-6.50053119454532e-05
-2.0090448115691544,-6.500527487244657e-05
-2.0040819094669473,-6.500523805680596e-05
-1.9991190073647402,-6.500520149676061e-05
-1.994156105262526,-6.500516519055181e-05
-1.989193203160319,-6.500512913643281e-05
-1.9842303010581048,-6.50050933326687e-05
-1.9792673989558978,-6.500505777753641e-05
-1.9743044968536836,-6.500502246932453e-05
-1.9693415947514765,-6.500498740633327e-05
-1.9643786926492623,-6.500495258687444e-05
-1.9594157905470553,-6.500491800927132e-05
-1.9544528884448482,-6.500488367185855e-05
-1.949489986342634,-6.500484957298214e-05
-1.944527084240427,-6.500481571099932e-05
-1.9395641821382128,-6.500478208427847e-05
-1.9346012800360057,-6.500474869119917e-05
-1.9296383779337916,-6.500471553015187e-05
-1.9246754758315845,-6.500468259953811e-05
-1.9197125737293703,-6.500464989777022e-05
-1.9147496716271633,-6.500461742327137e-05
-1.9097867695249562,-6.500458517447545e-05
-1.904823867422742,-6.500455314982703e-05
-1.899860965320535,-6.500452134778125e-05
-1.8948980632183208,-6.500448976680374e-05
-1.8899351611161137,-6.500445840537063e-05
-1.8849722590138995,-6.500442726196843e-05
-1.8800093569116925,-6.50043963350939e-05
-1.8750464548094783,-6.500436562325406e-05
-1.8700835527072712,-6.500433512496615e-05
-1.8651206506050642,-6.500430483875744e-05
-1.86015774850285,-6.500427476316531e-05
-1.855194846400643,-6.500424489673702e-05
-1.8502319442984287,-6.500421523802978e-05
-1.8452690421962217,-6.500418578561067e-05
-1.8403061400940075,-6.500415653805645e-05
-1.8353432379918004,-6.500412749395367e-05
-1.8303803358895863,-6.500409865189845e-05
-1.8254174337873792,-6.50040700104965e-05
-1.8204545316851721,-6.500404156836307e-05
-1.815491629582958,-6.500401332412283e-05
-1.8105287274807509,-6.500398527640984e-05
-1.8055658253785367,-6.500395742386744e-05
-1.8006029232763296,-6.500392976514831e-05
-1.7956400211741155,-6.500390229891423e-05
-1.7906771190719084,-6.500387502383616e-05
-1.7857142169696942,-6.500384793859414e-05
-1.7807513148674872,-6.50038210418772e-05
-1.77578841276528,-6.500379433238332e-05
-1.770825510663066,-6.500376780881936e-05
-1.7658626085608589,-6.500374146990104e-05
-1.7608997064586447,-6.500371531435281e-05
-1.7559368043564376,-6.500368934090786e-05
-1.7509739022542234,-6.500366354830804e-05
-1.7460110001520164,-6.500363793530377e-05
-1.7410480980498022,-6.5003612500654e-05
-1.7360851959475951,-6.50035872431262e-05
-1.731122293845388,-6.500356216149623e-05
-1.726159391743174,-6.500353725454829e-05
-1.7211964896409668,-6.500351252107495e-05
-1.7162335875387527,-6.5003487959877e-05
-1.7112706854365456,-6.500346356976344e-05
-1.7063077833343314,-6.50034393495514e-05
-1.7013448812321244,-6.500341529806607e-05
-1.6963819791299102,-6.500339141414072e-05
-1.691419077027703,-6.500336769661663e-05
-1.686456174925496,-6.50033441443429e-05
-1.6814932728232819,-6.500332075617657e-05
-1.6765303707210748,-6.50032975309825e-05
-1.6715674686188606,-6.500327446763331e-05
-1.6666045665166536,-6.500325156500933e-05
-1.6616416644144394,-6.500322882199854e-05
-1.6566787623122323,-6.500320623749655e-05
-1.6517158602100181,-6.500318381040653e-05
-1.646752958107811,-6.50031615396391e-05
-1.641790056005604,-6.500313942411245e-05
-1.6368271539033898,-6.500311746275209e-05
-1.6318642518011828,-6.500309565449088e-05
-1.6269013496989686,-6.500307399826906e-05
-1.6219384475967615,-6.500305249303406e-05
-1.6169755454945474,-6.500303113774057e-05
-1.6120126433923403,-6.500300993135037e-05
-1.6070497412901261,-6.500298887283244e-05
-1.602086839187919,-6.500296796116276e-05
-1.597123937085712,-6.500294719532437e-05
-1.5921610349834978,-6.500292657430723e-05
-1.5871981328812907,-6.500290609710826e-05
-1.5822352307790766,-6.500288576273125e-05
-1.5772723286768695,-6.50028655701868e-05
-1.5723094265746553,-6.500284551849232e-05
-1.5673465244724483,-6.500282560667193e-05
-1.562383622370234,-6.500280583375649e-05
-1.557420720268027,-6.500278619878342e-05
-1.55245781816582,-6.500276670079682e-05
-1.5474949160636058,-6.500274733884731e-05
-1.5425320139613987,-6.500272811199203e-05
-1.5375691118591845,-6.50027090192946e-05
-1.5326062097569775,-6.500269005982505e-05
-1.5276433076547633,-6.500267123265979e-05
-1.5226804055525562,-6.500265253688156e-05
-1.517717503450342,-6.500263397157943e-05
-1.512754601348135,-6.500261553584868e-05
-1.507791699245928,-6.500259722879083e-05
-1.5028287971437138,-6.500257904951356e-05
-1.4978658950415067,-6.500256099713068e-05
-1.4929029929392925,-6.500254307076205e-05
-1.4879400908370854,-6.500252526953364e-05
-1.4829771887348713,-6.500250759257736e-05
-1.4780142866326642,-6.50024900390311e-05
-1.47305138453045,-6.500247260803871e-05
-1.468088482428243,-6.500245529874987e-05
-1.463125580326036,-6.500243811032013e-05
-1.4581626782238217,-6.500242104191082e-05
-1.4531997761216147,-6.500240409268906e-05
-1.4482368740194005,-6.500238726182768e-05
-1.4432739719171934,-6.500237054850521e-05
-1.4383110698149792,-6.500235395190576e-05
-1.4333481677127722,-6.500233747121917e-05
-1.428385265610558,-6.500232110564072e-05
-1.423422363508351,-6.500230485437132e-05
-1.4184594614061439,-6.500228871661733e-05
-1.4134965593039297,-6.500227269159057e-05
-1.4085336572017226,-6.500225677850829e-05
-1.4035707550995085,-6.500224097659309e-05
-1.3986078529973014,-6.5002225285073e-05
-1.3936449508950872,-6.500220970318126e-05
-1.3886820487928802,-6.500219423015647e-05
-1.383719146690673,-6.500217886524239e-05
-1.378756244588459,-6.500216360768805e-05
-1.3737933424862518,-6.500214845674764e-05
-1.3688304403840377,-6.500213341168044e-05
-1.3638675382818306,-6.500211847175084e-05
-1.3589046361796164,-6.500210363622834e-05
-1.3539417340774094,-6.50020889043874e-05
-1.3489788319751952,-6.500207427550756e-05
-1.3440159298729881,-6.500205974887323e-05
-1.339053027770781,-6.500204532377383e-05
-1.3340901256685669,-6.50020309995036e-05
-1.3291272235663598,-6.500201677536166e-05
-1.3241643214641456,-6.500200265065201e-05
-1.3192014193619386,-6.50019886246834e-05
-1.3142385172597244,-6.500197469676934e-05
-1.3092756151575173,-6.500196086622806e-05
-1.3043127130553032,-6.500194713238254e-05
-1.299349810953096,-6.500193349456037e-05
-1.294386908850889,-6.50019199520938e-05
-1.2894240067486749,-6.500190650431968e-05
-1.2844611046464678,-6.500189315057942e-05
-1.2794982025442536,-6.500187989021899e-05
-1.2745353004420465,-6.500186672258886e-05
-1.2695723983398324,-6.500185364704396e-05
-1.2646094962376253,-6.500184066294367e-05
-1.2596465941354111,-6.500182776965184e-05
-1.254683692033204,-6.500181496653663e-05
-1.249720789930997,-6.500180225297064e-05
-1.2447578878287828,-6.500178962833071e-05
-1.2397949857265758,-6.500177709199805e-05
-1.2348320836243616,-6.500176464335808e-05
-1.2298691815221545,-6.500175228180053e-05
-1.2249062794199403,-6.500174000671927e-05
-1.2199433773177333,-6.500172781751242e-05
-1.214980475215519,-6.500171571358216e-05
-1.210017573113312,-6.500170369433492e-05
-1.205054671011105,-6.500169175918113e-05
-1.2000917689088908,-6.500167990753531e-05
-1.1951288668066837,-6.500166813881605e-05
-1.1901659647044696,-6.500165645244593e-05
-1.1852030626022625,-6.500164484785153e-05
-1.1802401605000483,-6.500163332446339e-05
-1.1752772583978413,-6.500162188171596e-05
-1.170314356295627,-6.50016105190476e-05
-1.16535145419342,-6.50015992359006e-05
-1.160388552091213,-6.500158803172102e-05
-1.1554256499889988,-6.500157690595883e-05
-1.1504627478867917,-6.500156585806773e-05
-1.1454998457845775,-6.500155488750526e-05
-1.1405369436823705,-6.500154399373263e-05
-1.1355740415801563,-6.500153317621485e-05
-1.1306111394779492,-6.500152243442056e-05
-1.125648237375735,-6.500151176782214e-05
-1.120685335273528,-6.500150117589557e-05
-1.115722433171321,-6.500149065812045e-05
-1.1107595310691067,-6.500148021398001e-05
-1.1057966289668997,-6.500146984296104e-05
-1.1008337268646855,-6.500145954455387e-05
-1.0958708247624784,-6.500144931825235e-05
-1.0909079226602643,-6.500143916355384e-05
-1.0859450205580572,-6.500142907995918e-05
-1.080982118455843,-6.500141906697266e-05
-1.076019216353636,-6.5001409124102e-05
-1.0710563142514289,-6.50013992508583e-05
-1.0660934121492147,-6.500138944675609e-05
-1.0611305100470076,-6.500137971131321e-05
-1.0561676079447935,-6.500137004405089e-05
-1.0512047058425864,-6.50013604444936e-05
-1.0462418037403722,-6.500135091216916e-05
-1.0412789016381652,-6.500134144660867e-05
-1.036315999535951,-6.500133204734642e-05
-1.031353097433744,-6.500132271391994e-05
-1.0263901953315369,-6.500131344586998e-05
-1.0214272932293227,-6.500130424274048e-05
-1.0164643911271156,-6.500129510407849e-05
-1.0115014890249014,-6.500128602943424e-05
-1.0065385869226944,-6.500127701836106e-05
-1.0015756848204802,-6.500126807041538e-05
-0.9966127827182731,-6.500125918515668e-05
-0.991649880616059,-6.500125036214749e-05
-0.9866869785138519,-6.500124160095342e-05
-0.9817240764116448,-6.500123290114304e-05
-0.9767611743094307,-6.500122426228792e-05
-0.9717982722072236,-6.50012156839626e-05
-0.9668353701050094,-6.50012071657446e-05
-0.9618724680028023,-6.500119870721431e-05
-0.9569095659005882,-6.500119030795503e-05
-0.9519466637983811,-6.500118196755303e-05
-0.9469837616961669,-6.500117368559738e-05
-0.9420208595939599,-6.500116546167997e-05
-0.9370579574917528,-6.500115729539559e-05
-0.9320950553895386,-6.50011491863418e-05
-0.9271321532873316,-6.500114113411897e-05
-0.9221692511851174,-6.500113313833022e-05
-0.9172063490829103,-6.500112519858141e-05
-0.9122434469806961,-6.500111731448119e-05
-0.9072805448784891,-6.500110948564086e-05
-0.9023176427762749,-6.500110171167447e-05
-0.8973547406740678,-6.500109399219869e-05
-0.8923918385718608,-6.500108632683291e-05
-0.8874289364696466,-6.50010787151991e-05
-0.8824660343674395,-6.50010711569219e-05
-0.8775031322652254,-6.500106365162855e-05
-0.8725402301630183,-6.500105619894885e-05
-0.8675773280608041,-6.500104879851518e-05
-0.862614425958597,-6.500104144996246e-05
-0.8576515238563829,-6.500103415292819e-05
-0.8526886217541758,-6.500102690705235e-05
-0.8477257196519687,-6.500101971197738e-05
-0.8427628175497546,-6.50010125673483e-05
-0.8377999154475475,-6.50010054728125e-05
-0.8328370133453333,-6.500099842801987e-05
-0.8278741112431263,-6.500099143262272e-05
-0.8229112091409121,-6.500098448627577e-05
-0.817948307038705,-6.500097758863613e-05
-0.8129854049364909,-6.50009707393633e-05
-0.8080225028342838,-6.500096393811918e-05
-0.8030596007320767,-6.500095718456796e-05
-0.7980966986298625,-6.500095047837617e-05
-0.7931337965276555,-6.500094381921268e-05
-0.7881708944254413,-6.500093720674868e-05
-0.7832079923232342,-6.500093064065758e-05
-0.7782450902210201,-6.500092412061514e-05
-0.773282188118813,-6.500091764629927e-05
-0.7683192860165988,-6.500091121739023e-05
-0.7633563839143918,-6.500090483357045e-05
-0.7583934818121847,-6.500089849452453e-05
-0.7534305797099705,-6.500089219993932e-05
-0.7484676776077634,-6.500088594950382e-05
-0.7435047755055493,-6.500087974290921e-05
-0.7385418734033422,-6.50008735798488e-05
-0.733578971301128,-6.500086746001802e-05
-0.728616069198921,-6.500086138311445e-05
-0.7236531670967068,-6.500085534883776e-05
-0.7186902649944997,-6.500084935688969e-05
-0.7137273628922927,-6.500084340697408e-05
-0.7087644607900785,-6.500083749879682e-05
-0.7038015586878714,-6.500083163206585e-05
-0.6988386565856572,-6.500082580649111e-05
-0.6938757544834502,-6.500082002178461e-05
-0.688912852381236,-6.500081427766032e-05
-0.6839499502790289,-6.500080857383424e-05
-0.6789870481768148,-6.50008029100243e-05
-0.6740241460746077,-6.500079728595042e-05
-0.6690612439724006,-6.500079170133448e-05
-0.6640983418701865,-6.500078615590025e-05
-0.6591354397679794,-6.500078064937347e-05
-0.6541725376657652,-6.500077518148177e-05
-0.6492096355635582,-6.500076975195469e-05
-0.644246733461344,-6.50007643605236e-05
-0.6392838313591369,-6.500075900692181e-05
-0.6343209292569227,-6.500075369088446e-05
-0.6293580271547157,-6.50007484121485e-05
-0.6243951250525086,-6.500074317045277e-05
-0.6194322229502944,-6.500073796553789e-05
-0.6144693208480874,-6.500073279714627e-05
-0.6095064187458732,-6.500072766502217e-05
-0.6045435166436661,-6.500072256891159e-05
-0.599580614541452,-6.500071750856231e-05
-0.5946177124392449,-6.500071248372386e-05
-0.5896548103370307,-6.500070749414753e-05
-0.5846919082348236,-6.50007025395863e-05
-0.5797290061326166,-6.500069761979495e-05
-0.5747661040304024,-6.500069273452989e-05
-0.5698032019281953,-6.500068788354927e-05
-0.5648402998259812,-6.500068306661294e-05
-0.5598773977237741,-6.500067828348233e-05
-0.5549144956215599,-6.500067353392065e-05
-0.5499515935193529,-6.50006688176927e-05
-0.5449886914171387,-6.500066413456491e-05
-0.5400257893149316,-6.500065948430539e-05
-0.5350628872127245,-6.500065486668381e-05
-0.5300999851105104,-6.500065028147146e-05
-0.5251370830083033,-6.500064572844127e-05
-0.5201741809060891,-6.500064120736767e-05
-0.5152112788038821,-6.500063671802675e-05
-0.5102483767016679,-6.500063226019608e-05
-0.5052854745994608,-6.500062783365485e-05
-0.5003225724972467,-6.500062343818375e-05
-0.4953596703950396,-6.5000619073565e-05
-0.4903967682928325,-6.500061473958235e-05
-0.48543386619061835,-6.500061043602108e-05
-0.4804709640884113,-6.50006061626679e-05
-0.4755080619861971,-6.500060191931111e-05
-0.47054515988399004,-6.500059770574038e-05
-0.46558225778177587,-6.50005935217469e-05
-0.4606193556795688,-6.500058936712332e-05
-0.45565645357736173,-6.500058524166375e-05
-0.45069355147514756,-6.500058114516368e-05
-0.4457306493729405,-6.500057707742009e-05
-0.4407677472707263,-6.500057303823132e-05
-0.43580484516851925,-6.500056902739716e-05
-0.4308419430663051,-6.50005650447188e-05
-0.425879040964098,-6.500056108999878e-05
-0.42091613886188384,-6.500055716304104e-05
-0.41595323675967677,-6.500055326365088e-05
-0.4109903346574697,-6.500054939163499e-05
-0.40602743255525553,-6.500054554680139e-05
-0.40106453045304846,-6.500054172895939e-05
-0.3961016283508343,-6.500053793791972e-05
-0.3911387262486272,-6.500053417349436e-05
-0.38617582414641305,-6.500053043549665e-05
-0.381212922044206,-6.500052672374121e-05
-0.3762500199419918,-6.500052303804397e-05
-0.37128711783978474,-6.50005193782221e-05
-0.3663242157375777,-6.500051574409413e-05
-0.3613613136353635,-6.500051213547977e-05
-0.35639841153315643,-6.500050855220003e-05
-0.35143550943094226,-6.50005049940772e-05
-0.3464726073287352,-6.500050146093474e-05
-0.341509705226521,-6.500049795259742e-05
-0.33654680312431395,-6.500049446889117e-05
-0.3315839010220998,-6.500049100964318e-05
-0.3266209989198927,-6.500048757468181e-05
-0.32165809681768565,-6.500048416383665e-05
-0.3166951947154715,-6.500048077693846e-05
-0.3117322926132644,-6.500047741381922e-05
-0.30676939051105023,-6.500047407431204e-05
-0.30180648840884317,-6.500047075825122e-05
-0.296843586306629,-6.50004674654722e-05
-0.2918806842044219,-6.50004641958116e-05
-0.28691778210220775,-6.500046094910714e-05
-0.28195488,-6.500045772519772e-05
