-50.0,-8.46300600343786
-49.995441273427346,-8.459498649713181
-49.990882546854685,-8.455992332152952
-49.98632382028203,-8.452487050581343
-49.98176509370937,-8.448982804822542
-49.977206367136716,-8.445479594700759
-49.972647640564055,-8.44197742004015
-49.9680889139914,-8.43847628066494
-49.96353018741874,-8.434976176399307
-49.95897146084609,-8.431477107067474
-49.954412734273426,-8.42797907249362
-49.94985400770077,-8.424482072501986
-49.94529528112811,-8.420986106916757
-49.94073655455546,-8.417491175562162
-49.936177827982796,-8.41399727826242
-49.93161910141014,-8.410504414841753
-49.92706037483748,-8.407012585124384
-49.92250164826483,-8.403521788934555
-49.917942921692166,-8.400032026096484
-49.91338419511951,-8.396543296434421
-49.90882546854685,-8.393055599772604
-49.9042667419742,-8.38956893593528
-49.89970801540154,-8.386083304746693
-49.89514928882888,-8.382598706031088
-49.89059056225623,-8.379115139612736
-49.88603183568357,-8.37563260531588
-49.881473109110914,-8.372151102964793
-49.87691438253825,-8.368670632383735
-49.8723556559656,-8.365191193396978
-49.86779692939294,-8.361712785828791
-49.863238202820284,-8.358235409503468
-49.85867947624762,-8.35475906424526
-49.85412074967497,-8.351283749878474
-49.84956202310231,-8.347809466227389
-49.845003296529654,-8.344336213116291
-49.84044456995699,-8.340863990369487
-49.83588584338434,-8.337392797811258
-49.83132711681168,-8.333922635265921
-49.826768390239025,-8.330453502557775
-49.822209663666364,-8.32698539951113
-49.81765093709371,-8.323518325950293
-49.81309221052105,-8.320052281699587
-49.808533483948395,-8.316587266583335
-49.80397475737574,-8.313123280425847
-49.79941603080308,-8.309660323051459
-49.794857304230426,-8.306198394284493
-49.790298577657765,-8.302737493949294
-49.78573985108511,-8.2992776218702
-49.78118112451245,-8.295818777871538
-49.776622397939796,-8.292360961777671
-49.772063671367135,-8.288904173412933
-49.76750494479448,-8.28544841260168
-49.76294621822182,-8.281993679168268
-49.75838749164917,-8.278539972937061
-49.753828765076506,-8.275087293732412
-49.74927003850385,-8.271635641378701
-49.74471131193119,-8.268185015700281
-49.74015258535854,-8.264735416521555
-49.735593858785876,-8.261286843666868
-49.73103513221322,-8.257839296960615
-49.72647640564056,-8.254392776227181
-49.72191767906791,-8.25094728129096
-49.717358952495246,-8.247502811976329
-49.71280022592259,-8.244059368107697
-49.70824149934994,-8.240616949509466
-49.70368277277728,-8.237175556006022
-49.69912404620462,-8.233735187421793
-49.69456531963196,-8.230295843581175
-49.69000659305931,-8.226857524308574
-49.68544786648665,-8.223420229428433
-49.680889139913994,-8.21998395876516
-49.67633041334133,-8.21654871214317
-49.67177168676868,-8.213114489386912
-49.66721296019602,-8.209681290320805
-49.662654233623364,-8.206249114769294
-49.6580955070507,-8.202817962556805
-49.65353678047805,-8.199387833507798
-49.64897805390539,-8.195958727446712
-49.644419327332734,-8.192530644197994
-49.63986060076007,-8.189103583586112
-49.63530187418742,-8.185677545435516
-49.63074314761476,-8.182252529570654
-49.626184421042105,-8.17882853581602
-49.621625694469444,-8.175405563996062
-49.61706696789679,-8.171983613935259
-49.612508241324136,-8.1685626854581
-49.607949514751475,-8.165142778389054
-49.60339078817882,-8.161723892552596
-49.59883206160616,-8.158306027773236
-49.594273335033506,-8.154889183875454
-49.589714608460845,-8.151473360683735
-49.58515588188819,-8.148058558022603
-49.58059715531553,-8.144644775716545
-49.576038428742876,-8.14123201359007
-49.571479702170215,-8.137820271467685
-49.56692097559756,-8.13440954917392
-49.5623622490249,-8.130999846533271
-49.55780352245225,-8.127591163370273
-49.553244795879586,-8.124183499509455
-49.54868606930693,-8.120776854775334
-49.54412734273427,-8.11737122899245
-49.53956861616162,-8.113966621985352
-49.535009889588956,-8.110563033578556
-49.5304511630163,-8.107160463596621
-49.52589243644364,-8.10375891186409
-49.52133370987099,-8.100358378205527
-49.51677498329833,-8.096958862445476
-49.51221625672567,-8.093560364408496
-49.50765753015302,-8.090162883919163
-49.50309880358036,-8.086766420802027
-49.4985400770077,-8.083370974881671
-49.49398135043504,-8.07997654598266
-49.48942262386239,-8.076583133929576
-49.48486389728973,-8.073190738547005
-49.480305170717074,-8.069799359659541
-49.47574644414441,-8.066408997091749
-49.47118771757176,-8.06301965066825
-49.4666289909991,-8.059631320213628
-49.462070264426444,-8.056244005552486
-49.45751153785378,-8.05285770650942
-49.45295281128113,-8.049472422909059
-49.44839408470847,-8.046088154575994
-49.443835358135814,-8.042704901334858
-49.43927663156315,-8.039322663010271
-49.4347179049905,-8.035941439426852
-49.43015917841784,-8.032561230409216
-49.425600451845185,-8.02918203578202
-49.42104172527253,-8.025803855369883
-49.41648299869987,-8.022426688997447
-49.411924272127216,-8.019050536489363
-49.407365545554555,-8.015675397670272
-49.4028068189819,-8.012301272364825
-49.39824809240924,-8.00892816039768
-49.393689365836586,-8.005556061593493
-49.389130639263925,-8.002184975776926
-49.38457191269127,-7.998814902772654
-49.38001318611861,-7.995445842405327
-49.375454459545956,-7.992077794499642
-49.370895732973295,-7.988710758880265
-49.36633700640064,-7.985344735371893
-49.36177827982798,-7.981979723799189
-49.35721955325533,-7.978615723986858
-49.352660826682666,-7.9752527357595895
-49.34810210011001,-7.971890758942082
-49.34354337353735,-7.968529793359024
-49.3389846469647,-7.965169838835151
-49.334425920392036,-7.961810895195143
-49.32986719381938,-7.958452962263729
-49.32530846724673,-7.955096039865617
-49.32074974067407,-7.951740127825542
-49.31619101410141,-7.948385225968217
-49.31163228752875,-7.945031334118359
-49.3070735609561,-7.9416784521007315
-49.30251483438344,-7.938326579740045
-49.29795610781078,-7.934975716861046
-49.29339738123812,-7.931625863288481
-49.28883865466547,-7.928277018847115
-49.28427992809281,-7.9249291833616695
-49.279721201520154,-7.921582356656917
-49.27516247494749,-7.918236538557619
-49.27060374837484,-7.914891728888531
-49.26604502180218,-7.911547927474432
-49.261486295229524,-7.908205134140082
-49.25692756865686,-7.904863348710275
-49.25236884208421,-7.901522571009771
-49.24781011551155,-7.898182800863359
-49.243251388938894,-7.8948440380958305
-49.23869266236623,-7.891506282531972
-49.23413393579358,-7.888169533996601
-49.229575209220926,-7.884833792314484
-49.225016482648265,-7.8814990573104335
-49.22045775607561,-7.878165328809272
-49.21589902950295,-7.874832606635799
-49.211340302930296,-7.871500890614834
-49.206781576357635,-7.868170180571192
-49.20222284978498,-7.864840476329701
-49.19766412321232,-7.861511777715182
-49.193105396639666,-7.858184084552479
-49.188546670067005,-7.854857396666406
-49.18398794349435,-7.851531713881822
-49.17942921692169,-7.848207036023556
-49.174870490349036,-7.844883362916476
-49.170311763776375,-7.841560694385406
-49.16575303720372,-7.838239030255232
-49.16119431063106,-7.834918370350777
-49.15663558405841,-7.831598714496927
-49.152076857485746,-7.8282800625185445
-49.14751813091309,-7.824962414240514
-49.14295940434043,-7.821645769487683
-49.13840067776778,-7.818330128084958
-49.13384195119512,-7.815015489857203
-49.12928322462246,-7.811701854629308
-49.12472449804981,-7.8083892222261735
-49.12016577147715,-7.805077592472682
-49.11560704490449,-7.801766965193755
-49.11104831833183,-7.7984573402142745
-49.10648959175918,-7.79514871735915
-49.10193086518652,-7.7918410964533
-49.09737213861386,-7.788534477321639
-49.0928134120412,-7.78522885978908
-49.08825468546855,-7.781924243680554
-49.08369595889589,-7.778620628820984
-49.079137232323234,-7.775318015035316
-49.07457850575057,-7.772016402148458
-49.07001977917792,-7.768715789985373
-49.06546105260526,-7.765416178370996
-49.060902326032604,-7.762117567130278
-49.05634359945994,-7.75881995608816
-49.05178487288729,-7.755523345069614
-49.04722614631463,-7.752227733899587
-49.042667419741974,-7.748933122403056
-49.03810869316932,-7.745639510404978
-49.03354996659666,-7.742346897730325
-49.028991240024006,-7.739055284204085
-49.024432513451345,-7.735764669651227
-49.01987378687869,-7.732475053896741
-49.01531506030603,-7.729186436765612
-49.010756333733376,-7.725898818082835
-49.006197607160715,-7.722612197673406
-49.00163888058806,-7.719326575362327
-48.9970801540154,-7.716041950974601
-48.992521427442746,-7.712758324335245
-48.987962700870085,-7.709475695269263
-48.98340397429743,-7.706194063601674
-48.97884524772477,-7.702913429157494
-48.974286521152116,-7.699633791761771
-48.969727794579455,-7.696355151239501
-48.9651690680068,-7.693077507415745
-48.96061034143414,-7.689800860115526
-48.95605161486149,-7.686525209163896
-48.951492888288826,-7.6832505543858876
-48.94693416171617,-7.6799768956065755
-48.94237543514352,-7.676704232650994
-48.93781670857086,-7.6734325653441955
-48.9332579819982,-7.67016189351127
-48.92869925542554,-7.666892216977243
-48.92414052885289,-7.6636235355672335
-48.91958180228023,-7.660355849106277
-48.91502307570757,-7.6570891574194775
-48.91046434913491,-7.653823460331913
-48.90590562256226,-7.650558757668664
-48.9013468959896,-7.64729504925482
-48.89678816941694,-7.644032334915501
-48.89222944284428,-7.640770614475769
-48.88767071627163,-7.637509887760759
-48.88311198969897,-7.634250154595567
-48.878553263126314,-7.630991414805306
-48.87399453655365,-7.627733668215089
-48.869435809981,-7.624476914650055
-48.86487708340834,-7.621221153935308
-48.860318356835684,-7.617966385895985
-48.85575963026302,-7.614712610357224
-48.85120090369037,-7.61145982714416
-48.846642177117715,-7.608208036081929
-48.842083450545054,-7.604957236995683
-48.8375247239724,-7.601707429710573
-48.83296599739974,-7.598458614051745
-48.828407270827086,-7.595210789844371
-48.823848544254425,-7.591963956913603
-48.81928981768177,-7.588718115084616
-48.81473109110911,-7.5854732641825775
-48.810172364536456,-7.582229404032656
-48.805613637963795,-7.578986534460041
-48.80105491139114,-7.575744655289918
-48.79649618481848,-7.57250376634747
-48.791937458245826,-7.569263867457887
-48.787378731673165,-7.566024958446369
-48.78282000510051,-7.562787039138116
-48.77826127852785,-7.559550109358332
-48.773702551955196,-7.556314168932234
-48.769143825382535,-7.5530792176850285
-48.76458509880988,-7.5498452554419355
-48.76002637223722,-7.546612282028176
-48.75546764566457,-7.543380297268971
-48.75090891909191,-7.540149300989567
-48.74635019251925,-7.536919293015181
-48.7417914659466,-7.533690273171066
-48.73723273937394,-7.53046224128244
-48.73267401280128,-7.527235197174597
-48.72811528622862,-7.52400914067274
-48.72355655965597,-7.520784071602161
-48.71899783308331,-7.517559989788093
-48.71443910651065,-7.514336895055821
-48.70988037993799,-7.511114787230606
-48.70532165336534,-7.507893666137722
-48.70076292679268,-7.504673531602456
-48.69620420022002,-7.50145438345007
-48.69164547364736,-7.498236221505857
-48.68708674707471,-7.495019045595121
-48.68252802050205,-7.491802855543138
-48.677969293929394,-7.488587651175229
-48.67341056735673,-7.485373432316668
-48.66885184078408,-7.48216019879279
-48.66429311421142,-7.4789479504288945
-48.659734387638764,-7.475736687050299
-48.65517566106611,-7.472526408482316
-48.65061693449345,-7.469317114550293
-48.646058207920795,-7.466108805079531
-48.641499481348134,-7.462901479895385
-48.63694075477548,-7.459695138823183
-48.63238202820282,-7.4564897816882665
-48.627823301630166,-7.453285408315989
-48.623264575057505,-7.450082018531693
-48.61870584848485,-7.446879612160749
-48.61414712191219,-7.443678189028491
-48.609588395339536,-7.4404777489603005
-48.605029668766875,-7.4372782917815465
-48.60047094219422,-7.434079817317594
-48.59591221562156,-7.430882325393821
-48.591353489048906,-7.427685815835623
-48.586794762476245,-7.424490288468355
-48.58223603590359,-7.421295743117442
-48.57767730933093,-7.418102179608249
-48.573118582758276,-7.414909597766202
-48.568559856185615,-7.411717997416676
-48.56400112961296,-7.408527378385099
-48.55944240304031,-7.405337740496877
-48.55488367646765,-7.40214908357742
-48.55032494989499,-7.398961407452163
-48.54576622332233,-7.395774711946507
-48.54120749674968,-7.392588996885911
-48.53664877017702,-7.389404262095777
-48.53209004360436,-7.3862205074015685
-48.5275313170317,-7.383037732628719
-48.52297259045905,-7.379855937602679
-48.51841386388639,-7.376675122148891
-48.51385513731373,-7.373495286092815
-48.50929641074107,-7.3703164292599075
-48.50473768416842,-7.367138551475649
-48.50017895759576,-7.36396165256549
-48.4956202310231,-7.36078573235492
-48.49106150445044,-7.357610790669395
-48.48650277787779,-7.354436827334418
-48.48194405130513,-7.351263842175455
-48.477385324732474,-7.34809183501803
-48.47282659815981,-7.344920805687599
-48.46826787158716,-7.341750754009685
-48.463709145014505,-7.33858167980979
-48.459150418441844,-7.335413582913416
-48.45459169186919,-7.33224646314609
-48.45003296529653,-7.329080320333309
-48.445474238723875,-7.32591515430061
-48.440915512151214,-7.322750964873517
-48.43635678557856,-7.319587751877559
-48.4317980590059,-7.316425515138265
-48.427239332433246,-7.31326425448119
-48.422680605860585,-7.310103969731867
-48.41812187928793,-7.306944660715856
-48.41356315271527,-7.303786327258689
-48.409004426142616,-7.30062896918595
-48.404445699569955,-7.297472586323177
-48.3998869729973,-7.294317178495953
-48.39532824642464,-7.291162745529841
-48.390769519851986,-7.28800928725042
-48.386210793279325,-7.284856803483269
-48.38165206670667,-7.28170529405397
-48.37709334013401,-7.2785547587881165
-48.372534613561356,-7.275405197511309
-48.3679758869887,-7.272256610049132
-48.36341716041604,-7.269108996227182
-48.35885843384339,-7.265962355871088
-48.35429970727073,-7.2628166888064465
-48.34974098069807,-7.259671994858886
-48.34518225412541,-7.256528273854011
-48.34062352755276,-7.253385525617451
-48.3360648009801,-7.250243749974838
-48.33150607440744,-7.247102946751814
-48.32694734783478,-7.243963115774002
-48.32238862126213,-7.240824256867067
-48.31782989468947,-7.237686369856637
-48.31327116811681,-7.234549454568362
-48.30871244154415,-7.23141351082791
-48.3041537149715,-7.22827853846095
-48.29959498839884,-7.225144537293121
-48.29503626182618,-7.222011507150122
-48.29047753525352,-7.218879447857609
-48.28591880868087,-7.21574835924127
-48.28136008210821,-7.212618241126781
-48.276801355535554,-7.209489093339844
-48.2722426289629,-7.206360915706142
-48.26768390239024,-7.203233708051367
-48.263125175817585,-7.200107470201231
-48.258566449244924,-7.196982201981444
-48.25400772267227,-7.193857903217703
-48.24944899609961,-7.19073457373574
-48.244890269526955,-7.187612213361265
-48.240331542954294,-7.18449082192001
-48.23577281638164,-7.1813703992376965
-48.23121408980898,-7.1782509451400545
-48.226655363236326,-7.175132459452838
-48.222096636663665,-7.172014942001784
-48.21753791009101,-7.168898392612639
-48.21297918351835,-7.165782811111152
-48.208420456945696,-7.162668197323088
-48.203861730373035,-7.159554551074206
-48.19930300380038,-7.156441872190273
-48.19474427722772,-7.153330160497048
-48.190185550655066,-7.150219415820323
-48.185626824082405,-7.147109637985868
-48.18106809750975,-7.144000826819477
-48.1765093709371,-7.140892982146923
-48.171950644364436,-7.137786103794013
-48.16739191779178,-7.134680191586555
-48.16283319121912,-7.131575245350325
-48.15827446464647,-7.128471264911151
-48.15371573807381,-7.125368250094841
-48.14915701150115,-7.122266200727213
-48.14459828492849,-7.11916511663408
-48.14003955835584,-7.116064997641282
-48.13548083178318,-7.112965843574637
-48.13092210521052,-7.109867654259992
-48.12636337863786,-7.106770429523183
-48.12180465206521,-7.10367416919005
-48.11724592549255,-7.100578873086441
-48.11268719891989,-7.097484541038226
-48.10812847234723,-7.094391172871248
-48.10356974577458,-7.091298768411369
-48.09901101920192,-7.088207327484478
-48.09445229262926,-7.0851168499164325
-48.0898935660566,-7.082027335533098
-48.08533483948395,-7.078938784160382
-48.080776112911295,-7.075851195624158
-48.076217386338634,-7.072764569750312
-48.07165865976598,-7.069678906364747
-48.06709993319332,-7.066594205293369
-48.062541206620665,-7.063510466362088
-48.057982480048004,-7.060427689396785
-48.05342375347535,-7.0573458742234125
-48.04886502690269,-7.0542650206678585
-48.044306300330035,-7.051185128556071
-48.039747573757374,-7.04810619771396
-48.03518884718472,-7.045028227967477
-48.03063012061206,-7.041951219142544
-48.026071394039406,-7.0388751710651185
-48.021512667466745,-7.035800083561146
-48.01695394089409,-7.032725956456562
-48.01239521432143,-7.0296527895773435
-48.007836487748776,-7.026580582749455
-48.003277761176115,-7.023509335798829
-47.99871903460346,-7.020439048551486
-47.9941603080308,-7.01736972083337
-47.989601581458146,-7.014301352470475
-47.98504285488549,-7.0112339432887785
-47.98048412831283,-7.008167493114269
-47.97592540174018,-7.005102001772949
-47.971366675167516,-7.002037469090814
-47.96680794859486,-6.998973894893874
-47.9622492220222,-6.995911279008133
-47.95769049544955,-6.992849621259611
-47.95313176887689,-6.9897889214743225
-47.94857304230423,-6.986729179478291
-47.94401431573157,-6.983670395097546
-47.93945558915892,-6.98061256815812
-47.93489686258626,-6.977555698486046
-47.9303381360136,-6.974499785907377
-47.92577940944094,-6.9714448302481475
-47.92122068286829,-6.968390831334432
-47.91666195629563,-6.96533778899226
-47.91210322972297,-6.962285703047713
-47.90754450315031,-6.959234573326853
-47.90298577657766,-6.956184399655744
-47.898427050005,-6.953135181860468
-47.89386832343234,-6.950086919767114
-47.88930959685969,-6.947039613201747
-47.88475087028703,-6.943993261990469
-47.880192143714375,-6.94094786595939
-47.875633417141714,-6.937903424934579
-47.87107469056906,-6.934859938742171
-47.8665159639964,-6.931817407208258
-47.861957237423745,-6.928775830158963
-47.857398510851084,-6.925735207420388
-47.85283978427843,-6.922695538818686
-47.84828105770577,-6.919656824179966
-47.843722331133115,-6.916619063330367
-47.839163604560454,-6.913582256096022
-47.8346048779878,-6.910546402303091
-47.83004615141514,-6.907511501777696
-47.825487424842485,-6.904477554346021
-47.820928698269825,-6.901444559834197
-47.81636997169717,-6.898412518068404
-47.81181124512451,-6.895381428874803
-47.807252518551856,-6.892351292079563
-47.802693791979195,-6.8893221075088675
-47.79813506540654,-6.886293874988899
-47.79357633883389,-6.8832665943458435
-47.789017612261226,-6.880240265405889
-47.78445888568857,-6.877214887995238
-47.77990015911591,-6.874190461940087
-47.77534143254326,-6.871166987066653
-47.770782705970596,-6.868144463201126
-47.76622397939794,-6.8651228901697445
-47.76166525282528,-6.862102267798715
-47.75710652625263,-6.859082595914273
-47.75254779967997,-6.856063874342647
-47.74798907310731,-6.853046102910073
-47.74343034653465,-6.8500292814427866
-47.738871619962,-6.847013409767036
-47.73431289338934,-6.843998487709076
-47.72975416681668,-6.840984515095157
-47.72519544024402,-6.837971491751546
-47.72063671367137,-6.834959417504491
-47.71607798709871,-6.831948292180282
-47.71151926052605,-6.828938115605189
-47.70696053395339,-6.8259288876054836
-47.70240180738074,-6.822920608007457
-47.697843080808084,-6.819913276637406
-47.69328435423542,-6.816906893321604
-47.68872562766277,-6.813901457886376
-47.68416690109011,-6.810896970158003
-47.679608174517455,-6.807893429962811
-47.675049447944794,-6.804890837127105
-47.67049072137214,-6.8018891914772155
-47.66593199479948,-6.7988884928394535
-47.661373268226825,-6.7958887410401525
-47.656814541654164,-6.792889935905652
-47.65225581508151,-6.789892077262292
-47.64769708850885,-6.786895164936399
-47.643138361936195,-6.783899198754342
-47.638579635363534,-6.7809041785424675
-47.63402090879088,-6.777910104127139
-47.62946218221822,-6.774916975334705
-47.624903455645565,-6.7719247919915535
-47.620344729072904,-6.768933553924042
-47.61578600250025,-6.7659432609585615
-47.61122727592759,-6.7629539129214935
-47.606668549354936,-6.759965509639227
-47.60210982278228,-6.756978050938146
-47.59755109620962,-6.7539915366446515
-47.59299236963697,-6.7510059665851605
-47.588433643064306,-6.748021340586065
-47.58387491649165,-6.74503765847379
-47.57931618991899,-6.742054920074751
-47.57475746334634,-6.7390731252153735
-47.570198736773676,-6.736092273722081
-47.56564001020102,-6.733112365421303
-47.56108128362836,-6.73013340013948
-47.55652255705571,-6.727155377703076
-47.55196383048305,-6.724178297938511
-47.54740510391039,-6.7212021606722585
-47.54284637733773,-6.718226965730765
-47.53828765076508,-6.715252712940499
-47.53372892419242,-6.71227940212793
-47.52917019761976,-6.709307033119532
-47.5246114710471,-6.70633560574178
-47.52005274447445,-6.7033651198211555
-47.51549401790179,-6.700395575184158
-47.51093529132913,-6.697426971657277
-47.50637656475648,-6.694459309067002
-47.50181783818382,-6.691492587239846
-47.497259111611164,-6.688526806002319
-47.4927003850385,-6.685561965180925
-47.48814165846585,-6.682598064602195
-47.48358293189319,-6.679635104092642
-47.479024205320535,-6.6766730834788115
-47.474465478747874,-6.673712002587219
-47.46990675217522,-6.670751861244414
-47.46534802560256,-6.667792659276941
-47.460789299029905,-6.664834396511339
-47.456230572457244,-6.661877072774177
-47.45167184588459,-6.658920687892009
-47.44711311931193,-6.655965241691394
-47.442554392739275,-6.653010733998906
-47.437995666166614,-6.650057164641121
-47.43343693959396,-6.647104533444617
-47.4288782130213,-6.6441528402359795
-47.424319486448645,-6.6412020848418
-47.419760759875984,-6.638252267088674
-47.41520203330333,-6.635303386803193
-47.41064330673068,-6.632355443811983
-47.406084580158016,-6.629408437941622
-47.40152585358536,-6.6264623690187525
-47.3969671270127,-6.62351723686999
-47.39240840044005,-6.620573041321947
-47.387849673867386,-6.617629782201272
-47.38329094729473,-6.61468745933459
-47.37873222072207,-6.611746072548541
-47.37417349414942,-6.608805621669786
-47.369614767576756,-6.605866106524955
-47.3650560410041,-6.602927526940715
-47.36049731443144,-6.5999898827437296
-47.35593858785879,-6.597053173760672
-47.35137986128613,-6.594117399818196
-47.34682113471347,-6.591182560742993
-47.34226240814081,-6.588248656361731
-47.33770368156816,-6.585315686501113
-47.3331449549955,-6.5823836509878255
-47.32858622842284,-6.579452549648562
-47.32402750185018,-6.576522382310031
-47.31946877527753,-6.573593148798934
-47.314910048704874,-6.570664848941995
-47.31035132213221,-6.567737482565925
-47.30579259555956,-6.564811049497445
-47.3012338689869,-6.561885549563278
-47.296675142414244,-6.558960982590175
-47.29211641584158,-6.55603734840486
-47.28755768926893,-6.553114646834089
-47.28299896269627,-6.550192877704597
-47.278440236123615,-6.547272040843156
-47.273881509550954,-6.544352136076501
-47.2693227829783,-6.541433163231425
-47.26476405640564,-6.5385151221346804
-47.260205329832985,-6.535598012613044
-47.255646603260324,-6.532681834493303
-47.25108787668767,-6.5297665876022375
-47.24652915011501,-6.526852271766643
-47.241970423542355,-6.52393888681331
-47.237411696969694,-6.521026432569032
-47.23285297039704,-6.518114908860639
-47.22829424382438,-6.515204315514926
-47.223735517251725,-6.512294652358707
-47.21917679067907,-6.509385919218821
-47.21461806410641,-6.506478115922068
-47.21005933753376,-6.503571242295314
-47.205500610961096,-6.500665298165368
-47.20094188438844,-6.497760283359086
-47.19638315781578,-6.494856197703313
-47.19182443124313,-6.491953041024912
-47.187265704670466,-6.48905081315072
-47.18270697809781,-6.486149513907632
-47.17814825152515,-6.483249143122487
-47.1735895249525,-6.480349700622179
-47.169030798379836,-6.477451186233576
-47.16447207180718,-6.474553599783574
-47.15991334523452,-6.47165694109905
-47.15535461866187,-6.4687612100069165
-47.15079589208921,-6.465866406334053
-47.14623716551655,-6.462972529907388
-47.14167843894389,-6.460079580553817
-47.13711971237124,-6.457187558100263
-47.13256098579858,-6.454296462373643
-47.12800225922592,-6.4514062932008915
-47.12344353265327,-6.448517050408937
-47.11888480608061,-6.445628733824713
-47.114326079507954,-6.442741343275167
-47.10976735293529,-6.4398548785872505
-47.10520862636264,-6.4369693395879155
-47.10064989978998,-6.434084726104112
-47.096091173217324,-6.431201037962818
-47.09153244664466,-6.428318274990984
-47.08697372007201,-6.425436437015606
-47.08241499349935,-6.422555523863656
-47.077856266926695,-6.419675535362115
-47.073297540354034,-6.4167964713379755
-47.06873881378138,-6.41391833161824
-47.06418008720872,-6.4110411160298995
-47.059621360636065,-6.408164824399971
-47.055062634063404,-6.405289456555456
-47.05050390749075,-6.402415012323384
-47.04594518091809,-6.399541491530767
-47.041386454345435,-6.396668894004638
-47.036827727772774,-6.393797219572027
-47.03226900120012,-6.390926468059977
-47.027710274627466,-6.388056639295534
-47.023151548054805,-6.385187733105736
-47.01859282148215,-6.382319749317645
-47.01403409490949,-6.379452687758331
-47.00947536833684,-6.37658654825484
-47.004916641764176,-6.3737213306342575
-47.00035791519152,-6.370857034723655
-46.99579918861886,-6.367993660350111
-46.99124046204621,-6.365131207340721
-46.986681735473546,-6.362269675522568
-46.98212300890089,-6.359409064722753
-46.97756428232823,-6.356549374768371
-46.97300555575558,-6.353690605486553
-46.968446829182916,-6.350832756704388
-46.96388810261026,-6.347975828249011
-46.9593293760376,-6.345119819947538
-46.95477064946495,-6.342264731627104
-46.95021192289229,-6.339410563114843
-46.94565319631963,-6.336557314237893
-46.94109446974697,-6.333704984823401
-46.93653574317432,-6.3308535746985255
-46.931977016601664,-6.328003083690416
-46.927418290029,-6.32515351162623
-46.92285956345635,-6.322304858333144
-46.91830083688369,-6.319457123638337
-46.913742110311034,-6.3166103073689746
-46.90918338373837,-6.3137644093522445
-46.90462465716572,-6.310919429415338
-46.90006593059306,-6.30807536738545
-46.895507204020404,-6.305232223089784
-46.89094847744774,-6.3023899963555365
-46.88638975087509,-6.299548687009924
-46.88183102430243,-6.296708294880169
-46.877272297729775,-6.2938688197934844
-46.872713571157114,-6.291030261577105
-46.86815484458446,-6.288192620058262
-46.8635961180118,-6.285355895064178
-46.859037391439145,-6.282520086422129
-46.854478664866484,-6.279685193959335
-46.84991993829383,-6.276851217503063
-46.84536121172117,-6.2740181568805715
-46.840802485148515,-6.271186011919135
-46.83624375857586,-6.268354782446014
-46.8316850320032,-6.26552446828848
-46.827126305430546,-6.2626950692738275
-46.822567578857885,-6.259866585229337
-46.81800885228523,-6.2570390159823095
-46.81345012571257,-6.254212361360034
-46.80889139913992,-6.2513866211898215
-46.804332672567256,-6.248561795298973
-46.7997739459946,-6.245737883514814
-46.79521521942194,-6.2429148856646535
-46.79065649284929,-6.240092801575831
-46.786097766276626,-6.237271631075672
-46.78153903970397,-6.234451373991511
-46.77698031313131,-6.231632030150681
-46.77242158655866,-6.228813599380558
-46.767862859985996,-6.225996081508469
-46.76330413341334,-6.223179476361793
-46.75874540684068,-6.2203637837678665
-46.75418668026803,-6.217549003554097
-46.74962795369537,-6.214735135547826
-46.74506922712271,-6.211922179576464
-46.74051050055006,-6.20911013546738
-46.7359517739774,-6.2062990030479535
-46.731393047404744,-6.203488782145615
-46.72683432083208,-6.200679472587742
-46.72227559425943,-6.197871074201762
-46.71771686768677,-6.195063586815073
-46.713158141114114,-6.192257010255097
-46.70859941454145,-6.1894513443492665
-46.7040406879688,-6.186646588925014
-46.69948196139614,-6.183842743809769
-46.694923234823484,-6.181039808830982
-46.69036450825082,-6.178237783816088
-46.68580578167817,-6.1754366685925515
-46.68124705510551,-6.172636462987827
-46.676688328532855,-6.169837166829378
-46.672129601960194,-6.1670387799446775
-46.66757087538754,-6.164241302161204
-46.66301214881488,-6.1614447333064275
-46.658453422242225,-6.158649073207852
-46.653894695669564,-6.15585432169295
-46.64933596909691,-6.15306047858923
-46.644777242524256,-6.150267543724203
-46.640218515951595,-6.14747551692536
-46.63565978937894,-6.1446843980202255
-46.63110106280628,-6.1418941868363195
-46.626542336233626,-6.13910488320117
-46.621983609660965,-6.136316486942308
-46.61742488308831,-6.133528997887268
-46.61286615651565,-6.130742415863592
-46.608307429943,-6.127956740698832
-46.603748703370336,-6.125171972220536
-46.59918997679768,-6.122388110256275
-46.59463125022502,-6.119605154633596
-46.59007252365237,-6.116823105180093
-46.585513797079706,-6.114041961723323
-46.58095507050705,-6.111261724090877
-46.57639634393439,-6.1084823921103375
-46.57183761736174,-6.1057039656093135
-46.567278890789076,-6.102926444415377
-46.56272016421642,-6.100149828356159
-46.55816143764376,-6.09737411725925
-46.55360271107111,-6.094599310952281
-46.549043984498454,-6.091825409262868
-46.54448525792579,-6.089052412018636
-46.53992653135314,-6.086280319047221
-46.53536780478048,-6.083509130176253
-46.530809078207824,-6.080738845233385
-46.52625035163516,-6.07796946404627
-46.52169162506251,-6.075200986442558
-46.51713289848985,-6.072433412249905
-46.512574171917194,-6.069666741295991
-46.50801544534453,-6.066900973408479
-46.50345671877188,-6.0641361084150525
-46.49889799219922,-6.061372146143387
-46.494339265626564,-6.0586090864211855
-46.4897805390539,-6.055846929076137
-46.48522181248125,-6.053085673935936
-46.48066308590859,-6.050325320828292
-46.476104359335935,-6.047565869580931
-46.471545632763274,-6.044807320021553
-46.46698690619062,-6.0420496719778995
-46.46242817961796,-6.039292925277678
-46.457869453045305,-6.036537079748648
-46.45331072647265,-6.033782135218537
-46.44875199989999,-6.031028091515086
-46.444193273327336,-6.028274948466062
-46.439634546754675,-6.025522705899213
-46.43507582018202,-6.02277136364231
-46.43051709360936,-6.020020921523114
-46.425958367036706,-6.017271379369409
-46.421399640464045,-6.0145227370089716
-46.41684091389139,-6.011774994269594
-46.41228218731873,-6.009028150979054
-46.40772346074608,-6.006282206965171
-46.403164734173416,-6.003537162055732
-46.39860600760076,-6.000793016078559
-46.3940472810281,-5.998049768861459
-46.38948855445545,-5.995307420232263
-46.384929827882786,-5.9925659700187826
-46.38037110131013,-5.989825418048867
-46.37581237473747,-5.987085764150347
-46.37125364816482,-5.984347008151065
-46.366694921592156,-5.98160914987887
-46.3621361950195,-5.978872189161631
-46.35757746844685,-5.976136125827202
-46.35301874187419,-5.973400959703441
-46.348460015301534,-5.9706666906182395
-46.34390128872887,-5.967933318399462
-46.33934256215622,-5.965200842874999
-46.33478383558356,-5.96246926387274
-46.330225109010904,-5.959738581220587
-46.32566638243824,-5.957008794746433
-46.32110765586559,-5.954279904278189
-46.31654892929293,-5.951551909643777
-46.311990202720274,-5.94882481067111
-46.30743147614761,-5.946098607188109
-46.30287274957496,-5.943373299022717
-46.2983140230023,-5.940648886002859
-46.293755296429644,-5.937925367956487
-46.28919656985698,-5.93520274471154
-46.28463784328433,-5.932481016095994
-46.28007911671167,-5.929760181937781
-46.275520390139015,-5.927040242064891
-46.270961663566354,-5.924321196305278
-46.2664029369937,-5.921603044486935
-46.261844210421046,-5.9188857864378415
-46.257285483848385,-5.916169421985981
-46.25272675727573,-5.913453950959351
-46.24816803070307,-5.910739373185957
-46.243609304130416,-5.908025688493806
-46.239050577557755,-5.905312896710906
-46.2344918509851,-5.902600997665279
-46.22993312441244,-5.89988999118495
-46.225374397839786,-5.89717987709795
-46.220815671267125,-5.894470655232314
-46.21625694469447,-5.891762325416087
-46.21169821812181,-5.889054887477319
-46.20713949154916,-5.886348341244062
-46.202580764976496,-5.883642686544368
-46.19802203840384,-5.880937923206322
-46.19346331183118,-5.878234051057967
-46.18890458525853,-5.87553106992741
-46.184345858685866,-5.87282897964272
-46.17978713211321,-5.8701277800319955
-46.17522840554055,-5.867427470923313
-46.1706696789679,-5.864728052144792
-46.16611095239524,-5.86202952352454
-46.16155222582258,-5.859331884890653
-46.15699349924993,-5.856635136071269
-46.15243477267727,-5.853939276894502
-46.147876046104614,-5.851244307188488
-46.14331731953195,-5.848550226781357
-46.1387585929593,-5.845857035501256
-46.13419986638664,-5.843164733176335
-46.129641139813984,-5.840473319634754
-46.12508241324132,-5.837782794704665
-46.12052368666867,-5.8350931582142325
-46.11596496009601,-5.8324044099916375
-46.111406233523354,-5.829716549865055
-46.10684750695069,-5.827029577662655
-46.10228878037804,-5.8243434932126545
-46.09773005380538,-5.821658296343227
-46.093171327232724,-5.818973986882585
-46.08861260066006,-5.8162905646589405
-46.08405387408741,-5.813608029500497
-46.07949514751475,-5.810926381235488
-46.074936420942095,-5.808245619692115
-46.07037769436944,-5.805565744698643
-46.06581896779678,-5.80288675608328
-46.061260241224126,-5.800208653674285
-46.056701514651465,-5.797531437299903
-46.05214278807881,-5.794855106788398
-46.04758406150615,-5.792179661968023
-46.043025334933496,-5.789505102667051
-46.038466608360835,-5.786831428713749
-46.03390788178818,-5.784158639936407
-46.02934915521552,-5.781486736163301
-46.024790428642866,-5.77881571722273
-46.020231702070205,-5.7761455829429815
-46.01567297549755,-5.773476333152372
-46.01111424892489,-5.770807967679201
-46.00655552235224,-5.7681404863517916
-46.001996795779576,-5.765473888998462
-45.99743806920692,-5.762808175447543
-45.99287934263426,-5.760143345527359
-45.98832061606161,-5.757479399066261
-45.983761889488946,-5.754816335892588
-45.97920316291629,-5.752154155834703
-45.97464443634364,-5.749492858720946
-45.97008570977098,-5.746832444379694
-45.96552698319832,-5.744172912639316
-45.96096825662566,-5.741514263328179
-45.95640953005301,-5.738856496274673
-45.95185080348035,-5.736199611307186
-45.947292076907694,-5.733543608254111
-45.94273335033503,-5.730888486943842
-45.93817462376238,-5.728234247204802
-45.93361589718972,-5.725580888865385
-45.929057170617064,-5.722928411754017
-45.9244984440444,-5.720276815699121
-45.91993971747175,-5.717626100529135
-45.91538099089909,-5.714976266072482
-45.910822264326434,-5.7123273121576155
-45.90626353775377,-5.709679238612979
-45.90170481118112,-5.707032045267031
-45.89714608460846,-5.704385731948225
-45.892587358035804,-5.701740298485041
-45.88802863146314,-5.699095744705938
-45.88346990489049,-5.696452070439402
-45.878911178317836,-5.693809275513919
-45.874352451745175,-5.691167359757974
-45.86979372517252,-5.688526323000086
-45.86523499859986,-5.685886165068721
-45.860676272027206,-5.683246885792421
-45.856117545454545,-5.680608484999681
-45.85155881888189,-5.677970962519044
-45.84700009230923,-5.675334318179016
-45.842441365736576,-5.67269855180815
-45.837882639163915,-5.670063663234967
-45.83332391259126,-5.667429652288031
-45.8287651860186,-5.664796518795878
-45.824206459445946,-5.66216426258709
-45.819647732873285,-5.659532883490207
-45.81508900630063,-5.656902381333817
-45.81053027972797,-5.654272755946478
-45.80597155315532,-5.651644007156805
-45.801412826582656,-5.649016134793346
-45.79685410001,-5.646389138684729
-45.79229537343734,-5.643763018659544
-45.78773664686469,-5.6411377745463955
-45.78317792029203,-5.638513406173912
-45.77861919371937,-5.635889913370692
-45.77406046714672,-5.633267295965371
-45.76950174057406,-5.630645553786585
-45.7649430140014,-5.62802468666297
-45.76038428742874,-5.625404694423172
-45.75582556085609,-5.622785576895844
-45.75126683428343,-5.620167333909632
-45.746708107710774,-5.61754996529321
-45.74214938113811,-5.6149334708752505
-45.73759065456546,-5.612317850484417
-45.7330319279928,-5.609703103949395
-45.728473201420144,-5.607089231098882
-45.72391447484748,-5.604476231761562
-45.71935574827483,-5.6018641057661345
-45.71479702170217,-5.599252852941311
-45.710238295129514,-5.596642473115807
-45.70567956855685,-5.594032966118335
-45.7011208419842,-5.591424331777623
-45.69656211541154,-5.588816569922402
-45.692003388838884,-5.586209680381411
-45.68744466226623,-5.583603662983399
-45.68288593569357,-5.5809985175571
-45.678327209120916,-5.578394243931276
-45.673768482548255,-5.575790841934706
-45.6692097559756,-5.573188311396141
-45.66465102940294,-5.570586652144358
-45.660092302830286,-5.5679858640081505
-45.655533576257625,-5.565385946816286
-45.65097484968497,-5.562786900397574
-45.64641612311231,-5.56018872458081
-45.641857396539656,-5.557591419194808
-45.637298669966995,-5.5549949840683555
-45.63273994339434,-5.552399419030298
-45.62818121682168,-5.5498047239094435
-45.623622490249026,-5.5472108985346456
-45.619063763676365,-5.544617942734714
-45.61450503710371,-5.542025856338508
-45.60994631053105,-5.539434639174867
-45.6053875839584,-5.5368442910726685
-45.600828857385736,-5.534254811860753
-45.59627013081308,-5.531666201368002
-45.59171140424043,-5.529078459423285
-45.58715267766777,-5.526491585855481
-45.58259395109511,-5.523905580493488
-45.57803522452245,-5.521320443166185
-45.5734764979498,-5.518736173702487
-45.56891777137714,-5.516152771931293
-45.56435904480448,-5.5135702376815185
-45.55980031823182,-5.510988570782082
-45.55524159165917,-5.508407771061913
-45.55068286508651,-5.505827838349931
-45.54612413851385,-5.503248772475082
-45.54156541194119,-5.500670573266316
-45.53700668536854,-5.498093240552577
-45.53244795879588,-5.495516774162819
-45.527889232223224,-5.492941173926018
-45.52333050565056,-5.490366439671127
-45.51877177907791,-5.487792571227133
-45.51421305250525,-5.485219568423016
-45.509654325932594,-5.482647431087767
-45.50509559935993,-5.4800761590503795
-45.50053687278728,-5.477505752139852
-45.495978146214625,-5.4749362101852
-45.491419419641964,-5.472367533015422
-45.48686069306931,-5.4697997204595605
-45.48230196649665,-5.467232772346626
-45.477743239923996,-5.464666688505651
-45.473184513351335,-5.462101468765682
-45.46862578677868,-5.459537112955766
-45.46406706020602,-5.456973620904955
-45.459508333633366,-5.454410992442304
-45.454949607060705,-5.451849227396872
-45.45039088048805,-5.449288325597745
-45.44583215391539,-5.446728286873992
-45.441273427342736,-5.444169111054701
-45.436714700770075,-5.441610797968954
-45.43215597419742,-5.4390533474458564
-45.42759724762476,-5.436496759314513
-45.423038521052106,-5.4339410334040315
-45.418479794479445,-5.431386169543518
-45.41392106790679,-5.428832167562112
-45.40936234133413,-5.426279027288922
-45.40480361476148,-5.423726748553107
-45.40024488818882,-5.421175331183791
-45.39568616161616,-5.418624775010129
-45.39112743504351,-5.4160750798612725
-45.38656870847085,-5.413526245566392
-45.38200998189819,-5.410978271954644
-45.37745125532553,-5.408431158855202
-45.37289252875288,-5.4058849060972545
-45.36833380218022,-5.403339513509975
-45.36377507560756,-5.400794980922579
-45.3592163490349,-5.398251308164239
-45.35465762246225,-5.395708495064187
-45.35009889588959,-5.393166541451614
-45.34554016931693,-5.390625447155753
-45.34098144274427,-5.38808521200582
-45.33642271617162,-5.385545835831052
-45.33186398959896,-5.383007318460686
-45.327305263026304,-5.380469659723971
-45.32274653645364,-5.377932859450153
-45.31818780988099,-5.37539691746849
-45.31362908330833,-5.372861833608246
-45.309070356735674,-5.370327607698692
-45.30451163016302,-5.367794239569114
-45.29995290359036,-5.3652617290487745
-45.295394177017705,-5.362730075966984
-45.290835450445044,-5.3601992801530285
-45.28627672387239,-5.357669341436211
-45.28171799729973,-5.355140259645846
-45.277159270727076,-5.3526120346112505
-45.272600544154415,-5.3500846661617345
-45.26804181758176,-5.347558154126646
-45.2634830910091,-5.345032498335306
-45.258924364436446,-5.342507698617057
-45.254365637863785,-5.339983754801256
-45.24980691129113,-5.337460666717258
-45.24524818471847,-5.3349384341944095
-45.240689458145816,-5.332417057062101
-45.236130731573155,-5.329896535149683
-45.2315720050005,-5.327376868286555
-45.22701327842784,-5.3248580563020935
-45.222454551855186,-5.322340099025701
-45.217895825282525,-5.319822996286766
-45.21333709870987,-5.3173067479147145
-45.20877837213722,-5.314791353738948
-45.20421964556456,-5.3122768135888805
-45.1996609189919,-5.309763127293954
-45.19510219241924,-5.307250294683594
-45.19054346584659,-5.304738315587235
-45.18598473927393,-5.302227189834339
-45.18142601270127,-5.2997169172543375
-45.17686728612861,-5.297207497676701
-45.17230855955596,-5.294698930930908
-45.1677498329833,-5.2921912168464065
-45.16319110641064,-5.2896843552527
-45.15863237983798,-5.287178345979253
-45.15407365326533,-5.284673188855574
-45.14951492669267,-5.282168883711155
-45.14495620012001,-5.2796654303755055
-45.14039747354735,-5.277162828678131
-45.1358387469747,-5.274661078448557
-45.13128002040204,-5.272160179516297
-45.126721293829384,-5.269660131710901
-45.12216256725672,-5.267160934861888
-45.11760384068407,-5.264662588798823
-45.113045114111415,-5.262165093351247
-45.108486387538754,-5.259668448348709
-45.1039276609661,-5.257172653620793
-45.09936893439344,-5.254677708997063
-45.094810207820785,-5.252183614307087
-45.090251481248124,-5.249690369380461
-45.08569275467547,-5.247197974046777
-45.08113402810281,-5.244706428135624
-45.076575301530156,-5.242215731476615
-45.072016574957495,-5.239725883899362
-45.06745784838484,-5.237236885233478
-45.06289912181218,-5.234748735308581
-45.058340395239526,-5.232261433954317
-45.053781668666865,-5.229774981000314
-45.04922294209421,-5.2272893762762225
-45.04466421552155,-5.22480461961168
-45.040105488948896,-5.222320710836368
-45.035546762376235,-5.219837649779928
-45.03098803580358,-5.217355436272046
-45.02642930923092,-5.214874070142385
-45.021870582658266,-5.212393551220648
-45.01731185608561,-5.209913879336515
-45.01275312951295,-5.207435054319682
-45.0081944029403,-5.204957075999856
-45.00363567636764,-5.2024799442067495
-44.99907694979498,-5.200003658770082
-44.99451822322232,-5.19752821951957
-44.98995949664967,-5.195053626284958
-44.98540077007701,-5.192579878895962
-44.98084204350435,-5.19010697718235
-44.97628331693169,-5.187634920973858
-44.97172459035904,-5.18516371010025
-44.96716586378638,-5.182693344391288
-44.96260713721372,-5.180223823676749
-44.95804841064106,-5.177755147786399
-44.95348968406841,-5.175287316550034
-44.94893095749575,-5.1728203297974416
-44.94437223092309,-5.170354187358424
-44.93981350435043,-5.167888889062774
-44.93525477777778,-5.1654244347403155
-44.93069605120512,-5.162960824220859
-44.926137324632464,-5.160498057334236
-44.92157859805981,-5.158036133910276
-44.91701987148715,-5.15557505377881
-44.912461144914495,-5.153114816769696
-44.907902418341834,-5.150655422712772
-44.90334369176918,-5.148196871437911
-44.89878496519652,-5.145739162774965
-44.894226238623865,-5.1432822965538145
-44.889667512051204,-5.140826272604336
-44.88510878547855,-5.138371090756417
-44.88055005890589,-5.1359167508399475
-44.875991332333236,-5.133463252684831
-44.871432605760575,-5.131010596120959
-44.86687387918792,-5.128558780978265
-44.86231515261526,-5.12610780708665
-44.857756426042606,-5.123657674276062
-44.853197699469945,-5.121208382376407
-44.84863897289729,-5.118759931217647
-44.84408024632463,-5.116312320629718
-44.839521519751976,-5.1138655504425765
-44.834962793179315,-5.111419620486177
-44.83040406660666,-5.108974530590494
-44.82584534003401,-5.106530280585504
-44.821286613461346,-5.104086870301171
-44.81672788688869,-5.101644299567506
-44.81216916031603,-5.099202568214481
-44.80761043374338,-5.096761676072102
-44.80305170717072,-5.094321622970388
-44.79849298059806,-5.09188240873934
-44.7939342540254,-5.089444033208992
-44.78937552745275,-5.087006496209365
-44.78481680088009,-5.08456979757049
-44.78025807430743,-5.082133937122423
-44.77569934773477,-5.079698914695197
-44.77114062116212,-5.077264730118877
-44.76658189458946,-5.074831383223518
-44.7620231680168,-5.072398873839199
-44.75746444144414,-5.069967201795985
-44.75290571487149,-5.067536366923962
-44.74834698829883,-5.0651063690532245
-44.74378826172617,-5.062677208013873
-44.73922953515351,-5.060248883635996
-44.73467080858086,-5.05782139574972
-44.730112082008205,-5.05539474418515
-44.725553355435544,-5.052968928772411
-44.72099462886289,-5.050543949341644
-44.71643590229023,-5.04811980572297
-44.711877175717575,-5.045696497746549
-44.707318449144914,-5.043274025242521
-44.70275972257226,-5.040852388041056
-44.6982009959996,-5.038431585972314
-44.693642269426945,-5.036011618866465
-44.689083542854284,-5.033592486553685
-44.68452481628163,-5.031174188864173
-44.67996608970897,-5.028756725628108
-44.675407363136316,-5.02634009667569
-44.670848636563655,-5.023924301837129
-44.666289909991,-5.021509340942645
-44.66173118341834,-5.01909521382245
-44.657172456845686,-5.016681920306779
-44.652613730273025,-5.014269460225854
-44.64805500370037,-5.0118578334099295
-44.64349627712771,-5.009447039689242
-44.638937550555056,-5.007037078894056
-44.6343788239824,-5.004627950854626
-44.62982009740974,-5.002219655401222
-44.62526137083709,-4.999812192364131
-44.620702644264426,-4.997405561573614
-44.61614391769177,-4.994999762859984
-44.61158519111911,-4.992594796053514
-44.60702646454646,-4.99019066098453
-44.6024677379738,-4.987787357483321
-44.59790901140114,-4.985384885380225
-44.59335028482848,-4.98298324450555
-44.58879155825583,-4.980582434689643
-44.58423283168317,-4.97818245576282
-44.57967410511051,-4.975783307555445
-44.57511537853785,-4.973384989897866
-44.5705566519652,-4.970987502620442
-44.56599792539254,-4.968590845553527
-44.56143919881988,-4.966195018527513
-44.55688047224722,-4.96380002137277
-44.55232174567457,-4.961405853919686
-44.54776301910191,-4.959012515998657
-44.54320429252925,-4.956620007440081
-44.5386455659566,-4.9542283280743655
-44.53408683938394,-4.951837477731931
-44.529528112811285,-4.949447456243194
-44.524969386238624,-4.947058263438577
-44.52041065966597,-4.944669899148534
-44.51585193309331,-4.942282363203495
-44.511293206520655,-4.939895655433907
-44.506734479947994,-4.93750977567024
-44.50217575337534,-4.935124723742948
-44.49761702680268,-4.932740499482502
-44.493058300230025,-4.930357102719384
-44.488499573657364,-4.927974533284076
-44.48394084708471,-4.925592791007078
-44.47938212051205,-4.923211875718872
-44.474823393939396,-4.92083178724998
-44.470264667366735,-4.918452525430908
-44.46570594079408,-4.91607409009218
-44.46114721422142,-4.9136964810643216
-44.456588487648766,-4.911319698177866
-44.452029761076105,-4.908943741263348
-44.44747103450345,-4.9065686101513295
-44.4429123079308,-4.904194304672364
-44.438353581358136,-4.901820824657
-44.43379485478548,-4.899448169935821
-44.42923612821282,-4.8970763403393915
-44.42467740164017,-4.894705335698308
-44.420118675067506,-4.892335155843156
-44.41555994849485,-4.889965800604538
-44.41100122192219,-4.8875972698130425
-44.40644249534954,-4.885229563299302
-44.40188376877688,-4.882862680893916
-44.39732504220422,-4.880496622427527
-44.39276631563156,-4.878131387730758
-44.38820758905891,-4.875766976634259
-44.38364886248625,-4.873403388968662
-44.37909013591359,-4.871040624564645
-44.37453140934093,-4.86867868325284
-44.36997268276828,-4.866317564863937
-44.36541395619562,-4.863957269228607
-44.36085522962296,-4.861597796177529
-44.3562965030503,-4.859239145541396
-44.35173777647765,-4.856881317150904
-44.347179049904994,-4.854524310836763
-44.34262032333233,-4.852168126429674
-44.33806159675968,-4.849812763760361
-44.33350287018702,-4.847458222659547
-44.328944143614365,-4.8451045029579705
-44.324385417041704,-4.8427516044863665
-44.31982669046905,-4.840399527075482
-44.31526796389639,-4.8380482705560715
-44.310709237323735,-4.835697834758904
-44.306150510751074,-4.833348219514733
-44.30159178417842,-4.8309994246543395
-44.29703305760576,-4.828651450008513
-44.292474331033105,-4.826304295408039
-44.287915604460444,-4.823957960683711
-44.28335687788779,-4.821612445666338
-44.27879815131513,-4.819267750186733
-44.274239424742476,-4.816923874075711
-44.269680698169815,-4.814580817164091
-44.26512197159716,-4.812238579282718
-44.2605632450245,-4.809897160262429
-44.256004518451846,-4.8075565599340715
-44.25144579187919,-4.805216778128489
-44.24688706530653,-4.802877814676553
-44.24232833873388,-4.800539669409134
-44.237769612161216,-4.798202342157103
-44.23321088558856,-4.795865832751339
-44.2286521590159,-4.793530141022744
-44.22409343244325,-4.7911952668022115
-44.219534705870586,-4.7888612099206425
-44.21497597929793,-4.786527970208952
-44.21041725272527,-4.7841955474980535
-44.20585852615262,-4.781863941618881
-44.20129979957996,-4.779533152402366
-44.1967410730073,-4.777203179679445
-44.19218234643464,-4.774874023281069
-44.18762361986199,-4.772545683038195
-44.18306489328933,-4.770218158781782
-44.17850616671667,-4.767891450342808
-44.17394744014401,-4.765565557552233
-44.16938871357136,-4.763240480241057
-44.1648299869987,-4.760916218240268
-44.16027126042604,-4.758592771380866
-44.15571253385339,-4.7562701394938545
-44.15115380728073,-4.7539483224102375
-44.146595080708074,-4.751627319961045
-44.14203635413541,-4.749307131977306
-44.13747762756276,-4.7469877582900555
-44.1329189009901,-4.7446691987303335
-44.128360174417445,-4.742351453129179
-44.123801447844784,-4.740034521317672
-44.11924272127213,-4.73771840312686
-44.11468399469947,-4.73540309838781
-44.110125268126815,-4.73308860693162
-44.105566541554154,-4.730774928589359
-44.1010078149815,-4.728462063192125
-44.09644908840884,-4.726150010571014
-44.091890361836185,-4.723838770557144
-44.087331635263524,-4.721528342981625
-44.08277290869087,-4.7192187276755755
-44.07821418211821,-4.71690992447013
-44.073655455545556,-4.714601933196426
-44.069096728972895,-4.7122947536856
-44.06453800240024,-4.709988385768818
-44.05997927582759,-4.707682829277225
-44.055420549254926,-4.705378084041987
-44.05086182268227,-4.703074149894292
-44.04630309610961,-4.7007710266653016
-44.04174436953696,-4.6984687141862205
-44.037185642964296,-4.696167212288234
-44.03262691639164,-4.6938665208025485
-44.02806818981898,-4.691566639560374
-44.02350946324633,-4.68926756839293
-44.018950736673666,-4.686969307131432
-44.01439201010101,-4.684671855607126
-44.00983328352835,-4.682375213651243
-44.0052745569557,-4.6800793810950285
-44.00071583038304,-4.677784357769748
-43.99615710381038,-4.675490143506646
-43.99159837723772,-4.673196738137001
-43.98703965066507,-4.670904141492096
-43.98248092409241,-4.668612353403199
-43.97792219751975,-4.666321373701616
-43.97336347094709,-4.664031202218631
-43.96880474437444,-4.661741838785564
-43.964246017801784,-4.659453283233716
-43.95968729122912,-4.657165535394413
-43.95512856465647,-4.6548785950989835
-43.95056983808381,-4.652592462178764
-43.946011111511154,-4.650307136465094
-43.94145238493849,-4.648022617789327
-43.93689365836584,-4.645738905982816
-43.93233493179318,-4.643456000876921
-43.927776205220525,-4.641173902303035
-43.923217478647864,-4.638892610092515
-43.91865875207521,-4.636612124076761
-43.91410002550255,-4.634332444087159
-43.909541298929895,-4.632053569955124
-43.904982572357234,-4.6297755015120465
-43.90042384578458,-4.6274982385893635
-43.89586511921192,-4.625221781018479
-43.891306392639265,-4.6229461286308435
-43.886747666066604,-4.620671281257887
-43.88218893949395,-4.618397238731051
-43.87763021292129,-4.616124000881794
-43.873071486348636,-4.613851567541589
-43.86851275977598,-4.611579938541886
-43.86395403320332,-4.609309113714168
-43.85939530663067,-4.607039092889926
-43.854836580058006,-4.60476987590064
-43.85027785348535,-4.602501462577815
-43.84571912691269,-4.600233852752954
-43.84116040034004,-4.597967046257579
-43.836601673767376,-4.595701042923197
-43.83204294719472,-4.59343584258135
-43.82748422062206,-4.591171445063562
-43.82292549404941,-4.588907850201384
-43.818366767476746,-4.5866450578263676
-43.81380804090409,-4.584383067770061
-43.80924931433143,-4.5821218798640455
-43.80469058775878,-4.579861493939885
-43.80013186118612,-4.57760190982916
-43.79557313461346,-4.5753431273634595
-43.7910144080408,-4.5730851463743845
-43.78645568146815,-4.57082796669353
-43.78189695489549,-4.568571588152511
-43.77733822832283,-4.566316010582954
-43.77277950175018,-4.5640612338164726
-43.76822077517752,-4.561807257684698
-43.763662048604864,-4.559554082019288
-43.7591033220322,-4.557301706651874
-43.75454459545955,-4.555050131414127
-43.74998586888689,-4.55279935613769
-43.745427142314234,-4.5505493806542505
-43.74086841574157,-4.548300204795482
-43.73630968916892,-4.546051828393073
-43.73175096259626,-4.54380425127871
-43.727192236023605,-4.541557473284105
-43.722633509450944,-4.539311494240958
-43.71807478287829,-4.537066313980994
-43.71351605630563,-4.534821932335917
-43.708957329732975,-4.532578349137484
-43.704398603160314,-4.530335564217415
-43.69983987658766,-4.528093577407468
-43.695281150015,-4.525852388539393
-43.690722423442345,-4.523611997444954
-43.686163696869684,-4.521372403955901
-43.68160497029703,-4.519133607904041
-43.67704624372438,-4.516895609121143
-43.672487517151716,-4.514658407438995
-43.66792879057906,-4.512422002689406
-43.6633700640064,-4.5101863947041725
-43.65881133743375,-4.507951583315121
-43.654252610861086,-4.505717568354063
-43.64969388428843,-4.503484349652838
-43.64513515771577,-4.501251927043269
-43.64057643114312,-4.499020300357217
-43.636017704570456,-4.496789469426526
-43.6314589779978,-4.494559434083064
-43.62690025142514,-4.492330194158686
-43.62234152485249,-4.490101749485273
-43.617782798279826,-4.4878740998947135
-43.61322407170717,-4.48564724521889
-43.60866534513451,-4.483421185289709
-43.60410661856186,-4.4811959199390685
-43.5995478919892,-4.478971448998888
-43.59498916541654,-4.476747772301091
-43.59043043884388,-4.47452488967759
-43.58587171227123,-4.472302800960345
-43.581312985698574,-4.470081505981285
-43.57675425912591,-4.467861004572362
-43.57219553255326,-4.465641296565539
-43.5676368059806,-4.463422381792777
-43.563078079407944,-4.461204260086069
-43.55851935283528,-4.458986931277376
-43.55396062626263,-4.4567703951986966
-43.54940189968997,-4.454554651682027
-43.544843173117314,-4.452339700559379
-43.54028444654465,-4.450125541662758
-43.535725719972,-4.447912174824187
-43.53116699339934,-4.445699599875692
-43.526608266826685,-4.4434878166493155
-43.522049540254024,-4.441276824977091
-43.51749081368137,-4.439066624691081
-43.51293208710871,-4.4368572156233395
-43.508373360536055,-4.434648597605934
-43.503814633963394,-4.432440770470936
-43.49925590739074,-4.430233734050431
-43.49469718081808,-4.428027488176501
-43.490138454245425,-4.425822032681266
-43.48557972767277,-4.423617367396806
-43.48102100110011,-4.421413492155244
-43.47646227452746,-4.419210406788697
-43.471903547954795,-4.417008111129305
-43.46734482138214,-4.414806605009187
-43.46278609480948,-4.412605888260503
-43.45822736823683,-4.410405960715396
-43.453668641664166,-4.408206822206025
-43.44910991509151,-4.406008472564563
-43.44455118851885,-4.403810911623173
-43.4399924619462,-4.4016141392140495
-43.435433735373536,-4.399418155169379
-43.43087500880088,-4.39722295932136
-43.42631628222822,-4.395028551502195
-43.42175755565557,-4.392834931544105
-43.417198829082906,-4.390642099279297
-43.41264010251025,-4.388450054540016
-43.40808137593759,-4.38625879715849
-43.40352264936494,-4.3840683269669665
-43.39896392279228,-4.381878643797689
-43.39440519621962,-4.379689747482935
-43.38984646964697,-4.377501637854963
-43.38528774307431,-4.375314314746042
-43.380729016501654,-4.373127777988468
-43.37617028992899,-4.370942027414521
-43.37161156335634,-4.36875706285651
-43.36705283678368,-4.36657288414673
-43.362494110211024,-4.364389491117506
-43.35793538363836,-4.362206883601154
-43.35337665706571,-4.3600250614300124
-43.34881793049305,-4.3578440244364085
-43.344259203920394,-4.355663772452697
-43.33970047734773,-4.353484305311226
-43.33514175077508,-4.351305622844359
-43.33058302420242,-4.3491277248844655
-43.326024297629765,-4.346950611263918
-43.321465571057104,-4.344774281815112
-43.31690684448445,-4.342598736370425
-43.31234811791179,-4.3404239747622695
-43.307789391339135,-4.338249996823058
-43.303230664766474,-4.336076802385194
-43.29867193819382,-4.3339043912811
-43.294113211621166,-4.331732763343225
-43.289554485048505,-4.329561918403989
-43.28499575847585,-4.327391856295855
-43.28043703190319,-4.325222576851269
-43.27587830533054,-4.323054079902695
-43.271319578757875,-4.320886365282606
-43.26676085218522,-4.318719432823486
-43.26220212561256,-4.31655328235782
-43.25764339903991,-4.3143879137180905
-43.253084672467246,-4.312223326736814
-43.24852594589459,-4.310059521246492
-43.24396721932193,-4.3078964970796525
-43.23940849274928,-4.305734254068819
-43.234849766176616,-4.303572792046513
-43.23029103960396,-4.301412110845295
-43.2257323130313,-4.299252210297701
-43.22117358645865,-4.297093090236294
-43.216614859885986,-4.294934750493639
-43.21205613331333,-4.292777190902317
-43.20749740674067,-4.2906204112948965
-43.20293868016802,-4.288464411503972
-43.198379953595364,-4.286309191362142
-43.1938212270227,-4.2841547507020055
-43.18926250045005,-4.282001089356191
-43.18470377387739,-4.279848207157304
-43.180145047304734,-4.277696103937981
-43.17558632073207,-4.2755447795308505
-43.17102759415942,-4.273394233768572
-43.16646886758676,-4.271244466483784
-43.161910141014104,-4.2690954775091585
-43.15735141444144,-4.2669472666773505
-43.15279268786879,-4.264799833821054
-43.14823396129613,-4.262653178772934
-43.143675234723474,-4.2605073013656956
-43.13911650815081,-4.258362201432036
-43.13455778157816,-4.256217878804667
-43.1299990550055,-4.254074333316293
-43.125440328432845,-4.251931564799652
-43.120881601860184,-4.249789573087471
-43.11632287528753,-4.247648358012488
-43.11176414871487,-4.2455079194074505
-43.107205422142215,-4.24336825710512
-43.10264669556956,-4.24122937093826
-43.0980879689969,-4.23909126073963
-43.093529242424246,-4.236953926342025
-43.088970515851585,-4.234817367578229
-43.08441178927893,-4.232681584281034
-43.07985306270627,-4.2305465762832455
-43.07529433613362,-4.22841234341768
-43.070735609560955,-4.2262788855171465
-43.0661768829883,-4.224146202414486
-43.06161815641564,-4.222014293942525
-43.05705942984299,-4.219883159934112
-43.052500703270326,-4.217752800222099
-43.04794197669767,-4.215623214639339
-43.04338325012501,-4.213494403018714
-43.03882452355236,-4.211366365193088
-43.034265796979696,-4.209239100995348
-43.02970707040704,-4.207112610258389
-43.02514834383438,-4.204986892815103
-43.02058961726173,-4.202861948498404
-43.016030890689066,-4.20073777714121
-43.01147216411641,-4.198614378576444
-43.00691343754376,-4.1964917526370416
-43.0023547109711,-4.194369899155926
-42.99779598439844,-4.192248817966061
-42.99323725782578,-4.190128508900408
-42.98867853125313,-4.188008971791916
-42.98411980468047,-4.185890206473565
-42.979561078107814,-4.1837722127783366
-42.97500235153515,-4.1816549905392115
-42.9704436249625,-4.179538539589204
-42.96588489838984,-4.177422859761296
-42.961326171817184,-4.175307950888521
-42.95676744524452,-4.17319381280388
-42.95220871867187,-4.17108044534042
-42.94764999209921,-4.168967848331166
-42.943091265526554,-4.16685602160917
-42.93853253895389,-4.164744965007483
-42.93397381238124,-4.162634678359164
-42.92941508580858,-4.160525161497281
-42.924856359235925,-4.158416414254917
-42.920297632663264,-4.156308436465151
-42.91573890609061,-4.154201227961087
-42.911180179517956,-4.152094788575826
-42.906621452945295,-4.149989118142462
-42.902062726372634,-4.14788421649412
-42.89750399979998,-4.145780083463932
-42.892945273227326,-4.1436767188850325
-42.888386546654665,-4.141574122590557
-42.88382782008201,-4.139472294413663
-42.87926909350935,-4.137371234187502
-42.8747103669367,-4.135270941745248
-42.870151640364035,-4.133171416920074
-42.86559291379138,-4.1310726595451595
-42.86103418721872,-4.128974669453688
-42.85647546064607,-4.126877446478879
-42.851916734073406,-4.124780990453924
-42.84735800750075,-4.122685301212047
-42.84279928092809,-4.1205903785864635
-42.83824055435544,-4.118496222410416
-42.833681827782776,-4.116402832517136
-42.82912310121012,-4.114310208739874
-42.82456437463746,-4.112218350911889
-42.82000564806481,-4.110127258866443
-42.81544692149215,-4.108036932436805
-42.81088819491949,-4.105947371456258
-42.80632946834683,-4.103858575758098
-42.80177074177418,-4.1017705451756195
-42.797212015201524,-4.099683279542127
-42.79265328862886,-4.0975967786909235
-42.78809456205621,-4.095511042455346
-42.78353583548355,-4.093426070668718
-42.778977108910894,-4.091341863164378
-42.77441838233823,-4.089258419775675
-42.76985965576558,-4.087175740335959
-42.76530092919292,-4.085093824678597
-42.760742202620264,-4.083012672636954
-42.7561834760476,-4.080932284044416
-42.75162474947495,-4.078852658734371
-42.74706602290229,-4.076773796540207
-42.742507296329634,-4.07469569729534
-42.73794856975697,-4.072618360833168
-42.73338984318432,-4.070541786987122
-42.72883111661166,-4.068465975590625
-42.724272390039005,-4.066390926477118
-42.71971366346635,-4.064316639480043
-42.71515493689369,-4.062243114432853
-42.71059621032103,-4.0601703511690115
-42.706037483748375,-4.058098349521987
-42.70147875717572,-4.056027109325265
-42.69692003060306,-4.053956630412313
-42.692361304030406,-4.0518869126166495
-42.687802577457745,-4.04981795577176
-42.68324385088509,-4.047749759711163
-42.67868512431243,-4.045682324268373
-42.67412639773978,-4.043615649276922
-42.669567671167115,-4.041549734570345
-42.66500894459446,-4.0394845799821875
-42.6604502180218,-4.037420185345996
-42.65589149144915,-4.035356550495343
-42.651332764876486,-4.033293675263786
-42.64677403830383,-4.031231559484909
-42.64221531173117,-4.0291702029922964
-42.63765658515852,-4.027109605619541
-42.633097858585856,-4.025049767200239
-42.6285391320132,-4.02299068756802
-42.62398040544055,-4.020932366556481
-42.61942167886789,-4.018874803999262
-42.614862952295226,-4.016817999729995
-42.61030422572257,-4.014761953582323
-42.60574549914992,-4.012706665389902
-42.60118677257726,-4.010652134986386
-42.596628046004604,-4.008598362205446
-42.59206931943194,-4.006545346880764
-42.58751059285929,-4.004493088846025
-42.58295186628663,-4.002441587934915
-42.578393139713974,-4.000390843981141
-42.57383441314131,-3.9983408568184156
-42.56927568656866,-3.996291626280456
-42.564716959996,-3.9942431522009847
-42.560158233423344,-3.99219543441375
-42.55559950685068,-3.9901484727524794
-42.55104078027803,-3.9881022670509374
-42.54648205370537,-3.986056817142877
-42.541923327132714,-3.984012122862079
-42.53736460056005,-3.9819681840423033
-42.5328058739874,-3.9799250005173525
-42.528247147414746,-3.9778825721210067
-42.523688420842085,-3.9758408986870752
-42.519129694269424,-3.9737999800493697
-42.51457096769677,-3.9717598160417102
-42.510012241124116,-3.969720406497921
-42.505453514551455,-3.9676817512518388
-42.5008947879788,-3.9656438501373112
-42.49633606140614,-3.963606702988183
-42.491777334833486,-3.9615703096383217
-42.487218608260825,-3.959534669921596
-42.48265988168817,-3.957499783671886
-42.47810115511551,-3.9554656507230725
-42.473542428542856,-3.9534322709090586
-42.468983701970195,-3.9513996440637444
-42.46442497539754,-3.9493677700210417
-42.45986624882488,-3.9473366486148556
-42.45530752225223,-3.9453062796791416
-42.450748795679566,-3.9432766630478184
-42.44619006910691,-3.94124779855484
-42.44163134253425,-3.939219686034151
-42.4370726159616,-3.937192325319726
-42.43251388938894,-3.9351657162455296
-42.42795516281628,-3.9331398586455357
-42.42339643624362,-3.9311147523537344
-42.41883770967097,-3.92909039720413
-42.41427898309831,-3.9270667930307233
-42.40972025652565,-3.925043939667519
-42.405161529953,-3.9230218369485446
-42.40060280338034,-3.9210004847078292
-42.396044076807684,-3.9189798827794133
-42.39148535023502,-3.916960030997349
-42.38692662366237,-3.9149409291956783
-42.38236789708971,-3.9129225772084704
-42.377809170517054,-3.910904974869808
-42.37325044394439,-3.908888122013755
-42.36869171737174,-3.906872018474413
-42.36413299079908,-3.904856664085873
-42.359574264226424,-3.9028420586822463
-42.35501553765376,-3.900828202097644
-42.35045681108111,-3.8988150941661903
-42.34589808450845,-3.8968027347220167
-42.341339357935794,-3.894791123599263
-42.33678063136314,-3.892780260632082
-42.33222190479048,-3.8907701456546278
-42.32766317821782,-3.8887607785010623
-42.323104451645165,-3.8867521590055683
-42.31854572507251,-3.8847442870023285
-42.31398699849985,-3.8827371623255167
-42.309428271927196,-3.8807307848093604
-42.304869545354535,-3.8787251542880434
-42.30031081878188,-3.876720270595801
-42.29575209220922,-3.8747161335668467
-42.291193365636566,-3.8727127430354185
-42.286634639063905,-3.8707100988357626
-42.28207591249125,-3.8687082008021236
-42.27751718591859,-3.866707048768767
-42.272958459345936,-3.864706642569957
-42.268399732773275,-3.8627069820399713
-42.26384100620062,-3.8607080670130953
-42.25928227962796,-3.858709897323624
-42.25472355305531,-3.856712472805864
-42.250164826482646,-3.854715793294116
-42.24560609990999,-3.852719858622711
-42.24104737333734,-3.850724668625969
-42.23648864676468,-3.8487302231382277
-42.231929920192016,-3.8467365219938356
-42.22737119361936,-3.84474356502715
-42.22281246704671,-3.8427513520725287
-42.21825374047405,-3.8407598829643335
-42.21369501390139,-3.838769157536966
-42.20913628732873,-3.836779175624795
-42.20457756075608,-3.834789937062233
-42.20001883418342,-3.8328014416836713
-42.195460107610764,-3.830813689323532
-42.1909013810381,-3.8288266798162365
-42.18634265446545,-3.82684041299622
-42.18178392789279,-3.824854888697914
-42.177225201320134,-3.822870106755773
-42.17266647474747,-3.8208860670042544
-42.16810774817482,-3.8189027692778255
-42.16354902160216,-3.816920213410956
-42.158990295029504,-3.81493839923813
-42.15443156845684,-3.8129573265938395
-42.14987284188419,-3.810976995312592
-42.145314115311535,-3.8089974052288906
-42.140755388738874,-3.8070185561772485
-42.13619666216621,-3.8050404479921975
-42.13163793559356,-3.8030630805082803
-42.127079209020906,-3.8010864535600275
-42.122520482448245,-3.799110566981996
-42.11796175587559,-3.797135420608749
-42.11340302930293,-3.795161014274855
-42.108844302730276,-3.793187347814892
-42.104285576157615,-3.7912144210634486
-42.09972684958496,-3.7892422338551186
-42.0951681230123,-3.7872707860245094
-42.090609396439646,-3.7853000774062333
-42.086050669866985,-3.783330107834907
-42.08149194329433,-3.781360877145165
-42.07693321672167,-3.7793923851716484
-42.072374490149016,-3.777424631749005
-42.067815763576355,-3.7754576167118863
-42.0632570370037,-3.773491339894964
-42.05869831043104,-3.7715258011329094
-42.05413958385839,-3.769561000260401
-42.04958085728573,-3.7675969371121454
-42.04502213071307,-3.7656336115228184
-42.04046340414041,-3.7636710233271433
-42.03590467756776,-3.761709172359842
-42.0313459509951,-3.7597480584556355
-42.02678722442244,-3.75778768144926
-42.02222849784979,-3.755828041175459
-42.01766977127713,-3.75386913746898
-42.01311104470447,-3.75191097016459
-42.00855231813181,-3.7499535390970573
-42.00399359155916,-3.7479968441011615
-41.9994348649865,-3.7460408850116886
-41.994876138413844,-3.7440856616634415
-41.99031741184118,-3.7421311738912153
-41.98575868526853,-3.7401774215298262
-41.98119995869587,-3.7382244044141
-41.976641232123214,-3.736272122378872
-41.97208250555056,-3.734320575258974
-41.9675237789779,-3.7323697628892587
-41.96296505240524,-3.7304196851045774
-41.958406325832584,-3.7284703417398077
-41.95384759925993,-3.726521732629819
-41.94928887268727,-3.72457385760949
-41.94473014611461,-3.722626716513728
-41.940171419541954,-3.7206803091774248
-41.9356126929693,-3.7187346354354833
-41.93105396639664,-3.716789695122836
-41.926495239823986,-3.71484548807441
-41.921936513251325,-3.712902014125133
-41.91737778667867,-3.7109592731099563
-41.91281906010601,-3.70901726486383
-41.908260333533356,-3.7070759892217335
-41.903701606960695,-3.7051354460186157
-41.89914288038804,-3.7031956350894717
-41.89458415381538,-3.701256556269284
-41.890025427242726,-3.6993182093930597
-41.885466700670065,-3.6973805942958005
-41.88090797409741,-3.695443710812517
-41.87634924752476,-3.6935075587782507
-41.871790520952096,-3.691572138028019
-41.867231794379435,-3.6896374483968657
-41.86267306780678,-3.687703489719853
-41.85811434123413,-3.6857702618320363
-41.85355561466147,-3.6838377645684837
-41.848996888088806,-3.681905997764276
-41.84443816151615,-3.6799749612544943
-41.8398794349435,-3.67804465487424
-41.83532070837084,-3.676115078458615
-41.83076198179818,-3.674186231842733
-41.82620325522552,-3.6722581148617217
-41.82164452865287,-3.670330727350708
-41.81708580208021,-3.6684040691448248
-41.81252707550755,-3.6664781400792354
-41.80796834893489,-3.664552939989084
-41.80340962236224,-3.6626284687095545
-41.79885089578958,-3.6607047260758008
-41.794292169216924,-3.658781711923027
-41.78973344264426,-3.6568594260864167
-41.78517471607161,-3.6549378684011753
-41.780615989498955,-3.653017038702516
-41.776057262926294,-3.651096936825652
-41.77149853635363,-3.6491775626058183
-41.76693980978098,-3.6472589158782505
-41.762381083208325,-3.6453409964782004
-41.757822356635664,-3.643423804240919
-41.753263630063,-3.6415073390016683
-41.74870490349035,-3.6395916005957303
-41.744146176917695,-3.6376765888583837
-41.739587450345034,-3.635762303624918
-41.73502872377238,-3.6338487447306367
-41.73046999719972,-3.6319359120108508
-41.725911270627066,-3.6300238053008727
-41.721352544054405,-3.6281124244360337
-41.71679381748175,-3.6262017692516735
-41.71223509090909,-3.624291839583137
-41.707676364336436,-3.622382635265769
-41.703117637763775,-3.6204741561349403
-41.69855891119112,-3.618566402026026
-41.69400018461846,-3.6166593727743996
-41.689441458045806,-3.61475306821546
-41.68488273147315,-3.6128474881845976
-41.68032400490049,-3.6109426325172254
-41.67576527832783,-3.6090385010487567
-41.671206551755176,-3.6071350936146254
-41.66664782518252,-3.605232410050261
-41.66208909860986,-3.6033304501911054
-41.6575303720372,-3.601429213872612
-41.65297164546455,-3.5995287009302492
-41.64841291889189,-3.5976289111994886
-41.64385419231923,-3.5957298445157986
-41.63929546574658,-3.593831500714678
-41.63473673917392,-3.5919338796316196
-41.63017801260126,-3.590036981102137
-41.6256192860286,-3.5881408049617387
-41.62106055945595,-3.5862453510459575
-41.61650183288329,-3.5843506191903223
-41.61194310631063,-3.582456609230377
-41.60738437973797,-3.5805633210016747
-41.60282565316532,-3.5786707543397793
-41.59826692659266,-3.5767789090802533
-41.593708200020004,-3.5748877850586824
-41.58914947344735,-3.572997382110655
-41.58459074687469,-3.571107700071764
-41.58003202030203,-3.5692187387776197
-41.575473293729374,-3.567330498063836
-41.57091456715672,-3.5654429777660455
-41.56635584058406,-3.563556177719866
-41.5617971140114,-3.5616700977609503
-41.557238387438744,-3.5597847377249474
-41.55267966086609,-3.5579000974475252
-41.54812093429343,-3.5560161767643406
-41.543562207720775,-3.5541329755110804
-41.539003481148114,-3.5522504935234394
-41.53444475457546,-3.550368730637101
-41.5298860280028,-3.5484876866877775
-41.525327301430146,-3.546607361511187
-41.520768574857485,-3.5447277549430476
-41.51620984828483,-3.542848866819102
-41.51165112171217,-3.5409706969750814
-41.507092395139516,-3.5390932452467467
-41.502533668566855,-3.5372165114698517
-41.4979749419942,-3.5353404954801735
-41.49341621542155,-3.53346519711349
-41.488857488848886,-3.5315906162055817
-41.484298762276225,-3.52971675259225
-41.47974003570357,-3.5278436061093092
-41.47518130913092,-3.525971176592562
-41.470622582558256,-3.5240994638778402
-41.466063855985595,-3.5222284678009737
-41.46150512941294,-3.5203581881978163
-41.45694640284029,-3.5184886249042053
-41.45238767626763,-3.5166197777560084
-41.44782894969497,-3.5147516465890996
-41.44327022312231,-3.5128842312393465
-41.43871149654966,-3.511017531542654
-41.434152769977,-3.509151547334911
-41.42959404340434,-3.50728627845202
-41.42503531683168,-3.505421724729906
-41.42047659025903,-3.5035578860044927
-41.41591786368637,-3.5016947621117063
-41.41135913711371,-3.4998323528875015
-41.40680041054105,-3.4979706581678247
-41.4022416839684,-3.4961096777886396
-41.397682957395745,-3.4942494115859155
-41.393124230823084,-3.4923898593956335
-41.38856550425042,-3.490531021053784
-41.38400677767777,-3.488672896396366
-41.379448051105115,-3.486815485259388
-41.374889324532454,-3.4849587874788623
-41.37033059795979,-3.4831028028908215
-41.36577187138714,-3.4812475313313
-41.361213144814485,-3.4793929726363397
-41.356654418241824,-3.4775391266419913
-41.35209569166917,-3.4756859931843285
-41.34753696509651,-3.473833572099412
-41.342978238523855,-3.471981863223333
-41.338419511951194,-3.470130866392175
-41.33386078537854,-3.4682805814420408
-41.32930205880588,-3.4664310082090433
-41.324743332233226,-3.4645821465292954
-41.320184605660565,-3.4627339962389265
-41.31562587908791,-3.460886557174072
-41.31106715251525,-3.459039829170884
-41.306508425942596,-3.4571938120655132
-41.30194969936994,-3.4553485056941255
-41.29739097279728,-3.453503909892889
-41.29283224622462,-3.4516600244979996
-41.288273519651966,-3.4498168493456416
-41.28371479307931,-3.4479743842720145
-41.27915606650665,-3.446132629113331
-41.27459733993399,-3.444291583705818
-41.270038613361336,-3.4424512478856957
-41.26547988678868,-3.440611621489211
-41.26092116021602,-3.4387727043525995
-41.25636243364337,-3.436934496312137
-41.25180370707071,-3.4350969972040724
-41.24724498049805,-3.433260206864696
-41.24268625392539,-3.43142412513028
-41.23812752735274,-3.4295887518371337
-41.23356880078008,-3.427754086821542
-41.22901007420742,-3.425920129919838
-41.22445134763476,-3.4240868809683285
-41.21989262106211,-3.4222543398033545
-41.21533389448945,-3.4204225062612523
-41.21077516791679,-3.4185913801783787
-41.20621644134414,-3.4167609613910854
-41.20165771477148,-3.414931249735744
-41.19709898819882,-3.4131022450487323
-41.192540261626164,-3.4112739471664444
-41.18798153505351,-3.40944635592527
-41.18342280848085,-3.4076194711616115
-41.17886408190819,-3.4057932927118952
-41.174305355335534,-3.403967820412546
-41.16974662876288,-3.4021430540999913
-41.16518790219022,-3.4003189936106732
-41.160629175617565,-3.398495638781055
-41.156070449044904,-3.3966729894475907
-41.15151172247225,-3.394851045446756
-41.14695299589959,-3.393029806615024
-41.142394269326935,-3.391209272788902
-41.137835542754274,-3.3893894438048684
-41.13327681618162,-3.387570319499452
-41.12871808960896,-3.385751899709158
-41.124159363036306,-3.3839341842705233
-41.119600636463645,-3.3821171730200765
-41.11504190989099,-3.380300865794375
-41.11048318331834,-3.3784852624299684
-41.105924456745676,-3.3766703627634187
-41.101365730173015,-3.3748561666313086
-41.09680700360036,-3.373042673870218
-41.09224827702771,-3.3712298843167443
-41.087689550455046,-3.369417797807487
-41.083130823882385,-3.3676064141790563
-41.07857209730973,-3.3657957332680817
-41.07401337073708,-3.36398575491119
-41.069454644164416,-3.3621764789450186
-41.06489591759176,-3.3603679052062265
-41.0603371910191,-3.358560033531463
-41.05577846444645,-3.3567528637574093
-41.05121973787379,-3.3549463957207317
-41.04666101130113,-3.353140629258128
-41.04210228472847,-3.3513355642062845
-41.03754355815582,-3.3495312004019193
-41.03298483158316,-3.347727537681746
-41.0284261050105,-3.345924575882488
-41.02386737843784,-3.344122314840876
-41.01930865186519,-3.3423207543936644
-41.014749925292534,-3.340519894377599
-41.01019119871987,-3.338719734629449
-41.00563247214721,-3.336920274985983
-41.00107374557456,-3.3351215152839906
-40.996515019001905,-3.333323455360254
-40.99195629242924,-3.3315260950515793
-40.98739756585658,-3.3297294341947774
-40.98283883928393,-3.327933472626669
-40.978280112711275,-3.326138210184085
-40.973721386138614,-3.32434364670386
-40.96916265956596,-3.3225497820228505
-40.9646039329933,-3.3207566159779085
-40.960045206420645,-3.318964148405904
-40.955486479847984,-3.3171723791437127
-40.95092775327533,-3.315381308028224
-40.94636902670267,-3.3135909348963324
-40.941810300130015,-3.3118012595849464
-40.937251573557354,-3.310012281930972
-40.9326928469847,-3.3082240017713533
-40.92813412041204,-3.306436418943002
-40.923575393839386,-3.3046495332828805
-40.91901666726673,-3.302863344627935
-40.91445794069407,-3.301077852815123
-40.90989921412141,-3.299293057681424
-40.905340487548756,-3.2975089590638187
-40.9007817609761,-3.2957255567992982
-40.89622303440344,-3.2939428507248603
-40.89166430783078,-3.29216084067752
-40.887105581258126,-3.2903795264943034
-40.88254685468547,-3.2885989080122298
-40.87798812811281,-3.286818985068337
-40.87342940154016,-3.285039757499683
-40.868870674967496,-3.2832612251433195
-40.86431194839484,-3.2814833878363223
-40.85975322182218,-3.2797062454157606
-40.85519449524953,-3.2779297977187247
-40.85063576867687,-3.276154044582312
-40.84607704210421,-3.2743789858436307
-40.84151831553155,-3.2726046213397906
-40.8369595889589,-3.2708309509079267
-40.83240086238624,-3.2690579743851615
-40.82784213581358,-3.2672856916086515
-40.82328340924093,-3.2655141024155503
-40.81872468266827,-3.2637432066430065
-40.81416595609561,-3.2619730041282113
-40.80960722952295,-3.2602034947083425
-40.8050485029503,-3.2584346782205884
-40.80048977637764,-3.2566665545021536
-40.79593104980498,-3.2548991233902558
-40.79137232323232,-3.2531323847221048
-40.78681359665967,-3.2513663383349436
-40.78225487008701,-3.249600984066005
-40.777696143514355,-3.2478363217525485
-40.773137416941694,-3.246072351231823
-40.76857869036904,-3.244309072341105
-40.76401996379638,-3.2425464849176664
-40.759461237223725,-3.240784588798809
-40.754902510651064,-3.2390233838218214
-40.75034378407841,-3.2372628698240162
-40.74578505750575,-3.2355030466427097
-40.741226330933095,-3.2337439141152298
-40.736667604360434,-3.231985472078912
-40.73210887778778,-3.2302277203711105
-40.72755015121513,-3.2284706588291696
-40.722991424642466,-3.2267142872904655
-40.718432698069805,-3.2249586055923687
-40.71387397149715,-3.223203613572271
-40.7093152449245,-3.2214493110675635
-40.704756518351836,-3.2196956979156472
-40.700197791779175,-3.21794277395394
-40.69563906520652,-3.216190539019874
-40.69108033863387,-3.214438992950875
-40.686521612061206,-3.2126881355843824
-40.68196288548855,-3.2109379667578617
-40.67740415891589,-3.209188486308768
-40.67284543234324,-3.207439694074571
-40.668286705770576,-3.2056915898927643
-40.66372797919792,-3.2039441736008345
-40.65916925262526,-3.2021974450362767
-40.65461052605261,-3.2004514040366163
-40.65005179947995,-3.1987060504393594
-40.64549307290729,-3.1969613840820506
-40.64093434633463,-3.195217404802226
-40.63637561976198,-3.1934741124374337
-40.631816893189324,-3.1917315068252377
-40.62725816661666,-3.189989587803204
-40.622699440044,-3.188248355208914
-40.61814071347135,-3.18650780887996
-40.613581986898694,-3.184767948653942
-40.60902326032603,-3.183028774368463
-40.60446453375337,-3.1812902858611403
-40.59990580718072,-3.179552482969616
-40.595347080608065,-3.177815365531517
-40.5907883540354,-3.176078933384494
-40.58622962746275,-3.1743431863662086
-40.58167090089009,-3.172608124314318
-40.577112174317435,-3.1708737470665134
-40.572553447744774,-3.1691400544604718
-40.56799472117212,-3.167407046333897
-40.56343599459946,-3.16567472252449
-40.558877268026805,-3.1639430828699715
-40.554318541454144,-3.162212127208064
-40.54975981488149,-3.1604818553765086
-40.54520108830883,-3.1587522672130466
-40.540642361736175,-3.1570233625554387
-40.53608363516352,-3.1552951412414467
-40.53152490859086,-3.1535676031088453
-40.5269661820182,-3.1518407479954234
-40.522407455445546,-3.150114575738977
-40.51784872887289,-3.1483890861773016
-40.51329000230023,-3.146664279148224
-40.50873127572757,-3.1449401544895585
-40.504172549154916,-3.1432167120391457
-40.49961382258226,-3.14149395163483
-40.4950550960096,-3.1397718731144635
-40.49049636943695,-3.138050476315911
-40.485937642864286,-3.1363297610770386
-40.48137891629163,-3.1346097272357443
-40.47682018971897,-3.132890374629905
-40.47226146314632,-3.131171703097441
-40.467702736573656,-3.1294537124762507
-40.463144010001,-3.127736402604266
-40.45858528342834,-3.126019773319419
-40.45402655685569,-3.124303824459648
-40.44946783028303,-3.122588555862907
-40.44490910371037,-3.12087396736716
-40.44035037713772,-3.1191600588103805
-40.43579165056506,-3.1174468300305462
-40.4312329239924,-3.1157342808656505
-40.42667419741974,-3.114022411153698
-40.42211547084709,-3.112311220732701
-40.41755674427443,-3.1106007094406785
-40.41299801770177,-3.108890877115662
-40.40843929112911,-3.1071817235956956
-40.40388056455646,-3.1054732487188286
-40.3993218379838,-3.1037654523231226
-40.394763111411145,-3.1020583342466503
-40.39020438483848,-3.1003518943274906
-40.38564565826583,-3.098646132403735
-40.38108693169317,-3.096941048313484
-40.376528205120515,-3.095236641894853
-40.371969478547854,-3.093532912985959
-40.3674107519752,-3.0918298614249307
-40.36285202540254,-3.0901274870499136
-40.358293298829885,-3.0884257896990572
-40.353734572257224,-3.086724769210518
-40.34917584568457,-3.0850244254224726
-40.344617119111916,-3.0833247581731005
-40.340058392539255,-3.081625767300585
-40.335499665966594,-3.07992745264313
-40.33094093939394,-3.0782298140389566
-40.32638221282129,-3.0765328513262706
-40.321823486248626,-3.0748365643433058
-40.317264759675965,-3.073140952928305
-40.31270603310331,-3.071446016919523
-40.30814730653066,-3.0697517561552123
-40.303588579957996,-3.0680581704736425
-40.29902985338534,-3.0663652597131006
-40.29447112681268,-3.064673023711868
-40.28991240024003,-3.0629814623082545
-40.285353673667366,-3.0612905753405615
-40.28079494709471,-3.059600362647114
-40.27623622052205,-3.057910824066241
-40.2716774939494,-3.056221959436286
-40.267118767376736,-3.0545337685955896
-40.26256004080408,-3.052846251382525
-40.25800131423142,-3.0511594076354482
-40.25344258765877,-3.0494732371927524
-40.248883861086114,-3.047787739892821
-40.24432513451345,-3.046102915574049
-40.23976640794079,-3.0444187640748575
-40.23520768136814,-3.0427352852336647
-40.230648954795484,-3.041052478888893
-40.22609022822282,-3.0393703448789893
-40.22153150165016,-3.0376888830423985
-40.21697277507751,-3.0360080932175912
-40.212414048504854,-3.0343279752430297
-40.20785532193219,-3.0326485289571905
-40.20329659535954,-3.0309697541985767
-40.19873786878688,-3.029291650805679
-40.194179142214224,-3.0276142186170105
-40.18962041564156,-3.0259374574710916
-40.18506168906891,-3.024261367206455
-40.18050296249625,-3.022585947661641
-40.175944235923595,-3.020911198675197
-40.171385509350934,-3.019237120085687
-40.16682678277828,-3.0175637117316856
-40.16226805620562,-3.0158909734517643
-40.157709329632965,-3.014218905084523
-40.15315060306031,-3.0125475064685596
-40.14859187648765,-3.010876777442489
-40.14403314991499,-3.0092067178449224
-40.139474423342335,-3.0075373275145054
-40.13491569676968,-3.0058686062898685
-40.13035697019702,-3.0042005540096706
-40.12579824362436,-3.0025331705125655
-40.121239517051706,-3.000866455637236
-40.11668079047905,-2.999200409222358
-40.11212206390639,-2.997535031106619
-40.10756333733374,-2.9958703211287347
-40.103004610761076,-2.994206279127404
-40.09844588418842,-2.9925429049413568
-40.09388715761576,-2.9908801984093194
-40.08932843104311,-2.98921815937005
-40.084769704470446,-2.9875567876622777
-40.08021097789779,-2.985896083124793
-40.07565225132513,-2.984236045596344
-40.07109352475248,-2.9825766749157303
-40.066534798179816,-2.9809179709217406
-40.06197607160716,-2.979259933453178
-40.05741734503451,-2.9776025623488573
-40.05285861846185,-2.9759458574476003
-40.04829989188919,-2.9742898185882445
-40.04374116531653,-2.972634445609633
-40.03918243874388,-2.970979738350619
-40.03462371217122,-2.9693256966500674
-40.03006498559856,-2.9676723203468565
-40.0255062590259,-2.9660196092798707
-40.02094753245325,-2.9643675632880035
-40.01638880588059,-2.9627161822101566
-40.011830079307934,-2.9610654658852584
-40.00727135273527,-2.959415414152219
-40.00271262616262,-2.957766026849984
-39.99815389958996,-2.9561173038174955
-39.993595173017304,-2.954469244893713
-39.98903644644464,-2.9528218499176013
-39.98447771987199,-2.951175118728139
-39.97991899329933,-2.9495290511643115
-39.975360266726675,-2.947883647065121
-39.970801540154014,-2.946238906269566
-39.96624281358136,-2.944594828616671
-39.961684087008706,-2.9429514139454622
-39.957125360436045,-2.9413086620949795
-39.952566633863384,-2.939666572904265
-39.94800790729073,-2.938025146212386
-39.943449180718076,-2.9363843818584106
-39.938890454145415,-2.9347442796814094
-39.934331727572754,-2.9331048395204786
-39.9297730010001,-2.931466061214719
-39.92521427442745,-2.9298279446032405
-39.920655547854786,-2.928190489525157
-39.91609682128213,-2.926553695819605
-39.91153809470947,-2.9249175633257245
-39.90697936813682,-2.9232820918826645
-39.902420641564156,-2.9216472813295873
-39.8978619149915,-2.920013131505668
-39.89330318841884,-2.9183796422500823
-39.88874446184619,-2.9167468134020256
-39.884185735273526,-2.9151146448006964
-39.87962700870087,-2.9134831362853144
-39.87506828212821,-2.9118522876950994
-39.87050955555556,-2.910222098869285
-39.8659508289829,-2.908592569647113
-39.86139210241024,-2.9069636998678408
-39.85683337583758,-2.9053354893707244
-39.85227464926493,-2.9037079379950512
-39.847715922692274,-2.902081045580097
-39.84315719611961,-2.9004548119651576
-39.83859846954695,-2.8988292369895388
-39.8340397429743,-2.897204320492559
-39.829481016401644,-2.895580062313549
-39.82492228982898,-2.8939564622918317
-39.82036356325633,-2.892333520266769
-39.81580483668367,-2.8907112360777023
-39.811246110111014,-2.8890896095640124
-39.80668738353835,-2.8874686405650714
-39.8021286569657,-2.885848328920266
-39.79756993039304,-2.884228674468996
-39.793011203820384,-2.8826096770506755
-39.78845247724772,-2.880991336504718
-39.78389375067507,-2.8793736526705556
-39.77933502410241,-2.877756625387623
-39.774776297529755,-2.8761402544953785
-39.7702175709571,-2.8745245398332813
-39.76565884438444,-2.872909481240795
-39.76110011781178,-2.8712950785574054
-39.756541391239125,-2.8696813316226084
-39.75198266466647,-2.868068240275904
-39.74742393809381,-2.866455804356801
-39.74286521152115,-2.864844023704828
-39.738306484948495,-2.8632328981595156
-39.73374775837584,-2.861622427560407
-39.72918903180318,-2.8600126117470546
-39.72463030523053,-2.8584034505590283
-39.720071578657866,-2.8567949438358964
-39.71551285208521,-2.8551870914172537
-39.71095412551255,-2.8535798931426886
-39.7063953989399,-2.8519733488518093
-39.701836672367236,-2.8503674583842287
-39.69727794579458,-2.8487622215795816
-39.69271921922192,-2.8471576382774986
-39.68816049264927,-2.845553708317636
-39.683601766076606,-2.843950431539642
-39.67904303950395,-2.8423478077831943
-39.6744843129313,-2.840745836887967
-39.66992558635864,-2.8391445186936486
-39.665366859785976,-2.8375438530399415
-39.66080813321332,-2.8359438397665597
-39.65624940664067,-2.8343444787132204
-39.65169068006801,-2.8327457697196565
-39.64713195349535,-2.8311477126256066
-39.64257322692269,-2.8295503072708286
-39.63801450035004,-2.8279535534950826
-39.63345577377738,-2.826357451138141
-39.628897047204724,-2.82476200003979
-39.62433832063206,-2.8231672000398227
-39.61977959405941,-2.821573050978044
-39.61522086748675,-2.8199795526942704
-39.610662140914094,-2.818386705028327
-39.60610341434143,-2.816794507820047
-39.60154468776878,-2.815202960909282
-39.59698596119612,-2.8136120641358864
-39.592427234623464,-2.812021817339732
-39.5878685080508,-2.810432220360691
-39.58330978147815,-2.8088432730386583
-39.578751054905496,-2.8072549752135285
-39.574192328332835,-2.805667326725215
-39.569633601760174,-2.8040803274136343
-39.56507487518752,-2.8024939771187207
-39.560516148614866,-2.800908275680416
-39.555957422042205,-2.7993232229386704
-39.551398695469544,-2.797738818733445
-39.54683996889689,-2.7961550629047154
-39.542281242324236,-2.7945719552924677
-39.537722515751575,-2.7929894957366876
-39.53316378917892,-2.791407684077388
-39.52860506260626,-2.7898265201545804
-39.52404633603361,-2.788246003808294
-39.519487609460946,-2.7866661348785553
-39.51492888288829,-2.7850869132054235
-39.51037015631563,-2.7835083386289505
-39.50581142974298,-2.781930410989206
-39.501252703170316,-2.780353130126266
-39.49669397659766,-2.778776495880221
-39.492135250025,-2.7772005080911737
-39.48757652345235,-2.7756251665992298
-39.48301779687969,-2.7740504712445104
-39.47845907030703,-2.772476421867149
-39.47390034373437,-2.7709030183072856
-39.46934161716172,-2.7693302604050802
-39.46478289058906,-2.767758148000689
-39.4602241640164,-2.766186680934283
-39.45566543744374,-2.7646158590460526
-39.45110671087109,-2.7630456821761964
-39.446547984298434,-2.7614761501649134
-39.44198925772577,-2.759907262852418
-39.43743053115312,-2.7583390200789455
-39.43287180458046,-2.756771421684729
-39.428313078007804,-2.755204467510016
-39.42375435143514,-2.7536381573950646
-39.41919562486249,-2.7520724911801455
-39.41463689828983,-2.7505074687055404
-39.410078171717174,-2.748943089811542
-39.40551944514451,-2.747379354338441
-39.40096071857186,-2.745816262126562
-39.3964019919992,-2.744253813016221
-39.391843265426544,-2.742692006847755
-39.38728453885389,-2.741130843461505
-39.38272581228123,-2.7395703226978245
-39.37816708570857,-2.738010444397084
-39.373608359135915,-2.736451208399659
-39.36904963256326,-2.73489261454593
-39.3644909059906,-2.7333346626762953
-39.35993217941794,-2.731777352631171
-39.355373452845285,-2.730220684250969
-39.35081472627263,-2.728664657376118
-39.34625599969997,-2.7271092718470618
-39.341697273127316,-2.725554527504248
-39.337138546554655,-2.724000424188142
-39.332579819982,-2.722446961739215
-39.32802109340934,-2.720894139997942
-39.32346236683669,-2.71934195880483
-39.318903640264026,-2.7177904180003725
-39.31434491369137,-2.7162395174250915
-39.30978618711871,-2.7146892569195065
-39.30522746054606,-2.7131396363241578
-39.300668733973396,-2.7115906554795917
-39.29611000740074,-2.7100423142263654
-39.29155128082809,-2.70849461240505
-39.28699255425543,-2.7069475498562197
-39.282433827682766,-2.7054011264204676
-39.27787510111011,-2.7038553419383997
-39.27331637453746,-2.7023101962506217
-39.2687576479648,-2.7007656891977496
-39.264198921392136,-2.6992218206204286
-39.25964019481948,-2.6976785903592977
-39.25508146824683,-2.696135998255015
-39.25052274167417,-2.6945940441482374
-39.245964015101514,-2.6930527278796457
-39.24140528852885,-2.691512049289925
-39.2368465619562,-2.689972008219777
-39.23228783538354,-2.688432604509903
-39.227729108810884,-2.686893838001034
-39.22317038223822,-2.685355708533886
-39.21861165566557,-2.6838182159492114
-39.21405292909291,-2.682281360087752
-39.209494202520254,-2.680745140790279
-39.20493547594759,-2.6792095578975568
-39.20037674937494,-2.6776746112503758
-39.195818022802285,-2.676140300689528
-39.191259296229624,-2.6746066260558217
-39.18670056965696,-2.6730735871900677
-39.18214184308431,-2.6715411839330967
-39.177583116511656,-2.670009416125749
-39.173024389938995,-2.668478283608865
-39.168465663366334,-2.6669477862233113
-39.16390693679368,-2.6654179238099602
-39.159348210221026,-2.663888696209689
-39.154789483648365,-2.6623601032633846
-39.15023075707571,-2.660832144811962
-39.14567203050305,-2.6593048206963243
-39.141113303930396,-2.6577781307574018
-39.136554577357735,-2.656252074836126
-39.13199585078508,-2.6547266527734483
-39.12743712421242,-2.6532018644103172
-39.12287839763977,-2.6516777095877124
-39.118319671067106,-2.6501541881466006
-39.11376094449445,-2.648631299927982
-39.10920221792179,-2.647109044772849
-39.10464349134914,-2.6455874225222216
-39.10008476477648,-2.6440664330171124
-39.09552603820382,-2.6425460760985593
-39.09096731163116,-2.6410263516076045
-39.08640858505851,-2.6395072593853097
-39.08184985848585,-2.6379887992727302
-39.07729113191319,-2.6364709711109517
-39.07273240534053,-2.634953774741054
-39.06817367876788,-2.633437210004143
-39.06361495219522,-2.6319212767413243
-39.05905622562256,-2.630405974793716
-39.05449749904991,-2.6288913040024546
-39.04993877247725,-2.6273772642086777
-39.045380045904594,-2.6258638552535394
-39.04082131933193,-2.624351076978204
-39.03626259275928,-2.6228389292238465
-39.03170386618662,-2.621327411831651
-39.027145139613964,-2.6198165246428218
-39.0225864130413,-2.6183062674985536
-39.01802768646865,-2.616796640240078
-39.01346895989599,-2.6152876427086125
-39.008910233323334,-2.613779274745405
-39.00435150675068,-2.61227153619171
-38.99979278017802,-2.610764426888781
-38.99523405360536,-2.6092579466778947
-38.990675327032704,-2.6077520954003366
-38.98611660046005,-2.6062468728974033
-38.98155787388739,-2.6047422790103956
-38.97699914731473,-2.6032383135806314
-38.972440420742075,-2.6017349764494457
-38.96788169416942,-2.6002322674581726
-38.96332296759676,-2.5987301864481624
-38.958764241024106,-2.597228733260775
-38.954205514451445,-2.5957279077373836
-38.94964678787879,-2.5942277097193744
-38.94508806130613,-2.5927281390481327
-38.940529334733476,-2.591229195565073
-38.935970608160815,-2.5897308791116025
-38.93141188158816,-2.5882331895291597
-38.9268531550155,-2.5867361266591717
-38.92229442844285,-2.5852396903430908
-38.917735701870185,-2.5837438804223773
-38.91317697529753,-2.582248696738506
-38.90861824872488,-2.5807541391329516
-38.90405952215222,-2.5792602074472106
-38.899500795579556,-2.5777669015227844
-38.8949420690069,-2.576274221201198
-38.89038334243425,-2.5747821663239687
-38.88582461586159,-2.5732907367326288
-38.881265889288926,-2.5717999322687364
-38.87670716271627,-2.5703097527738508
-38.87214843614362,-2.5688201980895378
-38.86758970957096,-2.5673312680573757
-38.8630309829983,-2.565842962518964
-38.85847225642564,-2.564355281315897
-38.85391352985299,-2.5628682242898013
-38.84935480328033,-2.5613817912822916
-38.844796076707674,-2.559895982135011
-38.84023735013501,-2.558410796689604
-38.83567862356236,-2.5569262347877286
-38.8311198969897,-2.5554422962710612
-38.826561170417044,-2.553958980981274
-38.82200244384438,-2.552476288760062
-38.81744371727173,-2.5509942194491324
-38.812884990699075,-2.5495127728901923
-38.808326264126414,-2.5480319489249714
-38.80376753755375,-2.546551747395203
-38.7992088109811,-2.5450721681426396
-38.794650084408445,-2.5435932110090387
-38.790091357835784,-2.5421148758361616
-38.78553263126312,-2.540637162465797
-38.78097390469047,-2.5391600707397366
-38.776415178117816,-2.537683600499781
-38.771856451545155,-2.536207751587743
-38.7672977249725,-2.5347325238454523
-38.76273899839984,-2.533257917114739
-38.758180271827186,-2.5317839312374604
-38.753621545254525,-2.530310566055462
-38.74906281868187,-2.5288378214106233
-38.74450409210921,-2.527365697144824
-38.739945365536556,-2.5258941930999517
-38.735386638963895,-2.5244233091179127
-38.73082791239124,-2.5229530450406217
-38.72626918581858,-2.5214834007100015
-38.72171045924593,-2.5200143759679934
-38.71715173267327,-2.5185459706565383
-38.71259300610061,-2.5170781846176005
-38.70803427952795,-2.515611017693146
-38.7034755529553,-2.514144469725163
-38.69891682638264,-2.5126785405556387
-38.69435809980998,-2.5112132300265735
-38.68979937323732,-2.509748537979988
-38.68524064666467,-2.5082844642579087
-38.68068192009201,-2.5068210087023695
-38.67612319351935,-2.50535817115542
-38.6715644669467,-2.503895951459121
-38.66700574037404,-2.5024343494555366
-38.66244701380138,-2.500973364986759
-38.65788828722872,-2.4995129978948736
-38.65332956065607,-2.498053248021989
-38.64877083408341,-2.4965941152102156
-38.644212107510754,-2.4951355993016873
-38.63965338093809,-2.4936777001385373
-38.63509465436544,-2.4922204175629163
-38.63053592779278,-2.4907637514169854
-38.625977201220124,-2.4893077015429173
-38.62141847464747,-2.4878522677828934
-38.61685974807481,-2.486397449979102
-38.61230102150215,-2.4849432479737565
-38.607742294929494,-2.4834896616090734
-38.60318356835684,-2.4820366907272793
-38.59862484178418,-2.480584335170608
-38.59406611521152,-2.479132594781317
-38.589507388638864,-2.477681469401665
-38.58494866206621,-2.476230958873926
-38.58038993549355,-2.474781063040381
-38.575831208920896,-2.4733317817433296
-38.571272482348235,-2.4718831148250775
-38.56671375577558,-2.470435062127945
-38.56215502920292,-2.468987623494252
-38.557596302630266,-2.4675407987663505
-38.553037576057605,-2.466094587786581
-38.54847884948495,-2.4646489903973183
-38.54392012291229,-2.4632040064409306
-38.539361396339636,-2.461759635759804
-38.534802669766975,-2.4603158781963357
-38.53024394319432,-2.458872733592934
-38.52568521662167,-2.45743020179202
-38.52112649004901,-2.455988282636023
-38.516567763476345,-2.454546975967382
-38.51200903690369,-2.4531062816285614
-38.50745031033104,-2.4516661994620157
-38.50289158375838,-2.450226729310222
-38.498332857185716,-2.4487878710156723
-38.49377413061306,-2.447349624420862
-38.48921540404041,-2.4459119893683066
-38.48465667746775,-2.4444749657005187
-38.48009795089509,-2.443038553260038
-38.47553922432243,-2.441602751889405
-38.47098049774978,-2.44016756143118
-38.46642177117712,-2.438732981727924
-38.46186304460446,-2.437299012622222
-38.4573043180318,-2.4358656539566574
-38.45274559145915,-2.4344329055738356
-38.44818686488649,-2.433000767316362
-38.443628138313834,-2.4315692390268713
-38.43906941174117,-2.430138320547989
-38.43451068516852,-2.4287080117223683
-38.429951958595865,-2.427278312392659
-38.425393232023204,-2.4258492224015407
-38.42083450545054,-2.4244207415916823
-38.41627577887789,-2.422992869805787
-38.411717052305235,-2.4215656068865568
-38.407158325732574,-2.4201389526766954
-38.40259959915991,-2.418712907018939
-38.39804087258726,-2.4172874697560225
-38.393482146014605,-2.4158626407306962
-38.388923419441944,-2.414438419785718
-38.38436469286929,-2.4130148067638646
-38.37980596629663,-2.4115918015079107
-38.375247239723976,-2.410169403860658
-38.370688513151315,-2.40874761366491
-38.36612978657866,-2.407326430763485
-38.361571060006,-2.405905854999213
-38.357012333433346,-2.404485886214932
-38.352453606860685,-2.403066524253494
-38.34789488028803,-2.401647768957765
-38.34333615371537,-2.4002296201706175
-38.338777427142716,-2.3988120777349344
-38.33421870057006,-2.3973951414936225
-38.3296599739974,-2.395978811289582
-38.32510124742474,-2.3945630869657366
-38.32054252085209,-2.393147968365017
-38.31598379427943,-2.391733455330371
-38.31142506770677,-2.390319547704746
-38.30686634113411,-2.3889062453311154
-38.30230761456146,-2.3874935480524546
-38.2977488879888,-2.386081455711755
-38.29319016141614,-2.3846699681520103
-38.28863143484349,-2.3832590852162396
-38.28407270827083,-2.3818488067474637
-38.27951398169817,-2.3804391325887204
-38.27495525512551,-2.379030062583052
-38.27039652855286,-2.377621596573522
-38.2658378019802,-2.3762137344031964
-38.26127907540754,-2.3748064759151597
-38.25672034883488,-2.3733998209525
-38.25216162226223,-2.371993769358329
-38.24760289568957,-2.3705883209757537
-38.243044169116914,-2.369183475647908
-38.23848544254426,-2.3677792332179273
-38.2339267159716,-2.3663755935289625
-38.22936798939894,-2.3649725564241755
-38.224809262826284,-2.3635701217467413
-38.22025053625363,-2.3621682893398463
-38.21569180968097,-2.3607670590466827
-38.21113308310831,-2.3593664307104603
-38.206574356535654,-2.357966404174401
-38.202015629963,-2.3565669792817334
-38.19745690339034,-2.355168155875697
-38.192898176817685,-2.3537699337995552
-38.188339450245024,-2.3523723128965637
-38.18378072367237,-2.35097529301001
-38.17922199709971,-2.349578873983172
-38.174663270527056,-2.3481830556593604
-38.170104543954395,-2.346787837881879
-38.16554581738174,-2.3453932204940635
-38.16098709080908,-2.343999203339236
-38.156428364236426,-2.3426057862607474
-38.151869637663765,-2.341212969101959
-38.14731091109111,-2.339820751706239
-38.14275218451846,-2.3384291339169727
-38.138193457945796,-2.3370381155775446
-38.133634731373135,-2.335647696531369
-38.12907600480048,-2.3342578766218556
-38.12451727822783,-2.332868655692438
-38.119958551655166,-2.331480033586552
-38.115399825082505,-2.330092010147649
-38.11084109850985,-2.328704585219194
-38.1062823719372,-2.327317758644664
-38.10172364536454,-2.3259315302675363
-38.09716491879188,-2.3245458999313175
-38.09260619221922,-2.323160867479512
-38.08804746564657,-2.3217764327556423
-38.08348873907391,-2.3203925956032427
-38.07893001250125,-2.319009355865858
-38.07437128592859,-2.317626713387041
-38.06981255935594,-2.3162446680103637
-38.06525383278328,-2.3148632195793986
-38.06069510621062,-2.3134823679377434
-38.05613637963796,-2.312102112928997
-38.05157765306531,-2.3107224543967786
-38.047018926492655,-2.3093433921847044
-38.042460199919994,-2.307964926136423
-38.03790147334733,-2.306587056095578
-38.03334274677468,-2.3052097819058326
-38.028784020202025,-2.303833103410857
-38.024225293629364,-2.3024570204543378
-38.0196665670567,-2.3010815328799685
-38.01510784048405,-2.2997066405314617
-38.010549113911395,-2.298332343252533
-38.005990387338734,-2.2969586408869147
-38.00143166076608,-2.295585533278352
-37.99687293419342,-2.294213020270592
-37.992314207620765,-2.2928411017074097
-37.987755481048104,-2.2914697774325763
-37.98319675447545,-2.290099047289889
-37.97863802790279,-2.2887289111231417
-37.974079301330136,-2.287359368776152
-37.969520574757475,-2.2859904200927423
-37.96496184818482,-2.284622064916755
-37.96040312161216,-2.2832543030920305
-37.955844395039506,-2.281887134462435
-37.95128566846685,-2.280520558871837
-37.94672694189419,-2.2791545761641214
-37.94216821532153,-2.2777891861831807
-37.937609488748876,-2.276424388772928
-37.93305076217622,-2.275060183777281
-37.92849203560356,-2.2736965710401655
-37.9239333090309,-2.272333550405525
-37.919374582458246,-2.270971121717318
-37.91481585588559,-2.2696092848195093
-37.91025712931293,-2.268248039556072
-37.90569840274028,-2.2668873857710024
-37.90113967616762,-2.265527323308292
-37.89658094959496,-2.264167852011964
-37.8920222230223,-2.2628089717260416
-37.88746349644965,-2.261450682294556
-37.88290476987699,-2.26009298356156
-37.87834604330433,-2.258735875371113
-37.87378731673167,-2.2573793575672862
-37.86922859015902,-2.256023429994167
-37.86466986358636,-2.254668092495843
-37.8601111370137,-2.2533133449164313
-37.85555241044105,-2.2519591871000446
-37.85099368386839,-2.250605618890818
-37.84643495729573,-2.2492526401328883
-37.841876230723074,-2.247900250670417
-37.83731750415042,-2.2465484503475697
-37.83275877757776,-2.2451972390085215
-37.8282000510051,-2.2438466164974624
-37.823641324432444,-2.2424965826586036
-37.81908259785979,-2.241147137336147
-37.81452387128713,-2.2397982803743264
-37.809965144714475,-2.2384500116173753
-37.805406418141814,-2.237102330909542
-37.80084769156916,-2.2357552380950945
-37.7962889649965,-2.2344087330182996
-37.791730238423845,-2.2330628155234478
-37.787171511851184,-2.2317174854548285
-37.78261278527853,-2.2303727426567583
-37.77805405870587,-2.229028586973551
-37.773495332133216,-2.2276850182495513
-37.768936605560555,-2.226342036329086
-37.7643778789879,-2.2249996410565274
-37.75981915241525,-2.2236578322762344
-37.755260425842586,-2.2223166098325877
-37.750701699269925,-2.220975973569984
-37.74614297269727,-2.219635923332826
-37.74158424612462,-2.2182964589655287
-37.737025519551956,-2.2169575803125166
-37.732466792979295,-2.215619287218232
-37.72790806640664,-2.2142815795271282
-37.72334933983399,-2.2129444570836694
-37.718790613261326,-2.211607919732326
-37.71423188668867,-2.2102719673175892
-37.70967316011601,-2.208936599683959
-37.70511443354336,-2.207601816675942
-37.7005557069707,-2.206267618138068
-37.69599698039804,-2.2049340039148664
-37.69143825382538,-2.2036009738508837
-37.68687952725273,-2.2022685277906877
-37.68232080068007,-2.200936665578839
-37.67776207410741,-2.199605387059925
-37.67320334753475,-2.1982746920785377
-37.6686446209621,-2.196944580479291
-37.664085894389444,-2.1956150521067967
-37.65952716781678,-2.194286106805688
-37.65496844124412,-2.1929577444206076
-37.65040971467147,-2.191629964796208
-37.645850988098815,-2.1903027677771636
-37.641292261526154,-2.1889761532081398
-37.63673353495349,-2.187650120933838
-37.63217480838084,-2.1863246707989568
-37.627616081808185,-2.1849998026482136
-37.623057355235524,-2.183675516326332
-37.61849862866287,-2.1823518116780525
-37.61393990209021,-2.1810286885481216
-37.609381175517555,-2.1797061467813075
-37.604822448944894,-2.1783841862223823
-37.60026372237224,-2.1770628067161306
-37.59570499579958,-2.1757420081073544
-37.591146269226925,-2.1744217902408645
-37.586587542654264,-2.1731021529614805
-37.58202881608161,-2.171783096114037
-37.57747008950895,-2.1704646195433863
-37.572911362936296,-2.1691467230943813
-37.56835263636364,-2.1678294066118955
-37.56379390979098,-2.16651266994081
-37.55923518321832,-2.1651965129260202
-37.554676456645666,-2.163880935412435
-37.55011773007301,-2.1625659372449744
-37.54555900350035,-2.1612515182685637
-37.54100027692769,-2.159937678328148
-37.536441550355036,-2.1586244172686864
-37.53188282378238,-2.1573117349351456
-37.52732409720972,-2.1559996311725
-37.52276537063707,-2.1546881058257434
-37.518206644064406,-2.1533771587398802
-37.51364791749175,-2.1520667897599286
-37.50908919091909,-2.1507569987309108
-37.50453046434644,-2.149447785497868
-37.49997173777378,-2.148139149905853
-37.49541301120112,-2.1468310917999296
-37.49085428462846,-2.145523611025176
-37.48629555805581,-2.1442167074266765
-37.48173683148315,-2.142910380849528
-37.47717810491049,-2.1416046311388546
-37.47261937833784,-2.140299458139773
-37.46806065176518,-2.138994861697416
-37.46350192519252,-2.1376908416569376
-37.45894319861986,-2.1363873978634995
-37.45438447204721,-2.1350845301622727
-37.44982574547455,-2.1337822383984393
-37.44526701890189,-2.1324805224172017
-37.440708292329234,-2.1311793820637663
-37.43614956575658,-2.1298788171833576
-37.43159083918392,-2.1285788276212028
-37.427032112611265,-2.127279413222552
-37.422473386038604,-2.1259805738326616
-37.41791465946595,-2.1246823092968055
-37.41335593289329,-2.1233846194602597
-37.408797206320635,-2.122087504168325
-37.404238479747974,-2.1207909632663022
-37.39967975317532,-2.1194949965995127
-37.39512102660266,-2.1181996040132844
-37.390562300030005,-2.116904785352967
-37.386003573457344,-2.11561054046391
-37.38144484688469,-2.1143168691914838
-37.37688612031204,-2.113023771381066
-37.372327393739376,-2.1117312468780454
-37.367768667166715,-2.110439295527831
-37.36320994059406,-2.109147917175839
-37.35865121402141,-2.1078571116674962
-37.354092487448746,-2.1065668788482403
-37.349533760876085,-2.105277218563529
-37.34497503430343,-2.1039881306588235
-37.34041630773078,-2.1026996149796053
-37.335857581158116,-2.101411671371355
-37.33129885458546,-2.1001242996795852
-37.3267401280128,-2.098837499749803
-37.32218140144015,-2.0975512714275375
-37.317622674867486,-2.096265614558322
-37.31306394829483,-2.0949805289877106
-37.30850522172217,-2.0936960145612677
-37.30394649514952,-2.09241207112457
-37.29938776857686,-2.0911286985231965
-37.2948290420042,-2.0898458966027524
-37.29027031543154,-2.088563665208848
-37.28571158885889,-2.087282004187109
-37.281152862286234,-2.086000913383171
-37.27659413571357,-2.084720392642679
-37.27203540914091,-2.0834404418112977
-37.26747668256826,-2.0821610607347028
-37.262917955995604,-2.0808822492585715
-37.25835922942294,-2.079604007228607
-37.25380050285028,-2.0783263344905167
-37.24924177627763,-2.077049230890026
-37.244683049704975,-2.0757726962728698
-37.240124323132314,-2.0744967304847886
-37.23556559655966,-2.073221333371549
-37.231006869987,-2.0719465047789143
-37.226448143414345,-2.070672244552676
-37.221889416841684,-2.069398552538625
-37.21733069026903,-2.06812542858257
-37.21277196369637,-2.066852872530335
-37.208213237123715,-2.065580884227747
-37.203654510551054,-2.0643094635206567
-37.1990957839784,-2.063038610254922
-37.19453705740574,-2.0617683242764073
-37.189978330833085,-2.0604986054309995
-37.18541960426043,-2.059229453564591
-37.18086087768777,-2.0579608685230864
-37.17630215111511,-2.0566928501524075
-37.171743424542456,-2.0554253982984916
-37.1671846979698,-2.0541585128072737
-37.16262597139714,-2.052892193524712
-37.15806724482448,-2.051626440296775
-37.153508518251826,-2.0503612529694473
-37.14894979167917,-2.049096631388719
-37.14439106510651,-2.0478325754005975
-37.13983233853386,-2.0465690848510976
-37.135273611961196,-2.0453061595862536
-37.13071488538854,-2.044043799452106
-37.12615615881588,-2.042782004294707
-37.12159743224323,-2.0415207739601344
-37.117038705670566,-2.040260108294456
-37.11247997909791,-2.039000007143774
-37.10792125252525,-2.0377404703541826
-37.1033625259526,-2.0364814977718098
-37.09880379937994,-2.035223089242779
-37.09424507280728,-2.033965244613233
-37.08968634623463,-2.0327079637293264
-37.08512761966197,-2.031451246437225
-37.08056889308931,-2.0301950925831105
-37.07601016651665,-2.028939502013171
-37.071451439944,-2.0276844745736136
-37.06689271337134,-2.026430010110652
-37.06233398679868,-2.0251761084705175
-37.05777526022602,-2.023922769499447
-37.05321653365337,-2.0226699930437038
-37.04865780708071,-2.0214177789495418
-37.044099080508055,-2.0201661270632503
-37.039540353935394,-2.01891503723111
-37.03498162736274,-2.017664509299435
-37.03042290079008,-2.0164145431145313
-37.025864174217425,-2.0151651385227347
-37.021305447644764,-2.013916295370383
-37.01674672107211,-2.012668013503831
-37.01218799449945,-2.0114202927694396
-37.007629267926795,-2.010173133013596
-37.003070541354134,-2.008926534082682
-36.99851181478148,-2.007680495823105
-36.993953088208826,-2.006435018081284
-36.989394361636165,-2.0051901007036377
-36.984835635063504,-2.0039457435366126
-36.98027690849085,-2.0027019464266664
-36.9757181819182,-2.0014587092202567
-36.971159455345536,-2.0002160317638618
-36.966600728772875,-1.998973913903979
-36.96204200220022,-1.9977323554871094
-36.95748327562757,-1.9964913563597648
-36.952924549054906,-1.995250916368473
-36.94836582248225,-1.994011035359783
-36.94380709590959,-1.992771713180239
-36.93924836933694,-1.991532949676413
-36.934689642764276,-1.9902947446948753
-36.93013091619162,-1.9890570980822246
-36.92557218961896,-1.98782000968506
-36.92101346304631,-1.9865834793500021
-36.916454736473646,-1.9853475069236717
-36.91189600990099,-1.9841120922527158
-36.90733728332833,-1.982877235183785
-36.90277855675568,-1.9816429355635474
-36.898219830183024,-1.9804091932386816
-36.89366110361036,-1.9791760080558745
-36.8891023770377,-1.9779433798618342
-36.88454365046505,-1.9767113085032795
-36.879984923892394,-1.9754797938269315
-36.87542619731973,-1.9742488356795347
-36.87086747074707,-1.973018433907846
-36.86630874417442,-1.9717885883586312
-36.861750017601764,-1.970559298878669
-36.8571912910291,-1.969330565314747
-36.85263256445645,-1.9681023875136774
-36.84807383788379,-1.9668747653222698
-36.843515111311135,-1.9656476985873559
-36.838956384738474,-1.9644211871557788
-36.83439765816582,-1.963195230874396
-36.82983893159316,-1.9619698295900723
-36.825280205020505,-1.9607449831496826
-36.820721478447844,-1.9595206914001273
-36.81616275187519,-1.9582969541883104
-36.81160402530253,-1.9570737713611464
-36.807045298729875,-1.955851142765567
-36.80248657215722,-1.9546290682485161
-36.79792784558456,-1.953407547656946
-36.7933691190119,-1.9521865808378298
-36.788810392439245,-1.950966167638147
-36.78425166586659,-1.9497463079048913
-36.77969293929393,-1.9485270014850662
-36.77513421272127,-1.9473082482256947
-36.770575486148616,-1.946090047973808
-36.76601675957596,-1.9448724005764475
-36.7614580330033,-1.9436553058806738
-36.75689930643065,-1.9424387637335525
-36.752340579857986,-1.9412227739821684
-36.74778185328533,-1.9400073364736157
-36.74322312671267,-1.9387924510549999
-36.73866440014002,-1.9375781175734443
-36.734105673567356,-1.9363643358760818
-36.7295469469947,-1.9351511058100577
-36.72498822042204,-1.93393842722253
-36.72042949384939,-1.9327262999606714
-36.715870767276726,-1.93151472387166
-36.71131204070407,-1.930303698802697
-36.70675331413142,-1.9290932246009926
-36.70219458755876,-1.9278833011137635
-36.6976358609861,-1.9266739281882492
-36.69307713441344,-1.9254651056716967
-36.68851840784079,-1.9242568334113628
-36.68395968126813,-1.9230491112545212
-36.67940095469547,-1.9218419390484556
-36.67484222812281,-1.9206353166404724
-36.67028350155016,-1.919429243877877
-36.6657247749775,-1.9182237206079882
-36.661166048404844,-1.9170187466781488
-36.65660732183218,-1.915814321935706
-36.65204859525953,-1.9146104462280238
-36.64748986868687,-1.9134071194024715
-36.642931142114215,-1.9122043413064422
-36.63837241554155,-1.9110021117873321
-36.6338136889689,-1.9098004306925562
-36.62925496239624,-1.9085992978695376
-36.624696235823585,-1.9073987131657195
-36.620137509250924,-1.9061986764285472
-36.61557878267827,-1.9049991875054912
-36.611020056105616,-1.9038002462440233
-36.606461329532955,-1.9026018524916335
-36.601902602960294,-1.9014040060958266
-36.59734387638764,-1.9002067069041177
-36.592785149814986,-1.8990099547640318
-36.588226423242325,-1.89781374952311
-36.583667696669664,-1.8966180910289072
-36.57910897009701,-1.8954229791289892
-36.57455024352436,-1.8942284136709386
-36.569991516951696,-1.8930343945023391
-36.56543279037904,-1.8918409214708038
-36.56087406380638,-1.8906479944239456
-36.55631533723373,-1.8894556132093963
-36.551756610661066,-1.8882637776747988
-36.54719788408841,-1.8870724876678124
-36.54263915751575,-1.8858817430360988
-36.5380804309431,-1.8846915436273464
-36.533521704370436,-1.883501889289243
-36.52896297779778,-1.8823127798695058
-36.52440425122512,-1.881124215215845
-36.51984552465247,-1.879936195176001
-36.51528679807981,-1.8787487195977162
-36.51072807150715,-1.877561788328747
-36.50616934493449,-1.8763754012168692
-36.50161061836184,-1.8751895581098696
-36.497051891789184,-1.8740042588555392
-36.49249316521652,-1.8728195033016914
-36.48793443864386,-1.8716352912961498
-36.48337571207121,-1.87045162268675
-36.478816985498554,-1.8692684973213403
-36.47425825892589,-1.8680859150477833
-36.46969953235324,-1.8669038757139538
-36.46514080578058,-1.865722379167736
-36.460582079207924,-1.8645414252570383
-36.45602335263526,-1.8633610138297636
-36.45146462606261,-1.862181144733848
-36.44690589948995,-1.861001817817222
-36.442347172917295,-1.8598230329278451
-36.43778844634463,-1.8586447899136769
-36.43322971977198,-1.8574670886227003
-36.42867099319932,-1.8562899289029013
-36.424112266626665,-1.8551133106022883
-36.41955354005401,-1.8539372335688733
-36.41499481348135,-1.8527616976506869
-36.41043608690869,-1.8515867026957733
-36.405877360336035,-1.8504122485521883
-36.40131863376338,-1.8492383350680033
-36.39675990719072,-1.8480649620912901
-36.39220118061806,-1.8468921294701504
-36.387642454045405,-1.8457198370526924
-36.38308372747275,-1.8445480846870337
-36.37852500090009,-1.8433768722213064
-36.37396627432744,-1.842206199503658
-36.369407547754776,-1.841036066382247
-36.36484882118212,-1.8398664727052496
-36.36029009460946,-1.8386974183208444
-36.35573136803681,-1.8375289030772317
-36.351172641464146,-1.8363609268226262
-36.34661391489149,-1.8351934894052488
-36.34205518831883,-1.8340265906733355
-36.33749646174618,-1.8328602304751407
-36.332937735173516,-1.8316944086589217
-36.32837900860086,-1.8305291250729583
-36.32382028202821,-1.8293643795655412
-36.31926155545555,-1.8282001719849648
-36.314702828882886,-1.8270365021795512
-36.31014410231023,-1.8258733699976286
-36.30558537573758,-1.824710775287534
-36.30102664916492,-1.8235487178976226
-36.29646792259226,-1.82238719767626
-36.2919091960196,-1.8212262144718327
-36.28735046944695,-1.8200657681327324
-36.28279174287429,-1.818905858507356
-36.278233016301634,-1.8177464854441336
-36.27367428972897,-1.8165876487914911
-36.26911556315632,-1.815429348397877
-36.26455683658366,-1.8142715841117498
-36.259998110011004,-1.8131143557815819
-36.25543938343834,-1.8119576632558523
-36.25088065686569,-1.810801506383064
-36.24632193029303,-1.8096458850117223
-36.241763203720375,-1.8084907989903583
-36.23720447714771,-1.8073362481675028
-36.23264575057506,-1.806182232391709
-36.228087024002406,-1.80502875151154
-36.223528297429745,-1.8038758053755675
-36.218969570857084,-1.8027233938323834
-36.21441084428443,-1.801571516730589
-36.209852117711776,-1.8004201739188035
-36.205293391139115,-1.799269365245651
-36.200734664566454,-1.7981190905597726
-36.1961759379938,-1.7969693497098256
-36.191617211421146,-1.795820142544479
-36.187058484848485,-1.7946714689124081
-36.18249975827583,-1.7935233286623113
-36.17794103170317,-1.7923757216428924
-36.17338230513052,-1.791228647702876
-36.168823578557856,-1.7900821066909895
-36.1642648519852,-1.7889360984559861
-36.15970612541254,-1.7877906228466172
-36.15514739883989,-1.7866456797116648
-36.150588672267226,-1.7855012688999048
-36.14602994569457,-1.7843573902601464
-36.14147121912191,-1.7832140436411925
-36.13691249254926,-1.7820712288918754
-36.1323537659766,-1.7809289458610302
-36.12779503940394,-1.779787194397507
-36.12323631283128,-1.778645974350172
-36.11867758625863,-1.7775052855679048
-36.11411885968597,-1.7763651278995956
-36.10956013311331,-1.7752255011941471
-36.10500140654065,-1.7740864053004755
-36.100442679968,-1.7729478400675172
-36.095883953395344,-1.7718098053442102
-36.09132522682268,-1.770672300979512
-36.08676650025003,-1.769535326822399
-36.08220777367737,-1.7683988827218446
-36.077649047104714,-1.767262968526854
-36.07309032053205,-1.7661275840864288
-36.0685315939594,-1.7649927292496017
-36.06397286738674,-1.7638584038654017
-36.059414140814084,-1.762724607782879
-36.05485541424142,-1.7615913408510975
-36.05029668766877,-1.7604586029191338
-36.04573796109611,-1.7593263938360757
-36.041179234523455,-1.7581947134510219
-36.0366205079508,-1.7570635616130965
-36.03206178137814,-1.7559329381714184
-36.02750305480548,-1.754802842975138
-36.022944328232825,-1.7536732758734053
-36.01838560166017,-1.7525442367153916
-36.01382687508751,-1.7514157253502751
-36.00926814851485,-1.7502877416272526
-36.004709421942195,-1.7491602853955346
-36.00015069536954,-1.748033356504339
-35.99559196879688,-1.7469069548029004
-35.991033242224226,-1.7457810801404703
-35.986474515651565,-1.744655732366306
-35.98191578907891,-1.743530911329684
-35.97735706250625,-1.7424066168798913
-35.9727983359336,-1.741282848866229
-35.968239609360936,-1.740159607138011
-35.96368088278828,-1.7390368915445669
-35.95912215621562,-1.7379147019352343
-35.95456342964297,-1.7367930381593735
-35.950004703070306,-1.7356719000663439
-35.94544597649765,-1.734551287505531
-35.940887249925,-1.7334312003263284
-35.93632852335234,-1.7323116383781438
-35.931769796779676,-1.7311926015103951
-35.92721107020702,-1.7300740895725197
-35.92265234363437,-1.7289561024139664
-35.91809361706171,-1.727838639884189
-35.913534890489046,-1.726721701832667
-35.90897616391639,-1.7256052881088866
-35.90441743734374,-1.7244893985623506
-35.89985871077108,-1.723374033042565
-35.895299984198424,-1.7222591913990657
-35.89074125762576,-1.7211448734813897
-35.88618253105311,-1.7200310791390934
-35.88162380448045,-1.7189178082217402
-35.877065077907794,-1.7178050605789155
-35.87250635133513,-1.7166928360602065
-35.86794762476248,-1.715581134515229
-35.86338889818982,-1.714469955793598
-35.858830171617164,-1.7133592997449512
-35.8542714450445,-1.7122491662189296
-35.84971271847185,-1.7111395550652027
-35.845153991899195,-1.710030466133441
-35.840595265326535,-1.7089218992733304
-35.83603653875387,-1.7078138543345744
-35.83147781218122,-1.7067063311668882
-35.826919085608566,-1.7055993296199958
-35.822360359035905,-1.7044928495436422
-35.817801632463244,-1.703386890787578
-35.81324290589059,-1.7022814532015758
-35.808684179317936,-1.7011765366354197
-35.804125452745275,-1.7000721409388928
-35.79956672617262,-1.6989682659618142
-35.79500799959996,-1.6978649115539992
-35.790449273027306,-1.696762077565289
-35.785890546454645,-1.6956597638455257
-35.78133181988199,-1.6945579702445772
-35.77677309330933,-1.6934566966123128
-35.77221436673668,-1.6923559427986263
-35.767655640164016,-1.6912557086534201
-35.76309691359136,-1.6901559940266062
-35.7585381870187,-1.689056798768115
-35.75397946044605,-1.687958122727893
-35.74942073387339,-1.68685996575589
-35.74486200730073,-1.6857623277020797
-35.74030328072807,-1.684665208416442
-35.73574455415542,-1.6835686077489782
-35.73118582758276,-1.6824725255496933
-35.7266271010101,-1.6813769616686138
-35.72206837443744,-1.6802819159557738
-35.71750964786479,-1.679187388261228
-35.71295092129213,-1.6780933784350387
-35.70839219471947,-1.6769998863272795
-35.70383346814682,-1.6759069117880456
-35.69927474157416,-1.674814454667436
-35.694716015001504,-1.6737225148155783
-35.69015728842884,-1.6726310920825915
-35.68559856185619,-1.671540186318629
-35.68103983528353,-1.6704497973738477
-35.676481108710874,-1.6693599250984197
-35.67192238213821,-1.6682705693425273
-35.66736365556556,-1.6671817299563696
-35.6628049289929,-1.6660934067901614
-35.658246202420244,-1.6650055996941282
-35.65368747584759,-1.6639183085185107
-35.64912874927493,-1.6628315331135586
-35.64457002270227,-1.6617452733295386
-35.640011296129614,-1.6606595290167336
-35.63545256955696,-1.659574300025439
-35.6308938429843,-1.6584895862059545
-35.62633511641164,-1.6574053874086045
-35.621776389838985,-1.656321703483726
-35.61721766326633,-1.6552385342816656
-35.61265893669367,-1.6541558796527822
-35.608100210121016,-1.6530737394474537
-35.603541483548355,-1.6519921135160622
-35.5989827569757,-1.6509110017090205
-35.59442403040304,-1.6498304038767375
-35.589865303830386,-1.6487503198696427
-35.585306577257725,-1.6476707495381766
-35.58074785068507,-1.6465916927328041
-35.57618912411241,-1.6455131493039863
-35.57163039753976,-1.6444351191022128
-35.567071670967096,-1.6433576019779754
-35.56251294439444,-1.642280597781789
-35.55795421782179,-1.6412041063641785
-35.55339549124913,-1.6401281275756772
-35.548836764676466,-1.6390526612668386
-35.54427803810381,-1.6379777072882342
-35.53971931153116,-1.636903265490437
-35.5351605849585,-1.635829335724038
-35.530601858385836,-1.634755917839646
-35.52604313181318,-1.6336830116878822
-35.52148440524053,-1.6326106171193757
-35.51692567866787,-1.6315387339847762
-35.51236695209521,-1.6304673621347454
-35.50780822552255,-1.6293965014199556
-35.5032494989499,-1.6283261516910965
-35.49869077237724,-1.6272563127988664
-35.494132045804584,-1.626186984593986
-35.48957331923192,-1.6251181669271773
-35.48501459265927,-1.6240498596491895
-35.48045586608661,-1.622982062610775
-35.475897139513954,-1.6219147756627037
-35.47133841294129,-1.62084799865576
-35.46677968636864,-1.6197817314407434
-35.462220959795985,-1.6187159738684607
-35.457662233223324,-1.6176507257897388
-35.45310350665066,-1.616585987055416
-35.44854478007801,-1.6155217575163463
-35.443986053505355,-1.6144580370233927
-35.439427326932694,-1.6133948254274324
-35.43486860036003,-1.6123321225793632
-35.43030987378738,-1.6112699283300906
-35.425751147214726,-1.6102082425305344
-35.421192420642065,-1.6091470650316284
-35.41663369406941,-1.6080863956843212
-35.41207496749675,-1.6070262343395736
-35.407516240924096,-1.605966580848363
-35.402957514351435,-1.6049074350616777
-35.39839878777878,-1.6038487968305166
-35.39384006120612,-1.6027906660059021
-35.389281334633466,-1.6017330424388632
-35.384722608060805,-1.6006759259804433
-35.38016388148815,-1.5996193164817
-35.37560515491549,-1.5985632137937027
-35.37104642834284,-1.5975076177675411
-35.36648770177018,-1.5964525282543136
-35.36192897519752,-1.595397945105129
-35.35737024862486,-1.5943438681711146
-35.35281152205221,-1.5932902973034158
-35.34825279547955,-1.592237232353184
-35.34369406890689,-1.5911846731715829
-35.33913534233423,-1.5901326196097982
-35.33457661576158,-1.5890810715190282
-35.33001788918892,-1.5880300287504798
-35.32545916261626,-1.5869794911553718
-35.32090043604361,-1.5859294585849473
-35.31634170947095,-1.5848799308904524
-35.31178298289829,-1.5838309079231558
-35.30722425632563,-1.5827823895343298
-35.30266552975298,-1.5817343755752733
-35.29810680318032,-1.580686865897286
-35.293548076607664,-1.579639860351692
-35.288989350035,-1.5785933587898204
-35.28443062346235,-1.577547361063026
-35.27987189688969,-1.5765018670226618
-35.275313170317034,-1.5754568765201074
-35.27075444374438,-1.5744123894067525
-35.26619571717172,-1.5733684055339945
-35.26163699059906,-1.5723249247532534
-35.257078264026404,-1.5712819469159591
-35.25251953745375,-1.5702394718735568
-35.24796081088109,-1.5691974994775026
-35.24340208430843,-1.5681560295792687
-35.238843357735774,-1.5671150620303418
-35.23428463116312,-1.5660745966822225
-35.22972590459046,-1.565034633386421
-35.225167178017806,-1.5639951719944667
-35.220608451445145,-1.5629562123579026
-35.21604972487249,-1.5619177543282783
-35.21149099829983,-1.5608797977571682
-35.206932271727176,-1.5598423424961536
-35.202373545154515,-1.5588053883968276
-35.19781481858186,-1.5577689353108073
-35.1932560920092,-1.5567329830897119
-35.188697365436546,-1.5556975315851824
-35.184138638863885,-1.5546625806488703
-35.17957991229123,-1.5536281301324402
-35.17502118571858,-1.552594179887577
-35.17046245914592,-1.5515607297659684
-35.165903732573256,-1.5505277796193238
-35.1613450060006,-1.549495329299372
-35.15678627942795,-1.54846337865784
-35.15222755285529,-1.5474319275464843
-35.147668826282626,-1.5464009758170605
-35.14311009970997,-1.5453705233213555
-35.13855137313732,-1.5443405699111545
-35.13399264656466,-1.5433111154382628
-35.129433919992,-1.5422821597545049
-35.12487519341934,-1.5412537027117084
-35.12031646684669,-1.540225744161724
-35.11575774027403,-1.539198283956411
-35.11119901370137,-1.5381713219476474
-35.10664028712871,-1.5371448579873188
-35.10208156055606,-1.5361188919273314
-35.0975228339834,-1.5350934236195994
-35.092964107410744,-1.5340684529160564
-35.08840538083808,-1.5330439796686441
-35.08384665426543,-1.5320200037293266
-35.079287927692775,-1.5309965249500752
-35.074729201120114,-1.5299735431828712
-35.07017047454745,-1.5289510582797226
-35.0656117479748,-1.527929070092646
-35.061053021402145,-1.5269075784736603
-35.056494294829484,-1.5258865832748176
-35.05193556825682,-1.5248660843481696
-35.04737684168417,-1.5238460815457937
-35.042818115111515,-1.5228265747197682
-35.038259388538854,-1.5218075637221948
-35.0337006619662,-1.5207890484051863
-35.02914193539354,-1.5197710286208692
-35.024583208820886,-1.5187535042213864
-35.020024482248225,-1.5177364750588902
-35.01546575567557,-1.5167199409855527
-35.01090702910291,-1.515703901853556
-35.006348302530256,-1.5146883575150973
-35.001789575957595,-1.513673307822387
-34.99723084938494,-1.5126587526276518
-34.99267212281228,-1.5116446917831299
-34.988113396239626,-1.5106311251410767
-34.98355466966697,-1.509618052553756
-34.97899594309431,-1.5086054738734525
-34.97443721652165,-1.5075933889524604
-34.969878489949,-1.5065817976430915
-34.96531976337634,-1.505570699797667
-34.96076103680368,-1.5045600952685247
-34.95620231023102,-1.5035499839080186
-34.95164358365837,-1.502540365568515
-34.94708485708571,-1.5015312401023904
-34.94252613051305,-1.5005226073620423
-34.9379674039404,-1.4995144671998797
-34.93340867736774,-1.498506819468321
-34.92884995079508,-1.4974996640198048
-34.92429122422242,-1.4964930007067818
-34.91973249764977,-1.4954868293817174
-34.91517377107711,-1.4944811498970914
-34.91061504450445,-1.4934759621053928
-34.90605631793179,-1.4924712658591321
-34.90149759135914,-1.4914670610108303
-34.89693886478648,-1.4904633474130204
-34.892380138213824,-1.489460124918252
-34.88782141164117,-1.4884573933790934
-34.88326268506851,-1.487455152648115
-34.87870395849585,-1.486453402577914
-34.874145231923194,-1.4854521430210947
-34.86958650535054,-1.4844513738302787
-34.86502777877788,-1.4834510948580955
-34.86046905220522,-1.4824513059572009
-34.855910325632564,-1.4814520069802528
-34.85135159905991,-1.48045319777993
-34.84679287248725,-1.4794548782089179
-34.842234145914595,-1.4784570481199317
-34.837675419341934,-1.4774597073656814
-34.83311669276928,-1.476462855798907
-34.82855796619662,-1.4754664932723511
-34.823999239623966,-1.4744706196387791
-34.819440513051305,-1.4734752347509634
-34.81488178647865,-1.4724803384616998
-34.81032305990599,-1.471485930623787
-34.805764333333336,-1.4704920110900501
-34.801205606760675,-1.4694985797133127
-34.79664688018802,-1.4685056363464304
-34.79208815361537,-1.4675131808422626
-34.787529427042706,-1.4665212130536804
-34.782970700470045,-1.4655297328335737
-34.77841197389739,-1.4645387400348548
-34.77385324732474,-1.463548234510436
-34.76929452075208,-1.4625582161132484
-34.764735794179416,-1.4615686846962388
-34.76017706760676,-1.4605796401123714
-34.75561834103411,-1.4595910822146179
-34.75105961446145,-1.458603010855969
-34.74650088788879,-1.4576154258894287
-34.74194216131613,-1.4566283271680145
-34.73738343474348,-1.4556417145447602
-34.73282470817082,-1.4546555878727068
-34.72826598159816,-1.4536699470049197
-34.7237072550255,-1.4526847917944696
-34.71914852845285,-1.451700122094453
-34.71458980188019,-1.4507159377579661
-34.71003107530753,-1.4497322386381313
-34.70547234873487,-1.448749024588076
-34.70091362216222,-1.4477662954609505
-34.696354895589565,-1.4467840511099153
-34.691796169016904,-1.4458022913881403
-34.68723744244424,-1.4448210161488175
-34.68267871587159,-1.443840225245155
-34.678119989298935,-1.4428599185303648
-34.673561262726274,-1.4418800958576776
-34.66900253615361,-1.4409007570803443
-34.66444380958096,-1.439921902051626
-34.659885083008305,-1.4389435306247935
-34.655326356435644,-1.4379656426531349
-34.65076762986299,-1.4369882379899623
-34.64620890329033,-1.4360113164885864
-34.641650176717675,-1.4350348780023419
-34.637091450145014,-1.4340589223845712
-34.63253272357236,-1.4330834494886444
-34.6279739969997,-1.432108459167926
-34.623415270427046,-1.4311339512758154
-34.618856543854385,-1.430159925665709
-34.61429781728173,-1.4291863821910293
-34.60973909070907,-1.4282133207052077
-34.605180364136416,-1.4272407410616912
-34.60062163756376,-1.426268643113943
-34.5960629109911,-1.425297026715436
-34.59150418441844,-1.4243258917196577
-34.586945457845786,-1.4233552379801229
-34.58238673127313,-1.4223850653503405
-34.57782800470047,-1.421415373683847
-34.57326927812781,-1.4204461628341911
-34.56871055155516,-1.4194774326549366
-34.5641518249825,-1.4185091829996557
-34.55959309840984,-1.4175414137219402
-34.55503437183719,-1.4165741246753982
-34.55047564526453,-1.4156073157136428
-34.54591691869187,-1.4146409866903167
-34.54135819211921,-1.413675137459064
-34.53679946554656,-1.412709767873547
-34.5322407389739,-1.4117448777874424
-34.52768201240124,-1.4107804670544462
-34.52312328582858,-1.4098165355282581
-34.51856455925593,-1.4088530830626056
-34.51400583268327,-1.407890109511217
-34.50944710611061,-1.4069276147278476
-34.50488837953796,-1.4059655985662576
-34.5003296529653,-1.4050040608802246
-34.49577092639264,-1.4040430015235457
-34.491212199819984,-1.403082420350025
-34.48665347324733,-1.4021223172134842
-34.48209474667467,-1.401162691967758
-34.47753602010201,-1.4002035444667005
-34.472977293529354,-1.3992448745641761
-34.4684185669567,-1.3982866821140634
-34.46385984038404,-1.3973289669702544
-34.459301113811385,-1.3963717289866615
-34.454742387238724,-1.3954149680172039
-34.45018366066607,-1.3944586839158213
-34.44562493409341,-1.3935028765364654
-34.441066207520755,-1.392547545733103
-34.436507480948094,-1.391592691359712
-34.43194875437544,-1.3906383132702917
-34.42739002780278,-1.3896844113188498
-34.422831301230126,-1.3887309853594114
-34.418272574657465,-1.387778035246016
-34.41371384808481,-1.386825560832716
-34.40915512151216,-1.3858735619735796
-34.404596394939496,-1.3849220385226886
-34.400037668366835,-1.3839709903341388
-34.39547894179418,-1.383020417262046
-34.39092021522153,-1.3820703191605335
-34.386361488648866,-1.3811206958837414
-34.381802762076205,-1.380171547285825
-34.37724403550355,-1.379222873220955
-34.3726853089309,-1.3782746735433182
-34.36812658235824,-1.377326948107106
-34.36356785578558,-1.3763796967665358
-34.35900912921292,-1.3754329193758377
-34.35445040264027,-1.3744866157892515
-34.34989167606761,-1.3735407858610338
-34.34533294949495,-1.3725954294454563
-34.34077422292229,-1.3716505463968065
-34.33621549634964,-1.3707061365693862
-34.33165676977698,-1.369762199817505
-34.32709804320432,-1.3688187359954989
-34.32253931663166,-1.3678757449577081
-34.31798059005901,-1.366933226558496
-34.313421863486354,-1.3659911806522318
-34.30886313691369,-1.3650496070933071
-34.30430441034103,-1.3641085057361189
-34.29974568376838,-1.3631678764350943
-34.295186957195725,-1.3622277190446592
-34.290628230623064,-1.3612880334192559
-34.2860695040504,-1.3603488194133522
-34.28151077747775,-1.359410076881423
-34.276952050905095,-1.358471805677961
-34.272393324332434,-1.3575340056574632
-34.26783459775978,-1.3565966766744582
-34.26327587118712,-1.3556598185834738
-34.258717144614465,-1.3547234312390637
-34.254158418041804,-1.3537875144957885
-34.24959969146915,-1.3528520682082277
-34.24504096489649,-1.3519170922309742
-34.240482238323835,-1.3509825864186362
-34.235923511751174,-1.350048550625832
-34.23136478517852,-1.349114984707205
-34.22680605860586,-1.3481818885174026
-34.222247332033206,-1.3472492619110898
-34.21768860546055,-1.3463171047429527
-34.21312987888789,-1.3453854168676795
-34.20857115231523,-1.3444541981399858
-34.204012425742576,-1.3435234484145955
-34.19945369916992,-1.342593167546248
-34.19489497259726,-1.341663355389697
-34.1903362460246,-1.3407340117997102
-34.185777519451946,-1.339805136631074
-34.18121879287929,-1.3388767297385868
-34.17666006630663,-1.3379487909770589
-34.17210133973398,-1.3370213202013206
-34.16754261316132,-1.3360943172662119
-34.16298388658866,-1.335167782026591
-34.158425160016,-1.3342417143373315
-34.15386643344335,-1.3333161140533187
-34.14930770687069,-1.3323909810294503
-34.14474898029803,-1.331466315120648
-34.14019025372537,-1.3305421161818396
-34.13563152715272,-1.3296183840679752
-34.13107280058006,-1.328695118634007
-34.1265140740074,-1.3277723197349172
-34.12195534743475,-1.3268499872256907
-34.11739662086209,-1.3259281209613338
-34.11283789428943,-1.325006720796865
-34.10827916771677,-1.324085786587319
-34.10372044114412,-1.3231653181877479
-34.09916171457146,-1.3222453154532077
-34.0946029879988,-1.3213257782387804
-34.090044261426144,-1.3204067063995641
-34.08548553485349,-1.3194880997906577
-34.08092680828083,-1.3185699582671901
-34.076368081708175,-1.3176522816842953
-34.071809355135514,-1.3167350698971274
-34.06725062856286,-1.3158183227608533
-34.0626919019902,-1.3149020401306517
-34.058133175417545,-1.313986221861725
-34.053574448844884,-1.313070867809279
-34.04901572227223,-1.3121559778285417
-34.04445699569957,-1.311241551774754
-34.039898269126915,-1.3103275895031736
-34.035339542554254,-1.3094140908690666
-34.0307808159816,-1.308501055727725
-34.02622208940895,-1.3075884839344418
-34.021663362836286,-1.3066763753445358
-34.017104636263625,-1.3057647298133352
-34.01254590969097,-1.304853547196187
-34.00798718311832,-1.3039428273484517
-34.003428456545656,-1.3030325701254986
-33.998869729972995,-1.3021227753827205
-33.99431100340034,-1.3012134429755198
-33.98975227682769,-1.3003045727593174
-33.985193550255026,-1.2993961645895449
-33.980634823682365,-1.2984882183216517
-33.97607609710971,-1.2975807338111025
-33.97151737053706,-1.2966737109133757
-33.9669586439644,-1.295767149483961
-33.962399917391735,-1.2948610493783697
-33.95784119081908,-1.2939554104521225
-33.95328246424643,-1.2930502325607618
-33.948723737673774,-1.2921455155598347
-33.94416501110111,-1.2912412593049103
-33.93960628452845,-1.2903374636515728
-33.9350475579558,-1.289434128455419
-33.930488831383144,-1.288531253572061
-33.92593010481048,-1.287628838857124
-33.92137137823782,-1.2867268841662525
-33.91681265166517,-1.2858253893551024
-33.912253925092514,-1.284924354279349
-33.90769519851985,-1.2840237787946738
-33.90313647194719,-1.2831236627567784
-33.89857774537454,-1.282224006021384
-33.894019018801885,-1.2813248084442215
-33.889460292229224,-1.280426069881033
-33.88490156565656,-1.279527790187583
-33.88034283908391,-1.2786299692196479
-33.875784112511255,-1.2777326068330213
-33.871225385938594,-1.2768357028835038
-33.86666665936593,-1.2759392572269208
-33.86210793279328,-1.275043269719106
-33.857549206220625,-1.2741477402159138
-33.85299047964797,-1.2732526685732104
-33.84843175307531,-1.2723580546468694
-33.84387302650265,-1.2714638982927946
-33.839314299929995,-1.270570199366895
-33.83475557335734,-1.269676957725094
-33.83019684678468,-1.268784173223336
-33.82563812021202,-1.2678918457175732
-33.821079393639366,-1.26699997506378
-33.81652066706671,-1.2661085611179412
-33.81196194049405,-1.265217603736057
-33.80740321392139,-1.2643271027741427
-33.802844487348736,-1.263437058088231
-33.79828576077608,-1.262547469534368
-33.79372703420342,-1.2616583369686094
-33.78916830763076,-1.260769660247036
-33.784609581058106,-1.2598814392257394
-33.78005085448545,-1.2589936737608225
-33.77549212791279,-1.2581063637084056
-33.77093340134013,-1.2572195089246296
-33.76637467476748,-1.256333109265641
-33.76181594819482,-1.2554471645876069
-33.75725722162217,-1.2545616747467085
-33.75269849504951,-1.2536766395991423
-33.74813976847685,-1.2527920590011148
-33.74358104190419,-1.251907932808861
-33.73902231533154,-1.2510242608786162
-33.73446358875888,-1.250141043066637
-33.72990486218622,-1.2492582792291944
-33.72534613561356,-1.2483759692225789
-33.72078740904091,-1.2474941129030863
-33.71622868246825,-1.2466127101270368
-33.71166995589559,-1.2457317607507599
-33.70711122932293,-1.2448512646306047
-33.70255250275028,-1.2439712216229297
-33.69799377617762,-1.243091631584115
-33.69343504960496,-1.242212494370549
-33.688876323032304,-1.2413338098386422
-33.68431759645965,-1.2404555778448145
-33.67975886988699,-1.2395777982455038
-33.67520014331433,-1.2387004708971603
-33.670641416741674,-1.2378235956562564
-33.66608269016902,-1.2369471723792702
-33.661523963596366,-1.2360712009227017
-33.656965237023705,-1.2351956811430584
-33.652406510451044,-1.2343206128968747
-33.64784778387839,-1.233445996040691
-33.643289057305736,-1.2325718304310656
-33.638730330733075,-1.2316981159245706
-33.634171604160414,-1.2308248523777958
-33.62961287758776,-1.2299520396473436
-33.62505415101511,-1.2290796775898343
-33.620495424442446,-1.2282077660618984
-33.615936697869785,-1.2273363049201862
-33.61137797129713,-1.2264652940213656
-33.60681924472448,-1.2255947332221113
-33.602260518151816,-1.2247246223791173
-33.597701791579155,-1.2238549613490963
-33.5931430650065,-1.2229857499887715
-33.58858433843385,-1.222116988154882
-33.584025611861186,-1.221248675704185
-33.579466885288525,-1.2203808124934468
-33.57490815871587,-1.219513398379457
-33.57034943214322,-1.2186464332190137
-33.56579070557056,-1.217779916868935
-33.5612319789979,-1.2169138491860465
-33.55667325242524,-1.216048230027201
-33.55211452585259,-1.2151830592492567
-33.547555799279934,-1.2143183367090908
-33.54299707270727,-1.213454062263593
-33.53843834613461,-1.2125902357696716
-33.53387961956196,-1.2117268570842514
-33.529320892989304,-1.2108639260642673
-33.52476216641664,-1.2100014425666688
-33.52020343984398,-1.2091394064484298
-33.51564471327133,-1.2082778175665299
-33.511085986698674,-1.2074166757779694
-33.50652726012601,-1.2065559809397568
-33.50196853355335,-1.205695732908927
-33.4974098069807,-1.204835931542522
-33.492851080408045,-1.2039765766975994
-33.488292353835384,-1.2031176682312363
-33.48373362726272,-1.2022592060005184
-33.47917490069007,-1.201401189862557
-33.474616174117415,-1.2005436196744674
-33.47005744754476,-1.1996864952933861
-33.4654987209721,-1.1988298165764641
-33.46093999439944,-1.197973583380867
-33.456381267826785,-1.1971177955637773
-33.45182254125413,-1.1962624529823924
-33.44726381468147,-1.195407555493922
-33.44270508810881,-1.1945531029555922
-33.438146361536155,-1.193699095224651
-33.4335876349635,-1.1928455321583515
-33.42902890839084,-1.1919924136139672
-33.42447018181818,-1.1911397394487875
-33.419911455245526,-1.1902875095201169
-33.41535272867287,-1.1894357236852737
-33.41079400210021,-1.1885843818015895
-33.40623527552755,-1.187733483726417
-33.401676548954896,-1.1868830293171209
-33.39711782238224,-1.1860330184310826
-33.39255909580958,-1.1851834509256916
-33.38800036923692,-1.1843343266583664
-33.383441642664266,-1.18348564548653
-33.37888291609161,-1.1826374072676238
-33.37432418951896,-1.1817896118591051
-33.3697654629463,-1.1809422591184435
-33.365206736373636,-1.180095348903131
-33.36064800980098,-1.179248881070669
-33.35608928322833,-1.1784028554785755
-33.35153055665567,-1.1775572719843832
-33.34697183008301,-1.1767121304456418
-33.34241310351035,-1.175867430719917
-33.3378543769377,-1.1750231726647875
-33.33329565036504,-1.174179356137848
-33.32873692379238,-1.173335980996708
-33.32417819721972,-1.172493047098998
-33.31961947064707,-1.1716505543023545
-33.31506074407441,-1.1708085024644366
-33.31050201750175,-1.1699668914429129
-33.30594329092909,-1.1691257210954762
-33.30138456435644,-1.168284991279827
-33.29682583778378,-1.1674447018536809
-33.29226711121112,-1.166604852674775
-33.287708384638464,-1.1657654436008582
-33.28314965806581,-1.1649264744896943
-33.278590931493156,-1.1640879451990613
-33.274032204920495,-1.1632498555867572
-33.269473478347834,-1.1624122055105908
-33.26491475177518,-1.1615749948283902
-33.260356025202526,-1.1607382233979961
-33.255797298629865,-1.1599018910772643
-33.251238572057204,-1.1590659977240672
-33.24667984548455,-1.1582305431962965
-33.242121118911896,-1.157395527351853
-33.237562392339235,-1.1565609500486533
-33.233003665766574,-1.1557268111446342
-33.22844493919392,-1.154893110497747
-33.22388621262127,-1.154059847965955
-33.219327486048606,-1.153227023407237
-33.214768759475945,-1.1523946366795905
-33.21021003290329,-1.1515626876410283
-33.20565130633064,-1.1507311761495773
-33.201092579757976,-1.1499001020632778
-33.196533853185315,-1.1490694652401898
-33.19197512661266,-1.148239265538388
-33.18741640004001,-1.1474095028159597
-33.18285767346735,-1.1465801769310089
-33.17829894689469,-1.1457512877416547
-33.17374022032203,-1.1449228351060345
-33.16918149374938,-1.144094818882301
-33.16462276717672,-1.1432672389286163
-33.16006404060406,-1.1424400951031626
-33.1555053140314,-1.1416133872641414
-33.15094658745875,-1.1407871152697657
-33.146387860886094,-1.1399612789782614
-33.14182913431343,-1.1391358782478709
-33.13727040774077,-1.1383109129368576
-33.13271168116812,-1.137486382903496
-33.128152954595464,-1.1366622880060753
-33.1235942280228,-1.1358386281029023
-33.11903550145014,-1.1350154030522979
-33.11447677487749,-1.1341926127126023
-33.109918048304834,-1.1333702569421662
-33.10535932173217,-1.1325483355993577
-33.10080059515951,-1.1317268485425607
-33.09624186858686,-1.1309057956301773
-33.091683142014205,-1.130085176720619
-33.08712441544155,-1.1292649916723214
-33.08256568886889,-1.1284452403437233
-33.07800696229623,-1.1276259225932916
-33.073448235723575,-1.1268070382795032
-33.06888950915092,-1.1259885872608526
-33.06433078257826,-1.1251705693958465
-33.0597720560056,-1.1243529845430056
-33.055213329432945,-1.1235358325608757
-33.05065460286029,-1.1227191133080108
-33.04609587628763,-1.121902826642979
-33.04153714971497,-1.121086972424367
-33.036978423142315,-1.1202715505107805
-33.03241969656966,-1.1194565607608367
-33.027860969997,-1.118642003033164
-33.02330224342434,-1.1178278771864154
-33.018743516851686,-1.1170141830792577
-33.01418479027903,-1.1162009205703696
-33.00962606370637,-1.1153880895184427
-33.00506733713371,-1.1145756897821921
-33.000508610561056,-1.113763721220347
-32.9959498839884,-1.1129521836916483
-32.99139115741575,-1.112141077054853
-32.98683243084309,-1.1113304011687355
-32.982273704270426,-1.1105201558920876
-32.97771497769777,-1.1097103410837135
-32.97315625112512,-1.1089009566024337
-32.96859752455246,-1.1080920023070866
-32.964038797979796,-1.107283478056522
-32.95948007140714,-1.1064753837096113
-32.95492134483449,-1.1056677191252369
-32.95036261826183,-1.1048604841622962
-32.94580389168917,-1.1040536786797068
-32.94124516511651,-1.1032473025363978
-32.93668643854386,-1.1024413555913193
-32.9321277119712,-1.101635837703428
-32.92756898539854,-1.1008307487317057
-32.92301025882588,-1.100026088535145
-32.91845153225323,-1.0992218569727572
-32.91389280568057,-1.0984180539035624
-32.90933407910791,-1.0976146791866044
-32.90477535253525,-1.0968117326809408
-32.9002166259626,-1.0960092142456406
-32.895657899389946,-1.0952071237397958
-32.891099172817285,-1.094405461022505
-32.886540446244624,-1.09360422595289
-32.88198171967197,-1.0928034183900877
-32.877422993099316,-1.0920030381932466
-32.872864266526655,-1.0912030852215333
-32.868305539953994,-1.0904035593341304
-32.86374681338134,-1.0896044603902368
-32.859188086808686,-1.0888057882490645
-32.854629360236025,-1.0880075427698437
-32.850070633663364,-1.087209723811822
-32.84551190709071,-1.0864123312342573
-32.840953180518056,-1.0856153648964286
-32.836394453945395,-1.084818824657625
-32.831835727372734,-1.0840227103771587
-32.82727700080008,-1.0832270219143532
-32.82271827422743,-1.082431759128547
-32.818159547654766,-1.0816369218790962
-32.813600821082105,-1.0808425100253711
-32.80904209450945,-1.080048523426763
-32.8044833679368,-1.0792549619426712
-32.79992464136414,-1.0784618254325171
-32.79536591479148,-1.0776691137557315
-32.79080718821882,-1.0768768267717668
-32.78624846164617,-1.0760849643400932
-32.78168973507351,-1.075293526320188
-32.77713100850085,-1.0745025125715504
-32.77257228192819,-1.0737119229536929
-32.76801355535554,-1.0729217573261483
-32.76345482878288,-1.0721320155484608
-32.75889610221022,-1.0713426974801885
-32.75433737563756,-1.07055380298091
-32.74977864906491,-1.069765331910223
-32.745219922492254,-1.0689772841277314
-32.74066119591959,-1.0681896594930587
-32.73610246934693,-1.0674024578658472
-32.73154374277428,-1.066615679105754
-32.726985016201624,-1.0658293230724516
-32.72242628962896,-1.065043389625626
-32.7178675630563,-1.064257878624981
-32.71330883648365,-1.0634727899302374
-32.708750109910994,-1.0626881234011332
-32.70419138333834,-1.0619038788974164
-32.69963265676568,-1.0611200562788543
-32.69507393019302,-1.0603366554052303
-32.690515203620365,-1.059553676136345
-32.68595647704771,-1.0587711183320136
-32.68139775047505,-1.0579889818520651
-32.67683902390239,-1.0572072665563468
-32.672280297329735,-1.0564259723047225
-32.66772157075708,-1.0556450989570707
-32.66316284418442,-1.0548646463732843
-32.65860411761176,-1.0540846144132747
-32.654045391039105,-1.0533050029369693
-32.64948666446645,-1.0525258118043108
-32.64492793789379,-1.0517470408752545
-32.64036921132113,-1.0509686900097734
-32.635810484748475,-1.0501907590678639
-32.63125175817582,-1.049413247909526
-32.62669303160316,-1.0486361563947852
-32.6221343050305,-1.0478594843836753
-32.617575578457846,-1.047083231736256
-32.61301685188519,-1.0463073983125917
-32.60845812531254,-1.0455319839727706
-32.60389939873988,-1.0447569885768928
-32.599340672167216,-1.0439824119850776
-32.59478194559456,-1.0432082540574563
-32.59022321902191,-1.0424345146541825
-32.58566449244925,-1.041661193635417
-32.581105765876586,-1.040888290861343
-32.57654703930393,-1.0401158061921576
-32.57198831273128,-1.039343739488078
-32.56742958615862,-1.0385720906093292
-32.562870859585956,-1.0378008594161559
-32.5583121330133,-1.0370300457688253
-32.55375340644065,-1.0362596495276077
-32.54919467986799,-1.035489670552801
-32.54463595329533,-1.03472010870471
-32.54007722672267,-1.033950963843668
-32.53551850015002,-1.033182235830011
-32.53095977357736,-1.0324139245240955
-32.5264010470047,-1.0316460297862955
-32.52184232043204,-1.0308785514770034
-32.51728359385939,-1.0301114894566217
-32.512724867286735,-1.0293448435855734
-32.508166140714074,-1.0285786137242956
-32.50360741414141,-1.0278127997332394
-32.49904868756876,-1.0270474014728792
-32.494489960996106,-1.0262824188036979
-32.489931234423445,-1.0255178515861967
-32.485372507850784,-1.0247536996808932
-32.48081378127813,-1.023989962948323
-32.476255054705476,-1.0232266412490347
-32.471696328132815,-1.022463734443594
-32.467137601560154,-1.0217012423925844
-32.4625788749875,-1.0209391649566024
-32.458020148414846,-1.0201775019962636
-32.453461421842185,-1.0194162533721938
-32.448902695269524,-1.0186554189450439
-32.44434396869687,-1.0178949985754746
-32.439785242124216,-1.017134992124166
-32.435226515551555,-1.0163753994518094
-32.430667788978894,-1.0156162204191177
-32.42610906240624,-1.0148574548868172
-32.42155033583359,-1.0140991027156514
-32.41699160926093,-1.0133411637663765
-32.41243288268827,-1.0125836378997701
-32.40787415611561,-1.0118265249766223
-32.40331542954296,-1.0110698248577412
-32.3987567029703,-1.0103135374039491
-32.39419797639764,-1.0095576624760842
-32.38963924982498,-1.0088021999350034
-32.38508052325233,-1.00804714964158
-32.38052179667967,-1.0072925114567013
-32.37596307010701,-1.0065382852412699
-32.37140434353435,-1.005784470856206
-32.3668456169617,-1.0050310681624468
-32.36228689038904,-1.0042780770209454
-32.35772816381638,-1.0035254972926684
-32.35316943724372,-1.0027733288385994
-32.34861071067107,-1.0020215715197442
-32.344051984098414,-1.0012702251971164
-32.33949325752575,-1.0005192897317488
-32.33493453095309,-0.9997687649846908
-32.33037580438044,-0.9990186508170111
-32.325817077807784,-0.9982689470897882
-32.32125835123513,-0.9975196536641225
-32.31669962466247,-0.9967707704011244
-32.31214089808981,-0.9960222971619251
-32.307582171517154,-0.9952742338076752
-32.3030234449445,-0.9945265801995341
-32.29846471837184,-0.9937793361986795
-32.29390599179918,-0.9930325016663093
-32.289347265226525,-0.9922860764636328
-32.28478853865387,-0.9915400604518781
-32.28022981208121,-0.9907944534922886
-32.27567108550855,-0.9900492554461227
-32.271112358935895,-0.9893044661746624
-32.26655363236324,-0.9885600855391936
-32.26199490579058,-0.9878161134010259
-32.25743617921792,-0.987072549621487
-32.252877452645265,-0.9863293940619153
-32.24831872607261,-0.9855866465836709
-32.24375999949995,-0.9848443070481242
-32.23920127292729,-0.9841023753166651
-32.234642546354635,-0.9833608512507027
-32.23008381978198,-0.9826197347116582
-32.22552509320933,-0.9818790255609687
-32.22096636663667,-0.9811387236600863
-32.216407640064006,-0.9803988288704877
-32.21184891349135,-0.9796593410536563
-32.2072901869187,-0.978920260071099
-32.20273146034604,-0.9781815857843322
-32.198172733773376,-0.977443318054894
-32.19361400720072,-0.9767054567443357
-32.18905528062807,-0.9759680017142283
-32.18449655405541,-0.9752309528261535
-32.179937827482746,-0.9744943099417138
-32.17537910091009,-0.9737580729225291
-32.17082037433744,-0.9730222416302312
-32.16626164776478,-0.9722868159264678
-32.161702921192116,-0.9715517956729092
-32.15714419461946,-0.9708171807312376
-32.15258546804681,-0.9700829709631527
-32.14802674147415,-0.9693491662303657
-32.14346801490149,-0.9686157663946119
-32.13890928832883,-0.9678827713176394
-32.13435056175618,-0.9671501808612128
-32.129791835183525,-0.9664179948871131
-32.125233108610864,-0.965686213257133
-32.1206743820382,-0.9649548358330896
-32.11611565546555,-0.9642238624768132
-32.111556928892895,-0.9634932930501479
-32.106998202320234,-0.9627631274149577
-32.10243947574757,-0.96203336543312
-32.09788074917492,-0.961304006966532
-32.093322022602266,-0.9605750518771032
-32.088763296029605,-0.9598465000267616
-32.08420456945694,-0.9591183512774502
-32.07964584288429,-0.9583906054911353
-32.075087116311636,-0.957663262529788
-32.070528389738975,-0.956936322255403
-32.065969663166314,-0.9562097845299908
-32.06141093659366,-0.9554836492155789
-32.056852210021006,-0.9547579161742087
-32.052293483448345,-0.9540325852679369
-32.047734756875684,-0.9533076563588405
-32.04317603030303,-0.9525831293090123
-32.038617303730376,-0.9518590039805608
-32.03405857715772,-0.9511352802356087
-32.02949985058506,-0.9504119579362961
-32.0249411240124,-0.9496890369447811
-32.02038239743975,-0.9489665171232409
-32.01582367086709,-0.9482443983338614
-32.01126494429443,-0.9475226804388507
-32.00670621772177,-0.9468013633004307
-32.00214749114912,-0.946080446780845
-31.99758876457646,-0.9453599307423444
-31.993030038003802,-0.9446398150472042
-31.988471311431145,-0.9439200995577115
-31.983912584858487,-0.9432007841361737
-31.97935385828583,-0.9424818686449097
-31.974795131713172,-0.9417633529462618
-31.970236405140515,-0.9410452369025797
-31.965677678567857,-0.9403275203762382
-31.9611189519952,-0.9396102032296225
-31.956560225422542,-0.938893285325139
-31.952001498849885,-0.9381767665252074
-31.94744277227723,-0.9374606466922619
-31.942884045704574,-0.9367449256887606
-31.938325319131916,-0.9360296033771689
-31.93376659255926,-0.9353146796199769
-31.9292078659866,-0.9346001542796853
-31.924649139413944,-0.9338860272188138
-31.920090412841287,-0.9331722982998981
-31.91553168626863,-0.9324589673854926
-31.91097295969597,-0.9317460343381635
-31.906414233123314,-0.9310334990204983
-31.901855506550657,-0.9303213612950978
-31.897296779978,-0.9296096210245796
-31.892738053405342,-0.928898278071582
-31.888179326832685,-0.9281873322987529
-31.883620600260027,-0.9274767835687631
-31.87906187368737,-0.9267666317442946
-31.874503147114712,-0.9260568766880509
-31.869944420542055,-0.9253475182627466
-31.865385693969397,-0.9246385563311195
-31.86082696739674,-0.9239299907559178
-31.856268240824082,-0.9232218213999089
-31.85170951425143,-0.9225140481258788
-31.84715078767877,-0.9218066707966254
-31.842592061106114,-0.9210996892749661
-31.838033334533456,-0.9203931034237358
-31.8334746079608,-0.9196869131057823
-31.82891588138814,-0.9189811181839742
-31.824357154815484,-0.9182757185211944
-31.819798428242827,-0.917570713980342
-31.81523970167017,-0.916866104424334
-31.81068097509751,-0.9161618897161026
-31.806122248524854,-0.9154580697185977
-31.801563521952197,-0.914754644294786
-31.79700479537954,-0.9140516133076498
-31.792446068806882,-0.9133489766201879
-31.787887342234225,-0.9126467340954183
-31.783328615661567,-0.9119448855963701
-31.77876988908891,-0.9112434309860947
-31.774211162516252,-0.9105423701276585
-31.769652435943595,-0.909841702884142
-31.765093709370937,-0.9091414291186449
-31.76053498279828,-0.9084415486942833
-31.755976256225626,-0.9077420614741907
-31.75141752965297,-0.9070429673215131
-31.74685880308031,-0.9063442660994174
-31.742300076507654,-0.9056459576710868
-31.737741349934996,-0.9049480418997179
-31.73318262336234,-0.9042505186485277
-31.72862389678968,-0.9035533877807478
-31.724065170217024,-0.9028566491596272
-31.719506443644367,-0.902160302648432
-31.71494771707171,-0.901464348110443
-31.71038899049905,-0.9007687854089593
-31.705830263926394,-0.9000736144072973
-31.701271537353737,-0.8993788349687886
-31.69671281078108,-0.8986844469567807
-31.692154084208422,-0.89799045023464
-31.687595357635765,-0.8972968446657504
-31.683036631063107,-0.8966036301135063
-31.67847790449045,-0.8959108064413278
-31.673919177917792,-0.895218373512644
-31.669360451345135,-0.8945263311909065
-31.664801724772477,-0.8938346793395779
-31.660242998199823,-0.893143417822144
-31.655684271627166,-0.8924525465021002
-31.65112554505451,-0.8917620652429644
-31.64656681848185,-0.8910719739082676
-31.642008091909194,-0.8903822723615604
-31.637449365336536,-0.8896929604664079
-31.63289063876388,-0.8890040380863937
-31.62833191219122,-0.8883155050851157
-31.623773185618564,-0.8876273613261907
-31.619214459045907,-0.8869396066732514
-31.61465573247325,-0.8862522409899468
-31.61009700590059,-0.8855652641399454
-31.605538279327934,-0.8848786759869266
-31.600979552755277,-0.8841924763945941
-31.59642082618262,-0.8835066652266618
-31.591862099609962,-0.8828212423468629
-31.587303373037305,-0.8821362076189496
-31.582744646464647,-0.8814515609066863
-31.57818591989199,-0.8807673020738581
-31.573627193319332,-0.8800834309842647
-31.569068466746675,-0.8793999475017247
-31.56450974017402,-0.8787168514900705
-31.559951013601363,-0.8780341428131537
-31.555392287028706,-0.8773518213348407
-31.55083356045605,-0.8766698869190167
-31.54627483388339,-0.875988339429582
-31.541716107310734,-0.8753071787304557
-31.537157380738076,-0.874626404685571
-31.53259865416542,-0.8739460171588798
-31.52803992759276,-0.8732660160143524
-31.523481201020104,-0.8725864011159715
-31.518922474447447,-0.8719071723277406
-31.51436374787479,-0.8712283295136776
-31.50980502130213,-0.870549872537817
-31.505246294729474,-0.8698718012642135
-31.500687568156817,-0.8691941155569346
-31.49612884158416,-0.8685168152800676
-31.491570115011502,-0.8678399002977157
-31.487011388438845,-0.8671633704739962
-31.482452661866187,-0.8664872256730478
-31.47789393529353,-0.8658114657590238
-31.473335208720872,-0.8651360905960942
-31.46877648214822,-0.8644611000484463
-31.46421775557556,-0.8637864939802832
-31.459659029002903,-0.8631122722558265
-31.455100302430246,-0.8624384347393154
-31.45054157585759,-0.8617649812950023
-31.44598284928493,-0.8610919117871589
-31.441424122712274,-0.8604192260800739
-31.436865396139616,-0.8597469240380531
-31.43230666956696,-0.8590750055254192
-31.4277479429943,-0.8584034704065104
-31.423189216421644,-0.8577323185456809
-31.418630489848987,-0.857061549807307
-31.41407176327633,-0.8563911640557759
-31.40951303670367,-0.8557211611554953
-31.404954310131014,-0.855051540970888
-31.400395583558357,-0.8543823033663943
-31.3958368569857,-0.853713448206473
-31.391278130413042,-0.8530449753555972
-31.386719403840385,-0.8523768846782583
-31.382160677267727,-0.8517091760389639
-31.37760195069507,-0.8510418493022394
-31.373043224122416,-0.8503749043326286
-31.36848449754976,-0.849708340994687
-31.3639257709771,-0.8490421591529929
-31.359367044404443,-0.8483763586721385
-31.354808317831786,-0.8477109394167321
-31.35024959125913,-0.8470459012514031
-31.34569086468647,-0.846381244040793
-31.341132138113814,-0.845716967649563
-31.336573411541156,-0.8450530719423913
-31.3320146849685,-0.8443895567839712
-31.32745595839584,-0.8437264220390153
-31.322897231823184,-0.8430636675722517
-31.318338505250527,-0.8424012932484265
-31.31377977867787,-0.8417392989323
-31.30922105210521,-0.8410776844886532
-31.304662325532554,-0.8404164497822831
-31.300103598959897,-0.8397555946780019
-31.29554487238724,-0.8390951190406395
-31.290986145814582,-0.8384350227350457
-31.286427419241924,-0.8377753056260813
-31.281868692669267,-0.8371159675786305
-31.277309966096613,-0.8364570084575916
-31.272751239523956,-0.8357984281278786
-31.2681925129513,-0.8351402264544235
-31.26363378637864,-0.8344824033021774
-31.259075059805983,-0.8338249585361059
-31.254516333233326,-0.833167892021193
-31.24995760666067,-0.8325112036224381
-31.24539888008801,-0.8318548932048594
-31.240840153515354,-0.8311989606334919
-31.236281426942696,-0.8305434057733863
-31.23172270037004,-0.8298882284896116
-31.22716397379738,-0.8292334286472535
-31.222605247224724,-0.8285790061114158
-31.218046520652067,-0.8279249607472168
-31.21348779407941,-0.8272712924197936
-31.20892906750675,-0.8266180009942995
-31.204370340934094,-0.8259650863359073
-31.199811614361437,-0.8253125483098039
-31.19525288778878,-0.8246603867811958
-31.190694161216122,-0.8240086016153035
-31.186135434643464,-0.8233571926773661
-31.18157670807081,-0.8227061598326421
-31.177017981498153,-0.8220555029464017
-31.172459254925496,-0.8214052218839384
-31.16790052835284,-0.8207553165105581
-31.16334180178018,-0.8201057866915874
-31.158783075207523,-0.819456632292365
-31.154224348634866,-0.8188078531782528
-31.14966562206221,-0.8181594492146252
-31.14510689548955,-0.817511420266876
-31.140548168916894,-0.8168637662004156
-31.135989442344236,-0.816216486880671
-31.13143071577158,-0.815569582173087
-31.12687198919892,-0.8149230519431251
-31.122313262626264,-0.8142768960562637
-31.117754536053607,-0.8136311143779996
-31.11319580948095,-0.812985706773845
-31.10863708290829,-0.8123406731093309
-31.104078356335634,-0.8116960132500024
-31.099519629762977,-0.811051727061428
-31.09496090319032,-0.810407814409186
-31.090402176617662,-0.8097642751588758
-31.085843450045008,-0.8091211091761145
-31.08128472347235,-0.8084783163265333
-31.076725996899693,-0.8078358964757846
-31.072167270327036,-0.807193849489534
-31.06760854375438,-0.8065521752334667
-31.06304981718172,-0.8059108735732854
-31.058491090609063,-0.8052699443747082
-31.053932364036406,-0.8046293875034717
-31.04937363746375,-0.8039892028253284
-31.04481491089109,-0.8033493902060488
-31.040256184318434,-0.8027099495114218
-31.035697457745776,-0.802070880607252
-31.03113873117312,-0.8014321833593602
-31.02658000460046,-0.8007938576335875
-31.022021278027804,-0.8001559032957897
-31.017462551455147,-0.7995183202118401
-31.01290382488249,-0.7988811082476299
-31.00834509830983,-0.7982442672690674
-31.003786371737174,-0.7976077971420776
-30.999227645164517,-0.7969716977326039
-30.99466891859186,-0.7963359689066059
-30.990110192019205,-0.7957006105300612
-30.985551465446548,-0.7950656224689627
-30.98099273887389,-0.7944310045893228
-30.976434012301233,-0.793796756757171
-30.971875285728576,-0.7931628788385514
-30.96731655915592,-0.7925293706995292
-30.96275783258326,-0.7918962322061848
-30.958199106010603,-0.7912634632246142
-30.953640379437946,-0.7906310636209346
-30.94908165286529,-0.7899990332612778
-30.94452292629263,-0.7893673720117931
-30.939964199719974,-0.7887360797386475
-30.935405473147316,-0.788105156308025
-30.93084674657466,-0.7874746015861278
-30.926288020002,-0.786844415439173
-30.921729293429344,-0.7862145977333989
-30.917170566856687,-0.7855851483350563
-30.91261184028403,-0.7849560671104182
-30.90805311371137,-0.784327353925771
-30.903494387138714,-0.7836990086474204
-30.898935660566057,-0.7830710311416889
-30.894376933993403,-0.7824434212749168
-30.889818207420745,-0.7818161789134606
-30.885259480848088,-0.7811893039236937
-30.88070075427543,-0.7805627961720097
-30.876142027702773,-0.7799366555248174
-30.871583301130116,-0.7793108818485429
-30.86702457455746,-0.7786854750096294
-30.8624658479848,-0.7780604348745388
-30.857907121412143,-0.7774357613097496
-30.853348394839486,-0.7768114541817578
-30.84878966826683,-0.7761875133570743
-30.84423094169417,-0.7755639387022324
-30.839672215121514,-0.7749407300837782
-30.835113488548856,-0.774317887368278
-30.8305547619762,-0.7736954104223122
-30.82599603540354,-0.7730732991124843
-30.821437308830884,-0.7724515533054083
-30.816878582258227,-0.7718301728677198
-30.81231985568557,-0.7712091576660715
-30.80776112911291,-0.7705885075671317
-30.803202402540254,-0.7699682224375879
-30.7986436759676,-0.7693483021441452
-30.794084949394943,-0.768728746553523
-30.789526222822285,-0.7681095555324619
-30.784967496249628,-0.7674907289477164
-30.78040876967697,-0.7668722666660625
-30.775850043104313,-0.766254168554289
-30.771291316531656,-0.7656364344792068
-30.766732589959,-0.76501906430764
-30.76217386338634,-0.7644020579064316
-30.757615136813683,-0.7637854151424454
-30.753056410241026,-0.7631691358825562
-30.74849768366837,-0.7625532199936612
-30.74393895709571,-0.7619376673426732
-30.739380230523054,-0.7613224777965225
-30.734821503950396,-0.7607076512221577
-30.73026277737774,-0.7600931874865428
-30.72570405080508,-0.7594790864566617
-30.721145324232424,-0.7588653479995146
-30.716586597659767,-0.7582519719821167
-30.71202787108711,-0.7576389582715076
-30.70746914451445,-0.7570263067347363
-30.702910417941798,-0.7564140172388749
-30.69835169136914,-0.7558020896510095
-30.693792964796483,-0.7551905238382457
-30.689234238223825,-0.754579319667706
-30.684675511651168,-0.7539684770065298
-30.68011678507851,-0.7533579957218741
-30.675558058505853,-0.7527478756809153
-30.670999331933196,-0.7521381167508456
-30.66644060536054,-0.7515287187988732
-30.66188187878788,-0.7509196816922268
-30.657323152215223,-0.7503110052981509
-30.652764425642566,-0.7497026894839076
-30.64820569906991,-0.749094734116777
-30.64364697249725,-0.7484871390640565
-30.639088245924594,-0.74787990419306
-30.634529519351936,-0.7472730293711213
-30.62997079277928,-0.7466665144655891
-30.62541206620662,-0.7460603593438316
-30.620853339633964,-0.7454545638732328
-30.616294613061307,-0.7448491279211964
-30.61173588648865,-0.7442440513551409
-30.607177159915995,-0.7436393340425058
-30.602618433343338,-0.7430349758507434
-30.59805970677068,-0.7424309766473288
-30.593500980198023,-0.7418273362997511
-30.588942253625365,-0.7412240546755173
-30.584383527052708,-0.7406211316421537
-30.57982480048005,-0.7400185670672028
-30.575266073907393,-0.7394163608182247
-30.570707347334736,-0.7388145127627966
-30.56614862076208,-0.7382130227685153
-30.56158989418942,-0.7376118907029942
-30.557031167616763,-0.7370111164338624
-30.552472441044106,-0.7364106998287693
-30.54791371447145,-0.7358106407553794
-30.54335498789879,-0.7352109390813769
-30.538796261326134,-0.7346115946744622
-30.534237534753476,-0.7340126074023555
-30.52967880818082,-0.7334139771327909
-30.52512008160816,-0.7328157037335223
-30.520561355035504,-0.732217787072323
-30.516002628462847,-0.7316202270169799
-30.511443901890193,-0.7310230234353001
-30.506885175317535,-0.7304261761951077
-30.502326448744878,-0.7298296851642455
-30.49776772217222,-0.7292335502105708
-30.493208995599563,-0.7286377712019616
-30.488650269026905,-0.7280423480063134
-30.484091542454248,-0.7274472804915385
-30.47953281588159,-0.7268525685255656
-30.474974089308933,-0.7262582119763424
-30.470415362736276,-0.7256642107118345
-30.46585663616362,-0.725070564600025
-30.46129790959096,-0.7244772735089141
-30.456739183018303,-0.72388433730652
-30.452180456445646,-0.7232917558608776
-30.44762172987299,-0.7226995290400413
-30.44306300330033,-0.7221076567120828
-30.438504276727674,-0.7215161387450891
-30.433945550155016,-0.720924975007168
-30.42938682358236,-0.7203341653664432
-30.4248280970097,-0.7197437096910563
-30.420269370437044,-0.7191536078491668
-30.41571064386439,-0.7185638597089535
-30.411151917291733,-0.7179744651386083
-30.406593190719075,-0.7173854240063454
-30.402034464146418,-0.7167967361803954
-30.39747573757376,-0.7162084015290052
-30.392917011001103,-0.7156204199204402
-30.388358284428445,-0.7150327912229857
-30.383799557855788,-0.7144455153049405
-30.37924083128313,-0.7138585920346238
-30.374682104710473,-0.7132720212803733
-30.370123378137816,-0.7126858029105426
-30.36556465156516,-0.7120999367935026
-30.3610059249925,-0.7115144227976442
-30.356447198419843,-0.7109292607913742
-30.351888471847186,-0.7103444506431177
-30.34732974527453,-0.7097599922213171
-30.34277101870187,-0.7091758853944352
-30.338212292129214,-0.708592130030947
-30.333653565556556,-0.7080087259993508
-30.3290948389839,-0.7074256731681595
-30.32453611241124,-0.7068429714059046
-30.319977385838587,-0.7062606205811375
-30.31541865926593,-0.7056786205624219
-30.310859932693273,-0.7050969712183449
-30.306301206120615,-0.7045156724175087
-30.301742479547958,-0.7039347240285322
-30.2971837529753,-0.7033541259200561
-30.292625026402643,-0.7027738779607348
-30.288066299829985,-0.7021939800192417
-30.283507573257328,-0.7016144319642708
-30.27894884668467,-0.7010352336645279
-30.274390120112013,-0.7004563849887416
-30.269831393539356,-0.6998778858056582
-30.2652726669667,-0.6992997359840387
-30.26071394039404,-0.6987219353926646
-30.256155213821383,-0.6981444839003335
-30.251596487248726,-0.697567381375861
-30.24703776067607,-0.6969906276880818
-30.24247903410341,-0.6964142227058493
-30.237920307530754,-0.6958381662980297
-30.233361580958096,-0.6952624583335129
-30.22880285438544,-0.6946870986812032
-30.224244127812785,-0.6941120872100244
-30.219685401240127,-0.6935374237889159
-30.21512667466747,-0.6929631082868374
-30.210567948094813,-0.6923891405727659
-30.206009221522155,-0.6918155205156952
-30.201450494949498,-0.6912422479846377
-30.19689176837684,-0.6906693228486235
-30.192333041804183,-0.6900967449767003
-30.187774315231525,-0.6895245142379351
-30.183215588658868,-0.6889526305014108
-30.17865686208621,-0.6883810936362287
-30.174098135513553,-0.687809903511509
-30.169539408940896,-0.687239059996388
-30.16498068236824,-0.6866685629600219
-30.16042195579558,-0.6860984122715833
-30.155863229222923,-0.6855286078002641
-30.151304502650266,-0.6849591494152714
-30.14674577607761,-0.6843900369858329
-30.14218704950495,-0.683821270381194
-30.137628322932294,-0.6832528494706163
-30.133069596359636,-0.6826847741233807
-30.128510869786982,-0.682117044208785
-30.123952143214325,-0.6815496595961469
-30.119393416641667,-0.6809826201547988
-30.11483469006901,-0.6804159257540934
-30.110275963496353,-0.6798495762634008
-30.105717236923695,-0.6792835715521096
-30.101158510351038,-0.6787179114896248
-30.09659978377838,-0.6781525959453705
-30.092041057205723,-0.6775876247887886
-30.087482330633065,-0.6770229978893388
-30.082923604060408,-0.6764587151164989
-30.07836487748775,-0.6758947763397637
-30.073806150915093,-0.6753311814286472
-30.069247424342436,-0.6747679302526812
-30.06468869776978,-0.6742050226814149
-30.06012997119712,-0.6736424585844152
-30.055571244624463,-0.6730802378312684
-30.051012518051806,-0.6725183602915776
-30.04645379147915,-0.6719568258349626
-30.04189506490649,-0.671395634331065
-30.037336338333834,-0.6708347856495406
-30.03277761176118,-0.6702742796600655
-30.028218885188522,-0.6697141162323318
-30.023660158615865,-0.6691542952360516
-30.019101432043207,-0.6685948165409534
-30.01454270547055,-0.6680356800167844
-30.009983978897893,-0.6674768855333111
-30.005425252325235,-0.6669184329603152
-30.000866525752578,-0.6663603221675984
-29.99630779917992,-0.6658025530249801
-29.991749072607263,-0.6652451254022972
-29.987190346034605,-0.664688039169405
-29.982631619461948,-0.6641312941961774
-29.97807289288929,-0.6635748903525048
-29.973514166316633,-0.6630188275082964
-29.968955439743976,-0.6624631055334798
-29.96439671317132,-0.6619077242980009
-29.95983798659866,-0.661352683671824
-29.955279260026003,-0.6607979835249274
-29.950720533453346,-0.6602436237273135
-29.94616180688069,-0.6596896041489982
-29.94160308030803,-0.659135924660018
-29.937044353735377,-0.6585825851304261
-29.93248562716272,-0.6580295854302949
-29.927926900590062,-0.6574769254297128
-29.923368174017405,-0.6569246049987891
-29.918809447444747,-0.6563726240076484
-29.91425072087209,-0.6558209823264356
-29.909691994299433,-0.6552696798253127
-29.905133267726775,-0.6547187163744593
-29.900574541154118,-0.6541680918440739
-29.89601581458146,-0.6536178061043724
-29.891457088008803,-0.6530678590255903
-29.886898361436145,-0.6525182504779788
-29.882339634863488,-0.6519689803318092
-29.87778090829083,-0.6514200484573707
-29.873222181718173,-0.6508714547249682
-29.868663455145516,-0.6503231990049285
-29.86410472857286,-0.6497752811675945
-29.8595460020002,-0.649227701083326
-29.854987275427543,-0.6486804586225027
-29.850428548854886,-0.6481335536555222
-29.84586982228223,-0.6475869860528009
-29.841311095709575,-0.6470407556847717
-29.836752369136917,-0.646494862421885
-29.83219364256426,-0.645949306134613
-29.827634915991602,-0.6454040866934421
-29.823076189418945,-0.6448592039688784
-29.818517462846287,-0.6443146578314468
-29.81395873627363,-0.6437704481516902
-29.809400009700973,-0.6432265748001685
-29.804841283128315,-0.6426830376474606
-29.800282556555658,-0.6421398365641632
-29.795723829983,-0.641596971420893
-29.791165103410343,-0.6410544420882814
-29.786606376837685,-0.6405122484369796
-29.782047650265028,-0.6399703903376588
-29.77748892369237,-0.6394288676610062
-29.772930197119713,-0.6388876802777266
-29.768371470547056,-0.6383468280585461
-29.7638127439744,-0.6378063108742061
-29.75925401740174,-0.6372661285954668
-29.754695290829083,-0.6367262810931071
-29.750136564256426,-0.6361867682379244
-29.745577837683772,-0.6356475899007339
-29.741019111111115,-0.6351087459523681
-29.736460384538457,-0.6345702362636787
-29.7319016579658,-0.6340320607055361
-29.727342931393142,-0.6334942191488275
-29.722784204820485,-0.6329567114644606
-29.718225478247827,-0.6324195375233582
-29.71366675167517,-0.6318826971964631
-29.709108025102513,-0.6313461903547372
-29.704549298529855,-0.6308100168691587
-29.699990571957198,-0.6302741766107253
-29.69543184538454,-0.6297386694504529
-29.690873118811883,-0.6292034952593745
-29.686314392239225,-0.6286686539085422
-29.681755665666568,-0.6281341452690277
-29.67719693909391,-0.6275999692119191
-29.672638212521253,-0.6270661256083213
-29.668079485948596,-0.6265326143293624
-29.66352075937594,-0.6259994352461837
-29.65896203280328,-0.625466588229948
-29.654403306230623,-0.6249340731518345
-29.64984457965797,-0.6244018898830416
-29.645285853085312,-0.6238700382947855
-29.640727126512655,-0.623338518258302
-29.636168399939997,-0.6228073296448428
-29.63160967336734,-0.62227647232568
-29.627050946794682,-0.621745946172103
-29.622492220222025,-0.6212157510554193
-29.617933493649367,-0.6206858868469566
-29.61337476707671,-0.6201563534180583
-29.608816040504053,-0.6196271506400866
-29.604257313931395,-0.6190982783844245
-29.599698587358738,-0.6185697365224696
-29.59513986078608,-0.6180415249256414
-29.590581134213423,-0.617513643465374
-29.586022407640765,-0.6169860920131236
-29.581463681068108,-0.6164588704403627
-29.57690495449545,-0.6159319786185812
-29.572346227922793,-0.6154054164192898
-29.567787501350136,-0.6148791837140161
-29.56322877477748,-0.614353280374305
-29.55867004820482,-0.6138277062717226
-29.554111321632167,-0.6133024612778506
-29.54955259505951,-0.612777545264291
-29.544993868486852,-0.6122529581026623
-29.540435141914195,-0.6117286996646034
-29.535876415341537,-0.6112047698217699
-29.53131768876888,-0.6106811684458359
-29.526758962196222,-0.6101578954084955
-29.522200235623565,-0.6096349505814592
-29.517641509050907,-0.6091123338364584
-29.51308278247825,-0.6085900450452393
-29.508524055905593,-0.6080680840795687
-29.503965329332935,-0.6075464508112323
-29.499406602760278,-0.6070251451120325
-29.49484787618762,-0.6065041668537907
-29.490289149614963,-0.6059835159083489
-29.485730423042305,-0.6054631921475637
-29.481171696469648,-0.6049431954433123
-29.47661296989699,-0.6044235256674905
-29.472054243324333,-0.6039041826920117
-29.467495516751676,-0.6033851663888078
-29.46293679017902,-0.6028664766298298
-29.458378063606364,-0.6023481132870464
-29.453819337033707,-0.6018300762324451
-29.44926061046105,-0.601312365338032
-29.444701883888392,-0.6007949804758305
-29.440143157315735,-0.6002779215178836
-29.435584430743077,-0.5997611883362525
-29.43102570417042,-0.5992447808030171
-29.426466977597762,-0.598728698790275
-29.421908251025105,-0.5982129421701424
-29.417349524452447,-0.5976975108147546
-29.41279079787979,-0.5971824045962657
-29.408232071307133,-0.5966676233868466
-29.403673344734475,-0.5961531670586873
-29.399114618161818,-0.5956390354839978
-29.39455589158916,-0.5951252285350042
-29.389997165016503,-0.5946117460839524
-29.385438438443845,-0.5940985880031071
-29.380879711871188,-0.5935857541647515
-29.37632098529853,-0.5930732444411845
-29.371762258725873,-0.592561058704728
-29.367203532153216,-0.5920491968277191
-29.362644805580562,-0.5915376586825153
-29.358086079007904,-0.5910264441414901
-29.353527352435247,-0.5905155530770387
-29.34896862586259,-0.5900049853615725
-29.344409899289932,-0.5894947408675226
-29.339851172717275,-0.5889848194673373
-29.335292446144617,-0.5884752210334856
-29.33073371957196,-0.5879659454384526
-29.326174992999302,-0.5874569925547438
-29.321616266426645,-0.5869483622548813
-29.317057539853987,-0.5864400544114077
-29.31249881328133,-0.5859320688968839
-29.307940086708673,-0.585424405583888
-29.303381360136015,-0.5849170643450176
-29.298822633563358,-0.5844100450528885
-29.2942639069907,-0.5839033475801352
-29.289705180418043,-0.5833969717994111
-29.285146453845385,-0.5828909175833875
-29.280587727272728,-0.5823851848047547
-29.27602900070007,-0.5818797733362209
-29.271470274127413,-0.5813746830505137
-29.26691154755476,-0.5808699138203792
-29.2623528209821,-0.5803654655185819
-29.257794094409444,-0.5798613380179038
-29.253235367836787,-0.5793575311911482
-29.24867664126413,-0.5788540449111333
-29.244117914691472,-0.5783508790506998
-29.239559188118815,-0.5778480334827031
-29.235000461546157,-0.5773455080800208
-29.2304417349735,-0.5768433027155462
-29.225883008400842,-0.5763414172621938
-29.221324281828185,-0.5758398515928936
-29.216765555255527,-0.5753386055805975
-29.21220682868287,-0.5748376790982732
-29.207648102110213,-0.5743370720189089
-29.203089375537555,-0.5738367842155108
-29.198530648964898,-0.5733368155611032
-29.19397192239224,-0.5728371659287305
-29.189413195819583,-0.5723378351914548
-29.184854469246925,-0.5718388232223548
-29.180295742674268,-0.571340129894532
-29.17573701610161,-0.5708417550811034
-29.171178289528957,-0.5703436986552058
-29.1666195629563,-0.5698459604899938
-29.16206083638364,-0.5693485404586427
-29.157502109810984,-0.5688514384343436
-29.152943383238327,-0.5683546542903085
-29.14838465666567,-0.5678581878997664
-29.143825930093012,-0.5673620391359673
-29.139267203520355,-0.5668662078721772
-29.134708476947697,-0.5663706939816818
-29.13014975037504,-0.5658754973377875
-29.125591023802382,-0.5653806178138149
-29.121032297229725,-0.5648860552831075
-29.116473570657067,-0.5643918096190251
-29.11191484408441,-0.5638978806949475
-29.107356117511753,-0.5634042683842726
-29.102797390939095,-0.5629109725604166
-29.098238664366438,-0.5624179930968157
-29.09367993779378,-0.5619253298669233
-29.089121211221123,-0.561432982744211
-29.084562484648465,-0.5609409516021722
-29.080003758075808,-0.5604492363143163
-29.075445031503154,-0.5599578367541725
-29.070886304930497,-0.5594667527952879
-29.06632757835784,-0.5589759843112281
-29.06176885178518,-0.5584855311755796
-29.057210125212524,-0.5579953932619449
-29.052651398639867,-0.5575055704439477
-29.04809267206721,-0.5570160625952276
-29.043533945494552,-0.5565268695894466
-29.038975218921895,-0.5560379913002813
-29.034416492349237,-0.5555494276014309
-29.02985776577658,-0.5550611783666111
-29.025299039203922,-0.5545732434695564
-29.020740312631265,-0.5540856227840203
-29.016181586058607,-0.5535983161837762
-29.01162285948595,-0.5531113235426142
-29.007064132913293,-0.552624644734346
-29.002505406340635,-0.5521382796327978
-28.997946679767978,-0.5516522281118192
-28.99338795319532,-0.5511664900452764
-28.988829226622663,-0.5506810653070529
-28.984270500050005,-0.5501959537710545
-28.97971177347735,-0.5497111553112032
-28.975153046904694,-0.5492266698014392
-28.970594320332037,-0.5487424971157245
-28.96603559375938,-0.5482586371280375
-28.96147686718672,-0.5477750897123755
-28.956918140614064,-0.5472918547427557
-28.952359414041407,-0.5468089320932134
-28.94780068746875,-0.5463263216378024
-28.943241960896092,-0.5458440232505961
-28.938683234323435,-0.5453620368056876
-28.934124507750777,-0.5448803621771857
-28.92956578117812,-0.5443989992392205
-28.925007054605462,-0.5439179478659414
-28.920448328032805,-0.5434372079315142
-28.915889601460147,-0.5429567793101253
-28.91133087488749,-0.5424766618759799
-28.906772148314833,-0.5419968555033021
-28.902213421742175,-0.5415173600663332
-28.897654695169518,-0.5410381754393356
-28.89309596859686,-0.5405593014965893
-28.888537242024203,-0.5400807381123933
-28.88397851545155,-0.5396024851610658
-28.87941978887889,-0.5391245425169425
-28.874861062306234,-0.5386469100543816
-28.870302335733577,-0.538169587647755
-28.86574360916092,-0.5376925751714573
-28.86118488258826,-0.5372158724999002
-28.856626156015604,-0.5367394795075157
-28.852067429442947,-0.5362633960687537
-28.84750870287029,-0.5357876220580824
-28.842949976297632,-0.5353121573499909
-28.838391249724975,-0.5348370018189856
-28.833832523152317,-0.5343621553395915
-28.82927379657966,-0.5338876177863523
-28.824715070007002,-0.5334133890338337
-28.820156343434345,-0.5329394689566165
-28.815597616861687,-0.5324658574293019
-28.81103889028903,-0.5319925543265104
-28.806480163716373,-0.531519559522882
-28.801921437143715,-0.5310468728930734
-28.797362710571058,-0.5305744943117612
-28.7928039839984,-0.530102423653643
-28.788245257425746,-0.5296306607934328
-28.78368653085309,-0.5291592056058629
-28.77912780428043,-0.5286880579656881
-28.774569077707774,-0.5282172177476786
-28.770010351135117,-0.5277466848266255
-28.76545162456246,-0.5272764590773378
-28.7608928979898,-0.5268065403746445
-28.756334171417144,-0.5263369285933921
-28.751775444844487,-0.5258676236084484
-28.74721671827183,-0.5253986252946978
-28.742657991699172,-0.524929933527044
-28.738099265126515,-0.5244615481804116
-28.733540538553857,-0.523993469129742
-28.7289818119812,-0.523525696249996
-28.724423085408542,-0.5230582294161548
-28.719864358835885,-0.5225910685032162
-28.715305632263227,-0.5221242133861999
-28.71074690569057,-0.5216576639401418
-28.706188179117913,-0.5211914200400981
-28.701629452545255,-0.5207254815611446
-28.697070725972598,-0.520259848378375
-28.692511999399944,-0.5197945203669028
-28.687953272827286,-0.5193294974018594
-28.68339454625463,-0.5188647793583954
-28.67883581968197,-0.5184003661116832
-28.674277093109314,-0.5179362575369094
-28.669718366536657,-0.5174724535092838
-28.665159639964,-0.5170089539040329
-28.66060091339134,-0.5165457585964027
-28.656042186818684,-0.5160828674616591
-28.651483460246027,-0.5156202803750864
-28.64692473367337,-0.5151579972119874
-28.642366007100712,-0.5146960178476843
-28.637807280528055,-0.5142343421575188
-28.633248553955397,-0.5137729700168515
-28.62868982738274,-0.5133119013010623
-28.624131100810082,-0.5128511358855489
-28.619572374237425,-0.5123906736457284
-28.615013647664767,-0.511930514457039
-28.61045492109211,-0.5114706581949362
-28.605896194519453,-0.511011104734893
-28.601337467946795,-0.5105518539524051
-28.59677874137414,-0.5100929057229856
-28.592220014801484,-0.5096342599221647
-28.587661288228826,-0.5091759164254953
-28.58310256165617,-0.5087178751085466
-28.57854383508351,-0.5082601358469074
-28.573985108510854,-0.5078026985161875
-28.569426381938197,-0.5073455629920134
-28.56486765536554,-0.5068887291500314
-28.56030892879288,-0.5064321968659075
-28.555750202220224,-0.5059759660153276
-28.551191475647567,-0.5055200364739931
-28.54663274907491,-0.5050644081176291
-28.542074022502252,-0.5046090808219766
-28.537515295929595,-0.5041540544627974
-28.532956569356937,-0.5036993289158712
-28.52839784278428,-0.5032449040569975
-28.523839116211622,-0.5027907797619955
-28.519280389638965,-0.5023369559067025
-28.514721663066307,-0.5018834323669751
-28.51016293649365,-0.5014302090186896
-28.505604209920993,-0.5009772857377416
-28.50104548334834,-0.500524662400045
-28.49648675677568,-0.500072338881532
-28.491928030203024,-0.4996203150581564
-28.487369303630366,-0.4991685908058898
-28.48281057705771,-0.4987171660007232
-28.47825185048505,-0.4982660405186666
-28.473693123912394,-0.4978152142357482
-28.469134397339737,-0.49736468702801795
-28.46457567076708,-0.4969144587715421
-28.46001694419442,-0.49646452934240803
-28.455458217621764,-0.4960148986167214
-28.450899491049107,-0.4955655664706078
-28.44634076447645,-0.4951165327802103
-28.441782037903792,-0.4946677974216934
-28.437223311331135,-0.4942193602712401
-28.432664584758477,-0.49377122120505107
-28.42810585818582,-0.49332338009934745
-28.423547131613162,-0.49287583683037045
-28.418988405040505,-0.4924285912743794
-28.414429678467847,-0.4919816433076516
-28.40987095189519,-0.49153499280648577
-28.405312225322536,-0.4910886396472001
-28.40075349874988,-0.49064258370612934
-28.39619477217722,-0.49019682485962973
-28.391636045604564,-0.4897513629840755
-28.387077319031906,-0.4893061979558609
-28.38251859245925,-0.48886132965139917
-28.37795986588659,-0.488416757947123
-28.373401139313934,-0.4879724827194836
-28.368842412741277,-0.48752850384495294
-28.36428368616862,-0.4870848212000195
-28.35972495959596,-0.48664143466119447
-28.355166233023304,-0.48619834410500534
-28.350607506450647,-0.485755549408
-28.34604877987799,-0.4853130504467466
-28.341490053305332,-0.4848708470978308
-28.336931326732675,-0.4844289392378585
-28.332372600160017,-0.4839873267434546
-28.32781387358736,-0.48354600949126436
-28.323255147014702,-0.4831049873579501
-28.318696420442045,-0.48266426022019493
-28.314137693869387,-0.4822238279547013
-28.309578967296734,-0.4817836904381909
-28.305020240724076,-0.48134384754740317
-28.30046151415142,-0.4809042991590993
-28.29590278757876,-0.480465045150058
-28.291344061006104,-0.4800260853970775
-28.286785334433446,-0.479587419776977
-28.28222660786079,-0.4791490481665927
-28.27766788128813,-0.4787109704427808
-28.273109154715474,-0.47827318648241757
-28.268550428142817,-0.4778356961623982
-28.26399170157016,-0.477398499359637
-28.2594329749975,-0.47696159595106774
-28.254874248424844,-0.4765249858136442
-28.250315521852187,-0.4760886688243378
-28.24575679527953,-0.47565264486014036
-28.241198068706872,-0.475216913798064
-28.236639342134215,-0.4747814755151381
-28.232080615561557,-0.4743463298884131
-28.2275218889889,-0.47391147679495754
-28.222963162416242,-0.47347691611186077
-28.218404435843585,-0.47304264771622956
-28.21384570927093,-0.4726086714851924
-28.209286982698274,-0.4721749872958947
-28.204728256125616,-0.47174159502550267
-28.20016952955296,-0.4713084945512013
-28.1956108029803,-0.4708756857501967
-28.191052076407644,-0.4704431684997111
-28.186493349834986,-0.47001094267698873
-28.18193462326233,-0.4695790081592928
-28.17737589668967,-0.4691473648239044
-28.172817170117014,-0.4687160125481261
-28.168258443544357,-0.468284951209279
-28.1636997169717,-0.4678541806847023
-28.15914099039904,-0.4674237008517563
-28.154582263826384,-0.4669935115878207
-28.150023537253727,-0.46656361277029323
-28.14546481068107,-0.4661340042765923
-28.140906084108412,-0.46570468598415515
-28.136347357535755,-0.46527565777043867
-28.131788630963097,-0.46484691951291895
-28.12722990439044,-0.4644184710890914
-28.122671177817782,-0.46399031237647187
-28.11811245124513,-0.46356244325259444
-28.11355372467247,-0.4631348635950124
-28.108994998099814,-0.46270757328129936
-28.104436271527156,-0.462280572189049
-28.0998775449545,-0.4618538601958723
-28.09531881838184,-0.4614274371794019
-28.090760091809184,-0.46100130301728837
-28.086201365236526,-0.46057545758720214
-28.08164263866387,-0.46014990076683354
-28.07708391209121,-0.4597246324338921
-28.072525185518554,-0.459299652466107
-28.067966458945897,-0.4588749607412255
-28.06340773237324,-0.4584505571370169
-28.05884900580058,-0.4580264415312681
-28.054290279227924,-0.45760261380178524
-28.049731552655267,-0.45717907382639555
-28.04517282608261,-0.4567558214829442
-28.040614099509952,-0.45633285664929685
-28.036055372937295,-0.45591017920333765
-28.031496646364637,-0.4554877890229712
-28.02693791979198,-0.4550656859861219
-28.022379193219326,-0.45464386997073175
-28.01782046664667,-0.45422234085476454
-28.01326174007401,-0.4538010985162018
-28.008703013501353,-0.4533801428330457
-28.004144286928696,-0.452959473683317
-27.99958556035604,-0.452539090945057
-27.99502683378338,-0.45211899449632537
-27.990468107210724,-0.45169918421520294
-27.985909380638066,-0.4512796599797883
-27.98135065406541,-0.4508604216682002
-27.97679192749275,-0.45044146915857747
-27.972233200920094,-0.4500228023290781
-27.967674474347437,-0.44960442105787896
-27.96311574777478,-0.44918632522317786
-27.95855702120212,-0.44876851470319024
-27.953998294629464,-0.44835098937615364
-27.949439568056807,-0.4479337491203227
-27.94488084148415,-0.44751679381397325
-27.940322114911492,-0.44710012333539917
-27.935763388338835,-0.44668373756291546
-27.931204661766177,-0.44626763637485617
-27.926645935193523,-0.44585181964957465
-27.922087208620866,-0.4454362872654433
-27.91752848204821,-0.44502103910085544
-27.91296975547555,-0.4446060750342229
-27.908411028902893,-0.4441913949439776
-27.903852302330236,-0.4437769987085705
-27.89929357575758,-0.44336288620647285
-27.89473484918492,-0.4429490573161757
-27.890176122612264,-0.44253551191618873
-27.885617396039606,-0.4421222498850413
-27.88105866946695,-0.44170927110128333
-27.87649994289429,-0.44129657544348305
-27.871941216321634,-0.4408841627902297
-27.867382489748977,-0.4404720330201313
-27.86282376317632,-0.44006018601181496
-27.85826503660366,-0.43964862164392904
-27.853706310031004,-0.4392373397951396
-27.849147583458347,-0.438826340344134
-27.84458885688569,-0.4384156231696181
-27.840030130313032,-0.43800518815031825
-27.835471403740375,-0.4375950351649791
-27.83091267716772,-0.4371851640923664
-27.826353950595063,-0.4367755748112655
-27.821795224022406,-0.4363662672004796
-27.81723649744975,-0.4359572411388335
-27.81267777087709,-0.43554849650517075
-27.808119044304433,-0.43514003317835476
-27.803560317731776,-0.4347318510372687
-27.79900159115912,-0.4343239499608153
-27.79444286458646,-0.43391632982791667
-27.789884138013804,-0.433508990517515
-27.785325411441146,-0.43310193190857205
-27.78076668486849,-0.4326951538800696
-27.77620795829583,-0.4322886563110083
-27.771649231723174,-0.4318824390804081
-27.767090505150517,-0.43147650206731125
-27.76253177857786,-0.43107084515077615
-27.7579730520052,-0.4306654682098837
-27.753414325432544,-0.4302603711237328
-27.748855598859887,-0.42985555377144297
-27.74429687228723,-0.4294510160321529
-27.739738145714572,-0.42904675778502105
-27.735179419141918,-0.4286427789092268
-27.73062069256926,-0.42823907928396654
-27.726061965996603,-0.4278356587884591
-27.721503239423946,-0.4274325173019418
-27.71694451285129,-0.4270296547036708
-27.71238578627863,-0.42662707087292495
-27.707827059705973,-0.4262247656889987
-27.703268333133316,-0.4258227390312097
-27.69870960656066,-0.4254209907788943
-27.694150879988,-0.4250195208114074
-27.689592153415344,-0.4246183290081252
-27.685033426842686,-0.42421741524844275
-27.68047470027003,-0.4238167794117753
-27.67591597369737,-0.423416421377557
-27.671357247124714,-0.4230163410252432
-27.666798520552057,-0.42261653823430784
-27.6622397939794,-0.42221701288424424
-27.65768106740674,-0.42181776485456846
-27.653122340834084,-0.4214187940248119
-27.648563614261427,-0.42102010027452863
-27.64400488768877,-0.420621683483292
-27.639446161116116,-0.420223543530695
-27.634887434543458,-0.41982568029634987
-27.6303287079708,-0.4194280936598897
-27.625769981398143,-0.41903078350096584
-27.621211254825486,-0.4186337496992515
-27.61665252825283,-0.4182369921344375
-27.61209380168017,-0.41784051068623584
-27.607535075107513,-0.41744430523437853
-27.602976348534856,-0.4170483756586163
-27.5984176219622,-0.41665272183872
-27.59385889538954,-0.4162573436544808
-27.589300168816884,-0.41586224098570884
-27.584741442244226,-0.4154674137122356
-27.58018271567157,-0.41507286171391095
-27.57562398909891,-0.41467858487060466
-27.571065262526254,-0.41428458306220745
-27.566506535953597,-0.4138908561686281
-27.56194780938094,-0.4134974040697969
-27.55738908280828,-0.4131042266456636
-27.552830356235624,-0.4127113237761963
-27.548271629662967,-0.41231869534138543
-27.543712903090313,-0.41192634122123956
-27.539154176517656,-0.4115342612957868
-27.534595449944998,-0.4111424554450768
-27.53003672337234,-0.4107509235491777
-27.525477996799683,-0.41035966548817765
-27.520919270227026,-0.4099686811421855
-27.51636054365437,-0.40957797039132876
-27.51180181708171,-0.40918753311575584
-27.507243090509053,-0.4087973691956345
-27.502684363936396,-0.40840747851115233
-27.49812563736374,-0.4080178609425169
-27.49356691079108,-0.40762851636995623
-27.489008184218424,-0.40723944467371687
-27.484449457645766,-0.406850645734067
-27.47989073107311,-0.4064621194312924
-27.47533200450045,-0.4060738656457022
-27.470773277927794,-0.40568588425762175
-27.466214551355137,-0.405298175147398
-27.46165582478248,-0.40491073819539825
-27.45709709820982,-0.4045235732820088
-27.452538371637164,-0.4041366802876369
-27.44797964506451,-0.40375005909270817
-27.443420918491853,-0.4033637095776694
-27.438862191919196,-0.4029776316229867
-27.434303465346538,-0.40259182510914676
-27.42974473877388,-0.402206289916655
-27.425186012201223,-0.4018210259260386
-27.420627285628566,-0.4014360330178424
-27.41606855905591,-0.40105131107263337
-27.41150983248325,-0.4006668599709967
-27.406951105910593,-0.400282679593539
-27.402392379337936,-0.39989876982088557
-27.39783365276528,-0.39951513053368165
-27.39327492619262,-0.39913176161259434
-27.388716199619964,-0.3987486629383078
-27.384157473047306,-0.3983658343915289
-27.37959874647465,-0.39798327585298254
-27.37504001990199,-0.3976009872034142
-27.370481293329334,-0.3972189683235897
-27.365922566756677,-0.3968372190942944
-27.36136384018402,-0.3964557393963346
-27.35680511361136,-0.3960745291105346
-27.352246387038708,-0.39569358811774
-27.34768766046605,-0.39531291629881676
-27.343128933893393,-0.39493251353464937
-27.338570207320736,-0.3945523797061441
-27.334011480748078,-0.39417251469422604
-27.32945275417542,-0.393792918379841
-27.324894027602763,-0.3934135906439536
-27.320335301030106,-0.39303453136754984
-27.31577657445745,-0.39265574043163476
-27.31121784788479,-0.39227721771723373
-27.306659121312133,-0.39189896310539285
-27.302100394739476,-0.39152097647717654
-27.29754166816682,-0.39114325771367137
-27.29298294159416,-0.3907658066959822
-27.288424215021504,-0.390388623305235
-27.283865488448846,-0.3900117074225746
-27.27930676187619,-0.38963505892916694
-27.27474803530353,-0.389258677706198
-27.270189308730874,-0.38888256363487317
-27.265630582158217,-0.38850671659641806
-27.26107185558556,-0.38813113647207864
-27.256513129012905,-0.3877558231431211
-27.251954402440248,-0.38738077649083014
-27.24739567586759,-0.38700599639651256
-27.242836949294933,-0.38663148274149384
-27.238278222722276,-0.3862572354071206
-27.233719496149618,-0.3858832542747589
-27.22916076957696,-0.38550953922579484
-27.224602043004303,-0.38513609014163425
-27.220043316431646,-0.38476290690370385
-27.21548458985899,-0.3843899893934502
-27.21092586328633,-0.38401733749233957
-27.206367136713673,-0.3836449510818582
-27.201808410141016,-0.38327283004351326
-27.19724968356836,-0.3829009742588314
-27.1926909569957,-0.3825293836093601
-27.188132230423044,-0.38215805797666524
-27.183573503850386,-0.38178699724233417
-27.17901477727773,-0.38141620128797443
-27.17445605070507,-0.38104566999521317
-27.169897324132414,-0.38067540324569754
-27.165338597559757,-0.38030540092109544
-27.160779870987103,-0.3799356629030947
-27.156221144414445,-0.3795661890734021
-27.151662417841788,-0.3791969793137459
-27.14710369126913,-0.3788280335058749
-27.142544964696473,-0.37845935153155597
-27.137986238123815,-0.37809093327257837
-27.133427511551158,-0.3777227786107501
-27.1288687849785,-0.3773548874278994
-27.124310058405843,-0.37698725960587576
-27.119751331833186,-0.37661989502654736
-27.11519260526053,-0.37625279357180347
-27.11063387868787,-0.37588595512355305
-27.106075152115213,-0.37551937956372566
-27.101516425542556,-0.37515306677427057
-27.0969576989699,-0.3747870166371574
-27.09239897239724,-0.3744212290343759
-27.087840245824584,-0.37405570384793624
-27.083281519251926,-0.3736904409598685
-27.07872279267927,-0.3733254402522227
-27.07416406610661,-0.3729607016070694
-27.069605339533954,-0.3725962249065
-27.0650466129613,-0.3722320100326245
-27.060487886388643,-0.37186805686757457
-27.055929159815985,-0.37150436529350034
-27.051370433243328,-0.3711409351925751
-27.04681170667067,-0.3707777664469887
-27.042252980098013,-0.3704148589389538
-27.037694253525355,-0.3700522125507023
-27.033135526952698,-0.36968982716448673
-27.02857680038004,-0.3693277026625792
-27.024018073807383,-0.3689658389272725
-27.019459347234726,-0.3686042358408797
-27.01490062066207,-0.36824289328573356
-27.01034189408941,-0.3678818111441879
-27.005783167516753,-0.3675209892986159
-27.001224440944096,-0.3671604276314114
-26.99666571437144,-0.36680012602498835
-26.99210698779878,-0.3664400843617818
-26.987548261226124,-0.3660803025242456
-26.982989534653466,-0.3657207803948543
-26.97843080808081,-0.3653615178561037
-26.97387208150815,-0.3650025147905078
-26.969313354935498,-0.3646437710806036
-26.96475462836284,-0.36428528660894594
-26.960195901790183,-0.3639270612581112
-26.955637175217525,-0.36356909491069517
-26.951078448644868,-0.36321138744931525
-26.94651972207221,-0.36285393875660765
-26.941960995499553,-0.3624967487152296
-26.937402268926895,-0.3621398172078586
-26.932843542354238,-0.36178314411719237
-26.92828481578158,-0.3614267293259484
-26.923726089208923,-0.36107057271686527
-26.919167362636266,-0.36071467417270187
-26.91460863606361,-0.3603590335762362
-26.91004990949095,-0.36000365081026775
-26.905491182918293,-0.3596485257576163
-26.900932456345636,-0.35929365830112087
-26.89637372977298,-0.3589390483236421
-26.89181500320032,-0.35858469570805956
-26.887256276627664,-0.35823060033727483
-26.882697550055006,-0.3578767620942083
-26.87813882348235,-0.35752318086180096
-26.873580096909695,-0.35716985652301536
-26.869021370337038,-0.3568167889608321
-26.86446264376438,-0.3564639780582543
-26.859903917191723,-0.35611142369830423
-26.855345190619065,-0.35575912576402524
-26.850786464046408,-0.35540708413847966
-26.84622773747375,-0.35505529870475183
-26.841669010901093,-0.35470376934594566
-26.837110284328435,-0.35435249594518503
-26.832551557755778,-0.3540014783856142
-26.82799283118312,-0.3536507165503992
-26.823434104610463,-0.3533002103227248
-26.818875378037806,-0.3529499595857965
-26.81431665146515,-0.35259996422284096
-26.80975792489249,-0.35225022411710377
-26.805199198319833,-0.35190073915185205
-26.800640471747176,-0.351551509210373
-26.79608174517452,-0.3512025341759742
-26.79152301860186,-0.3508538139319839
-26.786964292029204,-0.3505053483617492
-26.782405565456546,-0.35015713734864046
-26.777846838883892,-0.34980918077604545
-26.773288112311235,-0.3494614785273742
-26.768729385738578,-0.3491140304860558
-26.76417065916592,-0.3487668365355413
-26.759611932593263,-0.3484198965593016
-26.755053206020605,-0.34807321044082684
-26.750494479447948,-0.3477267780636288
-26.74593575287529,-0.34738059931123944
-26.741377026302633,-0.34703467406721095
-26.736818299729975,-0.34668900221511656
-26.732259573157318,-0.34634358363854817
-26.72770084658466,-0.3459984182211204
-26.723142120012003,-0.3456535058464672
-26.718583393439346,-0.34530884639824216
-26.71402466686669,-0.34496443976012076
-26.70946594029403,-0.3446202858157979
-26.704907213721373,-0.3442763844489896
-26.700348487148716,-0.3439327355434319
-26.69578976057606,-0.34358933898288135
-26.6912310340034,-0.3432461946511147
-26.686672307430744,-0.3429033024319295
-26.68211358085809,-0.34256066220914444
-26.677554854285432,-0.3422182738665972
-26.672996127712775,-0.34187613728814664
-26.668437401140118,-0.3415342523576723
-26.66387867456746,-0.3411926189590738
-26.659319947994803,-0.34085123697627123
-26.654761221422145,-0.3405101062932059
-26.650202494849488,-0.34016922679383876
-26.64564376827683,-0.3398285983621513
-26.641085041704173,-0.3394882208821458
-26.636526315131515,-0.33914809423784487
-26.631967588558858,-0.33880821831329166
-26.6274088619862,-0.33846859299255
-26.622850135413543,-0.3381292181597038
-26.618291408840886,-0.3377900936988582
-26.61373268226823,-0.33745121949413753
-26.60917395569557,-0.33711259542968763
-26.604615229122913,-0.3367742213896749
-26.600056502550256,-0.3364360972582863
-26.5954977759776,-0.3360982229197283
-26.59093904940494,-0.335760598258229
-26.586380322832287,-0.3354232231580372
-26.58182159625963,-0.3350860975034203
-26.577262869686972,-0.3347492211786679
-26.572704143114315,-0.33441259406809115
-26.568145416541658,-0.3340762160560189
-26.563586689969,-0.33374008702680186
-26.559027963396343,-0.3334042068648128
-26.554469236823685,-0.3330685754544427
-26.549910510251028,-0.33273319268010415
-26.54535178367837,-0.33239805842623044
-26.540793057105713,-0.33206317257727475
-26.536234330533055,-0.3317285350177119
-26.531675603960398,-0.331394145632036
-26.52711687738774,-0.3310600043047625
-26.522558150815083,-0.3307261109204277
-26.517999424242426,-0.330392465363587
-26.51344069766977,-0.33005906751881847
-26.50888197109711,-0.3297259172707188
-26.504323244524453,-0.3293930145039067
-26.499764517951796,-0.32906035910302034
-26.49520579137914,-0.32872795095272
-26.490647064806485,-0.32839578993768465
-26.486088338233827,-0.3280638759426145
-26.48152961166117,-0.3277322088522314
-26.476970885088512,-0.3274007885512765
-26.472412158515855,-0.32706961492451236
-26.467853431943198,-0.32673868785672194
-26.46329470537054,-0.32640800723270846
-26.458735978797883,-0.32607757293729583
-26.454177252225225,-0.3257473848553292
-26.449618525652568,-0.32541744287167346
-26.44505979907991,-0.3250877468712149
-26.440501072507253,-0.32475829673886
-26.435942345934595,-0.3244290923595355
-26.431383619361938,-0.3241001336181898
-26.42682489278928,-0.3237714203997911
-26.422266166216623,-0.3234429525893281
-26.417707439643966,-0.32311473007181074
-26.41314871307131,-0.3227867527322699
-26.40858998649865,-0.3224590204557554
-26.404031259925993,-0.3221315331273401
-26.399472533353336,-0.32180429063211546
-26.394913806780682,-0.3214772928551953
-26.390355080208025,-0.321150539681712
-26.385796353635367,-0.32082403099682066
-26.38123762706271,-0.3204977666856953
-26.376678900490052,-0.3201717466335329
-26.372120173917395,-0.319845970725549
-26.367561447344738,-0.31952043884697984
-26.36300272077208,-0.3191951508830839
-26.358443994199423,-0.3188701067191395
-26.353885267626765,-0.31854530624044514
-26.349326541054108,-0.3182207493323207
-26.34476781448145,-0.3178964358801063
-26.340209087908793,-0.31757236576916287
-26.335650361336135,-0.3172485388848724
-26.331091634763478,-0.3169249551126372
-26.32653290819082,-0.31660161433788014
-26.321974181618163,-0.31627851644604565
-26.317415455045506,-0.3159556613225975
-26.31285672847285,-0.31563304885302157
-26.30829800190019,-0.31531067892282333
-26.303739275327533,-0.3149885514175298
-26.29918054875488,-0.31466666622268835
-26.294621822182222,-0.31434502322386637
-26.290063095609565,-0.3140236223066533
-26.285504369036907,-0.3137024633566584
-26.28094564246425,-0.3133815462595121
-26.276386915891592,-0.3130608709008656
-26.271828189318935,-0.3127404371663907
-26.267269462746277,-0.3124202449417789
-26.26271073617362,-0.3121002941127446
-26.258152009600963,-0.3117805845650216
-26.253593283028305,-0.3114611161843641
-26.249034556455648,-0.311141888856548
-26.24447582988299,-0.3108229024673689
-26.239917103310333,-0.3105041569026447
-26.235358376737675,-0.31018565204821263
-26.230799650165018,-0.30986738778993156
-26.22624092359236,-0.30954936401367994
-26.221682197019703,-0.30923158060535905
-26.217123470447046,-0.30891403745088863
-26.21256474387439,-0.30859673443621116
-26.20800601730173,-0.30827967144728863
-26.203447290729077,-0.30796284837010446
-26.19888856415642,-0.30764626509066223
-26.194329837583762,-0.30732992149498667
-26.189771111011105,-0.3070138174691236
-26.185212384438447,-0.306697952899139
-26.18065365786579,-0.306382327671121
-26.176094931293132,-0.30606694167117643
-26.171536204720475,-0.3057517947854344
-26.166977478147817,-0.3054368869000448
-26.16241875157516,-0.3051222179011776
-26.157860025002503,-0.3048077876750243
-26.153301298429845,-0.3044935961077965
-26.148742571857188,-0.30417964308572776
-26.14418384528453,-0.3038659284950708
-26.139625118711873,-0.3035524522221006
-26.135066392139215,-0.3032392141531129
-26.130507665566558,-0.30292621417442317
-26.1259489389939,-0.3026134521723683
-26.121390212421243,-0.3023009280333068
-26.116831485848586,-0.30198864164361694
-26.11227275927593,-0.3016765928896982
-26.107714032703274,-0.30136478165797104
-26.103155306130617,-0.30105320783487655
-26.09859657955796,-0.30074187130687724
-26.094037852985302,-0.3004307719604553
-26.089479126412645,-0.3001199096821149
-26.084920399839987,-0.2998092843583811
-26.08036167326733,-0.2994988958757986
-26.075802946694672,-0.2991887441209344
-26.071244220122015,-0.29887882898037543
-26.066685493549357,-0.2985691503407301
-26.0621267669767,-0.29825970808862745
-26.057568040404043,-0.29795050211071705
-26.053009313831385,-0.2976415322936703
-26.048450587258728,-0.2973327985241777
-26.04389186068607,-0.29702430068895375
-26.039333134113413,-0.2967160386747299
-26.034774407540755,-0.29640801236826186
-26.030215680968098,-0.2961002216563243
-26.02565695439544,-0.2957926664257132
-26.021098227822783,-0.29548534656324676
-26.016539501250126,-0.29517826195576163
-26.011980774677472,-0.2948714124901176
-26.007422048104814,-0.29456479805319447
-26.002863321532157,-0.2942584185318923
-25.9983045949595,-0.29395227381313305
-25.993745868386842,-0.29364636378385967
-25.989187141814185,-0.29334068833103516
-25.984628415241527,-0.29303524734164477
-25.98006968866887,-0.29273004070269293
-25.975510962096212,-0.2924250683012067
-25.970952235523555,-0.2921203300242331
-25.966393508950897,-0.29181582575884046
-25.96183478237824,-0.2915115553921177
-25.957276055805583,-0.2912075188111753
-25.952717329232925,-0.29090371590314384
-25.948158602660268,-0.2906001465551758
-25.94359987608761,-0.290296810654444
-25.939041149514953,-0.2899937080881421
-25.934482422942295,-0.28969083874348556
-25.929923696369638,-0.28938820250770986
-25.92536496979698,-0.2890857992680725
-25.920806243224323,-0.2887836289118506
-25.91624751665167,-0.2884816913263437
-25.911688790079012,-0.2881799863988706
-25.907130063506354,-0.2878785140167725
-25.902571336933697,-0.28757727406741157
-25.89801261036104,-0.2872762664381703
-25.893453883788382,-0.2869754910164524
-25.888895157215725,-0.2866749476896828
-25.884336430643067,-0.2863746363453067
-25.87977770407041,-0.2860745568707918
-25.875218977497752,-0.28577470915362496
-25.870660250925095,-0.28547509308131547
-25.866101524352437,-0.2851757085413933
-25.86154279777978,-0.28487655542140866
-25.856984071207123,-0.28457763360893396
-25.852425344634465,-0.28427894299156137
-25.847866618061808,-0.2839804834569056
-25.84330789148915,-0.28368225489260035
-25.838749164916493,-0.283384257186303
-25.834190438343835,-0.2830864902256893
-25.829631711771178,-0.28278895389845826
-25.82507298519852,-0.28249164809232796
-25.820514258625867,-0.2821945726950393
-25.81595553205321,-0.2818977275943529
-25.811396805480552,-0.2816011126780514
-25.806838078907894,-0.28130472783393684
-25.802279352335237,-0.28100857294983517
-25.79772062576258,-0.2807126479135906
-25.793161899189922,-0.28041695261307026
-25.788603172617265,-0.28012148693616085
-25.784044446044607,-0.27982625077077106
-25.77948571947195,-0.2795312440048314
-25.774926992899292,-0.2792364665262915
-25.770368266326635,-0.2789419182231234
-25.765809539753977,-0.27864759898332014
-25.76125081318132,-0.27835350869489595
-25.756692086608663,-0.27805964724588494
-25.752133360036005,-0.27776601452434396
-25.747574633463348,-0.27747261041834986
-25.74301590689069,-0.2771794348160014
-25.738457180318033,-0.2768864876054172
-25.733898453745375,-0.2765937686747383
-25.729339727172718,-0.27630127791212583
-25.724781000600064,-0.2760090152057632
-25.720222274027407,-0.275716980443854
-25.71566354745475,-0.27542517351462226
-25.711104820882092,-0.2751335943063152
-25.706546094309434,-0.27484224270719915
-25.701987367736777,-0.2745511186055628
-25.69742864116412,-0.274260221889716
-25.692869914591462,-0.2739695524479885
-25.688311188018805,-0.27367911016873187
-25.683752461446147,-0.27338889494031954
-25.67919373487349,-0.2730989066511454
-25.674635008300832,-0.272809145189624
-25.670076281728175,-0.27251961044419204
-25.665517555155517,-0.2722303023033067
-25.66095882858286,-0.271941220655447
-25.656400102010203,-0.2716523653891118
-25.651841375437545,-0.27136373639282185
-25.647282648864888,-0.2710753335551201
-25.64272392229223,-0.27078715676456927
-25.638165195719573,-0.2704992059097536
-25.633606469146915,-0.2702114808792785
-25.62904774257426,-0.26992398156177083
-25.624489016001604,-0.26963670784587807
-25.619930289428947,-0.2693496596202696
-25.61537156285629,-0.2690628367736353
-25.610812836283632,-0.2687762391946871
-25.606254109710974,-0.2684898667721568
-25.601695383138317,-0.26820371939479887
-25.59713665656566,-0.26791779695138773
-25.592577929993002,-0.26763209933071985
-25.588019203420345,-0.2673466264216126
-25.583460476847687,-0.2670613781129041
-25.57890175027503,-0.2667763542934543
-25.574343023702372,-0.2664915548521444
-25.569784297129715,-0.2662069796778764
-25.565225570557057,-0.2659226286595736
-25.5606668439844,-0.26563850168618053
-25.556108117411743,-0.26535459864666344
-25.551549390839085,-0.2650709194300087
-25.546990664266428,-0.26478746392522523
-25.54243193769377,-0.2645042320213422
-25.537873211121113,-0.2642212236074102
-25.53331448454846,-0.2639384385725019
-25.5287557579758,-0.2636558768057097
-25.524197031403144,-0.2633735381961479
-25.519638304830487,-0.26309142263295315
-25.51507957825783,-0.2628095300052816
-25.510520851685172,-0.26252786020231145
-25.505962125112514,-0.2622464131132426
-25.501403398539857,-0.26196518862729556
-25.4968446719672,-0.26168418663371207
-25.492285945394542,-0.2614034070217555
-25.487727218821885,-0.26112284968071053
-25.483168492249227,-0.2608425144998823
-25.47860976567657,-0.2605624013685988
-25.474051039103912,-0.2602825101762075
-25.469492312531255,-0.26000284081207825
-25.464933585958597,-0.2597233931656021
-25.46037485938594,-0.2594441671261908
-25.455816132813283,-0.25916516258327804
-25.451257406240625,-0.25888637942631887
-25.446698679667968,-0.2586078175447883
-25.44213995309531,-0.2583294768281843
-25.437581226522656,-0.25805135716602606
-25.43302249995,-0.2577734584478522
-25.42846377337734,-0.2574957805632247
-25.423905046804684,-0.2572183234017259
-25.419346320232027,-0.25694108685296
-25.41478759365937,-0.2566640708065512
-25.410228867086712,-0.25638727515214754
-25.405670140514054,-0.2561106997794149
-25.401111413941397,-0.2558343445780439
-25.39655268736874,-0.25555820943774427
-25.391993960796082,-0.25528229424824805
-25.387435234223425,-0.2550065988993081
-25.382876507650767,-0.2547311232806985
-25.37831778107811,-0.2544558672822162
-25.373759054505452,-0.25418083079367687
-25.369200327932795,-0.2539060137049201
-25.364641601360137,-0.2536314159058048
-25.36008287478748,-0.2533570372862128
-25.355524148214823,-0.25308287773604643
-25.350965421642165,-0.25280893714522934
-25.346406695069508,-0.25253521540370677
-25.341847968496854,-0.25226171240144585
-25.337289241924196,-0.25198842802843363
-25.33273051535154,-0.25171536217468005
-25.32817178877888,-0.25144251473021556
-25.323613062206224,-0.251169885585092
-25.319054335633567,-0.25089747462938344
-25.31449560906091,-0.2506252817531842
-25.309936882488252,-0.2503533068466107
-25.305378155915594,-0.2500815497998002
-25.300819429342937,-0.24981001050291196
-25.29626070277028,-0.24953868884612643
-25.291701976197622,-0.2492675847196451
-25.287143249624965,-0.2489966980136911
-25.282584523052307,-0.24872602861850937
-25.27802579647965,-0.2484555764243656
-25.273467069906992,-0.2481853413215471
-25.268908343334335,-0.2479153232003631
-25.264349616761677,-0.2476455219511435
-25.25979089018902,-0.2473759374642396
-25.255232163616363,-0.24710656963002522
-25.250673437043705,-0.24683741833889378
-25.24611471047105,-0.24656848348126198
-25.241555983898394,-0.24629976494756664
-25.236997257325736,-0.2460312626282667
-25.23243853075308,-0.24576297641384273
-25.22787980418042,-0.2454949061947957
-25.223321077607764,-0.24522705186164906
-25.218762351035107,-0.24495941330494705
-25.21420362446245,-0.24469199041525572
-25.209644897889792,-0.24442478308316246
-25.205086171317134,-0.24415779119927614
-25.200527444744477,-0.2438910146542271
-25.19596871817182,-0.24362445333866747
-25.191409991599162,-0.2433581071432698
-25.186851265026505,-0.24309197595872908
-25.182292538453847,-0.24282605967576104
-25.17773381188119,-0.24256035818510424
-25.173175085308532,-0.24229487137751707
-25.168616358735875,-0.24202959914377997
-25.164057632163217,-0.2417645413746958
-25.15949890559056,-0.24149969796108728
-25.154940179017903,-0.24123506879379986
-25.15038145244525,-0.2409706537637
-25.14582272587259,-0.24070645276167552
-25.141263999299934,-0.24044246567863628
-25.136705272727276,-0.2401786924055128
-25.13214654615462,-0.23991513283325774
-25.12758781958196,-0.23965178685284544
-25.123029093009304,-0.239388654355271
-25.118470366436647,-0.23912573523155134
-25.11391163986399,-0.23886302937272577
-25.109352913291332,-0.23860053666985312
-25.104794186718674,-0.23833825701401606
-25.100235460146017,-0.23807619029631716
-25.09567673357336,-0.23781433640788108
-25.091118007000702,-0.23755269523985403
-25.086559280428045,-0.23729126668340367
-25.082000553855387,-0.23703005062971894
-25.07744182728273,-0.23676904697001083
-25.072883100710072,-0.23650825559551175
-25.068324374137415,-0.23624767639747513
-25.063765647564757,-0.2359873092671767
-25.0592069209921,-0.23572715409591294
-25.054648194419446,-0.23546721077500307
-25.05008946784679,-0.23520747919578633
-25.04553074127413,-0.23494795924962475
-25.040972014701474,-0.23468865082790108
-25.036413288128816,-0.23442955382202027
-25.03185456155616,-0.23417066812340856
-25.0272958349835,-0.2339119936235138
-25.022737108410844,-0.23365353021380558
-25.018178381838187,-0.2333952777857744
-25.01361965526553,-0.2331372362309332
-25.009060928692872,-0.23287940544081617
-25.004502202120214,-0.23262178530697877
-24.999943475547557,-0.2323643757209984
-24.9953847489749,-0.23210717657447416
-24.990826022402242,-0.23185018775902624
-24.986267295829585,-0.23159340916629673
-24.981708569256927,-0.23133684068794985
-24.97714984268427,-0.23108048221567018
-24.972591116111612,-0.230824333641165
-24.968032389538955,-0.23056839485616284
-24.963473662966297,-0.2303126657524138
-24.958914936393644,-0.23005714622168977
-24.954356209820986,-0.22980183615578373
-24.94979748324833,-0.2295467354465108
-24.94523875667567,-0.22929184398570762
-24.940680030103014,-0.2290371616652324
-24.936121303530356,-0.22878268837696486
-24.9315625769577,-0.22852842401280654
-24.92700385038504,-0.2282743684646808
-24.922445123812384,-0.2280205216245319
-24.917886397239727,-0.22776688338432702
-24.91332767066707,-0.22751345363605355
-24.908768944094412,-0.22726023227172107
-24.904210217521754,-0.22700721918336156
-24.899651490949097,-0.22675441426302737
-24.89509276437644,-0.2265018174027937
-24.890534037803782,-0.22624942849475627
-24.885975311231125,-0.2259972474310334
-24.881416584658467,-0.2257452741037648
-24.87685785808581,-0.2254935084051117
-24.872299131513152,-0.2252419502272567
-24.867740404940495,-0.224990599462405
-24.86318167836784,-0.22473945600278303
-24.858622951795184,-0.22448851974063813
-24.854064225222526,-0.22423779056824025
-24.84950549864987,-0.2239872683778807
-24.84494677207721,-0.22373695306187272
-24.840388045504554,-0.223486844512551
-24.835829318931896,-0.2232369426222716
-24.83127059235924,-0.22298724728341357
-24.82671186578658,-0.22273775838837584
-24.822153139213924,-0.2224884758295806
-24.817594412641267,-0.22223939949947064
-24.81303568606861,-0.22199052929051113
-24.80847695949595,-0.2217418650951887
-24.803918232923294,-0.22149340680601162
-24.799359506350637,-0.2212451543155101
-24.79480077977798,-0.22099710751623625
-24.790242053205322,-0.2207492663007635
-24.785683326632665,-0.22050163056168678
-24.781124600060007,-0.22025420019162326
-24.77656587348735,-0.22000697508321204
-24.772007146914692,-0.21975995512911303
-24.76744842034204,-0.21951314022200907
-24.76288969376938,-0.21926653025460363
-24.758330967196724,-0.21902012511962235
-24.753772240624066,-0.21877392470981308
-24.74921351405141,-0.2185279289179448
-24.74465478747875,-0.2182821376368085
-24.740096060906094,-0.21803655075921707
-24.735537334333436,-0.21779116817800476
-24.73097860776078,-0.2175459897860279
-24.72641988118812,-0.21730101547616443
-24.721861154615464,-0.21705624514131436
-24.717302428042807,-0.216811678674399
-24.71274370147015,-0.2165673159683618
-24.70818497489749,-0.21632315691616782
-24.703626248324834,-0.21607920141080358
-24.699067521752177,-0.21583544934527835
-24.69450879517952,-0.21559190061262246
-24.689950068606862,-0.21534855510588793
-24.685391342034205,-0.21510541271814887
-24.680832615461547,-0.2148624733425011
-24.67627388888889,-0.21461973687206248
-24.671715162316236,-0.21437720319997214
-24.66715643574358,-0.21413487221939134
-24.66259770917092,-0.21389274382350318
-24.658038982598264,-0.21365081790551269
-24.653480256025606,-0.21340909435864613
-24.64892152945295,-0.21316757307615256
-24.64436280288029,-0.21292625395130174
-24.639804076307634,-0.21268513687738622
-24.635245349734976,-0.21244422174771946
-24.63068662316232,-0.21220350845563765
-24.62612789658966,-0.21196299689449846
-24.621569170017004,-0.21172268695768104
-24.617010443444347,-0.21148257853858696
-24.61245171687169,-0.21124267153063886
-24.60789299029903,-0.21100296582728223
-24.603334263726374,-0.21076346132198379
-24.598775537153717,-0.21052415790823184
-24.59421681058106,-0.2102850554795372
-24.589658084008402,-0.21004615392943243
-24.585099357435745,-0.2098074531514711
-24.580540630863087,-0.20956895303922995
-24.575981904290433,-0.209330653486307
-24.571423177717776,-0.20909255438632124
-24.56686445114512,-0.20885465563291536
-24.56230572457246,-0.20861695711975206
-24.557746997999804,-0.20837945874051716
-24.553188271427146,-0.20814216038891814
-24.54862954485449,-0.2079050619586841
-24.54407081828183,-0.207668163343566
-24.539512091709174,-0.20743146443733684
-24.534953365136516,-0.20719496513379157
-24.53039463856386,-0.20695866532674684
-24.5258359119912,-0.2067225649100412
-24.521277185418544,-0.2064866637775356
-24.516718458845887,-0.20625096182311234
-24.51215973227323,-0.20601545894067544
-24.50760100570057,-0.2057801550241516
-24.503042279127914,-0.20554504996748865
-24.498483552555257,-0.20531014366465694
-24.4939248259826,-0.2050754360096483
-24.489366099409942,-0.2048409268964768
-24.484807372837285,-0.20460661621917817
-24.48024864626463,-0.20437250387181077
-24.475689919691973,-0.20413858974845334
-24.471131193119316,-0.2039048737432081
-24.46657246654666,-0.20367135575019846
-24.462013739974,-0.20343803566356997
-24.457455013401344,-0.20320491337749005
-24.452896286828686,-0.2029719887861484
-24.44833756025603,-0.202739261783756
-24.44377883368337,-0.2025067322645462
-24.439220107110714,-0.20227440012277445
-24.434661380538056,-0.20204226525271787
-24.4301026539654,-0.2018103275486755
-24.42554392739274,-0.20157858690496855
-24.420985200820084,-0.20134704321594
-24.416426474247427,-0.20111569637595536
-24.41186774767477,-0.20088454627940086
-24.40730902110211,-0.20065359282068623
-24.402750294529454,-0.2004228358942422
-24.398191567956797,-0.20019227539452167
-24.39363284138414,-0.19996191121599965
-24.389074114811482,-0.19973174325317314
-24.384515388238828,-0.199501771400561
-24.37995666166617,-0.19927199555270403
-24.375397935093513,-0.19904241560416502
-24.370839208520856,-0.19881303144952936
-24.3662804819482,-0.19858384298340342
-24.36172175537554,-0.1983548501004162
-24.357163028802884,-0.1981260526952189
-24.352604302230226,-0.19789745066248435
-24.34804557565757,-0.19766904389690734
-24.34348684908491,-0.1974408322932049
-24.338928122512254,-0.19721281574611604
-24.334369395939596,-0.19698499415040135
-24.32981066936694,-0.19675736740084432
-24.32525194279428,-0.19652993539225003
-24.320693216221624,-0.1963026980194449
-24.316134489648967,-0.19607565517727907
-24.31157576307631,-0.19584880676062263
-24.30701703650365,-0.19562215266436933
-24.302458309930994,-0.19539569278343422
-24.297899583358337,-0.19516942701275466
-24.29334085678568,-0.19494335524728967
-24.288782130213026,-0.19471747738202136
-24.284223403640368,-0.19449179331195213
-24.27966467706771,-0.19426630293210798
-24.275105950495053,-0.1940410061375363
-24.270547223922396,-0.1938159028233069
-24.26598849734974,-0.19359099288451126
-24.26142977077708,-0.19336627621626332
-24.256871044204424,-0.1931417527136985
-24.252312317631766,-0.1929174222719749
-24.24775359105911,-0.19269328478627223
-24.24319486448645,-0.192469340151793
-24.238636137913794,-0.1922455882637608
-24.234077411341136,-0.19202202901742219
-24.22951868476848,-0.19179866230804524
-24.22495995819582,-0.1915754880309204
-24.220401231623164,-0.19135250608136012
-24.215842505050507,-0.19112971635469903
-24.21128377847785,-0.19090711874629382
-24.20672505190519,-0.1906847131515231
-24.202166325332534,-0.19046249946578803
-24.197607598759877,-0.19024047758451135
-24.193048872187223,-0.19001864740313837
-24.188490145614566,-0.18979700881713596
-24.183931419041908,-0.18957556172199405
-24.17937269246925,-0.18935430601322334
-24.174813965896593,-0.18913324158635775
-24.170255239323936,-0.18891236833695338
-24.16569651275128,-0.18869168616058765
-24.16113778617862,-0.18847119495286055
-24.156579059605964,-0.18825089460939431
-24.152020333033306,-0.1880307850258333
-24.14746160646065,-0.18781086609784356
-24.14290287988799,-0.18759113772111388
-24.138344153315334,-0.1873715997913548
-24.133785426742676,-0.1871522522042996
-24.12922670017002,-0.18693309485570242
-24.12466797359736,-0.18671412764134143
-24.120109247024704,-0.18649535045701526
-24.115550520452047,-0.18627676319854547
-24.11099179387939,-0.18605836576177584
-24.10643306730673,-0.18584015804257234
-24.101874340734074,-0.18562213993682253
-24.09731561416142,-0.185404311340437
-24.092756887588763,-0.1851866721493477
-24.088198161016106,-0.18496922225950937
-24.083639434443448,-0.18475196156689844
-24.07908070787079,-0.1845348899675144
-24.074521981298133,-0.18431800735737763
-24.069963254725476,-0.18410131363253185
-24.06540452815282,-0.18388480868904247
-24.06084580158016,-0.18366849242299696
-24.056287075007504,-0.18345236473050525
-24.051728348434846,-0.18323642550769942
-24.04716962186219,-0.1830206746507341
-24.04261089528953,-0.18280511205578515
-24.038052168716874,-0.18258973761905162
-24.033493442144216,-0.18237455123675464
-24.02893471557156,-0.18215955280513668
-24.0243759889989,-0.18194474222046386
-24.019817262426244,-0.18173011937902325
-24.015258535853587,-0.18151568417712496
-24.01069980928093,-0.18130143651110106
-24.00614108270827,-0.18108737627730545
-24.001582356135618,-0.18087350337211516
-23.99702362956296,-0.18065981769192851
-23.992464902990303,-0.18044631913316678
-23.987906176417646,-0.18023300759227295
-23.983347449844988,-0.18001988296571267
-23.97878872327233,-0.1798069451499737
-23.974229996699673,-0.17959419404156604
-23.969671270127016,-0.17938162953702197
-23.96511254355436,-0.17916925153289606
-23.9605538169817,-0.1789570599257649
-23.955995090409044,-0.17874505461222776
-23.951436363836386,-0.17853323548890584
-23.94687763726373,-0.17832160245244263
-23.94231891069107,-0.1781101553995044
-23.937760184118414,-0.17789889422677888
-23.933201457545756,-0.17768781883097676
-23.9286427309731,-0.17747692910883076
-23.92408400440044,-0.1772662249570957
-23.919525277827784,-0.17705570627254877
-23.914966551255127,-0.1768453729519899
-23.91040782468247,-0.17663522489224098
-23.905849098109815,-0.17642526199014597
-23.901290371537158,-0.17621548414257146
-23.8967316449645,-0.17600589124640612
-23.892172918391843,-0.17579648319856117
-23.887614191819186,-0.17558725989597013
-23.883055465246528,-0.17537822123558855
-23.87849673867387,-0.17516936711439446
-23.873938012101213,-0.17496069742938847
-23.869379285528556,-0.17475221207759303
-23.8648205589559,-0.17454391095605315
-23.86026183238324,-0.1743357939618365
-23.855703105810584,-0.17412786099203229
-23.851144379237926,-0.17392011194375276
-23.84658565266527,-0.1737125467141323
-23.84202692609261,-0.17350516520032758
-23.837468199519954,-0.17329796729951769
-23.832909472947296,-0.17309095290890392
-23.82835074637464,-0.1728841219257099
-23.82379201980198,-0.17267747424718205
-23.819233293229324,-0.17247100977058868
-23.814674566656667,-0.17226472839322032
-23.810115840084013,-0.17205863001239066
-23.805557113511355,-0.1718527145254347
-23.800998386938698,-0.17164698182971058
-23.79643966036604,-0.1714414318225986
-23.791880933793383,-0.17123606440150144
-23.787322207220726,-0.17103087946384368
-23.782763480648068,-0.1708258769070734
-23.77820475407541,-0.1706210566286599
-23.773646027502753,-0.17041641852609574
-23.769087300930096,-0.17021196249689496
-23.76452857435744,-0.1700076884385949
-23.75996984778478,-0.16980359624875493
-23.755411121212124,-0.1695996858249566
-23.750852394639466,-0.16939595706480423
-23.74629366806681,-0.1691924098659243
-23.74173494149415,-0.16898904412596552
-23.737176214921494,-0.16878585974259958
-23.732617488348836,-0.16858285661352018
-23.72805876177618,-0.16838003463644344
-23.72350003520352,-0.16817739370910803
-23.718941308630864,-0.16797493372927505
-23.71438258205821,-0.1677726545947279
-23.709823855485553,-0.16757055620327227
-23.705265128912895,-0.16736863845273672
-23.700706402340238,-0.16716690124097194
-23.69614767576758,-0.16696534446585115
-23.691588949194923,-0.16676396802526983
-23.687030222622266,-0.16656277181714618
-23.682471496049608,-0.16636175573942089
-23.67791276947695,-0.16616091969005636
-23.673354042904293,-0.1659602635670387
-23.668795316331636,-0.16575978726837537
-23.66423658975898,-0.16555949069209683
-23.65967786318632,-0.16535937373625573
-23.655119136613663,-0.16515943629892743
-23.650560410041006,-0.16495967827820973
-23.64600168346835,-0.1647600995722226
-23.64144295689569,-0.16456070007910875
-23.636884230323034,-0.16436147969703357
-23.632325503750376,-0.16416243832418453
-23.62776677717772,-0.1639635758587716
-23.62320805060506,-0.1637648921990276
-23.618649324032408,-0.16356638724320738
-23.61409059745975,-0.16336806088958847
-23.609531870887093,-0.16316991303647094
-23.604973144314435,-0.16297194358217765
-23.600414417741778,-0.16277415242505336
-23.59585569116912,-0.16257653946346567
-23.591296964596463,-0.16237910459580462
-23.586738238023806,-0.16218184772048297
-23.582179511451148,-0.16198476873593542
-23.57762078487849,-0.1617878675406199
-23.573062058305833,-0.16159114403301617
-23.568503331733176,-0.1613945981116275
-23.56394460516052,-0.16119822967497843
-23.55938587858786,-0.16100203862161674
-23.554827152015203,-0.1608060248501129
-23.550268425442546,-0.16061018825905937
-23.54570969886989,-0.16041452874707152
-23.54115097229723,-0.1602190462127873
-23.536592245724574,-0.16002374055486704
-23.532033519151916,-0.15982861167199333
-23.52747479257926,-0.15963365946287209
-23.522916066006605,-0.15943888382623103
-23.518357339433948,-0.15924428466082075
-23.51379861286129,-0.15904986186541437
-23.509239886288633,-0.1588556153388075
-23.504681159715975,-0.15866154497981835
-23.500122433143318,-0.15846765068728794
-23.49556370657066,-0.15827393236007936
-23.491004979998003,-0.1580803898970787
-23.486446253425346,-0.15788702319719472
-23.481887526852688,-0.15769383215935798
-23.47732880028003,-0.15750081668252233
-23.472770073707373,-0.15730797666566435
-23.468211347134716,-0.15711531200778261
-23.46365262056206,-0.15692282260789833
-23.4590938939894,-0.15673050836505598
-23.454535167416743,-0.15653836917832206
-23.449976440844086,-0.15634640494678548
-23.44541771427143,-0.15615461556955834
-23.44085898769877,-0.15596300094577503
-23.436300261126114,-0.15577156097459263
-23.431741534553456,-0.15558029555519062
-23.427182807980802,-0.15538920458677144
-23.422624081408145,-0.15519828796855992
-23.418065354835488,-0.1550075455998034
-23.41350662826283,-0.15481697737977196
-23.408947901690173,-0.1546265832077587
-23.404389175117515,-0.15443636298307867
-23.399830448544858,-0.15424631660506982
-23.3952717219722,-0.15405644397309326
-23.390712995399543,-0.15386674498653177
-23.386154268826886,-0.1536772195447916
-23.381595542254228,-0.15348786754730104
-23.37703681568157,-0.15329868889351136
-23.372478089108913,-0.15310968348289664
-23.367919362536256,-0.15292085121495316
-23.3633606359636,-0.15273219198920013
-23.35880190939094,-0.15254370570517947
-23.354243182818283,-0.15235539226245542
-23.349684456245626,-0.15216725156061547
-23.34512572967297,-0.1519792834992693
-23.34056700310031,-0.15179148797804923
-23.336008276527654,-0.15160386489661076
-23.331449549955,-0.15141641415463156
-23.326890823382342,-0.1512291356518121
-23.322332096809685,-0.15104202928787563
-23.317773370237028,-0.1508550949625682
-23.31321464366437,-0.15066833257565818
-23.308655917091713,-0.15048174202693673
-23.304097190519055,-0.15029532321621836
-23.299538463946398,-0.15010907604333923
-23.29497973737374,-0.1499230004081589
-23.290421010801083,-0.14973709621055925
-23.285862284228426,-0.14955136335044564
-23.281303557655768,-0.14936580172774494
-23.27674483108311,-0.14918041124240775
-23.272186104510453,-0.14899519179440662
-23.267627377937796,-0.1488101432837377
-23.26306865136514,-0.14862526561041892
-23.25850992479248,-0.14844055867449155
-23.253951198219823,-0.1482560223760195
-23.249392471647166,-0.148071656615089
-23.24483374507451,-0.14788746129180994
-23.24027501850185,-0.14770343630631372
-23.235716291929197,-0.14751958155875564
-23.23115756535654,-0.14733589694931284
-23.226598838783882,-0.14715238237818548
-23.222040112211225,-0.1469690377455971
-23.217481385638568,-0.14678586295179316
-23.21292265906591,-0.14660285789704205
-23.208363932493253,-0.14642002248163521
-23.203805205920595,-0.14623735660588688
-23.199246479347938,-0.14605486017013336
-23.19468775277528,-0.14587253307473472
-23.190129026202623,-0.1456903752200731
-23.185570299629966,-0.14550838650655373
-23.181011573057308,-0.14532656683460435
-23.17645284648465,-0.14514491610467567
-23.171894119911993,-0.1449634342172416
-23.167335393339336,-0.1447821210727976
-23.16277666676668,-0.14460097657186335
-23.15821794019402,-0.1444200006149807
-23.153659213621363,-0.1442391931027138
-23.149100487048706,-0.14405855393565037
-23.14454176047605,-0.14387808301440091
-23.139983033903395,-0.14369778023959806
-23.135424307330737,-0.1435176455118977
-23.13086558075808,-0.1433376787319787
-23.126306854185422,-0.14315787980054256
-23.121748127612765,-0.14297824861831343
-23.117189401040108,-0.14279878508603844
-23.11263067446745,-0.1426194891044876
-23.108071947894793,-0.14244036057445347
-23.103513221322135,-0.14226139939675206
-23.098954494749478,-0.14208260547222154
-23.09439576817682,-0.14190397870172322
-23.089837041604163,-0.1417255189861412
-23.085278315031506,-0.14154722622638238
-23.080719588458848,-0.14136910032337663
-23.07616086188619,-0.14119114117807674
-23.071602135313533,-0.14101334869145776
-23.067043408740876,-0.14083572276451853
-23.06248468216822,-0.1406582632982801
-23.05792595559556,-0.1404809701937863
-23.053367229022903,-0.14030384335210447
-23.048808502450246,-0.14012688267432416
-23.044249775877592,-0.1399500880615581
-23.039691049304935,-0.1397734594149419
-23.035132322732277,-0.1395969966356339
-23.03057359615962,-0.13942069962481546
-23.026014869586962,-0.1392445682836906
-23.021456143014305,-0.1390686025134865
-23.016897416441648,-0.13889280221545322
-23.01233868986899,-0.1387171672908634
-23.007779963296333,-0.13854169764101312
-23.003221236723675,-0.13836639316722074
-22.998662510151018,-0.13819125377082792
-22.99410378357836,-0.138016279353199
-22.989545057005703,-0.13784146981572137
-22.984986330433046,-0.13766682505980543
-22.980427603860388,-0.13749234498688429
-22.97586887728773,-0.13731802949841404
-22.971310150715073,-0.13714387849587373
-22.966751424142416,-0.1369698918807651
-22.96219269756976,-0.1367960695546134
-22.9576339709971,-0.136622411418966
-22.953075244424443,-0.13644891737539389
-22.94851651785179,-0.13627558732549092
-22.943957791279132,-0.1361024211708733
-22.939399064706475,-0.13592941881318077
-22.934840338133817,-0.13575658015407568
-22.93028161156116,-0.1355839050952436
-22.925722884988502,-0.13541139353839293
-22.921164158415845,-0.13523904538525497
-22.916605431843188,-0.13506686053758404
-22.91204670527053,-0.13489483889715717
-22.907487978697873,-0.1347229803657752
-22.902929252125215,-0.1345512848452606
-22.898370525552558,-0.13437975223746
-22.8938117989799,-0.13420838244424238
-22.889253072407243,-0.13403717536749968
-22.884694345834586,-0.1338661309091474
-22.880135619261928,-0.1336952489711233
-22.87557689268927,-0.13352452945538848
-22.871018166116613,-0.13335397226392692
-22.866459439543956,-0.13318357729874603
-22.8619007129713,-0.13301334446187515
-22.85734198639864,-0.1328432736553681
-22.852783259825987,-0.1326733647813005
-22.84822453325333,-0.13250361774177138
-22.843665806680672,-0.13233403243890277
-22.839107080108015,-0.13216460877483968
-22.834548353535357,-0.13199534665175028
-22.8299896269627,-0.13182624597182582
-22.825430900390042,-0.1316573066372802
-22.820872173817385,-0.1314885285503505
-22.816313447244728,-0.13131991161329698
-22.81175472067207,-0.13115145572840287
-22.807195994099413,-0.13098316079797423
-22.802637267526755,-0.13081502672434042
-22.798078540954098,-0.13064705340985364
-22.79351981438144,-0.13047924075688924
-22.788961087808783,-0.1303115886678458
-22.784402361236126,-0.13014409704514468
-22.779843634663468,-0.12997676579123
-22.77528490809081,-0.12980959480856977
-22.770726181518153,-0.12964258399965428
-22.766167454945496,-0.1294757332669972
-22.76160872837284,-0.12930904251313546
-22.757050001800184,-0.12914251164062876
-22.752491275227527,-0.12897614055205997
-22.74793254865487,-0.12880992915003464
-22.743373822082212,-0.12864387733718208
-22.738815095509555,-0.12847798501615457
-22.734256368936897,-0.1283122520896271
-22.72969764236424,-0.12814667846029773
-22.725138915791582,-0.12798126403088805
-22.720580189218925,-0.12781600870414264
-22.716021462646268,-0.12765091238282852
-22.71146273607361,-0.1274859749697368
-22.706904009500953,-0.1273211963676809
-22.702345282928295,-0.12715657647949788
-22.697786556355638,-0.12699211520804765
-22.69322782978298,-0.1268278124562132
-22.688669103210323,-0.12666366812690089
-22.684110376637665,-0.12649968212303972
-22.679551650065008,-0.12633585434758215
-22.67499292349235,-0.12617218470350397
-22.670434196919693,-0.12600867309380379
-22.665875470347036,-0.1258453194215032
-22.661316743774382,-0.12568212358964734
-22.656758017201724,-0.1255190855013042
-22.652199290629067,-0.1253562050595649
-22.64764056405641,-0.12519348216754395
-22.643081837483752,-0.1250309167283788
-22.638523110911095,-0.1248685086452301
-22.633964384338437,-0.1247062578212816
-22.62940565776578,-0.12454416415974039
-22.624846931193122,-0.1243822275638366
-22.620288204620465,-0.12422044793682338
-22.615729478047808,-0.12405882518197729
-22.61117075147515,-0.12389735920259778
-22.606612024902493,-0.12373604990200808
-22.602053298329835,-0.12357489718355359
-22.597494571757178,-0.12341390095060391
-22.59293584518452,-0.12325306110655102
-22.588377118611863,-0.12309237755481087
-22.583818392039205,-0.12293185019882195
-22.579259665466548,-0.12277147894204599
-22.57470093889389,-0.1226112636879683
-22.570142212321233,-0.12245120434009728
-22.56558348574858,-0.12229130080196418
-22.561024759175922,-0.12213155297712386
-22.556466032603264,-0.12197196076915416
-22.551907306030607,-0.12181252408165628
-22.54734857945795,-0.12165324281825428
-22.542789852885292,-0.12149411688259609
-22.538231126312635,-0.12133514617835227
-22.533672399739977,-0.12117633060921708
-22.52911367316732,-0.1210176700789074
-22.524554946594662,-0.12085916449116389
-22.519996220022005,-0.12070081374975038
-22.515437493449348,-0.1205426177584534
-22.51087876687669,-0.12038457642108359
-22.506320040304033,-0.12022668964147416
-22.501761313731375,-0.12006895732348169
-22.497202587158718,-0.11991137937098618
-22.49264386058606,-0.11975395568789089
-22.488085134013403,-0.1195966861781223
-22.483526407440745,-0.11943957074562979
-22.478967680868088,-0.11928260929438647
-22.47440895429543,-0.11912580172838864
-22.469850227722777,-0.11896914795165596
-22.46529150115012,-0.11881264786823076
-22.460732774577462,-0.1186563013821795
-22.456174048004804,-0.11850010839759108
-22.451615321432147,-0.1183440688185785
-22.44705659485949,-0.11818818254927754
-22.442497868286832,-0.1180324494938472
-22.437939141714175,-0.1178768695564702
-22.433380415141517,-0.11772144264135224
-22.42882168856886,-0.11756616865272239
-22.424262961996202,-0.11741104749483283
-22.419704235423545,-0.11725607907195955
-22.415145508850888,-0.11710126328840154
-22.41058678227823,-0.11694660004848084
-22.406028055705573,-0.11679208925654336
-22.401469329132915,-0.11663773081695783
-22.396910602560258,-0.11648352463411657
-22.3923518759876,-0.11632947061243533
-22.387793149414943,-0.11617556865635267
-22.383234422842285,-0.11602181867033122
-22.378675696269628,-0.11586822055885644
-22.374116969696974,-0.11571477422643739
-22.369558243124317,-0.11556147957760599
-22.36499951655166,-0.1154083365169182
-22.360440789979002,-0.11525534494895294
-22.355882063406344,-0.11510250477831245
-22.351323336833687,-0.11494981590962222
-22.34676461026103,-0.11479727824753165
-22.342205883688372,-0.11464489169671305
-22.337647157115715,-0.11449265616186202
-22.333088430543057,-0.11434057154769782
-22.3285297039704,-0.11418863775896315
-22.323970977397742,-0.11403685470042348
-22.319412250825085,-0.1138852222768684
-22.314853524252428,-0.11373374039311043
-22.31029479767977,-0.11358240895398566
-22.305736071107113,-0.11343122786435343
-22.301177344534455,-0.11328019702909668
-22.296618617961798,-0.11312931635312155
-22.29205989138914,-0.11297858574135768
-22.287501164816483,-0.1128280050987581
-22.282942438243825,-0.11267757433029921
-22.27838371167117,-0.11252729334098088
-22.273824985098514,-0.11237716203582633
-22.269266258525857,-0.11222718031988219
-22.2647075319532,-0.11207734809821868
-22.260148805380542,-0.11192766527592904
-22.255590078807884,-0.11177813175813042
-22.251031352235227,-0.11162874744996328
-22.24647262566257,-0.11147951225659118
-22.241913899089912,-0.11133042608320144
-22.237355172517255,-0.11118148883500475
-22.232796445944597,-0.11103270041723506
-22.22823771937194,-0.11088406073515035
-22.223678992799282,-0.11073556969403124
-22.219120266226625,-0.11058722719918242
-22.214561539653968,-0.11043903315593175
-22.21000281308131,-0.1102909874696306
-22.205444086508653,-0.11014309004565366
-22.200885359935995,-0.10999534078939961
-22.196326633363338,-0.10984773960628988
-22.19176790679068,-0.10970028640176989
-22.187209180218023,-0.10955298108130851
-22.18265045364537,-0.1094058235503979
-22.17809172707271,-0.1092588137145536
-22.173533000500054,-0.1091119514793149
-22.168974273927397,-0.10896523675024442
-22.16441554735474,-0.10881866943292849
-22.159856820782082,-0.10867224943297649
-22.155298094209424,-0.10852597665602208
-22.150739367636767,-0.10837985100772145
-22.14618064106411,-0.10823387239375497
-22.141621914491452,-0.1080880407198266
-22.137063187918795,-0.1079423558916632
-22.132504461346137,-0.1077968178150157
-22.12794573477348,-0.10765142639565821
-22.123387008200822,-0.10750618153938866
-22.118828281628165,-0.10736108315202827
-22.114269555055508,-0.10721613113942198
-22.10971082848285,-0.10707132540743797
-22.105152101910193,-0.10692666586196835
-22.100593375337535,-0.10678215240892865
-22.096034648764878,-0.10663778495425748
-22.09147592219222,-0.10649356340391795
-22.086917195619566,-0.10634948766389585
-22.08235846904691,-0.10620555764020075
-22.07779974247425,-0.10606177323886605
-22.073241015901594,-0.10591813436594856
-22.068682289328937,-0.10577464092752856
-22.06412356275628,-0.10563129282970993
-22.059564836183622,-0.1054880899786203
-22.055006109610964,-0.10534503228041057
-22.050447383038307,-0.10520211964125568
-22.04588865646565,-0.10505935196735369
-22.041329929892992,-0.10491672916492639
-22.036771203320335,-0.10477425114021928
-22.032212476747677,-0.10463191779950115
-22.02765375017502,-0.10448972904906514
-22.023095023602362,-0.10434768479522694
-22.018536297029705,-0.10420578494432665
-22.013977570457048,-0.10406402940272767
-22.00941884388439,-0.10392241807681686
-22.004860117311733,-0.10378095087300519
-22.000301390739075,-0.10363962769772668
-21.995742664166418,-0.10349844845743929
-21.99118393759376,-0.10335741305862467
-21.986625211021106,-0.10321652140778793
-21.98206648444845,-0.10307577341145775
-21.97750775787579,-0.10293516897618654
-21.972949031303134,-0.10279470800855055
-21.968390304730477,-0.10265439041514925
-21.96383157815782,-0.1025142161026062
-21.959272851585162,-0.10237418497756837
-21.954714125012504,-0.10223429694670637
-21.950155398439847,-0.10209455191671453
-21.94559667186719,-0.10195494979431081
-21.941037945294532,-0.10181549048623702
-21.936479218721875,-0.10167617389925834
-21.931920492149217,-0.10153699994016367
-21.92736176557656,-0.10139796851576581
-21.922803039003902,-0.10125907953290117
-21.918244312431245,-0.10112033289842962
-21.913685585858588,-0.10098172851923486
-21.90912685928593,-0.10084326630222441
-21.904568132713273,-0.10070494615432928
-21.900009406140615,-0.10056676798250438
-21.895450679567958,-0.10042873169372823
-21.890891952995304,-0.10029083719500284
-21.886333226422646,-0.10015308439335421
-21.88177449984999,-0.100015473195832
-21.87721577327733,-0.0998780035095094
-21.872657046704674,-0.09974067524148353
-21.868098320132017,-0.09960348829887526
-21.86353959355936,-0.09946644258882902
-21.858980866986702,-0.0993295380185129
-21.854422140414044,-0.09919277449511918
-21.849863413841387,-0.09905615192586345
-21.84530468726873,-0.0989196702179849
-21.840745960696072,-0.09878332927874686
-21.836187234123415,-0.09864712901543647
-21.831628507550757,-0.0985110693353642
-21.8270697809781,-0.09837515014586447
-21.822511054405442,-0.09823937135429553
-21.817952327832785,-0.0981037328680393
-21.813393601260127,-0.09796823459450159
-21.80883487468747,-0.09783287644111183
-21.804276148114813,-0.09769765831532326
-21.799717421542155,-0.09756258012461298
-21.7951586949695,-0.09742764177648175
-21.790599968396844,-0.09729284317845431
-21.786041241824186,-0.0971581842380788
-21.78148251525153,-0.09702366486292768
-21.77692378867887,-0.09688928496059654
-21.772365062106214,-0.09675504443870567
-21.767806335533557,-0.0966209432048982
-21.7632476089609,-0.09648698116684182
-21.758688882388242,-0.09635315823222755
-21.754130155815584,-0.09621947430877033
-21.749571429242927,-0.09608592930420919
-21.74501270267027,-0.09595252312630664
-21.740453976097612,-0.09581925568284916
-21.735895249524955,-0.09568612688164717
-21.731336522952297,-0.09555313663053454
-21.72677779637964,-0.09542028483736942
-21.722219069806982,-0.0952875714100337
-21.717660343234325,-0.0951549962564328
-21.713101616661667,-0.09502255928449621
-21.70854289008901,-0.09489026040217748
-21.703984163516353,-0.09475809951745345
-21.6994254369437,-0.09462607653832562
-21.69486671037104,-0.09449419137281871
-21.690307983798384,-0.0943624439289812
-21.685749257225726,-0.09423083411488616
-21.68119053065307,-0.09409936183862991
-21.67663180408041,-0.09396802700833289
-21.672073077507754,-0.09383682953213915
-21.667514350935097,-0.0937057693182172
-21.66295562436244,-0.09357484627475877
-21.658396897789782,-0.09344406030997998
-21.653838171217124,-0.0933134113321207
-21.649279444644467,-0.09318289924944437
-21.64472071807181,-0.09305252397023892
-21.640161991499152,-0.0929222854028158
-21.635603264926495,-0.09279218345551031
-21.631044538353837,-0.09266221803668181
-21.62648581178118,-0.09253238905471374
-21.621927085208522,-0.0924026964180133
-21.617368358635865,-0.09227314003501147
-21.612809632063207,-0.09214371981416332
-21.60825090549055,-0.09201443566394785
-21.603692178917896,-0.09188528749286809
-21.59913345234524,-0.09175627520945082
-21.59457472577258,-0.09162739872224654
-21.590015999199924,-0.09149865793983034
-21.585457272627266,-0.0913700527708007
-21.58089854605461,-0.09124158312378053
-21.57633981948195,-0.09111324890741615
-21.571781092909294,-0.0909850500303784
-21.567222366336637,-0.09085698640136154
-21.56266363976398,-0.09072905792908431
-21.558104913191322,-0.09060126452228913
-21.553546186618664,-0.09047360608974234
-21.548987460046007,-0.09034608254023448
-21.54442873347335,-0.09021869378257999
-21.539870006900692,-0.09009143972561727
-21.535311280328035,-0.08996432027820857
-21.530752553755377,-0.08983733534924059
-21.52619382718272,-0.08971048484762338
-21.521635100610062,-0.08958376868229158
-21.517076374037405,-0.08945718676220361
-21.512517647464747,-0.0893307389963419
-21.507958920892094,-0.0892044252937128
-21.503400194319436,-0.08907824556334684
-21.49884146774678,-0.08895219971429848
-21.49428274117412,-0.08882628765564622
-21.489724014601464,-0.08870050929649266
-21.485165288028806,-0.0885748645459643
-21.48060656145615,-0.08844935331321185
-21.47604783488349,-0.08832397550740981
-21.471489108310834,-0.08819873103775719
-21.466930381738177,-0.08807361981347642
-21.46237165516552,-0.08794864174381464
-21.457812928592862,-0.08782379673804247
-21.453254202020204,-0.08769908470545493
-21.448695475447547,-0.08757450555537108
-21.44413674887489,-0.087450059197134
-21.439578022302232,-0.08732574554011077
-21.435019295729575,-0.0872015644936926
-21.430460569156917,-0.08707751596729489
-21.42590184258426,-0.08695359987035713
-21.421343116011602,-0.08682981611234249
-21.416784389438945,-0.08670616460273868
-21.41222566286629,-0.08658264525105765
-21.407666936293634,-0.08645925796683487
-21.403108209720976,-0.08633600265963028
-21.39854948314832,-0.08621287923902787
-21.39399075657566,-0.08608988761463592
-21.389432030003004,-0.08596702769608647
-21.384873303430346,-0.0858442993930359
-21.38031457685769,-0.08572170261516468
-21.37575585028503,-0.08559923727217758
-21.371197123712374,-0.08547690327380304
-21.366638397139717,-0.08535470052979434
-21.36207967056706,-0.08523262894992813
-21.357520943994402,-0.08511068844400566
-21.352962217421744,-0.08498887892185227
-21.348403490849087,-0.08486720029331754
-21.34384476427643,-0.08474565246827498
-21.339286037703772,-0.08462423535662239
-21.334727311131115,-0.08450294886828166
-21.330168584558457,-0.08438179291319901
-21.3256098579858,-0.08426076740134475
-21.321051131413142,-0.08413987224271326
-21.31649240484049,-0.08401910734732315
-21.31193367826783,-0.0838984726252175
-21.307374951695174,-0.08377796798646293
-21.302816225122516,-0.0836575933411509
-21.29825749854986,-0.083537348599397
-21.2936987719772,-0.08341723367134057
-21.289140045404544,-0.08329724846714547
-21.284581318831886,-0.08317739289699984
-21.28002259225923,-0.08305766687111606
-21.27546386568657,-0.08293807029973024
-21.270905139113914,-0.08281860309310335
-21.266346412541257,-0.0826992651615202
-21.2617876859686,-0.08258005641528983
-21.257228959395942,-0.08246097676474587
-21.252670232823284,-0.08234202612024581
-21.248111506250627,-0.0822232043921714
-21.24355277967797,-0.08210451149092894
-21.238994053105312,-0.08198594732694858
-21.234435326532655,-0.0818675118106852
-21.229876599959997,-0.08174920485261745
-21.22531787338734,-0.08163102636324855
-21.220759146814686,-0.08151297625310587
-21.21620042024203,-0.08139505443274112
-21.21164169366937,-0.08127726081273011
-21.207082967096714,-0.08115959530367324
-21.202524240524056,-0.08104205781619489
-21.1979655139514,-0.08092464826094402
-21.19340678737874,-0.08080736654859359
-21.188848060806084,-0.08069021258984102
-21.184289334233426,-0.08057318629540798
-21.17973060766077,-0.08045628757604043
-21.17517188108811,-0.08033951634250878
-21.170613154515454,-0.08022287250560742
-21.166054427942797,-0.08010635597615551
-21.16149570137014,-0.07998996666499623
-21.156936974797482,-0.07987370448299705
-21.152378248224824,-0.07975756934105001
-21.147819521652167,-0.0796415611500713
-21.14326079507951,-0.07952567982100146
-21.138702068506852,-0.07940992526480539
-21.134143341934195,-0.07929429739247239
-21.129584615361537,-0.07917879611501606
-21.125025888788883,-0.07906342134347455
-21.120467162216226,-0.07894817298890976
-21.11590843564357,-0.07883305096240872
-21.11134970907091,-0.07871805517508237
-21.106790982498254,-0.07860318553806604
-21.102232255925596,-0.07848844196251967
-21.09767352935294,-0.07837382435962743
-21.09311480278028,-0.07825933264059794
-21.088556076207624,-0.07814496671666396
-21.083997349634966,-0.07803072649908309
-21.07943862306231,-0.07791661189913673
-21.07487989648965,-0.07780262282813137
-21.070321169916994,-0.07768875919739729
-21.065762443344337,-0.07757502091828962
-21.06120371677168,-0.0774614079021877
-21.056644990199022,-0.07734792006049533
-21.052086263626364,-0.07723455730464052
-21.047527537053707,-0.07712131954607622
-21.04296881048105,-0.07700820669627928
-21.038410083908392,-0.07689521866675131
-21.033851357335735,-0.07678235536901823
-21.02929263076308,-0.07666961671463055
-21.024733904190423,-0.07655700261516282
-21.020175177617766,-0.07644451298221451
-21.01561645104511,-0.07633214772740939
-21.01105772447245,-0.0762199067623955
-21.006498997899794,-0.07610778999884583
-21.001940271327136,-0.07599579734845721
-20.99738154475448,-0.07588392872295138
-20.99282281818182,-0.07577218403407433
-20.988264091609164,-0.07566056319359686
-20.983705365036506,-0.07554906611331388
-20.97914663846385,-0.07543769270504494
-20.97458791189119,-0.07532644288063416
-20.970029185318534,-0.07521531655195014
-20.965470458745877,-0.0751043136308858
-20.96091173217322,-0.07499343402935875
-20.956353005600562,-0.07488267765931127
-20.951794279027904,-0.07477204443270959
-20.947235552455247,-0.07466153426154505
-20.94267682588259,-0.07455114705783336
-20.938118099309932,-0.0744408827336146
-20.933559372737278,-0.07433074120095352
-20.92900064616462,-0.07422072237193927
-20.924441919591963,-0.07411082615868583
-20.919883193019306,-0.07400105247333141
-20.91532446644665,-0.07389140122803893
-20.91076573987399,-0.07378187233499595
-20.906207013301334,-0.0736724657064143
-20.901648286728676,-0.07356318125453079
-20.89708956015602,-0.07345401889160648
-20.89253083358336,-0.07334497852992712
-20.887972107010704,-0.073236060081803
-20.883413380438046,-0.073127263459569
-20.87885465386539,-0.07301858857558467
-20.87429592729273,-0.07291003534223413
-20.869737200720074,-0.07280160367192584
-20.865178474147417,-0.07269329347709338
-20.86061974757476,-0.07258510467019437
-20.856061021002102,-0.07247703716371164
-20.851502294429444,-0.07236909087015195
-20.846943567856787,-0.07226126570204727
-20.84238484128413,-0.07215356157195392
-20.837826114711476,-0.07204597839245284
-20.833267388138818,-0.07193851607614977
-20.82870866156616,-0.07183117453567477
-20.824149934993503,-0.07172395368368295
-20.819591208420846,-0.07161685343285372
-20.81503248184819,-0.0715098736958914
-20.81047375527553,-0.07140301438552482
-20.805915028702874,-0.07129627541450748
-20.801356302130216,-0.07118965669561769
-20.79679757555756,-0.07108315814165823
-20.7922388489849,-0.0709767796654566
-20.787680122412244,-0.07087052117986506
-20.783121395839586,-0.07076438259776045
-20.77856266926693,-0.0706583638320445
-20.77400394269427,-0.07055246479564335
-20.769445216121614,-0.07044668540150822
-20.764886489548957,-0.07034102556261451
-20.7603277629763,-0.07023548519196295
-20.755769036403642,-0.07013006420257822
-20.751210309830984,-0.07002476250751048
-20.746651583258327,-0.06991958001983412
-20.742092856685673,-0.0698145166526486
-20.737534130113016,-0.06970957231907768
-20.732975403540358,-0.06960474693227017
-20.7284166769677,-0.06950004040539957
-20.723857950395043,-0.06939545265166416
-20.719299223822386,-0.0692909835842869
-20.71474049724973,-0.06918663311651546
-20.71018177067707,-0.06908240116162241
-20.705623044104414,-0.06897828763290492
-20.701064317531756,-0.06887429244368504
-20.6965055909591,-0.06877041550730954
-20.69194686438644,-0.06866665673714999
-20.687388137813784,-0.06856301604660278
-20.682829411241126,-0.068459493349089
-20.67827068466847,-0.06835608855805464
-20.67371195809581,-0.06825280158697035
-20.669153231523154,-0.06814963234933166
-20.664594504950497,-0.06804658075865906
-20.66003577837784,-0.06794364672849745
-20.655477051805182,-0.06784083017241706
-20.650918325232524,-0.06773813100401242
-20.64635959865987,-0.06763554913690334
-20.641800872087213,-0.06753308448473413
-20.637242145514556,-0.06743073696117403
-20.632683418941898,-0.06732850647991719
-20.62812469236924,-0.06722639295468263
-20.623565965796583,-0.06712439629921402
-20.619007239223926,-0.0670225164272801
-20.61444851265127,-0.0669207532526745
-20.60988978607861,-0.06681910668921542
-20.605331059505954,-0.06671757665074621
-20.600772332933296,-0.06661616305113488
-20.59621360636064,-0.06651486580427456
-20.59165487978798,-0.06641368482408305
-20.587096153215324,-0.06631262002450312
-20.582537426642666,-0.06621167131950252
-20.57797870007001,-0.06611083862307368
-20.57341997349735,-0.0660101218492341
-20.568861246924694,-0.06590952091202625
-20.564302520352037,-0.06580903572551731
-20.55974379377938,-0.06570866620379943
-20.555185067206722,-0.06560841226098996
-20.550626340634068,-0.0655082738112306
-20.54606761406141,-0.06540825076868864
-20.541508887488753,-0.06530834304755581
-20.536950160916096,-0.06520855056204897
-20.532391434343438,-0.06510887322641007
-20.52783270777078,-0.06500931095490568
-20.523273981198123,-0.06490986366182776
-20.518715254625466,-0.06481053126149262
-20.51415652805281,-0.06471131366824223
-20.50959780148015,-0.06461221079644301
-20.505039074907494,-0.0645132225604867
-20.500480348334836,-0.06441434887478958
-20.49592162176218,-0.06431558965379353
-20.49136289518952,-0.06421694481196497
-20.486804168616864,-0.0641184142637954
-20.482245442044206,-0.06401999792380135
-20.47768671547155,-0.0639216957065244
-20.47312798889889,-0.06382350752653125
-20.468569262326234,-0.06372543329841313
-20.464010535753577,-0.063627472936787
-20.45945180918092,-0.06352962635629426
-20.454893082608265,-0.06343189347160175
-20.450334356035608,-0.06333427419740101
-20.44577562946295,-0.06323676844840868
-20.441216902890293,-0.06313937613936671
-20.436658176317636,-0.06304209718504186
-20.432099449744978,-0.06294493150022608
-20.42754072317232,-0.06284787899973625
-20.422981996599663,-0.0627509395984144
-20.418423270027006,-0.06265411321112768
-20.41386454345435,-0.06255739975276803
-20.40930581688169,-0.062460799138253045
-20.404747090309034,-0.06236431128252471
-20.400188363736376,-0.06226793610055071
-20.39562963716372,-0.06217167350732339
-20.39107091059106,-0.062075523417860566
-20.386512184018404,-0.06197948574720476
-20.381953457445746,-0.06188356041042396
-20.37739473087309,-0.0617877473226111
-20.37283600430043,-0.061692046398884176
-20.368277277727774,-0.06159645755438657
-20.363718551155117,-0.06150098070428642
-20.359159824582463,-0.061405615763777455
-20.354601098009805,-0.06131036264807815
-20.350042371437148,-0.06121522127243227
-20.34548364486449,-0.061120191552108794
-20.340924918291833,-0.06102527340240187
-20.336366191719176,-0.060930466738630576
-20.331807465146518,-0.06083577147613958
-20.32724873857386,-0.06074118753029839
-20.322690012001203,-0.0606467148165017
-20.318131285428546,-0.060552353250169604
-20.31357255885589,-0.060458102746747226
-20.30901383228323,-0.0603639632217048
-20.304455105710574,-0.06026993459053815
-20.299896379137916,-0.060176016768767784
-20.29533765256526,-0.06008220967193987
-20.2907789259926,-0.0599885132156254
-20.286220199419944,-0.05989492731542102
-20.281661472847286,-0.05980145188694817
-20.27710274627463,-0.059708086845853894
-20.27254401970197,-0.05961483210781019
-20.267985293129314,-0.05952168758851452
-20.26342656655666,-0.059428653203689466
-20.258867839984003,-0.059335728869082824
-20.254309113411345,-0.05924291450046777
-20.249750386838688,-0.059150210013642755
-20.24519166026603,-0.05905761532443132
-20.240632933693373,-0.05896513034868247
-20.236074207120716,-0.058872755002270405
-20.231515480548058,-0.05878048920109455
-20.2269567539754,-0.058688332861079925
-20.222398027402743,-0.05859628589817644
-20.217839300830086,-0.058504348228359544
-20.21328057425743,-0.058412519767629914
-20.20872184768477,-0.05832080043201363
-20.204163121112114,-0.058229190137562115
-20.199604394539456,-0.05813768880035183
-20.1950456679668,-0.058046296336484865
-20.19048694139414,-0.0579550126620885
-20.185928214821484,-0.057863837693315545
-20.181369488248826,-0.057772771346343864
-20.17681076167617,-0.057681813537377
-20.17225203510351,-0.05759096418264345
-20.167693308530858,-0.057500223198397586
-20.1631345819582,-0.05740959050091866
-20.158575855385543,-0.05731906600651155
-20.154017128812885,-0.05722864963150644
-20.149458402240228,-0.057138341292259004
-20.14489967566757,-0.05704814090515017
-20.140340949094913,-0.05695804838658635
-20.135782222522256,-0.056868063652999366
-20.131223495949598,-0.05677818662084631
-20.12666476937694,-0.05668841720660992
-20.122106042804283,-0.056598755326798096
-20.117547316231626,-0.056509200897944374
-20.11298858965897,-0.05641975383660758
-20.10842986308631,-0.05633041405937213
-20.103871136513654,-0.05624118148284764
-20.099312409940996,-0.05615205602366932
-20.09475368336834,-0.05606303759849794
-20.09019495679568,-0.05597412612401958
-20.085636230223024,-0.055885321516945724
-20.081077503650366,-0.05579662369401347
-20.07651877707771,-0.05570803257198538
-20.071960050505055,-0.055619548067649426
-20.067401323932398,-0.05553117009781895
-20.06284259735974,-0.055442898579333176
-20.058283870787083,-0.05535473342905638
-20.053725144214425,-0.05526667456387855
-20.049166417641768,-0.055178721900715336
-20.04460769106911,-0.055090875356507495
-20.040048964496453,-0.055003134848221766
-20.035490237923796,-0.05491550029285002
-20.030931511351138,-0.05482797160740998
-20.02637278477848,-0.05474054870894466
-20.021814058205823,-0.054653231514522706
-20.017255331633166,-0.05456601994123838
-20.01269660506051,-0.05447891390621143
-20.00813787848785,-0.0543919133265871
-20.003579151915194,-0.054305018119536384
-19.999020425342536,-0.054218228202255636
-19.99446169876988,-0.054131543491966944
-19.98990297219722,-0.05404496390591794
-19.985344245624564,-0.0539584893613818
-19.980785519051906,-0.0538721197756573
-19.976226792479252,-0.05378585506606898
-19.971668065906595,-0.05369969514996666
-19.967109339333938,-0.053613639944725955
-19.96255061276128,-0.053527689367748266
-19.957991886188623,-0.05344184333646032
-19.953433159615965,-0.0533561017683147
-19.948874433043308,-0.05327046458078945
-19.94431570647065,-0.05318493169138843
-19.939756979897993,-0.053099503017640985
-19.935198253325336,-0.05301417847710222
-19.930639526752678,-0.0529289579873529
-19.92608080018002,-0.05284384146599935
-19.921522073607363,-0.052758828830673635
-19.916963347034706,-0.05267391999903358
-19.91240462046205,-0.05258911488876258
-19.90784589388939,-0.052504413417569715
-19.903287167316734,-0.05241981550318984
-19.898728440744076,-0.05233532106338334
-19.89416971417142,-0.05225093001593665
-19.88961098759876,-0.05216664227866158
-19.885052261026104,-0.05208245776939581
-19.88049353445345,-0.05199837640600274
-19.875934807880792,-0.051914398106371384
-19.871376081308135,-0.05183052278841668
-19.866817354735478,-0.05174675037007916
-19.86225862816282,-0.051663080769325215
-19.857699901590163,-0.0515795139041469
-19.853141175017505,-0.051496049692562065
-19.848582448444848,-0.051412688052614355
-19.84402372187219,-0.051329428902373166
-19.839464995299533,-0.05124627215993367
-19.834906268726876,-0.051163217743416804
-19.830347542154218,-0.051080265570969334
-19.82578881558156,-0.05099741556076382
-19.821230089008903,-0.050914667630998604
-19.816671362436246,-0.050832021699897846
-19.81211263586359,-0.05074947768571156
-19.80755390929093,-0.05066703550671551
-19.802995182718274,-0.05058469508121134
-19.798436456145616,-0.050502456327526424
-19.79387772957296,-0.05042031916401429
-19.7893190030003,-0.050338283509053894
-19.784760276427647,-0.05025634928105034
-19.78020154985499,-0.05017451639843442
-19.775642823282332,-0.05009278477966291
-19.771084096709675,-0.05001115434321841
-19.766525370137018,-0.04992962500760933
-19.76196664356436,-0.04984819669137016
-19.757407916991703,-0.04976686931306109
-19.752849190419045,-0.04968564279126823
-19.748290463846388,-0.049604517044603745
-19.74373173727373,-0.04952349199170551
-19.739173010701073,-0.0494425675512374
-19.734614284128416,-0.04936174364188923
-19.730055557555758,-0.0492810201823768
-19.7254968309831,-0.04920039709144161
-19.720938104410443,-0.049119874287851424
-19.716379377837786,-0.049039451690399805
-19.71182065126513,-0.04895912921790613
-19.70726192469247,-0.04887890678921594
-19.702703198119814,-0.04879878432320067
-19.698144471547156,-0.04871876173875765
-19.6935857449745,-0.04863883895481033
-19.689027018401845,-0.04855901589030813
-19.684468291829187,-0.04847929246422625
-19.67990956525653,-0.04839966859556616
-19.675350838683872,-0.048320144203355175
-19.670792112111215,-0.04824071920664673
-19.666233385538558,-0.04816139352452016
-19.6616746589659,-0.04808216707608089
-19.657115932393243,-0.04800303978046032
-19.652557205820585,-0.047924011556816005
-19.647998479247928,-0.047845082324331434
-19.64343975267527,-0.047766252002216104
-19.638881026102613,-0.047687520509705754
-19.634322299529956,-0.04760888776606207
-19.629763572957298,-0.04753035369057279
-19.62520484638464,-0.047451918202551624
-19.620646119811983,-0.047373581221338674
-19.616087393239326,-0.047295342666299804
-19.61152866666667,-0.04721720245682726
-19.60696994009401,-0.04713916051233908
-19.602411213521354,-0.04706121675227965
-19.597852486948696,-0.046983371096119435
-19.593293760376042,-0.04690562346335501
-19.588735033803385,-0.04682797377350883
-19.584176307230727,-0.04675042194612993
-19.57961758065807,-0.04667296790079316
-19.575058854085412,-0.04659561155709959
-19.570500127512755,-0.04651835283467659
-19.565941400940098,-0.04644119165317747
-19.56138267436744,-0.04636412793228185
-19.556823947794783,-0.04628716159169533
-19.552265221222125,-0.04621029255115014
-19.547706494649468,-0.046133520730404165
-19.54314776807681,-0.046056846049241804
-19.538589041504153,-0.0459802684274736
-19.534030314931496,-0.0459037877849362
-19.529471588358838,-0.04582740404149264
-19.52491286178618,-0.045751117117031996
-19.520354135213523,-0.045674926931469725
-19.515795408640866,-0.045598833404747456
-19.51123668206821,-0.045522836456832916
-19.50667795549555,-0.04544693600772034
-19.502119228922894,-0.04537113197743006
-19.49756050235024,-0.0452954242860088
-19.493001775777582,-0.04521981285352928
-19.488443049204925,-0.04514429760009081
-19.483884322632267,-0.04506887844581879
-19.47932559605961,-0.044993555310864915
-19.474766869486952,-0.044918328115407295
-19.470208142914295,-0.0448431967796503
-19.465649416341638,-0.04476816122382451
-19.46109068976898,-0.04469322136818691
-19.456531963196323,-0.04461837713302084
-19.451973236623665,-0.044543628438635824
-19.447414510051008,-0.04446897520536787
-19.44285578347835,-0.044394417353579275
-19.438297056905693,-0.0443199548036588
-19.433738330333036,-0.04424558747602126
-19.429179603760378,-0.04417131529110813
-19.42462087718772,-0.04409713816938719
-19.420062150615063,-0.04402305603135247
-19.415503424042406,-0.0439490687975246
-19.41094469746975,-0.04387517638845041
-19.40638597089709,-0.043801378724703126
-19.401827244324437,-0.04372767572688271
-19.39726851775178,-0.043654067315615004
-19.392709791179122,-0.04358055341155266
-19.388151064606465,-0.04350713393537463
-19.383592338033807,-0.043433808807786314
-19.37903361146115,-0.04336057794951961
-19.374474884888492,-0.043287441281332786
-19.369916158315835,-0.04321439872401059
-19.365357431743178,-0.04314145019836419
-19.36079870517052,-0.043068595625231375
-19.356239978597863,-0.04299583492547615
-19.351681252025205,-0.04292316801998928
-19.347122525452548,-0.04285059482968793
-19.34256379887989,-0.04277811527551563
-19.338005072307233,-0.04270572927844251
-19.333446345734576,-0.042633436759465335
-19.328887619161918,-0.04256123763960721
-19.32432889258926,-0.04248913183991779
-19.319770166016603,-0.042417119281473424
-19.315211439443946,-0.04234519988537673
-19.31065271287129,-0.04227337357275718
-19.306093986298634,-0.0422016402647706
-19.301535259725977,-0.04212999988259934
-19.29697653315332,-0.04205845234745259
-19.292417806580662,-0.0419869975805657
-19.287859080008005,-0.041915635503201036
-19.283300353435347,-0.04184436603664732
-19.27874162686269,-0.04177318910221992
-19.274182900290032,-0.04170210462126078
-19.269624173717375,-0.0416311125151385
-19.265065447144718,-0.04156021270524822
-19.26050672057206,-0.041489405113011885
-19.255947993999403,-0.04141868965987793
-19.251389267426745,-0.041348066267321425
-19.246830540854088,-0.0412775348568442
-19.24227181428143,-0.04120709534997458
-19.237713087708773,-0.04113674766826772
-19.233154361136116,-0.04106649173330546
-19.228595634563458,-0.04099632746669608
-19.2240369079908,-0.04092625479007482
-19.219478181418143,-0.04085627362510339
-19.214919454845486,-0.04078638389347048
-19.210360728272832,-0.04071658551689125
-19.205802001700174,-0.04064687841710759
-19.201243275127517,-0.04057726251588822
-19.19668454855486,-0.04050773773502851
-19.192125821982202,-0.04043830399635069
-19.187567095409545,-0.04036896122170364
-19.183008368836887,-0.04029970933296294
-19.17844964226423,-0.04023054825203107
-19.173890915691572,-0.04016147790083718
-19.169332189118915,-0.04009249820133728
-19.164773462546258,-0.04002360907551408
-19.1602147359736,-0.03995481044537703
-19.155656009400943,-0.039886102232962614
-19.151097282828285,-0.03981748436033392
-19.146538556255628,-0.03974895674958087
-19.14197982968297,-0.03968051932282029
-19.137421103110313,-0.039612172002195765
-19.132862376537656,-0.039543914709877746
-19.128303649964998,-0.039475747368063585
-19.12374492339234,-0.03940766989897737
-19.119186196819683,-0.039339682224870116
-19.11462747024703,-0.0392717842680198
-19.110068743674372,-0.03920397595073105
-19.105510017101714,-0.03913625719533547
-19.100951290529057,-0.03906862792419174
-19.0963925639564,-0.03900108805968523
-19.091833837383742,-0.03893363752422821
-19.087275110811085,-0.03886627624026013
-19.082716384238427,-0.038799004130246874
-19.07815765766577,-0.0387318211166818
-19.073598931093112,-0.03866472712208479
-19.069040204520455,-0.038597722069002964
-19.064481477947798,-0.03853080588001018
-19.05992275137514,-0.03846397847770735
-19.055364024802483,-0.038397239784722426
-19.050805298229825,-0.038330589723710104
-19.046246571657168,-0.03826402821735242
-19.04168784508451,-0.03819755518835808
-19.037129118511853,-0.0381311705594629
-19.032570391939196,-0.038064874253429845
-19.028011665366538,-0.03799866619304862
-19.02345293879388,-0.03793254630113623
-19.018894212221227,-0.03786651450053653
-19.01433548564857,-0.037800570714120484
-19.009776759075912,-0.03773471486478612
-19.005218032503254,-0.03766894687545845
-19.000659305930597,-0.03760326666908963
-18.99610057935794,-0.03753767416865881
-18.991541852785282,-0.037472169297172335
-18.986983126212625,-0.03740675197766358
-18.982424399639967,-0.037341422133192956
-18.97786567306731,-0.03727617968684802
-18.973306946494652,-0.037211024561743425
-18.968748219921995,-0.03714595668102109
-18.964189493349338,-0.03708097596784992
-18.95963076677668,-0.03701608234542584
-18.955072040204023,-0.0369512757369722
-18.950513313631365,-0.03688655606573928
-18.945954587058708,-0.03682192325500462
-18.94139586048605,-0.03675737722807294
-18.936837133913393,-0.03669291790827615
-18.932278407340736,-0.03662854521897318
-18.927719680768078,-0.0365642590835503
-18.923160954195424,-0.036500059425421144
-18.918602227622767,-0.03643594616802614
-18.91404350105011,-0.03637191923483324
-18.909484774477452,-0.03630797854933758
-18.904926047904794,-0.03624412403506144
-18.900367321332137,-0.03618035561555444
-18.89580859475948,-0.03611667321439335
-18.891249868186822,-0.036053076755182385
-18.886691141614165,-0.035989566161552834
-18.882132415041507,-0.03592614135716324
-18.87757368846885,-0.035862802265699656
-18.873014961896192,-0.035799548810875235
-18.868456235323535,-0.03573638091643046
-18.863897508750878,-0.03567329850613321
-18.85933878217822,-0.035610301503778516
-18.854780055605563,-0.03554738983318894
-18.850221329032905,-0.03548456341821429
-18.845662602460248,-0.035421822182731565
-18.84110387588759,-0.035359166050645346
-18.836545149314933,-0.03529659494588746
-18.831986422742276,-0.03523410879241721
-18.82742769616962,-0.03517170751422104
-18.822868969596964,-0.03510939103531298
-18.818310243024307,-0.035047159279734424
-18.81375151645165,-0.034985012171554086
-18.809192789878992,-0.034922949634868174
-18.804634063306334,-0.034860971593800305
-18.800075336733677,-0.03479907797250141
-18.79551661016102,-0.034737268695150064
-18.790957883588362,-0.03467554368595211
-18.786399157015705,-0.03461390286914092
-18.781840430443047,-0.034552346168977274
-18.77728170387039,-0.03449087350974943
-18.772722977297732,-0.034429484815773244
-18.768164250725075,-0.03436818001139184
-18.763605524152418,-0.034306959020976115
-18.75904679757976,-0.03424582176892411
-18.754488071007103,-0.03418476817966181
-18.749929344434445,-0.0341237981776423
-18.745370617861788,-0.03406291168734655
-18.74081189128913,-0.03400210863328275
-18.736253164716473,-0.03394138893998692
-18.73169443814382,-0.03388075253202246
-18.72713571157116,-0.03382019933398036
-18.722576984998504,-0.03375972927047918
-18.718018258425847,-0.03369934226616521
-18.71345953185319,-0.033639038245712044
-18.708900805280532,-0.033578817133821194
-18.704342078707874,-0.0335186788552215
-18.699783352135217,-0.03345862333466965
-18.69522462556256,-0.03339865049694976
-18.690665898989902,-0.03333876026687374
-18.686107172417245,-0.03327895256928103
-18.681548445844587,-0.03321922732903877
-18.67698971927193,-0.03315958447104177
-18.672430992699272,-0.03310002392021253
-18.667872266126615,-0.033040545601501145
-18.663313539553958,-0.03298114943988546
-18.6587548129813,-0.032921835360370987
-18.654196086408643,-0.03286260328799101
-18.649637359835985,-0.03280345314780637
-18.645078633263328,-0.0327443848649059
-18.64051990669067,-0.032685398364405864
-18.635961180118017,-0.03262649357145054
-18.63140245354536,-0.03256767041121167
-18.6268437269727,-0.032508928808888934
-18.622285000400044,-0.032450268689709856
-18.617726273827387,-0.03239168997892951
-18.61316754725473,-0.032333192601830985
-18.608608820682072,-0.03227477648372494
-18.604050094109414,-0.03221644154995006
-18.599491367536757,-0.03215818772587272
-18.5949326409641,-0.032100014936887085
-18.590373914391442,-0.0320419231084152
-18.585815187818785,-0.031983912165907034
-18.581256461246127,-0.03192598203484027
-18.57669773467347,-0.03186813264072051
-18.572139008100812,-0.03181036390908118
-18.567580281528155,-0.03175267576548366
-18.563021554955498,-0.03169506813551718
-18.55846282838284,-0.03163754094479878
-18.553904101810183,-0.03158009411897359
-18.549345375237525,-0.031522727583714515
-18.544786648664868,-0.03146544126472235
-18.540227922092214,-0.031408235087726014
-18.535669195519556,-0.031351108978482124
-18.5311104689469,-0.031294062862775356
-18.52655174237424,-0.031237096666418402
-18.521993015801584,-0.03118021031525188
-18.517434289228927,-0.031123403735144363
-18.51287556265627,-0.03106667685199239
-18.508316836083612,-0.031010029591720594
-18.503758109510954,-0.030953461880281516
-18.499199382938297,-0.030896973643655776
-18.49464065636564,-0.030840564807851942
-18.490081929792982,-0.03078423529890675
-18.485523203220325,-0.030727985042884792
-18.480964476647667,-0.0306718139658789
-18.47640575007501,-0.03061572199400981
-18.471847023502352,-0.030559709053426524
-18.467288296929695,-0.03050377507030589
-18.462729570357038,-0.03044791997085305
-18.45817084378438,-0.030392143681301033
-18.453612117211723,-0.03033644612791124
-18.449053390639065,-0.030280827236972986
-18.44449466406641,-0.03022528693480381
-18.439935937493754,-0.030169825147749293
-18.435377210921096,-0.030114441802183322
-18.43081848434844,-0.030059136824507802
-18.42625975777578,-0.030003910141152872
-18.421701031203124,-0.029948761678576814
-18.417142304630467,-0.029893691363266115
-18.41258357805781,-0.029838699121735437
-18.408024851485152,-0.02978378488052774
-18.403466124912494,-0.029728948566214008
-18.398907398339837,-0.029674190105393645
-18.39434867176718,-0.029619509424694147
-18.389789945194522,-0.029564906450771353
-18.385231218621865,-0.029510381110309354
-18.380672492049207,-0.029455933330020365
-18.37611376547655,-0.029401563036645085
-18.371555038903892,-0.029347270156952324
-18.366996312331235,-0.029293054617739192
-18.362437585758578,-0.029238916345831277
-18.35787885918592,-0.029184855268082233
-18.353320132613263,-0.02913087131137424
-18.34876140604061,-0.02907696440261775
-18.34420267946795,-0.029023134468751415
-18.339643952895294,-0.028969381436742474
-18.335085226322636,-0.028915705233586345
-18.33052649974998,-0.028862105786306845
-18.32596777317732,-0.028808583021956283
-18.321409046604664,-0.02875513686761526
-18.316850320032007,-0.028701767250392758
-18.31229159345935,-0.028648474097426293
-18.307732866886692,-0.02859525733588164
-18.303174140314034,-0.0285421168929531
-18.298615413741377,-0.028489052695863413
-18.29405668716872,-0.028436064671863662
-18.289497960596062,-0.028383152748233626
-18.284939234023405,-0.028330316852281295
-18.280380507450747,-0.028277556911343323
-18.27582178087809,-0.0282248728527847
-18.271263054305432,-0.028172264603999044
-18.266704327732775,-0.0281197320924084
-18.262145601160118,-0.028067275245463413
-18.25758687458746,-0.0280148939906432
-18.253028148014806,-0.027962588255455445
-18.24846942144215,-0.027910357967436267
-18.24391069486949,-0.027858203054150533
-18.239351968296834,-0.027806123443191524
-18.234793241724176,-0.02775411906218132
-18.23023451515152,-0.027702189838770236
-18.22567578857886,-0.027650335700637543
-18.221117062006204,-0.02759855657549086
-18.216558335433547,-0.027546852391066634
-18.21199960886089,-0.02749522307512982
-18.207440882288232,-0.027443668555473998
-18.202882155715574,-0.02739218875992148
-18.198323429142917,-0.027340783616323187
-18.19376470257026,-0.027289453052558733
-18.189205975997602,-0.02723819699653642
-18.184647249424945,-0.0271870153761932
-18.180088522852287,-0.027135908119494775
-18.17552979627963,-0.027084875154435605
-18.170971069706972,-0.027033916409038718
-18.166412343134315,-0.026983031811356
-18.161853616561658,-0.02693222128946807
-18.157294889989004,-0.026881484771484325
-18.152736163416346,-0.026830822185542794
-18.14817743684369,-0.02678023345981043
-18.14361871027103,-0.026729718522482855
-18.139059983698374,-0.026679277301784647
-18.134501257125716,-0.026628909725969006
-18.12994253055306,-0.02657861572331807
-18.1253838039804,-0.026528395222142762
-18.120825077407744,-0.026478248150782858
-18.116266350835087,-0.026428174437606977
-18.11170762426243,-0.026378174011012532
-18.107148897689772,-0.026328246799425976
-18.102590171117114,-0.026278392731302475
-18.098031444544457,-0.026228611735126115
-18.0934727179718,-0.026178903739409953
-18.088913991399142,-0.026129268672695893
-18.084355264826485,-0.02607970646355487
-18.079796538253827,-0.026030217040586577
-18.07523781168117,-0.025980800332419708
-18.070679085108512,-0.025931456267712046
-18.066120358535855,-0.025882184775150165
-18.0615616319632,-0.02583298578344977
-18.057002905390544,-0.025783859221355405
-18.052444178817886,-0.025734805017640618
-18.04788545224523,-0.025685823101108132
-18.04332672567257,-0.02563691340058956
-18.038767999099914,-0.025588075844945473
-18.034209272527256,-0.02553931036306569
-18.0296505459546,-0.025490616883868885
-18.02509181938194,-0.02544199533630289
-18.020533092809284,-0.025393445649344638
-18.015974366236627,-0.025344967752000017
-18.01141563966397,-0.02529656157330413
-18.006856913091312,-0.025248227042321155
-18.002298186518654,-0.025199964088144313
-17.997739459945997,-0.02515177263989609
-17.993180733373343,-0.025103652626728028
-17.988622006800682,-0.025055603977820716
-17.98406328022803,-0.025007626622384142
-17.979504553655367,-0.024959720489657233
-17.974945827082713,-0.02491188550890825
-17.970387100510052,-0.024864121609434544
-17.9658283739374,-0.02481642872056278
-17.961269647364738,-0.02476880677164864
-17.956710920792084,-0.024721255692077348
-17.952152194219423,-0.02467377541126299
-17.94759346764677,-0.02462636585864926
-17.943034741074108,-0.02457902696370873
-17.938476014501454,-0.024531758655943686
-17.933917287928793,-0.024484560864885214
-17.92935856135614,-0.02443743352009411
-17.924799834783478,-0.024390376551160175
-17.920241108210824,-0.024343389887702804
-17.91568238163817,-0.024296473459370416
-17.91112365506551,-0.024249627195840874
-17.906564928492855,-0.024202851026821515
-17.902006201920194,-0.02415614488204886
-17.89744747534754,-0.02410950869128899
-17.89288874877488,-0.024062942384337104
-17.888330022202226,-0.024016445891018052
-17.883771295629565,-0.023970019141185926
-17.87921256905691,-0.023923662064724297
-17.87465384248425,-0.023877374591546086
-17.870095115911596,-0.023831156651593854
-17.865536389338935,-0.02378500817483926
-17.86097766276628,-0.023738929091283847
-17.85641893619362,-0.023692919330958184
-17.851860209620966,-0.023646978823922776
-17.847301483048305,-0.02360110750026716
-17.84274275647565,-0.02355530529011079
-17.83818402990299,-0.023509572123602357
-17.833625303330336,-0.023463907930920243
-17.829066576757675,-0.02341831264227218
-17.82450785018502,-0.02337278618789573
-17.819949123612368,-0.023327328498057798
-17.815390397039707,-0.023281939503054804
-17.810831670467053,-0.02323661913321305
-17.806272943894392,-0.023191367318888077
-17.801714217321738,-0.02314618399046539
-17.797155490749077,-0.023101069078359775
-17.792596764176423,-0.02305602251301593
-17.788038037603762,-0.023011044224907937
-17.78347931103111,-0.022966134144539803
-17.778920584458447,-0.02292129220244496
-17.774361857885793,-0.022876518329186666
-17.769803131313132,-0.02283181245535776
-17.76524440474048,-0.022787174511580927
-17.760685678167818,-0.022742604428508385
-17.756126951595164,-0.022698102136822274
-17.751568225022503,-0.022653667567234213
-17.74700949844985,-0.022609300650485862
-17.742450771877188,-0.022565001317348322
-17.737892045304534,-0.022520769498622806
-17.733333318731873,-0.022476605125140006
-17.72877459215922,-0.02243250812776063
-17.724215865586565,-0.022388478437375042
-17.719657139013904,-0.022344515984903404
-17.71509841244125,-0.02230062070129592
-17.71053968586859,-0.022256792517532365
-17.705980959295935,-0.022213031364622594
-17.701422232723274,-0.02216933717360613
-17.69686350615062,-0.022125709875552544
-17.69230477957796,-0.02208214940156113
-17.687746053005306,-0.022038655682761286
-17.683187326432645,-0.021995228650312018
-17.67862859985999,-0.021951868235402655
-17.67406987328733,-0.021908574369252014
-17.669511146714676,-0.021865346983109327
-17.664952420142015,-0.021822186008253305
-17.66039369356936,-0.02177909137599307
-17.6558349669967,-0.02173606301766735
-17.651276240424046,-0.021693100864645227
-17.646717513851385,-0.021650204848325454
-17.64215878727873,-0.02160737490013705
-17.63760006070607,-0.02156461095153883
-17.633041334133416,-0.021521912934019952
-17.628482607560763,-0.02147928077909942
-17.6239238809881,-0.02143671441832623
-17.619365154415448,-0.021394213783279742
-17.614806427842787,-0.021351778805569092
-17.610247701270133,-0.021309409416833777
-17.605688974697472,-0.021267105548743226
-17.601130248124818,-0.021224867132997146
-17.596571521552157,-0.02118269410132515
-17.592012794979503,-0.021140586385487367
-17.587454068406842,-0.021098543917273675
-17.58289534183419,-0.021056566628504532
-17.578336615261527,-0.021014654451030155
-17.573777888688873,-0.020972807316731394
-17.569219162116212,-0.020931025157518914
-17.56466043554356,-0.020889307905334033
-17.560101708970898,-0.020847655492147787
-17.555542982398244,-0.020806067849961977
-17.550984255825583,-0.020764544910808275
-17.54642552925293,-0.020723086606748927
-17.541866802680268,-0.020681692869876138
-17.537308076107614,-0.02064036363231275
-17.53274934953496,-0.020599098826211703
-17.5281906229623,-0.020557898383756268
-17.523631896389645,-0.020516762237160157
-17.519073169816984,-0.020475690318667267
-17.51451444324433,-0.02043468256055214
-17.50995571667167,-0.020393738895119293
-17.505396990099015,-0.020352859254704064
-17.500838263526354,-0.020312043571671767
-17.4962795369537,-0.020271291778418448
-17.49172081038104,-0.02023060380737038
-17.487162083808386,-0.020189979590984463
-17.482603357235725,-0.020149419061747734
-17.47804463066307,-0.020108922152178094
-17.47348590409041,-0.020068488794823477
-17.468927177517756,-0.02002811892226272
-17.464368450945095,-0.019987812467104852
-17.45980972437244,-0.019947569361989582
-17.45525099779978,-0.01990738953958698
-17.450692271227126,-0.019867272932597952
-17.446133544654465,-0.019827219473753533
-17.44157481808181,-0.01978722909581569
-17.437016091509157,-0.019747301731576756
-17.432457364936496,-0.01970743731385967
-17.427898638363843,-0.019667635775518076
-17.42333991179118,-0.019627897049436054
-17.418781185218528,-0.01958822106852858
-17.414222458645867,-0.01954860776574092
-17.409663732073213,-0.01950905707404928
-17.405105005500552,-0.019469568926460335
-17.400546278927898,-0.01943014325601159
-17.395987552355237,-0.019390779995771094
-17.391428825782583,-0.019351479078837726
-17.386870099209922,-0.019312240438340934
-17.382311372637268,-0.019273064007441075
-17.377752646064607,-0.019233949719329044
-17.373193919491953,-0.01919489750722666
-17.368635192919292,-0.019155907304386332
-17.36407646634664,-0.019116979044091504
-17.359517739773977,-0.019078112659656088
-17.354959013201324,-0.019039308084425107
-17.350400286628663,-0.01900056525177413
-17.34584156005601,-0.018961884095109766
-17.341282833483355,-0.01892326454786936
-17.336724106910694,-0.01888470654352109
-17.33216538033804,-0.018846210015564087
-17.32760665376538,-0.018807774897528284
-17.323047927192725,-0.018769401122974583
-17.318489200620064,-0.018731088625494708
-17.31393047404741,-0.018692837338711438
-17.30937174747475,-0.018654647196278275
-17.304813020902095,-0.018616518131879888
-17.300254294329434,-0.018578450079231687
-17.29569556775678,-0.018540442972080295
-17.29113684118412,-0.0185024967442031
-17.286578114611466,-0.018464611329408652
-17.282019388038805,-0.01842678666153638
-17.27746066146615,-0.018389022674456895
-17.27290193489349,-0.01835131930207161
-17.268343208320836,-0.01831367647831325
-17.263784481748175,-0.0182760941371454
-17.25922575517552,-0.018238572212562913
-17.25466702860286,-0.018201110638591485
-17.250108302030206,-0.0181637093492882
-17.245549575457552,-0.01812636827874104
-17.24099084888489,-0.018089087361069154
-17.236432122312237,-0.018051866530422966
-17.231873395739576,-0.01801470572098385
-17.227314669166923,-0.01797760486696461
-17.22275594259426,-0.017940563902608925
-17.218197216021608,-0.017903582762191946
-17.213638489448947,-0.01786666138001984
-17.209079762876293,-0.0178297996904302
-17.204521036303632,-0.017792997627791574
-17.199962309730978,-0.01775625512650404
-17.195403583158317,-0.01771957212099875
-17.190844856585663,-0.01768294854573827
-17.186286130013002,-0.0176463843352163
-17.181727403440348,-0.017609879423958
-17.177168676867687,-0.017573433746519738
-17.172609950295033,-0.017537047237489303
-17.168051223722372,-0.017500719831485684
-17.16349249714972,-0.017464451463159444
-17.158933770577057,-0.017428242067192283
-17.154375044004404,-0.017392091578297488
-17.14981631743175,-0.017355999931219633
-17.14525759085909,-0.01731996706073463
-17.140698864286435,-0.017283992901650017
-17.136140137713774,-0.017248077388804618
-17.13158141114112,-0.0172122204570688
-17.12702268456846,-0.01717642204134429
-17.122463957995805,-0.0171406820765644
-17.117905231423144,-0.017105000497693874
-17.11334650485049,-0.017069377239729025
-17.10878777827783,-0.017033812237697513
-17.104229051705175,-0.016998305426658845
-17.099670325132514,-0.016962856741703752
-17.09511159855986,-0.016927466117954728
-17.0905528719872,-0.016892133490565762
-17.085994145414546,-0.01685685879472249
-17.081435418841885,-0.01682164196564203
-17.07687669226923,-0.016786482938573287
-17.07231796569657,-0.01675138164879663
-17.067759239123916,-0.016716338031624256
-17.063200512551255,-0.01668135202239978
-17.0586417859786,-0.016646423556498775
-17.054083059405947,-0.016611552569328246
-17.049524332833286,-0.016576738996326966
-17.044965606260632,-0.016541982772965574
-17.04040687968797,-0.016507283834746207
-17.035848153115317,-0.016472642117202917
-17.031289426542656,-0.016438057555901404
-17.026730699970003,-0.01640353008643925
-17.02217197339734,-0.016369059644445644
-17.017613246824688,-0.016334646165581793
-17.013054520252027,-0.016300289585540497
-17.008495793679373,-0.01626598984004658
-17.003937067106712,-0.016231746864856463
-16.999378340534058,-0.016197560595758716
-16.994819613961397,-0.016163430968573537
-16.990260887388743,-0.016129357919153126
-16.985702160816082,-0.016095341383381482
-16.981143434243428,-0.01606138129717466
-16.976584707670767,-0.01602747759648048
-16.972025981098113,-0.01599363021727882
-16.967467254525452,-0.015959839095581355
-16.9629085279528,-0.015926104167432
-16.958349801380145,-0.015892425368906362
-16.953791074807484,-0.015858802636112078
-16.94923234823483,-0.015825235905189056
-16.94467362166217,-0.015791725112308863
-16.940114895089515,-0.0157582701936754
-16.935556168516854,-0.015724871085524415
-16.9309974419442,-0.015691527724123865
-16.92643871537154,-0.015658240045773607
-16.921879988798885,-0.01562500798680587
-16.917321262226224,-0.015591831483584657
-16.91276253565357,-0.015558710472506395
-16.90820380908091,-0.015525644889999368
-16.903645082508255,-0.01549263467252429
-16.899086355935594,-0.015459679756573735
-16.89452762936294,-0.015426780078672793
-16.88996890279028,-0.015393935575378406
-16.885410176217626,-0.015361146183280027
-16.880851449644965,-0.015328411838999061
-16.87629272307231,-0.015295732479189387
-16.87173399649965,-0.015263108040536898
-16.867175269926996,-0.015230538459760018
-16.862616543354342,-0.015198023673609194
-16.85805781678168,-0.015165563618867306
-16.853499090209027,-0.015133158232349534
-16.848940363636366,-0.015100807450903276
-16.844381637063712,-0.015068511211408463
-16.83982291049105,-0.015036269450777148
-16.835264183918397,-0.015004082105953971
-16.830705457345736,-0.014971949113915712
-16.826146730773083,-0.014939870411671793
-16.82158800420042,-0.01490784593626383
-16.817029277627768,-0.014875875624766
-16.812470551055107,-0.014843959414284817
-16.807911824482453,-0.014812097241959405
-16.803353097909792,-0.014780289044961134
-16.798794371337138,-0.01474853476049406
-16.794235644764477,-0.014716834325794573
-16.789676918191823,-0.014685187678131708
-16.785118191619162,-0.014653594754806848
-16.780559465046508,-0.014622055493154174
-16.776000738473847,-0.014590569830540136
-16.771442011901193,-0.014559137704363996
-16.76688328532854,-0.014527759052057459
-16.76232455875588,-0.01449643381108478
-16.757765832183225,-0.014465161918943014
-16.753207105610564,-0.01443394331316164
-16.74864837903791,-0.014402777931302967
-16.74408965246525,-0.014371665710961747
-16.739530925892595,-0.014340606589765678
-16.734972199319934,-0.014309600505374808
-16.73041347274728,-0.014278647395482222
-16.72585474617462,-0.01424774719781341
-16.721296019601965,-0.014216899850126889
-16.716737293029304,-0.014186105290213654
-16.71217856645665,-0.014155363455897687
-16.70761983988399,-0.014124674285035515
-16.703061113311335,-0.014094037715516703
-16.698502386738674,-0.014063453685263344
-16.69394366016602,-0.014032922132230646
-16.68938493359336,-0.014002442994406377
-16.684826207020706,-0.013972016209811372
-16.680267480448045,-0.013941641716499146
-16.67570875387539,-0.013911319452556272
-16.671150027302737,-0.013881049356102047
-16.666591300730076,-0.013850831365288752
-16.662032574157422,-0.01382066541830163
-16.65747384758476,-0.013790551453358777
-16.652915121012107,-0.013760489408711338
-16.648356394439446,-0.013730479222643319
-16.643797667866792,-0.013700520833471827
-16.63923894129413,-0.013670614179546785
-16.634680214721477,-0.013640759199251373
-16.630121488148816,-0.013610955831001553
-16.625562761576163,-0.013581204013246561
-16.6210040350035,-0.013551503684468443
-16.616445308430848,-0.013521854783182583
-16.611886581858187,-0.013492257247937171
-16.607327855285533,-0.013462711017313795
-16.602769128712872,-0.013433216029926868
-16.598210402140218,-0.013403772224424166
-16.593651675567557,-0.013374379539486477
-16.589092948994903,-0.013345037913827861
-16.584534222422242,-0.013315747286195384
-16.579975495849588,-0.013286507595369515
-16.575416769276934,-0.01325731878016376
-16.570858042704273,-0.013228180779424926
-16.56629931613162,-0.01319909353203309
-16.56174058955896,-0.01317005697690145
-16.557181862986305,-0.013141071052976664
-16.552623136413644,-0.013112135699238463
-16.54806440984099,-0.013083250854700103
-16.54350568326833,-0.013054416458407901
-16.538946956695675,-0.013025632449441783
-16.534388230123014,-0.012996898766914709
-16.52982950355036,-0.012968215349973295
-16.5252707769777,-0.012939582137797313
-16.520712050405045,-0.012910999069600068
-16.516153323832384,-0.012882466084628142
-16.51159459725973,-0.01285398312216169
-16.50703587068707,-0.012825550121514128
-16.502477144114415,-0.012797167022032511
-16.497918417541754,-0.01276883376309716
-16.4933596909691,-0.012740550284122085
-16.48880096439644,-0.01271231652455459
-16.484242237823786,-0.012684132423875656
-16.47968351125113,-0.01265599792159971
-16.47512478467847,-0.012627912957274666
-16.470566058105817,-0.012599877470482159
-16.466007331533156,-0.012571891400837233
-16.461448604960502,-0.012543954687988662
-16.45688987838784,-0.012516067271618673
-16.452331151815187,-0.012488229091443264
-16.447772425242526,-0.01246044008721193
-16.443213698669872,-0.01243270019870795
-16.43865497209721,-0.012405009365748123
-16.434096245524557,-0.012377367528183109
-16.429537518951896,-0.012349774625897043
-16.424978792379243,-0.012322230598808
-16.42042006580658,-0.012294735386867595
-16.415861339233928,-0.012267288930061342
-16.411302612661267,-0.012239891168408326
-16.406743886088613,-0.012212542041961639
-16.402185159515952,-0.012185241490807939
-16.397626432943298,-0.01215798945506787
-16.393067706370637,-0.012130785874895727
-16.388508979797983,-0.012103630690479828
-16.38395025322533,-0.012076523842042188
-16.379391526652668,-0.012049465269838688
-16.374832800080014,-0.012022454914159278
-16.370274073507353,-0.01199549271532758
-16.3657153469347,-0.01196857861370126
-16.36115662036204,-0.011941712549671841
-16.356597893789385,-0.011914894463664909
-16.352039167216724,-0.011888124296139807
-16.34748044064407,-0.01186140198759012
-16.34292171407141,-0.011834727478543167
-16.338362987498755,-0.011808100709560445
-16.333804260926094,-0.01178152162123738
-16.32924553435344,-0.011754990154203516
-16.32468680778078,-0.011728506249122377
-16.320128081208125,-0.011702069846691612
-16.315569354635464,-0.011675680887642894
-16.31101062806281,-0.011649339312742058
-16.30645190149015,-0.01162304506278902
-16.301893174917495,-0.01159679807861788
-16.297334448344834,-0.011570598301096769
-16.29277572177218,-0.011544445671128134
-16.288216995199527,-0.011518340129648521
-16.283658268626866,-0.011492281617628587
-16.27909954205421,-0.011466270076073391
-16.27454081548155,-0.011440305446022024
-16.269982088908897,-0.011414387668548043
-16.265423362336236,-0.01138851668475898
-16.260864635763582,-0.011362692435796918
-16.25630590919092,-0.01133691486283803
-16.251747182618267,-0.01131118390709288
-16.247188456045606,-0.011285499509806353
-16.242629729472952,-0.011259861612257685
-16.23807100290029,-0.011234270155760355
-16.233512276327637,-0.011208725081662419
-16.228953549754976,-0.011183226331346064
-16.224394823182323,-0.011157773846228106
-16.21983609660966,-0.011132367567759602
-16.215277370037008,-0.011107007437426191
-16.210718643464347,-0.01108169339674783
-16.206159916891693,-0.011056425387279
-16.201601190319032,-0.011031203350608653
-16.197042463746378,-0.011006027228360252
-16.192483737173724,-0.01098089696219178
-16.187925010601063,-0.01095581249379565
-16.18336628402841,-0.010930773764898977
-16.178807557455748,-0.010905780717263258
-16.174248830883094,-0.010880833292684765
-16.169690104310433,-0.010855931432994138
-16.16513137773778,-0.010831075080056842
-16.16057265116512,-0.010806264175772764
-16.156013924592465,-0.010781498662076599
-16.151455198019804,-0.010756778480937553
-16.14689647144715,-0.01073210357435965
-16.14233774487449,-0.01070747388438142
-16.137779018301835,-0.010682889353076293
-16.133220291729174,-0.01065834992255224
-16.12866156515652,-0.010633855534952134
-16.12410283858386,-0.010609406132453389
-16.119544112011205,-0.010585001657268424
-16.114985385438544,-0.010560642051644203
-16.11042665886589,-0.010536327257862715
-16.10586793229323,-0.010512057218240552
-16.101309205720575,-0.010487831875129349
-16.09675047914792,-0.010463651170915373
-16.09219175257526,-0.010439515048019866
-16.087633026002607,-0.01041542344889896
-16.083074299429946,-0.010391376316043647
-16.07851557285729,-0.010367373591979867
-16.07395684628463,-0.010343415219268378
-16.069398119711977,-0.010319501140505043
-16.064839393139316,-0.010295631298320543
-16.060280666566662,-0.010271805635380622
-16.055721939994,-0.010248024094385924
-16.051163213421347,-0.010224286618072207
-16.046604486848686,-0.010200593149210168
-16.042045760276032,-0.010176943630605607
-16.03748703370337,-0.010153338005099257
-16.032928307130717,-0.010129776215567137
-16.028369580558056,-0.01010625820492009
-16.023810853985403,-0.010082783916104288
-16.01925212741274,-0.010059353292100861
-16.014693400840088,-0.010035966275926187
-16.010134674267427,-0.010012622810631722
-16.005575947694773,-0.00998932283930412
-16.00101722112212,-0.009966066305065246
-15.996458494549458,-0.009942853151072024
-15.991899767976804,-0.009919683320516829
-15.987341041404143,-0.009896556756627019
-15.98278231483149,-0.009873473402665405
-15.978223588258828,-0.009850433201929926
-15.973664861686174,-0.009827436097753864
-15.969106135113513,-0.009804482033505747
-15.96454740854086,-0.009781570952589518
-15.959988681968198,-0.009758702798444298
-15.955429955395545,-0.009735877514544692
-15.950871228822884,-0.009713095044400565
-15.94631250225023,-0.009690355331557233
-15.941753775677569,-0.00966765831959533
-15.937195049104915,-0.009645003952130983
-15.932636322532254,-0.009622392172815655
-15.9280775959596,-0.009599822925336331
-15.923518869386939,-0.009577296153415382
-15.918960142814285,-0.009554811800810734
-15.914401416241624,-0.009532369811315694
-15.90984268966897,-0.009509970128759197
-15.905283963096316,-0.009487612697005614
-15.900725236523655,-0.009465297459954853
-15.896166509951001,-0.009443024361542457
-15.89160778337834,-0.009420793345739415
-15.887049056805687,-0.009398604356552442
-15.882490330233026,-0.009376457338023716
-15.877931603660372,-0.009354352234231204
-15.87337287708771,-0.009332288989288302
-15.868814150515057,-0.009310267547344238
-15.864255423942396,-0.009288287852583779
-15.859696697369742,-0.009266349849227506
-15.855137970797081,-0.009244453481531544
-15.850579244224427,-0.009222598693787882
-15.846020517651766,-0.009200785430324111
-15.841461791079112,-0.009179013635503707
-15.836903064506451,-0.00915728325372576
-15.832344337933797,-0.009135594229425299
-15.827785611361136,-0.009113946507073001
-15.823226884788482,-0.009092340031175495
-15.818668158215822,-0.009070774746275096
-15.814109431643168,-0.009049250596950132
-15.809550705070514,-0.009027767527814635
-15.804991978497853,-0.009006325483518573
-15.800433251925199,-0.00898492440874789
-15.795874525352538,-0.0089635642482243
-15.791315798779884,-0.008942244946705565
-15.786757072207223,-0.008920966448985294
-15.78219834563457,-0.008899728699893146
-15.777639619061908,-0.008878531644294679
-15.773080892489254,-0.00885737522709151
-15.768522165916593,-0.00883625939322119
-15.76396343934394,-0.008815184087657382
-15.759404712771278,-0.008794149255409684
-15.754845986198625,-0.00877315484152388
-15.750287259625964,-0.00875220079108169
-15.74572853305331,-0.008731287049201059
-15.741169806480649,-0.008710413561035904
-15.736611079907995,-0.008689580271776406
-15.732052353335334,-0.008668787126648729
-15.72749362676268,-0.008648034070915364
-15.722934900190019,-0.008627321049874782
-15.718376173617365,-0.008606648008861822
-15.713817447044711,-0.00858601489324743
-15.70925872047205,-0.00856542164843873
-15.704699993899396,-0.00854486821987921
-15.700141267326735,-0.008524354553048478
-15.695582540754081,-0.008503880593462538
-15.69102381418142,-0.008483446286673553
-15.686465087608767,-0.008463051578270106
-15.681906361036106,-0.008442696413876967
-15.677347634463452,-0.00842238073915538
-15.67278890789079,-0.008402104499802814
-15.668230181318137,-0.008381867641553202
-15.663671454745476,-0.008361670110176779
-15.659112728172822,-0.008341511851480259
-15.654554001600161,-0.008321392811306668
-15.649995275027507,-0.008301312935535593
-15.645436548454846,-0.008281272170082937
-15.640877821882192,-0.008261270460901162
-15.636319095309531,-0.008241307753979141
-15.631760368736877,-0.008221383995342333
-15.627201642164216,-0.008201499131052592
-15.622642915591562,-0.008181653107208421
-15.618084189018909,-0.008161845869944766
-15.613525462446248,-0.008142077365433157
-15.608966735873594,-0.008122347539881763
-15.604408009300933,-0.008102656339535276
-15.599849282728279,-0.00808300371067505
-15.595290556155618,-0.008063389599618997
-15.590731829582964,-0.00804381395272176
-15.586173103010303,-0.008024276716374543
-15.58161437643765,-0.008004777837005326
-15.577055649864988,-0.00798531726107868
-15.572496923292334,-0.007965894935095986
-15.567938196719673,-0.007946510805595216
-15.56337947014702,-0.007927164819151237
-15.558820743574358,-0.007907856922375518
-15.554262017001705,-0.007888587061916452
-15.549703290429044,-0.007869355184459057
-15.54514456385639,-0.007850161236725299
-15.540585837283729,-0.007831005165473864
-15.536027110711075,-0.007811886917500374
-15.531468384138414,-0.0077928064396371585
-15.52690965756576,-0.0077737636787535746
-15.522350930993106,-0.007754758581755776
-15.517792204420445,-0.007735791095586768
-15.513233477847791,-0.0077168611672266225
-15.50867475127513,-0.007697968743692193
-15.504116024702476,-0.007679113772037396
-15.499557298129815,-0.0076602961993530215
-15.494998571557161,-0.007641515972766944
-15.4904398449845,-0.007622773039443909
-15.485881118411847,-0.007604067346585806
-15.481322391839186,-0.007585398841431427
-15.476763665266532,-0.007566767471256756
-15.47220493869387,-0.0075481731833746835
-15.467646212121217,-0.007529615925135324
-15.463087485548556,-0.007511095643925743
-15.458528758975902,-0.007492612287170257
-15.453970032403241,-0.007474165802330196
-15.449411305830587,-0.007455756136904118
-15.444852579257926,-0.007437383238427663
-15.440293852685272,-0.00741904705447373
-15.435735126112611,-0.007400747532652318
-15.431176399539957,-0.007382484620610724
-15.426617672967303,-0.007364258266033409
-15.422058946394642,-0.007346068416642055
-15.417500219821989,-0.007327915020195676
-15.412941493249328,-0.007309798024490488
-15.408382766676674,-0.007291717377360055
-15.403824040104013,-0.007273673026675158
-15.399265313531359,-0.007255664920344006
-15.394706586958698,-0.007237693006312039
-15.390147860386044,-0.00721975723256215
-15.385589133813383,-0.007201857547114491
-15.38103040724073,-0.007183993898026708
-15.376471680668068,-0.007166166233393742
-15.371912954095414,-0.00714837450134806
-15.367354227522753,-0.0071306186500594325
-15.3627955009501,-0.007112898627735221
-15.358236774377438,-0.007095214382620098
-15.353678047804785,-0.007077565862996374
-15.349119321232124,-0.007059953017183708
-15.34456059465947,-0.007042375793539385
-15.340001868086809,-0.007024834140458137
-15.335443141514155,-0.007007328006372305
-15.330884414941501,-0.006989857339751746
-15.32632568836884,-0.0069724220891038595
-15.321766961796186,-0.006955022202973761
-15.317208235223525,-0.006937657629944021
-15.312649508650871,-0.006920328318634946
-15.30809078207821,-0.0069030342177044185
-15.303532055505556,-0.006885775275848021
-15.298973328932895,-0.006868551441798955
-15.294414602360241,-0.006851362664328163
-15.28985587578758,-0.0068342088922442356
-15.285297149214927,-0.006817090074393546
-15.280738422642266,-0.0068000061596601175
-15.276179696069612,-0.006782957096965823
-15.27162096949695,-0.006765942835270197
-15.267062242924297,-0.006748963323570671
-15.262503516351636,-0.006732018510902333
-15.257944789778982,-0.006715108346338235
-15.253386063206321,-0.006698232778989124
-15.248827336633667,-0.006681391758003706
-15.244268610061006,-0.006664585232568441
-15.239709883488352,-0.006647813151907777
-15.235151156915698,-0.006631075465283961
-15.230592430343037,-0.006614372121997158
-15.226033703770383,-0.0065977030713855345
-15.221474977197722,-0.006581068262825096
-15.216916250625069,-0.0065644676457298715
-15.212357524052408,-0.006547901169551819
-15.207798797479754,-0.0065313687837809395
-15.203240070907093,-0.006514870437945152
-15.198681344334439,-0.0064984060816104874
-15.194122617761778,-0.006481975664380914
-15.189563891189124,-0.006465579135898524
-15.185005164616463,-0.006449216445843435
-15.180446438043809,-0.006432887543933876
-15.175887711471148,-0.006416592379926122
-15.171328984898494,-0.006400330903614627
-15.166770258325833,-0.006384103064831879
-15.16221153175318,-0.006367908813448635
-15.157652805180518,-0.006351748099373673
-15.153094078607865,-0.006335620872554057
-15.148535352035204,-0.006319527082974956
-15.14397662546255,-0.0063034666806598225
-15.139417898889896,-0.006287439615670265
-15.134859172317235,-0.0062714458381061215
-15.13030044574458,-0.006255485298105569
-15.12574171917192,-0.006239557945844935
-15.121182992599266,-0.0062236637315389405
-15.116624266026605,-0.006207802605440496
-15.112065539453951,-0.006191974517840935
-15.10750681288129,-0.006176179419069804
-15.102948086308636,-0.006160417259495105
-15.098389359735975,-0.0061446879895231
-15.093830633163321,-0.006128991559598532
-15.08927190659066,-0.006113327920204392
-15.084713180018007,-0.006097697021862249
-15.080154453445346,-0.0060820988151319135
-15.075595726872692,-0.006066533250611798
-15.07103700030003,-0.0060510002789386265
-15.066478273727377,-0.006035499850787707
-15.061919547154716,-0.006020031916872724
-15.057360820582062,-0.00600459642794595
-15.052802094009401,-0.005989193334798091
-15.048243367436747,-0.005973822588258463
-15.043684640864093,-0.00595848413919485
-15.039125914291432,-0.005943177938513613
-15.034567187718778,-0.005927903937159738
-15.030008461146117,-0.005912662086116719
-15.025449734573463,-0.005897452336406728
-15.020891008000802,-0.005882274639090496
-15.016332281428149,-0.00586712894526744
-15.011773554855488,-0.0058520152060755545
-15.007214828282834,-0.005836933372691596
-15.002656101710173,-0.005821883396330912
-14.998097375137519,-0.005806865228247617
-14.993538648564858,-0.005791878819734436
-14.988979921992204,-0.0057769241221229456
-14.984421195419543,-0.005762001086783346
-14.979862468846889,-0.0057471096651246925
-14.975303742274228,-0.005732249808594703
-14.970745015701574,-0.005717421468679999
-14.966186289128913,-0.005702624596905871
-14.96162756255626,-0.005687859144836546
-14.957068835983598,-0.00567312506407499
-14.952510109410944,-0.005658422306263082
-14.94795138283829,-0.005643750823081516
-14.94339265626563,-0.005629110566249835
-14.938833929692976,-0.005614501487526565
-14.934275203120315,-0.005599923538709023
-14.92971647654766,-0.005585376671633544
-14.925157749975,-0.0055708608381753065
-14.920599023402346,-0.005556375990248536
-14.916040296829685,-0.0055419220798063095
-14.911481570257031,-0.005527499058840792
-14.90692284368437,-0.0055131068793830285
-14.902364117111716,-0.005498745493503188
-14.897805390539055,-0.005484414853310366
-14.893246663966401,-0.005470114910952752
-14.88868793739374,-0.005455845618617536
-14.884129210821087,-0.005441606928531047
-14.879570484248426,-0.005427398792958591
-14.875011757675772,-0.005413221164204705
-14.87045303110311,-0.00539907399461289
-14.865894304530457,-0.005384957236565888
-14.861335577957796,-0.0053708708424854874
-14.856776851385142,-0.0053568147648327255
-14.852218124812488,-0.005342788956107719
-14.847659398239827,-0.005328793368849796
-14.843100671667173,-0.005314827955637527
-14.838541945094512,-0.005300892669088607
-14.833983218521858,-0.005286987461860049
-14.829424491949197,-0.005273112286648025
-14.824865765376543,-0.005259267096188036
-14.820307038803882,-0.005245451843254753
-14.815748312231229,-0.005231666480662266
-14.811189585658568,-0.005217910961263806
-14.806630859085914,-0.005204185237952068
-14.802072132513253,-0.005190489263658947
-14.797513405940599,-0.005176822991355767
-14.792954679367938,-0.005163186374053133
-14.788395952795284,-0.005149579364801096
-14.783837226222623,-0.005136001916689016
-14.779278499649969,-0.005122453982845719
-14.774719773077308,-0.005108935516439353
-14.770161046504654,-0.005095446470677593
-14.765602319931993,-0.00508198679880747
-14.76104359335934,-0.005068556454115544
-14.756484866786685,-0.005055155389927772
-14.751926140214024,-0.005041783559609605
-14.74736741364137,-0.005028440916566043
-14.74280868706871,-0.005015127414241518
-14.738249960496056,-0.005001843006120073
-14.733691233923395,-0.00498858764572519
-14.72913250735074,-0.004975361286619999
-14.72457378077808,-0.00496216388240711
-14.720015054205426,-0.00494899538672878
-14.715456327632765,-0.004935855753266804
-14.710897601060111,-0.004922744935742633
-14.70633887448745,-0.004909662887917286
-14.701780147914796,-0.004896609563591484
-14.697221421342135,-0.0048835849166055136
-14.692662694769481,-0.004870588900839406
-14.68810396819682,-0.004857621470212784
-14.683545241624167,-0.0048446825786850455
-14.678986515051506,-0.004831772180255213
-14.674427788478852,-0.004818890228962097
-14.66986906190619,-0.004806036678884169
-14.665310335333537,-0.004793211484139705
-14.660751608760883,-0.004780414598886686
-14.656192882188222,-0.004767645977322892
-14.651634155615568,-0.004754905573685898
-14.647075429042907,-0.00474219334225303
-14.642516702470253,-0.0047295092373414995
-14.637957975897592,-0.004716853213308256
-14.633399249324938,-0.004704225224550161
-14.628840522752277,-0.004691625225503867
-14.624281796179623,-0.004679053170645955
-14.619723069606962,-0.004666509014492819
-14.615164343034309,-0.004653992711600789
-14.610605616461648,-0.004641504216566073
-14.606046889888994,-0.00462904348402483
-14.601488163316333,-0.004616610468653091
-14.596929436743679,-0.004604205125166906
-14.592370710171018,-0.004591827408322206
-14.587811983598364,-0.0045794772729149755
-14.583253257025703,-0.0045671546737810894
-14.578694530453049,-0.004554859565796509
-14.574135803880388,-0.004542591903877117
-14.569577077307734,-0.0045303516429789185
-14.56501835073508,-0.004518138738097861
-14.56045962416242,-0.004505953144269973
-14.555900897589765,-0.004493794816571387
-14.551342171017104,-0.004481663710118227
-14.54678344444445,-0.004469559780066808
-14.54222471787179,-0.004457482981613422
-14.537665991299136,-0.004445433269994603
-14.533107264726475,-0.004433410600486891
-14.52854853815382,-0.00442141492840707
-14.52398981158116,-0.004409446209111984
-14.519431085008506,-0.004397504397998714
-14.514872358435845,-0.004385589450504454
-14.510313631863191,-0.004373701322106658
-14.50575490529053,-0.004361839968322893
-14.501196178717876,-0.004350005344711044
-14.496637452145215,-0.004338197406869114
-14.492078725572561,-0.00432641611043545
-14.4875199989999,-0.004314661411088559
-14.482961272427247,-0.004302933264547296
-14.478402545854586,-0.004291231626570698
-14.473843819281932,-0.004279556452958189
-14.469285092709278,-0.004267907699549437
-14.464726366136617,-0.004256285322224408
-14.460167639563963,-0.004244689276903467
-14.455608912991302,-0.004233119519547221
-14.451050186418648,-0.004221576006156727
-14.446491459845987,-0.00421005869277332
-14.441932733273333,-0.004198567535478777
-14.437374006700672,-0.004187102490395196
-14.432815280128018,-0.004175663513685152
-14.428256553555357,-0.004164250561551535
-14.423697826982703,-0.00415286359023777
-14.419139100410042,-0.0041415025560276155
-14.414580373837389,-0.004130167415245344
-14.410021647264728,-0.004118858124255644
-14.405462920692074,-0.0041075746394637225
-14.400904194119413,-0.004096316917315212
-14.396345467546759,-0.004085084914296301
-14.391786740974098,-0.004073878586933619
-14.387228014401444,-0.004062697891794382
-14.382669287828783,-0.004051542785486267
-14.378110561256129,-0.0040404132246575734
-14.373551834683475,-0.00402930916599708
-14.368993108110814,-0.004018230566234147
-14.36443438153816,-0.00400717738213876
-14.3598756549655,-0.0039961495705214175
-14.355316928392845,-0.003985147088233294
-14.350758201820184,-0.003974169892166098
-14.34619947524753,-0.003963217939252256
-14.34164074867487,-0.00395229118646472
-14.337082022102216,-0.0039413895908171825
-14.332523295529555,-0.003930513109363921
-14.3279645689569,-0.003919661699199944
-14.32340584238424,-0.003908835317460868
-14.318847115811586,-0.0038980339213230833
-14.314288389238925,-0.0038872574680036067
-14.309729662666271,-0.003876505914760224
-14.30517093609361,-0.003865779218891396
-14.300612209520956,-0.0038550773377363794
-14.296053482948295,-0.0038444002286751066
-14.291494756375641,-0.0038337478491283377
-14.28693602980298,-0.0038231201565575366
-14.282377303230327,-0.003812517108465011
-14.277818576657673,-0.003801938662393808
-14.273259850085012,-0.003791384775927773
-14.268701123512358,-0.003780855406691626
-14.264142396939697,-0.0037703505123508293
-14.259583670367043,-0.0037598700506117503
-14.255024943794382,-0.00374941397922154
-14.250466217221728,-0.003738982255968261
-14.245907490649067,-0.0037285748386807773
-14.241348764076413,-0.003718191685228911
-14.236790037503752,-0.0037078327535232866
-14.232231310931098,-0.0036974980015154904
-14.227672584358437,-0.003687187387197967
-14.223113857785783,-0.0036769008686041334
-14.218555131213122,-0.003666638403808277
-14.213996404640469,-0.0036563999509256775
-14.209437678067808,-0.0036461854681125168
-14.204878951495154,-0.0036359949135659855
-14.200320224922493,-0.003625828245524192
-14.195761498349839,-0.0036156854222662745
-14.191202771777178,-0.003605566402112316
-14.186644045204524,-0.0035954711434234544
-14.18208531863187,-0.0035853996046017844
-14.177526592059209,-0.0035753517440904343
-14.172967865486555,-0.0035653275203736045
-14.168409138913894,-0.0035553268919764677
-14.16385041234124,-0.003545349817465318
-14.15929168576858,-0.0035353962554474532
-14.154732959195925,-0.003525466164571281
-14.150174232623264,-0.0035155595035262616
-14.14561550605061,-0.0035056762310429683
-14.14105677947795,-0.0034958163058930428
-14.136498052905296,-0.0034859796868892856
-14.131939326332635,-0.0034761663328855565
-14.12738059975998,-0.0034663762027769005
-14.12282187318732,-0.0034566092554994573
-14.118263146614666,-0.0034468654500305457
-14.113704420042005,-0.0034371447453886072
-14.109145693469351,-0.003427447100633301
-14.10458696689669,-0.0034177724748653978
-14.100028240324036,-0.0034081208272269308
-14.095469513751375,-0.0033984921169010326
-14.090910787178721,-0.0033888863031121467
-14.086352060606067,-0.003379303345125844
-14.081793334033406,-0.003369743202248941
-14.077234607460753,-0.00336020583382952
-14.072675880888092,-0.003350691199256861
-14.068117154315438,-0.003341199257961522
-14.063558427742777,-0.003331729969415291
-14.058999701170123,-0.003322283293131266
-14.054440974597462,-0.0033128591886637687
-14.049882248024808,-0.0033034576156084597
-14.045323521452147,-0.003294078533602243
-14.040764794879493,-0.0032847219023233757
-14.036206068306832,-0.0032753876814913775
-14.031647341734178,-0.003266075830867131
-14.027088615161517,-0.0032567863102528054
-14.022529888588863,-0.0032475190794919668
-14.017971162016202,-0.003238274098469449
-14.013412435443549,-0.003229051327111522
-14.008853708870888,-0.0032198507253857456
-14.004294982298234,-0.0032106722533011118
-13.999736255725573,-0.0032015158709079415
-13.995177529152919,-0.003192381538297996
-13.990618802580265,-0.0031832692156043892
-13.986060076007604,-0.0031741788630016404
-13.98150134943495,-0.003165110440705722
-13.976942622862289,-0.0031560639089739774
-13.972383896289635,-0.0031470392281052286
-13.967825169716974,-0.0031380363584396827
-13.96326644314432,-0.0031290552603590463
-13.95870771657166,-0.0031200958942864225
-13.954148989999005,-0.00311115822068643
-13.949590263426344,-0.003102242200065097
-13.94503153685369,-0.003093347792969994
-13.94047281028103,-0.0030844749599901146
-13.935914083708376,-0.0030756236617560007
-13.931355357135715,-0.0030667938589396333
-13.92679663056306,-0.0030579855122545552
-13.9222379039904,-0.00304919858245578
-13.917679177417746,-0.0030404330303398924
-13.913120450845085,-0.0030316888167449454
-13.908561724272431,-0.003022965902550588
-13.90400299769977,-0.003014264248677962
-13.899444271127116,-0.00300558381608981
-13.894885544554462,-0.0029969245657904013
-13.890326817981801,-0.0029882864588255597
-13.885768091409147,-0.002979669456282735
-13.881209364836486,-0.002971073519290888
-13.876650638263833,-0.002962498609020632
-13.872091911691172,-0.002953944686684125
-13.867533185118518,-0.002945411713535165
-13.862974458545857,-0.0029368996508691157
-13.858415731973203,-0.002928408460023007
-13.853857005400542,-0.002919938102375433
-13.849298278827888,-0.0029114885393466817
-13.844739552255227,-0.0029030597323985987
-13.840180825682573,-0.0028946516430347546
-13.835622099109912,-0.002886264232800295
-13.831063372537258,-0.002877897463282077
-13.826504645964597,-0.0028695512961085753
-13.821945919391943,-0.0028612256929499732
-13.817387192819282,-0.0028529206155180793
-13.812828466246629,-0.0028446360255664415
-13.808269739673968,-0.0028363718848902386
-13.803711013101314,-0.0028281281553263894
-13.79915228652866,-0.0028199047987534772
-13.794593559955999,-0.0028117017770917904
-13.790034833383345,-0.0028035190523033704
-13.785476106810684,-0.0027953565863919148
-13.78091738023803,-0.002787214341402914
-13.776358653665369,-0.002779092279423515
-13.771799927092715,-0.0027709903625826654
-13.767241200520054,-0.0027629085530509936
-13.7626824739474,-0.002754846813040939
-13.75812374737474,-0.0027468051048066275
-13.753565020802085,-0.002738783390644
-13.749006294229424,-0.0027307816328907115
-13.74444756765677,-0.002722799793926233
-13.73988884108411,-0.0027148378361717645
-13.735330114511456,-0.0027068957220903315
-13.730771387938795,-0.002698973414186695
-13.72621266136614,-0.002691070875007457
-13.72165393479348,-0.002683188067140971
-13.717095208220826,-0.002675324953217435
-13.712536481648165,-0.0026674814959088008
-13.707977755075511,-0.0026596576579288886
-13.703419028502857,-0.0026518534020332873
-13.698860301930196,-0.0026440686910194225
-13.694301575357542,-0.002636303487726572
-13.689742848784881,-0.00262855775503579
-13.685184122212227,-0.0026208314558700276
-13.680625395639566,-0.0026131245531940245
-13.676066669066913,-0.002605437010014403
-13.671507942494252,-0.0025977687893796054
-13.666949215921598,-0.0025901198543799614
-13.662390489348937,-0.0025824901681476215
-13.657831762776283,-0.0025748796938566366
-13.653273036203622,-0.0025672883947228864
-13.648714309630968,-0.002559716234004162
-13.644155583058307,-0.002552163175000094
-13.639596856485653,-0.0025446291810522314
-13.635038129912992,-0.0025371142155439664
-13.630479403340338,-0.0025296182419006245
-13.625920676767677,-0.002522141223589378
-13.621361950195023,-0.002514683124119341
-13.616803223622362,-0.00250724390704148
-13.612244497049709,-0.002499823535948716
-13.607685770477055,-0.0024924219744758454
-13.603127043904394,-0.0024850391862995718
-13.59856831733174,-0.0024776751351385505
-13.594009590759079,-0.002470329784753307
-13.589450864186425,-0.002463003098946347
-13.584892137613764,-0.0024556950415620493
-13.58033341104111,-0.002448405576486762
-13.575774684468449,-0.002441134667648729
-13.571215957895795,-0.0024338822790181754
-13.566657231323134,-0.002426648374607219
-13.56209850475048,-0.0024194329184699676
-13.55753977817782,-0.0024122358747024294
-13.552981051605165,-0.002405057207442606
-13.548422325032504,-0.0023978968808704053
-13.54386359845985,-0.0023907548592077385
-13.53930487188719,-0.002383631106718434
-13.534746145314536,-0.0023765255877083143
-13.530187418741875,-0.0023694382665251294
-13.52562869216922,-0.0023623691075586374
-13.52106996559656,-0.0023553180752405286
-13.516511239023906,-0.002348285134044499
-13.511952512451252,-0.002341270248486189
-13.507393785878591,-0.0023342733831232176
-13.502835059305937,-0.0023272945025552163
-13.498276332733276,-0.002320333571423753
-13.493717606160622,-0.0023133905544124264
-13.489158879587961,-0.0023064654162467664
-13.484600153015307,-0.0022995581216943505
-13.480041426442646,-0.002292668635564695
-13.475482699869993,-0.0022857969227093483
-13.470923973297332,-0.0022789429480218216
-13.466365246724678,-0.0022721066764376475
-13.461806520152017,-0.0022652880729343303
-13.457247793579363,-0.002258487102531413
-13.452689067006702,-0.0022517037302903905
-13.448130340434048,-0.0022449379213148137
-13.443571613861387,-0.0022381896407501845
-13.439012887288733,-0.0022314588537840586
-13.434454160716072,-0.002224745525645964
-13.429895434143418,-0.00221804962160747
-13.425336707570757,-0.0022113711069821234
-13.420777980998103,-0.0022047099471255113
-13.41621925442545,-0.0021980661074352155
-13.411660527852789,-0.002191439553350829
-13.407101801280135,-0.0021848302503539845
-13.402543074707474,-0.0021782381639683
-13.39798434813482,-0.002171663259759442
-13.393425621562159,-0.002165105503335059
-13.388866894989505,-0.002158564860344856
-13.384308168416844,-0.002152041296480524
-13.37974944184419,-0.0021455347774758065
-13.375190715271529,-0.002139045269106432
-13.370631988698875,-0.0021325727371901883
-13.366073262126214,-0.002126117147586847
-13.36151453555356,-0.0021196784661982413
-13.3569558089809,-0.002113256658968184
-13.352397082408245,-0.0021068516918825568
-13.347838355835584,-0.0021004635309692164
-13.34327962926293,-0.002094092142298091
-13.33872090269027,-0.0020877374919810922
-13.334162176117616,-0.0020813995461721846
-13.329603449544955,-0.002075078271067323
-13.3250447229723,-0.0020687736329045333
-13.320485996399647,-0.002062485597963815
-13.315927269826986,-0.0020562141325672074
-13.311368543254332,-0.0020499592030787995
-13.306809816681671,-0.0020437207759046506
-13.302251090109017,-0.002037498817492895
-13.297692363536356,-0.002031293294333641
-13.293133636963702,-0.0020251041729590614
-13.288574910391041,-0.002018931419943307
-13.284016183818387,-0.0020127750019025797
-13.279457457245726,-0.0020066348854950737
-13.274898730673073,-0.0020005110374210345
-13.270340004100412,-0.0019944034244226755
-13.265781277527758,-0.001988312013284278
-13.261222550955097,-0.0019822367708320927
-13.256663824382443,-0.0019761776639344243
-13.252105097809782,-0.001970134659501543
-13.247546371237128,-0.0019641077244857796
-13.242987644664467,-0.0019580968258814274
-13.238428918091813,-0.0019521019307248305
-13.233870191519152,-0.0019461230060942955
-13.229311464946498,-0.0019401600191101764
-13.224752738373844,-0.001934212936934807
-13.220194011801183,-0.0019282817267725055
-13.21563528522853,-0.001922366355869637
-13.211076558655868,-0.0019164667915145166
-13.206517832083215,-0.0019105830010374913
-13.201959105510554,-0.001904714951810873
-13.1974003789379,-0.0018988626112489944
-13.192841652365239,-0.0018930259468081462
-13.188282925792585,-0.0018872049259866382
-13.183724199219924,-0.0018813995163247325
-13.17916547264727,-0.0018756096854047081
-13.174606746074609,-0.0018698354008507905
-13.170048019501955,-0.001864076630329221
-13.165489292929294,-0.0018583333415481773
-13.16093056635664,-0.001852605502257841
-13.15637183978398,-0.0018468930802503368
-13.151813113211325,-0.0018411960433597867
-13.147254386638664,-0.0018355143594622435
-13.14269566006601,-0.0018298479964757575
-13.13813693349335,-0.0018241969223602992
-13.133578206920696,-0.0018185611051178346
-13.129019480348042,-0.0018129405127922493
-13.12446075377538,-0.001807335113469385
-13.119902027202727,-0.0018017448752770482
-13.115343300630066,-0.001796169766384957
-13.110784574057412,-0.0017906097550048066
-13.106225847484751,-0.0017850648093901847
-13.101667120912097,-0.0017795348978366517
-13.097108394339436,-0.0017740199886816604
-13.092549667766782,-0.00176852005030462
-13.087990941194121,-0.0017630350511268294
-13.083432214621467,-0.0017575649596115407
-13.078873488048806,-0.0017521097442638781
-13.074314761476153,-0.0017466693736309096
-13.069756034903492,-0.0017412438163015823
-13.065197308330838,-0.001735833040906767
-13.060638581758177,-0.0017304370161192086
-13.056079855185523,-0.0017250557106535684
-13.051521128612862,-0.0017196890932663612
-13.046962402040208,-0.0017143371327560247
-13.042403675467547,-0.001708999797962842
-13.037844948894893,-0.0017036770577690005
-13.03328622232224,-0.0016983688810985305
-13.028727495749578,-0.001693075236917328
-13.024168769176924,-0.0016877960942331823
-13.019610042604263,-0.001682531422095689
-13.01505131603161,-0.0016772811895963365
-13.010492589458948,-0.0016720453658684263
-13.005933862886295,-0.0016668239200871285
-13.001375136313634,-0.0016616168214694173
-12.99681640974098,-0.001656424039274122
-12.992257683168319,-0.0016512455428018742
-12.987698956595665,-0.00164608130139515
-12.983140230023004,-0.001640931284438203
-12.97858150345035,-0.0016357954613571376
-12.974022776877689,-0.0016306738016198187
-12.969464050305035,-0.0016255662747359356
-12.964905323732374,-0.0016204728502569469
-12.96034659715972,-0.0016153934977761197
-12.95578787058706,-0.0016103281869284684
-12.951229144014405,-0.0016052768873908163
-12.946670417441744,-0.0016002395688817152
-12.94211169086909,-0.0015952162011615082
-12.937552964296437,-0.0015902067540322737
-12.932994237723776,-0.0015852111973378312
-12.928435511151122,-0.0015802295009637725
-12.92387678457846,-0.001575261634837385
-12.919318058005807,-0.001570307568927713
-12.914759331433146,-0.0015653672732455054
-12.910200604860492,-0.001560440717843239
-12.905641878287831,-0.001555527872815075
-12.901083151715177,-0.00155062870829691
-12.896524425142516,-0.001545743194466296
-12.891965698569862,-0.001540871301542506
-12.887406971997201,-0.0015360129997864628
-12.882848245424547,-0.0015311682595007898
-12.878289518851886,-0.001526337051029746
-12.873730792279233,-0.0015215193447592763
-12.869172065706572,-0.0015167151111169512
-12.864613339133918,-0.0015119243205720084
-12.860054612561257,-0.001507146943635294
-12.855495885988603,-0.001502382950859308
-12.850937159415942,-0.0014976323128381428
-12.846378432843288,-0.0014928950002075325
-12.841819706270634,-0.001488170983644793
-12.837260979697973,-0.001483460233868834
-12.83270225312532,-0.00147876272164018
-12.828143526552658,-0.001474078417760898
-12.823584799980004,-0.0014694072930746631
-12.819026073407343,-0.0014647493184666823
-12.81446734683469,-0.0014601044648637474
-12.809908620262028,-0.0014554727032341601
-12.805349893689375,-0.0014508540045878003
-12.800791167116714,-0.0014462483399760456
-12.79623244054406,-0.0014416556804918129
-12.791673713971399,-0.001437075997269516
-12.787114987398745,-0.0014325092614850905
-12.782556260826084,-0.0014279554443559427
-12.77799753425343,-0.0014234145171409898
-12.773438807680769,-0.0014188864511405967
-12.768880081108115,-0.0014143712176966266
-12.764321354535454,-0.0014098687881923656
-12.7597626279628,-0.001405379134052582
-12.75520390139014,-0.0014009022267434522
-12.750645174817485,-0.0013964380377726108
-12.746086448244832,-0.0013919865386890897
-12.74152772167217,-0.00138754770108333
-12.736968995099517,-0.0013831214965871975
-12.732410268526856,-0.0013787078968739196
-12.727851541954202,-0.0013743068736581283
-12.72329281538154,-0.0013699183986958063
-12.718734088808887,-0.0013655424437843124
-12.714175362236226,-0.0013611789807623403
-12.709616635663572,-0.001356827981509947
-12.705057909090911,-0.0013524894179484882
-12.700499182518257,-0.0013481632620406746
-12.695940455945596,-0.0013438494857904919
-12.691381729372942,-0.0013395480612432486
-12.686823002800281,-0.0013352589604855272
-12.682264276227627,-0.0013309821556452028
-12.677705549654966,-0.0013267176188913887
-12.673146823082313,-0.001322465322434494
-12.668588096509652,-0.0013182252385261365
-12.664029369936998,-0.0013139973394591877
-12.659470643364337,-0.0013097815975677283
-12.654911916791683,-0.00130557798522707
-12.650353190219029,-0.0013013864748537044
-12.645794463646368,-0.0012972070389053161
-12.641235737073714,-0.0012930396498807822
-12.636677010501053,-0.0012888842803201195
-12.6321182839284,-0.0012847409028045307
-12.627559557355738,-0.0012806094899563266
-12.623000830783084,-0.001276490014438982
-12.618442104210423,-0.0012723824489570634
-12.61388337763777,-0.0012682867662562672
-12.609324651065108,-0.0012642029391233588
-12.604765924492455,-0.0012601309403862165
-12.600207197919794,-0.001256070742913761
-12.59564847134714,-0.001252022319615999
-12.591089744774479,-0.0012479856434439555
-12.586531018201825,-0.0012439606873897138
-12.581972291629164,-0.0012399474244863613
-12.57741356505651,-0.0012359458278080081
-12.572854838483849,-0.0012319558704697426
-12.568296111911195,-0.0012279775256276602
-12.563737385338534,-0.0012240107664788008
-12.55917865876588,-0.0012200555662611886
-12.554619932193226,-0.0012161118982537702
-12.550061205620565,-0.0012121797357764303
-12.545502479047911,-0.0012082590521899827
-12.54094375247525,-0.0012043498208961312
-12.536385025902597,-0.0012004520153374876
-12.531826299329936,-0.001196565608997521
-12.527267572757282,-0.001192690575400591
-12.52270884618462,-0.0011888268881118846
-12.518150119611967,-0.0011849745207374485
-12.513591393039306,-0.0011811334469241336
-12.509032666466652,-0.0011773036403596164
-12.504473939893991,-0.0011734850747723608
-12.499915213321337,-0.0011696777239316202
-12.495356486748676,-0.0011658815616474058
-12.490797760176022,-0.0011620965617705026
-12.486239033603361,-0.0011583226981924063
-12.481680307030707,-0.0011545599448453726
-12.477121580458046,-0.0011508082757023376
-12.472562853885393,-0.0011470676647769597
-12.468004127312732,-0.0011433380861235578
-12.463445400740078,-0.0011396195138371388
-12.458886674167424,-0.0011359119220533493
-12.454327947594763,-0.0011322152849484693
-12.449769221022109,-0.0011285295767394256
-12.445210494449448,-0.0011248547716837263
-12.440651767876794,-0.0011211908440794953
-12.436093041304133,-0.0011175377682654149
-12.43153431473148,-0.0011138955186207515
-12.426975588158818,-0.001110264069565296
-12.422416861586164,-0.0011066433955593986
-12.417858135013503,-0.0011030334711038953
-12.41329940844085,-0.0010994342707401523
-12.408740681868188,-0.0010958457690500019
-12.404181955295535,-0.0010922679406557612
-12.399623228722874,-0.0010887007602201858
-12.39506450215022,-0.0010851442024464885
-12.390505775577559,-0.0010815982420782813
-12.385947049004905,-0.0010780628538996065
-12.381388322432244,-0.0010745380127348768
-12.37682959585959,-0.0010710236934488992
-12.372270869286929,-0.0010675198709468126
-12.367712142714275,-0.0010640265201741271
-12.363153416141621,-0.001060543616116654
-12.35859468956896,-0.0010570711338005183
-12.354035962996306,-0.0010536090482921503
-12.349477236423645,-0.0010501573346982335
-12.344918509850991,-0.0010467159681657333
-12.34035978327833,-0.0010432849238818315
-12.335801056705677,-0.0010398641770739633
-12.331242330133016,-0.001036453703009739
-12.326683603560362,-0.0010330534769969935
-12.3221248769877,-0.001029663474383699
-12.317566150415047,-0.0010262836705580156
-12.313007423842386,-0.0010229140409482194
-12.308448697269732,-0.001019554561022725
-12.303889970697071,-0.0010162052062900305
-12.299331244124417,-0.0010128659522987418
-12.294772517551756,-0.0010095367746375099
-12.290213790979102,-0.0010062176489350632
-12.285655064406441,-0.0010029085508601338
-12.281096337833787,-0.0009996094561214933
-12.276537611261126,-0.0009963203404678889
-12.271978884688473,-0.000993041179688067
-12.267420158115819,-0.0009897719496107166
-12.262861431543158,-0.000986512626104473
-12.258302704970504,-0.0009832631850779038
-12.253743978397843,-0.0009800236024794693
-12.249185251825189,-0.0009767938542975293
-12.244626525252528,-0.000973573916560295
-12.240067798679874,-0.0009703637653358479
-12.235509072107213,-0.000967163376732077
-12.23095034553456,-0.0009639727268967053
-12.226391618961898,-0.0009607917920172276
-12.221832892389244,-0.0009576205483209302
-12.217274165816583,-0.0009544589720748397
-12.21271543924393,-0.0009513070395857302
-12.208156712671268,-0.0009481647272000793
-12.203597986098615,-0.0009450320113040762
-12.199039259525954,-0.0009419088683235688
-12.1944805329533,-0.0009387952747240824
-12.189921806380639,-0.0009356912070107622
-12.185363079807985,-0.0009325966417283886
-12.180804353235324,-0.0009295115554613249
-12.17624562666267,-0.0009264359248335273
-12.171686900090016,-0.0009233697265085027
-12.167128173517355,-0.0009203129371892896
-12.162569446944701,-0.0009172655336184665
-12.15801072037204,-0.000914227492578084
-12.153451993799386,-0.0009111987908897002
-12.148893267226725,-0.0009081794054142994
-12.144334540654071,-0.000905169313052331
-12.13977581408141,-0.0009021684907436425
-12.135217087508757,-0.0008991769154674927
-12.130658360936096,-0.0008961945642424953
-12.126099634363442,-0.0008932214141266471
-12.12154090779078,-0.0008902574422172467
-12.116982181218127,-0.0008873026256509348
-12.112423454645466,-0.0008843569416036242
-12.107864728072812,-0.0008814203672905134
-12.103306001500151,-0.0008784928799660344
-12.098747274927497,-0.0008755744569238639
-12.094188548354836,-0.0008726650754968707
-12.089629821782182,-0.0008697647130571258
-12.085071095209521,-0.0008668733470158481
-12.080512368636867,-0.0008639909548234131
-12.075953642064214,-0.0008611175139693056
-12.071394915491553,-0.0008582530019821146
-12.066836188918899,-0.0008553973964295097
-12.062277462346238,-0.0008525506749182075
-12.057718735773584,-0.0008497128150939698
-12.053160009200923,-0.0008468837946415565
-12.048601282628269,-0.0008440635912847298
-12.044042556055608,-0.0008412521827862059
-12.039483829482954,-0.0008384495469476585
-12.034925102910293,-0.0008356556616096698
-12.03036637633764,-0.000832870504651736
-12.025807649764978,-0.0008300940539922157
-12.021248923192324,-0.0008273262875883384
-12.016690196619663,-0.0008245671834361468
-12.01213147004701,-0.000821816719570511
-12.007572743474348,-0.0008190748740650716
-12.003014016901695,-0.0008163416250322439
-11.998455290329034,-0.0008136169506231735
-11.99389656375638,-0.0008109008290277334
-11.989337837183719,-0.0008081932384744774
-11.984779110611065,-0.0008054941572306439
-11.980220384038411,-0.0008028035636021058
-11.97566165746575,-0.0008001214359333635
-11.971102930893096,-0.0007974477526075238
-11.966544204320435,-0.0007947824920462558
-11.961985477747781,-0.0007921256327098012
-11.95742675117512,-0.0007894771530969086
-11.952868024602466,-0.0007868370317448499
-11.948309298029805,-0.0007842052472293619
-11.943750571457151,-0.0007815817781646559
-11.93919184488449,-0.0007789666032033551
-11.934633118311837,-0.0007763597010365156
-11.930074391739176,-0.0007737610503935537
-11.925515665166522,-0.0007711706300422657
-11.92095693859386,-0.0007685884187887675
-11.916398212021207,-0.0007660143954775005
-11.911839485448546,-0.0007634485389911794
-11.907280758875892,-0.0007608908282507921
-11.902722032303231,-0.0007583412422155521
-11.898163305730577,-0.0007557997598829008
-11.893604579157916,-0.000753266360288446
-11.889045852585262,-0.0007507410225059794
-11.884487126012608,-0.0007482237256474154
-11.879928399439947,-0.0007457144488627815
-11.875369672867294,-0.0007432131713402023
-11.870810946294633,-0.000740719872305851
-11.866252219721979,-0.0007382345310239506
-11.861693493149318,-0.0007357571267967201
-11.857134766576664,-0.0007332876389643757
-11.852576040004003,-0.0007308260469050856
-11.848017313431349,-0.0007283723300349585
-11.843458586858688,-0.0007259264678080037
-11.838899860286034,-0.0007234884397161209
-11.834341133713373,-0.0007210582252890561
-11.82978240714072,-0.0007186358040943961
-11.825223680568058,-0.0007162211557375223
-11.820664953995404,-0.0007138142598616048
-11.816106227422743,-0.0007114150961475532
-11.81154750085009,-0.0007090236443140143
-11.806988774277428,-0.0007066398841173214
-11.802430047704775,-0.000704263795351496
-11.797871321132114,-0.0007018953578481892
-11.79331259455946,-0.0006995345514766841
-11.788753867986806,-0.0006971813561438506
-11.784195141414145,-0.0006948357517941208
-11.779636414841491,-0.000692497718409476
-11.77507768826883,-0.0006901672360093967
-11.770518961696176,-0.0006878442846508641
-11.765960235123515,-0.0006855288444282994
-11.761401508550861,-0.0006832208954735714
-11.7568427819782,-0.0006809204179559364
-11.752284055405546,-0.0006786273920820429
-11.747725328832885,-0.0006763417980958729
-11.743166602260231,-0.0006740636162787433
-11.73860787568757,-0.0006717928269492488
-11.734049149114917,-0.0006695294104632698
-11.729490422542256,-0.0006672733472139042
-11.724931695969602,-0.0006650246176314792
-11.72037296939694,-0.0006627832021834882
-11.715814242824287,-0.0006605490813745924
-11.711255516251626,-0.0006583222357465696
-11.706696789678972,-0.000656102645878306
-11.702138063106311,-0.000653890292385744
-11.697579336533657,-0.0006516851559218872
-11.693020609961003,-0.0006494872171767361
-11.688461883388342,-0.0006472964568772798
-11.683903156815688,-0.0006451128557874752
-11.679344430243027,-0.0006429363947081924
-11.674785703670373,-0.0006407670544772153
-11.670226977097713,-0.0006386048159691846
-11.665668250525059,-0.0006364496600955968
-11.661109523952398,-0.0006343015678047497
-11.656550797379744,-0.0006321605200817379
-11.651992070807083,-0.0006300264979483984
-11.647433344234429,-0.000627899482463307
-11.642874617661768,-0.000625779454721724
-11.638315891089114,-0.000623666395855591
-11.633757164516453,-0.0006215602870334757
-11.6291984379438,-0.0006194611094605667
-11.624639711371138,-0.0006173688443786203
-11.620080984798484,-0.0006152834730659579
-11.615522258225823,-0.000613204976837405
-11.61096353165317,-0.000611133337044294
-11.606404805080508,-0.0006090685350744036
-11.601846078507855,-0.0006070105523519593
-11.5972873519352,-0.0006049593703375776
-11.59272862536254,-0.0006029149705282457
-11.588169898789886,-0.0006008773344573037
-11.583611172217225,-0.0005988464436943895
-11.579052445644571,-0.0005968222798454356
-11.57449371907191,-0.0005948048245526132
-11.569934992499256,-0.0005927940594943252
-11.565376265926595,-0.0005907899663851533
-11.560817539353941,-0.0005887925269758543
-11.55625881278128,-0.0005868017230532979
-11.551700086208626,-0.0005848175364404674
-11.547141359635965,-0.000582839948996402
-11.542582633063311,-0.0005808689426161885
-11.53802390649065,-0.0005789044992309102
-11.533465179917997,-0.0005769466008076392
-11.528906453345336,-0.0005749952293493759
-11.524347726772682,-0.0005730503668950503
-11.51978900020002,-0.0005711119955194621
-11.515230273627367,-0.0005691800973332752
-11.510671547054706,-0.000567254654482959
-11.506112820482052,-0.0005653356491507851
-11.501554093909398,-0.000563423063554777
-11.496995367336737,-0.0005615168799486762
-11.492436640764083,-0.0005596170806219365
-11.487877914191422,-0.0005577236478996586
-11.483319187618768,-0.0005558365641425838
-11.478760461046107,-0.0005539558117470471
-11.474201734473453,-0.0005520813731449568
-11.469643007900792,-0.0005502132308037494
-11.465084281328139,-0.0005483513672263765
-11.460525554755478,-0.0005464957649512472
-11.455966828182824,-0.0005446464065522262
-11.451408101610163,-0.0005428032746385705
-11.446849375037509,-0.0005409663518549266
-11.442290648464848,-0.0005391356208812711
-11.437731921892194,-0.0005373110644329046
-11.433173195319533,-0.0005354926652603931
-11.42861446874688,-0.000533680406149559
-11.424055742174218,-0.0005318742699214305
-11.419497015601564,-0.0005300742394322241
-11.414938289028903,-0.0005282802975732948
-11.41037956245625,-0.0005264924272711243
-11.405820835883596,-0.0005247106114872676
-11.401262109310935,-0.0005229348332183289
-11.39670338273828,-0.0005211650754959398
-11.39214465616562,-0.0005194013213867002
-11.387585929592966,-0.0005176435539921765
-11.383027203020305,-0.0005158917564488383
-11.378468476447651,-0.0005141459119280522
-11.37390974987499,-0.0005124060036360215
-11.369351023302336,-0.0005106720148137821
-11.364792296729675,-0.0005089439287371401
-11.360233570157021,-0.000507221728716665
-11.35567484358436,-0.000505505398097631
-11.351116117011706,-0.000503794920260008
-11.346557390439045,-0.0005020902786184047
-11.341998663866391,-0.0005003914566220543
-11.33743993729373,-0.0004986984377547658
-11.332881210721077,-0.0004970112055349042
-11.328322484148416,-0.0004953297435153384
-11.323763757575762,-0.0004936540352834307
-11.3192050310031,-0.0004919840644609752
-11.314646304430447,-0.0004903198147041937
-11.310087577857793,-0.0004886612697036752
-11.305528851285132,-0.0004870084131843524
-11.300970124712478,-0.0004853612289054777
-11.296411398139817,-0.00048371970066056637
-11.291852671567163,-0.00048208381227738436
-11.287293944994502,-0.00048045354761789465
-11.282735218421848,-0.0004788288905782428
-11.278176491849187,-0.0004772098250886992
-11.273617765276533,-0.00047559633511364935
-11.269059038703872,-0.00047398840465153434
-11.264500312131219,-0.00047238601773483935
-11.259941585558558,-0.00047078915843003547
-11.255382858985904,-0.0004691978108375701
-11.250824132413243,-0.0004676119590918055
-11.246265405840589,-0.0004660315873610094
-11.241706679267928,-0.00046445667984729524
-11.237147952695274,-0.00046288722078661104
-11.232589226122613,-0.0004613231944486821
-11.22803049954996,-0.00045976458513699364
-11.223471772977298,-0.00045821137718874
-11.218913046404644,-0.0004566635549748079
-11.21435431983199,-0.00045512110289972017
-11.20979559325933,-0.0004535840054016096
-11.205236866686676,-0.0004520522469521949
-11.200678140114015,-0.0004505258120567201
-11.19611941354136,-0.0004490046852539452
-11.1915606869687,-0.00044748885111608593
-11.187001960396046,-0.0004459782942488029
-11.182443233823385,-0.00044447299929114046
-11.177884507250731,-0.0004429729509155119
-11.17332578067807,-0.0004414781338276481
-11.168767054105416,-0.00043998853276657575
-11.164208327532755,-0.00043850413250456265
-11.159649600960101,-0.0004370249178471055
-11.15509087438744,-0.0004355508736328669
-11.150532147814786,-0.0004340819847336654
-11.145973421242125,-0.00043261823605441577
-11.141414694669471,-0.00043115961253311177
-11.13685596809681,-0.0004297060991407735
-11.132297241524157,-0.0004282576808814272
-11.127738514951496,-0.0004268143427920503
-11.123179788378842,-0.0004253760699425556
-11.118621061806188,-0.00042394284743573537
-11.114062335233527,-0.0004225146604072331
-11.109503608660873,-0.00042109149402551197
-11.104944882088212,-0.00041967333349180835
-11.100386155515558,-0.00041826016404010073
-11.095827428942897,-0.0004168519709370685
-11.091268702370243,-0.0004154487394820639
-11.086709975797582,-0.00041405045500705917
-11.082151249224928,-0.0004126571028766296
-11.077592522652267,-0.0004112686684878957
-11.073033796079613,-0.00040988513727050553
-11.068475069506952,-0.00040850649468657745
-11.063916342934299,-0.000407132726230685
-11.059357616361638,-0.00040576381742979617
-11.054798889788984,-0.0004043997538432579
-11.050240163216323,-0.00040304052106273903
-11.045681436643669,-0.00040168610471221156
-11.041122710071008,-0.00040033649044789426
-11.036563983498354,-0.00039899166395823227
-11.032005256925693,-0.00039765161096384414
-11.02744653035304,-0.0003963163172174999
-11.022887803780385,-0.00039498576850406744
-11.018329077207724,-0.0003936599506404829
-11.01377035063507,-0.00039233884947571866
-11.00921162406241,-0.0003910224508907296
-11.004652897489756,-0.00038971074079843256
-11.000094170917095,-0.00038840370514365245
-10.99553544434444,-0.00038710132990309935
-10.99097671777178,-0.000385803601085314
-10.986417991199126,-0.0003845105047306478
-10.981859264626465,-0.00038322202691120646
-10.977300538053811,-0.0003819381537308277
-10.97274181148115,-0.000380658871325029
-10.968183084908496,-0.00037938416586098247
-10.963624358335835,-0.0003781140235374637
-10.959065631763181,-0.00037684843058482435
-10.95450690519052,-0.00037558737326494443
-10.949948178617866,-0.00037433083787120235
-10.945389452045205,-0.00037307881072842666
-10.940830725472551,-0.00037183127819286966
-10.93627199889989,-0.00037058822665215466
-10.931713272327237,-0.00036934964252524996
-10.927154545754583,-0.00036811551226241957
-10.922595819181922,-0.0003668858223451913
-10.918037092609268,-0.0003656605592863183
-10.913478366036607,-0.0003644397096297326
-10.908919639463953,-0.0003632232599505167
-10.904360912891292,-0.0003620111968548528
-10.899802186318638,-0.0003608035069799966
-10.895243459745977,-0.0003596001769942237
-10.890684733173323,-0.00035840119359680753
-10.886126006600662,-0.00035720654351796105
-10.881567280028008,-0.0003560162135188173
-10.877008553455347,-0.0003548301903913688
-10.872449826882693,-0.0003536484609584519
-10.867891100310032,-0.0003524710120736837
-10.863332373737379,-0.0003512978306214436
-10.858773647164718,-0.0003501289035168155
-10.854214920592064,-0.0003489642177055656
-10.849656194019403,-0.00034780376016408596
-10.845097467446749,-0.00034664751789937064
-10.840538740874088,-0.0003454954779489624
-10.835980014301434,-0.0003443476273809255
-10.83142128772878,-0.0003432039532937939
-10.82686256115612,-0.00034206444281653924
-10.822303834583465,-0.0003409290831085334
-10.817745108010804,-0.0003397978613594965
-10.81318638143815,-0.0003386707647894745
-10.80862765486549,-0.00033754778064878086
-10.804068928292835,-0.0003364288962179729
-10.799510201720175,-0.0003353140988077967
-10.79495147514752,-0.0003342033757591643
-10.79039274857486,-0.0003330967144430941
-10.785834022002206,-0.0003319941022606897
-10.781275295429545,-0.0003308955266430835
-10.77671656885689,-0.0003298009750514107
-10.77215784228423,-0.0003287104349767551
-10.767599115711576,-0.0003276238939401226
-10.763040389138915,-0.0003265413394923886
-10.758481662566261,-0.0003254627592142684
-10.7539229359936,-0.0003243881407162674
-10.749364209420946,-0.00032331747163864843
-10.744805482848285,-0.0003222507396513854
-10.740246756275631,-0.0003211879324541287
-10.735688029702978,-0.000320129037776157
-10.731129303130317,-0.0003190740433763419
-10.726570576557663,-0.0003180229370431114
-10.722011849985002,-0.0003169757065943968
-10.717453123412348,-0.00031593233987760696
-10.712894396839687,-0.0003148928247695737
-10.708335670267033,-0.0003138571491765233
-10.703776943694372,-0.00031282530103402456
-10.699218217121718,-0.0003117972683069588
-10.694659490549057,-0.000310773038989469
-10.690100763976403,-0.00030975260110492815
-10.685542037403742,-0.00030873594270588864
-10.680983310831088,-0.00030772305187405234
-10.676424584258427,-0.0003067139167202174
-10.671865857685773,-0.0003057085253842514
-10.667307131113112,-0.00030470686603503353
-10.662748404540459,-0.0003037089268704316
-10.658189677967798,-0.00030271469611724446
-10.653630951395144,-0.0003017241620311746
-10.649072224822483,-0.00030073731289677476
-10.644513498249829,-0.0002997541370274182
-10.639954771677175,-0.0002987746227652483
-10.635396045104514,-0.0002977987584811416
-10.63083731853186,-0.00029682653257466864
-10.626278591959199,-0.0002958579334740447
-10.621719865386545,-0.00029489294963610044
-10.617161138813884,-0.0002939315695462273
-10.61260241224123,-0.0002929737817183476
-10.60804368566857,-0.0002920195746948647
-10.603484959095915,-0.0002910689370466273
-10.598926232523254,-0.00029012185737288337
-10.5943675059506,-0.00028917832430124457
-10.58980877937794,-0.0002882383264876346
-10.585250052805286,-0.00028730185261626227
-10.580691326232625,-0.0002863688913995638
-10.57613259965997,-0.0002854394315781761
-10.57157387308731,-0.00028451346192088096
-10.567015146514656,-0.0002835909712245774
-10.562456419941995,-0.0002826719483142277
-10.557897693369341,-0.00028175638204282487
-10.55333896679668,-0.0002808442612913433
-10.548780240224026,-0.0002799355749687053
-10.544221513651372,-0.0002790303120117311
-10.539662787078711,-0.00027812846138510047
-10.535104060506058,-0.00027723001208131463
-10.530545333933397,-0.0002763349531206462
-10.525986607360743,-0.00027544327355110646
-10.521427880788082,-0.0002745549624483939
-10.516869154215428,-0.0002736700089158623
-10.512310427642767,-0.0002727884020844691
-10.507751701070113,-0.00027191013111274153
-10.503192974497452,-0.00027103518518672764
-10.498634247924798,-0.00027016355351996144
-10.494075521352137,-0.00026929522535341205
-10.489516794779483,-0.00026843018995545247
-10.484958068206822,-0.00026756843662180537
-10.480399341634168,-0.0002667099546755126
-10.475840615061507,-0.0002658547334668831
-10.471281888488853,-0.00026500276237345855
-10.466723161916192,-0.000264154030799965
-10.462164435343539,-0.0002633085281782761
-10.457605708770878,-0.0002624662439673645
-10.453046982198224,-0.00026162716765326845
-10.44848825562557,-0.00026079128874904
-10.443929529052909,-0.00025995859679470726
-10.439370802480255,-0.0002591290813572349
-10.434812075907594,-0.00025830273203047467
-10.43025334933494,-0.00025747953843513157
-10.425694622762279,-0.000256659490218712
-10.421135896189625,-0.0002558425770554917
-10.416577169616964,-0.00025502878864646283
-10.41201844304431,-0.00025421811471930183
-10.40745971647165,-0.0002534105450283156
-10.402900989898995,-0.0002526060693544121
-10.398342263326334,-0.0002518046775050451
-10.39378353675368,-0.00025100635931418226
-10.38922481018102,-0.0002502111046422537
-10.384666083608366,-0.0002494189033761183
-10.380107357035705,-0.000248629745429011
-10.37554863046305,-0.000247843620740512
-10.37098990389039,-0.0002470605192764919
-10.366431177317736,-0.00024628043102908025
-10.361872450745075,-0.00024550334601661336
-10.357313724172421,-0.0002447292542836005
-10.352754997599767,-0.00024395814590067336
-10.348196271027106,-0.00024319001096454715
-10.343637544454452,-0.0002424248395979811
-10.339078817881791,-0.0002416626219497278
-10.334520091309138,-0.00024090334819449878
-10.329961364736477,-0.00024014700853291482
-10.325402638163823,-0.00023939359319146997
-10.320843911591162,-0.00023864309242248096
-10.316285185018508,-0.00023789549650405395
-10.311726458445847,-0.00023715079574003101
-10.307167731873193,-0.00023640898045995876
-10.302609005300532,-0.00023567004101903352
-10.298050278727878,-0.00023493396779807106
-10.293491552155217,-0.00023420075120345103
-10.288932825582563,-0.00023347038166708674
-10.284374099009902,-0.00023274284964637062
-10.279815372437248,-0.00023201814562414153
-10.275256645864587,-0.00023129626010863318
-10.270697919291933,-0.0002305771836334392
-10.266139192719272,-0.00022986090675746276
-10.261580466146619,-0.000229147420064881
-10.257021739573965,-0.0002284367141650951
-10.252463013001304,-0.0002277287796926918
-10.24790428642865,-0.0002270236073074013
-10.243345559855989,-0.00022632118769404878
-10.238786833283335,-0.00022562151156251984
-10.234228106710674,-0.00022492456964770785
-10.22966938013802,-0.0002242303527094807
-10.225110653565359,-0.00022353885153262866
-10.220551926992705,-0.000222850056926831
-10.215993200420044,-0.00022216395972660233
-10.21143447384739,-0.00022148055079126064
-10.20687574727473,-0.0002207998210048744
-10.202317020702075,-0.0002201217612762275
-10.197758294129414,-0.00021944636253877004
-10.19319956755676,-0.00021877361575058188
-10.1886408409841,-0.00021810351189432124
-10.184082114411446,-0.0002174360419771903
-10.179523387838785,-0.00021677119703088555
-10.17496466126613,-0.00021610896811156
-10.17040593469347,-0.00021544934629977517
-10.165847208120816,-0.00021479232270046238
-10.161288481548162,-0.0002141378884428775
-10.156729754975501,-0.00021348603468055596
-10.152171028402847,-0.00021283675259127667
-10.147612301830186,-0.00021219003337700948
-10.143053575257532,-0.0002115458682638812
-10.138494848684871,-0.00021090424850212438
-10.133936122112218,-0.0002102651653660429
-10.129377395539557,-0.0002096286101539591
-10.124818668966903,-0.00020899457418818078
-10.120259942394242,-0.00020836304881494906
-10.115701215821588,-0.0002077340254044036
-10.111142489248927,-0.00020710749535053137
-10.106583762676273,-0.0002064834500711314
-10.102025036103612,-0.00020586188100776517
-10.097466309530958,-0.00020524277962571944
-10.092907582958297,-0.00020462613741395631
-10.088348856385643,-0.00020401194588507844
-10.083790129812982,-0.00020340019657527685
-10.079231403240328,-0.00020279088104429793
-10.074672676667667,-0.00020218399087538997
-10.070113950095013,-0.00020157951767526926
-10.06555522352236,-0.00020097745307407088
-10.060996496949699,-0.000200377788725307
-10.056437770377045,-0.00019978051630582753
-10.051879043804384,-0.00019918562751577111
-10.04732031723173,-0.0001985931140785278
-10.042761590659069,-0.000198002967740691
-10.038202864086415,-0.00019741518027201888
-10.033644137513754,-0.00019682974346538687
-10.0290854109411,-0.00019624664913675034
-10.024526684368439,-0.00019566588912509438
-10.019967957795785,-0.0001950874552923983
-10.015409231223124,-0.0001945113395235858
-10.01085050465047,-0.00019393753372648806
-10.00629177807781,-0.00019336602983179482
-10.001733051505155,-0.0001927968197930177
-9.997174324932494,-0.00019222989558644084
-9.99261559835984,-0.00019166524921108364
-9.98805687178718,-0.00019110287268865185
-9.983498145214526,-0.00019054275806350173
-9.978939418641865,-0.00018998489740258971
-9.97438069206921,-0.0001894292827954361
-9.969821965496557,-0.0001888759063540761
-9.965263238923896,-0.0001883247602130203
-9.960704512351242,-0.00018777583652921336
-9.956145785778581,-0.00018722912748198573
-9.951587059205927,-0.00018668462527301666
-9.947028332633266,-0.0001861423221262859
-9.942469606060612,-0.0001856022102880361
-9.937910879487951,-0.0001850642820267244
-9.933352152915297,-0.00018452852963298484
-9.928793426342637,-0.00018399494541958045
-9.924234699769983,-0.0001834635217213658
-9.919675973197322,-0.00018293425089523806
-9.915117246624668,-0.0001824071253201002
-9.910558520052007,-0.0001818821373968128
-9.905999793479353,-0.0001813592795481564
-9.901441066906692,-0.00018083854421878235
-9.896882340334038,-0.00018031992387517777
-9.892323613761377,-0.00017980341100561425
-9.887764887188723,-0.00017928899812011393
-9.883206160616062,-0.00017877667775039745
-9.878647434043408,-0.00017826644244985071
-9.874088707470754,-0.0001777582847934737
-9.869529980898093,-0.00017725219737784178
-9.86497125432544,-0.00017674817282106536
-9.860412527752779,-0.00017624620376274053
-9.855853801180125,-0.0001757462828639139
-9.851295074607464,-0.00017524840280703295
-9.84673634803481,-0.00017475255629590978
-9.842177621462149,-0.00017425873605567176
-9.837618894889495,-0.00017376693483272642
-9.833060168316834,-0.00017327714539471062
-9.82850144174418,-0.00017278936053045598
-9.823942715171519,-0.0001723035730499393
-9.819383988598865,-0.00017181977578424582
-9.814825262026204,-0.00017133796158552136
-9.81026653545355,-0.00017085812332693468
-9.80570780888089,-0.00017038025390263007
-9.801149082308235,-0.00016990434622769044
-9.796590355735574,-0.00016943039323808815
-9.79203162916292,-0.0001689583878906494
-9.78747290259026,-0.00016848832316300577
-9.782914176017606,-0.0001680201920535566
-9.778355449444952,-0.00016755398758142275
-9.77379672287229,-0.00016708970278640572
-9.769237996299637,-0.000166627330728947
-9.764679269726976,-0.00016616686449008185
-9.760120543154322,-0.00016570829717140118
-9.755561816581661,-0.00016525162189500473
-9.751003090009007,-0.00016479683180346363
-9.746444363436346,-0.00016434392005977274
-9.741885636863692,-0.00016389287984731435
-9.737326910291031,-0.00016344370436980902
-9.732768183718377,-0.0001629963868512803
-9.728209457145716,-0.00016255092053600682
-9.723650730573063,-0.0001621072986884842
-9.719092004000402,-0.00016166551459337918
-9.714533277427748,-0.00016122556155549143
-9.709974550855087,-0.00016078743289970717
-9.705415824282433,-0.00016035112197096125
-9.700857097709772,-0.0001599166221341905
-9.696298371137118,-0.00015948392677429696
-9.691739644564457,-0.00015905302929609982
-9.687180917991803,-0.00015862392312429946
-9.68262219141915,-0.00015819660170342993
-9.678063464846488,-0.00015777105849782002
-9.673504738273834,-0.00015734728699155225
-9.668946011701173,-0.00015692528068841685
-9.66438728512852,-0.00015650503311187477
-9.659828558555859,-0.00015608653780501067
-9.655269831983205,-0.0001556697883304964
-9.650711105410544,-0.00015525477827054365
-9.64615237883789,-0.00015484150122686737
-9.641593652265229,-0.0001544299508206387
-9.637034925692575,-0.00015402012069244838
-9.632476199119914,-0.0001536120045022605
-9.62791747254726,-0.00015320559592937408
-9.623358745974599,-0.0001528008886723786
-9.618800019401945,-0.00015239787644911535
-9.614241292829284,-0.00015199655299663197
-9.60968256625663,-0.00015159691207114494
-9.60512383968397,-0.00015119894744799404
-9.600565113111315,-0.0001508026529216042
-9.596006386538654,-0.0001504080223054405
-9.591447659966,-0.00015001504943197068
-9.586888933393347,-0.00014962372815261976
-9.582330206820686,-0.00014923405233772938
-9.577771480248032,-0.00014884601587652007
-9.57321275367537,-0.00014845961267704328
-9.568654027102717,-0.00014807483666614697
-9.564095300530056,-0.00014769168178942755
-9.559536573957402,-0.0001473101420111942
-9.554977847384741,-0.00014693021131442348
-9.550419120812087,-0.0001465518837007211
-9.545860394239426,-0.00014617515319027713
-9.541301667666772,-0.0001458000138218292
-9.536742941094111,-0.00014542645965261666
-9.532184214521457,-0.0001450544847583436
-9.527625487948796,-0.00014468408323313356
-9.523066761376143,-0.00014431524918949258
-9.518508034803482,-0.00014394797675826434
-9.513949308230828,-0.00014358226008859252
-9.509390581658167,-0.00014321809334787587
-9.504831855085513,-0.00014285547072173183
-9.500273128512852,-0.00014249438641395062
-9.495714401940198,-0.00014213483464645886
-9.491155675367544,-0.00014177680965927526
-9.486596948794883,-0.00014142030571047084
-9.48203822222223,-0.00014106531707612955
-9.477479495649568,-0.0001407118380503046
-9.472920769076914,-0.00014035986294498045
-9.468362042504253,-0.0001400093860900296
-9.4638033159316,-0.0001396604018331747
-9.459244589358939,-0.00013931290453994368
-9.454685862786285,-0.00013896688859363492
-9.450127136213624,-0.0001386223483952696
-9.44556840964097,-0.00013827927836355833
-9.441009683068309,-0.0001379376729348538
-9.436450956495655,-0.00013759752656311642
-9.431892229922994,-0.00013725883371986836
-9.42733350335034,-0.00013692158889415759
-9.422774776777679,-0.00013658578659251396
-9.418216050205025,-0.00013625142133891154
-9.413657323632364,-0.0001359184876747256
-9.40909859705971,-0.0001355869801586955
-9.40453987048705,-0.00013525689336688066
-9.399981143914395,-0.00013492822189262367
-9.395422417341742,-0.00013460096034650796
-9.39086369076908,-0.00013427510335631737
-9.386304964196427,-0.0001339506455669991
-9.381746237623766,-0.00013362758164061906
-9.377187511051112,-0.0001333059062563257
-9.37262878447845,-0.0001329856141103069
-9.368070057905797,-0.00013266669991575326
-9.363511331333136,-0.00013234915840281376
-9.358952604760482,-0.00013203298431856104
-9.354393878187821,-0.00013171817242694595
-9.349835151615167,-0.00013140471750876305
-9.345276425042506,-0.00013109261436160594
-9.340717698469852,-0.00013078185779983193
-9.336158971897191,-0.00013047244265451758
-9.331600245324537,-0.00013016436377342417
-9.327041518751876,-0.0001298576160209526
-9.322482792179223,-0.00012955219427810902
-9.317924065606562,-0.0001292480934424603
-9.313365339033908,-0.00012894530842809892
-9.308806612461247,-0.0001286438341655992
-9.304247885888593,-0.00012834366560198198
-9.299689159315939,-0.00012804479770067183
-9.295130432743278,-0.00012774722544145863
-9.290571706170624,-0.00012745094382046014
-9.286012979597963,-0.0001271559478500788
-9.28145425302531,-0.00012686223255896681
-9.276895526452648,-0.00012656979299198245
-9.272336799879994,-0.0001262786242101552
-9.267778073307333,-0.00012598872129064275
-9.26321934673468,-0.00012570007932669492
-9.258660620162019,-0.00012541269342761176
-9.254101893589365,-0.00012512655871870748
-9.249543167016704,-0.00012484167034126806
-9.24498444044405,-0.00012455802345251606
-9.240425713871389,-0.0001242756132255678
-9.235866987298735,-0.00012399443484939813
-9.231308260726074,-0.00012371448352879787
-9.22674953415342,-0.0001234357544843389
-9.222190807580759,-0.00012315824295233146
-9.217632081008105,-0.00012288194418478939
-9.213073354435444,-0.00012260685344938718
-9.20851462786279,-0.00012233296602942554
-9.203955901290136,-0.00012206027722378986
-9.199397174717475,-0.00012178878234691183
-9.194838448144822,-0.00012151847672873339
-9.19027972157216,-0.00012124935571466481
-9.185720994999507,-0.0001209814146655496
-9.181162268426846,-0.00012071464895762277
-9.176603541854192,-0.00012044905398247571
-9.17204481528153,-0.00012018462514701509
-9.167486088708877,-0.00011992135787342696
-9.162927362136216,-0.00011965924759913606
-9.158368635563562,-0.00011939828977677095
-9.153809908990901,-0.00011913847987412161
-9.149251182418247,-0.00011887981337410559
-9.144692455845586,-0.00011862228577472682
-9.140133729272932,-0.00011836589258903974
-9.135575002700271,-0.0001181106293451093
-9.131016276127617,-0.00011785649158597554
-9.126457549554956,-0.00011760347486961267
-9.121898822982303,-0.00011735157476889499
-9.117340096409642,-0.00011710078687155464
-9.112781369836988,-0.00011685110678014859
-9.108222643264334,-0.00011660253011201703
-9.103663916691673,-0.00011635505249924739
-9.099105190119019,-0.00011610866958863776
-9.094546463546358,-0.00011586337704165695
-9.089987736973704,-0.00011561917053440952
-9.085429010401043,-0.00011537604575759563
-9.08087028382839,-0.00011513399841647663
-9.076311557255728,-0.00011489302423083454
-9.071752830683074,-0.00011465311893493781
-9.067194104110413,-0.000114414278277501
-9.06263537753776,-0.00011417649802165075
-9.058076650965099,-0.00011393977394488514
-9.053517924392445,-0.00011370410183904
-9.048959197819784,-0.00011346947751024889
-9.04440047124713,-0.00011323589677890826
-9.039841744674469,-0.00011300335547963865
-9.035283018101815,-0.0001127718494612496
-9.030724291529154,-0.00011254137458670044
-9.0261655649565,-0.00011231192673306643
-9.021606838383839,-0.00011208350179149841
-9.017048111811185,-0.00011185609566718971
-9.012489385238531,-0.00011162970427933639
-9.00793065866587,-0.00011140432356110192
-9.003371932093216,-0.00011117994945958131
-8.998813205520555,-0.00011095657793576261
-8.994254478947902,-0.00011073420496449269
-8.98969575237524,-0.00011051282653443816
-8.985137025802587,-0.00011029243864805185
-8.980578299229926,-0.00011007303732153347
-8.976019572657272,-0.00010985461858479613
-8.97146084608461,-0.0001096371784814274
-8.966902119511957,-0.0001094207130686558
-8.962343392939296,-0.0001092052184173116
-8.957784666366642,-0.000108990690611794
-8.953225939793981,-0.00010877712575003196
-8.948667213221327,-0.00010856451994345049
-8.944108486648666,-0.00010835286931693283
-8.939549760076012,-0.00010814217000878677
-8.934991033503351,-0.0001079324181707061
-8.930432306930697,-0.00010772360996773725
-8.925873580358036,-0.00010751574157824139
-8.921314853785383,-0.00010730880919386084
-8.916756127212729,-0.00010710280901948139
-8.912197400640068,-0.00010689773727319738
-8.907638674067414,-0.0001066935901862776
-8.903079947494753,-0.00010649036400312685
-8.898521220922099,-0.00010628805498125369
-8.893962494349438,-0.0001060866593912318
-8.889403767776784,-0.0001058861735166679
-8.884845041204123,-0.00010568659365416309
-8.88028631463147,-0.00010548791611328085
-8.875727588058808,-0.00010529013721650892
-8.871168861486154,-0.00010509325329922634
-8.866610134913493,-0.00010489726070966671
-8.86205140834084,-0.0001047021558088849
-8.857492681768178,-0.0001045079349707196
-8.852933955195525,-0.00010431459458176127
-8.848375228622864,-0.00010412213104131433
-8.84381650205021,-0.00010393054076136498
-8.839257775477549,-0.00010373982016654406
-8.834699048904895,-0.00010354996569409425
-8.830140322332234,-0.00010336097379383367
-8.82558159575958,-0.00010317284092812301
-8.821022869186926,-0.00010298556357182921
-8.816464142614265,-0.00010279913821229175
-8.811905416041611,-0.00010261356134928876
-8.80734668946895,-0.00010242882949500119
-8.802787962896296,-0.00010224493917397999
-8.798229236323635,-0.00010206188692311003
-8.793670509750982,-0.00010187966929157784
-8.78911178317832,-0.00010169828284083517
-8.784553056605667,-0.00010151772414456725
-8.779994330033006,-0.00010133798978865624
-8.775435603460352,-0.00010115907637114938
-8.77087687688769,-0.00010098098050222287
-8.766318150315037,-0.00010080369880415029
-8.761759423742376,-0.00010062722791126604
-8.757200697169722,-0.0001004515644699342
-8.752641970597061,-0.0001002767051385121
-8.748083244024407,-0.0001001026465873191
-8.743524517451746,-9.992938549860062e-05
-8.738965790879092,-9.975691856649679e-05
-8.734407064306431,-9.958524249700624e-05
-8.729848337733777,-9.941435400795548e-05
-8.725289611161124,-9.924424982896306e-05
-8.720730884588463,-9.907492670140689e-05
-8.716172158015809,-9.890638137839217e-05
-8.711613431443148,-9.873861062471567e-05
-8.707054704870494,-9.857161121683507e-05
-8.702495978297833,-9.840537994283329e-05
-8.697937251725179,-9.823991360238776e-05
-8.693378525152518,-9.807520900673495e-05
-8.688819798579864,-9.791126297863963e-05
-8.684261072007203,-9.774807235236007e-05
-8.67970234543455,-9.758563397361627e-05
-8.675143618861888,-9.742394469955625e-05
-8.670584892289234,-9.726300139872439e-05
-8.666026165716573,-9.710280095102723e-05
-8.66146743914392,-9.694334024770211e-05
-8.656908712571258,-9.678461619128342e-05
-8.652349985998605,-9.662662569557125e-05
-8.647791259425944,-9.646936568559724e-05
-8.64323253285329,-9.631283309759401e-05
-8.638673806280629,-9.615702487896072e-05
-8.634115079707975,-9.600193798823285e-05
-8.629556353135321,-9.584756939504799e-05
-8.62499762656266,-9.569391608011437e-05
-8.620438899990006,-9.554097503517956e-05
-8.615880173417345,-9.538874326299618e-05
-8.611321446844691,-9.523721777729253e-05
-8.60676272027203,-9.508639560273783e-05
-8.602203993699376,-9.493627377491256e-05
-8.597645267126715,-9.478684934027473e-05
-8.593086540554062,-9.463811935612988e-05
-8.5885278139814,-9.449008089059694e-05
-8.583969087408747,-9.434273102257926e-05
-8.579410360836086,-9.419606684173006e-05
-8.574851634263432,-9.405008544842334e-05
-8.57029290769077,-9.390478395372042e-05
-8.565734181118117,-9.376015947933978e-05
-8.561175454545456,-9.361620915762428e-05
-8.556616727972802,-9.34729301315114e-05
-8.552058001400141,-9.333031955449997e-05
-8.547499274827487,-9.318837459062096e-05
-8.542940548254826,-9.304709241440408e-05
-8.538381821682172,-9.290647021084885e-05
-8.533823095109518,-9.276650517539136e-05
-8.529264368536857,-9.262719451387447e-05
-8.524705641964204,-9.248853544251701e-05
-8.520146915391543,-9.235052518788166e-05
-8.515588188818889,-9.22131609868455e-05
-8.511029462246228,-9.20764400865676e-05
-8.506470735673574,-9.194035974445995e-05
-8.501912009100913,-9.180491722815505e-05
-8.497353282528259,-9.167010981547686e-05
-8.492794555955598,-9.153593479440869e-05
-8.488235829382944,-9.140238946306411e-05
-8.483677102810283,-9.126947112965503e-05
-8.47911837623763,-9.113717711246274e-05
-8.474559649664968,-9.100550473980601e-05
-8.470000923092314,-9.087445135001231e-05
-8.465442196519653,-9.074401429138605e-05
-8.460883469947,-9.061419092217984e-05
-8.456324743374338,-9.048497861056302e-05
-8.451766016801685,-9.035637473459284e-05
-8.447207290229024,-9.022837668218312e-05
-8.44264856365637,-9.010098185107556e-05
-8.438089837083716,-8.997418764880892e-05
-8.433531110511055,-8.98479914926893e-05
-8.428972383938401,-8.972239080976112e-05
-8.42441365736574,-8.959738303677609e-05
-8.419854930793086,-8.947296562016513e-05
-8.415296204220425,-8.934913601600673e-05
-8.410737477647771,-8.922589168999977e-05
-8.40617875107511,-8.910323011743157e-05
-8.401620024502456,-8.898114878315076e-05
-8.397061297929795,-8.885964518153585e-05
-8.392502571357142,-8.873871681646762e-05
-8.38794384478448,-8.861836120129837e-05
-8.383385118211827,-8.849857585882417e-05
-8.378826391639166,-8.837935832125404e-05
-8.374267665066512,-8.826070613018267e-05
-8.36970893849385,-8.814261683655983e-05
-8.365150211921197,-8.80250880006625e-05
-8.360591485348536,-8.7908117192065e-05
-8.356032758775882,-8.779170198961127e-05
-8.351474032203221,-8.767583998138473e-05
-8.346915305630567,-8.756052876468095e-05
-8.342356579057913,-8.744576594597758e-05
-8.337797852485252,-8.733154914090653e-05
-8.333239125912598,-8.721787597422586e-05
-8.328680399339937,-8.71047440797898e-05
-8.324121672767284,-8.699215110052192e-05
-8.319562946194623,-8.688009468838533e-05
-8.315004219621969,-8.676857250435567e-05
-8.310445493049308,-8.665758221839151e-05
-8.305886766476654,-8.654712150940743e-05
-8.301328039903993,-8.643718806524458e-05
-8.296769313331339,-8.632777958264394e-05
-8.292210586758678,-8.621889376721674e-05
-8.287651860186024,-8.611052833341817e-05
-8.283093133613363,-8.600268100451777e-05
-8.27853440704071,-8.58953495125731e-05
-8.273975680468048,-8.578853159840067e-05
-8.269416953895394,-8.568222501154914e-05
-8.264858227322733,-8.557642751027071e-05
-8.26029950075008,-8.547113686149484e-05
-8.255740774177418,-8.536635084079891e-05
-8.251182047604765,-8.526206723238239e-05
-8.24662332103211,-8.515828382903822e-05
-8.24206459445945,-8.505499843212582e-05
-8.237505867886796,-8.495220885154417e-05
-8.232947141314135,-8.484991290570355e-05
-8.228388414741481,-8.474810842149953e-05
-8.22382968816882,-8.464679323428456e-05
-8.219270961596166,-8.454596518784207e-05
-8.214712235023505,-8.444562213435825e-05
-8.210153508450851,-8.434576193439632e-05
-8.20559478187819,-8.424638245686822e-05
-8.201036055305536,-8.414748157900914e-05
-8.196477328732875,-8.404905718634944e-05
-8.191918602160221,-8.395110717268912e-05
-8.18735987558756,-8.38536294400698e-05
-8.182801149014907,-8.375662189874954e-05
-8.178242422442246,-8.366008246717477e-05
-8.173683695869592,-8.35640090719552e-05
-8.16912496929693,-8.346839964783611e-05
-8.164566242724277,-8.337325213767307e-05
-8.160007516151616,-8.327856449240446e-05
-8.155448789578962,-8.318433467102646e-05
-8.150890063006308,-8.309056064056561e-05
-8.146331336433647,-8.29972403760533e-05
-8.141772609860993,-8.290437186049993e-05
-8.137213883288332,-8.281195308486787e-05
-8.132655156715678,-8.271998204804674e-05
-8.128096430143017,-8.262845675682631e-05
-8.123537703570364,-8.253737522587159e-05
-8.118978976997703,-8.244673547769608e-05
-8.114420250425049,-8.235653554263714e-05
-8.109861523852388,-8.226677345882904e-05
-8.105302797279734,-8.217744727217852e-05
-8.100744070707073,-8.208855503633818e-05
-8.096185344134419,-8.200009481268181e-05
-8.091626617561758,-8.191206467027826e-05
-8.087067890989104,-8.182446268586661e-05
-8.082509164416443,-8.173728694383017e-05
-8.07795043784379,-8.165053553617207e-05
-8.073391711271128,-8.156420656248899e-05
-8.068832984698474,-8.147829812994702e-05
-8.064274258125813,-8.139280835325564e-05
-8.05971553155316,-8.13077353546435e-05
-8.055156804980506,-8.122307726383277e-05
-8.050598078407845,-8.113883221801426e-05
-8.04603935183519,-8.105499836182335e-05
-8.04148062526253,-8.097157384731385e-05
-8.036921898689876,-8.088855683393454e-05
-8.032363172117215,-8.080594548850343e-05
-8.027804445544561,-8.072373798518396e-05
-8.0232457189719,-8.064193250545952e-05
-8.018686992399246,-8.056052723811002e-05
-8.014128265826585,-8.047952037918623e-05
-8.009569539253931,-8.039891013198648e-05
-8.00501081268127,-8.031869470703128e-05
-8.000452086108616,-8.023887232204001e-05
-7.995893359535955,-8.015944120190578e-05
-7.9913346329633015,-8.008039957867209e-05
-7.9867759063906405,-8.00017456915078e-05
-7.982217179817987,-7.992347778668412e-05
-7.977658453245326,-7.984559411754945e-05
-7.973099726672672,-7.976809294450656e-05
-7.968541000100011,-7.969097253498773e-05
-7.963982273527357,-7.961423116343177e-05
-7.959423546954703,-7.953786711125947e-05
-7.954864820382042,-7.946187866685029e-05
-7.950306093809388,-7.938626412551894e-05
-7.945747367236727,-7.931102178949107e-05
-7.941188640664073,-7.923614996788064e-05
-7.936629914091412,-7.916164697666538e-05
-7.932071187518758,-7.908751113866446e-05
-7.927512460946097,-7.901374078351417e-05
-7.9229537343734435,-7.894033424764534e-05
-7.9183950078007825,-7.886728987425946e-05
-7.913836281228129,-7.879460601330611e-05
-7.909277554655468,-7.872228102145914e-05
-7.904718828082814,-7.865031326209435e-05
-7.900160101510153,-7.857870110526558e-05
-7.895601374937499,-7.850744292768276e-05
-7.891042648364838,-7.843653711268791e-05
-7.886483921792184,-7.83659820502333e-05
-7.881925195219523,-7.829577613685774e-05
-7.877366468646869,-7.82259177756648e-05
-7.872807742074208,-7.815640537629906e-05
-7.868249015501554,-7.808723735492456e-05
-7.8636902889289,-7.801841213420126e-05
-7.859131562356239,-7.794992814326314e-05
-7.854572835783586,-7.788178381769576e-05
-7.850014109210925,-7.781397759951334e-05
-7.845455382638271,-7.774650793713715e-05
-7.84089665606561,-7.767937328537237e-05
-7.836337929492956,-7.761257210538682e-05
-7.831779202920295,-7.754610286468783e-05
-7.827220476347641,-7.747996403710102e-05
-7.82266174977498,-7.741415410274742e-05
-7.818103023202326,-7.734867154802223e-05
-7.813544296629665,-7.728351486557213e-05
-7.808985570057011,-7.721868255427409e-05
-7.80442684348435,-7.715417311921299e-05
-7.799868116911696,-7.708998507166028e-05
-7.795309390339035,-7.702611692905176e-05
-7.7907506637663815,-7.696256721496656e-05
-7.7861919371937205,-7.689933445910484e-05
-7.781633210621067,-7.68364171972669e-05
-7.777074484048406,-7.677381397133102e-05
-7.772515757475752,-7.671152332923275e-05
-7.767957030903098,-7.664954382494283e-05
-7.763398304330437,-7.658787401844619e-05
-7.758839577757783,-7.652651247572099e-05
-7.754280851185122,-7.64654577687166e-05
-7.749722124612468,-7.640470847533348e-05
-7.745163398039807,-7.634426317940093e-05
-7.740604671467153,-7.628412047065714e-05
-7.736045944894492,-7.622427894472731e-05
-7.731487218321838,-7.616473720310338e-05
-7.726928491749177,-7.610549385312265e-05
-7.7223697651765235,-7.604654750794737e-05
-7.7178110386038625,-7.598789678654349e-05
-7.713252312031209,-7.59295403136606e-05
-7.708693585458548,-7.587147671981047e-05
-7.704134858885894,-7.581370464124726e-05
-7.699576132313233,-7.575622271994627e-05
-7.695017405740579,-7.569902960358401e-05
-7.690458679167918,-7.564212394551728e-05
-7.685899952595264,-7.558550440476325e-05
-7.681341226022603,-7.552916964597865e-05
-7.676782499449949,-7.547311833944003e-05
-7.672223772877295,-7.541734916102302e-05
-7.667665046304634,-7.536186079218238e-05
-7.66310631973198,-7.53066519199322e-05
-7.658547593159319,-7.52517212368252e-05
-7.6539888665866656,-7.519706744093344e-05
-7.649430140014005,-7.514268923582762e-05
-7.644871413441351,-7.508858533055805e-05
-7.64031268686869,-7.503475443963393e-05
-7.635753960296036,-7.498119528300429e-05
-7.631195233723375,-7.49279065860378e-05
-7.626636507150721,-7.48748870795034e-05
-7.62207778057806,-7.482213549955034e-05
-7.617519054005406,-7.476965058768907e-05
-7.612960327432745,-7.471743109077119e-05
-7.608401600860091,-7.466547576097061e-05
-7.60384287428743,-7.461378335576343e-05
-7.599284147714776,-7.456235263790941e-05
-7.594725421142115,-7.451118237543179e-05
-7.5901666945694615,-7.446027134159889e-05
-7.5856079679968005,-7.440961831490423e-05
-7.581049241424147,-7.435922207904794e-05
-7.576490514851493,-7.430908142291723e-05
-7.571931788278832,-7.425919514056761e-05
-7.567373061706178,-7.4209562031204e-05
-7.562814335133517,-7.416018089916148e-05
-7.558255608560863,-7.411105055388685e-05
-7.553696881988202,-7.406216980991934e-05
-7.549138155415548,-7.401353748687231e-05
-7.544579428842887,-7.396515240941412e-05
-7.540020702270233,-7.391701340724994e-05
-7.535461975697572,-7.386911931510259e-05
-7.530903249124918,-7.382146897269458e-05
-7.526344522552257,-7.3774061224729e-05
-7.5217857959796035,-7.372689492087172e-05
-7.5172270694069425,-7.367996891573239e-05
-7.512668342834289,-7.363328206884666e-05
-7.508109616261628,-7.358683324465732e-05
-7.503550889688974,-7.354062131249667e-05
-7.498992163116313,-7.34946451465677e-05
-7.494433436543659,-7.344890362592661e-05
-7.489874709970998,-7.340339563446414e-05
-7.485315983398344,-7.335812006088808e-05
-7.48075725682569,-7.331307579870479e-05
-7.476198530253029,-7.326826174620162e-05
-7.471639803680375,-7.322367680642899e-05
-7.467081077107714,-7.317931988718244e-05
-7.46252235053506,-7.313518990098502e-05
-7.457963623962399,-7.309128576506941e-05
-7.4534048973897455,-7.30476064013605e-05
-7.4488461708170846,-7.300415073645742e-05
-7.444287444244431,-7.296091770161643e-05
-7.43972871767177,-7.291790623273286e-05
-7.435169991099116,-7.287511527032436e-05
-7.430611264526455,-7.283254375951266e-05
-7.426052537953801,-7.279019065000704e-05
-7.42149381138114,-7.27480548960863e-05
-7.416935084808486,-7.270613545658215e-05
-7.412376358235825,-7.266443129486145e-05
-7.407817631663171,-7.262294137880948e-05
-7.40325890509051,-7.258166468081253e-05
-7.398700178517856,-7.254060017774116e-05
-7.394141451945195,-7.24997468509328e-05
-7.3895827253725415,-7.245910368617528e-05
-7.385023998799888,-7.241866967368952e-05
-7.380465272227227,-7.237844380811281e-05
-7.375906545654573,-7.233842508848222e-05
-7.371347819081912,-7.229861251821748e-05
-7.366789092509258,-7.22590051051047e-05
-7.362230365936597,-7.221960186127925e-05
-7.357671639363943,-7.218040180320967e-05
-7.353112912791282,-7.214140395168063e-05
-7.348554186218628,-7.210260733177689e-05
-7.343995459645967,-7.206401097286642e-05
-7.339436733073313,-7.202561390858447e-05
-7.334878006500652,-7.198741517681662e-05
-7.330319279927998,-7.194941381968319e-05
-7.325760553355337,-7.191160888352235e-05
-7.3212018267826835,-7.187399941887434e-05
-7.3166431002100225,-7.183658448046509e-05
-7.312084373637369,-7.179936312719031e-05
-7.307525647064708,-7.176233442209918e-05
-7.302966920492054,-7.172549743237865e-05
-7.298408193919393,-7.16888512293371e-05
-7.293849467346739,-7.165239488838897e-05
-7.289290740774085,-7.161612748903833e-05
-7.284732014201424,-7.158004811486337e-05
-7.28017328762877,-7.154415585350082e-05
-7.275614561056109,-7.150844979662964e-05
-7.271055834483455,-7.147292903995614e-05
-7.266497107910794,-7.14375926831976e-05
-7.26193838133814,-7.140243983006739e-05
-7.257379654765479,-7.136746958825882e-05
-7.2528209281928255,-7.133268106943018e-05
-7.2482622016201645,-7.129807338918901e-05
-7.243703475047511,-7.126364566707688e-05
-7.23914474847485,-7.122939702655389e-05
-7.234586021902196,-7.119532659498368e-05
-7.230027295329535,-7.116143350361781e-05
-7.225468568756881,-7.112771688758103e-05
-7.22090984218422,-7.109417588585566e-05
-7.216351115611566,-7.106080964126693e-05
-7.211792389038905,-7.102761730046759e-05
-7.207233662466251,-7.09945980139232e-05
-7.20267493589359,-7.096175093589693e-05
-7.198116209320936,-7.092907522443494e-05
-7.193557482748282,-7.08965700413512e-05
-7.1889987561756215,-7.086423455221292e-05
-7.184440029602968,-7.083206792632577e-05
-7.179881303030307,-7.080006933671896e-05
-7.175322576457653,-7.076823796013093e-05
-7.170763849884992,-7.073657297699432e-05
-7.166205123312338,-7.070507357142182e-05
-7.161646396739677,-7.067373893119116e-05
-7.157087670167023,-7.064256824773114e-05
-7.152528943594362,-7.061156071610673e-05
-7.147970217021708,-7.058071553500507e-05
-7.143411490449047,-7.055003190672079e-05
-7.138852763876393,-7.051950903714203e-05
-7.134294037303732,-7.048914613573586e-05
-7.129735310731078,-7.04589424155344e-05
-7.125176584158417,-7.042889709312031e-05
-7.1206178575857635,-7.03990093886131e-05
-7.1160591310131025,-7.03692785256546e-05
-7.111500404440449,-7.033970373139532e-05
-7.106941677867788,-7.031028423648019e-05
-7.102382951295134,-7.028101927503483e-05
-7.09782422472248,-7.025190808465156e-05
-7.093265498149819,-7.022294990637545e-05
-7.088706771577165,-7.019414398469084e-05
-7.084148045004504,-7.016548956750722e-05
-7.07958931843185,-7.013698590614582e-05
-7.075030591859189,-7.010863225532564e-05
-7.070471865286535,-7.008042787315018e-05
-7.065913138713874,-7.005237202109355e-05
-7.06135441214122,-7.002446396398718e-05
-7.056795685568559,-6.999670297000606e-05
-7.0522369589959055,-6.996908831065564e-05
-7.0476782324232445,-6.994161926075812e-05
-7.043119505850591,-6.991429509843932e-05
-7.03856077927793,-6.988711510511514e-05
-7.034002052705276,-6.98600785654786e-05
-7.029443326132615,-6.983318476748623e-05
-7.024884599559961,-6.980643300234533e-05
-7.0203258729873,-6.977982256450034e-05
-7.015767146414646,-6.975335275162025e-05
-7.011208419841985,-6.972702286458515e-05
-7.006649693269331,-6.970083220747348e-05
-7.002090966696677,-6.967478008754885e-05
-6.997532240124016,-6.964886581524729e-05
-6.992973513551362,-6.96230887041644e-05
-6.988414786978701,-6.959744807104228e-05
-6.983856060406048,-6.957194323575701e-05
-6.979297333833387,-6.954657352130567e-05
-6.974738607260733,-6.952133825379387e-05
-6.970179880688072,-6.949623676242283e-05
-6.965621154115418,-6.947126837947703e-05
-6.961062427542757,-6.944643244031129e-05
-6.956503700970103,-6.942172828333862e-05
-6.951944974397442,-6.939715525001739e-05
-6.947386247824788,-6.937271268483913e-05
-6.942827521252127,-6.934839993531589e-05
-6.938268794679473,-6.932421635196815e-05
-6.933710068106812,-6.930016128831212e-05
-6.929151341534158,-6.927623410084786e-05
-6.924592614961497,-6.925243414904669e-05
-6.9200338883888435,-6.922876079533929e-05
-6.9154751618161825,-6.92052134051032e-05
-6.910916435243529,-6.918179134665105e-05
-6.906357708670875,-6.915849399121823e-05
-6.901798982098214,-6.913532071295091e-05
-6.89724025552556,-6.91122708888942e-05
-6.892681528952899,-6.908934389897989e-05
-6.888122802380245,-6.906653912601486e-05
-6.883564075807584,-6.904385595566894e-05
-6.87900534923493,-6.902129377646331e-05
-6.874446622662269,-6.899885197975846e-05
-6.869887896089615,-6.897652995974266e-05
-6.865329169516954,-6.89543271134201e-05
-6.8607704429443,-6.893224284059931e-05
-6.856211716371639,-6.891027654388141e-05
-6.8516529897989855,-6.888842762864875e-05
-6.8470942632263245,-6.886669550305302e-05
-6.842535536653671,-6.884507957800407e-05
-6.83797681008101,-6.882357926715818e-05
-6.833418083508356,-6.880219398690684e-05
-6.828859356935695,-6.878092315636516e-05
-6.824300630363041,-6.87597661973607e-05
-6.81974190379038,-6.873872253442196e-05
-6.815183177217726,-6.871779159476738e-05
-6.810624450645072,-6.869697280829375e-05
-6.806065724072411,-6.867626560756531e-05
-6.801506997499757,-6.865566942780251e-05
-6.796948270927096,-6.863518370687074e-05
-6.792389544354442,-6.861480788526956e-05
-6.787830817781781,-6.859454140612131e-05
-6.7832720912091276,-6.857438371516039e-05
-6.778713364636467,-6.855433426072211e-05
-6.774154638063813,-6.853439249373191e-05
-6.769595911491152,-6.851455786769427e-05
-6.765037184918498,-6.84948298386822e-05
-6.760478458345837,-6.847520786532602e-05
-6.755919731773183,-6.845569140880297e-05
-6.751361005200522,-6.843627993282613e-05
-6.746802278627868,-6.841697290363404e-05
-6.742243552055207,-6.839776978997978e-05
-6.737684825482553,-6.83786700631206e-05
-6.733126098909892,-6.835967319680704e-05
-6.728567372337238,-6.834077866727272e-05
-6.724008645764577,-6.832198595322352e-05
-6.7194499191919235,-6.830329453582735e-05
-6.71489119261927,-6.828470389870358e-05
-6.710332466046609,-6.826621352791264e-05
-6.705773739473955,-6.824782291194582e-05
-6.701215012901294,-6.82295315417147e-05
-6.69665628632864,-6.821133891054114e-05
-6.692097559755979,-6.819324451414678e-05
-6.687538833183325,-6.817524785064301e-05
-6.682980106610664,-6.815734842052067e-05
-6.67842138003801,-6.813954572664006e-05
-6.673862653465349,-6.812183927422064e-05
-6.669303926892695,-6.810422857083116e-05
-6.664745200320034,-6.80867131263795e-05
-6.66018647374738,-6.806929245310277e-05
-6.655627747174719,-6.805196606555722e-05
-6.6510690206020655,-6.803473348060853e-05
-6.6465102940294045,-6.801759421742167e-05
-6.641951567456751,-6.800054779745132e-05
-6.63739284088409,-6.798359374443176e-05
-6.632834114311436,-6.796673158436742e-05
-6.628275387738775,-6.794996084552283e-05
-6.623716661166121,-6.793328105841318e-05
-6.619157934593467,-6.791669175579444e-05
-6.614599208020806,-6.790019247265379e-05
-6.610040481448152,-6.788378274620015e-05
-6.605481754875491,-6.786746211585434e-05
-6.600923028302837,-6.785123012323988e-05
-6.596364301730176,-6.783508631217319e-05
-6.591805575157522,-6.781903022865433e-05
-6.587246848584861,-6.780306142085751e-05
-6.5826881220122075,-6.778717943912168e-05
-6.578129395439547,-6.777138383594115e-05
-6.573570668866893,-6.775567416595638e-05
-6.569011942294232,-6.774004998594457e-05
-6.564453215721578,-6.772451085481046e-05
-6.559894489148917,-6.770905633357708e-05
-6.555335762576263,-6.769368598537666e-05
-6.550777036003602,-6.767839937544129e-05
-6.546218309430948,-6.766319607109402e-05
-6.541659582858287,-6.764807564173959e-05
-6.537100856285633,-6.763303765885556e-05
-6.532542129712972,-6.761808169598304e-05
-6.527983403140318,-6.7603207328718e-05
-6.5234246765676644,-6.758841413470212e-05
-6.5188659499950035,-6.75737016936139e-05
-6.51430722342235,-6.755906958715988e-05
-6.509748496849689,-6.754451739906561e-05
-6.505189770277035,-6.753004471506704e-05
-6.500631043704374,-6.751565112290159e-05
-6.49607231713172,-6.750133621229945e-05
-6.491513590559059,-6.748709957497478e-05
-6.486954863986405,-6.747294080461726e-05
-6.482396137413744,-6.745885949688304e-05
-6.47783741084109,-6.744485524938656e-05
-6.473278684268429,-6.743092766169163e-05
-6.468719957695775,-6.741707633530301e-05
-6.464161231123114,-6.740330087365789e-05
-6.45960250455046,-6.738960088211737e-05
-6.455043777977799,-6.737597596795796e-05
-6.4504850514051455,-6.736242574036329e-05
-6.4459263248324845,-6.73489498104155e-05
-6.441367598259831,-6.733554779108709e-05
-6.43680887168717,-6.732221929723242e-05
-6.432250145114516,-6.730896394557954e-05
-6.427691418541862,-6.729578135472182e-05
-6.423132691969201,-6.728267114510973e-05
-6.418573965396547,-6.726963293904269e-05
-6.414015238823886,-6.725666636066083e-05
-6.409456512251232,-6.72437710359369e-05
-6.404897785678571,-6.723094659266806e-05
-6.400339059105917,-6.721819266046796e-05
-6.395780332533256,-6.72055088707585e-05
-6.391221605960602,-6.719289485676194e-05
-6.386662879387941,-6.718035025349284e-05
-6.3821041528152875,-6.716787469775017e-05
-6.3775454262426265,-6.715546782810929e-05
-6.372986699669973,-6.714312928491413e-05
-6.368427973097312,-6.713085871026925e-05
-6.363869246524658,-6.711865574803209e-05
-6.359310519951997,-6.710652004380505e-05
-6.354751793379343,-6.709445124492782e-05
-6.350193066806682,-6.708244900046956e-05
-6.345634340234028,-6.707051296122122e-05
-6.341075613661367,-6.70586427796878e-05
-6.336516887088713,-6.704683811008077e-05
-6.331958160516059,-6.703509860831037e-05
-6.327399433943398,-6.7023423931978e-05
-6.322840707370744,-6.701181374036876e-05
-6.3182819807980835,-6.700026769444378e-05
-6.31372325422543,-6.69887854568328e-05
-6.309164527652769,-6.697736669182658e-05
-6.304605801080115,-6.69660110653696e-05
-6.300047074507454,-6.695471824505247e-05
-6.2954883479348,-6.69434879001047e-05
-6.290929621362139,-6.693231970138715e-05
-6.286370894789485,-6.692121332138484e-05
-6.281812168216824,-6.691016843419962e-05
-6.27725344164417,-6.689918471554279e-05
-6.272694715071509,-6.688826184272792e-05
-6.268135988498855,-6.687739949466371e-05
-6.263577261926194,-6.68665973518466e-05
-6.25901853535354,-6.685585509635377e-05
-6.254459808780879,-6.684517241183588e-05
-6.2499010822082255,-6.683454898351009e-05
-6.2453423556355645,-6.682398449815282e-05
-6.240783629062911,-6.681347864409289e-05
-6.236224902490257,-6.680303111120425e-05
-6.231666175917596,-6.679264159089918e-05
-6.227107449344942,-6.678230977612126e-05
-6.222548722772281,-6.677203536133836e-05
-6.217989996199627,-6.676181804253583e-05
-6.213431269626966,-6.67516575172095e-05
-6.208872543054312,-6.674155348435895e-05
-6.204313816481651,-6.673150564448048e-05
-6.199755089908997,-6.672151369956055e-05
-6.195196363336336,-6.671157735306873e-05
-6.190637636763682,-6.670169630995122e-05
-6.186078910191021,-6.669187027662388e-05
-6.1815201836183675,-6.668209896096568e-05
-6.1769614570457065,-6.667238207231197e-05
-6.172402730473053,-6.666271932144786e-05
-6.167844003900392,-6.665311042060152e-05
-6.163285277327738,-6.664355508343777e-05
-6.158726550755077,-6.663405302505123e-05
-6.154167824182423,-6.662460396196007e-05
-6.149609097609762,-6.661520761209929e-05
-6.145050371037108,-6.660586369481433e-05
-6.140491644464454,-6.659657193085459e-05
-6.135932917891793,-6.658733204236691e-05
-6.131374191319139,-6.657814375288934e-05
-6.126815464746478,-6.656900678734455e-05
-6.122256738173824,-6.655992087203363e-05
-6.117698011601163,-6.655088573462961e-05
-6.11313928502851,-6.654190110417134e-05
-6.108580558455849,-6.653296671105701e-05
-6.104021831883195,-6.652408228703801e-05
-6.099463105310534,-6.651524756521267e-05
-6.09490437873788,-6.650646228002003e-05
-6.090345652165219,-6.649772616723368e-05
-6.085786925592565,-6.648903896395564e-05
-6.081228199019904,-6.648040040861013e-05
-6.07666947244725,-6.647181024093757e-05
-6.072110745874589,-6.646326820198837e-05
-6.067552019301935,-6.645477403411706e-05
-6.062993292729274,-6.644632748097603e-05
-6.05843456615662,-6.643792828750971e-05
-6.053875839583959,-6.642957619994851e-05
-6.0493171130113055,-6.642127096580283e-05
-6.044758386438652,-6.641301233385718e-05
-6.040199659865991,-6.640480005416422e-05
-6.035640933293337,-6.639663387803893e-05
-6.031082206720676,-6.638851355805271e-05
-6.026523480148022,-6.638043884802752e-05
-6.021964753575361,-6.637240950303013e-05
-6.017406027002707,-6.636442527936628e-05
-6.012847300430046,-6.635648593457489e-05
-6.008288573857392,-6.634859122742239e-05
-6.003729847284731,-6.634074091789696e-05
-5.999171120712077,-6.63329347672028e-05
-5.994612394139416,-6.632517253775452e-05
-5.990053667566762,-6.631745399317146e-05
-5.985494940994101,-6.630977889827203e-05
-5.9809362144214475,-6.63021470190682e-05
-5.9763774878487865,-6.62945581227598e-05
-5.971818761276133,-6.628701197772908e-05
-5.967260034703472,-6.627950835353506e-05
-5.962701308130818,-6.627204702090815e-05
-5.958142581558157,-6.626462775174454e-05
-5.953583854985503,-6.62572503191008e-05
-5.949025128412849,-6.624991449718842e-05
-5.944466401840188,-6.62426200613684e-05
-5.939907675267534,-6.623536678814587e-05
-5.935348948694873,-6.622815445516464e-05
-5.930790222122219,-6.622098284120195e-05
-5.926231495549558,-6.621385172616304e-05
-5.921672768976904,-6.620676089107593e-05
-5.917114042404243,-6.619971011808609e-05
-5.9125553158315896,-6.619269919045116e-05
-5.907996589258929,-6.618572789253573e-05
-5.903437862686275,-6.617879600980614e-05
-5.898879136113614,-6.617190332882526e-05
-5.89432040954096,-6.616504963724729e-05
-5.889761682968299,-6.615823472381264e-05
-5.885202956395645,-6.61514583783428e-05
-5.880644229822984,-6.614472039173522e-05
-5.87608550325033,-6.61380205559582e-05
-5.871526776677669,-6.613135866404583e-05
-5.866968050105015,-6.6124734510093e-05
-5.862409323532354,-6.611814788925022e-05
-5.8578505969597,-6.611159859771887e-05
-5.8532918703870465,-6.610508643274596e-05
-5.8487331438143855,-6.609861119261928e-05
-5.844174417241732,-6.609217267666248e-05
-5.839615690669071,-6.608577068523011e-05
-5.835056964096417,-6.60794050197028e-05
-5.830498237523756,-6.607307548248216e-05
-5.825939510951102,-6.606678187698627e-05
-5.821380784378441,-6.606052400764446e-05
-5.816822057805787,-6.605430167989282e-05
-5.812263331233126,-6.60481147001692e-05
-5.807704604660472,-6.604196287590851e-05
-5.803145878087811,-6.603584601553795e-05
-5.798587151515157,-6.602976392847227e-05
-5.794028424942496,-6.602371642510909e-05
-5.789469698369842,-6.601770331682413e-05
-5.784910971797181,-6.601172441596661e-05
-5.7803522452245275,-6.60057795358546e-05
-5.7757935186518665,-6.599986849077023e-05
-5.771234792079213,-6.599399109595534e-05
-5.766676065506552,-6.598814716760661e-05
-5.762117338933898,-6.598233652287122e-05
-5.757558612361244,-6.597655897984212e-05
-5.752999885788583,-6.597081435755354e-05
-5.748441159215929,-6.596510247597654e-05
-5.743882432643268,-6.595942315601444e-05
-5.739323706070614,-6.595377621949838e-05
-5.734764979497953,-6.594816148918281e-05
-5.730206252925299,-6.594257878874111e-05
-5.725647526352638,-6.593702794276113e-05
-5.721088799779984,-6.59315087767408e-05
-5.716530073207323,-6.592602111708373e-05
-5.7119713466346695,-6.592056479109491e-05
-5.707412620062009,-6.591513962697625e-05
-5.702853893489355,-6.590974545382239e-05
-5.698295166916694,-6.590438210161627e-05
-5.69373644034404,-6.589904940122492e-05
-5.689177713771379,-6.589374718439514e-05
-5.684618987198725,-6.588847528374928e-05
-5.680060260626064,-6.588323353278101e-05
-5.67550153405341,-6.587802176585108e-05
-5.670942807480749,-6.587283981818312e-05
-5.666384080908095,-6.586768752585951e-05
-5.661825354335441,-6.586256472581712e-05
-5.65726662776278,-6.585747125584333e-05
-5.6527079011901264,-6.585240695457172e-05
-5.6481491746174655,-6.584737166147809e-05
-5.643590448044812,-6.584236521687632e-05
-5.639031721472151,-6.583738746191433e-05
-5.634472994899497,-6.583243823857002e-05
-5.629914268326836,-6.582751738964716e-05
-5.625355541754182,-6.582262475877153e-05
-5.620796815181521,-6.581776019038672e-05
-5.616238088608867,-6.581292352975037e-05
-5.611679362036206,-6.580811462293001e-05
-5.607120635463552,-6.580333331679922e-05
-5.602561908890891,-6.579857945903366e-05
-5.598003182318237,-6.579385289810717e-05
-5.593444455745576,-6.578915348328792e-05
-5.588885729172922,-6.578448106463442e-05
-5.584327002600261,-6.577983549299176e-05
-5.5797682760276075,-6.577521661998771e-05
-5.5752095494549465,-6.577062429802897e-05
-5.570650822882293,-6.576605838029719e-05
-5.566092096309639,-6.57615187207454e-05
-5.561533369736978,-6.575700517409405e-05
-5.556974643164324,-6.57525175958274e-05
-5.552415916591663,-6.574805584218956e-05
-5.547857190019009,-6.574361977018106e-05
-5.543298463446348,-6.573920923755486e-05
-5.538739736873694,-6.573482410281284e-05
-5.534181010301033,-6.573046422520203e-05
-5.529622283728379,-6.572612946471098e-05
-5.525063557155718,-6.572181968206612e-05
-5.520504830583064,-6.571753473872815e-05
-5.515946104010403,-6.571327449688831e-05
-5.5113873774377495,-6.570903881946498e-05
-5.5068286508650885,-6.570482757009991e-05
-5.502269924292435,-6.57006406131548e-05
-5.497711197719774,-6.569647781370764e-05
-5.49315247114712,-6.569233903754928e-05
-5.488593744574459,-6.56882241511798e-05
-5.484035018001805,-6.56841330218051e-05
-5.479476291429144,-6.568006551733336e-05
-5.47491756485649,-6.567602150637162e-05
-5.470358838283836,-6.567200085822232e-05
-5.465800111711175,-6.566800344287975e-05
-5.461241385138521,-6.566402913102681e-05
-5.45668265856586,-6.566007779403142e-05
-5.452123931993206,-6.565614930394331e-05
-5.4475652054205455,-6.565224353349044e-05
-5.443006478847892,-6.564836035607584e-05
-5.438447752275231,-6.564449964577407e-05
-5.433889025702577,-6.564066127732806e-05
-5.429330299129916,-6.563684512614568e-05
-5.424771572557262,-6.563305106829648e-05
-5.420212845984601,-6.56292789805084e-05
-5.415654119411947,-6.562552874016447e-05
-5.411095392839286,-6.562180022529961e-05
-5.406536666266632,-6.561809331459732e-05
-5.401977939693971,-6.561440788738649e-05
-5.397419213121317,-6.561074382363818e-05
-5.392860486548656,-6.560710100396243e-05
-5.388301759976002,-6.560347930960507e-05
-5.383743033403341,-6.55998786224445e-05
-5.3791843068306875,-6.559629882498863e-05
-5.374625580258034,-6.559273980037166e-05
-5.370066853685373,-6.558920143235095e-05
-5.365508127112719,-6.558568360530403e-05
-5.360949400540058,-6.55821862042253e-05
-5.356390673967404,-6.557870911472309e-05
-5.351831947394743,-6.557525222301658e-05
-5.347273220822089,-6.557181541593269e-05
-5.342714494249428,-6.556839858090306e-05
-5.338155767676774,-6.5565001605961e-05
-5.333597041104113,-6.556162437973852e-05
-5.329038314531459,-6.555826679146332e-05
-5.324479587958798,-6.555492873095575e-05
-5.319920861386144,-6.555161008862591e-05
-5.315362134813483,-6.554831075547061e-05
-5.3108034082408295,-6.55450306230705e-05
-5.3062446816681685,-6.554176958358708e-05
-5.301685955095515,-6.553852752975983e-05
-5.297127228522854,-6.553530435490325e-05
-5.2925685019502,-6.553209995290397e-05
-5.288009775377539,-6.552891421821796e-05
-5.283451048804885,-6.552574704586753e-05
-5.278892322232231,-6.552259833143858e-05
-5.27433359565957,-6.551946797107768e-05
-5.269774869086916,-6.551635586148935e-05
-5.265216142514255,-6.55132618999331e-05
-5.260657415941601,-6.551018598422078e-05
-5.25609868936894,-6.550712801271369e-05
-5.251539962796286,-6.550408788431982e-05
-5.2469812362236254,-6.550106549849109e-05
-5.242422509650972,-6.549806075522068e-05
-5.237863783078311,-6.549507355504016e-05
-5.233305056505657,-6.549210379901686e-05
-5.228746329932996,-6.548915138875109e-05
-5.224187603360342,-6.548621622637353e-05
-5.219628876787681,-6.548329821454248e-05
-5.215070150215027,-6.548039725644118e-05
-5.210511423642366,-6.547751325577514e-05
-5.205952697069712,-6.547464611676959e-05
-5.201393970497051,-6.54717957441667e-05
-5.196835243924397,-6.546896204322304e-05
-5.192276517351736,-6.5466144919707e-05
-5.187717790779082,-6.546334427989608e-05
-5.1831590642064285,-6.546056003057435e-05
-5.1786003376337675,-6.545779207902995e-05
-5.174041611061114,-6.545504033305243e-05
-5.169482884488453,-6.545230470093023e-05
-5.164924157915799,-6.54495850914481e-05
-5.160365431343138,-6.544688141388465e-05
-5.155806704770484,-6.54441935780098e-05
-5.151247978197823,-6.544152149408226e-05
-5.146689251625169,-6.543886507284701e-05
-5.142130525052508,-6.543622422553288e-05
-5.137571798479854,-6.543359886385005e-05
-5.133013071907193,-6.543098889998759e-05
-5.128454345334539,-6.542839424661102e-05
-5.123895618761878,-6.542581481685986e-05
-5.119336892189224,-6.542325052434523e-05
-5.114778165616563,-6.542070128314742e-05
-5.1102194390439095,-6.54181670078135e-05
-5.1056607124712485,-6.541564761335488e-05
-5.101101985898595,-6.541314301524504e-05
-5.096543259325934,-6.541065312941706e-05
-5.09198453275328,-6.54081778722613e-05
-5.087425806180626,-6.540571716062306e-05
-5.082867079607965,-6.540327091180022e-05
-5.078308353035311,-6.5400839043541e-05
-5.07374962646265,-6.539842147404153e-05
-5.069190899889996,-6.53960181219436e-05
-5.064632173317335,-6.539362890633238e-05
-5.060073446744681,-6.53912537467342e-05
-5.05551472017202,-6.53888925631141e-05
-5.050955993599366,-6.53865452758738e-05
-5.046397267026705,-6.538421180584924e-05
-5.0418385404540516,-6.538189207430852e-05
-5.037279813881391,-6.537958600294956e-05
-5.032721087308737,-6.537729351389794e-05
-5.028162360736076,-6.537501452970466e-05
-5.023603634163422,-6.537274897334398e-05
-5.019044907590761,-6.537049676821118e-05
-5.014486181018107,-6.53682578381205e-05
-5.009927454445446,-6.53660321073028e-05
-5.005368727872792,-6.536381950040362e-05
-5.000810001300131,-6.536161994248083e-05
-4.996251274727477,-6.535943335900262e-05
-4.991692548154823,-6.53572596758454e-05
-4.987133821582162,-6.53550988192916e-05
-4.9825750950095085,-6.53529507160276e-05
-4.9780163684368475,-6.535081529314165e-05
-4.973457641864194,-6.534869247812179e-05
-4.968898915291533,-6.534658219885376e-05
-4.964340188718879,-6.534448438361897e-05
-4.959781462146218,-6.534239896109239e-05
-4.955222735573564,-6.534032586034059e-05
-4.950664009000903,-6.533826501081963e-05
-4.946105282428249,-6.533621634237309e-05
-4.941546555855588,-6.533417978522998e-05
-4.936987829282934,-6.533215527000286e-05
-4.932429102710273,-6.533014272768574e-05
-4.927870376137619,-6.532814208965216e-05
-4.923311649564958,-6.532615328765314e-05
-4.918752922992304,-6.532417625381532e-05
-4.914194196419643,-6.532221092063891e-05
-4.9096354698469895,-6.532025722099582e-05
-4.9050767432743285,-6.531831508812761e-05
-4.900518016701675,-6.531638445564371e-05
-4.895959290129021,-6.531446525751942e-05
-4.89140056355636,-6.531255742809396e-05
-4.886841836983706,-6.531066090206868e-05
-4.882283110411045,-6.530877561450505e-05
-4.877724383838391,-6.530690150082289e-05
-4.87316565726573,-6.530503849679841e-05
-4.868606930693076,-6.530318653856241e-05
-4.864048204120415,-6.530134556259836e-05
-4.859489477547761,-6.529951550574063e-05
-4.8549307509751,-6.52976963051726e-05
-4.850372024402446,-6.529588789842483e-05
-4.845813297829785,-6.529409022337332e-05
-4.8412545712571315,-6.529230321823754e-05
-4.836695844684471,-6.529052682157881e-05
-4.832137118111817,-6.528876097229842e-05
-4.827578391539156,-6.52870056096358e-05
-4.823019664966502,-6.528526067316689e-05
-4.818460938393841,-6.528352610280217e-05
-4.813902211821187,-6.52818018387851e-05
-4.809343485248526,-6.528008782169025e-05
-4.804784758675872,-6.527838399242161e-05
-4.800226032103218,-6.527669029221085e-05
-4.795667305530557,-6.527500666261553e-05
-4.791108578957903,-6.527333304551755e-05
-4.786549852385242,-6.527166938312126e-05
-4.7819911258125885,-6.527001561795183e-05
-4.7774323992399275,-6.526837169285363e-05
-4.772873672667274,-6.526673755098847e-05
-4.768314946094613,-6.526511313583392e-05
-4.763756219521959,-6.526349839118167e-05
-4.759197492949298,-6.52618932611359e-05
-4.754638766376644,-6.52602976901116e-05
-4.750080039803983,-6.525871162283289e-05
-4.745521313231329,-6.525713500433147e-05
-4.740962586658668,-6.525556777994497e-05
-4.736403860086014,-6.525400989531526e-05
-4.731845133513353,-6.525246129638697e-05
-4.727286406940699,-6.525092192940574e-05
-4.722727680368038,-6.524939174091678e-05
-4.718168953795384,-6.524787067776314e-05
-4.713610227222723,-6.524635868708427e-05
-4.7090515006500695,-6.524485571631432e-05
-4.704492774077416,-6.52433617131807e-05
-4.699934047504755,-6.52418766257024e-05
-4.695375320932101,-6.52404004021886e-05
-4.69081659435944,-6.523893299123691e-05
-4.686257867786786,-6.523747434173211e-05
-4.681699141214125,-6.52360244028444e-05
-4.677140414641471,-6.5234583124028e-05
-4.67258168806881,-6.52331504550196e-05
-4.668022961496156,-6.523172634583687e-05
-4.663464234923495,-6.523031074677695e-05
-4.658905508350841,-6.522890360841504e-05
-4.65434678177818,-6.52275048816028e-05
-4.649788055205526,-6.522611451746696e-05
-4.645229328632865,-6.522473246740784e-05
-4.6406706020602115,-6.522335868309787e-05
-4.6361118754875505,-6.522199311648018e-05
-4.631553148914897,-6.522063571976711e-05
-4.626994422342236,-6.521928644543883e-05
-4.622435695769582,-6.521794524624187e-05
-4.617876969196921,-6.52166120751877e-05
-4.613318242624267,-6.521528688555133e-05
-4.608759516051613,-6.52139696308699e-05
-4.604200789478952,-6.52126602649413e-05
-4.599642062906298,-6.521135874182272e-05
-4.595083336333637,-6.521006501582932e-05
-4.590524609760983,-6.520877904153284e-05
-4.585965883188322,-6.520750077376019e-05
-4.581407156615668,-6.520623016759214e-05
-4.5768484300430075,-6.520496717836194e-05
-4.572289703470354,-6.520371176165393e-05
-4.567730976897693,-6.520246387330225e-05
-4.563172250325039,-6.520122346938949e-05
-4.558613523752378,-6.51999905062453e-05
-4.554054797179724,-6.519876494044518e-05
-4.549496070607063,-6.519754672880904e-05
-4.544937344034409,-6.519633582839998e-05
-4.540378617461748,-6.519513219652292e-05
-4.535819890889094,-6.519393579072334e-05
-4.531261164316433,-6.519274656878598e-05
-4.526702437743779,-6.519156448873357e-05
-4.522143711171118,-6.519038950882548e-05
-4.517584984598464,-6.518922158755657e-05
-4.5130262580258105,-6.518806068365579e-05
-4.5084675314531495,-6.518690675608502e-05
-4.503908804880496,-6.518575976403778e-05
-4.499350078307835,-6.518461966693797e-05
-4.494791351735181,-6.518348642443867e-05
-4.49023262516252,-6.518235999642083e-05
-4.485673898589866,-6.518124034299212e-05
-4.481115172017205,-6.518012742448569e-05
-4.476556445444551,-6.517902120145893e-05
-4.47199771887189,-6.517792163469226e-05
-4.467438992299236,-6.517682868518795e-05
-4.462880265726575,-6.51757423141689e-05
-4.458321539153921,-6.517466248307748e-05
-4.45376281258126,-6.517358915357432e-05
-4.449204086008606,-6.517252228753709e-05
-4.444645359435945,-6.517146184705945e-05
-4.4400866328632915,-6.517040779444971e-05
-4.4355279062906305,-6.516936009222985e-05
-4.430969179717977,-6.51683187031342e-05
-4.426410453145316,-6.516728359010845e-05
-4.421851726572662,-6.516625471630831e-05
-4.417293,-6.51652320450986e-05
