-50.0,-7.005624904282734
-49.995441273427346,-7.002966590231136
-49.990882546854685,-7.000308962050987
-49.98632382028203,-6.997652019653202
-49.98176509370937,-6.994995762948659
-49.977206367136716,-6.992340191848245
-49.972647640564055,-6.989685306262842
-49.9680889139914,-6.987031106103345
-49.96353018741874,-6.984377591280603
-49.95897146084609,-6.981724761705524
-49.954412734273426,-6.97907261728896
-49.94985400770077,-6.9764211579418
-49.94529528112811,-6.973770383574886
-49.94073655455546,-6.971120294099106
-49.936177827982796,-6.968470889425306
-49.93161910141014,-6.965822169464359
-49.92706037483748,-6.963174134127105
-49.92250164826483,-6.960526783324425
-49.917942921692166,-6.957880116967137
-49.91338419511951,-6.955234134966119
-49.90882546854685,-6.952588837232195
-49.9042667419742,-6.949944223676221
-49.89970801540154,-6.947300294209031
-49.89514928882888,-6.9446570487414645
-49.89059056225623,-6.942014487184364
-49.88603183568357,-6.939372609448546
-49.881473109110914,-6.936731415444858
-49.87691438253825,-6.93409090508411
-49.8723556559656,-6.931451078277151
-49.86779692939294,-6.928811934934772
-49.863238202820284,-6.926173474967813
-49.85867947624762,-6.923535698287079
-49.85412074967497,-6.920898604803392
-49.84956202310231,-6.918262194427557
-49.845003296529654,-6.915626467070398
-49.84044456995699,-6.912991422642685
-49.83588584338434,-6.910357061055263
-49.83132711681168,-6.907723382218899
-49.826768390239025,-6.905090386044416
-49.822209663666364,-6.902458072442585
-49.81765093709371,-6.8998264413242225
-49.81309221052105,-6.897195492600096
-49.808533483948395,-6.89456522618101
-49.80397475737574,-6.891935641977735
-49.79941603080308,-6.88930673990106
-49.794857304230426,-6.886678519861764
-49.790298577657765,-6.884050981770619
-49.78573985108511,-6.881424125538399
-49.78118112451245,-6.878797951075882
-49.776622397939796,-6.876172458293825
-49.772063671367135,-6.873547647103006
-49.76750494479448,-6.870923517414181
-49.76294621822182,-6.868300069138108
-49.75838749164917,-6.865677302185544
-49.753828765076506,-6.863055216467251
-49.74927003850385,-6.860433811893986
-49.74471131193119,-6.857813088376475
-49.74015258535854,-6.855193045825497
-49.735593858785876,-6.852573684151767
-49.73103513221322,-6.849955003266045
-49.72647640564056,-6.84733700307906
-49.72191767906791,-6.844719683501566
-49.717358952495246,-6.842103044444268
-49.71280022592259,-6.839487085817927
-49.70824149934994,-6.83687180753325
-49.70368277277728,-6.834257209500968
-49.69912404620462,-6.831643291631814
-49.69456531963196,-6.829030053836494
-49.69000659305931,-6.8264174960257415
-49.68544786648665,-6.823805618110258
-49.680889139913994,-6.8211944200007615
-49.67633041334133,-6.818583901607972
-49.67177168676868,-6.815974062842573
-49.66721296019602,-6.8133649036152955
-49.662654233623364,-6.8107564238368274
-49.6580955070507,-6.808148623417868
-49.65353678047805,-6.80554150226912
-49.64897805390539,-6.802935060301281
-49.644419327332734,-6.800329297425037
-49.63986060076007,-6.797724213551068
-49.63530187418742,-6.795119808590076
-49.63074314761476,-6.792516082452736
-49.626184421042105,-6.78991303504974
-49.621625694469444,-6.787310666291756
-49.61706696789679,-6.784708976089459
-49.612508241324136,-6.782107964353532
-49.607949514751475,-6.779507630994641
-49.60339078817882,-6.776907975923454
-49.59883206160616,-6.77430899905063
-49.594273335033506,-6.771710700286844
-49.589714608460845,-6.769113079542746
-49.58515588188819,-6.766516136729003
-49.58059715531553,-6.7639198717562685
-49.576038428742876,-6.761324284535197
-49.571479702170215,-6.758729374976431
-49.56692097559756,-6.7561351429906225
-49.5623622490249,-6.753541588488413
-49.55780352245225,-6.750948711380459
-49.553244795879586,-6.748356511577372
-49.54868606930693,-6.745764988989821
-49.54412734273427,-6.74317414352842
-49.53956861616162,-6.740583975103806
-49.535009889588956,-6.737994483626611
-49.5304511630163,-6.735405669007467
-49.52589243644364,-6.7328175311569805
-49.52133370987099,-6.730230069985798
-49.51677498329833,-6.727643285404519
-49.51221625672567,-6.725057177323763
-49.50765753015302,-6.722471745654151
-49.50309880358036,-6.719886990306291
-49.4985400770077,-6.71730291119079
-49.49398135043504,-6.714719508218255
-49.48942262386239,-6.7121367812993
-49.48486389728973,-6.709554730344505
-49.480305170717074,-6.706973355264487
-49.47574644414441,-6.704392655969833
-49.47118771757176,-6.701812632371145
-49.4666289909991,-6.6992332843790035
-49.462070264426444,-6.696654611904
-49.45751153785378,-6.694076614856729
-49.45295281128113,-6.691499293147762
-49.44839408470847,-6.688922646687682
-49.443835358135814,-6.686346675387078
-49.43927663156315,-6.6837713791565045
-49.4347179049905,-6.681196757906562
-49.43015917841784,-6.678622811547796
-49.425600451845185,-6.676049539990787
-49.42104172527253,-6.673476943146106
-49.41648299869987,-6.670905020924298
-49.411924272127216,-6.668333773235942
-49.407365545554555,-6.665763199991578
-49.4028068189819,-6.663193301101774
-49.39824809240924,-6.66062407647708
-49.393689365836586,-6.658055526028052
-49.389130639263925,-6.655487649665225
-49.38457191269127,-6.652920447299152
-49.38001318611861,-6.650353918840377
-49.375454459545956,-6.647788064199436
-49.370895732973295,-6.645222883286857
-49.36633700640064,-6.642658376013205
-49.36177827982798,-6.640094542288979
-49.35721955325533,-6.637531382024733
-49.352660826682666,-6.634968895130981
-49.34810210011001,-6.632407081518248
-49.34354337353735,-6.629845941097064
-49.3389846469647,-6.627285473777951
-49.334425920392036,-6.624725679471412
-49.32986719381938,-6.622166558087974
-49.32530846724673,-6.6196081095381505
-49.32074974067407,-6.617050333732434
-49.31619101410141,-6.614493230581359
-49.31163228752875,-6.611936799995405
-49.3070735609561,-6.609381041885094
-49.30251483438344,-6.60682595616091
-49.29795610781078,-6.604271542733363
-49.29339738123812,-6.601717801512943
-49.28883865466547,-6.59916473241014
-49.28427992809281,-6.596612335335441
-49.279721201520154,-6.594060610199345
-49.27516247494749,-6.591509556912323
-49.27060374837484,-6.588959175384872
-49.26604502180218,-6.586409465527456
-49.261486295229524,-6.583860427250568
-49.25692756865686,-6.581312060464673
-49.25236884208421,-6.578764365080242
-49.24781011551155,-6.576217341007746
-49.243251388938894,-6.573670988157659
-49.23869266236623,-6.571125306440446
-49.23413393579358,-6.568580295766555
-49.229575209220926,-6.566035956046471
-49.225016482648265,-6.563492287190629
-49.22045775607561,-6.560949289109494
-49.21589902950295,-6.558406961713504
-49.211340302930296,-6.555865304913137
-49.206781576357635,-6.553324318618813
-49.20222284978498,-6.550784002740998
-49.19766412321232,-6.54824435719012
-49.193105396639666,-6.545705381876626
-49.188546670067005,-6.543167076710951
-49.18398794349435,-6.5406294416035315
-49.17942921692169,-6.538092476464805
-49.174870490349036,-6.535556181205197
-49.170311763776375,-6.533020555735127
-49.16575303720372,-6.530485599965035
-49.16119431063106,-6.527951313805335
-49.15663558405841,-6.525417697166454
-49.152076857485746,-6.522884749958805
-49.14751813091309,-6.520352472092806
-49.14295940434043,-6.517820863478864
-49.13840067776778,-6.515289924027398
-49.13384195119512,-6.512759653648816
-49.12928322462246,-6.510230052253514
-49.12472449804981,-6.507701119751904
-49.12016577147715,-6.505172856054383
-49.11560704490449,-6.5026452610713505
-49.11104831833183,-6.500118334713208
-49.10648959175918,-6.497592076890339
-49.10193086518652,-6.495066487513137
-49.09737213861386,-6.492541566492001
-49.0928134120412,-6.490017313737299
-49.08825468546855,-6.487493729159436
-49.08369595889589,-6.484970812668772
-49.079137232323234,-6.482448564175704
-49.07457850575057,-6.47992698359059
-49.07001977917792,-6.4774060708238235
-49.06546105260526,-6.474885825785767
-49.060902326032604,-6.472366248386785
-49.05634359945994,-6.469847338537258
-49.05178487288729,-6.467329096147537
-49.04722614631463,-6.46481152112798
-49.042667419741974,-6.4622946133889645
-49.03810869316932,-6.459778372840835
-49.03354996659666,-6.457262799393945
-49.028991240024006,-6.454747892958653
-49.024432513451345,-6.452233653445306
-49.01987378687869,-6.449720080764257
-49.01531506030603,-6.447207174825836
-49.010756333733376,-6.4446949355404
-49.006197607160715,-6.442183362818285
-49.00163888058806,-6.43967245656983
-48.9970801540154,-6.437162216705365
-48.992521427442746,-6.434652643135227
-48.987962700870085,-6.432143735769744
-48.98340397429743,-6.429635494519251
-48.97884524772477,-6.427127919294064
-48.974286521152116,-6.424621010004512
-48.969727794579455,-6.42211476656091
-48.9651690680068,-6.419609188873588
-48.96061034143414,-6.417104276852856
-48.95605161486149,-6.4146000304090265
-48.951492888288826,-6.412096449452403
-48.94693416171617,-6.4095935338933145
-48.94237543514352,-6.407091283642053
-48.93781670857086,-6.404589698608927
-48.9332579819982,-6.402088778704232
-48.92869925542554,-6.399588523838268
-48.92414052885289,-6.39708893392135
-48.91958180228023,-6.3945900088637435
-48.91502307570757,-6.392091748575765
-48.91046434913491,-6.3895941529677
-48.90590562256226,-6.387097221949819
-48.9013468959896,-6.38460095543243
-48.89678816941694,-6.3821053533258
-48.89222944284428,-6.379610415540215
-48.88767071627163,-6.377116141985957
-48.88311198969897,-6.374622532573293
-48.878553263126314,-6.372129587212506
-48.87399453655365,-6.369637305813852
-48.869435809981,-6.367145688287617
-48.86487708340834,-6.364654734544055
-48.860318356835684,-6.362164444493436
-48.85575963026302,-6.3596748180460185
-48.85120090369037,-6.35718585511206
-48.846642177117715,-6.354697555601825
-48.842083450545054,-6.352209919425555
-48.8375247239724,-6.34972294649352
-48.83296599739974,-6.347236636715945
-48.828407270827086,-6.344750990003105
-48.823848544254425,-6.342266006265215
-48.81928981768177,-6.339781685412543
-48.81473109110911,-6.337298027355323
-48.810172364536456,-6.334815032003787
-48.805613637963795,-6.332332699268171
-48.80105491139114,-6.329851029058709
-48.79649618481848,-6.327370021285638
-48.791937458245826,-6.324889675859183
-48.787378731673165,-6.322409992689567
-48.78282000510051,-6.319930971687016
-48.77826127852785,-6.317452612761747
-48.773702551955196,-6.314974915823989
-48.769143825382535,-6.3124978807839485
-48.76458509880988,-6.310021507551853
-48.76002637223722,-6.307545796037892
-48.75546764566457,-6.305070746152308
-48.75090891909191,-6.30259635780528
-48.74635019251925,-6.300122630907023
-48.7417914659466,-6.297649565367744
-48.73723273937394,-6.295177161097638
-48.73267401280128,-6.292705418006902
-48.72811528622862,-6.290234336005735
-48.72355655965597,-6.287763915004335
-48.71899783308331,-6.285294154912882
-48.71443910651065,-6.282825055641578
-48.70988037993799,-6.280356617100595
-48.70532165336534,-6.277888839200133
-48.70076292679268,-6.275421721850358
-48.69620420022002,-6.272955264961464
-48.69164547364736,-6.270489468443621
-48.68708674707471,-6.268024332207006
-48.68252802050205,-6.265559856161787
-48.677969293929394,-6.263096040218147
-48.67341056735673,-6.260632884286243
-48.66885184078408,-6.2581703882762385
-48.66429311421142,-6.2557085520983
-48.659734387638764,-6.253247375662601
-48.65517566106611,-6.250786858879285
-48.65061693449345,-6.2483270016585095
-48.646058207920795,-6.245867803910441
-48.641499481348134,-6.243409265545212
-48.63694075477548,-6.240951386472991
-48.63238202820282,-6.238494166603918
-48.627823301630166,-6.236037605848137
-48.623264575057505,-6.233581704115799
-48.61870584848485,-6.231126461317029
-48.61414712191219,-6.228671877361973
-48.609588395339536,-6.226217952160775
-48.605029668766875,-6.223764685623557
-48.60047094219422,-6.221312077660456
-48.59591221562156,-6.218860128181603
-48.591353489048906,-6.21640883709712
-48.586794762476245,-6.213958204317131
-48.58223603590359,-6.211508229751769
-48.57767730933093,-6.209058913311143
-48.573118582758276,-6.206610254905377
-48.568559856185615,-6.204162254444574
-48.56400112961296,-6.201714911838866
-48.55944240304031,-6.199268226998354
-48.55488367646765,-6.196822199833144
-48.55032494989499,-6.194376830253352
-48.54576622332233,-6.191932118169069
-48.54120749674968,-6.189488063490411
-48.53664877017702,-6.187044666127464
-48.53209004360436,-6.184601925990335
-48.5275313170317,-6.18215984298912
-48.52297259045905,-6.179718417033905
-48.51841386388639,-6.1772776480347815
-48.51385513731373,-6.174837535901853
-48.50929641074107,-6.17239808054518
-48.50473768416842,-6.169959281874865
-48.50017895759576,-6.167521139800978
-48.4956202310231,-6.165083654233611
-48.49106150445044,-6.162646825082833
-48.48650277787779,-6.160210652258716
-48.48194405130513,-6.157775135671339
-48.477385324732474,-6.155340275230776
-48.47282659815981,-6.152906070847089
-48.46826787158716,-6.15047252243034
-48.463709145014505,-6.148039629890604
-48.459150418441844,-6.145607393137932
-48.45459169186919,-6.143175812082391
-48.45003296529653,-6.1407448866340255
-48.445474238723875,-6.138314616702908
-48.440915512151214,-6.135885002199074
-48.43635678557856,-6.133456043032589
-48.4317980590059,-6.131027739113482
-48.427239332433246,-6.128600090351818
-48.422680605860585,-6.126173096657634
-48.41812187928793,-6.123746757940978
-48.41356315271527,-6.12132107411187
-48.409004426142616,-6.118896045080362
-48.404445699569955,-6.1164716707564875
-48.3998869729973,-6.114047951050279
-48.39532824642464,-6.111624885871759
-48.390769519851986,-6.109202475130967
-48.386210793279325,-6.106780718737917
-48.38165206670667,-6.104359616602643
-48.37709334013401,-6.1019391686351625
-48.372534613561356,-6.099519374745497
-48.3679758869887,-6.097100234843658
-48.36341716041604,-6.094681748839669
-48.35885843384339,-6.0922639166435255
-48.35429970727073,-6.08984673816526
-48.34974098069807,-6.087430213314873
-48.34518225412541,-6.085014342002356
-48.34062352755276,-6.082599124137736
-48.3360648009801,-6.080184559630995
-48.33150607440744,-6.077770648392153
-48.32694734783478,-6.075357390331178
-48.32238862126213,-6.0729447853581
-48.31782989468947,-6.070532833382877
-48.31327116811681,-6.068121534315533
-48.30871244154415,-6.065710888066031
-48.3041537149715,-6.0633008945443665
-48.29959498839884,-6.060891553660526
-48.29503626182618,-6.0584828653244855
-48.29047753525352,-6.056074829446236
-48.28591880868087,-6.05366744593574
-48.28136008210821,-6.051260714702982
-48.276801355535554,-6.048854635657936
-48.2722426289629,-6.046449208710571
-48.26768390239024,-6.04404443377085
-48.263125175817585,-6.04164031074875
-48.258566449244924,-6.039236839554228
-48.25400772267227,-6.036834020097253
-48.24944899609961,-6.03443185228778
-48.244890269526955,-6.032030336035763
-48.240331542954294,-6.029629471251167
-48.23577281638164,-6.027229257843942
-48.23121408980898,-6.024829695724038
-48.226655363236326,-6.022430784801404
-48.222096636663665,-6.020032524985992
-48.21753791009101,-6.0176349161877445
-48.21297918351835,-6.015237958316598
-48.208420456945696,-6.012841651282505
-48.203861730373035,-6.010445994995389
-48.19930300380038,-6.008050989365207
-48.19474427722772,-6.005656634301874
-48.190185550655066,-6.003262929715329
-48.185626824082405,-6.000869875515503
-48.18106809750975,-5.998477471612325
-48.1765093709371,-5.996085717915725
-48.171950644364436,-5.993694614335608
-48.16739191779178,-5.991304160781921
-48.16283319121912,-5.9889143571645596
-48.15827446464647,-5.986525203393457
-48.15371573807381,-5.984136699378518
-48.14915701150115,-5.9817488450296645
-48.14459828492849,-5.9793616402568
-48.14003955835584,-5.976975084969839
-48.13548083178318,-5.974589179078685
-48.13092210521052,-5.972203922493235
-48.12636337863786,-5.969819315123402
-48.12180465206521,-5.967435356879087
-48.11724592549255,-5.965052047670172
-48.11268719891989,-5.962669387406571
-48.10812847234723,-5.960287375998166
-48.10356974577458,-5.957906013354855
-48.09901101920192,-5.955525299386526
-48.09445229262926,-5.953145234003071
-48.0898935660566,-5.950765817114364
-48.08533483948395,-5.948387048630292
-48.080776112911295,-5.946008928460741
-48.076217386338634,-5.9436314565155834
-48.07165865976598,-5.941254632704695
-48.06709993319332,-5.938878456937957
-48.062541206620665,-5.936502929125247
-48.057982480048004,-5.934128049176417
-48.05342375347535,-5.931753817001355
-48.04886502690269,-5.9293802325099065
-48.044306300330035,-5.927007295611956
-48.039747573757374,-5.924635006217353
-48.03518884718472,-5.922263364235967
-48.03063012061206,-5.919892369577638
-48.026071394039406,-5.917522022152236
-48.021512667466745,-5.915152321869612
-48.01695394089409,-5.912783268639626
-48.01239521432143,-5.910414862372103
-48.007836487748776,-5.908047102976919
-48.003277761176115,-5.905679990363899
-47.99871903460346,-5.903313524442896
-47.9941603080308,-5.900947705123743
-47.989601581458146,-5.898582532316289
-47.98504285488549,-5.896218005930361
-47.98048412831283,-5.893854125875799
-47.97592540174018,-5.891490892062441
-47.971366675167516,-5.889128304400101
-47.96680794859486,-5.886766362798628
-47.9622492220222,-5.884405067167831
-47.95769049544955,-5.882044417417549
-47.95313176887689,-5.879684413457588
-47.94857304230423,-5.877325055197783
-47.94401431573157,-5.874966342547941
-47.93945558915892,-5.872608275417887
-47.93489686258626,-5.8702508537174305
-47.9303381360136,-5.8678940773563815
-47.92577940944094,-5.865537946244555
-47.92122068286829,-5.863182460291755
-47.91666195629563,-5.860827619407791
-47.91210322972297,-5.858473423502462
-47.90754450315031,-5.856119872485569
-47.90298577657766,-5.8537669662669165
-47.898427050005,-5.8514147047563
-47.89386832343234,-5.849063087863514
-47.88930959685969,-5.846712115498356
-47.88475087028703,-5.844361787570608
-47.880192143714375,-5.842012103990065
-47.875633417141714,-5.839663064666515
-47.87107469056906,-5.83731466950974
-47.8665159639964,-5.834966918429527
-47.861957237423745,-5.832619811335655
-47.857398510851084,-5.830273348137905
-47.85283978427843,-5.8279275287460495
-47.84828105770577,-5.825582353069867
-47.843722331133115,-5.823237821019128
-47.839163604560454,-5.820893932503604
-47.8346048779878,-5.818550687433064
-47.83004615141514,-5.816208085717278
-47.825487424842485,-5.813866127266012
-47.820928698269825,-5.811524811989016
-47.81636997169717,-5.809184139796062
-47.81181124512451,-5.806844110596901
-47.807252518551856,-5.804504724301303
-47.802693791979195,-5.802165980819012
-47.79813506540654,-5.799827880059783
-47.79357633883389,-5.797490421933364
-47.789017612261226,-5.795153606349501
-47.78445888568857,-5.792817433217952
-47.77990015911591,-5.790481902448446
-47.77534143254326,-5.788147013950747
-47.770782705970596,-5.785812767634568
-47.76622397939794,-5.783479163409669
-47.76166525282528,-5.781146201185775
-47.75710652625263,-5.7788138808726295
-47.75254779967997,-5.7764822023799525
-47.74798907310731,-5.774151165617489
-47.74343034653465,-5.771820770494953
-47.738871619962,-5.769491016922078
-47.73431289338934,-5.767161904808593
-47.72975416681668,-5.7648334340642124
-47.72519544024402,-5.762505604598656
-47.72063671367137,-5.7601784163216525
-47.71607798709871,-5.7578518691429
-47.71151926052605,-5.755525962972136
-47.70696053395339,-5.753200697719055
-47.70240180738074,-5.750876073293368
-47.697843080808084,-5.748552089604791
-47.69328435423542,-5.746228746563034
-47.68872562766277,-5.743906044077789
-47.68416690109011,-5.741583982058762
-47.679608174517455,-5.739262560415656
-47.675049447944794,-5.736941779058166
-47.67049072137214,-5.734621637896001
-47.66593199479948,-5.732302136838834
-47.661373268226825,-5.729983275796378
-47.656814541654164,-5.727665054678306
-47.65225581508151,-5.7253474733943195
-47.64769708850885,-5.7230305318541
-47.643138361936195,-5.720714229967331
-47.638579635363534,-5.718398567643691
-47.63402090879088,-5.716083544792874
-47.62946218221822,-5.713769161324542
-47.624903455645565,-5.71145541714839
-47.620344729072904,-5.709142312174069
-47.61578600250025,-5.706829846311278
-47.61122727592759,-5.704518019469664
-47.606668549354936,-5.702206831558914
-47.60210982278228,-5.69989628248868
-47.59755109620962,-5.697586372168632
-47.59299236963697,-5.695277100508444
-47.588433643064306,-5.692968467417759
-47.58387491649165,-5.690660472806245
-47.57931618991899,-5.688353116583558
-47.57475746334634,-5.686046398659363
-47.570198736773676,-5.683740318943287
-47.56564001020102,-5.681434877345004
-47.56108128362836,-5.679130073774157
-47.55652255705571,-5.676825908140391
-47.55196383048305,-5.674522380353354
-47.54740510391039,-5.67221949032269
-47.54284637733773,-5.669917237958033
-47.53828765076508,-5.667615623169029
-47.53372892419242,-5.665314645865311
-47.52917019761976,-5.66301430595652
-47.5246114710471,-5.660714603352285
-47.52005274447445,-5.658415537962245
-47.51549401790179,-5.656117109696014
-47.51093529132913,-5.6538193184632375
-47.50637656475648,-5.651522164173533
-47.50181783818382,-5.649225646736518
-47.497259111611164,-5.646929766061829
-47.4927003850385,-5.6446345220590795
-47.48814165846585,-5.642339914637881
-47.48358293189319,-5.640045943707851
-47.479024205320535,-5.637752609178615
-47.474465478747874,-5.635459910959773
-47.46990675217522,-5.633167848960949
-47.46534802560256,-5.630876423091732
-47.460789299029905,-5.628585633261738
-47.456230572457244,-5.62629547938058
-47.45167184588459,-5.6240059613578515
-47.44711311931193,-5.621717079103152
-47.442554392739275,-5.619428832526083
-47.437995666166614,-5.617141221536245
-47.43343693959396,-5.614854246043232
-47.4288782130213,-5.612567905956629
-47.424319486448645,-5.610282201186039
-47.419760759875984,-5.607997131641043
-47.41520203330333,-5.605712697231231
-47.41064330673068,-5.603428897866189
-47.406084580158016,-5.601145733455494
-47.40152585358536,-5.598863203908741
-47.3969671270127,-5.596581309135499
-47.39240840044005,-5.594300049045347
-47.387849673867386,-5.592019423547866
-47.38329094729473,-5.589739432552629
-47.37873222072207,-5.5874600759692
-47.37417349414942,-5.585181353707164
-47.369614767576756,-5.582903265676068
-47.3650560410041,-5.580625811785503
-47.36049731443144,-5.578348991945015
-47.35593858785879,-5.5760728060641815
-47.35137986128613,-5.573797254052545
-47.34682113471347,-5.571522335819684
-47.34226240814081,-5.569248051275142
-47.33770368156816,-5.566974400328484
-47.3331449549955,-5.56470138288925
-47.32858622842284,-5.562428998867003
-47.32402750185018,-5.560157248171294
-47.31946877527753,-5.55788613071166
-47.314910048704874,-5.555615646397651
-47.31035132213221,-5.553345795138815
-47.30579259555956,-5.551076576844695
-47.3012338689869,-5.5488079914248205
-47.296675142414244,-5.546540038788741
-47.29211641584158,-5.5442727188459875
-47.28755768926893,-5.542006031506094
-47.28299896269627,-5.539739976678593
-47.278440236123615,-5.537474554273025
-47.273881509550954,-5.535209764198906
-47.2693227829783,-5.53294560636577
-47.26476405640564,-5.530682080683143
-47.260205329832985,-5.528419187060544
-47.255646603260324,-5.526156925407496
-47.25108787668767,-5.523895295633518
-47.24652915011501,-5.521634297648128
-47.241970423542355,-5.519373931360846
-47.237411696969694,-5.517114196681183
-47.23285297039704,-5.5148550935186496
-47.22829424382438,-5.51259662178276
-47.223735517251725,-5.510338781383015
-47.21917679067907,-5.508081572228936
-47.21461806410641,-5.5058249942300135
-47.21005933753376,-5.503569047295763
-47.205500610961096,-5.501313731335667
-47.20094188438844,-5.499059046259246
-47.19638315781578,-5.496804991975983
-47.19182443124313,-5.494551568395381
-47.187265704670466,-5.492298775426932
-47.18270697809781,-5.490046612980132
-47.17814825152515,-5.4877950809644584
-47.1735895249525,-5.4855441792894135
-47.169030798379836,-5.483293907864472
-47.16447207180718,-5.481044266599137
-47.15991334523452,-5.478795255402871
-47.15535461866187,-5.476546874185164
-47.15079589208921,-5.474299122855491
-47.14623716551655,-5.472052001323339
-47.14167843894389,-5.469805509498174
-47.13711971237124,-5.467559647289473
-47.13256098579858,-5.465314414606715
-47.12800225922592,-5.4630698113593565
-47.12344353265327,-5.460825837456879
-47.11888480608061,-5.458582492808737
-47.114326079507954,-5.456339777324405
-47.10976735293529,-5.454097690913334
-47.10520862636264,-5.451856233485001
-47.10064989978998,-5.449615404948849
-47.096091173217324,-5.4473752052143505
-47.09153244664466,-5.445135634190947
-47.08697372007201,-5.44289669178811
-47.08241499349935,-5.4406583779152715
-47.077856266926695,-5.438420692481899
-47.073297540354034,-5.436183635397424
-47.06873881378138,-5.433947206571313
-47.06418008720872,-5.431711405912989
-47.059621360636065,-5.429476233331914
-47.055062634063404,-5.427241688737522
-47.05050390749075,-5.425007772039249
-47.04594518091809,-5.422774483146531
-47.041386454345435,-5.420541821968816
-47.036827727772774,-5.41830978841552
-47.03226900120012,-5.416078382396099
-47.027710274627466,-5.413847603819964
-47.023151548054805,-5.411617452596543
-47.01859282148215,-5.409387928635281
-47.01403409490949,-5.407159031845586
-47.00947536833684,-5.404930762136889
-47.004916641764176,-5.402703119418607
-47.00035791519152,-5.400476103600169
-46.99579918861886,-5.39824971459098
-46.99124046204621,-5.3960239523004665
-46.986681735473546,-5.393798816638037
-46.98212300890089,-5.391574307513114
-46.97756428232823,-5.389350424835093
-46.97300555575558,-5.387127168513398
-46.968446829182916,-5.384904538457423
-46.96388810261026,-5.382682534576583
-46.9593293760376,-5.380461156780282
-46.95477064946495,-5.378240404977921
-46.95021192289229,-5.376020279078894
-46.94565319631963,-5.373800778992607
-46.94109446974697,-5.371581904628454
-46.93653574317432,-5.369363655895833
-46.931977016601664,-5.367146032704133
-46.927418290029,-5.364929034962746
-46.92285956345635,-5.362712662581067
-46.91830083688369,-5.360496915468476
-46.913742110311034,-5.358281793534363
-46.90918338373837,-5.356067296688117
-46.90462465716572,-5.353853424839118
-46.90006593059306,-5.351640177896742
-46.895507204020404,-5.349427555770375
-46.89094847744774,-5.34721555836939
-46.88638975087509,-5.34500418560317
-46.88183102430243,-5.342793437381074
-46.877272297729775,-5.340583313612489
-46.872713571157114,-5.338373814206781
-46.86815484458446,-5.336164939073322
-46.8635961180118,-5.333956688121474
-46.859037391439145,-5.331749061260606
-46.854478664866484,-5.32954205840008
-46.84991993829383,-5.32733567944926
-46.84536121172117,-5.325129924317494
-46.840802485148515,-5.3229247929141605
-46.83624375857586,-5.320720285148608
-46.8316850320032,-5.318516400930186
-46.827126305430546,-5.316313140168251
-46.822567578857885,-5.314110502772162
-46.81800885228523,-5.311908488651259
-46.81345012571257,-5.30970709771489
-46.80889139913992,-5.30750632987241
-46.804332672567256,-5.305306185033157
-46.7997739459946,-5.303106663106475
-46.79521521942194,-5.300907764001711
-46.79065649284929,-5.298709487628194
-46.786097766276626,-5.29651183389527
-46.78153903970397,-5.294314802712277
-46.77698031313131,-5.292118393988541
-46.77242158655866,-5.289922607633403
-46.767862859985996,-5.2877274435561885
-46.76330413341334,-5.2855329016662305
-46.75874540684068,-5.283338981872853
-46.75418668026803,-5.281145684085383
-46.74962795369537,-5.278953008213143
-46.74506922712271,-5.276760954165462
-46.74051050055006,-5.274569521851658
-46.7359517739774,-5.272378711181044
-46.731393047404744,-5.270188522062951
-46.72683432083208,-5.267998954406682
-46.72227559425943,-5.265810008121558
-46.71771686768677,-5.263621683116882
-46.713158141114114,-5.261433979301979
-46.70859941454145,-5.259246896586144
-46.7040406879688,-5.257060434878701
-46.69948196139614,-5.2548745940889345
-46.694923234823484,-5.252689374126163
-46.69036450825082,-5.250504774899688
-46.68580578167817,-5.248320796318814
-46.68124705510551,-5.246137438292821
-46.676688328532855,-5.243954700731024
-46.672129601960194,-5.241772583542717
-46.66757087538754,-5.239591086637184
-46.66301214881488,-5.2374102099237305
-46.658453422242225,-5.2352299533116335
-46.653894695669564,-5.233050316710192
-46.64933596909691,-5.230871300028692
-46.644777242524256,-5.228692903176417
-46.640218515951595,-5.226515126062646
-46.63565978937894,-5.224337968596669
-46.63110106280628,-5.22216143068776
-46.626542336233626,-5.219985512245209
-46.621983609660965,-5.217810213178279
-46.61742488308831,-5.215635533396253
-46.61286615651565,-5.213461472808404
-46.608307429943,-5.211288031324004
-46.603748703370336,-5.209115208852324
-46.59918997679768,-5.206943005302643
-46.59463125022502,-5.2047714205842075
-46.59007252365237,-5.202600454606298
-46.585513797079706,-5.200430107278174
-46.58095507050705,-5.198260378509102
-46.57639634393439,-5.196091268208334
-46.57183761736174,-5.193922776285142
-46.567278890789076,-5.191754902648767
-46.56272016421642,-5.189587647208478
-46.55816143764376,-5.187421009873523
-46.55360271107111,-5.185254990553162
-46.549043984498454,-5.1830895891566415
-46.54448525792579,-5.180924805593203
-46.53992653135314,-5.178760639772098
-46.53536780478048,-5.176597091602582
-46.530809078207824,-5.17443416099389
-46.52625035163516,-5.172271847855266
-46.52169162506251,-5.170110152095956
-46.51713289848985,-5.167949073625192
-46.512574171917194,-5.165788612352213
-46.50801544534453,-5.1636287681862685
-46.50345671877188,-5.161469541036572
-46.49889799219922,-5.159310930812372
-46.494339265626564,-5.157152937422895
-46.4897805390539,-5.154995560777369
-46.48522181248125,-5.152838800785029
-46.48066308590859,-5.150682657355091
-46.476104359335935,-5.148527130396788
-46.471545632763274,-5.146372219819334
-46.46698690619062,-5.144217925531965
-46.46242817961796,-5.142064247443887
-46.457869453045305,-5.13991118546433
-46.45331072647265,-5.1377587395025035
-46.44875199989999,-5.135606909467625
-46.444193273327336,-5.133455695268905
-46.439634546754675,-5.131305096815561
-46.43507582018202,-5.1291551140168
-46.43051709360936,-5.127005746781834
-46.425958367036706,-5.124856995019869
-46.421399640464045,-5.122708858640101
-46.41684091389139,-5.120561337551748
-46.41228218731873,-5.11841443166401
-46.40772346074608,-5.116268140886086
-46.403164734173416,-5.114122465127164
-46.39860600760076,-5.111977404296457
-46.3940472810281,-5.1098329583031585
-46.38948855445545,-5.107689127056463
-46.384929827882786,-5.105545910465548
-46.38037110131013,-5.103403308439629
-46.37581237473747,-5.101261320887879
-46.37125364816482,-5.0991199477194895
-46.366694921592156,-5.096979188843657
-46.3621361950195,-5.09483904416955
-46.35757746844685,-5.0926995136063695
-46.35301874187419,-5.0905605970632815
-46.348460015301534,-5.088422294449478
-46.34390128872887,-5.086284605674127
-46.33934256215622,-5.084147530646415
-46.33478383558356,-5.08201106927551
-46.330225109010904,-5.079875221470594
-46.32566638243824,-5.077739987140834
-46.32110765586559,-5.075605366195402
-46.31654892929293,-5.073471358543463
-46.311990202720274,-5.071337964094197
-46.30743147614761,-5.069205182756756
-46.30287274957496,-5.067073014440316
-46.2983140230023,-5.064941459054032
-46.293755296429644,-5.06281051650707
-46.28919656985698,-5.060680186708582
-46.28463784328433,-5.05855046956774
-46.28007911671167,-5.05642136499369
-46.275520390139015,-5.054292872895594
-46.270961663566354,-5.052164993182595
-46.2664029369937,-5.050037725763862
-46.261844210421046,-5.047911070548531
-46.257285483848385,-5.0457850274457545
-46.25272675727573,-5.0436595963646855
-46.24816803070307,-5.041534777214468
-46.243609304130416,-5.039410569904239
-46.239050577557755,-5.037286974343147
-46.2344918509851,-5.035163990440341
-46.22993312441244,-5.033041618104946
-46.225374397839786,-5.030919857246107
-46.220815671267125,-5.028798707772962
-46.21625694469447,-5.026678169594652
-46.21169821812181,-5.024558242620292
-46.20713949154916,-5.022438926759038
-46.202580764976496,-5.020320221919998
-46.19802203840384,-5.018202128012317
-46.19346331183118,-5.016084644945118
-46.18890458525853,-5.013967772627527
-46.184345858685866,-5.011851510968665
-46.17978713211321,-5.0097358598776625
-46.17522840554055,-5.0076208192636305
-46.1706696789679,-5.005506389035701
-46.16611095239524,-5.003392569102982
-46.16155222582258,-5.001279359374595
-46.15699349924993,-4.999166759759666
-46.15243477267727,-4.997054770167282
-46.147876046104614,-4.994943390506577
-46.14331731953195,-4.9928326206866585
-46.1387585929593,-4.990722460616631
-46.13419986638664,-4.988612910205602
-46.129641139813984,-4.986503969362684
-46.12508241324132,-4.984395637996979
-46.12052368666867,-4.982287916017583
-46.11596496009601,-4.980180803333617
-46.111406233523354,-4.9780742998541605
-46.10684750695069,-4.9759684054883175
-46.10228878037804,-4.973863120145194
-46.09773005380538,-4.971758443733878
-46.093171327232724,-4.969654376163467
-46.08861260066006,-4.967550917343051
-46.08405387408741,-4.965448067181728
-46.07949514751475,-4.963345825588578
-46.074936420942095,-4.961244192472696
-46.07037769436944,-4.959143167743168
-46.06581896779678,-4.957042751309079
-46.061260241224126,-4.954942943079511
-46.056701514651465,-4.952843742963544
-46.05214278807881,-4.9507451508702705
-46.04758406150615,-4.948647166708753
-46.043025334933496,-4.946549790388086
-46.038466608360835,-4.94445302181733
-46.03390788178818,-4.942356860905578
-46.02934915521552,-4.940261307561893
-46.024790428642866,-4.938166361695347
-46.020231702070205,-4.936072023215012
-46.01567297549755,-4.933978292029951
-46.01111424892489,-4.9318851680492415
-46.00655552235224,-4.929792651181947
-46.001996795779576,-4.927700741337129
-45.99743806920692,-4.925609438423853
-45.99287934263426,-4.923518742351177
-45.98832061606161,-4.921428653028168
-45.983761889488946,-4.9193391703638785
-45.97920316291629,-4.917250294267371
-45.97464443634364,-4.915162024647705
-45.97008570977098,-4.91307436141392
-45.96552698319832,-4.910987304475075
-45.96096825662566,-4.90890085374023
-45.95640953005301,-4.906815009118429
-45.95185080348035,-4.904729770518721
-45.947292076907694,-4.902645137850155
-45.94273335033503,-4.90056111102177
-45.93817462376238,-4.898477689942623
-45.93361589718972,-4.896394874521745
-45.929057170617064,-4.89431266466818
-45.9244984440444,-4.892231060290969
-45.91993971747175,-4.890150061299156
-45.91538099089909,-4.888069667601765
-45.910822264326434,-4.885989879107848
-45.90626353775377,-4.883910695726424
-45.90170481118112,-4.8818321173665336
-45.89714608460846,-4.879754143937206
-45.892587358035804,-4.877676775347479
-45.88802863146314,-4.875600011506367
-45.88346990489049,-4.87352385232291
-45.878911178317836,-4.871448297706123
-45.874352451745175,-4.8693733475650385
-45.86979372517252,-4.867299001808671
-45.86523499859986,-4.865225260346046
-45.860676272027206,-4.863152123086189
-45.856117545454545,-4.8610795899381065
-45.85155881888189,-4.859007660810825
-45.84700009230923,-4.856936335613355
-45.842441365736576,-4.854865614254721
-45.837882639163915,-4.8527954966439175
-45.83332391259126,-4.850725982689971
-45.8287651860186,-4.848657072301886
-45.824206459445946,-4.846588765388672
-45.819647732873285,-4.844521061859333
-45.81508900630063,-4.842453961622882
-45.81053027972797,-4.8403874645883125
-45.80597155315532,-4.838321570664636
-45.801412826582656,-4.83625627976085
-45.79685410001,-4.834191591785958
-45.79229537343734,-4.832127506648951
-45.78773664686469,-4.830064024258845
-45.78317792029203,-4.82800114452461
-45.77861919371937,-4.825938867355254
-45.77406046714672,-4.823877192659777
-45.76950174057406,-4.8218161203471555
-45.7649430140014,-4.819755650326394
-45.76038428742874,-4.817695782506465
-45.75582556085609,-4.815636516796374
-45.75126683428343,-4.813577853105094
-45.746708107710774,-4.811519791341612
-45.74214938113811,-4.8094623314149185
-45.73759065456546,-4.807405473233987
-45.7330319279928,-4.805349216707798
-45.728473201420144,-4.803293561745341
-45.72391447484748,-4.801238508255583
-45.71935574827483,-4.7991840561475065
-45.71479702170217,-4.79713020533008
-45.710238295129514,-4.795076955712291
-45.70567956855685,-4.7930243072030905
-45.7011208419842,-4.790972259711469
-45.69656211541154,-4.788920813146381
-45.692003388838884,-4.78686996741681
-45.68744466226623,-4.784819722431711
-45.68288593569357,-4.782770078100055
-45.678327209120916,-4.780721034330801
-45.673768482548255,-4.778672591032909
-45.6692097559756,-4.776624748115351
-45.66465102940294,-4.774577505487077
-45.660092302830286,-4.772530863057056
-45.655533576257625,-4.770484820734241
-45.65097484968497,-4.768439378427579
-45.64641612311231,-4.7663945360460405
-45.641857396539656,-4.764350293498564
-45.637298669966995,-4.762306650694104
-45.63273994339434,-4.76026360754162
-45.62818121682168,-4.758221163950052
-45.623622490249026,-4.7561793198283535
-45.619063763676365,-4.754138075085459
-45.61450503710371,-4.752097429630332
-45.60994631053105,-4.7500573833719
-45.6053875839584,-4.74801793621912
-45.600828857385736,-4.745979088080917
-45.59627013081308,-4.743940838866246
-45.59171140424043,-4.741903188484035
-45.58715267766777,-4.73986613684322
-45.58259395109511,-4.737829683852746
-45.57803522452245,-4.735793829421538
-45.5734764979498,-4.733758573458537
-45.56891777137714,-4.731723915872663
-45.56435904480448,-4.729689856572854
-45.55980031823182,-4.727656395468045
-45.55524159165917,-4.725623532467154
-45.55068286508651,-4.723591267479104
-45.54612413851385,-4.721559600412831
-45.54156541194119,-4.719528531177251
-45.53700668536854,-4.7174980596812945
-45.53244795879588,-4.71546818583387
-45.527889232223224,-4.713438909543905
-45.52333050565056,-4.711410230720322
-45.51877177907791,-4.70938214927203
-45.51421305250525,-4.707354665107946
-45.509654325932594,-4.70532777813699
-45.50509559935993,-4.703301488268063
-45.50053687278728,-4.7012757954100906
-45.495978146214625,-4.699250699471975
-45.491419419641964,-4.6972262003626275
-45.48686069306931,-4.695202297990958
-45.48230196649665,-4.693178992265867
-45.477743239923996,-4.691156283096267
-45.473184513351335,-4.689134170391055
-45.46862578677868,-4.687112654059144
-45.46406706020602,-4.685091734009416
-45.459508333633366,-4.683071410150791
-45.454949607060705,-4.681051682392157
-45.45039088048805,-4.679032550642413
-45.44583215391539,-4.677014014810461
-45.441273427342736,-4.674996074805186
-45.436714700770075,-4.67297873053549
-45.43215597419742,-4.670961981910261
-45.42759724762476,-4.668945828838388
-45.423038521052106,-4.666930271228761
-45.418479794479445,-4.6649153089902695
-45.41392106790679,-4.662900942031808
-45.40936234133413,-4.660887170262254
-45.40480361476148,-4.658873993590487
-45.40024488818882,-4.656861411925408
-45.39568616161616,-4.6548494251758745
-45.39112743504351,-4.652838033250792
-45.38656870847085,-4.650827236059016
-45.38200998189819,-4.6488170335094425
-45.37745125532553,-4.646807425510939
-45.37289252875288,-4.644798411972392
-45.36833380218022,-4.642789992802657
-45.36377507560756,-4.640782167910629
-45.3592163490349,-4.638774937205154
-45.35465762246225,-4.636768300595129
-45.35009889588959,-4.634762257989405
-45.34554016931693,-4.632756809296856
-45.34098144274427,-4.63075195442635
-45.33642271617162,-4.628747693286751
-45.33186398959896,-4.62674402578692
-45.327305263026304,-4.624740951835723
-45.32274653645364,-4.622738471342025
-45.31818780988099,-4.620736584214672
-45.31362908330833,-4.618735290362543
-45.309070356735674,-4.616734589694487
-45.30451163016302,-4.614734482119356
-45.29995290359036,-4.61273496754601
-45.295394177017705,-4.610736045883302
-45.290835450445044,-4.60873771704008
-45.28627672387239,-4.606739980925201
-45.28171799729973,-4.604742837447517
-45.277159270727076,-4.602746286515875
-45.272600544154415,-4.600750328039118
-45.26804181758176,-4.598754961926104
-45.2634830910091,-4.596760188085664
-45.258924364436446,-4.59476600642665
-45.254365637863785,-4.592772416857907
-45.24980691129113,-4.590779419288273
-45.24524818471847,-4.588787013626581
-45.240689458145816,-4.586795199781684
-45.236130731573155,-4.584803977662415
-45.2315720050005,-4.5828133471776065
-45.22701327842784,-4.580823308236099
-45.222454551855186,-4.578833860746723
-45.217895825282525,-4.576845004618312
-45.21333709870987,-4.5748567397596975
-45.20877837213722,-4.572869066079715
-45.20421964556456,-4.570881983487186
-45.1996609189919,-4.568895491890944
-45.19510219241924,-4.566909591199816
-45.19054346584659,-4.564924281322619
-45.18598473927393,-4.562939562168186
-45.18142601270127,-4.560955433645337
-45.17686728612861,-4.558971895662901
-45.17230855955596,-4.556988948129688
-45.1677498329833,-4.555006590954523
-45.16319110641064,-4.553024824046229
-45.15863237983798,-4.551043647313611
-45.15407365326533,-4.5490630606654925
-45.14951492669267,-4.54708306401069
-45.14495620012001,-4.545103657258016
-45.14039747354735,-4.543124840316272
-45.1358387469747,-4.541146613094286
-45.13128002040204,-4.539168975500852
-45.126721293829384,-4.5371919274447965
-45.12216256725672,-4.53521546883491
-45.11760384068407,-4.533239599580011
-45.113045114111415,-4.531264319588899
-45.108486387538754,-4.5292896287703694
-45.1039276609661,-4.527315527033245
-45.09936893439344,-4.52534201428631
-45.094810207820785,-4.523369090438373
-45.090251481248124,-4.5213967553982295
-45.08569275467547,-4.519425009074681
-45.08113402810281,-4.517453851376518
-45.076575301530156,-4.515483282212545
-45.072016574957495,-4.513513301491545
-45.06745784838484,-4.511543909122324
-45.06289912181218,-4.5095751050136625
-45.058340395239526,-4.507606889074359
-45.053781668666865,-4.5056392612132
-45.04922294209421,-4.503672221338974
-45.04466421552155,-4.501705769360468
-45.040105488948896,-4.499739905186472
-45.035546762376235,-4.497774628725763
-45.03098803580358,-4.495809939887136
-45.02642930923092,-4.493845838579358
-45.021870582658266,-4.49188232471123
-45.01731185608561,-4.489919398191518
-45.01275312951295,-4.487957058929
-45.0081944029403,-4.485995306832467
-45.00363567636764,-4.4840341418106835
-44.99907694979498,-4.482073563772426
-44.99451822322232,-4.480113572626477
-44.98995949664967,-4.478154168281604
-44.98540077007701,-4.476195350646576
-44.98084204350435,-4.474237119630174
-44.97628331693169,-4.472279475141158
-44.97172459035904,-4.470322417088305
-44.96716586378638,-4.468365945380376
-44.96260713721372,-4.466410059926139
-44.95804841064106,-4.464454760634357
-44.95348968406841,-4.4625000474137995
-44.94893095749575,-4.46054592017323
-44.94437223092309,-4.458592378821398
-44.93981350435043,-4.456639423267084
-44.93525477777778,-4.454687053419027
-44.93069605120512,-4.452735269185999
-44.926137324632464,-4.450784070476753
-44.92157859805981,-4.448833457200048
-44.91701987148715,-4.4468834292646315
-44.912461144914495,-4.444933986579264
-44.907902418341834,-4.442985129052693
-44.90334369176918,-4.441036856593678
-44.89878496519652,-4.439089169110964
-44.894226238623865,-4.437142066513302
-44.889667512051204,-4.435195548709429
-44.88510878547855,-4.433249615608114
-44.88055005890589,-4.431304267118084
-44.875991332333236,-4.429359503148094
-44.871432605760575,-4.427415323606882
-44.86687387918792,-4.425471728403191
-44.86231515261526,-4.423528717445765
-44.857756426042606,-4.42158629064335
-44.853197699469945,-4.419644447904671
-44.84863897289729,-4.4177031891384795
-44.84408024632463,-4.415762514253502
-44.839521519751976,-4.4138224231584795
-44.834962793179315,-4.411882915762146
-44.83040406660666,-4.409943991973237
-44.82584534003401,-4.4080056517004795
-44.821286613461346,-4.406067894852615
-44.81672788688869,-4.404130721338362
-44.81216916031603,-4.402194131066459
-44.80761043374338,-4.400258123945627
-44.80305170717072,-4.398322699884591
-44.79849298059806,-4.396387858792092
-44.7939342540254,-4.394453600576837
-44.78937552745275,-4.392519925147563
-44.78481680088009,-4.390586832412981
-44.78025807430743,-4.388654322281822
-44.77569934773477,-4.386722394662802
-44.77114062116212,-4.384791049464638
-44.76658189458946,-4.382860286596055
-44.7620231680168,-4.380930105965767
-44.75746444144414,-4.379000507482485
-44.75290571487149,-4.3770714910549335
-44.74834698829883,-4.3751430565918135
-44.74378826172617,-4.3732152040018555
-44.73922953515351,-4.371287933193751
-44.73467080858086,-4.369361244076227
-44.730112082008205,-4.367435136557984
-44.725553355435544,-4.365509610547736
-44.72099462886289,-4.363584665954185
-44.71643590229023,-4.361660302686041
-44.711877175717575,-4.359736520652006
-44.707318449144914,-4.3578133197607825
-44.70275972257226,-4.3558906999210825
-44.6982009959996,-4.353968661041598
-44.693642269426945,-4.352047203031036
-44.689083542854284,-4.350126325798097
-44.68452481628163,-4.348206029251481
-44.67996608970897,-4.346286313299875
-44.675407363136316,-4.3443671778519874
-44.670848636563655,-4.342448622816506
-44.666289909991,-4.34053064810213
-44.66173118341834,-4.33861325361755
-44.657172456845686,-4.336696439271465
-44.652613730273025,-4.334780204972553
-44.64805500370037,-4.332864550629517
-44.64349627712771,-4.3309494761510425
-44.638937550555056,-4.329034981445818
-44.6343788239824,-4.3271210664225315
-44.62982009740974,-4.325207730989861
-44.62526137083709,-4.323294975056504
-44.620702644264426,-4.321382798531137
-44.61614391769177,-4.3194712013224414
-44.61158519111911,-4.317560183339102
-44.60702646454646,-4.315649744489803
-44.6024677379738,-4.313739884683217
-44.59790901140114,-4.31183060382803
-44.59335028482848,-4.309921901832912
-44.58879155825583,-4.308013778606547
-44.58423283168317,-4.306106234057607
-44.57967410511051,-4.304199268094772
-44.57511537853785,-4.3022928806267
-44.5705566519652,-4.300387071562086
-44.56599792539254,-4.2984818408095835
-44.56143919881988,-4.296577188277874
-44.55688047224722,-4.294673113875617
-44.55232174567457,-4.292769617511493
-44.54776301910191,-4.290866699094157
-44.54320429252925,-4.288964358532283
-44.5386455659566,-4.287062595734544
-44.53408683938394,-4.285161410609583
-44.529528112811285,-4.2832608030660815
-44.524969386238624,-4.281360773012693
-44.52041065966597,-4.279461320358084
-44.51585193309331,-4.277562445010907
-44.511293206520655,-4.275664146879833
-44.506734479947994,-4.273766425873508
-44.50217575337534,-4.271869281900603
-44.49761702680268,-4.269972714869761
-44.493058300230025,-4.268076724689647
-44.488499573657364,-4.266181311268903
-44.48394084708471,-4.264286474516197
-44.47938212051205,-4.2623922143401725
-44.474823393939396,-4.2604985306494845
-44.470264667366735,-4.258605423352781
-44.46570594079408,-4.256712892358708
-44.46114721422142,-4.254820937575918
-44.456588487648766,-4.252929558913058
-44.452029761076105,-4.251038756278772
-44.44747103450345,-4.249148529581711
-44.4429123079308,-4.247258878730516
-44.438353581358136,-4.245369803633823
-44.43379485478548,-4.243481304200287
-44.42923612821282,-4.241593380338539
-44.42467740164017,-4.239706031957226
-44.420118675067506,-4.237819258964979
-44.41555994849485,-4.235933061270449
-44.41100122192219,-4.234047438782261
-44.40644249534954,-4.23216239140906
-44.40188376877688,-4.230277919059472
-44.39732504220422,-4.228394021642143
-44.39276631563156,-4.226510699065696
-44.38820758905891,-4.22462795123877
-44.38364886248625,-4.222745778069995
-44.37909013591359,-4.220864179468
-44.37453140934093,-4.218983155341415
-44.36997268276828,-4.217102705598871
-44.36541395619562,-4.21522283014899
-44.36085522962296,-4.213343528900408
-44.3562965030503,-4.211464801761734
-44.35173777647765,-4.209586648641617
-44.347179049904994,-4.20770906944866
-44.34262032333233,-4.205832064091488
-44.33806159675968,-4.203955632478732
-44.33350287018702,-4.20207977451901
-44.328944143614365,-4.200204490120937
-44.324385417041704,-4.198329779193139
-44.31982669046905,-4.196455641644222
-44.31526796389639,-4.194582077382815
-44.310709237323735,-4.1927090863175325
-44.306150510751074,-4.190836668356985
-44.30159178417842,-4.188964823409788
-44.29703305760576,-4.187093551384557
-44.292474331033105,-4.185222852189901
-44.287915604460444,-4.183352725734431
-44.28335687788779,-4.181483171926766
-44.27879815131513,-4.1796141906754976
-44.274239424742476,-4.177745781889254
-44.269680698169815,-4.175877945476631
-44.26512197159716,-4.174010681346238
-44.2605632450245,-4.172143989406677
-44.256004518451846,-4.170277869566564
-44.25144579187919,-4.168412321734487
-44.24688706530653,-4.166547345819063
-44.24232833873388,-4.164682941728885
-44.237769612161216,-4.162819109372557
-44.23321088558856,-4.160955848658677
-44.2286521590159,-4.159093159495847
-44.22409343244325,-4.157231041792664
-44.219534705870586,-4.1553694954577205
-44.21497597929793,-4.153508520399625
-44.21041725272527,-4.151648116526959
-44.20585852615262,-4.149788283748328
-44.20129979957996,-4.1479290219723195
-44.1967410730073,-4.146070331107526
-44.19218234643464,-4.14421221106254
-44.18762361986199,-4.142354661745957
-44.18306489328933,-4.140497683066358
-44.17850616671667,-4.138641274932338
-44.17394744014401,-4.136785437252488
-44.16938871357136,-4.134930169935385
-44.1648299869987,-4.133075472889624
-44.16027126042604,-4.131221346023788
-44.15571253385339,-4.129367789246464
-44.15115380728073,-4.127514802466224
-44.146595080708074,-4.1256623855916645
-44.14203635413541,-4.123810538531357
-44.13747762756276,-4.121959261193895
-44.1329189009901,-4.120108553487844
-44.128360174417445,-4.118258415321792
-44.123801447844784,-4.116408846604315
-44.11924272127213,-4.1145598472439895
-44.11468399469947,-4.11271141714939
-44.110125268126815,-4.110863556229096
-44.105566541554154,-4.109016264391679
-44.1010078149815,-4.107169541545712
-44.09644908840884,-4.10532338759977
-44.091890361836185,-4.1034778024624305
-44.087331635263524,-4.10163278604225
-44.08277290869087,-4.09978833824781
-44.07821418211821,-4.0979444589876755
-44.073655455545556,-4.096101148170416
-44.069096728972895,-4.094258405704597
-44.06453800240024,-4.092416231498789
-44.05997927582759,-4.090574625461557
-44.055420549254926,-4.088733587501459
-44.05086182268227,-4.086893117527066
-44.04630309610961,-4.085053215446944
-44.04174436953696,-4.083213881169644
-44.037185642964296,-4.081375114603739
-44.03262691639164,-4.079536915657783
-44.02806818981898,-4.077699284240331
-44.02350946324633,-4.075862220259956
-44.018950736673666,-4.0740257236251995
-44.01439201010101,-4.072189794244631
-44.00983328352835,-4.070354432026799
-44.0052745569557,-4.068519636880265
-44.00071583038304,-4.0666854087135755
-43.99615710381038,-4.064851747435295
-43.99159837723772,-4.063018652953962
-43.98703965066507,-4.06118612517814
-43.98248092409241,-4.059354164016373
-43.97792219751975,-4.057522769377218
-43.97336347094709,-4.055691941169221
-43.96880474437444,-4.053861679300926
-43.964246017801784,-4.052031983680888
-43.95968729122912,-4.050202854217648
-43.95512856465647,-4.048374290819751
-43.95056983808381,-4.046546293395748
-43.946011111511154,-4.044718861854179
-43.94145238493849,-4.042891996103587
-43.93689365836584,-4.04106569605252
-43.93233493179318,-4.039239961609512
-43.927776205220525,-4.037414792683109
-43.923217478647864,-4.035590189181846
-43.91865875207521,-4.033766151014268
-43.91410002550255,-4.031942678088908
-43.909541298929895,-4.0301197703143075
-43.904982572357234,-4.028297427599002
-43.90042384578458,-4.026475649851527
-43.89586511921192,-4.024654436980415
-43.891306392639265,-4.022833788894208
-43.886747666066604,-4.0210137055014314
-43.88218893949395,-4.019194186710621
-43.87763021292129,-4.017375232430301
-43.873071486348636,-4.015556842569017
-43.86851275977598,-4.01373901703529
-43.86395403320332,-4.011921755737647
-43.85939530663067,-4.010105058584624
-43.854836580058006,-4.008288925484739
-43.85027785348535,-4.006473356346527
-43.84571912691269,-4.004658351078509
-43.84116040034004,-4.002843909589211
-43.836601673767376,-4.001030031787164
-43.83204294719472,-3.99921671758088
-43.82748422062206,-3.997403966878887
-43.82292549404941,-3.9955917795897133
-43.818366767476746,-3.9937801556218706
-43.81380804090409,-3.9919690948838826
-43.80924931433143,-3.990158597284268
-43.80469058775878,-3.988348662731548
-43.80013186118612,-3.9865392911342354
-43.79557313461346,-3.984730482400851
-43.7910144080408,-3.9829222364399155
-43.78645568146815,-3.981114553159937
-43.78189695489549,-3.9793074324694326
-43.77733822832283,-3.977500874276918
-43.77277950175018,-3.975694878490905
-43.76822077517752,-3.973889445019904
-43.763662048604864,-3.9720845737724266
-43.7591033220322,-3.9702802646569864
-43.75454459545955,-3.9684765175820926
-43.74998586888689,-3.9666733324562533
-43.745427142314234,-3.964870709187974
-43.74086841574157,-3.963068647685772
-43.73630968916892,-3.9612671478581456
-43.73175096259626,-3.9594662096136024
-43.727192236023605,-3.9576658328606467
-43.722633509450944,-3.9558660175077867
-43.71807478287829,-3.9540667634635245
-43.71351605630563,-3.95226807063636
-43.708957329732975,-3.9504699389347975
-43.704398603160314,-3.9486723682673395
-43.69983987658766,-3.9468753585424885
-43.695281150015,-3.9450789096687404
-43.690722423442345,-3.9432830215545924
-43.686163696869684,-3.9414876941085475
-43.68160497029703,-3.9396929272391032
-43.67704624372438,-3.937898720854758
-43.672487517151716,-3.936105074863998
-43.66792879057906,-3.93431198917533
-43.6633700640064,-3.932519463697238
-43.65881133743375,-3.930727498338227
-43.654252610861086,-3.9289360930067825
-43.64969388428843,-3.9271452476114
-43.64513515771577,-3.925354962060565
-43.64057643114312,-3.9235652362627773
-43.636017704570456,-3.9217760701265174
-43.6314589779978,-3.9199874635602834
-43.62690025142514,-3.9181994164725586
-43.62234152485249,-3.916411928771833
-43.617782798279826,-3.9146250003665934
-43.61322407170717,-3.912838631165325
-43.60866534513451,-3.9110528210765114
-43.60410661856186,-3.909267570008638
-43.5995478919892,-3.907482877870195
-43.59498916541654,-3.905698744569659
-43.59043043884388,-3.903915170015516
-43.58587171227123,-3.902132154116242
-43.581312985698574,-3.900349696780325
-43.57675425912591,-3.8985677979162427
-43.57219553255326,-3.896786457432474
-43.5676368059806,-3.895005675237501
-43.563078079407944,-3.8932254512397964
-43.55851935283528,-3.8914457853478392
-43.55396062626263,-3.88966667747011
-43.54940189968997,-3.887888127515078
-43.544843173117314,-3.8861101353912253
-43.54028444654465,-3.884332701007024
-43.535725719972,-3.8825558242709506
-43.53116699339934,-3.8807795050914677
-43.526608266826685,-3.8790037433770603
-43.522049540254024,-3.877228539036193
-43.51749081368137,-3.8754538919773416
-43.51293208710871,-3.8736798021089642
-43.508373360536055,-3.8719062693395485
-43.503814633963394,-3.8701332935775503
-43.49925590739074,-3.868360874731438
-43.49469718081808,-3.8665890127096874
-43.490138454245425,-3.8648177074207575
-43.48557972767277,-3.8630469587731238
-43.48102100110011,-3.861276766675235
-43.47646227452746,-3.85950713103557
-43.471903547954795,-3.8577380517625843
-43.46734482138214,-3.8559695287647484
-43.46278609480948,-3.854201561950518
-43.45822736823683,-3.8524341512283597
-43.453668641664166,-3.8506672965067312
-43.44910991509151,-3.8489009976940953
-43.44455118851885,-3.8471352546989084
-43.4399924619462,-3.845370067429631
-43.435433735373536,-3.8436054357947222
-43.43087500880088,-3.84184135970264
-43.42631628222822,-3.8400778390618426
-43.42175755565557,-3.838314873780782
-43.417198829082906,-3.836552463767916
-43.41264010251025,-3.8347906089317
-43.40808137593759,-3.833029309180585
-43.40352264936494,-3.831268564423028
-43.39896392279228,-3.8295083745674807
-43.39440519621962,-3.8277487395223964
-43.38984646964697,-3.8259896591962272
-43.38528774307431,-3.824231133497416
-43.380729016501654,-3.8224731623344277
-43.37617028992899,-3.8207157456156926
-43.37161156335634,-3.8189588832496737
-43.36705283678368,-3.8172025751448135
-43.362494110211024,-3.8154468212095622
-43.35793538363836,-3.8136916213523615
-43.35337665706571,-3.811936975481671
-43.34881793049305,-3.8101828835059157
-43.344259203920394,-3.8084293453335536
-43.33970047734773,-3.806676360873027
-43.33514175077508,-3.80492393003278
-43.33058302420242,-3.8031720527212487
-43.326024297629765,-3.801420728846884
-43.321465571057104,-3.799669958318119
-43.31690684448445,-3.797919741043406
-43.31234811791179,-3.7961700769311704
-43.307789391339135,-3.7944209658898616
-43.303230664766474,-3.792672407827917
-43.29867193819382,-3.79092440265377
-43.294113211621166,-3.7891769502758677
-43.289554485048505,-3.7874300506026346
-43.28499575847585,-3.7856837035425164
-43.28043703190319,-3.783937909003945
-43.27587830533054,-3.782192666895356
-43.271319578757875,-3.780447977125186
-43.26676085218522,-3.7787038396018646
-43.26220212561256,-3.776960254233819
-43.25764339903991,-3.775217220929496
-43.253084672467246,-3.7734747395973183
-43.24852594589459,-3.771732810145722
-43.24396721932193,-3.7699914324831347
-43.23940849274928,-3.7682506065179844
-43.234849766176616,-3.766510332158695
-43.23029103960396,-3.764770609313709
-43.2257323130313,-3.7630314378914456
-43.22117358645865,-3.7612928178003333
-43.216614859885986,-3.759554748948796
-43.21205613331333,-3.7578172312452676
-43.20749740674067,-3.756080264598165
-43.20293868016802,-3.7543438489159158
-43.198379953595364,-3.7526079841069544
-43.1938212270227,-3.7508726700796857
-43.18926250045005,-3.749137906742547
-43.18470377387739,-3.747403694003947
-43.180145047304734,-3.745670031772327
-43.17558632073207,-3.743936919956087
-43.17102759415942,-3.7422043584636624
-43.16646886758676,-3.740472347203471
-43.161910141014104,-3.7387408860839253
-43.15735141444144,-3.737009975013448
-43.15279268786879,-3.7352796139004596
-43.14823396129613,-3.7335498026533736
-43.143675234723474,-3.731820541180608
-43.13911650815081,-3.7300918293905783
-43.13455778157816,-3.7283636671917035
-43.1299990550055,-3.7266360544923898
-43.125440328432845,-3.724908991201065
-43.120881601860184,-3.723182477226127
-43.11632287528753,-3.721456512476011
-43.11176414871487,-3.719731096859105
-43.107205422142215,-3.7180062302838377
-43.10264669556956,-3.7162819126586184
-43.0980879689969,-3.7145581438918485
-43.093529242424246,-3.7128349238919442
-43.088970515851585,-3.711112252567321
-43.08441178927893,-3.7093901298263825
-43.07985306270627,-3.7076685555775346
-43.07529433613362,-3.705947529729186
-43.070735609560955,-3.7042270521897485
-43.0661768829883,-3.7025071228676287
-43.06161815641564,-3.700787741671227
-43.05705942984299,-3.6990689085089565
-43.052500703270326,-3.6973506232892106
-43.04794197669767,-3.6956328859204053
-43.04338325012501,-3.6939156963109396
-43.03882452355236,-3.692199054369223
-43.034265796979696,-3.690482960003646
-43.02970707040704,-3.688767413122622
-43.02514834383438,-3.687052413634544
-43.02058961726173,-3.6853379614478206
-43.016030890689066,-3.6836240564708493
-43.01147216411641,-3.6819106986120267
-43.00691343754376,-3.6801978877797543
-43.0023547109711,-3.6784856238824353
-42.99779598439844,-3.67677390682846
-42.99323725782578,-3.675062736526231
-42.98867853125313,-3.673352112884147
-42.98411980468047,-3.671642035810597
-42.979561078107814,-3.6699325052139904
-42.97500235153515,-3.668223521002706
-42.9704436249625,-3.6665150830851534
-42.96588489838984,-3.6648071913697127
-42.961326171817184,-3.663099845764791
-42.95676744524452,-3.6613930461787723
-42.95220871867187,-3.659686792520055
-42.94764999209921,-3.6579810846970275
-42.943091265526554,-3.6562759226180814
-42.93853253895389,-3.65457130619161
-42.93397381238124,-3.6528672353260068
-42.92941508580858,-3.65116370992965
-42.924856359235925,-3.6494607299109423
-42.920297632663264,-3.6477582951782654
-42.91573890609061,-3.6460564056400084
-42.911180179517956,-3.644355061204566
-42.906621452945295,-3.6426542617803106
-42.902062726372634,-3.640954007275638
-42.89750399979998,-3.6392542975989386
-42.892945273227326,-3.637555132658593
-42.888386546654665,-3.635856512362985
-42.88382782008201,-3.6341584366205018
-42.87926909350935,-3.6324609053395234
-42.8747103669367,-3.630763918428442
-42.870151640364035,-3.6290674757956314
-42.86559291379138,-3.6273715773494817
-42.86103418721872,-3.6256762229983672
-42.85647546064607,-3.623981412650675
-42.851916734073406,-3.6222871462147817
-42.84735800750075,-3.6205934235990735
-42.84279928092809,-3.618900244711926
-42.83824055435544,-3.617207609461714
-42.833681827782776,-3.6155155177568306
-42.82912310121012,-3.6138239695056407
-42.82456437463746,-3.6121329646165283
-42.82000564806481,-3.6104425029978713
-42.81544692149215,-3.608752584558043
-42.81088819491949,-3.6070632092054224
-42.80632946834683,-3.605374376848379
-42.80177074177418,-3.603686087395302
-42.797212015201524,-3.6019983407545566
-42.79265328862886,-3.6003111368345135
-42.78809456205621,-3.598624475543553
-42.78353583548355,-3.5969383567900444
-42.778977108910894,-3.5952527804823657
-42.77441838233823,-3.5935677465288873
-42.76985965576558,-3.591883254837979
-42.76530092919292,-3.590199305318013
-42.760742202620264,-3.5885158978773593
-42.7561834760476,-3.586833032424391
-42.75162474947495,-3.585150708867477
-42.74706602290229,-3.5834689271149807
-42.742507296329634,-3.581787687075288
-42.73794856975697,-3.5801069886567465
-42.73338984318432,-3.578426831767734
-42.72883111661166,-3.5767472163166154
-42.724272390039005,-3.5750681422117654
-42.71971366346635,-3.573389609361543
-42.71515493689369,-3.571711617674315
-42.71059621032103,-3.570034167058443
-42.706037483748375,-3.5683572574223046
-42.70147875717572,-3.566680888674255
-42.69692003060306,-3.5650050607226564
-42.692361304030406,-3.56332977347588
-42.687802577457745,-3.561655026842281
-42.68324385088509,-3.5599808207302277
-42.67868512431243,-3.558307155048081
-42.67412639773978,-3.556634029704203
-42.669567671167115,-3.554961444606953
-42.66500894459446,-3.5532893996646986
-42.6604502180218,-3.5516178947857875
-42.65589149144915,-3.5499469298785917
-42.651332764876486,-3.5482765048514664
-42.64677403830383,-3.546606619612765
-42.64221531173117,-3.5449372740708576
-42.63765658515852,-3.5432684681340945
-42.633097858585856,-3.54160020171083
-42.6285391320132,-3.5399324747094316
-42.62398040544055,-3.5382652870382523
-42.61942167886789,-3.5365986386056387
-42.614862952295226,-3.5349325293199567
-42.61030422572257,-3.5332669590895667
-42.60574549914992,-3.5316019278228103
-42.60118677257726,-3.529937435428051
-42.596628046004604,-3.5282734818136396
-42.59206931943194,-3.526610066887929
-42.58751059285929,-3.524947190559274
-42.58295186628663,-3.5232848527360274
-42.578393139713974,-3.521623053326543
-42.57383441314131,-3.5199617922391684
-42.56927568656866,-3.51830106938226
-42.564716959996,-3.516640884664167
-42.560158233423344,-3.514981237993234
-42.55559950685068,-3.5133221292778183
-42.55104078027803,-3.5116635584262728
-42.54648205370537,-3.5100055253469344
-42.541923327132714,-3.5083480299481673
-42.53736460056005,-3.5066910721383064
-42.5328058739874,-3.505034651825706
-42.528247147414746,-3.503378768918717
-42.523688420842085,-3.5017234233256755
-42.519129694269424,-3.500068614954937
-42.51457096769677,-3.4984143437148507
-42.510012241124116,-3.4967606095137547
-42.505453514551455,-3.495107412259998
-42.5008947879788,-3.493454751861927
-42.49633606140614,-3.4918026282278842
-42.491777334833486,-3.4901510412662122
-42.487218608260825,-3.4884999908852556
-42.48265988168817,-3.486849476993366
-42.47810115511551,-3.4851994994988758
-42.473542428542856,-3.483550058310131
-42.468983701970195,-3.481901153335478
-42.46442497539754,-3.4802527844832527
-42.45986624882488,-3.478604951661795
-42.45530752225223,-3.4769576547794574
-42.450748795679566,-3.475310893744566
-42.44619006910691,-3.473664668465472
-42.44163134253425,-3.472018978850511
-42.4370726159616,-3.4703738248080227
-42.43251388938894,-3.4687292062463446
-42.42795516281628,-3.467085123073816
-42.42339643624362,-3.465441575198775
-42.41883770967097,-3.4637985625295666
-42.41427898309831,-3.462156084974515
-42.40972025652565,-3.460514142441968
-42.405161529953,-3.458872734840259
-42.40060280338034,-3.45723186207772
-42.396044076807684,-3.4555915240626964
-42.39148535023502,-3.453951720703511
-42.38692662366237,-3.4523124519085147
-42.38236789708971,-3.4506737175860245
-42.377809170517054,-3.449035517644393
-42.37325044394439,-3.4473978519919397
-42.36869171737174,-3.445760720537005
-42.36413299079908,-3.4441241231879207
-42.359574264226424,-3.4424880598530203
-42.35501553765376,-3.440852530440638
-42.35045681108111,-3.4392175348591034
-42.34589808450845,-3.437583073016746
-42.341339357935794,-3.435949144821903
-42.33678063136314,-3.4343157501829
-42.33222190479048,-3.432682889008071
-42.32766317821782,-3.431050561205745
-42.323104451645165,-3.429418766684256
-42.31854572507251,-3.4277875053519296
-42.31398699849985,-3.426156777117095
-42.309428271927196,-3.424526581888079
-42.304869545354535,-3.422896919573213
-42.30031081878188,-3.42126779008083
-42.29575209220922,-3.4196391933192456
-42.291193365636566,-3.4180111291968025
-42.286634639063905,-3.416383597621812
-42.28207591249125,-3.414756598502615
-42.27751718591859,-3.4131301317475247
-42.272958459345936,-3.411504197264884
-42.268399732773275,-3.4098787949630043
-42.26384100620062,-3.4082539247502104
-42.25928227962796,-3.40662958653484
-42.25472355305531,-3.4050057802252063
-42.250164826482646,-3.4033825057296396
-42.24560609990999,-3.4017597629564578
-42.24104737333734,-3.400137551813996
-42.23648864676468,-3.398515872210562
-42.231929920192016,-3.396894724054492
-42.22737119361936,-3.3952741072541035
-42.22281246704671,-3.3936540217177176
-42.21825374047405,-3.3920344673536587
-42.21369501390139,-3.390415444070248
-42.20913628732873,-3.3887969517757996
-42.20457756075608,-3.3871789903786524
-42.20001883418342,-3.3855615597871096
-42.195460107610764,-3.383944659909502
-42.1909013810381,-3.3823282906541423
-42.18634265446545,-3.380712451929355
-42.18178392789279,-3.3790971436434543
-42.177225201320134,-3.37748236570477
-42.17266647474747,-3.3758681180216104
-42.16810774817482,-3.374254400502297
-42.16354902160216,-3.3726412130551466
-42.158990295029504,-3.3710285555884867
-42.15443156845684,-3.3694164280106187
-42.14987284188419,-3.367804830229875
-42.145314115311535,-3.3661937621545635
-42.140755388738874,-3.3645832236930007
-42.13619666216621,-3.362973214753504
-42.13163793559356,-3.361363735244396
-42.127079209020906,-3.3597547850739855
-42.122520482448245,-3.358146364150585
-42.11796175587559,-3.3565384723825162
-42.11340302930293,-3.354931109678093
-42.108844302730276,-3.353324275945628
-42.104285576157615,-3.3517179710934344
-42.09972684958496,-3.35011219502983
-42.0951681230123,-3.3485069476631226
-42.090609396439646,-3.346902228901631
-42.086050669866985,-3.345298038653664
-42.08149194329433,-3.343694376827542
-42.07693321672167,-3.3420912433315655
-42.072374490149016,-3.3404886380740555
-42.067815763576355,-3.3388865609633176
-42.0632570370037,-3.3372850119076722
-42.05869831043104,-3.3356839908154203
-42.05413958385839,-3.334083497594879
-42.04958085728573,-3.3324835321543635
-42.04502213071307,-3.330884094402171
-42.04046340414041,-3.329285184246624
-42.03590467756776,-3.3276868015960246
-42.0313459509951,-3.3260889463586887
-42.02678722442244,-3.3244916184429183
-42.02222849784979,-3.3228948177570277
-42.01766977127713,-3.321298544209325
-42.01311104470447,-3.3197027977081204
-42.00855231813181,-3.3181075781617144
-42.00399359155916,-3.316512885478424
-41.9994348649865,-3.3149187195665553
-41.994876138413844,-3.3133250803344114
-41.99031741184118,-3.3117319676902994
-41.98575868526853,-3.3101393815425295
-41.98119995869587,-3.3085473217994097
-41.976641232123214,-3.3069557883692466
-41.97208250555056,-3.305364781160341
-41.9675237789779,-3.3037743000809994
-41.96296505240524,-3.3021843450395334
-41.958406325832584,-3.3005949159442443
-41.95384759925993,-3.2990060127034346
-41.94928887268727,-3.2974176352254116
-41.94473014611461,-3.2958297834184767
-41.940171419541954,-3.2942424571909488
-41.9356126929693,-3.292655656451113
-41.93105396639664,-3.2910693811072855
-41.926495239823986,-3.289483631067764
-41.921936513251325,-3.287898406240853
-41.91737778667867,-3.2863137065348593
-41.91281906010601,-3.2847295318580767
-41.908260333533356,-3.2831458821188177
-41.903701606960695,-3.2815627572253794
-41.89914288038804,-3.279980157086068
-41.89458415381538,-3.2783980816091765
-41.890025427242726,-3.27681653070302
-41.885466700670065,-3.2752355042758885
-41.88090797409741,-3.273655002236092
-41.87634924752476,-3.2720750244919232
-41.871790520952096,-3.270495570951685
-41.867231794379435,-3.268916641523681
-41.86267306780678,-3.2673382361162155
-41.85811434123413,-3.2657603546375773
-41.85355561466147,-3.2641829969960736
-41.848996888088806,-3.2626061631000014
-41.84443816151615,-3.261029852857664
-41.8398794349435,-3.259454066177359
-41.83532070837084,-3.257878802967381
-41.83076198179818,-3.2563040631360343
-41.82620325522552,-3.254729846591613
-41.82164452865287,-3.2531561532424207
-41.81708580208021,-3.2515829829967466
-41.81252707550755,-3.2500103357629024
-41.80796834893489,-3.248438211449174
-41.80340962236224,-3.246866609963864
-41.79885089578958,-3.245295531215267
-41.794292169216924,-3.243724975111683
-41.78973344264426,-3.2421549415614055
-41.78517471607161,-3.240585430472734
-41.780615989498955,-3.239016441753963
-41.776057262926294,-3.2374479753133905
-41.77149853635363,-3.2358800310593114
-41.76693980978098,-3.2343126089000234
-41.762381083208325,-3.2327457087438223
-41.757822356635664,-3.2311793304990024
-41.753263630063,-3.229613474073856
-41.74870490349035,-3.2280481393766776
-41.744146176917695,-3.2264833263157704
-41.739587450345034,-3.224919034799422
-41.73502872377238,-3.223355264735933
-41.73046999719972,-3.2217920160335862
-41.725911270627066,-3.2202292886006894
-41.721352544054405,-3.2186670823455246
-41.71679381748175,-3.217105397176397
-41.71223509090909,-3.2155442330015886
-41.707676364336436,-3.2139835897294056
-41.703117637763775,-3.212423467268129
-41.69855891119112,-3.210863865526058
-41.69400018461846,-3.209304784411485
-41.689441458045806,-3.2077462238327055
-41.68488273147315,-3.206188183698006
-41.68032400490049,-3.20463066391568
-41.67576527832783,-3.2030736643940227
-41.671206551755176,-3.2015171850413275
-41.66664782518252,-3.1999612257658785
-41.66208909860986,-3.1984057864759734
-41.6575303720372,-3.1968508670799025
-41.65297164546455,-3.1952964674859574
-41.64841291889189,-3.1937425876024332
-41.64385419231923,-3.192189227337615
-41.63929546574658,-3.1906363865997935
-41.63473673917392,-3.1890840652972594
-41.63017801260126,-3.187532263338308
-41.6256192860286,-3.185980980631227
-41.62106055945595,-3.184430217084303
-41.61650183288329,-3.1828799726058334
-41.61194310631063,-3.1813302471041016
-41.60738437973797,-3.1797810404873985
-41.60282565316532,-3.1782323526640166
-41.59826692659266,-3.176684183542246
-41.593708200020004,-3.175136533030374
-41.58914947344735,-3.1735894010366903
-41.58459074687469,-3.1720427874694805
-41.58003202030203,-3.170496692237034
-41.575473293729374,-3.1689511152476446
-41.57091456715672,-3.1674060564095985
-41.56635584058406,-3.1658615156311782
-41.5617971140114,-3.1643174928206843
-41.557238387438744,-3.162773987886395
-41.55267966086609,-3.1612310007366045
-41.54812093429343,-3.159688531279593
-41.543562207720775,-3.158146579423656
-41.539003481148114,-3.156605145077076
-41.53444475457546,-3.155064228148144
-41.5298860280028,-3.153523828545143
-41.525327301430146,-3.151983946176365
-41.520768574857485,-3.150444580950096
-41.51620984828483,-3.14890573277462
-41.51165112171217,-3.1473674015582285
-41.507092395139516,-3.1458295872092044
-41.502533668566855,-3.1442922896358327
-41.4979749419942,-3.142755508746411
-41.49341621542155,-3.1412192444492133
-41.488857488848886,-3.139683496652527
-41.484298762276225,-3.1381482652646464
-41.47974003570357,-3.1366135501938457
-41.47518130913092,-3.135079351348426
-41.470622582558256,-3.1335456686366587
-41.466063855985595,-3.1320125019668357
-41.46150512941294,-3.130479851247245
-41.45694640284029,-3.1289477163861688
-41.45238767626763,-3.1274160972918956
-41.44782894969497,-3.1258849938727065
-41.44327022312231,-3.124354406036885
-41.43871149654966,-3.1228243336927264
-41.434152769977,-3.1212947767485018
-41.42959404340434,-3.1197657351125097
-41.42503531683168,-3.1182372086930203
-41.42047659025903,-3.116709197398332
-41.41591786368637,-3.115181701136724
-41.41135913711371,-3.113654719816481
-41.40680041054105,-3.112128253345882
-41.4022416839684,-3.1106023016332203
-41.397682957395745,-3.109076864586771
-41.393124230823084,-3.107551942114828
-41.38856550425042,-3.106027534125669
-41.38400677767777,-3.104503640527578
-41.379448051105115,-3.102980261228843
-41.374889324532454,-3.101457396137742
-41.37033059795979,-3.0999350451625634
-41.36577187138714,-3.0984132082115856
-41.361213144814485,-3.096891885193104
-41.356654418241824,-3.0953710760153847
-41.35209569166917,-3.093850780586723
-41.34753696509651,-3.0923309988154
-41.342978238523855,-3.0908117306096994
-41.338419511951194,-3.089292975877897
-41.33386078537854,-3.087774734528288
-41.32930205880588,-3.0862570064691455
-41.324743332233226,-3.0847397916087598
-41.320184605660565,-3.083223089855407
-41.31562587908791,-3.0817069011173746
-41.31106715251525,-3.080191225302943
-41.306508425942596,-3.078676062320398
-41.30194969936994,-3.077161412078017
-41.29739097279728,-3.0756472744840853
-41.29283224622462,-3.0741336494468867
-41.288273519651966,-3.0726205368747017
-41.28371479307931,-3.071107936675816
-41.27915606650665,-3.0695958487585027
-41.27459733993399,-3.068084273031056
-41.270038613361336,-3.0665732094017524
-41.26547988678868,-3.065062657778876
-41.26092116021602,-3.0635526180707013
-41.25636243364337,-3.0620430901855236
-41.25180370707071,-3.06053407403161
-41.24724498049805,-3.0590255695172575
-41.24268625392539,-3.0575175765507345
-41.23812752735274,-3.0560100950403313
-41.23356880078008,-3.0545031248943295
-41.22901007420742,-3.0529966660210053
-41.22445134763476,-3.0514907183286426
-41.21989262106211,-3.0499852817255295
-41.21533389448945,-3.0484803561199403
-41.21077516791679,-3.0469759414201576
-41.20621644134414,-3.0454720375344673
-41.20165771477148,-3.043968644371145
-41.19709898819882,-3.042465761838474
-41.192540261626164,-3.0409633898447397
-41.18798153505351,-3.0394615282982214
-41.18342280848085,-3.037960177107199
-41.17886408190819,-3.0364593361799534
-41.174305355335534,-3.0349590054247697
-41.16974662876288,-3.033459184749925
-41.16518790219022,-3.0319598740637006
-41.160629175617565,-3.0304610732743833
-41.156070449044904,-3.028962782290249
-41.15151172247225,-3.0274650010195865
-41.14695299589959,-3.0259677293706635
-41.142394269326935,-3.024470967251777
-41.137835542754274,-3.0229747145711956
-41.13327681618162,-3.021478971237203
-41.12871808960896,-3.019983737158087
-41.124159363036306,-3.018489012242121
-41.119600636463645,-3.016994796397594
-41.11504190989099,-3.015501089532781
-41.11048318331834,-3.0140078915559676
-41.105924456745676,-3.0125152023754267
-41.101365730173015,-3.011023021899448
-41.09680700360036,-3.009531350036311
-41.09224827702771,-3.0080401866942967
-41.087689550455046,-3.006549531781682
-41.083130823882385,-3.0050593852067515
-41.07857209730973,-3.00356974687779
-41.07401337073708,-3.0020806167030716
-41.069454644164416,-3.000591994590883
-41.06489591759176,-2.9991038804495034
-41.0603371910191,-2.9976162741872057
-41.05577846444645,-2.9961291757122877
-41.05121973787379,-2.994642584933017
-41.04666101130113,-2.993156501757685
-41.04210228472847,-2.9916709260945633
-41.03754355815582,-2.990185857851942
-41.03298483158316,-2.9887012969380917
-41.0284261050105,-2.987217243261304
-41.02386737843784,-2.9857336967298536
-41.01930865186519,-2.984250657252026
-41.014749925292534,-2.982768124736102
-41.01019119871987,-2.9812860990903602
-41.00563247214721,-2.9798045802230826
-41.00107374557456,-2.9783235680425544
-40.996515019001905,-2.9768430624570525
-40.99195629242924,-2.975363063374858
-40.98739756585658,-2.9738835707042512
-40.98283883928393,-2.9724045843535247
-40.978280112711275,-2.9709261042309487
-40.973721386138614,-2.9694481302448072
-40.96916265956596,-2.967970662303386
-40.9646039329933,-2.9664937003149596
-40.960045206420645,-2.965017244187818
-40.955486479847984,-2.9635412938302297
-40.95092775327533,-2.9620658491504965
-40.94636902670267,-2.9605909100568817
-40.941810300130015,-2.9591164764576754
-40.937251573557354,-2.957642548261163
-40.9326928469847,-2.9561691253756193
-40.92813412041204,-2.9546962077093255
-40.923575393839386,-2.9532237951705724
-40.91901666726673,-2.9517518876676347
-40.91445794069407,-2.950280485108794
-40.90989921412141,-2.9488095874023355
-40.905340487548756,-2.9473391944565464
-40.9007817609761,-2.945869306179698
-40.89622303440344,-2.9443999224800805
-40.89166430783078,-2.942931043265973
-40.887105581258126,-2.9414626684456597
-40.88254685468547,-2.9399947979274246
-40.87798812811281,-2.9385274316195447
-40.87342940154016,-2.9370605694303102
-40.868870674967496,-2.9355942112679956
-40.86431194839484,-2.934128357040889
-40.85975322182218,-2.93266300665727
-40.85519449524953,-2.931198160025427
-40.85063576867687,-2.9297338170536356
-40.84607704210421,-2.9282699776501837
-40.84151831553155,-2.9268066417233514
-40.8369595889589,-2.9253438091814274
-40.83240086238624,-2.9238814799326898
-40.82784213581358,-2.922419653885426
-40.82328340924093,-2.9209583309479155
-40.81872468266827,-2.9194975110284402
-40.81416595609561,-2.9180371940352887
-40.80960722952295,-2.9165773798767414
-40.8050485029503,-2.915118068461087
-40.80048977637764,-2.9136592596966016
-40.79593104980498,-2.9122009534915727
-40.79137232323232,-2.910743149754286
-40.78681359665967,-2.9092858483930257
-40.78225487008701,-2.9078290493160734
-40.777696143514355,-2.9063727524317144
-40.773137416941694,-2.9049169576482323
-40.76857869036904,-2.903461664873912
-40.76401996379638,-2.9020068740170375
-40.759461237223725,-2.9005525849858973
-40.754902510651064,-2.899098797688768
-40.75034378407841,-2.897645512033943
-40.74578505750575,-2.8961927279297037
-40.741226330933095,-2.8947404452843357
-40.736667604360434,-2.89328866400612
-40.73210887778778,-2.891837384003347
-40.72755015121513,-2.890386605184303
-40.722991424642466,-2.888936327457267
-40.718432698069805,-2.8874865507305265
-40.71387397149715,-2.886037274912376
-40.7093152449245,-2.88458849991109
-40.704756518351836,-2.883140225634958
-40.700197791779175,-2.881692451992267
-40.69563906520652,-2.880245178891302
-40.69108033863387,-2.87879840624035
-40.686521612061206,-2.8773521339476984
-40.68196288548855,-2.875906361921632
-40.67740415891589,-2.8744610900704344
-40.67284543234324,-2.8730163183024007
-40.668286705770576,-2.871572046525808
-40.66372797919792,-2.8701282746489505
-40.65916925262526,-2.8686850025801114
-40.65461052605261,-2.8672422302275815
-40.65005179947995,-2.865799957499643
-40.64549307290729,-2.8643581843045864
-40.64093434633463,-2.8629169105506986
-40.63637561976198,-2.8614761361462695
-40.631816893189324,-2.8600358609995857
-40.62725816661666,-2.858596085018932
-40.622699440044,-2.857156808112594
-40.61814071347135,-2.8557180301888727
-40.613581986898694,-2.8542797511560476
-40.60902326032603,-2.8528419709224027
-40.60446453375337,-2.8514046893962375
-40.59990580718072,-2.8499679064858334
-40.595347080608065,-2.848531622099482
-40.5907883540354,-2.8470958361454715
-40.58622962746275,-2.845660548532091
-40.58167090089009,-2.8442257591676285
-40.577112174317435,-2.842791467960378
-40.572553447744774,-2.841357674818625
-40.56799472117212,-2.8399243796506624
-40.56343599459946,-2.838491582364776
-40.558877268026805,-2.8370592828692596
-40.554318541454144,-2.835627481072402
-40.54975981488149,-2.834196176882496
-40.54520108830883,-2.832765370207827
-40.540642361736175,-2.831335060956689
-40.53608363516352,-2.829905249037375
-40.53152490859086,-2.8284759343581722
-40.5269661820182,-2.8270471168273725
-40.522407455445546,-2.825618796353271
-40.51784872887289,-2.8241909728441534
-40.51329000230023,-2.8227636462083163
-40.50873127572757,-2.8213368163540493
-40.504172549154916,-2.819910483189644
-40.49961382258226,-2.8184846466233933
-40.4950550960096,-2.817059306563591
-40.49049636943695,-2.8156344629185286
-40.485937642864286,-2.8142101155965
-40.48137891629163,-2.8127862645057977
-40.47682018971897,-2.811362909554709
-40.47226146314632,-2.809940050651537
-40.467702736573656,-2.80851768770457
-40.463144010001,-2.8070958206221004
-40.45858528342834,-2.8056744493124226
-40.45402655685569,-2.804253573683835
-40.44946783028303,-2.8028331936446245
-40.44490910371037,-2.801413309103092
-40.44035037713772,-2.7999939199675326
-40.43579165056506,-2.7985750261462305
-40.4312329239924,-2.7971566275474937
-40.42667419741974,-2.7957387240796105
-40.42211547084709,-2.7943213156508775
-40.41755674427443,-2.792904402169589
-40.41299801770177,-2.7914879835440423
-40.40843929112911,-2.7900720596825352
-40.40388056455646,-2.788656630493363
-40.3993218379838,-2.7872416958848154
-40.394763111411145,-2.7858272557652
-40.39020438483848,-2.784413310042803
-40.38564565826583,-2.7829998586259275
-40.38108693169317,-2.781586901422868
-40.376528205120515,-2.780174438341926
-40.371969478547854,-2.7787624692913937
-40.3674107519752,-2.7773509941795713
-40.36285202540254,-2.775940012914757
-40.358293298829885,-2.774529525405249
-40.353734572257224,-2.773119531559346
-40.34917584568457,-2.7717100312853473
-40.344617119111916,-2.7703010244915474
-40.340058392539255,-2.7688925110862477
-40.335499665966594,-2.7674844909777474
-40.33094093939394,-2.7660769640743523
-40.32638221282129,-2.764669930284352
-40.321823486248626,-2.7632633895160517
-40.317264759675965,-2.76185734167775
-40.31270603310331,-2.7604517866777503
-40.30814730653066,-2.759046724424348
-40.303588579957996,-2.757642154825852
-40.29902985338534,-2.7562380777905533
-40.29447112681268,-2.7548344932267588
-40.28991240024003,-2.7534314010427705
-40.285353673667366,-2.752028801146887
-40.28079494709471,-2.750626693447415
-40.27623622052205,-2.7492250778526492
-40.2716774939494,-2.7478239542709004
-40.267118767376736,-2.7464233226104677
-40.26256004080408,-2.7450231827796534
-40.25800131423142,-2.74362353468676
-40.25344258765877,-2.7422243782400946
-40.248883861086114,-2.740825713347959
-40.24432513451345,-2.739427539918652
-40.23976640794079,-2.7380298578604827
-40.23520768136814,-2.7366326670817585
-40.230648954795484,-2.7352359674907825
-40.22609022822282,-2.733839758995851
-40.22153150165016,-2.732444041505277
-40.21697277507751,-2.731048814927368
-40.212414048504854,-2.729654079170427
-40.20785532193219,-2.7282598341427557
-40.20329659535954,-2.7268660797526647
-40.19873786878688,-2.725472815908459
-40.194179142214224,-2.72408004251845
-40.18962041564156,-2.722687759490933
-40.18506168906891,-2.7212959667342282
-40.18050296249625,-2.719904664156634
-40.175944235923595,-2.7185138516664678
-40.171385509350934,-2.717123529172025
-40.16682678277828,-2.7157336965816237
-40.16226805620562,-2.714344353803567
-40.157709329632965,-2.7129555007461663
-40.15315060306031,-2.7115671373177306
-40.14859187648765,-2.710179263426567
-40.14403314991499,-2.7087918789809873
-40.139474423342335,-2.707404983889304
-40.13491569676968,-2.7060185780598234
-40.13035697019702,-2.704632661400851
-40.12579824362436,-2.703247233820705
-40.121239517051706,-2.701862295227698
-40.11668079047905,-2.7004778455301404
-40.11212206390639,-2.699093884636336
-40.10756333733374,-2.6977104124546023
-40.103004610761076,-2.6963274288932517
-40.09844588418842,-2.6949449338605986
-40.09388715761576,-2.693562927264951
-40.08932843104311,-2.6921814090146245
-40.084769704470446,-2.6908003790179302
-40.08021097789779,-2.6894198371831837
-40.07565225132513,-2.6880397834186986
-40.07109352475248,-2.6866602176327907
-40.066534798179816,-2.6852811397337724
-40.06197607160716,-2.6839025496299573
-40.05741734503451,-2.682524447229663
-40.05285861846185,-2.6811468324412058
-40.04829989188919,-2.6797697051728946
-40.04374116531653,-2.678393065333054
-40.03918243874388,-2.6770169128299948
-40.03462371217122,-2.675641247572034
-40.03006498559856,-2.6742660694674925
-40.0255062590259,-2.6728913784246826
-40.02094753245325,-2.6715171743519264
-40.01638880588059,-2.6701434571575358
-40.011830079307934,-2.668770226749837
-40.00727135273527,-2.6673974830371394
-40.00271262616262,-2.6660252259277675
-39.99815389958996,-2.6646534553300376
-39.993595173017304,-2.663282171152272
-39.98903644644464,-2.661911373302788
-39.98447771987199,-2.6605410616899103
-39.97991899329933,-2.6591712362219484
-39.975360266726675,-2.657801896807235
-39.970801540154014,-2.656433043354085
-39.96624281358136,-2.6550646757708227
-39.961684087008706,-2.653696793965766
-39.957125360436045,-2.6523293978472373
-39.952566633863384,-2.650962487323562
-39.94800790729073,-2.6495960623030608
-39.943449180718076,-2.648230122694058
-39.938890454145415,-2.6468646684048736
-39.934331727572754,-2.6454996993438344
-39.9297730010001,-2.6441352154192623
-39.92521427442745,-2.6427712165394834
-39.920655547854786,-2.641407702612821
-39.91609682128213,-2.640044673547602
-39.91153809470947,-2.638682129252149
-39.90697936813682,-2.637320069634793
-39.902420641564156,-2.6359584946038503
-39.8978619149915,-2.634597404067657
-39.89330318841884,-2.6332367979345337
-39.88874446184619,-2.6318766761128125
-39.884185735273526,-2.630517038510811
-39.87962700870087,-2.629157885036868
-39.87506828212821,-2.627799215599309
-39.87050955555556,-2.6264410301064576
-39.8659508289829,-2.625083328466651
-39.86139210241024,-2.6237261105882084
-39.85683337583758,-2.622369376379463
-39.85227464926493,-2.6210131257487483
-39.847715922692274,-2.6196573586043943
-39.84315719611961,-2.6183020748547228
-39.83859846954695,-2.616947274408075
-39.8340397429743,-2.6155929571727796
-39.829481016401644,-2.614239123057166
-39.82492228982898,-2.6128857719695655
-39.82036356325633,-2.611532903818318
-39.81580483668367,-2.610180518511741
-39.811246110111014,-2.6088286159581857
-39.80668738353835,-2.6074771960659726
-39.8021286569657,-2.606126258743445
-39.79756993039304,-2.6047758038989253
-39.793011203820384,-2.60342583144076
-39.78845247724772,-2.602076341277277
-39.78389375067507,-2.600727333316816
-39.77933502410241,-2.599378807467709
-39.774776297529755,-2.5980307636382967
-39.7702175709571,-2.5966832017369104
-39.76565884438444,-2.5953361216718895
-39.76110011781178,-2.5939895233515693
-39.756541391239125,-2.5926434066842963
-39.75198266466647,-2.5912977715783967
-39.74742393809381,-2.5899526179422114
-39.74286521152115,-2.5886079456840845
-39.738306484948495,-2.5872637547123554
-39.73374775837584,-2.58592004493536
-39.72918903180318,-2.5845768162614364
-39.72463030523053,-2.5832340685989297
-39.720071578657866,-2.581891801856177
-39.71551285208521,-2.580550015941527
-39.71095412551255,-2.5792087107633077
-39.7063953989399,-2.5778678862298743
-39.701836672367236,-2.576527542249563
-39.69727794579458,-2.5751876787307175
-39.69271921922192,-2.5738482955816795
-39.68816049264927,-2.5725093927107996
-39.683601766076606,-2.5711709700264094
-39.67904303950395,-2.569833027436867
-39.6744843129313,-2.5684955648505094
-39.66992558635864,-2.5671585821756815
-39.665366859785976,-2.565822079320729
-39.66080813321332,-2.5644860561940037
-39.65624940664067,-2.563150512703847
-39.65169068006801,-2.5618154487586042
-39.64713195349535,-2.5604808642666286
-39.64257322692269,-2.5591467591362638
-39.63801450035004,-2.557813133275861
-39.63345577377738,-2.5564799865937635
-39.628897047204724,-2.555147318998324
-39.62433832063206,-2.553815130397892
-39.61977959405941,-2.5524834207008165
-39.61522086748675,-2.5511521898154497
-39.610662140914094,-2.5498214376501402
-39.60610341434143,-2.5484911641132393
-39.60154468776878,-2.5471613691130988
-39.59698596119612,-2.545832052558072
-39.592427234623464,-2.5445032143565105
-39.5878685080508,-2.543174854416764
-39.58330978147815,-2.5418469726471926
-39.578751054905496,-2.540519568956146
-39.574192328332835,-2.5391926432519765
-39.569633601760174,-2.53786619544304
-39.56507487518752,-2.5365402254376956
-39.560516148614866,-2.5352147331442927
-39.555957422042205,-2.533889718471191
-39.551398695469544,-2.5325651813267496
-39.54683996889689,-2.531241121619317
-39.542281242324236,-2.5299175392572604
-39.537722515751575,-2.5285944341489275
-39.53316378917892,-2.527271806202683
-39.52860506260626,-2.5259496553268836
-39.52404633603361,-2.5246279814298935
-39.519487609460946,-2.5233067844200625
-39.51492888288829,-2.5219860642057585
-39.51037015631563,-2.5206658206953363
-39.50581142974298,-2.519346053797163
-39.501252703170316,-2.518026763419593
-39.49669397659766,-2.5167079494709963
-39.492135250025,-2.515389611859725
-39.48757652345235,-2.514071750494155
-39.48301779687969,-2.5127543652826367
-39.47845907030703,-2.5114374561335424
-39.47390034373437,-2.510121022955229
-39.46934161716172,-2.508805065656072
-39.46478289058906,-2.507489584144426
-39.4602241640164,-2.5061745783286575
-39.45566543744374,-2.5048600481171373
-39.45110671087109,-2.503545993418232
-39.446547984298434,-2.502232414140306
-39.44198925772577,-2.5009193101917284
-39.43743053115312,-2.4996066814808637
-39.43287180458046,-2.498294527916084
-39.428313078007804,-2.4969828494057564
-39.42375435143514,-2.4956716458582493
-39.41919562486249,-2.494360917181937
-39.41463689828983,-2.493050663285187
-39.410078171717174,-2.49174088407637
-39.40551944514451,-2.490431579463855
-39.40096071857186,-2.489122749356021
-39.3964019919992,-2.48781439366123
-39.391843265426544,-2.486506512287864
-39.38728453885389,-2.4851991051442957
-39.38272581228123,-2.4838921721388907
-39.37816708570857,-2.4825857131800277
-39.373608359135915,-2.481279728176087
-39.36904963256326,-2.479974217035436
-39.3644909059906,-2.478669179666454
-39.35993217941794,-2.4773646159775176
-39.355373452845285,-2.4760605258770023
-39.35081472627263,-2.4747569092732897
-39.34625599969997,-2.4734537660747486
-39.341697273127316,-2.4721510961897675
-39.337138546554655,-2.470848899526713
-39.332579819982,-2.4695471759939793
-39.32802109340934,-2.4682459254999327
-39.32346236683669,-2.466945147952964
-39.318903640264026,-2.4656448432614457
-39.31434491369137,-2.4643450113337675
-39.30978618711871,-2.4630456520783013
-39.30522746054606,-2.461746765403438
-39.300668733973396,-2.4604483512175572
-39.29611000740074,-2.4591504094290397
-39.29155128082809,-2.4578529399462754
-39.28699255425543,-2.456555942677646
-39.282433827682766,-2.455259417531532
-39.27787510111011,-2.453963364416326
-39.27331637453746,-2.4526677832404133
-39.2687576479648,-2.4513726739121733
-39.264198921392136,-2.4500780363399977
-39.25964019481948,-2.4487838704322766
-39.25508146824683,-2.447490176097395
-39.25052274167417,-2.4461969532437435
-39.245964015101514,-2.444904201779711
-39.24140528852885,-2.4436119216136816
-39.2368465619562,-2.442320112654054
-39.23228783538354,-2.4410287748092143
-39.227729108810884,-2.4397379079875554
-39.22317038223822,-2.4384475120974676
-39.21861165566557,-2.4371575870473463
-39.21405292909291,-2.4358681327455822
-39.209494202520254,-2.43457914910057
-39.20493547594759,-2.433290636020699
-39.20037674937494,-2.4320025934143725
-39.195818022802285,-2.43071502118998
-39.191259296229624,-2.4294279192559145
-39.18670056965696,-2.4281412875205786
-39.18214184308431,-2.4268551258923687
-39.177583116511656,-2.4255694342796783
-39.173024389938995,-2.424284212590906
-39.168465663366334,-2.4229994607344487
-39.16390693679368,-2.4217151786187125
-39.159348210221026,-2.4204313661520898
-39.154789483648365,-2.4191480232429847
-39.15023075707571,-2.417865149799795
-39.14567203050305,-2.4165827457309224
-39.141113303930396,-2.415300810944772
-39.136554577357735,-2.414019345349742
-39.13199585078508,-2.4127383488542407
-39.12743712421242,-2.411457821366662
-39.12287839763977,-2.410177762795423
-39.118319671067106,-2.408898173048917
-39.11376094449445,-2.4076190520355563
-39.10920221792179,-2.406340399663743
-39.10464349134914,-2.4050622158418835
-39.10008476477648,-2.403784500478388
-39.09552603820382,-2.4025072534816605
-39.09096731163116,-2.4012304747601094
-39.08640858505851,-2.3999541642221476
-39.08184985848585,-2.398678321776181
-39.07729113191319,-2.397402947330617
-39.07273240534053,-2.396128040793868
-39.06817367876788,-2.3948536020743494
-39.06361495219522,-2.3935796310804682
-39.05905622562256,-2.392306127720636
-39.05449749904991,-2.391033091903268
-39.04993877247725,-2.3897605235367765
-39.045380045904594,-2.388488422529578
-39.04082131933193,-2.3872167887900795
-39.03626259275928,-2.3859456222267053
-39.03170386618662,-2.3846749227478647
-39.027145139613964,-2.3834046902619788
-39.0225864130413,-2.3821349246774584
-39.01802768646865,-2.3808656259027297
-39.01346895989599,-2.3795967938462015
-39.008910233323334,-2.3783284284163018
-39.00435150675068,-2.3770605295214406
-38.99979278017802,-2.375793097070043
-38.99523405360536,-2.374526130970531
-38.990675327032704,-2.373259631131321
-38.98611660046005,-2.3719935974608393
-38.98155787388739,-2.3707280298675037
-38.97699914731473,-2.369462928259742
-38.972440420742075,-2.3681982925459737
-38.96788169416942,-2.366934122634628
-38.96332296759676,-2.365670418434122
-38.958764241024106,-2.3644071798528894
-38.954205514451445,-2.363144406799351
-38.94964678787879,-2.3618820991819347
-38.94508806130613,-2.3606202569090686
-38.940529334733476,-2.3593588798891822
-38.935970608160815,-2.3580979680306937
-38.93141188158816,-2.3568375212420483
-38.9268531550155,-2.3555775394316645
-38.92229442844285,-2.3543180225079787
-38.917735701870185,-2.3530589703794145
-38.91317697529753,-2.3518003829544134
-38.90861824872488,-2.3505422601414008
-38.90405952215222,-2.349284601848809
-38.899500795579556,-2.3480274079850743
-38.8949420690069,-2.3467706784586313
-38.89038334243425,-2.345514413177915
-38.88582461586159,-2.3442586120513615
-38.881265889288926,-2.3430032749874004
-38.87670716271627,-2.341748401894477
-38.87214843614362,-2.340493992681025
-38.86758970957096,-2.3392400472554806
-38.8630309829983,-2.3379865655262866
-38.85847225642564,-2.3367335474018756
-38.85391352985299,-2.335480992790696
-38.84935480328033,-2.3342289016011817
-38.844796076707674,-2.332977273741778
-38.84023735013501,-2.3317261091209223
-38.83567862356236,-2.3304754076470653
-38.8311198969897,-2.32922516922864
-38.826561170417044,-2.3279753937741
-38.82200244384438,-2.326726081191879
-38.81744371727173,-2.3254772313904315
-38.812884990699075,-2.3242288442782018
-38.808326264126414,-2.3229809197636313
-38.80376753755375,-2.3217334577551707
-38.7992088109811,-2.32048645816127
-38.794650084408445,-2.3192399208903742
-38.790091357835784,-2.317993845850933
-38.78553263126312,-2.3167482329513946
-38.78097390469047,-2.3155030821002125
-38.776415178117816,-2.31425839320584
-38.771856451545155,-2.313014166176721
-38.7672977249725,-2.3117704009213162
-38.76273899839984,-2.310527097348074
-38.758180271827186,-2.3092842553654487
-38.753621545254525,-2.308041874881896
-38.74906281868187,-2.3067999558058703
-38.74450409210921,-2.305558498045825
-38.739945365536556,-2.304317501510224
-38.735386638963895,-2.3030769661075143
-38.73082791239124,-2.3018368917461633
-38.72626918581858,-2.300597278334624
-38.72171045924593,-2.299358125781358
-38.71715173267327,-2.298119433994825
-38.71259300610061,-2.2968812028834837
-38.70803427952795,-2.295643432355794
-38.7034755529553,-2.294406122320223
-38.69891682638264,-2.2931692726852324
-38.69435809980998,-2.2919328833592796
-38.68979937323732,-2.2906969542508357
-38.68524064666467,-2.289461485268365
-38.68068192009201,-2.2882264763203306
-38.67612319351935,-2.2869919273151953
-38.6715644669467,-2.2857578381614334
-38.66700574037404,-2.284524208767505
-38.66244701380138,-2.283291039041884
-38.65788828722872,-2.282058328893037
-38.65332956065607,-2.280826078229434
-38.64877083408341,-2.2795942869595427
-38.644212107510754,-2.2783629549918416
-38.63965338093809,-2.277132082234793
-38.63509465436544,-2.2759016685968785
-38.63053592779278,-2.274671713986562
-38.625977201220124,-2.2734422183123266
-38.62141847464747,-2.272213181482641
-38.61685974807481,-2.27098460340598
-38.61230102150215,-2.2697564839908244
-38.607742294929494,-2.268528823145646
-38.60318356835684,-2.2673016207789285
-38.59862484178418,-2.266074876799142
-38.59406611521152,-2.264848591114769
-38.589507388638864,-2.2636227636342916
-38.58494866206621,-2.2623973942661917
-38.58038993549355,-2.2611724829189397
-38.575831208920896,-2.259948029501031
-38.571272482348235,-2.258724033920937
-38.56671375577558,-2.25750049608715
-38.56215502920292,-2.256277415908146
-38.557596302630266,-2.255054793292415
-38.553037576057605,-2.253832628148442
-38.54847884948495,-2.252610920384712
-38.54392012291229,-2.25138966990971
-38.539361396339636,-2.2501688766319283
-38.534802669766975,-2.248948540459851
-38.53024394319432,-2.247728661301972
-38.52568521662167,-2.2465092390667754
-38.52112649004901,-2.245290273662756
-38.516567763476345,-2.2440717649984
-38.51200903690369,-2.2428537129822086
-38.50745031033104,-2.2416361175226673
-38.50289158375838,-2.240418978528272
-38.498332857185716,-2.2392022959075124
-38.49377413061306,-2.237986069568896
-38.48921540404041,-2.2367702994209058
-38.48465667746775,-2.2355549853720436
-38.48009795089509,-2.234340127330809
-38.47553922432243,-2.2331257252056944
-38.47098049774978,-2.2319117789052028
-38.46642177117712,-2.2306982883378317
-38.46186304460446,-2.2294852534120864
-38.4573043180318,-2.228272674036462
-38.45274559145915,-2.2270605501194614
-38.44818686488649,-2.225848881569589
-38.443628138313834,-2.2246376682953506
-38.43906941174117,-2.2234269102052444
-38.43451068516852,-2.2222166072077796
-38.429951958595865,-2.2210067592114613
-38.425393232023204,-2.219797366124797
-38.42083450545054,-2.2185884278562877
-38.41627577887789,-2.21737994431445
-38.411717052305235,-2.21617191540779
-38.407158325732574,-2.214964341044814
-38.40259959915991,-2.2137572211340335
-38.39804087258726,-2.212550555583964
-38.393482146014605,-2.2113443443031136
-38.388923419441944,-2.2101385871999955
-38.38436469286929,-2.2089332841831224
-38.37980596629663,-2.20772843516101
-38.375247239723976,-2.2065240400421717
-38.370688513151315,-2.2053200987351245
-38.36612978657866,-2.2041166111483896
-38.361571060006,-2.2029135771904724
-38.357012333433346,-2.201710996769904
-38.352453606860685,-2.2005088697951956
-38.34789488028803,-2.1993071961748694
-38.34333615371537,-2.1981059758174455
-38.338777427142716,-2.1969052086314473
-38.33421870057006,-2.1957048945253956
-38.3296599739974,-2.1945050334078076
-38.32510124742474,-2.193305625187217
-38.32054252085209,-2.1921066697721434
-38.31598379427943,-2.1909081670711132
-38.31142506770677,-2.1897101169926505
-38.30686634113411,-2.188512519445283
-38.30230761456146,-2.1873153743375404
-38.2977488879888,-2.1861186815779496
-38.29319016141614,-2.1849224410750394
-38.28863143484349,-2.183726652737344
-38.28407270827083,-2.182531316473386
-38.27951398169817,-2.1813364321917073
-38.27495525512551,-2.1801419998008313
-38.27039652855286,-2.1789480192093
-38.2658378019802,-2.1777544903256407
-38.26127907540754,-2.176561413058393
-38.25672034883488,-2.1753687873160894
-38.25216162226223,-2.1741766130072686
-38.24760289568957,-2.1729848900404667
-38.243044169116914,-2.171793618324227
-38.23848544254426,-2.170602797767083
-38.2339267159716,-2.1694124282775746
-38.22936798939894,-2.168222509764245
-38.224809262826284,-2.1670330421356363
-38.22025053625363,-2.1658440253002915
-38.21569180968097,-2.164655459166747
-38.21113308310831,-2.163467343643555
-38.206574356535654,-2.1622796786392597
-38.202015629963,-2.1610924640624045
-38.19745690339034,-2.159905699821533
-38.192898176817685,-2.158719385825199
-38.188339450245024,-2.157533521981945
-38.18378072367237,-2.156348108200327
-38.17922199709971,-2.1551631443888875
-38.174663270527056,-2.1539786304561845
-38.170104543954395,-2.1527945663107606
-38.16554581738174,-2.151610951861177
-38.16098709080908,-2.150427787015983
-38.156428364236426,-2.149245071683733
-38.151869637663765,-2.1480628057729834
-38.14731091109111,-2.1468809891922898
-38.14275218451846,-2.1456996218502074
-38.138193457945796,-2.144518703655296
-38.133634731373135,-2.143338234516108
-38.12907600480048,-2.142158214341214
-38.12451727822783,-2.1409786430391637
-38.119958551655166,-2.1397995205185243
-38.115399825082505,-2.1386208466878514
-38.11084109850985,-2.137442621455716
-38.1062823719372,-2.136264844730675
-38.10172364536454,-2.135087516421297
-38.09716491879188,-2.133910636436142
-38.09260619221922,-2.132734204683783
-38.08804746564657,-2.131558221072784
-38.08348873907391,-2.1303826855117105
-38.07893001250125,-2.129207597909136
-38.07437128592859,-2.128032958173626
-38.06981255935594,-2.1268587662137537
-38.06525383278328,-2.125685021938088
-38.06069510621062,-2.1245117252552044
-38.05613637963796,-2.1233388760736736
-38.05157765306531,-2.1221664743020705
-38.047018926492655,-2.120994519848971
-38.042460199919994,-2.1198230126229465
-38.03790147334733,-2.118651952532578
-38.03334274677468,-2.1174813394864427
-38.028784020202025,-2.116311173393119
-38.024225293629364,-2.1151414541611815
-38.0196665670567,-2.113972181699217
-38.01510784048405,-2.1128033559158035
-38.010549113911395,-2.1116349767195275
-38.005990387338734,-2.1104670440189626
-38.00143166076608,-2.109299557722697
-37.99687293419342,-2.1081325177393198
-37.992314207620765,-2.10696592397741
-37.987755481048104,-2.1057997763455556
-37.98319675447545,-2.1046340747523486
-37.97863802790279,-2.1034688191063715
-37.974079301330136,-2.1023040093162177
-37.969520574757475,-2.101139645290474
-37.96496184818482,-2.0999757269377297
-37.96040312161216,-2.0988122541665826
-37.955844395039506,-2.097649226885622
-37.95128566846685,-2.0964866450034427
-37.94672694189419,-2.0953245084286345
-37.94216821532153,-2.0941628170697992
-37.937609488748876,-2.0930015708355314
-37.93305076217622,-2.091840769634427
-37.92849203560356,-2.090680413375083
-37.9239333090309,-2.0895205019661014
-37.919374582458246,-2.0883610353160806
-37.91481585588559,-2.087202013333625
-37.91025712931293,-2.0860434359273317
-37.90569840274028,-2.0848853030058048
-37.90113967616762,-2.0837276144776458
-37.89658094959496,-2.0825703702514655
-37.8920222230223,-2.0814135702358643
-37.88746349644965,-2.0802572143394507
-37.88290476987699,-2.0791013024708307
-37.87834604330433,-2.0779458345386126
-37.87378731673167,-2.0767908104514086
-37.86922859015902,-2.075636230117827
-37.86466986358636,-2.074482093446476
-37.8601111370137,-2.0733284003459715
-37.85555241044105,-2.0721751507249264
-37.85099368386839,-2.071022344491952
-37.84643495729573,-2.069869981555665
-37.841876230723074,-2.068718061824679
-37.83731750415042,-2.067566585207614
-37.83275877757776,-2.0664155516130855
-37.8282000510051,-2.065264960949711
-37.823641324432444,-2.0641148131261136
-37.81908259785979,-2.062965108050911
-37.81452387128713,-2.0618158456327245
-37.809965144714475,-2.0606670257801785
-37.805406418141814,-2.0595186484018946
-37.80084769156916,-2.058370713406498
-37.7962889649965,-2.0572232207026127
-37.791730238423845,-2.0560761701988657
-37.787171511851184,-2.054929561803884
-37.78261278527853,-2.0537833954262967
-37.77805405870587,-2.0526376709747276
-37.773495332133216,-2.051492388357814
-37.768936605560555,-2.050347547484183
-37.7643778789879,-2.049203148262467
-37.75981915241525,-2.0480591906013
-37.755260425842586,-2.0469156744093127
-37.750701699269925,-2.0457725995951423
-37.74614297269727,-2.0446299660674256
-37.74158424612462,-2.043487773734798
-37.737025519551956,-2.0423460225058956
-37.732466792979295,-2.041204712289355
-37.72790806640664,-2.040063842993826
-37.72334933983399,-2.0389234145279382
-37.718790613261326,-2.037783426800338
-37.71423188668867,-2.036643879719668
-37.70967316011601,-2.03550477319457
-37.70511443354336,-2.034366107133692
-37.7005557069707,-2.0332278814456735
-37.69599698039804,-2.0320900960391644
-37.69143825382538,-2.0309527508228116
-37.68687952725273,-2.0298158457052655
-37.68232080068007,-2.028679380595174
-37.67776207410741,-2.0275433554011877
-37.67320334753475,-2.0264077700319554
-37.6686446209621,-2.0252726243961328
-37.664085894389444,-2.0241379184023747
-37.65952716781678,-2.0230036519593284
-37.65496844124412,-2.021869824975653
-37.65040971467147,-2.0207364373600076
-37.645850988098815,-2.0196034890210464
-37.641292261526154,-2.018470979867428
-37.63673353495349,-2.0173389098078123
-37.63217480838084,-2.016207278750859
-37.627616081808185,-2.015076086605232
-37.623057355235524,-2.0139453332795862
-37.61849862866287,-2.012815018682595
-37.61393990209021,-2.011685142722916
-37.609381175517555,-2.0105557053092156
-37.604822448944894,-2.0094267063501596
-37.60026372237224,-2.008298145754419
-37.59570499579958,-2.007170023430655
-37.591146269226925,-2.006042339287544
-37.586587542654264,-2.004915093233753
-37.58202881608161,-2.0037882851779547
-37.57747008950895,-2.002661915028817
-37.572911362936296,-2.0015359826950214
-37.56835263636364,-2.000410488085235
-37.56379390979098,-1.9992854311081356
-37.55923518321832,-1.9981608116723995
-37.554676456645666,-1.9970366296867075
-37.55011773007301,-1.9959128850597332
-37.54555900350035,-1.9947895777001567
-37.54100027692769,-1.9936667075166594
-37.536441550355036,-1.9925442744179251
-37.53188282378238,-1.9914222783126343
-37.52732409720972,-1.9903007191094682
-37.52276537063707,-1.9891795967171173
-37.518206644064406,-1.988058911044259
-37.51364791749175,-1.986938661999587
-37.50908919091909,-1.9858188494917854
-37.50453046434644,-1.9846994734295453
-37.49997173777378,-1.983580533721553
-37.49541301120112,-1.982462030276504
-37.49085428462846,-1.9813439630030862
-37.48629555805581,-1.9802263318099953
-37.48173683148315,-1.9791091366059221
-37.47717810491049,-1.9779923772995645
-37.47261937833784,-1.9768760537996182
-37.46806065176518,-1.9757601660147766
-37.46350192519252,-1.9746447138537397
-37.45894319861986,-1.9735296972252099
-37.45438447204721,-1.9724151160378847
-37.44982574547455,-1.9713009702004645
-37.44526701890189,-1.9701872596216514
-37.440708292329234,-1.9690739842101523
-37.43614956575658,-1.9679611438746674
-37.43159083918392,-1.966848738523905
-37.427032112611265,-1.9657367680665714
-37.422473386038604,-1.9646252324113709
-37.41791465946595,-1.9635141314670155
-37.41335593289329,-1.9624034651422104
-37.408797206320635,-1.9612932333456734
-37.404238479747974,-1.960183435986112
-37.39967975317532,-1.9590740729722402
-37.39512102660266,-1.9579651442127675
-37.390562300030005,-1.956856649616419
-37.386003573457344,-1.9557485890919
-37.38144484688469,-1.9546409625479344
-37.37688612031204,-1.9535337698932362
-37.372327393739376,-1.9524270110365267
-37.367768667166715,-1.9513206858865262
-37.36320994059406,-1.9502147943519568
-37.35865121402141,-1.9491093363415395
-37.354092487448746,-1.9480043117639996
-37.349533760876085,-1.946899720528058
-37.34497503430343,-1.9457955625424475
-37.34041630773078,-1.9446918377158862
-37.335857581158116,-1.9435885459571094
-37.33129885458546,-1.9424856871748415
-37.3267401280128,-1.9413832612778132
-37.32218140144015,-1.9402812681747605
-37.317622674867486,-1.9391797077744068
-37.31306394829483,-1.9380785799854934
-37.30850522172217,-1.936977884716749
-37.30394649514952,-1.9358776218769125
-37.29938776857686,-1.9347777913747182
-37.2948290420042,-1.9336783931189092
-37.29027031543154,-1.932579427018216
-37.28571158885889,-1.9314808929813863
-37.281152862286234,-1.9303827909171565
-37.27659413571357,-1.9292851207342698
-37.27203540914091,-1.9281878823414655
-37.26747668256826,-1.9270910756474955
-37.262917955995604,-1.9259947005611016
-37.25835922942294,-1.9248987569910279
-37.25380050285028,-1.9238032448460263
-37.24924177627763,-1.9227081640348422
-37.244683049704975,-1.9216135144662265
-37.240124323132314,-1.9205192960489308
-37.23556559655966,-1.919425508691708
-37.231006869987,-1.9183321523033046
-37.226448143414345,-1.9172392267924852
-37.221889416841684,-1.916146732067996
-37.21733069026903,-1.9150546680385998
-37.21277196369637,-1.9139630346130527
-37.208213237123715,-1.9128718317001117
-37.203654510551054,-1.9117810592085345
-37.1990957839784,-1.910690717047089
-37.19453705740574,-1.9096008051245292
-37.189978330833085,-1.9085113233496271
-37.18541960426043,-1.9074222716311415
-37.18086087768777,-1.906333649877836
-37.17630215111511,-1.9052454579984834
-37.171743424542456,-1.904157695901846
-37.1671846979698,-1.9030703634966952
-37.16262597139714,-1.9019834606917985
-37.15806724482448,-1.9008969873959296
-37.153508518251826,-1.8998109435178632
-37.14894979167917,-1.8987253289663693
-37.14439106510651,-1.8976401436502188
-37.13983233853386,-1.896555387478194
-37.135273611961196,-1.8954710603590665
-37.13071488538854,-1.894387162201621
-37.12615615881588,-1.8933036929146292
-37.12159743224323,-1.8922206524068768
-37.117038705670566,-1.89113804058714
-37.11247997909791,-1.8900558573642054
-37.10792125252525,-1.8889741026468534
-37.1033625259526,-1.887892776343874
-37.09880379937994,-1.8868118783640462
-37.09424507280728,-1.8857314086161665
-37.08968634623463,-1.8846513670090155
-37.08512761966197,-1.8835717534513832
-37.08056889308931,-1.8824925678520628
-37.07601016651665,-1.8814138101198452
-37.071451439944,-1.8803354801635217
-37.06689271337134,-1.8792575778918879
-37.06233398679868,-1.8781801032137388
-37.05777526022602,-1.8771030560378723
-37.05321653365337,-1.8760264362730863
-37.04865780708071,-1.8749502438281735
-37.044099080508055,-1.8738744786119423
-37.039540353935394,-1.8727991405331865
-37.03498162736274,-1.8717242295007128
-37.03042290079008,-1.870649745423322
-37.025864174217425,-1.8695756882098196
-37.021305447644764,-1.8685020577690103
-37.01674672107211,-1.8674288540097068
-37.01218799449945,-1.866356076840708
-37.007629267926795,-1.86528372617083
-37.003070541354134,-1.8642118019088776
-36.99851181478148,-1.8631403039636711
-36.993953088208826,-1.8620692322440155
-36.989394361636165,-1.8609985866587255
-36.984835635063504,-1.8599283671166198
-36.98027690849085,-1.8588585735265126
-36.9757181819182,-1.8577892057972238
-36.971159455345536,-1.8567202638375673
-36.966600728772875,-1.8556517475563667
-36.96204200220022,-1.8545836568624432
-36.95748327562757,-1.8535159916646162
-36.952924549054906,-1.8524487518717117
-36.94836582248225,-1.8513819373925555
-36.94380709590959,-1.8503155481359703
-36.93924836933694,-1.8492495840107852
-36.934689642764276,-1.8481840449258258
-36.93013091619162,-1.8471189307899285
-36.92557218961896,-1.8460542415119152
-36.92101346304631,-1.8449899770006226
-36.916454736473646,-1.8439261371648832
-36.91189600990099,-1.842862721913531
-36.90733728332833,-1.8417997311554006
-36.90277855675568,-1.8407371647993318
-36.898219830183024,-1.839675022754159
-36.89366110361036,-1.8386133049287183
-36.8891023770377,-1.837552011231858
-36.88454365046505,-1.8364911415724168
-36.879984923892394,-1.835430695859236
-36.87542619731973,-1.83437067400116
-36.87086747074707,-1.833311075907032
-36.86630874417442,-1.832251901485703
-36.861750017601764,-1.831193150646018
-36.8571912910291,-1.830134823296823
-36.85263256445645,-1.8290769193469754
-36.84807383788379,-1.8280194387053161
-36.843515111311135,-1.8269623812807094
-36.838956384738474,-1.8259057469819981
-36.83439765816582,-1.8248495357180454
-36.82983893159316,-1.8237937473977033
-36.825280205020505,-1.822738381929831
-36.820721478447844,-1.8216834392232848
-36.81616275187519,-1.8206289191869263
-36.81160402530253,-1.8195748217296168
-36.807045298729875,-1.818521146760218
-36.80248657215722,-1.8174678941875944
-36.79792784558456,-1.8164150639206096
-36.7933691190119,-1.8153626558681297
-36.788810392439245,-1.8143106699390235
-36.78425166586659,-1.8132591060421592
-36.77969293929393,-1.8122079640864017
-36.77513421272127,-1.811157243980629
-36.770575486148616,-1.8101069456337107
-36.76601675957596,-1.809057068954521
-36.7614580330033,-1.8080076138519316
-36.75689930643065,-1.8069585802348214
-36.752340579857986,-1.8059099680120678
-36.74778185328533,-1.8048617770925468
-36.74322312671267,-1.8038140073851416
-36.73866440014002,-1.8027666587987312
-36.734105673567356,-1.8017197312421964
-36.7295469469947,-1.800673224624426
-36.72498822042204,-1.799627138854297
-36.72042949384939,-1.7985814738407013
-36.715870767276726,-1.7975362294925241
-36.71131204070407,-1.7964914057186554
-36.70675331413142,-1.7954470024279843
-36.70219458755876,-1.7944030195294
-36.6976358609861,-1.7933594569317979
-36.69307713441344,-1.7923163145440708
-36.68851840784079,-1.791273592275112
-36.68395968126813,-1.7902312900338166
-36.67940095469547,-1.7891894077290849
-36.67484222812281,-1.788147945269817
-36.67028350155016,-1.7871069025649122
-36.6657247749775,-1.7860662795232674
-36.661166048404844,-1.7850260760537875
-36.65660732183218,-1.7839862920653775
-36.65204859525953,-1.782946927466944
-36.64748986868687,-1.7819079821673889
-36.642931142114215,-1.7808694560756233
-36.63837241554155,-1.7798313491005535
-36.6338136889689,-1.7787936611510924
-36.62925496239624,-1.777756392136149
-36.624696235823585,-1.7767195419646389
-36.620137509250924,-1.7756831105454733
-36.61557878267827,-1.774647097787571
-36.611020056105616,-1.7736115035998474
-36.606461329532955,-1.7725763278912179
-36.601902602960294,-1.7715415705706015
-36.59734387638764,-1.7705072315469257
-36.592785149814986,-1.769473310729104
-36.588226423242325,-1.7684398080260657
-36.583667696669664,-1.76740672334673
-36.57910897009701,-1.7663740566000266
-36.57455024352436,-1.7653418076948828
-36.569991516951696,-1.7643099765402226
-36.56543279037904,-1.76327856304498
-36.56087406380638,-1.762247567118081
-36.55631533723373,-1.7612169886684654
-36.551756610661066,-1.7601868276050614
-36.54719788408841,-1.759157083836805
-36.54263915751575,-1.7581277572726306
-36.5380804309431,-1.7570988478214788
-36.533521704370436,-1.756070355392287
-36.52896297779778,-1.7550422798939964
-36.52440425122512,-1.7540146212355463
-36.51984552465247,-1.7529873793258826
-36.51528679807981,-1.7519605540739458
-36.51072807150715,-1.7509341453886835
-36.50616934493449,-1.7499081531790401
-36.50161061836184,-1.7488825773539682
-36.497051891789184,-1.747857417822415
-36.49249316521652,-1.7468326744933282
-36.48793443864386,-1.7458083472756627
-36.48337571207121,-1.7447844360783715
-36.478816985498554,-1.7437609408104109
-36.47425825892589,-1.7427378613807336
-36.46969953235324,-1.7417151976982985
-36.46514080578058,-1.740692949672065
-36.460582079207924,-1.739671117210992
-36.45602335263526,-1.7386497002240426
-36.45146462606261,-1.7376286986201757
-36.44690589948995,-1.7366081123083608
-36.442347172917295,-1.7355879411975577
-36.43778844634463,-1.734568185196738
-36.43322971977198,-1.733548844214865
-36.42867099319932,-1.7325299181609106
-36.424112266626665,-1.731511406943848
-36.41955354005401,-1.730493310472647
-36.41499481348135,-1.729475628656277
-36.41043608690869,-1.7284583614037174
-36.405877360336035,-1.7274415086239467
-36.40131863376338,-1.7264250702259387
-36.39675990719072,-1.7254090461186695
-36.39220118061806,-1.7243934362111235
-36.387642454045405,-1.7233782404122808
-36.38308372747275,-1.7223634586311278
-36.37852500090009,-1.7213490907766427
-36.37396627432744,-1.7203351367578161
-36.369407547754776,-1.7193215964836317
-36.36484882118212,-1.7183084698630786
-36.36029009460946,-1.7172957568051481
-36.35573136803681,-1.7162834572188317
-36.351172641464146,-1.7152715710131161
-36.34661391489149,-1.714260098097002
-36.34205518831883,-1.7132490383794827
-36.33749646174618,-1.7122383917695538
-36.332937735173516,-1.7112281581762112
-36.32837900860086,-1.710218337508459
-36.32382028202821,-1.7092089296752937
-36.31926155545555,-1.7081999345857193
-36.314702828882886,-1.7071913521487385
-36.31014410231023,-1.7061831822733562
-36.30558537573758,-1.705175424868579
-36.30102664916492,-1.7041680798434147
-36.29646792259226,-1.7031611471068704
-36.2919091960196,-1.7021546265679588
-36.28735046944695,-1.7011485181356905
-36.28279174287429,-1.700142821719079
-36.278233016301634,-1.6991375372271376
-36.27367428972897,-1.6981326645688826
-36.26911556315632,-1.6971282036533333
-36.26455683658366,-1.6961241543895043
-36.259998110011004,-1.695120516686419
-36.25543938343834,-1.6941172904530983
-36.25088065686569,-1.6931144755985652
-36.24632193029303,-1.6921120720318428
-36.241763203720375,-1.6911100796619556
-36.23720447714771,-1.6901084983979313
-36.23264575057506,-1.6891073281488032
-36.228087024002406,-1.688106568823596
-36.223528297429745,-1.6871062203313416
-36.218969570857084,-1.6861062825810715
-36.21441084428443,-1.685106755481823
-36.209852117711776,-1.68410763894263
-36.205293391139115,-1.6831089328725268
-36.200734664566454,-1.682110637180555
-36.1961759379938,-1.681112751775756
-36.191617211421146,-1.6801152765671665
-36.187058484848485,-1.6791182114638306
-36.18249975827583,-1.6781215563747918
-36.17794103170317,-1.677125311209097
-36.17338230513052,-1.6761294758757923
-36.168823578557856,-1.6751340502839225
-36.1642648519852,-1.6741390343425422
-36.15970612541254,-1.6731444279607004
-36.15514739883989,-1.6721502310474494
-36.150588672267226,-1.6711564435118431
-36.14602994569457,-1.6701630652629356
-36.14147121912191,-1.6691700962097864
-36.13691249254926,-1.668177536261452
-36.1323537659766,-1.6671853853269913
-36.12779503940394,-1.666193643315467
-36.12323631283128,-1.6652023101359383
-36.11867758625863,-1.6642113856974723
-36.11411885968597,-1.6632208699091353
-36.10956013311331,-1.6622307626799886
-36.10500140654065,-1.6612410639191055
-36.100442679968,-1.6602517735355518
-36.095883953395344,-1.659262891438405
-36.09132522682268,-1.6582744175367288
-36.08676650025003,-1.6572863517396055
-36.08220777367737,-1.6562986939561042
-36.077649047104714,-1.655311444095302
-36.07309032053205,-1.654324602066282
-36.0685315939594,-1.6533381677781207
-36.06397286738674,-1.6523521411398978
-36.059414140814084,-1.6513665220607008
-36.05485541424142,-1.650381310449608
-36.05029668766877,-1.6493965062157085
-36.04573796109611,-1.648412109268088
-36.041179234523455,-1.6474281195158358
-36.0366205079508,-1.6464445368680432
-36.03206178137814,-1.6454613612337965
-36.02750305480548,-1.6444785925221916
-36.022944328232825,-1.6434962306423255
-36.01838560166017,-1.6425142755032904
-36.01382687508751,-1.6415327270141824
-36.00926814851485,-1.6405515850841017
-36.004709421942195,-1.6395708496221506
-36.00015069536954,-1.6385905205374292
-35.99559196879688,-1.6376105977390396
-35.991033242224226,-1.6366310811360871
-35.986474515651565,-1.6356519706376782
-35.98191578907891,-1.6346732661529186
-35.97735706250625,-1.6336949675909171
-35.9727983359336,-1.6327170748607884
-35.968239609360936,-1.631739587871638
-35.96368088278828,-1.6307625065325857
-35.95912215621562,-1.6297858307527413
-35.95456342964297,-1.6288095604412232
-35.950004703070306,-1.6278336955071515
-35.94544597649765,-1.6268582358596417
-35.940887249925,-1.6258831814078167
-35.93632852335234,-1.6249085320607959
-35.931769796779676,-1.6239342877277074
-35.92721107020702,-1.622960448317672
-35.92265234363437,-1.6219870137398205
-35.91809361706171,-1.6210139839032807
-35.913534890489046,-1.6200413587171785
-35.90897616391639,-1.6190691380906486
-35.90441743734374,-1.6180973219328245
-35.89985871077108,-1.6171259101528375
-35.895299984198424,-1.616154902659823
-35.89074125762576,-1.61518429936292
-35.88618253105311,-1.6142141001712682
-35.88162380448045,-1.6132443049940062
-35.877065077907794,-1.6122749137402763
-35.87250635133513,-1.6113059263192206
-35.86794762476248,-1.610337342639986
-35.86338889818982,-1.6093691626117146
-35.858830171617164,-1.6084013861435582
-35.8542714450445,-1.6074340131446654
-35.84971271847185,-1.606467043524187
-35.845153991899195,-1.6055004771912746
-35.840595265326535,-1.6045343140550827
-35.83603653875387,-1.6035685540247626
-35.83147781218122,-1.6026031970094767
-35.826919085608566,-1.601638242918382
-35.822360359035905,-1.6006736916606346
-35.817801632463244,-1.5997095431453996
-35.81324290589059,-1.5987457972818404
-35.808684179317936,-1.5977824539791197
-35.804125452745275,-1.5968195131464025
-35.79956672617262,-1.5958569746928597
-35.79500799959996,-1.5948948385276556
-35.790449273027306,-1.593933104559967
-35.785890546454645,-1.592971772698959
-35.78133181988199,-1.5920108428538098
-35.77677309330933,-1.5910503149336914
-35.77221436673668,-1.5900901888477832
-35.767655640164016,-1.5891304645052649
-35.76309691359136,-1.5881711418153095
-35.7585381870187,-1.5872122206871058
-35.75397946044605,-1.5862537010298314
-35.74942073387339,-1.5852955827526731
-35.74486200730073,-1.5843378657648157
-35.74030328072807,-1.5833805499754499
-35.73574455415542,-1.582423635293759
-35.73118582758276,-1.5814671216289369
-35.7266271010101,-1.5805110088901768
-35.72206837443744,-1.579555296986667
-35.71750964786479,-1.5785999858276103
-35.71295092129213,-1.5776450753221978
-35.70839219471947,-1.5766905653796315
-35.70383346814682,-1.5757364559091063
-35.69927474157416,-1.5747827468198285
-35.694716015001504,-1.5738294380209985
-35.69015728842884,-1.572876529421821
-35.68559856185619,-1.5719240209315035
-35.68103983528353,-1.5709719124592492
-35.676481108710874,-1.5700202039142728
-35.67192238213821,-1.5690688952057834
-35.66736365556556,-1.5681179862429917
-35.6628049289929,-1.5671674769351132
-35.658246202420244,-1.5662173671913635
-35.65368747584759,-1.5652676569209567
-35.64912874927493,-1.5643183460331131
-35.64457002270227,-1.5633694344370543
-35.640011296129614,-1.5624209220420007
-35.63545256955696,-1.5614728087571785
-35.6308938429843,-1.5605250944918077
-35.62633511641164,-1.5595777791551155
-35.621776389838985,-1.5586308626563319
-35.61721766326633,-1.5576843449046862
-35.61265893669367,-1.5567382258094107
-35.608100210121016,-1.5557925052797363
-35.603541483548355,-1.5548471832248951
-35.5989827569757,-1.5539022595541274
-35.59442403040304,-1.5529577341766687
-35.589865303830386,-1.55201360700176
-35.585306577257725,-1.5510698779386372
-35.58074785068507,-1.5501265468965477
-35.57618912411241,-1.5491836137847326
-35.57163039753976,-1.5482410785124399
-35.567071670967096,-1.5472989409889117
-35.56251294439444,-1.5463572011234028
-35.55795421782179,-1.5454158588251614
-35.55339549124913,-1.5444749140034353
-35.548836764676466,-1.54353436656748
-35.54427803810381,-1.542594216426556
-35.53971931153116,-1.5416544634899123
-35.5351605849585,-1.5407151076668113
-35.530601858385836,-1.5397761488665085
-35.52604313181318,-1.538837586998275
-35.52148440524053,-1.5378994219713646
-35.51692567866787,-1.5369616536950441
-35.51236695209521,-1.5360242820785823
-35.50780822552255,-1.5350873070312436
-35.5032494989499,-1.5341507284623
-35.49869077237724,-1.5332145462810214
-35.494132045804584,-1.532278760396683
-35.48957331923192,-1.5313433707185526
-35.48501459265927,-1.5304083771559147
-35.48045586608661,-1.5294737796180415
-35.475897139513954,-1.5285395780142148
-35.47133841294129,-1.5276057722537124
-35.46677968636864,-1.526672362245819
-35.462220959795985,-1.5257393478998205
-35.457662233223324,-1.5248067291249974
-35.45310350665066,-1.5238745058306387
-35.44854478007801,-1.5229426779260375
-35.443986053505355,-1.5220112453204804
-35.439427326932694,-1.5210802079232608
-35.43486860036003,-1.520149565643672
-35.43030987378738,-1.5192193183910103
-35.425751147214726,-1.5182894660745716
-35.421192420642065,-1.5173600086036538
-35.41663369406941,-1.5164309458875607
-35.41207496749675,-1.5155022778355915
-35.407516240924096,-1.514574004357051
-35.402957514351435,-1.5136461253612437
-35.39839878777878,-1.512718640757479
-35.39384006120612,-1.5117915504550616
-35.389281334633466,-1.510864854363305
-35.384722608060805,-1.5099385523915192
-35.38016388148815,-1.5090126444490166
-35.37560515491549,-1.508087130445116
-35.37104642834284,-1.5071620102891319
-35.36648770177018,-1.5062372838903837
-35.36192897519752,-1.5053129511581886
-35.35737024862486,-1.5043890120018728
-35.35281152205221,-1.5034654663307565
-35.34825279547955,-1.5025423140541656
-35.34369406890689,-1.5016195550814293
-35.33913534233423,-1.5006971893218717
-35.33457661576158,-1.499775216684825
-35.33001788918892,-1.4988536370796228
-35.32545916261626,-1.4979324504155944
-35.32090043604361,-1.4970116566020792
-35.31634170947095,-1.49609125554841
-35.31178298289829,-1.4951712471639267
-35.30722425632563,-1.4942516313579717
-35.30266552975298,-1.4933324080398842
-35.29810680318032,-1.4924135771190066
-35.293548076607664,-1.4914951385046857
-35.288989350035,-1.4905770921062693
-35.28443062346235,-1.489659437833105
-35.27987189688969,-1.4887421755945405
-35.275313170317034,-1.4878253052999315
-35.27075444374438,-1.4869088268586295
-35.26619571717172,-1.485992740179987
-35.26163699059906,-1.4850770451733657
-35.257078264026404,-1.4841617417481228
-35.25251953745375,-1.4832468298136163
-35.24796081088109,-1.4823323092792087
-35.24340208430843,-1.481418180054264
-35.238843357735774,-1.4805044420481484
-35.23428463116312,-1.4795910951702298
-35.22972590459046,-1.4786781393298736
-35.225167178017806,-1.4777655744364513
-35.220608451445145,-1.4768534003993354
-35.21604972487249,-1.4759416171279003
-35.21149099829983,-1.4750302245315197
-35.206932271727176,-1.474119222519572
-35.202373545154515,-1.4732086110014366
-35.19781481858186,-1.4722983898864905
-35.1932560920092,-1.4713885590841211
-35.188697365436546,-1.47047911850371
-35.184138638863885,-1.4695700680546413
-35.17957991229123,-1.4686614076463045
-35.17502118571858,-1.467753137188088
-35.17046245914592,-1.4668452565893815
-35.165903732573256,-1.4659377657595771
-35.1613450060006,-1.465030664608073
-35.15678627942795,-1.4641239530442605
-35.15222755285529,-1.4632176309775395
-35.147668826282626,-1.4623116983173072
-35.14311009970997,-1.4614061549729678
-35.13855137313732,-1.4605010008539223
-35.13399264656466,-1.4595962358695755
-35.129433919992,-1.4586918599293328
-35.12487519341934,-1.4577878729426015
-35.12031646684669,-1.4568842748187945
-35.11575774027403,-1.45598106546732
-35.11119901370137,-1.4550782447975945
-35.10664028712871,-1.454175812719026
-35.10208156055606,-1.4532737691410411
-35.0975228339834,-1.4523721139730488
-35.092964107410744,-1.451470847124474
-35.08840538083808,-1.450569968504735
-35.08384665426543,-1.4496694780232604
-35.079287927692775,-1.4487693755894713
-35.074729201120114,-1.4478696611127968
-35.07017047454745,-1.4469703345026637
-35.0656117479748,-1.446071395668503
-35.061053021402145,-1.4451728445197507
-35.056494294829484,-1.444274680965833
-35.05193556825682,-1.443376904916191
-35.04737684168417,-1.4424795162802624
-35.042818115111515,-1.4415825149674837
-35.038259388538854,-1.4406859008872972
-35.0337006619662,-1.4397896739491451
-35.02914193539354,-1.4388938340624724
-35.024583208820886,-1.4379983811367252
-35.020024482248225,-1.4371033150813488
-35.01546575567557,-1.4362086358057993
-35.01090702910291,-1.4353143432195192
-35.006348302530256,-1.434420437231969
-35.001789575957595,-1.4335269177526
-34.99723084938494,-1.4326337846908699
-34.99267212281228,-1.431741037956239
-34.988113396239626,-1.4308486774581632
-34.98355466966697,-1.4299567031061085
-34.97899594309431,-1.4290651148095361
-34.97443721652165,-1.4281739124779107
-34.969878489949,-1.427283096020704
-34.96531976337634,-1.4263926653473815
-34.96076103680368,-1.4255026203674135
-34.95620231023102,-1.4246129609902742
-34.95164358365837,-1.4237236871254406
-34.94708485708571,-1.422834798682384
-34.94252613051305,-1.4219462955705815
-34.9379674039404,-1.4210581776995168
-34.93340867736774,-1.42017044497867
-34.92884995079508,-1.4192830973175266
-34.92429122422242,-1.4183961346255662
-34.91973249764977,-1.4175095568122795
-34.91517377107711,-1.4166233637871544
-34.91061504450445,-1.4157375554596823
-34.90605631793179,-1.4148521317393508
-34.90149759135914,-1.4139670925356616
-34.89693886478648,-1.4130824377581033
-34.892380138213824,-1.412198167316176
-34.88782141164117,-1.4113142811193815
-34.88326268506851,-1.4104307790772161
-34.87870395849585,-1.4095476610991848
-34.874145231923194,-1.4086649270947942
-34.86958650535054,-1.40778257697355
-34.86502777877788,-1.4069006106449573
-34.86046905220522,-1.4060190280185278
-34.855910325632564,-1.4051378290037784
-34.85135159905991,-1.4042570135102166
-34.84679287248725,-1.4033765814473589
-34.842234145914595,-1.402496532724724
-34.837675419341934,-1.4016168672518308
-34.83311669276928,-1.4007375849381996
-34.82855796619662,-1.3998586856933544
-34.823999239623966,-1.3989801694268174
-34.819440513051305,-1.3981020360481173
-34.81488178647865,-1.397224285466781
-34.81032305990599,-1.3963469175923386
-34.805764333333336,-1.3954699323343223
-34.801205606760675,-1.3945933296022646
-34.79664688018802,-1.3937171093057041
-34.79208815361537,-1.392841271354174
-34.787529427042706,-1.391965815657215
-34.782970700470045,-1.3910907421243677
-34.77841197389739,-1.3902160506651762
-34.77385324732474,-1.389341741189185
-34.76929452075208,-1.3884678136059374
-34.764735794179416,-1.3875942678249846
-34.76017706760676,-1.3867211037558755
-34.75561834103411,-1.385848321308163
-34.75105961446145,-1.3849759203914
-34.74650088788879,-1.3841039009151392
-34.74194216131613,-1.3832322627889433
-34.73738343474348,-1.382361005922368
-34.73282470817082,-1.3814901302249751
-34.72826598159816,-1.3806196356063287
-34.7237072550255,-1.379749521975989
-34.71914852845285,-1.3788797892435292
-34.71458980188019,-1.378010437318513
-34.71003107530753,-1.3771414661105126
-34.70547234873487,-1.3762728755290974
-34.70091362216222,-1.375404665483845
-34.696354895589565,-1.3745368358843317
-34.691796169016904,-1.3736693866401277
-34.68723744244424,-1.3728023176608204
-34.68267871587159,-1.37193562885599
-34.678119989298935,-1.3710693201352182
-34.673561262726274,-1.3702033914080862
-34.66900253615361,-1.369337842584186
-34.66444380958096,-1.3684726735731054
-34.659885083008305,-1.3676078842844337
-34.655326356435644,-1.3667434746277651
-34.65076762986299,-1.3658794445126938
-34.64620890329033,-1.3650157938488134
-34.641650176717675,-1.3641525225457247
-34.637091450145014,-1.3632896305130249
-34.63253272357236,-1.3624271176603207
-34.6279739969997,-1.3615649838972104
-34.623415270427046,-1.360703229133302
-34.618856543854385,-1.3598418532782015
-34.61429781728173,-1.3589808562415187
-34.60973909070907,-1.3581202379328674
-34.605180364136416,-1.3572599982618565
-34.60062163756376,-1.3564001371381047
-34.5960629109911,-1.3555406544712234
-34.59150418441844,-1.3546815501708385
-34.586945457845786,-1.3538228241465642
-34.58238673127313,-1.3529644763080269
-34.57782800470047,-1.3521065065648477
-34.57326927812781,-1.3512489148266549
-34.56871055155516,-1.3503917010030764
-34.5641518249825,-1.3495348650037406
-34.55959309840984,-1.3486784067382813
-34.55503437183719,-1.3478223261163331
-34.55047564526453,-1.3469666230475275
-34.54591691869187,-1.3461112974415044
-34.54135819211921,-1.3452563492079026
-34.53679946554656,-1.3444017782563669
-34.5322407389739,-1.343547584496534
-34.52768201240124,-1.3426937678380542
-34.52312328582858,-1.341840328190573
-34.51856455925593,-1.340987265463738
-34.51400583268327,-1.3401345795672022
-34.50944710611061,-1.3392822704106173
-34.50488837953796,-1.3384303379036362
-34.5003296529653,-1.3375787819559162
-34.49577092639264,-1.3367276024771173
-34.491212199819984,-1.3358767993768994
-34.48665347324733,-1.3350263725649243
-34.48209474667467,-1.3341763219508542
-34.47753602010201,-1.3333266474443581
-34.472977293529354,-1.3324773489551034
-34.4684185669567,-1.3316284263927578
-34.46385984038404,-1.3307798796669952
-34.459301113811385,-1.3299317086874902
-34.454742387238724,-1.3290839133639143
-34.45018366066607,-1.3282364936059508
-34.44562493409341,-1.3273894493232727
-34.441066207520755,-1.3265427804255654
-34.436507480948094,-1.3256964868225123
-34.43194875437544,-1.3248505684237974
-34.42739002780278,-1.3240050251391073
-34.422831301230126,-1.3231598568781346
-34.418272574657465,-1.322315063550564
-34.41371384808481,-1.3214706450660965
-34.40915512151216,-1.3206266013344197
-34.404596394939496,-1.3197829322652337
-34.400037668366835,-1.3189396377682359
-34.39547894179418,-1.3180967177531302
-34.39092021522153,-1.3172541721296176
-34.386361488648866,-1.3164120008074007
-34.381802762076205,-1.315570203696186
-34.37724403550355,-1.3147287807056867
-34.3726853089309,-1.3138877317456064
-34.36812658235824,-1.3130470567256631
-34.36356785578558,-1.3122067555555694
-34.35900912921292,-1.3113668281450361
-34.35445040264027,-1.3105272744037915
-34.34989167606761,-1.3096880942415474
-34.34533294949495,-1.308849287568031
-34.34077422292229,-1.3080108542929636
-34.33621549634964,-1.3071727943260707
-34.33165676977698,-1.3063351075770808
-34.32709804320432,-1.305497793955726
-34.32253931663166,-1.3046608533717372
-34.31798059005901,-1.303824285734846
-34.313421863486354,-1.3029880909547908
-34.30886313691369,-1.302152268941307
-34.30430441034103,-1.3013168196041343
-34.29974568376838,-1.3004817428530175
-34.295186957195725,-1.299647038597698
-34.290628230623064,-1.298812706747921
-34.2860695040504,-1.2979787472134348
-34.28151077747775,-1.2971451599039912
-34.276952050905095,-1.2963119447293356
-34.272393324332434,-1.2954791015992275
-34.26783459775978,-1.2946466304234194
-34.26327587118712,-1.2938145311116687
-34.258717144614465,-1.292982803573735
-34.254158418041804,-1.2921514477193807
-34.24959969146915,-1.291320463458369
-34.24504096489649,-1.2904898507004652
-34.240482238323835,-1.2896596093554358
-34.235923511751174,-1.2888297393330517
-34.23136478517852,-1.2880002405430817
-34.22680605860586,-1.2871711128953007
-34.222247332033206,-1.286342356299484
-34.21768860546055,-1.2855139706654084
-34.21312987888789,-1.2846859559028532
-34.20857115231523,-1.2838583119215996
-34.204012425742576,-1.28303103863143
-34.19945369916992,-1.2822041359421334
-34.19489497259726,-1.2813776037634912
-34.1903362460246,-1.2805514420052964
-34.185777519451946,-1.2797256505773404
-34.18121879287929,-1.2789002293894143
-34.17666006630663,-1.2780751783513147
-34.17210133973398,-1.2772504973728411
-34.16754261316132,-1.2764261863637851
-34.16298388658866,-1.2756022452339568
-34.158425160016,-1.274778673893155
-34.15386643344335,-1.273955472251184
-34.14930770687069,-1.2731326402178542
-34.14474898029803,-1.2723101777029742
-34.14019025372537,-1.2714880846163508
-34.13563152715272,-1.2706663608678035
-34.13107280058006,-1.269845006367143
-34.1265140740074,-1.26902402102419
-34.12195534743475,-1.2682034047487634
-34.11739662086209,-1.2673831574506818
-34.11283789428943,-1.2665632790397694
-34.10827916771677,-1.2657437694258546
-34.10372044114412,-1.2649246285187619
-34.09916171457146,-1.2641058562283203
-34.0946029879988,-1.263287452464363
-34.090044261426144,-1.2624694171367237
-34.08548553485349,-1.261651750155238
-34.08092680828083,-1.260834451429741
-34.076368081708175,-1.2600175208700755
-34.071809355135514,-1.259200958386079
-34.06725062856286,-1.258384763887601
-34.0626919019902,-1.2575689372844805
-34.058133175417545,-1.2567534784865704
-34.053574448844884,-1.2559383874037184
-34.04901572227223,-1.2551236639457768
-34.04445699569957,-1.2543093080225967
-34.039898269126915,-1.2534953195440388
-34.035339542554254,-1.252681698419958
-34.0307808159816,-1.2518684445602153
-34.02622208940895,-1.251055557874673
-34.021663362836286,-1.250243038273192
-34.017104636263625,-1.249430885665641
-34.01254590969097,-1.2486190999618905
-34.00798718311832,-1.247807681071807
-34.003428456545656,-1.2469966289052627
-33.998869729972995,-1.246185943372134
-33.99431100340034,-1.245375624382297
-33.98975227682769,-1.2445656718456295
-33.985193550255026,-1.2437560856720107
-33.980634823682365,-1.242946865771325
-33.97607609710971,-1.2421380120534569
-33.97151737053706,-1.2413295244282918
-33.9669586439644,-1.2405214028057199
-33.962399917391735,-1.23971364709563
-33.95784119081908,-1.2389062572079181
-33.95328246424643,-1.2380992330524785
-33.948723737673774,-1.237292574539206
-33.94416501110111,-1.2364862815779982
-33.93960628452845,-1.2356803540787582
-33.9350475579558,-1.2348747919513934
-33.930488831383144,-1.2340695951058038
-33.92593010481048,-1.2332647634518963
-33.92137137823782,-1.2324602968995826
-33.91681265166517,-1.2316561953587775
-33.912253925092514,-1.230852458739389
-33.90769519851985,-1.2300490869513334
-33.90313647194719,-1.2292460799045302
-33.89857774537454,-1.2284434375088995
-33.894019018801885,-1.2276411596743635
-33.889460292229224,-1.226839246310844
-33.88490156565656,-1.2260376973282676
-33.88034283908391,-1.2252365126365659
-33.875784112511255,-1.2244356921456634
-33.871225385938594,-1.2236352357654985
-33.86666665936593,-1.2228351434060003
-33.86210793279328,-1.2220354149771098
-33.857549206220625,-1.2212360503887632
-33.85299047964797,-1.220437049550901
-33.84843175307531,-1.219638412373466
-33.84387302650265,-1.218840138766404
-33.839314299929995,-1.2180422286396628
-33.83475557335734,-1.2172446819031915
-33.83019684678468,-1.2164474984669391
-33.82563812021202,-1.2156506782408594
-33.821079393639366,-1.2148542211349114
-33.81652066706671,-1.2140581270590498
-33.81196194049405,-1.2132623959232336
-33.80740321392139,-1.2124670276374239
-33.802844487348736,-1.2116720221115886
-33.79828576077608,-1.210877379255691
-33.79372703420342,-1.2100830989796998
-33.78916830763076,-1.2092891811935846
-33.784609581058106,-1.208495625807318
-33.78005085448545,-1.2077024327308767
-33.77549212791279,-1.2069096018742322
-33.77093340134013,-1.206117133147367
-33.76637467476748,-1.2053250264602626
-33.76181594819482,-1.2045332817229006
-33.75725722162217,-1.2037418988452664
-33.75269849504951,-1.202950877737346
-33.74813976847685,-1.2021602183091278
-33.74358104190419,-1.2013699204706076
-33.73902231533154,-1.2005799841317786
-33.73446358875888,-1.199790409202632
-33.72990486218622,-1.1990011955931674
-33.72534613561356,-1.1982123432133884
-33.72078740904091,-1.1974238519732934
-33.71622868246825,-1.1966357217828858
-33.71166995589559,-1.1958479525521746
-33.70711122932293,-1.19506054419117
-33.70255250275028,-1.194273496609879
-33.69799377617762,-1.1934868097183162
-33.69343504960496,-1.1927004834264952
-33.688876323032304,-1.1919145176444348
-33.68431759645965,-1.1911289122821547
-33.67975886988699,-1.190343667249675
-33.67520014331433,-1.1895587824570182
-33.670641416741674,-1.1887742578142135
-33.66608269016902,-1.1879900932312863
-33.661523963596366,-1.1872062886182675
-33.656965237023705,-1.1864228438851887
-33.652406510451044,-1.1856397589420828
-33.64784778387839,-1.1848570336989908
-33.643289057305736,-1.1840746680659484
-33.638730330733075,-1.1832926619529947
-33.634171604160414,-1.1825110152701757
-33.62961287758776,-1.1817297279275365
-33.62505415101511,-1.1809487998351222
-33.620495424442446,-1.1801682309029833
-33.615936697869785,-1.1793880210411718
-33.61137797129713,-1.1786081701597426
-33.60681924472448,-1.1778286781687508
-33.602260518151816,-1.1770495449782532
-33.597701791579155,-1.1762707704983113
-33.5931430650065,-1.1754923546389902
-33.58858433843385,-1.1747142973103504
-33.584025611861186,-1.17393659842246
-33.579466885288525,-1.1731592578853878
-33.57490815871587,-1.172382275609208
-33.57034943214322,-1.1716056515039919
-33.56579070557056,-1.1708293854798142
-33.5612319789979,-1.170053477446753
-33.55667325242524,-1.1692779273148888
-33.55211452585259,-1.168502734994305
-33.547555799279934,-1.1677279003950831
-33.54299707270727,-1.166953423427311
-33.53843834613461,-1.1661793040010786
-33.53387961956196,-1.165405542026477
-33.529320892989304,-1.164632137413598
-33.52476216641664,-1.1638590900725354
-33.52020343984398,-1.1630863999133894
-33.51564471327133,-1.1623140668462597
-33.511085986698674,-1.1615420907812457
-33.50652726012601,-1.1607704716284544
-33.50196853355335,-1.15999920929799
-33.4974098069807,-1.1592283036999618
-33.492851080408045,-1.158457754744482
-33.488292353835384,-1.1576875623416607
-33.48373362726272,-1.1569177264016135
-33.47917490069007,-1.156148246834461
-33.474616174117415,-1.1553791235503195
-33.47005744754476,-1.1546103564593109
-33.4654987209721,-1.1538419454715618
-33.46093999439944,-1.153073890497194
-33.456381267826785,-1.15230619144634
-33.45182254125413,-1.1515388482291282
-33.44726381468147,-1.1507718607556925
-33.44270508810881,-1.1500052289361666
-33.438146361536155,-1.14923895268069
-33.4335876349635,-1.1484730318994016
-33.42902890839084,-1.147707466502442
-33.42447018181818,-1.1469422563999547
-33.419911455245526,-1.1461774015020865
-33.41535272867287,-1.1454129017189882
-33.41079400210021,-1.1446487569608061
-33.40623527552755,-1.1438849671376963
-33.401676548954896,-1.1431215321598138
-33.39711782238224,-1.1423584519373144
-33.39255909580958,-1.1415957263803589
-33.38800036923692,-1.140833355399106
-33.383441642664266,-1.1400713389037256
-33.37888291609161,-1.1393096768043791
-33.37432418951896,-1.1385483690112381
-33.3697654629463,-1.1377874154344716
-33.365206736373636,-1.13702681598425
-33.36064800980098,-1.1362665705707555
-33.35608928322833,-1.1355066791041581
-33.35153055665567,-1.1347471414946435
-33.34697183008301,-1.1339879576523888
-33.34241310351035,-1.1332291274875839
-33.3378543769377,-1.1324706509104112
-33.33329565036504,-1.131712527831058
-33.32873692379238,-1.1309547581597192
-33.32417819721972,-1.1301973418065858
-33.31961947064707,-1.1294402786818556
-33.31506074407441,-1.1286835686957228
-33.31050201750175,-1.1279272117583894
-33.30594329092909,-1.1271712077800602
-33.30138456435644,-1.126415556670935
-33.29682583778378,-1.125660258341222
-33.29226711121112,-1.1249053127011333
-33.287708384638464,-1.1241507196608784
-33.28314965806581,-1.1233964791306699
-33.278590931493156,-1.1226425910207247
-33.274032204920495,-1.1218890552412586
-33.269473478347834,-1.1211358717024957
-33.26491475177518,-1.1203830403146582
-33.260356025202526,-1.1196305609879673
-33.255797298629865,-1.1188784336326556
-33.251238572057204,-1.1181266581589477
-33.24667984548455,-1.1173752344770798
-33.242121118911896,-1.116624162497281
-33.237562392339235,-1.1158734421297924
-33.233003665766574,-1.1151230732848494
-33.22844493919392,-1.1143730558726979
-33.22388621262127,-1.1136233898035748
-33.219327486048606,-1.1128740749877282
-33.214768759475945,-1.1121251113354065
-33.21021003290329,-1.1113764987568615
-33.20565130633064,-1.1106282371623415
-33.201092579757976,-1.1098803264621027
-33.196533853185315,-1.109132766566403
-33.19197512661266,-1.1083855573855006
-33.18741640004001,-1.1076386988296594
-33.18285767346735,-1.1068921908091416
-33.17829894689469,-1.1061460332342106
-33.17374022032203,-1.1054002260151388
-33.16918149374938,-1.1046547690621966
-33.16462276717672,-1.1039096622856555
-33.16006404060406,-1.1031649055957902
-33.1555053140314,-1.102420498902882
-33.15094658745875,-1.101676442117207
-33.146387860886094,-1.1009327351490503
-33.14182913431343,-1.1001893779086935
-33.13727040774077,-1.099446370306427
-33.13271168116812,-1.098703712252537
-33.128152954595464,-1.0979614036573178
-33.1235942280228,-1.097219444431061
-33.11903550145014,-1.096477834484063
-33.11447677487749,-1.095736573726624
-33.109918048304834,-1.094995662069043
-33.10535932173217,-1.0942550994216234
-33.10080059515951,-1.093514885694671
-33.09624186858686,-1.092775020798494
-33.091683142014205,-1.0920355046434043
-33.08712441544155,-1.0912963371397109
-33.08256568886889,-1.0905575181977294
-33.07800696229623,-1.089819047727776
-33.073448235723575,-1.0890809256401734
-33.06888950915092,-1.0883431518452416
-33.06433078257826,-1.0876057262533043
-33.0597720560056,-1.0868686487746866
-33.055213329432945,-1.086131919319721
-33.05065460286029,-1.0853955377987354
-33.04609587628763,-1.0846595041220641
-33.04153714971497,-1.0839238182000424
-33.036978423142315,-1.0831884799430114
-33.03241969656966,-1.082453489261308
-33.027860969997,-1.0817188460652758
-33.02330224342434,-1.0809845502652606
-33.018743516851686,-1.0802506017716107
-33.01418479027903,-1.0795170004946755
-33.00962606370637,-1.0787837463448042
-33.00506733713371,-1.0780508392323558
-33.000508610561056,-1.0773182790676832
-32.9959498839884,-1.0765860657611512
-32.99139115741575,-1.0758541992231165
-32.98683243084309,-1.0751226793639435
-32.982273704270426,-1.0743915060939986
-32.97771497769777,-1.0736606793236543
-32.97315625112512,-1.0729301989632791
-32.96859752455246,-1.0722000649232426
-32.964038797979796,-1.0714702771139264
-32.95948007140714,-1.0707408354457064
-32.95492134483449,-1.0700117398289637
-32.95036261826183,-1.0692829901740795
-32.94580389168917,-1.0685545863914392
-32.94124516511651,-1.0678265283914343
-32.93668643854386,-1.067098816084449
-32.9321277119712,-1.0663714493808805
-32.92756898539854,-1.0656444281911204
-32.92301025882588,-1.0649177524255673
-32.91845153225323,-1.0641914219946205
-32.91389280568057,-1.0634654368086824
-32.90933407910791,-1.0627397967781553
-32.90477535253525,-1.0620145018134481
-32.9002166259626,-1.0612895518249705
-32.895657899389946,-1.0605649467231317
-32.891099172817285,-1.0598406864183438
-32.886540446244624,-1.0591167708210267
-32.88198171967197,-1.058393199841598
-32.877422993099316,-1.0576699733904804
-32.872864266526655,-1.0569470913780923
-32.868305539953994,-1.0562245537148618
-32.86374681338134,-1.05550236031122
-32.859188086808686,-1.0547805110775947
-32.854629360236025,-1.0540590059244166
-32.850070633663364,-1.0533378447621247
-32.84551190709071,-1.052617027501158
-32.840953180518056,-1.0518965540519527
-32.836394453945395,-1.0511764243249535
-32.831835727372734,-1.0504566382306024
-32.82727700080008,-1.0497371956793533
-32.82271827422743,-1.0490180965816494
-32.818159547654766,-1.0482993408479448
-32.813600821082105,-1.0475809283886939
-32.80904209450945,-1.0468628591143567
-32.8044833679368,-1.0461451329353901
-32.79992464136414,-1.0454277497622564
-32.79536591479148,-1.044710709505418
-32.79080718821882,-1.0439940120753437
-32.78624846164617,-1.043277657382501
-32.78168973507351,-1.042561645337365
-32.77713100850085,-1.0418459758504046
-32.77257228192819,-1.0411306488320984
-32.76801355535554,-1.0404156641929267
-32.76345482878288,-1.0397010218433687
-32.75889610221022,-1.0389867216939093
-32.75433737563756,-1.038272763655032
-32.74977864906491,-1.0375591476372283
-32.745219922492254,-1.0368458735509878
-32.74066119591959,-1.0361329413068043
-32.73610246934693,-1.0354203508151723
-32.73154374277428,-1.0347081019865911
-32.726985016201624,-1.0339961947315617
-32.72242628962896,-1.0332846289605864
-32.7178675630563,-1.0325734045841701
-32.71330883648365,-1.0318625215128219
-32.708750109910994,-1.031151979657053
-32.70419138333834,-1.0304417789273748
-32.69963265676568,-1.0297319192343024
-32.69507393019302,-1.0290224004883524
-32.690515203620365,-1.0283132226000484
-32.68595647704771,-1.0276043854799115
-32.68139775047505,-1.0268958890384656
-32.67683902390239,-1.0261877331862383
-32.672280297329735,-1.0254799178337637
-32.66772157075708,-1.0247724428915683
-32.66316284418442,-1.0240653082701892
-32.65860411761176,-1.0233585138801644
-32.654045391039105,-1.0226520596320339
-32.64948666446645,-1.0219459454363407
-32.64492793789379,-1.0212401712036265
-32.64036921132113,-1.0205347368444415
-32.635810484748475,-1.0198296422693347
-32.63125175817582,-1.0191248873888568
-32.62669303160316,-1.018420472113563
-32.6221343050305,-1.0177163963540112
-32.617575578457846,-1.0170126600207605
-32.61301685188519,-1.0163092630243749
-32.60845812531254,-1.0156062052754138
-32.60389939873988,-1.0149034866844477
-32.599340672167216,-1.0142011071620456
-32.59478194559456,-1.0134990666187795
-32.59022321902191,-1.0127973649652238
-32.58566449244925,-1.012096002111955
-32.581105765876586,-1.011394977969551
-32.57654703930393,-1.0106942924485975
-32.57198831273128,-1.0099939454596758
-32.56742958615862,-1.0092939369133724
-32.562870859585956,-1.008594266720278
-32.5583121330133,-1.0078949347909838
-32.55375340644065,-1.007195941036084
-32.54919467986799,-1.006497285366176
-32.54463595329533,-1.0057989676918573
-32.54007722672267,-1.0051009879237336
-32.53551850015002,-1.004403345972404
-32.53095977357736,-1.003706041748477
-32.5264010470047,-1.0030090751625633
-32.52184232043204,-1.0023124461252737
-32.51728359385939,-1.0016161545472229
-32.512724867286735,-1.0009202003390272
-32.508166140714074,-1.0002245834113042
-32.50360741414141,-0.9995293036746785
-32.49904868756876,-0.998834361039773
-32.494489960996106,-0.9981397554172139
-32.489931234423445,-0.9974454867176294
-32.485372507850784,-0.9967515548516552
-32.48081378127813,-0.9960579597299228
-32.476255054705476,-0.9953647012630701
-32.471696328132815,-0.9946717793617343
-32.467137601560154,-0.9939791939365586
-32.4625788749875,-0.993286944898188
-32.458020148414846,-0.9925950321572695
-32.453461421842185,-0.9919034556244498
-32.448902695269524,-0.9912122152103828
-32.44434396869687,-0.990521310825724
-32.439785242124216,-0.989830742381129
-32.435226515551555,-0.9891405097872564
-32.430667788978894,-0.9884506129547685
-32.42610906240624,-0.987761051794333
-32.42155033583359,-0.987071826216614
-32.41699160926093,-0.9863829361322807
-32.41243288268827,-0.9856943814520054
-32.40787415611561,-0.9850061620864624
-32.40331542954296,-0.9843182779463332
-32.3987567029703,-0.9836307289422909
-32.39419797639764,-0.9829435149850225
-32.38963924982498,-0.9822566359852104
-32.38508052325233,-0.9815700918535457
-32.38052179667967,-0.9808838825007136
-32.37596307010701,-0.980198007837408
-32.37140434353435,-0.9795124677743221
-32.3668456169617,-0.9788272622221594
-32.36228689038904,-0.978142391091615
-32.35772816381638,-0.9774578542933923
-32.35316943724372,-0.9767736517381955
-32.34861071067107,-0.9760897833367371
-32.344051984098414,-0.9754062489997213
-32.33949325752575,-0.9747230486378639
-32.33493453095309,-0.9740401821618805
-32.33037580438044,-0.973357649482488
-32.325817077807784,-0.9726754505104069
-32.32125835123513,-0.9719935851563622
-32.31669962466247,-0.9713120533310776
-32.31214089808981,-0.9706308549452808
-32.307582171517154,-0.9699499899097037
-32.3030234449445,-0.969269458135081
-32.29846471837184,-0.968589259532144
-32.29390599179918,-0.9679093940116362
-32.289347265226525,-0.9672298614842969
-32.28478853865387,-0.9665506618608682
-32.28022981208121,-0.9658717950520972
-32.27567108550855,-0.9651932609687336
-32.271112358935895,-0.9645150595215289
-32.26655363236324,-0.9638371906212347
-32.26199490579058,-0.9631596541786099
-32.25743617921792,-0.9624824501044127
-32.252877452645265,-0.9618055783094044
-32.24831872607261,-0.9611290387043488
-32.24375999949995,-0.9604528312000145
-32.23920127292729,-0.9597769557071685
-32.234642546354635,-0.9591014121365846
-32.23008381978198,-0.958426200399037
-32.22552509320933,-0.957751320405304
-32.22096636663667,-0.9570767720661628
-32.216407640064006,-0.9564025552923957
-32.21184891349135,-0.9557286699947908
-32.2072901869187,-0.9550551160841324
-32.20273146034604,-0.9543818934712132
-32.198172733773376,-0.9537090020668241
-32.19361400720072,-0.9530364417817615
-32.18905528062807,-0.9523642125268226
-32.18449655405541,-0.9516923142128084
-32.179937827482746,-0.9510207467505205
-32.17537910091009,-0.9503495100507697
-32.17082037433744,-0.9496786040243573
-32.16626164776478,-0.9490080285820992
-32.161702921192116,-0.9483377836348065
-32.15714419461946,-0.9476678690932969
-32.15258546804681,-0.9469982848683889
-32.14802674147415,-0.9463290308709039
-32.14346801490149,-0.9456601070116651
-32.13890928832883,-0.9449915132015001
-32.13435056175618,-0.9443232493512382
-32.129791835183525,-0.9436553153717108
-32.125233108610864,-0.9429877111737521
-32.1206743820382,-0.9423204366681995
-32.11611565546555,-0.9416534917658942
-32.111556928892895,-0.9409868763776765
-32.106998202320234,-0.9403205904143909
-32.10243947574757,-0.9396546337868875
-32.09788074917492,-0.938989006406016
-32.093322022602266,-0.9383237081826283
-32.088763296029605,-0.9376587390275793
-32.08420456945694,-0.93699409885173
-32.07964584288429,-0.9363297875659388
-32.075087116311636,-0.9356658050810693
-32.070528389738975,-0.9350021513079877
-32.065969663166314,-0.9343388261575638
-32.06141093659366,-0.9336758295406681
-32.056852210021006,-0.9330131613681756
-32.052293483448345,-0.9323508215509596
-32.047734756875684,-0.931688809999904
-32.04317603030303,-0.9310271266258875
-32.038617303730376,-0.9303657713397968
-32.03405857715772,-0.9297047440525171
-32.02949985058506,-0.9290440446749403
-32.0249411240124,-0.9283836731179574
-32.02038239743975,-0.927723629292464
-32.01582367086709,-0.927063913109358
-32.01126494429443,-0.9264045244795395
-32.00670621772177,-0.9257454633139124
-32.00214749114912,-0.9250867295233829
-31.99758876457646,-0.9244283230188581
-31.993030038003802,-0.9237702437112504
-31.988471311431145,-0.9231124915114736
-31.983912584858487,-0.9224550663304428
-31.97935385828583,-0.921797968079079
-31.974795131713172,-0.9211411966683023
-31.970236405140515,-0.9204847520090375
-31.965677678567857,-0.9198286340122129
-31.9611189519952,-0.9191728425887565
-31.956560225422542,-0.9185173776496032
-31.952001498849885,-0.9178622391056858
-31.94744277227723,-0.9172074268679448
-31.942884045704574,-0.9165529408473173
-31.938325319131916,-0.91589878095475
-31.93376659255926,-0.9152449471011863
-31.9292078659866,-0.9145914391975758
-31.924649139413944,-0.913938257154868
-31.920090412841287,-0.9132854008840204
-31.91553168626863,-0.9126328702959867
-31.91097295969597,-0.9119806653017272
-31.906414233123314,-0.9113287858122042
-31.901855506550657,-0.9106772317383816
-31.897296779978,-0.9100260029912277
-31.892738053405342,-0.9093750994817115
-31.888179326832685,-0.9087245211208067
-31.883620600260027,-0.908074267819488
-31.87906187368737,-0.9074243394887342
-31.874503147114712,-0.9067747360395269
-31.869944420542055,-0.9061254573828467
-31.865385693969397,-0.9054765034296834
-31.86082696739674,-0.9048278740910246
-31.856268240824082,-0.9041795692778616
-31.85170951425143,-0.9035315889011895
-31.84715078767877,-0.9028839328720039
-31.842592061106114,-0.9022366011013074
-31.838033334533456,-0.9015895935000998
-31.8334746079608,-0.900942909979387
-31.82891588138814,-0.9002965504501784
-31.824357154815484,-0.8996505148234822
-31.819798428242827,-0.8990048030103136
-31.81523970167017,-0.8983594149216875
-31.81068097509751,-0.8977143504686241
-31.806122248524854,-0.8970696095621449
-31.801563521952197,-0.8964251921132719
-31.79700479537954,-0.8957810980330346
-31.792446068806882,-0.8951373272324618
-31.787887342234225,-0.8944938796225863
-31.783328615661567,-0.8938507551144419
-31.77876988908891,-0.8932079536190678
-31.774211162516252,-0.892565475047504
-31.769652435943595,-0.891923319310794
-31.765093709370937,-0.8912814863199847
-31.76053498279828,-0.8906399759861238
-31.755976256225626,-0.8899987882202632
-31.75141752965297,-0.8893579229334576
-31.74685880308031,-0.8887173800367639
-31.742300076507654,-0.8880771594412411
-31.737741349934996,-0.887437261057953
-31.73318262336234,-0.8867976847979627
-31.72862389678968,-0.8861584305723409
-31.724065170217024,-0.8855194982921566
-31.719506443644367,-0.8848808878684846
-31.71494771707171,-0.8842425992123987
-31.71038899049905,-0.8836046322349815
-31.705830263926394,-0.8829669868473109
-31.701271537353737,-0.882329662960474
-31.69671281078108,-0.8816926604855579
-31.692154084208422,-0.8810559793336517
-31.687595357635765,-0.8804196194158487
-31.683036631063107,-0.8797835806432444
-31.67847790449045,-0.8791478629269373
-31.673919177917792,-0.8785124661780275
-31.669360451345135,-0.8778773903076195
-31.664801724772477,-0.8772426352268204
-31.660242998199823,-0.8766082008467391
-31.655684271627166,-0.8759740870784868
-31.65112554505451,-0.8753402938331796
-31.64656681848185,-0.8747068210219343
-31.642008091909194,-0.8740736685558728
-31.637449365336536,-0.8734408363461166
-31.63289063876388,-0.8728083243037923
-31.62833191219122,-0.8721761323400293
-31.623773185618564,-0.8715442603659588
-31.619214459045907,-0.8709127082927137
-31.61465573247325,-0.8702814760314337
-31.61009700590059,-0.8696505634932573
-31.605538279327934,-0.8690199705893258
-31.600979552755277,-0.8683896972307872
-31.59642082618262,-0.8677597433287874
-31.591862099609962,-0.8671301087944792
-31.587303373037305,-0.8665007935390163
-31.582744646464647,-0.8658717974735547
-31.57818591989199,-0.8652431205092538
-31.573627193319332,-0.8646147625572761
-31.569068466746675,-0.8639867235287848
-31.56450974017402,-0.8633590033349516
-31.559951013601363,-0.8627316018869432
-31.555392287028706,-0.8621045190959354
-31.55083356045605,-0.8614777548731024
-31.54627483388339,-0.860851309129625
-31.541716107310734,-0.8602251817766844
-31.537157380738076,-0.8595993727254644
-31.53259865416542,-0.858973881887154
-31.52803992759276,-0.8583487091729424
-31.523481201020104,-0.8577238544940217
-31.518922474447447,-0.8570993177615892
-31.51436374787479,-0.8564750988868434
-31.50980502130213,-0.8558511977809855
-31.505246294729474,-0.8552276143552194
-31.500687568156817,-0.854604348520753
-31.49612884158416,-0.853981400188795
-31.491570115011502,-0.8533587692705594
-31.487011388438845,-0.8527364556772606
-31.482452661866187,-0.852114459320118
-31.47789393529353,-0.8514927801103511
-31.473335208720872,-0.8508714179591869
-31.46877648214822,-0.8502503727778505
-31.46421775557556,-0.8496296444775705
-31.459659029002903,-0.8490092329695816
-31.455100302430246,-0.8483891381651172
-31.45054157585759,-0.8477693599754164
-31.44598284928493,-0.8471498983117199
-31.441424122712274,-0.8465307530852729
-31.436865396139616,-0.8459119242073196
-31.43230666956696,-0.8452934115891116
-31.4277479429943,-0.8446752151419002
-31.423189216421644,-0.8440573347769409
-31.418630489848987,-0.8434397704054913
-31.41407176327633,-0.8428225219388137
-31.40951303670367,-0.8422055892881701
-31.404954310131014,-0.8415889723648293
-31.400395583558357,-0.8409726710800575
-31.3958368569857,-0.8403566853451299
-31.391278130413042,-0.8397410150713194
-31.386719403840385,-0.839125660169905
-31.382160677267727,-0.8385106205521686
-31.37760195069507,-0.8378958961293919
-31.373043224122416,-0.8372814868128626
-31.36848449754976,-0.8366673925138702
-31.3639257709771,-0.8360536131437076
-31.359367044404443,-0.8354401486136686
-31.354808317831786,-0.8348269988350512
-31.35024959125913,-0.8342141637191566
-31.34569086468647,-0.8336016431772896
-31.341132138113814,-0.8329894371207536
-31.336573411541156,-0.8323775454608618
-31.3320146849685,-0.8317659681089248
-31.32745595839584,-0.8311547049762587
-31.322897231823184,-0.8305437559741801
-31.318338505250527,-0.8299331210140096
-31.31377977867787,-0.8293228000070739
-31.30922105210521,-0.8287127928646975
-31.304662325532554,-0.82810309949821
-31.300103598959897,-0.8274937198189443
-31.29554487238724,-0.8268846537382362
-31.290986145814582,-0.8262759011674234
-31.286427419241924,-0.8256674620178462
-31.281868692669267,-0.8250593362008507
-31.277309966096613,-0.8244515236277825
-31.272751239523956,-0.823844024209991
-31.2681925129513,-0.8232368378588295
-31.26363378637864,-0.8226299644856528
-31.259075059805983,-0.8220234040018201
-31.254516333233326,-0.8214171563186943
-31.24995760666067,-0.8208112213476356
-31.24539888008801,-0.8202055990000141
-31.240840153515354,-0.8196002891871993
-31.236281426942696,-0.8189952918205641
-31.23172270037004,-0.818390606811485
-31.22716397379738,-0.8177862340713395
-31.222605247224724,-0.8171821735115097
-31.218046520652067,-0.8165784250433807
-31.21348779407941,-0.815974988578339
-31.20892906750675,-0.8153718640277762
-31.204370340934094,-0.8147690513030842
-31.199811614361437,-0.8141665503156605
-31.19525288778878,-0.8135643609769031
-31.190694161216122,-0.8129624831982137
-31.186135434643464,-0.8123609168910004
-31.18157670807081,-0.8117596619666673
-31.177017981498153,-0.8111587183366274
-31.172459254925496,-0.8105580859122937
-31.16790052835284,-0.8099577646050815
-31.16334180178018,-0.8093577543264124
-31.158783075207523,-0.8087580549877086
-31.154224348634866,-0.8081586665003947
-31.14966562206221,-0.8075595887758996
-31.14510689548955,-0.8069608217256541
-31.140548168916894,-0.8063623652610934
-31.135989442344236,-0.8057642192936533
-31.13143071577158,-0.805166383734774
-31.12687198919892,-0.8045688584958989
-31.122313262626264,-0.8039716434884752
-31.117754536053607,-0.80337473862395
-31.11319580948095,-0.802778143813776
-31.10863708290829,-0.8021818589694062
-31.104078356335634,-0.8015858840023017
-31.099519629762977,-0.8009902188239202
-31.09496090319032,-0.8003948633457266
-31.090402176617662,-0.7997998174791873
-31.085843450045008,-0.7992050811357719
-31.08128472347235,-0.7986106542269521
-31.076725996899693,-0.7980165366642041
-31.072167270327036,-0.7974227283590057
-31.06760854375438,-0.7968292292228383
-31.06304981718172,-0.7962360391671867
-31.058491090609063,-0.7956431581035366
-31.053932364036406,-0.7950505859433804
-31.04937363746375,-0.7944583225982096
-31.04481491089109,-0.7938663679795209
-31.040256184318434,-0.7932747219988133
-31.035697457745776,-0.7926833845675889
-31.03113873117312,-0.7920923555973524
-31.02658000460046,-0.7915016349996126
-31.022021278027804,-0.7909112226858788
-31.017462551455147,-0.7903211185676666
-31.01290382488249,-0.789731322556493
-31.00834509830983,-0.7891418345638747
-31.003786371737174,-0.7885526545013388
-30.999227645164517,-0.7879637822804091
-30.99466891859186,-0.7873752178126132
-30.990110192019205,-0.7867869610094851
-30.985551465446548,-0.7861990117825581
-30.98099273887389,-0.7856113700433702
-30.976434012301233,-0.7850240357034626
-30.971875285728576,-0.784437008674378
-30.96731655915592,-0.7838502888676645
-30.96275783258326,-0.7832638761948711
-30.958199106010603,-0.7826777705675494
-30.953640379437946,-0.7820919718972567
-30.94908165286529,-0.7815064800955508
-30.94452292629263,-0.7809212950739937
-30.939964199719974,-0.7803364167441492
-30.935405473147316,-0.7797518450175854
-30.93084674657466,-0.7791675798058737
-30.926288020002,-0.7785836210205873
-30.921729293429344,-0.7779999685733026
-30.917170566856687,-0.7774166223755982
-30.91261184028403,-0.776833582339059
-30.90805311371137,-0.7762508483752698
-30.903494387138714,-0.7756684203958176
-30.898935660566057,-0.7750862983122965
-30.894376933993403,-0.7745044820362994
-30.889818207420745,-0.7739229714794247
-30.885259480848088,-0.7733417665532735
-30.88070075427543,-0.7727608671694477
-30.876142027702773,-0.7721802732395568
-30.871583301130116,-0.7715999846752082
-30.86702457455746,-0.7710200013880166
-30.8624658479848,-0.770440323289596
-30.857907121412143,-0.7698609502915659
-30.853348394839486,-0.7692818823055492
-30.84878966826683,-0.7687031192431688
-30.84423094169417,-0.7681246610160535
-30.839672215121514,-0.7675465075358354
-30.835113488548856,-0.7669686587141467
-30.8305547619762,-0.7663911144626255
-30.82599603540354,-0.7658138746929105
-30.821437308830884,-0.7652369393166463
-30.816878582258227,-0.7646603082454781
-30.81231985568557,-0.7640839813910553
-30.80776112911291,-0.7635079586650289
-30.803202402540254,-0.7629322399790565
-30.7986436759676,-0.7623568252447949
-30.794084949394943,-0.7617817143739047
-30.789526222822285,-0.7612069072780514
-30.784967496249628,-0.7606324038689019
-30.78040876967697,-0.7600582040581261
-30.775850043104313,-0.7594843077573991
-30.771291316531656,-0.758910714878396
-30.766732589959,-0.758337425332796
-30.76217386338634,-0.7577644390322842
-30.757615136813683,-0.7571917558885433
-30.753056410241026,-0.7566193758132636
-30.74849768366837,-0.7560472987181364
-30.74393895709571,-0.7554755245148563
-30.739380230523054,-0.7549040531151222
-30.734821503950396,-0.754332884430635
-30.73026277737774,-0.7537620183730969
-30.72570405080508,-0.7531914548542179
-30.721145324232424,-0.7526211937857056
-30.716586597659767,-0.752051235079275
-30.71202787108711,-0.7514815786466411
-30.70746914451445,-0.7509122243995245
-30.702910417941798,-0.7503431722496472
-30.69835169136914,-0.7497744221087342
-30.693792964796483,-0.7492059738885148
-30.689234238223825,-0.7486378275007198
-30.684675511651168,-0.7480699828570847
-30.68011678507851,-0.7475024398693474
-30.675558058505853,-0.7469351984492486
-30.670999331933196,-0.7463682585085316
-30.66644060536054,-0.7458016199589452
-30.66188187878788,-0.7452352827122382
-30.657323152215223,-0.7446692466801643
-30.652764425642566,-0.74410351177448
-30.64820569906991,-0.7435380779069433
-30.64364697249725,-0.7429729449893193
-30.639088245924594,-0.7424081129333724
-30.634529519351936,-0.7418435816508703
-30.62997079277928,-0.7412793510535868
-30.62541206620662,-0.7407154210532954
-30.620853339633964,-0.7401517915617736
-30.616294613061307,-0.7395884624908042
-30.61173588648865,-0.7390254337521711
-30.607177159915995,-0.7384627052576612
-30.602618433343338,-0.7379002769190643
-30.59805970677068,-0.7373381486481746
-30.593500980198023,-0.7367763203567884
-30.588942253625365,-0.7362147919567066
-30.584383527052708,-0.735653563359731
-30.57982480048005,-0.7350926344776676
-30.575266073907393,-0.7345320052223253
-30.570707347334736,-0.7339716755055168
-30.56614862076208,-0.7334116452390583
-30.56158989418942,-0.732851914334766
-30.557031167616763,-0.7322924827044642
-30.552472441044106,-0.731733350259975
-30.54791371447145,-0.7311745169131283
-30.54335498789879,-0.7306159825757534
-30.538796261326134,-0.7300577471596859
-30.534237534753476,-0.7294998105767615
-30.52967880818082,-0.7289421727388211
-30.52512008160816,-0.7283848335577089
-30.520561355035504,-0.7278277929452703
-30.516002628462847,-0.7272710508133562
-30.511443901890193,-0.7267146070738189
-30.506885175317535,-0.7261584616385139
-30.502326448744878,-0.7256026144193011
-30.49776772217222,-0.7250470653280421
-30.493208995599563,-0.7244918142766023
-30.488650269026905,-0.723936861176851
-30.484091542454248,-0.7233822059406603
-30.47953281588159,-0.722827848479903
-30.474974089308933,-0.7222737887064593
-30.470415362736276,-0.7217200265322091
-30.46585663616362,-0.721166561869037
-30.46129790959096,-0.72061339462883
-30.456739183018303,-0.7200605247234795
-30.452180456445646,-0.7195079520648786
-30.44762172987299,-0.7189556765649248
-30.44306300330033,-0.7184036981355176
-30.438504276727674,-0.7178520166885611
-30.433945550155016,-0.7173006321359604
-30.42938682358236,-0.7167495443896262
-30.4248280970097,-0.7161987533614707
-30.420269370437044,-0.71564825896341
-30.41571064386439,-0.7150980611073631
-30.411151917291733,-0.7145481597052515
-30.406593190719075,-0.7139985546690012
-30.402034464146418,-0.7134492459105412
-30.39747573757376,-0.7129002333418025
-30.392917011001103,-0.7123515168747205
-30.388358284428445,-0.7118030964212329
-30.383799557855788,-0.7112549718932809
-30.37924083128313,-0.7107071432028086
-30.374682104710473,-0.7101596102617657
-30.370123378137816,-0.7096123729821006
-30.36556465156516,-0.7090654312757679
-30.3610059249925,-0.7085187850547255
-30.356447198419843,-0.7079724342309329
-30.351888471847186,-0.7074263787163536
-30.34732974527453,-0.706880618422956
-30.34277101870187,-0.7063351532627073
-30.338212292129214,-0.7057899831475831
-30.333653565556556,-0.7052451079895578
-30.3290948389839,-0.7047005277006125
-30.32453611241124,-0.7041562421927287
-30.319977385838587,-0.7036122513778938
-30.31541865926593,-0.7030685551680956
-30.310859932693273,-0.7025251534753258
-30.306301206120615,-0.7019820462115811
-30.301742479547958,-0.7014392332888599
-30.2971837529753,-0.7008967146191644
-30.292625026402643,-0.7003544901144994
-30.288066299829985,-0.6998125596868723
-30.283507573257328,-0.6992709232482968
-30.27894884668467,-0.6987295807107864
-30.274390120112013,-0.6981885319863581
-30.269831393539356,-0.6976477769870346
-30.2652726669667,-0.6971073156248402
-30.26071394039404,-0.6965671478118016
-30.256155213821383,-0.6960272734599505
-30.251596487248726,-0.6954876924813206
-30.24703776067607,-0.6949484047879484
-30.24247903410341,-0.6944094102918763
-30.237920307530754,-0.6938707089051463
-30.233361580958096,-0.6933323005398055
-30.22880285438544,-0.6927941851079054
-30.224244127812785,-0.6922563625214989
-30.219685401240127,-0.6917188326926414
-30.21512667466747,-0.6911815955333948
-30.210567948094813,-0.6906446509558201
-30.206009221522155,-0.6901079988719846
-30.201450494949498,-0.6895716391939586
-30.19689176837684,-0.6890355718338139
-30.192333041804183,-0.6884997967036275
-30.187774315231525,-0.6879643137154772
-30.183215588658868,-0.6874291227814469
-30.17865686208621,-0.6868942238136225
-30.174098135513553,-0.6863596167240924
-30.169539408940896,-0.6858253014249488
-30.16498068236824,-0.6852912778282877
-30.16042195579558,-0.684757545846208
-30.155863229222923,-0.6842241053908112
-30.151304502650266,-0.6836909563742031
-30.14674577607761,-0.6831580987084922
-30.14218704950495,-0.6826255323057896
-30.137628322932294,-0.6820932570782111
-30.133069596359636,-0.6815612729378746
-30.128510869786982,-0.6810295797969033
-30.123952143214325,-0.6804981775674194
-30.119393416641667,-0.679967066161553
-30.11483469006901,-0.6794362454914347
-30.110275963496353,-0.6789057154691995
-30.105717236923695,-0.6783754760069856
-30.101158510351038,-0.6778455270169327
-30.09659978377838,-0.677315868411187
-30.092041057205723,-0.6767865001018954
-30.087482330633065,-0.6762574220012098
-30.082923604060408,-0.675728634021283
-30.07836487748775,-0.6752001360742743
-30.073806150915093,-0.6746719280723429
-30.069247424342436,-0.6741440099276547
-30.06468869776978,-0.6736163815523756
-30.06012997119712,-0.673089042858677
-30.055571244624463,-0.6725619937587328
-30.051012518051806,-0.6720352341647206
-30.04645379147915,-0.6715087639888201
-30.04189506490649,-0.6709825831432159
-30.037336338333834,-0.6704566915400952
-30.03277761176118,-0.6699310890916492
-30.028218885188522,-0.6694057757100693
-30.023660158615865,-0.6688807513075555
-30.019101432043207,-0.6683560157963051
-30.01454270547055,-0.6678315690885239
-30.009983978897893,-0.6673074110964184
-30.005425252325235,-0.6667835417321992
-30.000866525752578,-0.6662599609080789
-29.99630779917992,-0.6657366685362746
-29.991749072607263,-0.6652136645290069
-29.987190346034605,-0.664690948798499
-29.982631619461948,-0.6641685212569776
-29.97807289288929,-0.663646381816674
-29.973514166316633,-0.6631245303898199
-29.968955439743976,-0.6626029668886525
-29.96439671317132,-0.6620816912254126
-29.95983798659866,-0.6615607033123426
-29.955279260026003,-0.6610400030616908
-29.950720533453346,-0.660519590385705
-29.94616180688069,-0.6599994651966401
-29.94160308030803,-0.6594796274067528
-29.937044353735377,-0.6589600769283019
-29.93248562716272,-0.6584408136735518
-29.927926900590062,-0.657921837554769
-29.923368174017405,-0.6574031484842223
-29.918809447444747,-0.6568847463741871
-29.91425072087209,-0.6563666311369379
-29.909691994299433,-0.6558488026847563
-29.905133267726775,-0.6553312609299251
-29.900574541154118,-0.6548140057847306
-29.89601581458146,-0.6542970371614633
-29.891457088008803,-0.6537803549724166
-29.886898361436145,-0.6532639591298862
-29.882339634863488,-0.6527478495461733
-29.87778090829083,-0.6522320261335806
-29.873222181718173,-0.6517164888044151
-29.868663455145516,-0.6512012374709862
-29.86410472857286,-0.650686272045609
-29.8595460020002,-0.6501715924405992
-29.854987275427543,-0.649657198568276
-29.850428548854886,-0.6491430903409643
-29.84586982228223,-0.6486292676709905
-29.841311095709575,-0.6481157304706846
-29.836752369136917,-0.6476024786523806
-29.83219364256426,-0.6470895121284141
-29.827634915991602,-0.6465768308111275
-29.823076189418945,-0.6460644346128636
-29.818517462846287,-0.6455523234459685
-29.81395873627363,-0.6450404972227937
-29.809400009700973,-0.6445289558556924
-29.804841283128315,-0.644017699257021
-29.800282556555658,-0.6435067273391416
-29.795723829983,-0.6429960400144176
-29.791165103410343,-0.6424856371952149
-29.786606376837685,-0.6419755187939064
-29.782047650265028,-0.6414656847228644
-29.77748892369237,-0.640956134894467
-29.772930197119713,-0.640446869221095
-29.768371470547056,-0.6399378876151318
-29.7638127439744,-0.6394291899889654
-29.75925401740174,-0.6389207762549869
-29.754695290829083,-0.6384126463255905
-29.750136564256426,-0.6379048001131741
-29.745577837683772,-0.6373972375301385
-29.741019111111115,-0.6368899584888882
-29.736460384538457,-0.6363829629018314
-29.7319016579658,-0.6358762506813789
-29.727342931393142,-0.6353698217399448
-29.722784204820485,-0.6348636759899492
-29.718225478247827,-0.6343578133438111
-29.71366675167517,-0.6338522337139577
-29.709108025102513,-0.6333469370128154
-29.704549298529855,-0.632841923152817
-29.699990571957198,-0.6323371920463973
-29.69543184538454,-0.6318327436059942
-29.690873118811883,-0.6313285777440508
-29.686314392239225,-0.630824694373011
-29.681755665666568,-0.6303210934053249
-29.67719693909391,-0.6298177747534435
-29.672638212521253,-0.6293147383298234
-29.668079485948596,-0.6288119840469232
-29.66352075937594,-0.6283095118172047
-29.65896203280328,-0.6278073215531342
-29.654403306230623,-0.6273054131671809
-29.64984457965797,-0.6268037865718186
-29.645285853085312,-0.6263024416795216
-29.640727126512655,-0.6258013784027697
-29.636168399939997,-0.6253005966540458
-29.63160967336734,-0.6248000963458377
-29.627050946794682,-0.624299877390634
-29.622492220222025,-0.6237999397009283
-29.617933493649367,-0.6233002831892166
-29.61337476707671,-0.6228009077680001
-29.608816040504053,-0.6223018133497817
-29.604257313931395,-0.6218029998470681
-29.599698587358738,-0.6213044671723705
-29.59513986078608,-0.6208062152382023
-29.590581134213423,-0.6203082439570813
-29.586022407640765,-0.6198105532415268
-29.581463681068108,-0.6193131430040651
-29.57690495449545,-0.6188160131572228
-29.572346227922793,-0.6183191636135309
-29.567787501350136,-0.6178225942855239
-29.56322877477748,-0.6173263050857403
-29.55867004820482,-0.6168302959267211
-29.554111321632167,-0.6163345667210121
-29.54955259505951,-0.6158391173811611
-29.544993868486852,-0.6153439478197187
-29.540435141914195,-0.6148490579492423
-29.535876415341537,-0.6143544476822894
-29.53131768876888,-0.6138601169314226
-29.526758962196222,-0.6133660656092075
-29.522200235623565,-0.6128722936282135
-29.517641509050907,-0.612378800901013
-29.51308278247825,-0.6118855873401825
-29.508524055905593,-0.6113926528583008
-29.503965329332935,-0.6108999973679521
-29.499406602760278,-0.6104076207817215
-29.49484787618762,-0.6099155230121998
-29.490289149614963,-0.6094237039719808
-29.485730423042305,-0.6089321635736612
-29.481171696469648,-0.6084409017298413
-29.47661296989699,-0.6079499183531248
-29.472054243324333,-0.6074592133561197
-29.467495516751676,-0.6069687866514365
-29.46293679017902,-0.6064786381516901
-29.458378063606364,-0.6059887677694977
-29.453819337033707,-0.6054991754174811
-29.44926061046105,-0.6050098610082647
-29.444701883888392,-0.6045208244544777
-29.440143157315735,-0.6040320656687508
-29.435584430743077,-0.6035435845637205
-29.43102570417042,-0.6030553810520243
-29.426466977597762,-0.6025674550463064
-29.421908251025105,-0.602079806459211
-29.417349524452447,-0.6015924352033887
-29.41279079787979,-0.6011053411914917
-29.408232071307133,-0.6006185243361756
-29.403673344734475,-0.6001319845501014
-29.399114618161818,-0.5996457217459327
-29.39455589158916,-0.5991597358363356
-29.389997165016503,-0.598674026733981
-29.385438438443845,-0.5981885943515427
-29.380879711871188,-0.5977034386016976
-29.37632098529853,-0.597218559397128
-29.371762258725873,-0.596733956650517
-29.367203532153216,-0.596249630274553
-29.362644805580562,-0.595765580181928
-29.358086079007904,-0.5952818062853368
-29.353527352435247,-0.594798308497478
-29.34896862586259,-0.5943150867310525
-29.344409899289932,-0.5938321408987688
-29.339851172717275,-0.593349470913333
-29.335292446144617,-0.5928670766874594
-29.33073371957196,-0.5923849581338642
-29.326174992999302,-0.5919031151652673
-29.321616266426645,-0.5914215476943909
-29.317057539853987,-0.5909402556339632
-29.31249881328133,-0.5904592388967134
-29.307940086708673,-0.5899784973953757
-29.303381360136015,-0.5894980310426887
-29.298822633563358,-0.5890178397513919
-29.2942639069907,-0.588537923434231
-29.289705180418043,-0.5880582820039534
-29.285146453845385,-0.587578915373311
-29.280587727272728,-0.587099823455059
-29.27602900070007,-0.5866210061619559
-29.271470274127413,-0.5861424634067652
-29.26691154755476,-0.585664195102251
-29.2623528209821,-0.5851862011611841
-29.257794094409444,-0.5847084814963363
-29.253235367836787,-0.5842310360204854
-29.24867664126413,-0.5837538646464109
-29.244117914691472,-0.5832769672868967
-29.239559188118815,-0.5828003438547293
-29.235000461546157,-0.5823239942627005
-29.2304417349735,-0.5818479184236042
-29.225883008400842,-0.5813721162502382
-29.221324281828185,-0.5808965876554045
-29.216765555255527,-0.580421332551908
-29.21220682868287,-0.5799463508525567
-29.207648102110213,-0.5794716424701639
-29.203089375537555,-0.5789972073175454
-29.198530648964898,-0.57852304530752
-29.19397192239224,-0.5780491563529105
-29.189413195819583,-0.5775755403665445
-29.184854469246925,-0.577102197261251
-29.180295742674268,-0.576629126949864
-29.17573701610161,-0.5761563293452215
-29.171178289528957,-0.5756838043601649
-29.1666195629563,-0.5752115519075364
-29.16206083638364,-0.5747395719001865
-29.157502109810984,-0.5742678642509654
-29.152943383238327,-0.5737964288727294
-29.14838465666567,-0.5733252656783364
-29.143825930093012,-0.5728543745806495
-29.139267203520355,-0.5723837554925354
-29.134708476947697,-0.5719134083268627
-29.13014975037504,-0.5714433329965053
-29.125591023802382,-0.5709735294143397
-29.121032297229725,-0.5705039974932463
-29.116473570657067,-0.57003473714611
-29.11191484408441,-0.5695657482858186
-29.107356117511753,-0.5690970308252625
-29.102797390939095,-0.5686285846773371
-29.098238664366438,-0.5681604097549413
-29.09367993779378,-0.567692505970977
-29.089121211221123,-0.5672248732383498
-29.084562484648465,-0.5667575114699694
-29.080003758075808,-0.5662904205787485
-29.075445031503154,-0.5658236004776047
-29.070886304930497,-0.5653570510794574
-29.06632757835784,-0.564890772297231
-29.06176885178518,-0.5644247640438527
-29.057210125212524,-0.5639590262322537
-29.052651398639867,-0.5634935587753696
-29.04809267206721,-0.5630283615861373
-29.043533945494552,-0.5625634345775004
-29.038975218921895,-0.562098777662404
-29.034416492349237,-0.5616343907537978
-29.02985776577658,-0.5611702737646337
-29.025299039203922,-0.56070642660787
-29.020740312631265,-0.5602428491964657
-29.016181586058607,-0.5597795414433854
-29.01162285948595,-0.5593165032615959
-29.007064132913293,-0.5588537345640698
-29.002505406340635,-0.558391235263781
-28.997946679767978,-0.557929005273708
-28.99338795319532,-0.5574670445068328
-28.988829226622663,-0.5570053528761423
-28.984270500050005,-0.5565439302946245
-28.97971177347735,-0.5560827766752735
-28.975153046904694,-0.5556218919310862
-28.970594320332037,-0.5551612759750627
-28.96603559375938,-0.554700928720207
-28.96147686718672,-0.5542408500795277
-28.956918140614064,-0.553781039966035
-28.952359414041407,-0.5533214982927452
-28.94780068746875,-0.5528622249726759
-28.943241960896092,-0.5524032199188503
-28.938683234323435,-0.5519444830442949
-28.934124507750777,-0.5514860142620395
-28.92956578117812,-0.5510278134851164
-28.925007054605462,-0.5505698806265635
-28.920448328032805,-0.5501122155994217
-28.915889601460147,-0.5496548183167356
-28.91133087488749,-0.5491976886915534
-28.906772148314833,-0.5487408266369261
-28.902213421742175,-0.5482842320659113
-28.897654695169518,-0.5478279048915661
-28.89309596859686,-0.5473718450269546
-28.888537242024203,-0.5469160523851428
-28.88397851545155,-0.5464605268792023
-28.87941978887889,-0.5460052684222053
-28.874861062306234,-0.5455502769272306
-28.870302335733577,-0.5450955523073593
-28.86574360916092,-0.5446410944756769
-28.86118488258826,-0.5441869033452715
-28.856626156015604,-0.5437329788292369
-28.852067429442947,-0.5432793208406677
-28.84750870287029,-0.5428259292926646
-28.842949976297632,-0.542372804098331
-28.838391249724975,-0.5419199451707747
-28.833832523152317,-0.5414673524231068
-28.82927379657966,-0.5410150257684412
-28.824715070007002,-0.5405629651198972
-28.820156343434345,-0.5401111703905968
-28.815597616861687,-0.5396596414936653
-28.81103889028903,-0.5392083783422329
-28.806480163716373,-0.5387573808494325
-28.801921437143715,-0.5383066489284019
-28.797362710571058,-0.5378561824922811
-28.7928039839984,-0.5374059814542149
-28.788245257425746,-0.5369560457273522
-28.78368653085309,-0.5365063752248436
-28.77912780428043,-0.536056969859846
-28.774569077707774,-0.5356078295455171
-28.770010351135117,-0.5351589541950218
-28.76545162456246,-0.534710343721527
-28.7608928979898,-0.5342619980382023
-28.756334171417144,-0.5338139170582223
-28.751775444844487,-0.5333661006947655
-28.74721671827183,-0.5329185488610138
-28.742657991699172,-0.5324712614701517
-28.738099265126515,-0.5320242384353694
-28.733540538553857,-0.53157747966986
-28.7289818119812,-0.53113098508682
-28.724423085408542,-0.5306847545994503
-28.719864358835885,-0.5302387881209555
-28.715305632263227,-0.5297930855645426
-28.71074690569057,-0.5293476468434235
-28.706188179117913,-0.5289024718708154
-28.701629452545255,-0.5284575605599358
-28.697070725972598,-0.5280129128240088
-28.692511999399944,-0.5275685285762609
-28.687953272827286,-0.5271244077299228
-28.68339454625463,-0.5266805501982283
-28.67883581968197,-0.5262369558944164
-28.674277093109314,-0.5257936247317284
-28.669718366536657,-0.5253505566234106
-28.665159639964,-0.5249077514827115
-28.66060091339134,-0.5244652092228856
-28.656042186818684,-0.524022929757189
-28.651483460246027,-0.5235809129988828
-28.64692473367337,-0.5231391588612307
-28.642366007100712,-0.5226976672575026
-28.637807280528055,-0.5222564381009689
-28.633248553955397,-0.5218154713049068
-28.62868982738274,-0.5213747667825956
-28.624131100810082,-0.5209343244473182
-28.619572374237425,-0.5204941442123621
-28.615013647664767,-0.520054225991019
-28.61045492109211,-0.5196145696965829
-28.605896194519453,-0.519175175242353
-28.601337467946795,-0.5187360425416315
-28.59677874137414,-0.5182971715077246
-28.592220014801484,-0.5178585620539422
-28.587661288228826,-0.5174202140935974
-28.58310256165617,-0.5169821275400092
-28.57854383508351,-0.5165443023064983
-28.573985108510854,-0.5161067383063891
-28.569426381938197,-0.5156694354530126
-28.56486765536554,-0.5152323936596998
-28.56030892879288,-0.5147956128397883
-28.555750202220224,-0.5143590929066173
-28.551191475647567,-0.5139228337735325
-28.54663274907491,-0.5134868353538816
-28.542074022502252,-0.5130510975610163
-28.537515295929595,-0.512615620308292
-28.532956569356937,-0.5121804035090682
-28.52839784278428,-0.5117454470767089
-28.523839116211622,-0.5113107509245804
-28.519280389638965,-0.5108763149660546
-28.514721663066307,-0.510442139114505
-28.51016293649365,-0.510008223283312
-28.505604209920993,-0.5095745673858568
-28.50104548334834,-0.5091411713355264
-28.49648675677568,-0.5087080350457098
-28.491928030203024,-0.5082751584298015
-28.487369303630366,-0.5078425414011996
-28.48281057705771,-0.5074101838733057
-28.47825185048505,-0.5069780857595251
-28.473693123912394,-0.5065462469732668
-28.469134397339737,-0.5061146674279446
-28.46457567076708,-0.5056833470369755
-28.46001694419442,-0.5052522857137792
-28.455458217621764,-0.5048214833717811
-28.450899491049107,-0.5043909399244104
-28.44634076447645,-0.5039606552850986
-28.441782037903792,-0.5035306293672824
-28.437223311331135,-0.5031008620844012
-28.432664584758477,-0.5026713533499
-28.42810585818582,-0.502242103077225
-28.423547131613162,-0.5018131111798301
-28.418988405040505,-0.5013843775711687
-28.414429678467847,-0.5009559021647016
-28.40987095189519,-0.500527684873891
-28.405312225322536,-0.5000997256122057
-28.40075349874988,-0.4996720242931144
-28.39619477217722,-0.4992445808300931
-28.391636045604564,-0.4988173951366206
-28.387077319031906,-0.4983904671261789
-28.38251859245925,-0.49796379671225555
-28.37795986588659,-0.49753738380834006
-28.373401139313934,-0.49711122832792665
-28.368842412741277,-0.4966853301845137
-28.36428368616862,-0.49625968929160275
-28.35972495959596,-0.4958343055627003
-28.355166233023304,-0.4954091789113156
-28.350607506450647,-0.4949843092509627
-28.34604877987799,-0.4945596964951587
-28.341490053305332,-0.49413534055742514
-28.336931326732675,-0.49371124135128697
-28.332372600160017,-0.4932873987902743
-28.32781387358736,-0.4928638127879198
-28.323255147014702,-0.4924404832577596
-28.318696420442045,-0.4920174101133356
-28.314137693869387,-0.4915945932681919
-28.309578967296734,-0.4911720326358785
-28.305020240724076,-0.4907497281299464
-28.30046151415142,-0.4903276796639525
-28.29590278757876,-0.48990588715145716
-28.291344061006104,-0.4894843505060257
-28.286785334433446,-0.4890630696412245
-28.28222660786079,-0.4886420444706273
-28.27766788128813,-0.48822127490780953
-28.273109154715474,-0.48780076086635094
-28.268550428142817,-0.4873805022598354
-28.26399170157016,-0.486960499001851
-28.2594329749975,-0.4865407510059892
-28.254874248424844,-0.4861212581858465
-28.250315521852187,-0.4857020204550208
-28.24575679527953,-0.4852830377271165
-28.241198068706872,-0.48486430991574136
-28.236639342134215,-0.48444583693450544
-28.232080615561557,-0.4840276186970257
-28.2275218889889,-0.48360965511692
-28.222963162416242,-0.4831919461078123
-28.218404435843585,-0.4827744915833288
-28.21384570927093,-0.4823572914571015
-28.209286982698274,-0.4819403456427641
-28.204728256125616,-0.4815236540539565
-28.20016952955296,-0.48110721660432115
-28.1956108029803,-0.48069103320750506
-28.191052076407644,-0.4802751037771583
-28.186493349834986,-0.47985942822693567
-28.18193462326233,-0.47944400647049684
-28.17737589668967,-0.4790288384215029
-28.172817170117014,-0.47861392399362085
-28.168258443544357,-0.47819926310052174
-28.1636997169717,-0.47778485565587914
-28.15914099039904,-0.47737070157337175
-28.154582263826384,-0.4769568007666823
-28.150023537253727,-0.4765431531494962
-28.14546481068107,-0.4761297586355046
-28.140906084108412,-0.4757166171384012
-28.136347357535755,-0.4753037285718842
-28.131788630963097,-0.47489109284965597
-28.12722990439044,-0.47447870988542235
-28.122671177817782,-0.4740665795928936
-28.11811245124513,-0.4736547018857844
-28.11355372467247,-0.4732430766778113
-28.108994998099814,-0.4728317038826976
-28.104436271527156,-0.47242058341416876
-28.0998775449545,-0.4720097151859543
-28.09531881838184,-0.4715990991117895
-28.090760091809184,-0.4711887351054112
-28.086201365236526,-0.47077862308056145
-28.08164263866387,-0.4703687629509865
-28.07708391209121,-0.46995915463043614
-28.072525185518554,-0.46954979803266367
-28.067966458945897,-0.4691406930714281
-28.06340773237324,-0.4687318396604904
-28.05884900580058,-0.4683232377136166
-28.054290279227924,-0.4679148871445769
-28.049731552655267,-0.46750678786714467
-28.04517282608261,-0.4670989397950982
-28.040614099509952,-0.46669134284221986
-28.036055372937295,-0.46628399692229344
-28.031496646364637,-0.46587690194911124
-28.02693791979198,-0.4654700578364658
-28.022379193219326,-0.46506346449815594
-28.01782046664667,-0.4646571218479827
-28.01326174007401,-0.46425102979975197
-28.008703013501353,-0.46384518826727417
-28.004144286928696,-0.46343959716436256
-27.99958556035604,-0.46303425640483603
-27.99502683378338,-0.4626291659025157
-27.990468107210724,-0.4622243255712289
-27.985909380638066,-0.461819735324804
-27.98135065406541,-0.4614153950770761
-27.97679192749275,-0.4610113047418829
-27.972233200920094,-0.46060746423306664
-27.967674474347437,-0.4602038734644734
-27.96311574777478,-0.45980053234995344
-27.95855702120212,-0.4593974408033605
-27.953998294629464,-0.45899459873855386
-27.949439568056807,-0.45859200606939465
-27.94488084148415,-0.4581896627097495
-27.940322114911492,-0.4577875685734897
-27.935763388338835,-0.4573857235744881
-27.931204661766177,-0.4569841276266247
-27.926645935193523,-0.45658278064378083
-27.922087208620866,-0.45618168253984315
-27.91752848204821,-0.45578083322870294
-27.91296975547555,-0.4553802326242545
-27.908411028902893,-0.45497988064039613
-27.903852302330236,-0.45457977719103076
-27.89929357575758,-0.4541799221900656
-27.89473484918492,-0.45378031555141046
-27.890176122612264,-0.45338095718898175
-27.885617396039606,-0.4529818470166976
-27.88105866946695,-0.452582984948481
-27.87649994289429,-0.45218437089825964
-27.871941216321634,-0.45178600477996356
-27.867382489748977,-0.4513878865075294
-27.86282376317632,-0.4509900159948954
-27.85826503660366,-0.450592393156005
-27.853706310031004,-0.45019501790480676
-27.849147583458347,-0.449797890155251
-27.84458885688569,-0.4494010098212941
-27.840030130313032,-0.449004376816895
-27.835471403740375,-0.4486079910560179
-27.83091267716772,-0.4482118524526314
-27.826353950595063,-0.44781596092070614
-27.821795224022406,-0.44742031637421886
-27.81723649744975,-0.44702491872714956
-27.81267777087709,-0.44662976789348224
-27.808119044304433,-0.44623486378720545
-27.803560317731776,-0.4458402063223115
-27.79900159115912,-0.4454457954127965
-27.79444286458646,-0.4450516309726621
-27.789884138013804,-0.44465771291591194
-27.785325411441146,-0.44426404115655516
-27.78076668486849,-0.4438706156086047
-27.77620795829583,-0.44347743618607716
-27.771649231723174,-0.4430845028029942
-27.767090505150517,-0.44269181537338087
-27.76253177857786,-0.44229937381126616
-27.7579730520052,-0.4419071780306843
-27.753414325432544,-0.4415152279456724
-27.748855598859887,-0.44112352347027095
-27.74429687228723,-0.4407320645185271
-27.739738145714572,-0.44034085100449055
-27.735179419141918,-0.43994988284221526
-27.73062069256926,-0.439559159945759
-27.726061965996603,-0.4391686822291845
-27.721503239423946,-0.43877844960655726
-27.71694451285129,-0.43838846199194864
-27.71238578627863,-0.43799871929943335
-27.707827059705973,-0.43760922144308984
-27.703268333133316,-0.43721996833700005
-27.69870960656066,-0.43683095989525267
-27.694150879988,-0.43644219603193823
-27.689592153415344,-0.43605367666115197
-27.685033426842686,-0.43566540169699314
-27.68047470027003,-0.43527737105356534
-27.67591597369737,-0.43488958464497607
-27.671357247124714,-0.43450204238533846
-27.666798520552057,-0.43411474418876717
-27.6622397939794,-0.4337276899693829
-27.65768106740674,-0.43334087964130974
-27.653122340834084,-0.43295431311867666
-27.648563614261427,-0.43256799031561594
-27.64400488768877,-0.43218191114626403
-27.639446161116116,-0.4317960755247628
-27.634887434543458,-0.43141048336525645
-27.6303287079708,-0.43102513458189456
-27.625769981398143,-0.43064002908882987
-27.621211254825486,-0.43025516680022163
-27.61665252825283,-0.42987054763022986
-27.61209380168017,-0.4294861714930218
-27.607535075107513,-0.42910203830276655
-27.602976348534856,-0.4287181479736386
-27.5984176219622,-0.42833450041981685
-27.59385889538954,-0.4279510955554838
-27.589300168816884,-0.42756793329482584
-27.584741442244226,-0.42718501355203414
-27.58018271567157,-0.42680233624130387
-27.57562398909891,-0.4264199012768346
-27.571065262526254,-0.4260377085728297
-27.566506535953597,-0.4256557580434963
-27.56194780938094,-0.42527404960304666
-27.55738908280828,-0.4248925831656976
-27.552830356235624,-0.42451135864566797
-27.548271629662967,-0.42413037595718406
-27.543712903090313,-0.4237496350144732
-27.539154176517656,-0.42336913573176843
-27.534595449944998,-0.4229888780233065
-27.53003672337234,-0.4226088618033294
-27.525477996799683,-0.42222908698608247
-27.520919270227026,-0.42184955348581504
-27.51636054365437,-0.42147026121678155
-27.51180181708171,-0.4210912100932393
-27.507243090509053,-0.42071240002945093
-27.502684363936396,-0.42033383093968296
-27.49812563736374,-0.4199555027382065
-27.49356691079108,-0.41957741533929577
-27.489008184218424,-0.4191995686572302
-27.484449457645766,-0.41882196260629306
-27.47989073107311,-0.41844459710077253
-27.47533200450045,-0.41806747205495964
-27.470773277927794,-0.41769058738315096
-27.466214551355137,-0.41731394299964675
-27.46165582478248,-0.41693753881875106
-27.45709709820982,-0.4165613747547728
-27.452538371637164,-0.41618545072202523
-27.44797964506451,-0.41580976663482544
-27.443420918491853,-0.4154343224074945
-27.438862191919196,-0.4150591179543582
-27.434303465346538,-0.4146841531897469
-27.42974473877388,-0.41430942802799414
-27.425186012201223,-0.4139349423834379
-27.420627285628566,-0.4135606961704219
-27.41606855905591,-0.41318668930329283
-27.41150983248325,-0.41281292169640127
-27.406951105910593,-0.41243939326410345
-27.402392379337936,-0.4120661039207575
-27.39783365276528,-0.41169305358072855
-27.39327492619262,-0.41132024215838425
-27.388716199619964,-0.4109476695680972
-27.384157473047306,-0.41057533572424415
-27.37959874647465,-0.41020324054120627
-27.37504001990199,-0.40983138393336727
-27.370481293329334,-0.40945976581511845
-27.365922566756677,-0.40908838610085235
-27.36136384018402,-0.4087172447049676
-27.35680511361136,-0.4083463415418656
-27.352246387038708,-0.4079756765259543
-27.34768766046605,-0.4076052495716427
-27.343128933893393,-0.4072350605933469
-27.338570207320736,-0.40686510950548666
-27.334011480748078,-0.4064953962224847
-27.32945275417542,-0.4061259206587692
-27.324894027602763,-0.4057566827287724
-27.320335301030106,-0.4053876823469313
-27.31577657445745,-0.40501891942768575
-27.31121784788479,-0.4046503938854811
-27.306659121312133,-0.4042821056347673
-27.302100394739476,-0.40391405458999746
-27.29754166816682,-0.40354624066562894
-27.29298294159416,-0.4031786637761255
-27.288424215021504,-0.40281132383595203
-27.283865488448846,-0.4024442207595804
-27.27930676187619,-0.40207735446148557
-27.27474803530353,-0.40171072485614645
-27.270189308730874,-0.4013443318580475
-27.265630582158217,-0.40097817538167607
-27.26107185558556,-0.4006122553415252
-27.256513129012905,-0.4002465716520914
-27.251954402440248,-0.39988112422787486
-27.24739567586759,-0.3995159129833821
-27.242836949294933,-0.39915093783312194
-27.238278222722276,-0.39878619869160814
-27.233719496149618,-0.39842169547335965
-27.22916076957696,-0.3980574280928981
-27.224602043004303,-0.3976933964647517
-27.220043316431646,-0.3973296005034503
-27.21548458985899,-0.3969660401235304
-27.21092586328633,-0.39660271523953144
-27.206367136713673,-0.3962396257659981
-27.201808410141016,-0.39587677161747836
-27.19724968356836,-0.39551415270852514
-27.1926909569957,-0.3951517689536967
-27.188132230423044,-0.3947896202675529
-27.183573503850386,-0.3944277065646605
-27.17901477727773,-0.39406602775959
-27.17445605070507,-0.3937045837669156
-27.169897324132414,-0.3933433745012169
-27.165338597559757,-0.3929823998770761
-27.160779870987103,-0.3926216598090815
-27.156221144414445,-0.3922611542118255
-27.151662417841788,-0.39190088299990294
-27.14710369126913,-0.39154084608791584
-27.142544964696473,-0.3911810433904687
-27.137986238123815,-0.3908214748221714
-27.133427511551158,-0.3904621402976374
-27.1288687849785,-0.39010303973148497
-27.124310058405843,-0.3897441730383368
-27.119751331833186,-0.38938554013281895
-27.11519260526053,-0.38902714092956353
-27.11063387868787,-0.3886689753432056
-27.106075152115213,-0.3883110432883854
-27.101516425542556,-0.38795334467974746
-27.0969576989699,-0.38759587943194007
-27.09239897239724,-0.3872386474596169
-27.087840245824584,-0.3868816486774354
-27.083281519251926,-0.386524883000057
-27.07872279267927,-0.38616835034214814
-27.07416406610661,-0.3858120506183794
-27.069605339533954,-0.3854559837434265
-27.0650466129613,-0.3851001496319679
-27.060487886388643,-0.384744548198688
-27.055929159815985,-0.38438917935827493
-27.051370433243328,-0.38403404302542155
-27.04681170667067,-0.3836791391148239
-27.042252980098013,-0.38332446754118416
-27.037694253525355,-0.38297002821920834
-27.033135526952698,-0.38261582106360625
-27.02857680038004,-0.3822618459890931
-27.024018073807383,-0.38190810291038657
-27.019459347234726,-0.3815545917422117
-27.01490062066207,-0.3812013123992956
-27.01034189408941,-0.3808482647963705
-27.005783167516753,-0.3804954488481731
-27.001224440944096,-0.3801428644694446
-26.99666571437144,-0.3797905115749305
-26.99210698779878,-0.3794383900793807
-26.987548261226124,-0.3790864998975501
-26.982989534653466,-0.37873484094419607
-26.97843080808081,-0.3783834131340833
-26.97387208150815,-0.37803221638197876
-26.969313354935498,-0.377681250602655
-26.96475462836284,-0.3773305157108878
-26.960195901790183,-0.3769800116214584
-26.955637175217525,-0.37662973824915236
-26.951078448644868,-0.37627969550875956
-26.94651972207221,-0.3759298833150736
-26.941960995499553,-0.3755803015828939
-26.937402268926895,-0.37523095022702313
-26.932843542354238,-0.3748818291622695
-26.92828481578158,-0.37453293830344436
-26.923726089208923,-0.37418427756536443
-26.919167362636266,-0.3738358468628511
-26.91460863606361,-0.3734876461107289
-26.91004990949095,-0.37313967522382846
-26.905491182918293,-0.37279193411698336
-26.900932456345636,-0.37244442270503353
-26.89637372977298,-0.37209714090282076
-26.89181500320032,-0.3717500886251936
-26.887256276627664,-0.37140326578700383
-26.882697550055006,-0.37105667230310857
-26.87813882348235,-0.37071030808836847
-26.873580096909695,-0.3703641730576495
-26.869021370337038,-0.37001826712582087
-26.86446264376438,-0.3696725902077579
-26.859903917191723,-0.3693271422183396
-26.855345190619065,-0.3689819230724484
-26.850786464046408,-0.36863693268497366
-26.84622773747375,-0.3682921709708068
-26.841669010901093,-0.36794763784484513
-26.837110284328435,-0.36760333322199007
-26.832551557755778,-0.36725925701714734
-26.82799283118312,-0.3669154091452275
-26.823434104610463,-0.36657178952114533
-26.818875378037806,-0.3662283980598204
-26.81431665146515,-0.3658852346761762
-26.80975792489249,-0.36554229928514137
-26.805199198319833,-0.3651995918016487
-26.800640471747176,-0.36485711214063515
-26.79608174517452,-0.36451486021704343
-26.79152301860186,-0.3641728359458193
-26.786964292029204,-0.36383103924191373
-26.782405565456546,-0.3634894700202824
-26.777846838883892,-0.3631481281958851
-26.773288112311235,-0.36280701368368634
-26.768729385738578,-0.3624661263986544
-26.76417065916592,-0.3621254662557636
-26.759611932593263,-0.3617850331699912
-26.755053206020605,-0.3614448270563205
-26.750494479447948,-0.3611048478297378
-26.74593575287529,-0.36076509540523466
-26.741377026302633,-0.3604255696978076
-26.736818299729975,-0.36008627062245707
-26.732259573157318,-0.3597471980941879
-26.72770084658466,-0.35940835202801086
-26.723142120012003,-0.3590697323389387
-26.718583393439346,-0.3587313389419913
-26.71402466686669,-0.3583931717521908
-26.70946594029403,-0.3580552306845659
-26.704907213721373,-0.3577175156541487
-26.700348487148716,-0.35738002657597645
-26.69578976057606,-0.3570427633650905
-26.6912310340034,-0.3567057259365366
-26.686672307430744,-0.3563689142053653
-26.68211358085809,-0.35603232808663177
-26.677554854285432,-0.3556959674953965
-26.672996127712775,-0.35535983234672186
-26.668437401140118,-0.35502392255567866
-26.66387867456746,-0.3546882380373387
-26.659319947994803,-0.35435277870678145
-26.654761221422145,-0.35401754447908784
-26.650202494849488,-0.3536825352693454
-26.64564376827683,-0.3533477509926467
-26.641085041704173,-0.35301319156408684
-26.636526315131515,-0.35267885689876705
-26.631967588558858,-0.3523447469117927
-26.6274088619862,-0.3520108615182733
-26.622850135413543,-0.3516772006333238
-26.618291408840886,-0.351343764172063
-26.61373268226823,-0.35101055204961473
-26.60917395569557,-0.35067756418110757
-26.604615229122913,-0.3503448004816739
-26.600056502550256,-0.35001226086645104
-26.5954977759776,-0.3496799452505813
-26.59093904940494,-0.34934785354921133
-26.586380322832287,-0.3490159856774926
-26.58182159625963,-0.3486843415505802
-26.577262869686972,-0.34835292108363497
-26.572704143114315,-0.34802172419182165
-26.568145416541658,-0.3476907507903103
-26.563586689969,-0.3473600007942752
-26.559027963396343,-0.3470294741188942
-26.554469236823685,-0.3466991706793521
-26.549910510251028,-0.34636909039083597
-26.54535178367837,-0.346039233168539
-26.540793057105713,-0.34570959892765823
-26.536234330533055,-0.34538018758339567
-26.531675603960398,-0.34505099905095776
-26.52711687738774,-0.34472203324555545
-26.522558150815083,-0.34439329008240516
-26.517999424242426,-0.34406476947672654
-26.51344069766977,-0.34373647134374485
-26.50888197109711,-0.3434083955986905
-26.504323244524453,-0.3430805421567962
-26.499764517951796,-0.34275291093330224
-26.49520579137914,-0.34242550184345155
-26.490647064806485,-0.3420983148024933
-26.486088338233827,-0.3417713497256786
-26.48152961166117,-0.3414446065282663
-26.476970885088512,-0.34111808512551745
-26.472412158515855,-0.34079178543269995
-26.467853431943198,-0.3404657073650846
-26.46329470537054,-0.3401398508379476
-26.458735978797883,-0.3398142157665692
-26.454177252225225,-0.33948880206623555
-26.449618525652568,-0.3391636096522367
-26.44505979907991,-0.33883863843986645
-26.440501072507253,-0.338513888344425
-26.435942345934595,-0.3381893592812159
-26.431383619361938,-0.33786505116554777
-26.42682489278928,-0.3375409639127345
-26.422266166216623,-0.33721709743809375
-26.417707439643966,-0.3368934516569484
-26.41314871307131,-0.336570026484625
-26.40858998649865,-0.33624682183645715
-26.404031259925993,-0.3359238376277796
-26.399472533353336,-0.3356010737739356
-26.394913806780682,-0.3352785301902704
-26.390355080208025,-0.33495620679213434
-26.385796353635367,-0.33463410349488365
-26.38123762706271,-0.3343122202138779
-26.376678900490052,-0.33399055686448265
-26.372120173917395,-0.33366911336206617
-26.367561447344738,-0.3333478896220039
-26.36300272077208,-0.33302688555967364
-26.358443994199423,-0.33270610109045967
-26.353885267626765,-0.3323855361297504
-26.349326541054108,-0.3320651905929389
-26.34476781448145,-0.3317450643954224
-26.340209087908793,-0.33142515745260337
-26.335650361336135,-0.3311054696798892
-26.331091634763478,-0.33078600099269184
-26.32653290819082,-0.3304667513064272
-26.321974181618163,-0.33014772053651736
-26.317415455045506,-0.32982890859838737
-26.31285672847285,-0.32951031540746883
-26.30829800190019,-0.32919194087919684
-26.303739275327533,-0.3288737849290111
-26.29918054875488,-0.3285558474723573
-26.294621822182222,-0.3282381284246841
-26.290063095609565,-0.3279206277014467
-26.285504369036907,-0.32760334521810347
-26.28094564246425,-0.327286280890119
-26.276386915891592,-0.3269694346329606
-26.271828189318935,-0.3266528063621024
-26.267269462746277,-0.32633639599302267
-26.26271073617362,-0.326020203441203
-26.258152009600963,-0.32570422862213194
-26.253593283028305,-0.32538847145130156
-26.249034556455648,-0.3250729318442085
-26.24447582988299,-0.3247576097163543
-26.239917103310333,-0.32444250498324645
-26.235358376737675,-0.32412761756039504
-26.230799650165018,-0.3238129473633169
-26.22624092359236,-0.3234984943075319
-26.221682197019703,-0.32318425830856645
-26.217123470447046,-0.3228702392819507
-26.21256474387439,-0.32255643714321874
-26.20800601730173,-0.32224285180791173
-26.203447290729077,-0.3219294831915735
-26.19888856415642,-0.3216163312097535
-26.194329837583762,-0.3213033957780059
-26.189771111011105,-0.3209906768118892
-26.185212384438447,-0.3206781742269677
-26.18065365786579,-0.3203658879388095
-26.176094931293132,-0.3200538178629882
-26.171536204720475,-0.3197419639150815
-26.166977478147817,-0.319430326010672
-26.16241875157516,-0.3191189040653476
-26.157860025002503,-0.3188076979947011
-26.153301298429845,-0.3184967077143287
-26.148742571857188,-0.3181859331398334
-26.14418384528453,-0.3178753741868215
-26.139625118711873,-0.31756503077090426
-26.135066392139215,-0.31725490280769847
-26.130507665566558,-0.3169449902128254
-26.1259489389939,-0.31663529290191067
-26.121390212421243,-0.31632581079058514
-26.116831485848586,-0.3160165437944846
-26.11227275927593,-0.3157074918292493
-26.107714032703274,-0.31539865481052515
-26.103155306130617,-0.31509003265396107
-26.09859657955796,-0.3147816252752127
-26.094037852985302,-0.31447343258993926
-26.089479126412645,-0.3141654545138055
-26.084920399839987,-0.3138576909624809
-26.08036167326733,-0.3135501418516393
-26.075802946694672,-0.31324280709695973
-26.071244220122015,-0.3129356866141259
-26.066685493549357,-0.31262878031882735
-26.0621267669767,-0.3123220881267565
-26.057568040404043,-0.312015609953612
-26.053009313831385,-0.3117093457150972
-26.048450587258728,-0.31140329532691996
-26.04389186068607,-0.3110974587047934
-26.039333134113413,-0.3107918357644348
-26.034774407540755,-0.31048642642156693
-26.030215680968098,-0.310181230591917
-26.02565695439544,-0.3098762481912174
-26.021098227822783,-0.30957147913520566
-26.016539501250126,-0.30926692333962313
-26.011980774677472,-0.3089625807202171
-26.007422048104814,-0.30865845119273844
-26.002863321532157,-0.30835453467294444
-25.9983045949595,-0.30805083107659653
-25.993745868386842,-0.3077473403194609
-25.989187141814185,-0.3074440623173084
-25.984628415241527,-0.3071409969859152
-25.98006968866887,-0.3068381442410625
-25.975510962096212,-0.30653550399853596
-25.970952235523555,-0.3062330761741257
-25.966393508950897,-0.3059308606836282
-25.96183478237824,-0.3056288574428431
-25.957276055805583,-0.3053270663675761
-25.952717329232925,-0.3050254873736373
-25.948158602660268,-0.3047241203768417
-25.94359987608761,-0.3044229652930095
-25.939041149514953,-0.3041220220379654
-25.934482422942295,-0.3038212905275395
-25.929923696369638,-0.303520770677566
-25.92536496979698,-0.30322046240388445
-25.920806243224323,-0.30292036562233987
-25.91624751665167,-0.3026204802487816
-25.911688790079012,-0.30232080619906315
-25.907130063506354,-0.30202134338904424
-25.902571336933697,-0.3017220917345893
-25.89801261036104,-0.3014230511515667
-25.893453883788382,-0.30112422155585117
-25.888895157215725,-0.30082560286332044
-25.884336430643067,-0.3005271949898598
-25.87977770407041,-0.30022899785135665
-25.875218977497752,-0.29993101136370537
-25.870660250925095,-0.2996332354428044
-25.866101524352437,-0.29933567000455696
-25.86154279777978,-0.2990383149648714
-25.856984071207123,-0.29874117023966146
-25.852425344634465,-0.2984442357448454
-25.847866618061808,-0.2981475113963464
-25.84330789148915,-0.2978509971100922
-25.838749164916493,-0.29755469280201674
-25.834190438343835,-0.2972585983880577
-25.829631711771178,-0.2969627137841578
-25.82507298519852,-0.296667038906265
-25.820514258625867,-0.2963715736703334
-25.81595553205321,-0.29607631799231926
-25.811396805480552,-0.2957812717881859
-25.806838078907894,-0.2954864349739019
-25.802279352335237,-0.29519180746543944
-25.79772062576258,-0.294897389178776
-25.793161899189922,-0.29460318002989416
-25.788603172617265,-0.29430917993478223
-25.784044446044607,-0.2940153888094324
-25.77948571947195,-0.2937218065698426
-25.774926992899292,-0.29342843313201517
-25.770368266326635,-0.293135268411957
-25.765809539753977,-0.292842312325682
-25.76125081318132,-0.2925495647892068
-25.756692086608663,-0.29225702571855355
-25.752133360036005,-0.2919646950297507
-25.747574633463348,-0.2916725726388301
-25.74301590689069,-0.29138065846182937
-25.738457180318033,-0.2910889524147907
-25.733898453745375,-0.29079745441376187
-25.729339727172718,-0.2905061643747955
-25.724781000600064,-0.2902150822139485
-25.720222274027407,-0.2899242078472838
-25.71566354745475,-0.28963354119086854
-25.711104820882092,-0.2893430821607749
-25.706546094309434,-0.2890528306730809
-25.701987367736777,-0.288762786643869
-25.69742864116412,-0.28847294998922635
-25.692869914591462,-0.28818332062524554
-25.688311188018805,-0.28789389846802405
-25.683752461446147,-0.28760468343366485
-25.67919373487349,-0.2873156754382755
-25.674635008300832,-0.2870268743979679
-25.670076281728175,-0.2867382802288601
-25.665517555155517,-0.28644989284707456
-25.66095882858286,-0.28616171216873953
-25.656400102010203,-0.285873738109987
-25.651841375437545,-0.2855859705869551
-25.647282648864888,-0.28529840951578667
-25.64272392229223,-0.2850110548126298
-25.638165195719573,-0.2847239063936369
-25.633606469146915,-0.28443696417496583
-25.62904774257426,-0.2841502280727801
-25.624489016001604,-0.283863698003247
-25.619930289428947,-0.28357737388254045
-25.61537156285629,-0.28329125562683766
-25.610812836283632,-0.2830053431523227
-25.606254109710974,-0.2827196363751832
-25.601695383138317,-0.2824341352116131
-25.59713665656566,-0.2821488395778097
-25.592577929993002,-0.2818637493899775
-25.588019203420345,-0.28157886456432496
-25.583460476847687,-0.28129418501706516
-25.57890175027503,-0.2810097106644167
-25.574343023702372,-0.28072544142260397
-25.569784297129715,-0.280441377207855
-25.565225570557057,-0.28015751793640403
-25.5606668439844,-0.27987386352449034
-25.556108117411743,-0.279590413888358
-25.551549390839085,-0.2793071689442551
-25.546990664266428,-0.2790241286084374
-25.54243193769377,-0.27874129279716303
-25.537873211121113,-0.27845866142669734
-25.53331448454846,-0.2781762344133093
-25.5287557579758,-0.2778940116732733
-25.524197031403144,-0.2776119931228698
-25.519638304830487,-0.277330178678383
-25.51507957825783,-0.2770485682561033
-25.510520851685172,-0.2767671617723255
-25.505962125112514,-0.27648595914335
-25.501403398539857,-0.2762049602854815
-25.4968446719672,-0.2759241651150308
-25.492285945394542,-0.2756435735483136
-25.487727218821885,-0.2753631855016504
-25.483168492249227,-0.27508300089136656
-25.47860976567657,-0.27480301963379333
-25.474051039103912,-0.2745232416452668
-25.469492312531255,-0.27424366684212775
-25.464933585958597,-0.27396429514072285
-25.46037485938594,-0.2736851264574034
-25.455816132813283,-0.2734061607085257
-25.451257406240625,-0.2731273978104516
-25.446698679667968,-0.27284883767954826
-25.44213995309531,-0.27257048023218705
-25.437581226522656,-0.27229232538474546
-25.43302249995,-0.2720143730536054
-25.42846377337734,-0.27173662315515484
-25.423905046804684,-0.27145907560578575
-25.419346320232027,-0.2711817303218964
-25.41478759365937,-0.2709045872198892
-25.410228867086712,-0.27062764621617286
-25.405670140514054,-0.27035090722715965
-25.401111413941397,-0.2700743701692687
-25.39655268736874,-0.2697980349589236
-25.391993960796082,-0.2695219015125527
-25.387435234223425,-0.26924596974658976
-25.382876507650767,-0.26897023957747435
-25.37831778107811,-0.2686947109216501
-25.373759054505452,-0.2684193836955675
-25.369200327932795,-0.26814425781567996
-25.364641601360137,-0.26786933319844797
-25.36008287478748,-0.26759460976033617
-25.355524148214823,-0.26732008741781516
-25.350965421642165,-0.26704576608735986
-25.346406695069508,-0.2667716456854511
-25.341847968496854,-0.26649772612857475
-25.337289241924196,-0.2662240073332213
-25.33273051535154,-0.2659504892158875
-25.32817178877888,-0.2656771716930743
-25.323613062206224,-0.2654040546812884
-25.319054335633567,-0.265131138097042
-25.31449560906091,-0.26485842185685116
-25.309936882488252,-0.2645859058772392
-25.305378155915594,-0.2643135900747323
-25.300819429342937,-0.26404147436586467
-25.29626070277028,-0.2637695586671726
-25.291701976197622,-0.26349784289520006
-25.287143249624965,-0.2632263269664958
-25.282584523052307,-0.26295501079761235
-25.27802579647965,-0.26268389430510924
-25.273467069906992,-0.26241297740555
-25.268908343334335,-0.26214226001550406
-25.264349616761677,-0.2618717420515465
-25.25979089018902,-0.2616014234302562
-25.255232163616363,-0.26133130406821864
-25.250673437043705,-0.26106138388202377
-25.24611471047105,-0.2607916627882673
-25.241555983898394,-0.26052214070354984
-25.236997257325736,-0.2602528175444776
-25.23243853075308,-0.25998369322766146
-25.22787980418042,-0.25971476766971857
-25.223321077607764,-0.25944604078726946
-25.218762351035107,-0.25917751249694265
-25.21420362446245,-0.25890918271536933
-25.209644897889792,-0.25864105135918747
-25.205086171317134,-0.2583731183450402
-25.200527444744477,-0.258105383589575
-25.19596871817182,-0.25783784700944623
-25.191409991599162,-0.2575705085213114
-25.186851265026505,-0.257303368041835
-25.182292538453847,-0.2570364254876868
-25.17773381188119,-0.2567696807755404
-25.173175085308532,-0.256503133822076
-25.168616358735875,-0.25623678454397864
-25.164057632163217,-0.2559706328579392
-25.15949890559056,-0.25570467868065255
-25.154940179017903,-0.2554389219288205
-25.15038145244525,-0.25517336251914896
-25.14582272587259,-0.2549080003683492
-25.141263999299934,-0.25464283539313864
-25.136705272727276,-0.2543778675102394
-25.13214654615462,-0.25411309663637854
-25.12758781958196,-0.25384852268828995
-25.123029093009304,-0.25358414558271053
-25.118470366436647,-0.25331996523638456
-25.11391163986399,-0.25305598156606063
-25.109352913291332,-0.25279219448849277
-25.104794186718674,-0.2525286039204405
-25.100235460146017,-0.25226520977866923
-25.09567673357336,-0.25200201197994787
-25.091118007000702,-0.2517390104410525
-25.086559280428045,-0.2514762050787642
-25.082000553855387,-0.25121359580986874
-25.07744182728273,-0.2509511825511577
-25.072883100710072,-0.2506889652194278
-25.068324374137415,-0.2504269437314811
-25.063765647564757,-0.2501651180041253
-25.0592069209921,-0.24990348795417322
-25.054648194419446,-0.24964205349844357
-25.05008946784679,-0.249380814553759
-25.04553074127413,-0.24911977103694902
-25.040972014701474,-0.24885892286484784
-25.036413288128816,-0.248598269954295
-25.03185456155616,-0.2483378122221357
-25.0272958349835,-0.24807754958522013
-25.022737108410844,-0.24781748196040443
-25.018178381838187,-0.2475576092645495
-25.01361965526553,-0.24729793141452186
-25.009060928692872,-0.2470384483271936
-25.004502202120214,-0.24677915991944174
-24.999943475547557,-0.24652006610814922
-24.9953847489749,-0.24626116681020394
-24.990826022402242,-0.24600246194249975
-24.986267295829585,-0.24574395142193514
-24.981708569256927,-0.24548563516541458
-24.97714984268427,-0.24522751308984725
-24.972591116111612,-0.24496958511214864
-24.968032389538955,-0.24471185114923902
-24.963473662966297,-0.2444543111180446
-24.958914936393644,-0.24419696493549678
-24.954356209820986,-0.2439398125185312
-24.94979748324833,-0.24368285378409105
-24.94523875667567,-0.24342608864912318
-24.940680030103014,-0.2431695170305811
-24.936121303530356,-0.2429131388454226
-24.9315625769577,-0.24265695401061194
-24.92700385038504,-0.24240096244311804
-24.922445123812384,-0.24214516405991596
-24.917886397239727,-0.24188955877798504
-24.91332767066707,-0.24163414651431162
-24.908768944094412,-0.24137892718588602
-24.904210217521754,-0.24112390070970519
-24.899651490949097,-0.24086906700277055
-24.89509276437644,-0.2406144259820897
-24.890534037803782,-0.2403599775646751
-24.885975311231125,-0.24010572166754496
-24.881416584658467,-0.23985165820772342
-24.87685785808581,-0.23959778710223886
-24.872299131513152,-0.23934410826812616
-24.867740404940495,-0.23909062162242548
-24.86318167836784,-0.23883732708218253
-24.858622951795184,-0.2385842245644476
-24.854064225222526,-0.2383313139862774
-24.84950549864987,-0.2380785952647339
-24.84494677207721,-0.2378260683168845
-24.840388045504554,-0.23757373305980206
-24.835829318931896,-0.23732158941056503
-24.83127059235924,-0.2370696372862567
-24.82671186578658,-0.23681787660396691
-24.822153139213924,-0.2365663072807903
-24.817594412641267,-0.236314929233827
-24.81303568606861,-0.23606374238018324
-24.80847695949595,-0.23581274663697
-24.803918232923294,-0.2355619419213038
-24.799359506350637,-0.23531132815030723
-24.79480077977798,-0.23506090524110826
-24.790242053205322,-0.23481067311083997
-24.785683326632665,-0.23456063167664135
-24.781124600060007,-0.23431078085565618
-24.77656587348735,-0.2340611205650348
-24.772007146914692,-0.23381165072193247
-24.76744842034204,-0.23356237124351
-24.76288969376938,-0.23331328204693394
-24.758330967196724,-0.23306438304937604
-24.753772240624066,-0.2328156741680137
-24.74921351405141,-0.23256715532003003
-24.74465478747875,-0.2323188264226137
-24.740096060906094,-0.23207068739295852
-24.735537334333436,-0.2318227381482645
-24.73097860776078,-0.23157497860573623
-24.72641988118812,-0.23132740868258486
-24.721861154615464,-0.23108002829602614
-24.717302428042807,-0.23083283736328253
-24.71274370147015,-0.23058583580158085
-24.70818497489749,-0.2303390235281541
-24.703626248324834,-0.23009240046024126
-24.699067521752177,-0.22984596651508574
-24.69450879517952,-0.2295997216099371
-24.689950068606862,-0.22935366566205104
-24.685391342034205,-0.22910779858868804
-24.680832615461547,-0.22886212030711406
-24.67627388888889,-0.2286166307346017
-24.671715162316236,-0.22837132978842803
-24.66715643574358,-0.2281262173858759
-24.66259770917092,-0.22788129344423433
-24.658038982598264,-0.22763655788079715
-24.653480256025606,-0.2273920106128644
-24.64892152945295,-0.22714765155774141
-24.64436280288029,-0.22690348063273952
-24.639804076307634,-0.226659497755175
-24.635245349734976,-0.22641570284236984
-24.63068662316232,-0.22617209581165224
-24.62612789658966,-0.22592867658035554
-24.621569170017004,-0.22568544506581847
-24.617010443444347,-0.22544240118538622
-24.61245171687169,-0.22519954485640856
-24.60789299029903,-0.2249568759962416
-24.603334263726374,-0.22471439452224676
-24.598775537153717,-0.22447210035179094
-24.59421681058106,-0.22422999340224728
-24.589658084008402,-0.22398807359099412
-24.585099357435745,-0.2237463408354151
-24.580540630863087,-0.22350479505290022
-24.575981904290433,-0.2232634361608445
-24.571423177717776,-0.22302226407664882
-24.56686445114512,-0.2227812787177201
-24.56230572457246,-0.22254048000147042
-24.557746997999804,-0.22229986784531727
-24.553188271427146,-0.22205944216668472
-24.54862954485449,-0.2218192028830016
-24.54407081828183,-0.22157914991170288
-24.539512091709174,-0.22133928317022897
-24.534953365136516,-0.22109960257602596
-24.53039463856386,-0.22086010804654563
-24.5258359119912,-0.22062079949924562
-24.521277185418544,-0.2203816768515892
-24.516718458845887,-0.22014274002104467
-24.51215973227323,-0.21990398892508745
-24.50760100570057,-0.21966542348119691
-24.503042279127914,-0.21942704360685936
-24.498483552555257,-0.21918884921956594
-24.4939248259826,-0.21895084023681444
-24.489366099409942,-0.21871301657610748
-24.484807372837285,-0.21847537815495405
-24.48024864626463,-0.21823792489086793
-24.475689919691973,-0.21800065670136956
-24.471131193119316,-0.2177635735039844
-24.46657246654666,-0.21752667521624425
-24.462013739974,-0.21728996175568593
-24.457455013401344,-0.2170534330398529
-24.452896286828686,-0.21681708898629312
-24.44833756025603,-0.2165809295125609
-24.44377883368337,-0.21634495453621672
-24.439220107110714,-0.21610916397482577
-24.434661380538056,-0.21587355774596037
-24.4301026539654,-0.21563813576719695
-24.42554392739274,-0.21540289795611894
-24.420985200820084,-0.21516784423031451
-24.416426474247427,-0.21493297450737855
-24.41186774767477,-0.21469828870491114
-24.40730902110211,-0.21446378674051794
-24.402750294529454,-0.21422946853181105
-24.398191567956797,-0.21399533399640736
-24.39363284138414,-0.21376138305193035
-24.389074114811482,-0.21352761561600908
-24.384515388238828,-0.213294031606278
-24.37995666166617,-0.21306063094037753
-24.375397935093513,-0.21282741353595383
-24.370839208520856,-0.21259437931065886
-24.3662804819482,-0.21236152818215076
-24.36172175537554,-0.2121288600680925
-24.357163028802884,-0.21189637488615365
-24.352604302230226,-0.2116640725540095
-24.34804557565757,-0.21143195298934048
-24.34348684908491,-0.2112000161098335
-24.338928122512254,-0.21096826183318096
-24.334369395939596,-0.21073669007708126
-24.32981066936694,-0.21050530075923796
-24.32525194279428,-0.21027409379736134
-24.320693216221624,-0.2100430691091668
-24.316134489648967,-0.20981222661237584
-24.31157576307631,-0.2095815662247157
-24.30701703650365,-0.2093510878639194
-24.302458309930994,-0.20912079144772583
-24.297899583358337,-0.20889067689387986
-24.29334085678568,-0.2086607441201314
-24.288782130213026,-0.20843099304423762
-24.284223403640368,-0.20820142358395982
-24.27966467706771,-0.20797203565706643
-24.275105950495053,-0.2077428291813312
-24.270547223922396,-0.20751380407453365
-24.26598849734974,-0.20728496025445947
-24.26142977077708,-0.2070562976388996
-24.256871044204424,-0.20682781614565177
-24.252312317631766,-0.20659951569251847
-24.24775359105911,-0.2063713961973088
-24.24319486448645,-0.2061434575778375
-24.238636137913794,-0.20591569975192503
-24.234077411341136,-0.20568812263739786
-24.22951868476848,-0.2054607261520884
-24.22495995819582,-0.20523351021383454
-24.220401231623164,-0.20500647474048048
-24.215842505050507,-0.20477961964987593
-24.21128377847785,-0.2045529448598769
-24.20672505190519,-0.20432645028834492
-24.202166325332534,-0.20410013585314757
-24.197607598759877,-0.20387400147215817
-24.193048872187223,-0.20364804706325615
-24.188490145614566,-0.2034222725443265
-24.183931419041908,-0.20319667783326034
-24.17937269246925,-0.20297126284795464
-24.174813965896593,-0.2027460275063124
-24.170255239323936,-0.20252097172624228
-24.16569651275128,-0.20229609542565904
-24.16113778617862,-0.2020713985224833
-24.156579059605964,-0.20184688093464123
-24.152020333033306,-0.20162254258006557
-24.14746160646065,-0.20139838337669455
-24.14290287988799,-0.2011744032424724
-24.138344153315334,-0.20095060209534948
-24.133785426742676,-0.20072697985328164
-24.12922670017002,-0.200503536434231
-24.12466797359736,-0.2002802717561655
-24.120109247024704,-0.20005718573705933
-24.115550520452047,-0.19983427829489175
-24.11099179387939,-0.199611549347649
-24.10643306730673,-0.19938899881332275
-24.101874340734074,-0.19916662660991027
-24.09731561416142,-0.19894443265541617
-24.092756887588763,-0.1987224168678489
-24.088198161016106,-0.1985005791652245
-24.083639434443448,-0.19827891946556456
-24.07908070787079,-0.1980574376868964
-24.074521981298133,-0.19783613374725348
-24.069963254725476,-0.19761500756467526
-24.06540452815282,-0.1973940590572071
-24.06084580158016,-0.19717328814290044
-24.056287075007504,-0.19695269473981247
-24.051728348434846,-0.19673227876600669
-24.04716962186219,-0.1965120401395522
-24.04261089528953,-0.19629197877852442
-24.038052168716874,-0.19607209460100455
-24.033493442144216,-0.1958523875250803
-24.02893471557156,-0.19563285746884437
-24.0243759889989,-0.19541350435039626
-24.019817262426244,-0.19519432808784146
-24.015258535853587,-0.1949753285992912
-24.01069980928093,-0.19475650580286274
-24.00614108270827,-0.1945378596166794
-24.001582356135618,-0.19431938995887074
-23.99702362956296,-0.19410109674757192
-23.992464902990303,-0.19388297990092446
-23.987906176417646,-0.19366503933707532
-23.983347449844988,-0.19344727497417893
-23.97878872327233,-0.19322968673039387
-23.974229996699673,-0.19301227452388622
-23.969671270127016,-0.19279503827282754
-23.96511254355436,-0.19257797789539524
-23.9605538169817,-0.19236109330977305
-23.955995090409044,-0.19214438443415102
-23.951436363836386,-0.19192785118672442
-23.94687763726373,-0.19171149348569533
-23.94231891069107,-0.19149531124927185
-23.937760184118414,-0.1912793043956675
-23.933201457545756,-0.19106347284310266
-23.9286427309731,-0.19084781650980362
-23.92408400440044,-0.19063233531400195
-23.919525277827784,-0.19041702917393666
-23.914966551255127,-0.19020189800785142
-23.91040782468247,-0.18998694173399705
-23.905849098109815,-0.18977216027063004
-23.901290371537158,-0.18955755353601308
-23.8967316449645,-0.18934312144841425
-23.892172918391843,-0.18912886392610906
-23.887614191819186,-0.18891478088737812
-23.883055465246528,-0.18870087225050852
-23.87849673867387,-0.1884871379337932
-23.873938012101213,-0.18827357785553173
-23.869379285528556,-0.18806019193402904
-23.8648205589559,-0.1878469800875968
-23.86026183238324,-0.18763394223455263
-23.855703105810584,-0.18742107829322027
-23.851144379237926,-0.1872083881819295
-23.84658565266527,-0.1869958718190161
-23.84202692609261,-0.18678352912282242
-23.837468199519954,-0.18657136001169652
-23.832909472947296,-0.18635936440399267
-23.82835074637464,-0.18614754221807198
-23.82379201980198,-0.1859358933723004
-23.819233293229324,-0.18572441778505114
-23.814674566656667,-0.1855131153747031
-23.810115840084013,-0.1853019860596414
-23.805557113511355,-0.18509102975825756
-23.800998386938698,-0.18488024638894843
-23.79643966036604,-0.18466963587011798
-23.791880933793383,-0.18445919812017655
-23.787322207220726,-0.1842489330575392
-23.782763480648068,-0.18403884060062867
-23.77820475407541,-0.18382892066787315
-23.773646027502753,-0.1836191731777072
-23.769087300930096,-0.18340959804857127
-23.76452857435744,-0.18320019519891276
-23.75996984778478,-0.18299096454718444
-23.755411121212124,-0.1827819060118455
-23.750852394639466,-0.18257301951136168
-23.74629366806681,-0.1823643049642046
-23.74173494149415,-0.18215576228885216
-23.737176214921494,-0.18194739140378857
-23.732617488348836,-0.18173919222750415
-23.72805876177618,-0.18153116467849542
-23.72350003520352,-0.18132330867526522
-23.718941308630864,-0.18111562413632265
-23.71438258205821,-0.18090811098018275
-23.709823855485553,-0.18070076912536712
-23.705265128912895,-0.18049359849040336
-23.700706402340238,-0.18028659899382554
-23.69614767576758,-0.180079770554174
-23.691588949194923,-0.17987311308999493
-23.687030222622266,-0.17966662651984122
-23.682471496049608,-0.1794603107622716
-23.67791276947695,-0.17925416573585146
-23.673354042904293,-0.17904819135915248
-23.668795316331636,-0.178842387550752
-23.66423658975898,-0.17863675422923436
-23.65967786318632,-0.17843129131318963
-23.655119136613663,-0.17822599872121445
-23.650560410041006,-0.1780208763719115
-23.64600168346835,-0.17781592418389033
-23.64144295689569,-0.17761114207576592
-23.636884230323034,-0.17740652996616013
-23.632325503750376,-0.1772020877737011
-23.62776677717772,-0.1769978154170228
-23.62320805060506,-0.17679371281476594
-23.618649324032408,-0.1765897798855777
-23.61409059745975,-0.17638601654811098
-23.609531870887093,-0.17618242272102547
-23.604973144314435,-0.1759789983229866
-23.600414417741778,-0.17577574327266704
-23.59585569116912,-0.1755726574887448
-23.591296964596463,-0.17536974088990515
-23.586738238023806,-0.1751669933948388
-23.582179511451148,-0.1749644149222435
-23.57762078487849,-0.17476200539082284
-23.573062058305833,-0.17455976471928708
-23.568503331733176,-0.17435769282635277
-23.56394460516052,-0.17415578963074238
-23.55938587858786,-0.1739540550511856
-23.554827152015203,-0.1737524890064173
-23.550268425442546,-0.1735510914151801
-23.54570969886989,-0.1733498621962219
-23.54115097229723,-0.17314880126829735
-23.536592245724574,-0.17294790855016717
-23.532033519151916,-0.17274718396059902
-23.52747479257926,-0.17254662741836668
-23.522916066006605,-0.17234623884225034
-23.518357339433948,-0.17214601815103597
-23.51379861286129,-0.17194596526351694
-23.509239886288633,-0.1717460800984925
-23.504681159715975,-0.17154636257476805
-23.500122433143318,-0.17134681261115578
-23.49556370657066,-0.17114743012647438
-23.491004979998003,-0.1709482150395485
-23.486446253425346,-0.17074916726920938
-23.481887526852688,-0.17055028673429493
-23.47732880028003,-0.170351573353649
-23.472770073707373,-0.1701530270461222
-23.468211347134716,-0.1699546477305719
-23.46365262056206,-0.1697564353258609
-23.4590938939894,-0.1695583897508592
-23.454535167416743,-0.1693605109244434
-23.449976440844086,-0.1691627987654957
-23.44541771427143,-0.16896525319290562
-23.44085898769877,-0.16876787412556854
-23.436300261126114,-0.16857066148238667
-23.431741534553456,-0.16837361518226807
-23.427182807980802,-0.1681767351441284
-23.422624081408145,-0.16798002128688833
-23.418065354835488,-0.16778347352947623
-23.41350662826283,-0.16758709179082615
-23.408947901690173,-0.167390875989879
-23.404389175117515,-0.16719482604558214
-23.399830448544858,-0.16699894187688943
-23.3952717219722,-0.1668032234027608
-23.390712995399543,-0.16660767054216302
-23.386154268826886,-0.16641228321406984
-23.381595542254228,-0.1662170613374605
-23.37703681568157,-0.16602200483132146
-23.372478089108913,-0.16582711361464533
-23.367919362536256,-0.16563238760643129
-23.3633606359636,-0.16543782672568527
-23.35880190939094,-0.16524343089141927
-23.354243182818283,-0.16504920002265247
-23.349684456245626,-0.1648551340384098
-23.34512572967297,-0.16466123285772324
-23.34056700310031,-0.16446749639963124
-23.336008276527654,-0.1642739245831785
-23.331449549955,-0.164080517327417
-23.326890823382342,-0.16388727455140378
-23.322332096809685,-0.1636941961742041
-23.317773370237028,-0.16350128211488862
-23.31321464366437,-0.16330853229253506
-23.308655917091713,-0.16311594662622772
-23.304097190519055,-0.1629235250350574
-23.299538463946398,-0.1627312674381212
-23.29497973737374,-0.16253917375452306
-23.290421010801083,-0.1623472439033733
-23.285862284228426,-0.16215547780378922
-23.281303557655768,-0.16196387537489432
-23.27674483108311,-0.16177243653581866
-23.272186104510453,-0.1615811612056991
-23.267627377937796,-0.16139004930367915
-23.26306865136514,-0.16119910074890828
-23.25850992479248,-0.16100831546054342
-23.253951198219823,-0.16081769335774793
-23.249392471647166,-0.16062723435969115
-23.24483374507451,-0.16043693838554968
-23.24027501850185,-0.1602468053545065
-23.235716291929197,-0.16005683518575117
-23.23115756535654,-0.1598670277984802
-23.226598838783882,-0.1596773831118959
-23.222040112211225,-0.15948790104520827
-23.217481385638568,-0.15929858151763318
-23.21292265906591,-0.15910942444839354
-23.208363932493253,-0.15892042975671875
-23.203805205920595,-0.15873159736184456
-23.199246479347938,-0.15854292718301438
-23.19468775277528,-0.1583544191394768
-23.190129026202623,-0.15816607315048828
-23.185570299629966,-0.1579778891353116
-23.181011573057308,-0.15778986701321576
-23.17645284648465,-0.15760200670347707
-23.171894119911993,-0.15741430812537816
-23.167335393339336,-0.15722677119820844
-23.16277666676668,-0.15703939584126383
-23.15821794019402,-0.15685218197384723
-23.153659213621363,-0.1566651295152679
-23.149100487048706,-0.15647823838484257
-23.14454176047605,-0.15629150850189327
-23.139983033903395,-0.1561049397857501
-23.135424307330737,-0.15591853215574897
-23.13086558075808,-0.15573228553123306
-23.126306854185422,-0.15554619983155188
-23.121748127612765,-0.15536027497606192
-23.117189401040108,-0.15517451088412645
-23.11263067446745,-0.15498890747511507
-23.108071947894793,-0.15480346466840456
-23.103513221322135,-0.15461818238337824
-23.098954494749478,-0.1544330605394259
-23.09439576817682,-0.15424809905594436
-23.089837041604163,-0.15406329785233774
-23.085278315031506,-0.15387865684801574
-23.080719588458848,-0.1536941759623955
-23.07616086188619,-0.15350985511490117
-23.071602135313533,-0.1533256942249628
-23.067043408740876,-0.1531416932120183
-23.06248468216822,-0.15295785199551162
-23.05792595559556,-0.15277417049489347
-23.053367229022903,-0.1525906486296217
-23.048808502450246,-0.15240728631916084
-23.044249775877592,-0.15222408348298203
-23.039691049304935,-0.15204104004056343
-23.035132322732277,-0.15185815591138951
-23.03057359615962,-0.15167543101495265
-23.026014869586962,-0.15149286527075062
-23.021456143014305,-0.1513104585982893
-23.016897416441648,-0.15112821091708017
-23.01233868986899,-0.1509461221466425
-23.007779963296333,-0.15076419220650217
-23.003221236723675,-0.15058242101619113
-22.998662510151018,-0.1504008084952493
-22.99410378357836,-0.1502193545632229
-22.989545057005703,-0.15003805913966475
-22.984986330433046,-0.14985692214413487
-22.980427603860388,-0.14967594349620014
-22.97586887728773,-0.14949512311543386
-22.971310150715073,-0.14931446092141695
-22.966751424142416,-0.1491339568337363
-22.96219269756976,-0.14895361077198643
-22.9576339709971,-0.1487734226557683
-22.953075244424443,-0.14859339240468988
-22.94851651785179,-0.14841351993836602
-22.943957791279132,-0.14823380517641813
-22.939399064706475,-0.14805424803847514
-22.934840338133817,-0.14787484844417237
-22.93028161156116,-0.1476956063131523
-22.925722884988502,-0.14751652156506412
-22.921164158415845,-0.1473375941195639
-22.916605431843188,-0.14715882389631513
-22.91204670527053,-0.14698021081498758
-22.907487978697873,-0.14680175479525798
-22.902929252125215,-0.14662345575681038
-22.898370525552558,-0.1464453136193357
-22.8938117989799,-0.1462673283025313
-22.889253072407243,-0.14608949972610205
-22.884694345834586,-0.14591182780975967
-22.880135619261928,-0.14573431247322224
-22.87557689268927,-0.1455569536362155
-22.871018166116613,-0.1453797512184718
-22.866459439543956,-0.14520270513973052
-22.8619007129713,-0.14502581531973807
-22.85734198639864,-0.14484908167824778
-22.852783259825987,-0.14467250413501992
-22.84822453325333,-0.14449608260982164
-22.843665806680672,-0.14431981702242708
-22.839107080108015,-0.14414370729261758
-22.834548353535357,-0.14396775334018133
-22.8299896269627,-0.14379195508491355
-22.825430900390042,-0.14361631244661632
-22.820872173817385,-0.14344082534509892
-22.816313447244728,-0.1432654937001776
-22.81175472067207,-0.14309031743167527
-22.807195994099413,-0.14291529645942255
-22.802637267526755,-0.1427404307032565
-22.798078540954098,-0.14256572008302126
-22.79351981438144,-0.14239116451856826
-22.788961087808783,-0.14221676392975577
-22.784402361236126,-0.14204251823644917
-22.779843634663468,-0.14186842735852073
-22.77528490809081,-0.14169449121585007
-22.770726181518153,-0.1415207097283235
-22.766167454945496,-0.14134708281583477
-22.76160872837284,-0.14117361039828455
-22.757050001800184,-0.14100029239558035
-22.752491275227527,-0.1408271287276367
-22.74793254865487,-0.14065411931437571
-22.743373822082212,-0.14048126407572617
-22.738815095509555,-0.14030856293162414
-22.734256368936897,-0.14013601580201238
-22.72969764236424,-0.13996362260684142
-22.725138915791582,-0.13979138326606835
-22.720580189218925,-0.13961929769965742
-22.716021462646268,-0.13944736582758036
-22.71146273607361,-0.13927558756981534
-22.706904009500953,-0.1391039628463484
-22.702345282928295,-0.13893249157717194
-22.697786556355638,-0.13876117368228635
-22.69322782978298,-0.13859000908169838
-22.688669103210323,-0.13841899769542218
-22.684110376637665,-0.1382481394434792
-22.679551650065008,-0.1380774342458977
-22.67499292349235,-0.13790688202271353
-22.670434196919693,-0.13773648269396915
-22.665875470347036,-0.1375662361797148
-22.661316743774382,-0.13739614240000766
-22.656758017201724,-0.13722620127491122
-22.652199290629067,-0.13705641272449773
-22.64764056405641,-0.13688677666884513
-22.643081837483752,-0.1367172930280396
-22.638523110911095,-0.13654796172217384
-22.633964384338437,-0.13637878267134818
-22.62940565776578,-0.13620975579566963
-22.624846931193122,-0.13604088101525308
-22.620288204620465,-0.13587215825022012
-22.615729478047808,-0.13570358742069963
-22.61117075147515,-0.13553516844682753
-22.606612024902493,-0.13536690124874765
-22.602053298329835,-0.13519878574661026
-22.597494571757178,-0.13503082186057336
-22.59293584518452,-0.13486300951080182
-22.588377118611863,-0.13469534861746796
-22.583818392039205,-0.13452783910075122
-22.579259665466548,-0.13436048088083868
-22.57470093889389,-0.1341932738779241
-22.570142212321233,-0.13402621801220874
-22.56558348574858,-0.13385931320390113
-22.561024759175922,-0.1336925593732171
-22.556466032603264,-0.13352595644037965
-22.551907306030607,-0.13335950432561935
-22.54734857945795,-0.13319320294917353
-22.542789852885292,-0.1330270522312872
-22.538231126312635,-0.13286105209221244
-22.533672399739977,-0.13269520245220895
-22.52911367316732,-0.13252950323154333
-22.524554946594662,-0.13236395435048987
-22.519996220022005,-0.1321985557293297
-22.515437493449348,-0.13203330728835166
-22.51087876687669,-0.13186820894785173
-22.506320040304033,-0.1317032606281333
-22.501761313731375,-0.13153846224950713
-22.497202587158718,-0.1313738137322909
-22.49264386058606,-0.13120931499681038
-22.488085134013403,-0.13104496596339793
-22.483526407440745,-0.1308807665523937
-22.478967680868088,-0.13071671668414528
-22.47440895429543,-0.13055281627900706
-22.469850227722777,-0.1303890652573415
-22.46529150115012,-0.1302254635395175
-22.460732774577462,-0.13006201104591258
-22.456174048004804,-0.12989870769691042
-22.451615321432147,-0.12973555341290308
-22.44705659485949,-0.12957254811428923
-22.442497868286832,-0.12940969172147532
-22.437939141714175,-0.1292469841548753
-22.433380415141517,-0.1290844253349099
-22.42882168856886,-0.12892201518200838
-22.424262961996202,-0.12875975361660627
-22.419704235423545,-0.12859764055914702
-22.415145508850888,-0.1284356759300816
-22.41058678227823,-0.12827385964986832
-22.406028055705573,-0.12811219163897272
-22.401469329132915,-0.12795067181786796
-22.396910602560258,-0.12778930010703476
-22.3923518759876,-0.12762807642696095
-22.387793149414943,-0.12746700069814212
-22.383234422842285,-0.12730607284108136
-22.378675696269628,-0.12714529277628858
-22.374116969696974,-0.1269846604242823
-22.369558243124317,-0.12682417570558743
-22.36499951655166,-0.12666383854073682
-22.360440789979002,-0.12650364885027082
-22.355882063406344,-0.12634360655473725
-22.351323336833687,-0.12618371157469133
-22.34676461026103,-0.12602396383069586
-22.342205883688372,-0.1258643632433213
-22.337647157115715,-0.12570490973314508
-22.333088430543057,-0.12554560322075295
-22.3285297039704,-0.12538644362673715
-22.323970977397742,-0.12522743087169863
-22.319412250825085,-0.12506856487624496
-22.314853524252428,-0.12490984556099151
-22.31029479767977,-0.1247512728465613
-22.305736071107113,-0.12459284665358496
-22.301177344534455,-0.12443456690270027
-22.296618617961798,-0.12427643351455304
-22.29205989138914,-0.12411844640979651
-22.287501164816483,-0.1239606055090911
-22.282942438243825,-0.1238029107331052
-22.27838371167117,-0.12364536200251507
-22.273824985098514,-0.12348795923800354
-22.269266258525857,-0.12333070236026214
-22.2647075319532,-0.12317359128998927
-22.260148805380542,-0.12301662594789127
-22.255590078807884,-0.12285980625468175
-22.251031352235227,-0.1227031321310825
-22.24647262566257,-0.1225466034978224
-22.241913899089912,-0.1223902202756379
-22.237355172517255,-0.12223398238527376
-22.232796445944597,-0.1220778897474816
-22.22823771937194,-0.1219219422830209
-22.223678992799282,-0.12176613991265928
-22.219120266226625,-0.12161048255717107
-22.214561539653968,-0.12145497013733914
-22.21000281308131,-0.12129960257395339
-22.205444086508653,-0.12114437978781181
-22.200885359935995,-0.12098930169971985
-22.196326633363338,-0.12083436823049055
-22.19176790679068,-0.12067957930094486
-22.187209180218023,-0.12052493483191128
-22.18265045364537,-0.120370434744226
-22.17809172707271,-0.1202160789587329
-22.173533000500054,-0.12006186739628352
-22.168974273927397,-0.11990779997773705
-22.16441554735474,-0.11975387662396066
-22.159856820782082,-0.11960009725582907
-22.155298094209424,-0.11944646179422481
-22.150739367636767,-0.11929297016003788
-22.14618064106411,-0.11913962227416604
-22.141621914491452,-0.11898641805751534
-22.137063187918795,-0.11883335743099879
-22.132504461346137,-0.1186804403155376
-22.12794573477348,-0.11852766663206084
-22.123387008200822,-0.11837503630150492
-22.118828281628165,-0.11822254924481435
-22.114269555055508,-0.11807020538294137
-22.10971082848285,-0.11791800463684578
-22.105152101910193,-0.1177659469274954
-22.100593375337535,-0.11761403217586554
-22.096034648764878,-0.1174622603029397
-22.09147592219222,-0.1173106312297092
-22.086917195619566,-0.11715914487717258
-22.08235846904691,-0.11700780116633662
-22.07779974247425,-0.11685660001821606
-22.073241015901594,-0.11670554135383295
-22.068682289328937,-0.11655462509421771
-22.06412356275628,-0.11640385116040827
-22.059564836183622,-0.1162532194734504
-22.055006109610964,-0.1161027299543978
-22.050447383038307,-0.1159523825243121
-22.04588865646565,-0.11580217710426276
-22.041329929892992,-0.11565211361532679
-22.036771203320335,-0.11550219197858949
-22.032212476747677,-0.11535241211514372
-22.02765375017502,-0.11520277394609067
-22.023095023602362,-0.11505327739253858
-22.018536297029705,-0.11490392237560436
-22.013977570457048,-0.11475470881641235
-22.00941884388439,-0.11460563663609526
-22.004860117311733,-0.11445670575579331
-22.000301390739075,-0.11430791609665462
-21.995742664166418,-0.11415926757983542
-21.99118393759376,-0.11401076012649994
-21.986625211021106,-0.11386239365782
-21.98206648444845,-0.11371416809497555
-21.97750775787579,-0.11356608335915443
-21.972949031303134,-0.11341813937155258
-21.968390304730477,-0.11327033605337358
-21.96383157815782,-0.11312267332582955
-21.959272851585162,-0.11297515111013973
-21.954714125012504,-0.112827769327532
-21.950155398439847,-0.11268052789924213
-21.94559667186719,-0.11253342674651337
-21.941037945294532,-0.11238646579059756
-21.936479218721875,-0.11223964495275451
-21.931920492149217,-0.11209296415425136
-21.92736176557656,-0.11194642331636401
-21.922803039003902,-0.11180002236037596
-21.918244312431245,-0.11165376120757872
-21.913685585858588,-0.11150763977927215
-21.90912685928593,-0.11136165799676373
-21.904568132713273,-0.11121581578136921
-21.900009406140615,-0.11107011305441246
-21.895450679567958,-0.11092454973722508
-21.890891952995304,-0.11077912575114714
-21.886333226422646,-0.11063384101752612
-21.88177449984999,-0.11048869545771833
-21.87721577327733,-0.11034368899308757
-21.872657046704674,-0.11019882154500604
-21.868098320132017,-0.11005409303485397
-21.86353959355936,-0.10990950338401945
-21.858980866986702,-0.10976505251389905
-21.854422140414044,-0.109620740345897
-21.849863413841387,-0.10947656680142596
-21.84530468726873,-0.10933253180190669
-21.840745960696072,-0.10918863526876775
-21.836187234123415,-0.10904487712344622
-21.831628507550757,-0.10890125728738707
-21.8270697809781,-0.10875777568204344
-21.822511054405442,-0.10861443222887673
-21.817952327832785,-0.10847122684935627
-21.813393601260127,-0.10832815946495974
-21.80883487468747,-0.10818522999717284
-21.804276148114813,-0.1080424383674895
-21.799717421542155,-0.1078997844974121
-21.7951586949695,-0.1077572683084505
-21.790599968396844,-0.10761488972212326
-21.786041241824186,-0.10747264865995725
-21.78148251525153,-0.10733054504348709
-21.77692378867887,-0.10718857879425589
-21.772365062106214,-0.10704674983381494
-21.767806335533557,-0.10690505808372355
-21.7632476089609,-0.10676350346554964
-21.758688882388242,-0.10662208590086894
-21.754130155815584,-0.10648080531126575
-21.749571429242927,-0.10633966161833244
-21.74501270267027,-0.10619865474366946
-21.740453976097612,-0.10605778460888574
-21.735895249524955,-0.10591705113559866
-21.731336522952297,-0.10577645424543328
-21.72677779637964,-0.10563599386002345
-21.722219069806982,-0.1054956699010111
-21.717660343234325,-0.10535548229004645
-21.713101616661667,-0.10521543094878806
-21.70854289008901,-0.10507551579890267
-21.703984163516353,-0.10493573676206532
-21.6994254369437,-0.1047960937599598
-21.69486671037104,-0.10465658671427734
-21.690307983798384,-0.1045172155467183
-21.685749257225726,-0.10437798017899085
-21.68119053065307,-0.10423888053281201
-21.67663180408041,-0.10409991652990663
-21.672073077507754,-0.10396108809200791
-21.667514350935097,-0.10382239514085807
-21.66295562436244,-0.10368383759820689
-21.658396897789782,-0.10354541538581281
-21.653838171217124,-0.10340712842544288
-21.649279444644467,-0.10326897663887216
-21.64472071807181,-0.10313095994788432
-21.640161991499152,-0.1029930782742714
-21.635603264926495,-0.1028553315398336
-21.631044538353837,-0.10271771966638005
-21.62648581178118,-0.10258024257572769
-21.621927085208522,-0.1024429001897021
-21.617368358635865,-0.1023056924301374
-21.612809632063207,-0.1021686192188762
-21.60825090549055,-0.10203168047776921
-21.603692178917896,-0.10189487612867607
-21.59913345234524,-0.10175820609346407
-21.59457472577258,-0.10162167029400984
-21.590015999199924,-0.10148526865219797
-21.585457272627266,-0.10134900108992173
-21.58089854605461,-0.10121286752908275
-21.57633981948195,-0.101076867891591
-21.571781092909294,-0.10094100209936537
-21.567222366336637,-0.10080527007433282
-21.56266363976398,-0.10066967173842886
-21.558104913191322,-0.1005342070135978
-21.553546186618664,-0.10039887582179217
-21.548987460046007,-0.1002636780849734
-21.54442873347335,-0.10012861372511085
-21.539870006900692,-0.09999368266418282
-21.535311280328035,-0.09985888482417615
-21.530752553755377,-0.09972422012708614
-21.52619382718272,-0.0995896884949166
-21.521635100610062,-0.09945528984967997
-21.517076374037405,-0.09932102411339735
-21.512517647464747,-0.09918689120809802
-21.507958920892094,-0.09905289105582062
-21.503400194319436,-0.09891902357861149
-21.49884146774678,-0.09878528869852592
-21.49428274117412,-0.09865168633762811
-21.489724014601464,-0.09851821641799033
-21.485165288028806,-0.09838487886169409
-21.48060656145615,-0.09825167359082877
-21.47604783488349,-0.09811860052749298
-21.471489108310834,-0.09798565959379368
-21.466930381738177,-0.09785285071184673
-21.46237165516552,-0.09772017380377623
-21.457812928592862,-0.09758762879171508
-21.453254202020204,-0.09745521559780528
-21.448695475447547,-0.09732293414419695
-21.44413674887489,-0.09719078435304912
-21.439578022302232,-0.09705876614652931
-21.435019295729575,-0.09692687944681408
-21.430460569156917,-0.09679512417608825
-21.42590184258426,-0.09666350025654598
-21.421343116011602,-0.09653200761038927
-21.416784389438945,-0.0964006461598296
-21.41222566286629,-0.09626941582708695
-21.407666936293634,-0.0961383165343897
-21.403108209720976,-0.09600734820397532
-21.39854948314832,-0.09587651075808991
-21.39399075657566,-0.09574580411898857
-21.389432030003004,-0.09561522820893462
-21.384873303430346,-0.09548478295020066
-21.38031457685769,-0.09535446826506783
-21.37575585028503,-0.09522428407582606
-21.371197123712374,-0.09509423030477407
-21.366638397139717,-0.09496430687421954
-21.36207967056706,-0.09483451370647855
-21.357520943994402,-0.09470485072387647
-21.352962217421744,-0.09457531784874708
-21.348403490849087,-0.09444591500343334
-21.34384476427643,-0.0943166421102867
-21.339286037703772,-0.0941874990916677
-21.334727311131115,-0.09405848586994559
-21.330168584558457,-0.09392960236749863
-21.3256098579858,-0.09380084850671347
-21.321051131413142,-0.09367222420998647
-21.31649240484049,-0.09354372939972197
-21.31193367826783,-0.0934153639983338
-21.307374951695174,-0.09328712792824427
-21.302816225122516,-0.0931590211118849
-21.29825749854986,-0.09303104347169594
-21.2936987719772,-0.09290319493012662
-21.289140045404544,-0.092775475409635
-21.284581318831886,-0.09264788483268813
-21.28002259225923,-0.09252042312176212
-21.27546386568657,-0.0923930901993417
-21.270905139113914,-0.09226588598792063
-21.266346412541257,-0.09213881041000205
-21.2617876859686,-0.09201186338809741
-21.257228959395942,-0.09188504484472772
-21.252670232823284,-0.09175835470242225
-21.248111506250627,-0.0916317928837199
-21.24355277967797,-0.09150535931116843
-21.238994053105312,-0.0913790539073244
-21.234435326532655,-0.09125287659475341
-21.229876599959997,-0.09112682729603032
-21.22531787338734,-0.09100090593373869
-21.220759146814686,-0.09087511243047122
-21.21620042024203,-0.0907494467088296
-21.21164169366937,-0.09062390869142473
-21.207082967096714,-0.0904984983008764
-21.202524240524056,-0.09037321545981337
-21.1979655139514,-0.09024806009087372
-21.19340678737874,-0.09012303211670447
-21.188848060806084,-0.08999813145996167
-21.184289334233426,-0.0898733580433104
-21.17973060766077,-0.089748711789425
-21.17517188108811,-0.08962419262098896
-21.170613154515454,-0.08949980046069449
-21.166054427942797,-0.08937553523124339
-21.16149570137014,-0.08925139685534633
-21.156936974797482,-0.08912738525572293
-21.152378248224824,-0.08900350035510252
-21.147819521652167,-0.08887974207622297
-21.14326079507951,-0.08875611034183141
-21.138702068506852,-0.0886326050746846
-21.134143341934195,-0.0885092261975479
-21.129584615361537,-0.08838597363319607
-21.125025888788883,-0.0882628473044133
-21.120467162216226,-0.08813984713399237
-21.11590843564357,-0.08801697304473578
-21.11134970907091,-0.08789422495945509
-21.106790982498254,-0.08777160280097095
-21.102232255925596,-0.08764910649211352
-21.09767352935294,-0.0875267359557218
-21.09311480278028,-0.08740449111464431
-21.088556076207624,-0.0872823718917386
-21.083997349634966,-0.08716037820987181
-21.07943862306231,-0.08703850999192006
-21.07487989648965,-0.08691676716076865
-21.070321169916994,-0.08679514963931231
-21.065762443344337,-0.0866736573504552
-21.06120371677168,-0.08655229021711067
-21.056644990199022,-0.08643104816220103
-21.052086263626364,-0.0863099311086584
-21.047527537053707,-0.08618893897942391
-21.04296881048105,-0.08606807169744798
-21.038410083908392,-0.08594732918569083
-21.033851357335735,-0.08582671136712118
-21.02929263076308,-0.085706218164718
-21.024733904190423,-0.08558584950146882
-21.020175177617766,-0.0854656053003711
-21.01561645104511,-0.08534548548443141
-21.01105772447245,-0.08522548997666575
-21.006498997899794,-0.08510561870009943
-21.001940271327136,-0.08498587157776737
-20.99738154475448,-0.08486624853271352
-20.99282281818182,-0.08474674948799157
-20.988264091609164,-0.0846273743666646
-20.983705365036506,-0.08450812309180505
-20.97914663846385,-0.08438899558649439
-20.97458791189119,-0.08426999177382442
-20.970029185318534,-0.08415111157689543
-20.965470458745877,-0.084032354918818
-20.96091173217322,-0.08391372172271147
-20.956353005600562,-0.0837952119117052
-20.951794279027904,-0.08367682540893755
-20.947235552455247,-0.08355856213755677
-20.94267682588259,-0.08344042202072048
-20.938118099309932,-0.0833224049815957
-20.933559372737278,-0.08320451094335904
-20.92900064616462,-0.08308673982919663
-20.924441919591963,-0.08296909156230399
-20.919883193019306,-0.0828515660658865
-20.91532446644665,-0.08273416326315881
-20.91076573987399,-0.08261688307734517
-20.906207013301334,-0.0824997254316795
-20.901648286728676,-0.08238269024940516
-20.89708956015602,-0.0822657774537752
-20.89253083358336,-0.08214898696805209
-20.887972107010704,-0.08203231871550813
-20.883413380438046,-0.08191577261942502
-20.87885465386539,-0.08179934860309408
-20.87429592729273,-0.08168304658981634
-20.869737200720074,-0.08156686650290261
-20.865178474147417,-0.0814508082656729
-20.86061974757476,-0.08133487180145725
-20.856061021002102,-0.08121905703359518
-20.851502294429444,-0.08110336388543597
-20.846943567856787,-0.08098779228033827
-20.84238484128413,-0.08087234214167105
-20.837826114711476,-0.08075701339281231
-20.833267388138818,-0.08064180595714987
-20.82870866156616,-0.08052671975808152
-20.824149934993503,-0.08041175471901468
-20.819591208420846,-0.08029691076336622
-20.81503248184819,-0.08018218781456316
-20.81047375527553,-0.08006758579604198
-20.805915028702874,-0.07995310463124877
-20.801356302130216,-0.07983874424363976
-20.79679757555756,-0.07972450455668062
-20.7922388489849,-0.07961038549384696
-20.787680122412244,-0.07949638697862424
-20.783121395839586,-0.07938250893450742
-20.77856266926693,-0.07926875128500137
-20.77400394269427,-0.07915511395362096
-20.769445216121614,-0.07904159686389067
-20.764886489548957,-0.07892819993934488
-20.7603277629763,-0.0788149231035277
-20.755769036403642,-0.07870176627999326
-20.751210309830984,-0.07858872939230531
-20.746651583258327,-0.07847581236403771
-20.742092856685673,-0.07836301511877398
-20.737534130113016,-0.07825033758010762
-20.732975403540358,-0.07813777967164176
-20.7284166769677,-0.07802534131698977
-20.723857950395043,-0.07791302243977495
-20.719299223822386,-0.07780082296363018
-20.71474049724973,-0.07768874281219826
-20.71018177067707,-0.0775767819091323
-20.705623044104414,-0.07746494017809509
-20.701064317531756,-0.07735321754275923
-20.6965055909591,-0.07724161392680755
-20.69194686438644,-0.07713012925393262
-20.687388137813784,-0.07701876344783708
-20.682829411241126,-0.07690751643223369
-20.67827068466847,-0.07679638813084493
-20.67371195809581,-0.0766853784674033
-20.669153231523154,-0.07657448736565152
-20.664594504950497,-0.07646371474934212
-20.66003577837784,-0.07635306054223774
-20.655477051805182,-0.07624252466811116
-20.650918325232524,-0.07613210705074491
-20.64635959865987,-0.07602180761393172
-20.641800872087213,-0.07591162628147458
-20.637242145514556,-0.07580156297718613
-20.632683418941898,-0.0756916176248894
-20.62812469236924,-0.07558179014841751
-20.623565965796583,-0.07547208047161351
-20.619007239223926,-0.07536248851833043
-20.61444851265127,-0.07525301421243182
-20.60988978607861,-0.07514365747779103
-20.605331059505954,-0.07503441823829188
-20.600772332933296,-0.07492529641782775
-20.59621360636064,-0.07481629194030263
-20.59165487978798,-0.07470740472963061
-20.587096153215324,-0.0745986347097358
-20.582537426642666,-0.07448998180455262
-20.57797870007001,-0.07438144593802545
-20.57341997349735,-0.0742730270341092
-20.568861246924694,-0.07416472501676881
-20.564302520352037,-0.07405653980997931
-20.55974379377938,-0.07394847133772608
-20.555185067206722,-0.07384051952400482
-20.550626340634068,-0.0737326842928214
-20.54606761406141,-0.07362496556819166
-20.541508887488753,-0.07351736327414217
-20.536950160916096,-0.0734098773347094
-20.532391434343438,-0.07330250767394031
-20.52783270777078,-0.07319525421589197
-20.523273981198123,-0.07308811688463192
-20.518715254625466,-0.07298109560423792
-20.51415652805281,-0.072874190298798
-20.50959780148015,-0.0727674008924107
-20.505039074907494,-0.07266072730918452
-20.500480348334836,-0.07255416947323874
-20.49592162176218,-0.07244772730870264
-20.49136289518952,-0.07234140073971602
-20.486804168616864,-0.07223518969042911
-20.482245442044206,-0.07212909408500238
-20.47768671547155,-0.07202311384760662
-20.47312798889889,-0.07191724890242333
-20.468569262326234,-0.07181149917364411
-20.464010535753577,-0.07170586458547121
-20.45945180918092,-0.07160034506211702
-20.454893082608265,-0.07149494052780468
-20.450334356035608,-0.07138965090676759
-20.44577562946295,-0.07128447612324953
-20.441216902890293,-0.07117941610150492
-20.436658176317636,-0.07107447076579868
-20.432099449744978,-0.07096964004040586
-20.42754072317232,-0.07086492384961261
-20.422981996599663,-0.07076032211771496
-20.418423270027006,-0.07065583476901988
-20.41386454345435,-0.0705514617278446
-20.40930581688169,-0.07044720291851714
-20.404747090309034,-0.0703430582653757
-20.400188363736376,-0.07023902769276938
-20.39562963716372,-0.07013511112505762
-20.39107091059106,-0.07003130848661049
-20.386512184018404,-0.06992761970180872
-20.381953457445746,-0.0698240446950436
-20.37739473087309,-0.06972058339071678
-20.37283600430043,-0.06961723571324092
-20.368277277727774,-0.06951400158703906
-20.363718551155117,-0.0694108809365449
-20.359159824582463,-0.06930787368620275
-20.354601098009805,-0.06920497976046759
-20.350042371437148,-0.06910219908380509
-20.34548364486449,-0.06899953158069144
-20.340924918291833,-0.06889697717561377
-20.336366191719176,-0.06879453579306985
-20.331807465146518,-0.06869220735756779
-20.32724873857386,-0.06858999179362692
-20.322690012001203,-0.06848788902577688
-20.318131285428546,-0.06838589897855825
-20.31357255885589,-0.06828402157652229
-20.30901383228323,-0.06818225674423087
-20.304455105710574,-0.06808060440625696
-20.299896379137916,-0.06797906448718398
-20.29533765256526,-0.0678776369116064
-20.2907789259926,-0.06777632160412905
-20.286220199419944,-0.06767511848936797
-20.281661472847286,-0.06757402749194982
-20.27710274627463,-0.0674730485365121
-20.27254401970197,-0.06737218154770315
-20.267985293129314,-0.0672714264501821
-20.26342656655666,-0.06717078316861913
-20.258867839984003,-0.06707025162769498
-20.254309113411345,-0.06696983175210126
-20.249750386838688,-0.066869523466541
-20.24519166026603,-0.06676932669572723
-20.240632933693373,-0.06666924136438461
-20.236074207120716,-0.06656926739724855
-20.231515480548058,-0.06646940471906507
-20.2269567539754,-0.06636965325459138
-20.222398027402743,-0.06627001292859565
-20.217839300830086,-0.06617048366585687
-20.21328057425743,-0.06607106539116515
-20.20872184768477,-0.0659717580293213
-20.204163121112114,-0.06587256150513736
-20.199604394539456,-0.06577347574343623
-20.1950456679668,-0.06567450066905195
-20.19048694139414,-0.06557563620682935
-20.185928214821484,-0.06547688228162458
-20.181369488248826,-0.0653782388183044
-20.17681076167617,-0.06527970574174705
-20.17225203510351,-0.06518128297684156
-20.167693308530858,-0.06508297044848825
-20.1631345819582,-0.06498476808159817
-20.158575855385543,-0.06488667580109359
-20.154017128812885,-0.06478869353190797
-20.149458402240228,-0.06469082119898602
-20.14489967566757,-0.0645930587272831
-20.140340949094913,-0.06449540604176623
-20.135782222522256,-0.06439786306741309
-20.131223495949598,-0.06430042972921286
-20.12666476937694,-0.06420310595216555
-20.122106042804283,-0.06410589166128283
-20.117547316231626,-0.06400878678158692
-20.11298858965897,-0.06391179123811175
-20.10842986308631,-0.06381490495590235
-20.103871136513654,-0.06371812786001459
-20.099312409940996,-0.0636214598755159
-20.09475368336834,-0.06352490092748503
-20.09019495679568,-0.06342845094101174
-20.085636230223024,-0.06333210984119704
-20.081077503650366,-0.06323587755315345
-20.07651877707771,-0.06313975400200449
-20.071960050505055,-0.06304373911288509
-20.067401323932398,-0.06294783281094152
-20.06284259735974,-0.06285203502133109
-20.058283870787083,-0.0627563456692229
-20.053725144214425,-0.06266076467979692
-20.049166417641768,-0.06256529197824474
-20.04460769106911,-0.062469927489769185
-20.040048964496453,-0.06237467113958457
-20.035490237923796,-0.06227952285291624
-20.030931511351138,-0.0621844825550014
-20.02637278477848,-0.062089550171088324
-20.021814058205823,-0.06199472562643676
-20.017255331633166,-0.061900008846317946
-20.01269660506051,-0.06180539975601439
-20.00813787848785,-0.06171089828082028
-20.003579151915194,-0.061616504346041046
-19.999020425342536,-0.06152221787699362
-19.99446169876988,-0.061428038799006386
-19.98990297219722,-0.06133396703741932
-19.985344245624564,-0.06124000251758382
-19.980785519051906,-0.061146145164862796
-19.976226792479252,-0.061052394904630734
-19.971668065906595,-0.060958751662273276
-19.967109339333938,-0.0608652153631882
-19.96255061276128,-0.06077178593278448
-19.957991886188623,-0.060678463296482694
-19.953433159615965,-0.06058524737971494
-19.948874433043308,-0.06049213810792494
-19.94431570647065,-0.06039913540656817
-19.939756979897993,-0.060306239201111514
-19.935198253325336,-0.06021344941703339
-19.930639526752678,-0.06012076597982421
-19.92608080018002,-0.06002818881498555
-19.921522073607363,-0.05993571784803107
-19.916963347034706,-0.059843353004485796
-19.91240462046205,-0.05975109420988663
-19.90784589388939,-0.05965894138978195
-19.903287167316734,-0.05956689446973194
-19.898728440744076,-0.05947495337530854
-19.89416971417142,-0.0593831180320954
-19.88961098759876,-0.0592913883656877
-19.885052261026104,-0.05919976430169263
-19.88049353445345,-0.05910824576572904
-19.875934807880792,-0.05901683268342736
-19.871376081308135,-0.058925524980430036
-19.866817354735478,-0.05883432258239135
-19.86225862816282,-0.058743225414976945
-19.857699901590163,-0.05865223340386484
-19.853141175017505,-0.05856134647474457
-19.848582448444848,-0.05847056455331744
-19.84402372187219,-0.058379887565296676
-19.839464995299533,-0.0582893154364076
-19.834906268726876,-0.058198848092386964
-19.830347542154218,-0.05810848545898381
-19.82578881558156,-0.05801822746195872
-19.821230089008903,-0.05792807402708443
-19.816671362436246,-0.0578380250801454
-19.81211263586359,-0.057748080546938245
-19.80755390929093,-0.057658240353271266
-19.802995182718274,-0.05756850442496503
-19.798436456145616,-0.0574788726878516
-19.79387772957296,-0.05738934506777547
-19.7893190030003,-0.057299921490592855
-19.784760276427647,-0.05721060188217216
-19.78020154985499,-0.05712138616839348
-19.775642823282332,-0.05703227427514925
-19.771084096709675,-0.05694326612834364
-19.766525370137018,-0.05685436165389336
-19.76196664356436,-0.0567655607777266
-19.757407916991703,-0.05667686342578398
-19.752849190419045,-0.05658826952401801
-19.748290463846388,-0.05649977899839341
-19.74373173727373,-0.056411391774886875
-19.739173010701073,-0.05632310777948748
-19.734614284128416,-0.05623492693819611
-19.730055557555758,-0.05614684917702602
-19.7254968309831,-0.056058874422002435
-19.720938104410443,-0.05597100259916289
-19.716379377837786,-0.055883233634557015
-19.71182065126513,-0.05579556745424671
-19.70726192469247,-0.055708003984305865
-19.702703198119814,-0.05562054315082087
-19.698144471547156,-0.0555331848798901
-19.6935857449745,-0.055445929097624386
-19.689027018401845,-0.05535877573014669
-19.684468291829187,-0.05527172470359203
-19.67990956525653,-0.05518477594410798
-19.675350838683872,-0.05509792937785437
-19.670792112111215,-0.055011184931003314
-19.666233385538558,-0.05492454252973909
-19.6616746589659,-0.05483800210025843
-19.657115932393243,-0.054751563568770305
-19.652557205820585,-0.05466522686149624
-19.647998479247928,-0.05457899190466984
-19.64343975267527,-0.054492858624537226
-19.638881026102613,-0.05440682694735707
-19.634322299529956,-0.05432089679939997
-19.629763572957298,-0.054235068106949454
-19.62520484638464,-0.05414934079630113
-19.620646119811983,-0.054063714793763096
-19.616087393239326,-0.05397819002565597
-19.61152866666667,-0.053892766418312914
-19.60696994009401,-0.053807443898079343
-19.602411213521354,-0.05372222239131327
-19.597852486948696,-0.0536371018243852
-19.593293760376042,-0.05355208212367818
-19.588735033803385,-0.053467163215587574
-19.584176307230727,-0.05338234502652158
-19.57961758065807,-0.05329762748290077
-19.575058854085412,-0.053213010511158246
-19.570500127512755,-0.053128494037739823
-19.565941400940098,-0.05304407798910373
-19.56138267436744,-0.0529597622917209
-19.556823947794783,-0.052875546872074915
-19.552265221222125,-0.05279143165666173
-19.547706494649468,-0.0527074165719903
-19.54314776807681,-0.05262350154458194
-19.538589041504153,-0.052539686500970795
-19.534030314931496,-0.05245597136770351
-19.529471588358838,-0.05237235607133961
-19.52491286178618,-0.052288840538451176
-19.520354135213523,-0.052205424695623046
-19.515795408640866,-0.05212210846945275
-19.51123668206821,-0.05203889178655067
-19.50667795549555,-0.051955774573539795
-19.502119228922894,-0.05187275675705594
-19.49756050235024,-0.051789838263747785
-19.493001775777582,-0.05170701902027653
-19.488443049204925,-0.05162429895331638
-19.483884322632267,-0.05154167798955441
-19.47932559605961,-0.05145915605569042
-19.474766869486952,-0.051376733078436924
-19.470208142914295,-0.0512944089845196
-19.465649416341638,-0.05121218370067672
-19.46109068976898,-0.05113005715365953
-19.456531963196323,-0.05104802927023226
-19.451973236623665,-0.05096609997717186
-19.447414510051008,-0.050884269201268324
-19.44285578347835,-0.05080253686932451
-19.438297056905693,-0.05072090290815624
-19.433738330333036,-0.05063936724459243
-19.429179603760378,-0.05055792980547483
-19.42462087718772,-0.050476590517658085
-19.420062150615063,-0.050395349308009915
-19.415503424042406,-0.0503142061034113
-19.41094469746975,-0.05023316083075579
-19.40638597089709,-0.05015221341695024
-19.401827244324437,-0.05007136378891469
-19.39726851775178,-0.049990611873581905
-19.392709791179122,-0.04990995759789794
-19.388151064606465,-0.04982940088882187
-19.383592338033807,-0.049748941673325914
-19.37903361146115,-0.04966857987839542
-19.374474884888492,-0.049588315431028755
-19.369916158315835,-0.04950814825823764
-19.365357431743178,-0.04942807828704675
-19.36079870517052,-0.049348105444494014
-19.356239978597863,-0.04926822965763054
-19.351681252025205,-0.049188450853520624
-19.347122525452548,-0.04910876895924184
-19.34256379887989,-0.04902918390188483
-19.338005072307233,-0.04894969560855363
-19.333446345734576,-0.04887030400636548
-19.328887619161918,-0.04879100902245086
-19.32432889258926,-0.048711810583953574
-19.319770166016603,-0.048632708618030665
-19.315211439443946,-0.04855370305185247
-19.31065271287129,-0.04847479381260273
-19.306093986298634,-0.04839598082747855
-19.301535259725977,-0.048317264023690173
-19.29697653315332,-0.048238643328461374
-19.292417806580662,-0.04816011866902934
-19.287859080008005,-0.048081689972644455
-19.283300353435347,-0.048003357166570754
-19.27874162686269,-0.04792512017808541
-19.274182900290032,-0.047846978934479284
-19.269624173717375,-0.04776893336305659
-19.265065447144718,-0.047690983391134874
-19.26050672057206,-0.047613128946045385
-19.255947993999403,-0.047535369955132745
-19.251389267426745,-0.04745770634575491
-19.246830540854088,-0.047380138045283564
-19.24227181428143,-0.047302664981104046
-19.237713087708773,-0.04722528708061478
-19.233154361136116,-0.047148004271228214
-19.228595634563458,-0.04707081648037002
-19.2240369079908,-0.04699372363547973
-19.219478181418143,-0.04691672566401034
-19.214919454845486,-0.04683982249342833
-19.210360728272832,-0.046763014051214184
-19.205802001700174,-0.04668630026486154
-19.201243275127517,-0.046609681061878044
-19.19668454855486,-0.04653315636978487
-19.192125821982202,-0.04645672611611696
-19.187567095409545,-0.04638039022842285
-19.183008368836887,-0.046304148634264776
-19.17844964226423,-0.046228001261218905
-19.173890915691572,-0.04615194803687492
-19.169332189118915,-0.04607598888883631
-19.164773462546258,-0.046000123744720435
-19.1602147359736,-0.04592435253215822
-19.155656009400943,-0.045848675178794686
-19.151097282828285,-0.04577309161228838
-19.146538556255628,-0.04569760176031189
-19.14197982968297,-0.04562220555055155
-19.137421103110313,-0.04554690291070745
-19.132862376537656,-0.04547169376849379
-19.128303649964998,-0.04539657805163839
-19.12374492339234,-0.04532155568788325
-19.119186196819683,-0.04524662660498394
-19.11462747024703,-0.045171790730710336
-19.110068743674372,-0.045097047992845876
-19.105510017101714,-0.0450223983191882
-19.100951290529057,-0.04494784163754886
-19.0963925639564,-0.04487337787575343
-19.091833837383742,-0.04479900696164139
-19.087275110811085,-0.04472472882306633
-19.082716384238427,-0.04465054338789586
-19.07815765766577,-0.04457645058401151
-19.073598931093112,-0.04450245033930902
-19.069040204520455,-0.04442854258169806
-19.064481477947798,-0.04435472723910264
-19.05992275137514,-0.04428100423946052
-19.055364024802483,-0.04420737351072386
-19.050805298229825,-0.04413383498085877
-19.046246571657168,-0.04406038857784566
-19.04168784508451,-0.043987034229679055
-19.037129118511853,-0.043913771864367554
-19.032570391939196,-0.043840601409934045
-19.028011665366538,-0.043767522794415634
-19.02345293879388,-0.04369453594586358
-19.018894212221227,-0.04362164079234351
-19.01433548564857,-0.04354883726193509
-19.009776759075912,-0.04347612528273236
-19.005218032503254,-0.04340350478284368
-19.000659305930597,-0.04333097569039174
-18.99610057935794,-0.04325853793351342
-18.991541852785282,-0.043186191440359914
-18.986983126212625,-0.04311393613909696
-18.982424399639967,-0.043041771957904436
-18.97786567306731,-0.04296969882497667
-18.973306946494652,-0.042897716668522407
-18.968748219921995,-0.0428258254167648
-18.964189493349338,-0.04275402499794131
-18.95963076677668,-0.042682315340303964
-18.955072040204023,-0.04261069637211909
-18.950513313631365,-0.0425391680216677
-18.945954587058708,-0.04246773021724507
-18.94139586048605,-0.042396382887161056
-18.936837133913393,-0.04232512595973996
-18.932278407340736,-0.042253959363320756
-18.927719680768078,-0.042182883026256834
-18.923160954195424,-0.042111896876916174
-18.918602227622767,-0.04204100084368127
-18.91404350105011,-0.04197019485494934
-18.909484774477452,-0.041899478839132025
-18.904926047904794,-0.04182885272465564
-18.900367321332137,-0.041758316439961266
-18.89580859475948,-0.041687869913504504
-18.891249868186822,-0.041617513073755594
-18.886691141614165,-0.04154724584919956
-18.882132415041507,-0.04147706816833596
-18.87757368846885,-0.041406979959679194
-18.873014961896192,-0.041336981151758385
-18.868456235323535,-0.04126707167311741
-18.863897508750878,-0.04119725145231482
-18.85933878217822,-0.04112752041792389
-18.854780055605563,-0.04105787849853284
-18.850221329032905,-0.04098832562274463
-18.845662602460248,-0.04091886171917696
-18.84110387588759,-0.04084948671646246
-18.836545149314933,-0.040780200543248664
-18.831986422742276,-0.04071100312819772
-18.82742769616962,-0.04064189439998701
-18.822868969596964,-0.040572874287308464
-18.818310243024307,-0.040503942718869146
-18.81375151645165,-0.040435099623391
-18.809192789878992,-0.04036634492961092
-18.804634063306334,-0.04029767856628074
-18.800075336733677,-0.04022910046216721
-18.79551661016102,-0.040160610546052224
-18.790957883588362,-0.04009220874673265
-18.786399157015705,-0.04002389499302022
-18.781840430443047,-0.03995566921374181
-18.77728170387039,-0.03988753133773939
-18.772722977297732,-0.03981948129387002
-18.768164250725075,-0.039751519011005786
-18.763605524152418,-0.03968364441803389
-18.75904679757976,-0.0396158574438566
-18.754488071007103,-0.03954815801739138
-18.749929344434445,-0.03948054606757091
-18.745370617861788,-0.03941302152334296
-18.74081189128913,-0.03934558431367051
-18.736253164716473,-0.03927823436753166
-18.73169443814382,-0.03921097161391992
-18.72713571157116,-0.03914379598184382
-18.722576984998504,-0.03907670740032714
-18.718018258425847,-0.03900970579840924
-18.71345953185319,-0.03894279110514438
-18.708900805280532,-0.038875963249602324
-18.704342078707874,-0.038809222160868156
-18.699783352135217,-0.038742567768042184
-18.69522462556256,-0.03867600000024011
-18.690665898989902,-0.038609518786593064
-18.686107172417245,-0.03854312405624748
-18.681548445844587,-0.03847681573836526
-18.67698971927193,-0.038410593762123565
-18.672430992699272,-0.03834445805671527
-18.667872266126615,-0.03827840855134838
-18.663313539553958,-0.03821244517524655
-18.6587548129813,-0.038146567857648875
-18.654196086408643,-0.03808077652780998
-18.649637359835985,-0.03801507111499991
-18.645078633263328,-0.03794945154850435
-18.64051990669067,-0.03788391775762445
-18.635961180118017,-0.037818469671676985
-18.63140245354536,-0.0377531072199942
-18.6268437269727,-0.03768783033192404
-18.622285000400044,-0.037622638936830086
-18.617726273827387,-0.03755753296409149
-18.61316754725473,-0.03749251234310297
-18.608608820682072,-0.03742757700327512
-18.604050094109414,-0.037362726874034004
-18.599491367536757,-0.037297961884821505
-18.5949326409641,-0.03723328196509519
-18.590373914391442,-0.03716868704432834
-18.585815187818785,-0.03710417705200999
-18.581256461246127,-0.037039751917644956
-18.57669773467347,-0.03697541157075375
-18.572139008100812,-0.03691115594087288
-18.567580281528155,-0.03684698495755453
-18.563021554955498,-0.03678289855036668
-18.55846282838284,-0.036718896648893204
-18.553904101810183,-0.03665497918273386
-18.549345375237525,-0.03659114608150432
-18.544786648664868,-0.03652739727483606
-18.540227922092214,-0.0364637326923766
-18.535669195519556,-0.03640015226378926
-18.5311104689469,-0.03633665591875337
-18.52655174237424,-0.03627324358696432
-18.521993015801584,-0.03620991519813331
-18.517434289228927,-0.03614667068198765
-18.51287556265627,-0.03608350996827075
-18.508316836083612,-0.03602043298674177
-18.503758109510954,-0.03595743966717631
-18.499199382938297,-0.03589452993936579
-18.49464065636564,-0.03583170373311779
-18.490081929792982,-0.035768960978255916
-18.485523203220325,-0.03570630160462008
-18.480964476647667,-0.03564372554206617
-18.47640575007501,-0.03558123272046631
-18.471847023502352,-0.03551882306970872
-18.467288296929695,-0.03545649651969795
-18.462729570357038,-0.03539425300035464
-18.45817084378438,-0.035332092441615795
-18.453612117211723,-0.035270014773434444
-18.449053390639065,-0.03520801992578014
-18.44449466406641,-0.03514610782863849
-18.439935937493754,-0.035084278412011574
-18.435377210921096,-0.03502253160591766
-18.43081848434844,-0.03496086734039142
-18.42625975777578,-0.03489928554548393
-18.421701031203124,-0.034837786151262436
-18.417142304630467,-0.03477636908781084
-18.41258357805781,-0.034715034285229256
-18.408024851485152,-0.03465378167363429
-18.403466124912494,-0.034592611183159
-18.398907398339837,-0.034531522743952825
-18.39434867176718,-0.03447051628618179
-18.389789945194522,-0.03440959174002834
-18.385231218621865,-0.034348749035691455
-18.380672492049207,-0.03428798810338662
-18.37611376547655,-0.03422730887334592
-18.371555038903892,-0.03416671127581799
-18.366996312331235,-0.034106195241067984
-18.362437585758578,-0.03404576069937772
-18.35787885918592,-0.033985407581045644
-18.353320132613263,-0.033925135816386794
-18.34876140604061,-0.033864945335732935
-18.34420267946795,-0.03380483606943235
-18.339643952895294,-0.03374480794785021
-18.335085226322636,-0.03368486090136825
-18.33052649974998,-0.03362499486038503
-18.32596777317732,-0.03356520975531577
-18.321409046604664,-0.03350550551659249
-18.316850320032007,-0.03344588207466407
-18.31229159345935,-0.03338633935999603
-18.307732866886692,-0.03332687730307087
-18.303174140314034,-0.0332674958343878
-18.298615413741377,-0.033208194884462916
-18.29405668716872,-0.03314897438382927
-18.289497960596062,-0.03308983426303671
-18.284939234023405,-0.033030774452651984
-18.280380507450747,-0.0329717948832589
-18.27582178087809,-0.032912895485458046
-18.271263054305432,-0.032854076189867076
-18.266704327732775,-0.03279533692712056
-18.262145601160118,-0.032736677627870164
-18.25758687458746,-0.032678098222784474
-18.253028148014806,-0.032619598642549257
-18.24846942144215,-0.0325611788178671
-18.24391069486949,-0.032502838679457816
-18.239351968296834,-0.03244457815805835
-18.234793241724176,-0.03238639718442273
-18.23023451515152,-0.03232829568932203
-18.22567578857886,-0.03227027360354456
-18.221117062006204,-0.032212330857895786
-18.216558335433547,-0.03215446738319835
-18.21199960886089,-0.03209668311029204
-18.207440882288232,-0.03203897797003399
-18.202882155715574,-0.03198135189329845
-18.198323429142917,-0.03192380481097703
-18.19376470257026,-0.031866336653978596
-18.189205975997602,-0.03180894735322924
-18.184647249424945,-0.03175163683967244
-18.180088522852287,-0.03169440504426903
-18.17552979627963,-0.03163725189799718
-18.170971069706972,-0.03158017733185238
-18.166412343134315,-0.03152318127684758
-18.161853616561658,-0.03146626366401305
-18.157294889989004,-0.03140942442439666
-18.152736163416346,-0.03135266348906357
-18.14817743684369,-0.031295980789096435
-18.14361871027103,-0.031239376255595468
-18.139059983698374,-0.031182849819678348
-18.134501257125716,-0.031126401412480194
-18.12994253055306,-0.031070030965153872
-18.1253838039804,-0.031013738408869573
-18.120825077407744,-0.03095752367481531
-18.116266350835087,-0.03090138669419647
-18.11170762426243,-0.03084532739823628
-18.107148897689772,-0.030789345718175327
-18.102590171117114,-0.030733441585272192
-18.098031444544457,-0.030677614930802854
-18.0934727179718,-0.030621865686061175
-18.088913991399142,-0.03056619378235858
-18.084355264826485,-0.03051059915102439
-18.079796538253827,-0.03045508172340554
-18.07523781168117,-0.030399641430866816
-18.070679085108512,-0.030344278204790742
-18.066120358535855,-0.030288991976577764
-18.0615616319632,-0.0302337826776461
-18.057002905390544,-0.03017865023943179
-18.052444178817886,-0.030123594593388696
-18.04788545224523,-0.030068615670988667
-18.04332672567257,-0.030013713403721425
-18.038767999099914,-0.029958887723094695
-18.034209272527256,-0.029904138560634036
-18.0296505459546,-0.029849465847883068
-18.02509181938194,-0.02979486951640328
-18.020533092809284,-0.029740349497774307
-18.015974366236627,-0.029685905723593742
-18.01141563966397,-0.029631538125477187
-18.006856913091312,-0.02957724663505841
-18.002298186518654,-0.029523031183989187
-17.997739459945997,-0.029468891703939407
-17.993180733373343,-0.029414828126597115
-17.988622006800682,-0.029360840383668468
-17.98406328022803,-0.029306928406877857
-17.979504553655367,-0.029253092127967683
-17.974945827082713,-0.029199331478698846
-17.970387100510052,-0.029145646390850117
-17.9658283739374,-0.02909203679621886
-17.961269647364738,-0.029038502626620385
-17.956710920792084,-0.028985043813888542
-17.952152194219423,-0.028931660289875292
-17.94759346764677,-0.028878351986451094
-17.943034741074108,-0.028825118835504548
-17.938476014501454,-0.028771960768942874
-17.933917287928793,-0.028718877718691322
-17.92935856135614,-0.02866586961669398
-17.924799834783478,-0.028612936394912913
-17.920241108210824,-0.028560077985329054
-17.91568238163817,-0.02850729431994148
-17.91112365506551,-0.028454585330767806
-17.906564928492855,-0.028401950949844348
-17.902006201920194,-0.028349391109225644
-17.89744747534754,-0.028296905740985086
-17.89288874877488,-0.02824449477721435
-17.888330022202226,-0.028192158150023967
-17.883771295629565,-0.02813989579154275
-17.87921256905691,-0.028087707633918504
-17.87465384248425,-0.02803559360931732
-17.870095115911596,-0.027983553649924293
-17.865536389338935,-0.027931587687942835
-17.86097766276628,-0.02787969565559544
-17.85641893619362,-0.02782787748512301
-17.851860209620966,-0.02777613310878547
-17.847301483048305,-0.027724462458861246
-17.84274275647565,-0.02767286546764778
-17.83818402990299,-0.02762134206746111
-17.833625303330336,-0.027569892190636318
-17.829066576757675,-0.0275185157695271
-17.82450785018502,-0.02746721273650628
-17.819949123612368,-0.0274159830239654
-17.815390397039707,-0.027364826564314847
-17.810831670467053,-0.027313743289984156
-17.806272943894392,-0.027262733133421604
-17.801714217321738,-0.02721179602709464
-17.797155490749077,-0.02716093190348945
-17.792596764176423,-0.02711014069511155
-17.788038037603762,-0.027059422334485113
-17.78347931103111,-0.02700877675415381
-17.778920584458447,-0.02695820388667987
-17.774361857885793,-0.026907703664645177
-17.769803131313132,-0.026857276020650172
-17.76524440474048,-0.02680692088731495
-17.760685678167818,-0.02675663819727828
-17.756126951595164,-0.026706427883198543
-17.751568225022503,-0.026656289877753012
-17.74700949844985,-0.02660622411363835
-17.742450771877188,-0.02655623052357032
-17.737892045304534,-0.026506309040284122
-17.733333318731873,-0.02645645959653407
-17.72877459215922,-0.02640668212509397
-17.724215865586565,-0.02635697655875673
-17.719657139013904,-0.02630734283033466
-17.71509841244125,-0.026257780872659595
-17.71053968586859,-0.02620829061858258
-17.705980959295935,-0.026158872000974186
-17.701422232723274,-0.026109524952724273
-17.69686350615062,-0.02606024940674238
-17.69230477957796,-0.02601104529595722
-17.687746053005306,-0.025961912553317344
-17.683187326432645,-0.02591285111179043
-17.67862859985999,-0.025863860904364003
-17.67406987328733,-0.025814941864044982
-17.669511146714676,-0.025766093923860006
-17.664952420142015,-0.025717317016855014
-17.66039369356936,-0.025668611076095985
-17.6558349669967,-0.025619976034668156
-17.651276240424046,-0.02557141182567675
-17.646717513851385,-0.02552291838224632
-17.64215878727873,-0.025474495637521483
-17.63760006070607,-0.025426143524666295
-17.633041334133416,-0.025377861976864806
-17.628482607560763,-0.025329650927320622
-17.6239238809881,-0.025281510309257165
-17.619365154415448,-0.025233440055917905
-17.614806427842787,-0.02518544010056573
-17.610247701270133,-0.025137510376483877
-17.605688974697472,-0.025089650816974972
-17.601130248124818,-0.02504186135536194
-17.596571521552157,-0.024994141924987254
-17.592012794979503,-0.024946492459213817
-17.587454068406842,-0.024898912891423954
-17.58289534183419,-0.024851403155020376
-17.578336615261527,-0.024803963183425464
-17.573777888688873,-0.024756592910082028
-17.569219162116212,-0.024709292268452494
-17.56466043554356,-0.024662061192019746
-17.560101708970898,-0.02461489961428646
-17.555542982398244,-0.024567807468775668
-17.550984255825583,-0.024520784689030253
-17.54642552925293,-0.024473831208613565
-17.541866802680268,-0.024426946961108885
-17.537308076107614,-0.024380131880119914
-17.53274934953496,-0.024333385899270362
-17.5281906229623,-0.02428670895220426
-17.523631896389645,-0.024240100972586005
-17.519073169816984,-0.02419356189410012
-17.51451444324433,-0.024147091650451598
-17.50995571667167,-0.024100690175365567
-17.505396990099015,-0.024054357402587784
-17.500838263526354,-0.024008093265884024
-17.4962795369537,-0.023961897699040897
-17.49172081038104,-0.023915770635864947
-17.487162083808386,-0.023869712010183612
-17.482603357235725,-0.023823721755844435
-17.47804463066307,-0.023777799806715707
-17.47348590409041,-0.023731946096685993
-17.468927177517756,-0.023686160559664677
-17.464368450945095,-0.023640443129581343
-17.45980972437244,-0.02359479374038652
-17.45525099779978,-0.023549212326050967
-17.450692271227126,-0.023503698820566424
-17.446133544654465,-0.023458253157944878
-17.44157481808181,-0.023412875272219403
-17.437016091509157,-0.02336756509744345
-17.432457364936496,-0.02332232256769121
-17.427898638363843,-0.02327714761705776
-17.42333991179118,-0.02323204017965875
-17.418781185218528,-0.023187000189630828
-17.414222458645867,-0.0231420275811311
-17.409663732073213,-0.0230971222883379
-17.405105005500552,-0.023052284245449976
-17.400546278927898,-0.02300751338668738
-17.395987552355237,-0.02296280964629065
-17.391428825782583,-0.022918172958521492
-17.386870099209922,-0.022873603257662408
-17.382311372637268,-0.022829100478017037
-17.377752646064607,-0.022784664553909657
-17.373193919491953,-0.02274029541968597
-17.368635192919292,-0.022695993009712263
-17.36407646634664,-0.02265175725837625
-17.359517739773977,-0.022607588100086447
-17.354959013201324,-0.022563485469272625
-17.350400286628663,-0.022519449300385463
-17.34584156005601,-0.022475479527897108
-17.341282833483355,-0.022431576086300545
-17.336724106910694,-0.02238773891010995
-17.33216538033804,-0.022343967933861036
-17.32760665376538,-0.02230026309211031
-17.323047927192725,-0.022256624319435876
-17.318489200620064,-0.02221305155043682
-17.31393047404741,-0.02216954471973382
-17.30937174747475,-0.02212610376196854
-17.304813020902095,-0.022082728611804325
-17.300254294329434,-0.022039419203925516
-17.29569556775678,-0.021996175473038226
-17.29113684118412,-0.0219529973538696
-17.286578114611466,-0.02190988478116857
-17.282019388038805,-0.021866837689705175
-17.27746066146615,-0.021823856014271267
-17.27290193489349,-0.02178093968967985
-17.268343208320836,-0.021738088650765767
-17.263784481748175,-0.02169530283238517
-17.25922575517552,-0.021652582169415995
-17.25466702860286,-0.021609926596757506
-17.250108302030206,-0.02156733604933086
-17.245549575457552,-0.02152481046207866
-17.24099084888489,-0.021482349769965107
-17.236432122312237,-0.021439953907976404
-17.231873395739576,-0.021397622811120086
-17.227314669166923,-0.02135535641442572
-17.22275594259426,-0.02131315465294437
-17.218197216021608,-0.021271017461749142
-17.213638489448947,-0.021228944775934663
-17.209079762876293,-0.02118693653061763
-17.204521036303632,-0.02114499266093636
-17.199962309730978,-0.02110311310205127
-17.195403583158317,-0.021061297789144423
-17.190844856585663,-0.02101954665742006
-17.186286130013002,-0.02097785964210411
-17.181727403440348,-0.02093623667844465
-17.177168676867687,-0.02089467770171162
-17.172609950295033,-0.02085318264719707
-17.168051223722372,-0.02081175145021496
-17.16349249714972,-0.020770384046101497
-17.158933770577057,-0.020729080370214707
-17.154375044004404,-0.020687840357934948
-17.14981631743175,-0.0206466639446646
-17.14525759085909,-0.02060555106582812
-17.140698864286435,-0.02056450165687235
-17.136140137713774,-0.020523515653266062
-17.13158141114112,-0.02048259299050054
-17.12702268456846,-0.020441733604088963
-17.122463957995805,-0.020400937429567192
-17.117905231423144,-0.020360204402492973
-17.11334650485049,-0.020319534458446666
-17.10878777827783,-0.020278927533030754
-17.104229051705175,-0.0202383835618703
-17.099670325132514,-0.020197902480612494
-17.09511159855986,-0.020157484224927188
-17.0905528719872,-0.020117128730506428
-17.085994145414546,-0.02007683593306495
-17.081435418841885,-0.02003660576833978
-17.07687669226923,-0.019996438172090604
-17.07231796569657,-0.019956333080099437
-17.067759239123916,-0.01991629042817109
-17.063200512551255,-0.019876310152132703
-17.0586417859786,-0.019836392187834246
-17.054083059405947,-0.019796536471148145
-17.049524332833286,-0.019756742937969474
-17.044965606260632,-0.019717011524216094
-17.04040687968797,-0.019677342165828445
-17.035848153115317,-0.019637734798769832
-17.031289426542656,-0.01959818935902608
-17.026730699970003,-0.019558705782606
-17.02217197339734,-0.019519284005541024
-17.017613246824688,-0.019479923963885544
-17.013054520252027,-0.019440625593716596
-17.008495793679373,-0.01940138883113436
-17.003937067106712,-0.019362213612261585
-16.999378340534058,-0.019323099873244255
-16.994819613961397,-0.019284047550250892
-16.990260887388743,-0.019245056579473434
-16.985702160816082,-0.019206126897126394
-16.981143434243428,-0.0191672584394476
-16.976584707670767,-0.019128451142697626
-16.972025981098113,-0.019089704943160417
-16.967467254525452,-0.019051019777142682
-16.9629085279528,-0.01901239558097449
-16.958349801380145,-0.018973832291008904
-16.953791074807484,-0.01893532984362204
-16.94923234823483,-0.018896888175213532
-16.94467362166217,-0.018858507222205764
-16.940114895089515,-0.018820186921044774
-16.935556168516854,-0.018781927208199493
-16.9309974419442,-0.01874372802016242
-16.92643871537154,-0.01870558929344907
-16.921879988798885,-0.01866751096459853
-16.917321262226224,-0.018629492970173026
-16.91276253565357,-0.01859153524675839
-16.90820380908091,-0.018553637730963534
-16.903645082508255,-0.018515800359421134
-16.899086355935594,-0.01847802306878698
-16.89452762936294,-0.018440305795740655
-16.88996890279028,-0.01840264847698491
-16.885410176217626,-0.018365051049246288
-16.880851449644965,-0.018327513449274687
-16.87629272307231,-0.01829003561384369
-16.87173399649965,-0.018252617479750384
-16.867175269926996,-0.018215258983815548
-16.862616543354342,-0.01817796006288351
-16.85805781678168,-0.018140720653822322
-16.853499090209027,-0.01810354069352377
-16.848940363636366,-0.018066420118903168
-16.844381637063712,-0.018029358866899874
-16.83982291049105,-0.017992356874476652
-16.835264183918397,-0.017955414078620384
-16.830705457345736,-0.01791853041634148
-16.826146730773083,-0.01788170582467443
-16.82158800420042,-0.017844940240677395
-16.817029277627768,-0.017808233601432567
-16.812470551055107,-0.017771585844045895
-16.807911824482453,-0.017734996905647442
-16.803353097909792,-0.01769846672339105
-16.798794371337138,-0.017661995234454723
-16.794235644764477,-0.017625582376040297
-16.789676918191823,-0.01758922808537385
-16.785118191619162,-0.017552932299705254
-16.780559465046508,-0.017516694956308726
-16.776000738473847,-0.017480515992482404
-16.771442011901193,-0.0174443953455487
-16.76688328532854,-0.01740833295285411
-16.76232455875588,-0.017372328751769212
-16.757765832183225,-0.017336382679689052
-16.753207105610564,-0.017300494674032607
-16.74864837903791,-0.017264664672243423
-16.74408965246525,-0.017228892611789066
-16.739530925892595,-0.017193178430161566
-16.734972199319934,-0.017157522064877175
-16.73041347274728,-0.017121923453476677
-16.72585474617462,-0.01708638253352498
-16.721296019601965,-0.017050899242611686
-16.716737293029304,-0.01701547351835058
-16.71217856645665,-0.016980105298380104
-16.70761983988399,-0.016944794520363
-16.703061113311335,-0.016909541121986723
-16.698502386738674,-0.016874345040963058
-16.69394366016602,-0.016839206215028536
-16.68938493359336,-0.0168041245819441
-16.684826207020706,-0.016769100079495447
-16.680267480448045,-0.016734132645492776
-16.67570875387539,-0.01669922221777108
-16.671150027302737,-0.016664368734189958
-16.666591300730076,-0.016629572132633674
-16.662032574157422,-0.01659483235101137
-16.65747384758476,-0.016560149327256773
-16.652915121012107,-0.016525522999328583
-16.648356394439446,-0.01649095330521011
-16.643797667866792,-0.01645644018290974
-16.63923894129413,-0.016421983570460423
-16.634680214721477,-0.016387583405920295
-16.630121488148816,-0.016353239627372153
-16.625562761576163,-0.01631895217292398
-16.6210040350035,-0.01628472098070845
-16.616445308430848,-0.016250545988883477
-16.611886581858187,-0.016216427135631758
-16.607327855285533,-0.01618236435916126
-16.602769128712872,-0.01614835759770484
-16.598210402140218,-0.016114406789520495
-16.593651675567557,-0.016080511872891366
-16.589092948994903,-0.016046672786125746
-16.584534222422242,-0.016012889467556954
-16.579975495849588,-0.015979161855543777
-16.575416769276934,-0.015945489888469968
-16.570858042704273,-0.015911873504744545
-16.56629931613162,-0.015878312642801932
-16.56174058955896,-0.015844807241101756
-16.557181862986305,-0.015811357238128973
-16.552623136413644,-0.015777962572393858
-16.54806440984099,-0.015744623182432187
-16.54350568326833,-0.015711339006804912
-16.538946956695675,-0.01567810998409862
-16.534388230123014,-0.01564493605292518
-16.52982950355036,-0.015611817151922065
-16.5252707769777,-0.015578753219752108
-16.520712050405045,-0.015545744195103883
-16.516153323832384,-0.015512790016691185
-16.51159459725973,-0.015479890623253754
-16.50703587068707,-0.015447045953556619
-16.502477144114415,-0.015414255946390685
-16.497918417541754,-0.015381520540572272
-16.4933596909691,-0.01534883967494361
-16.48880096439644,-0.015316213288372418
-16.484242237823786,-0.015283641319752352
-16.47968351125113,-0.015251123708002665
-16.47512478467847,-0.015218660392068394
-16.470566058105817,-0.015186251310920565
-16.466007331533156,-0.015153896403555724
-16.461448604960502,-0.01512159560899664
-16.45688987838784,-0.01508934886629166
-16.452331151815187,-0.015057156114515255
-16.447772425242526,-0.015025017292767628
-16.443213698669872,-0.014992932340175198
-16.43865497209721,-0.014960901195890086
-16.434096245524557,-0.014928923799090691
-16.429537518951896,-0.014897000088981243
-16.424978792379243,-0.01486513000479219
-16.42042006580658,-0.014833313485779947
-16.415861339233928,-0.014801550471227188
-16.411302612661267,-0.014769840900442536
-16.406743886088613,-0.014738184712760987
-16.402185159515952,-0.014706581847543558
-16.397626432943298,-0.014675032244177679
-16.393067706370637,-0.014643535842076803
-16.388508979797983,-0.014612092580680858
-16.38395025322533,-0.01458070239945592
-16.379391526652668,-0.01454936523789445
-16.374832800080014,-0.014518081035515308
-16.370274073507353,-0.014486849731863583
-16.3657153469347,-0.014455671266511016
-16.36115662036204,-0.014424545579055491
-16.356597893789385,-0.014393472609121558
-16.352039167216724,-0.014362452296360108
-16.34748044064407,-0.01433148458044872
-16.34292171407141,-0.014300569401091236
-16.338362987498755,-0.014269706698018362
-16.333804260926094,-0.014238896410987082
-16.32924553435344,-0.014208138479781317
-16.32468680778078,-0.014177432844211293
-16.320128081208125,-0.014146779444114183
-16.315569354635464,-0.014116178219353648
-16.31101062806281,-0.014085629109820209
-16.30645190149015,-0.014055132055430986
-16.301893174917495,-0.014024686996130055
-16.297334448344834,-0.013994293871888061
-16.29277572177218,-0.013963952622702698
-16.288216995199527,-0.013933663188598327
-16.283658268626866,-0.013903425509626206
-16.27909954205421,-0.013873239525864663
-16.27454081548155,-0.013843105177418684
-16.269982088908897,-0.013813022404420476
-16.265423362336236,-0.013782991147028962
-16.260864635763582,-0.01375301134543032
-16.25630590919092,-0.013723082939837568
-16.251747182618267,-0.013693205870490898
-16.247188456045606,-0.013663380077657473
-16.242629729472952,-0.013633605501631731
-16.23807100290029,-0.013603882082735027
-16.233512276327637,-0.013574209761316116
-16.228953549754976,-0.013544588477750717
-16.224394823182323,-0.013515018172441924
-16.21983609660966,-0.013485498785819998
-16.215277370037008,-0.013456030258342497
-16.210718643464347,-0.01342661253049426
-16.206159916891693,-0.013397245542787435
-16.201601190319032,-0.013367929235761508
-16.197042463746378,-0.013338663549983412
-16.192483737173724,-0.013309448426047381
-16.187925010601063,-0.013280283804575068
-16.18336628402841,-0.013251169626215727
-16.178807557455748,-0.013222105831645901
-16.174248830883094,-0.013193092361569791
-16.169690104310433,-0.013164129156718992
-16.16513137773778,-0.013135216157852823
-16.16057265116512,-0.013106353305757958
-16.156013924592465,-0.013077540541248942
-16.151455198019804,-0.013048777805167725
-16.14689647144715,-0.01302006503838412
-16.14233774487449,-0.012991402181795422
-16.137779018301835,-0.012962789176326837
-16.133220291729174,-0.012934225962931183
-16.12866156515652,-0.012905712482589126
-16.12410283858386,-0.012877248676309022
-16.119544112011205,-0.012848834485127221
-16.114985385438544,-0.012820469850107706
-16.11042665886589,-0.012792154712342577
-16.10586793229323,-0.012763889012951566
-16.101309205720575,-0.012735672693082584
-16.09675047914792,-0.012707505693911353
-16.09219175257526,-0.012679387956641523
-16.087633026002607,-0.012651319422504973
-16.083074299429946,-0.012623300032761362
-16.07851557285729,-0.01259532972869863
-16.07395684628463,-0.012567408451632588
-16.069398119711977,-0.012539536142907376
-16.064839393139316,-0.012511712743895058
-16.060280666566662,-0.012483938195996113
-16.055721939994,-0.012456212440638924
-16.051163213421347,-0.012428535419280387
-16.046604486848686,-0.012400907073405413
-16.042045760276032,-0.012373327344527332
-16.03748703370337,-0.012345796174187629
-16.032928307130717,-0.012318313503956325
-16.028369580558056,-0.012290879275431557
-16.023810853985403,-0.012263493430240061
-16.01925212741274,-0.012236155910036772
-16.014693400840088,-0.012208866656505274
-16.010134674267427,-0.012181625611357386
-16.005575947694773,-0.012154432716333576
-16.00101722112212,-0.012127287913202781
-15.996458494549458,-0.012100191143762425
-15.991899767976804,-0.012073142349838575
-15.987341041404143,-0.012046141473285815
-15.98278231483149,-0.012019188455987444
-15.978223588258828,-0.011992283239855283
-15.973664861686174,-0.011965425766829978
-15.969106135113513,-0.011938615978880683
-15.96454740854086,-0.011911853818005481
-15.959988681968198,-0.011885139226231007
-15.955429955395545,-0.011858472145612902
-15.950871228822884,-0.01183185251823535
-15.94631250225023,-0.01180528028621161
-15.941753775677569,-0.011778755391683616
-15.937195049104915,-0.011752277776822351
-15.932636322532254,-0.01172584738382752
-15.9280775959596,-0.011699464154927975
-15.923518869386939,-0.011673128032381323
-15.918960142814285,-0.011646838958474381
-15.914401416241624,-0.01162059687552278
-15.90984268966897,-0.01159440172587136
-15.905283963096316,-0.011568253451893929
-15.900725236523655,-0.011542151995993387
-15.896166509951001,-0.011516097300601883
-15.89160778337834,-0.01149008930818055
-15.887049056805687,-0.011464127961219891
-15.882490330233026,-0.011438213202239412
-15.877931603660372,-0.011412344973788024
-15.87337287708771,-0.011386523218443738
-15.868814150515057,-0.011360747878814055
-15.864255423942396,-0.011335018897535541
-15.859696697369742,-0.011309336217274339
-15.855137970797081,-0.011283699780725779
-15.850579244224427,-0.011258109530614705
-15.846020517651766,-0.011232565409695264
-15.841461791079112,-0.011207067360751206
-15.836903064506451,-0.011181615326595548
-15.832344337933797,-0.011156209250071053
-15.827785611361136,-0.011130849074049775
-15.823226884788482,-0.011105534741433488
-15.818668158215822,-0.011080266195153437
-15.814109431643168,-0.011055043378170584
-15.809550705070514,-0.011029866233475407
-15.804991978497853,-0.011004734704088096
-15.800433251925199,-0.010979648733058577
-15.795874525352538,-0.010954608263466387
-15.791315798779884,-0.010929613238420911
-15.786757072207223,-0.01090466360106118
-15.78219834563457,-0.010879759294556186
-15.777639619061908,-0.01085490026210455
-15.773080892489254,-0.01083008644693492
-15.768522165916593,-0.010805317792305643
-15.76396343934394,-0.010780594241505136
-15.759404712771278,-0.010755915737851606
-15.754845986198625,-0.010731282224693325
-15.750287259625964,-0.01070669364540843
-15.74572853305331,-0.010682149943405203
-15.741169806480649,-0.010657651062121812
-15.736611079907995,-0.010633196945026622
-15.732052353335334,-0.01060878753561796
-15.72749362676268,-0.01058442277742441
-15.722934900190019,-0.010560102614004557
-15.718376173617365,-0.010535826988947262
-15.713817447044711,-0.010511595845871522
-15.70925872047205,-0.010487409128426517
-15.704699993899396,-0.010463266780291795
-15.700141267326735,-0.010439168745177089
-15.695582540754081,-0.010415114966822464
-15.69102381418142,-0.010391105388998272
-15.686465087608767,-0.01036713995550531
-15.681906361036106,-0.010343218610174636
-15.677347634463452,-0.010319341296867858
-15.67278890789079,-0.01029550795947686
-15.668230181318137,-0.010271718541924166
-15.663671454745476,-0.010247972988162591
-15.659112728172822,-0.010224271242175648
-15.654554001600161,-0.01020061324797726
-15.649995275027507,-0.010176998949612024
-15.645436548454846,-0.010153428291155038
-15.640877821882192,-0.01012990121671208
-15.636319095309531,-0.010106417670419544
-15.631760368736877,-0.010082977596444572
-15.627201642164216,-0.010059580938984855
-15.622642915591562,-0.010036227642269028
-15.618084189018909,-0.010012917650556294
-15.613525462446248,-0.009989650908136697
-15.608966735873594,-0.009966427359331152
-15.604408009300933,-0.0099432469484913
-15.599849282728279,-0.009920109619999779
-15.595290556155618,-0.009897015318269978
-15.590731829582964,-0.009873963987746303
-15.586173103010303,-0.009850955572904052
-15.58161437643765,-0.0098279900182495
-15.577055649864988,-0.009805067268319922
-15.572496923292334,-0.009782187267683644
-15.567938196719673,-0.009759349960939951
-15.56337947014702,-0.009736555292719346
-15.558820743574358,-0.00971380320768327
-15.554262017001705,-0.009691093650524452
-15.549703290429044,-0.009668426565966623
-15.54514456385639,-0.009645801898764867
-15.540585837283729,-0.009623219593705271
-15.536027110711075,-0.009600679595605385
-15.531468384138414,-0.009578181849313814
-15.52690965756576,-0.009555726299710604
-15.522350930993106,-0.00953331289170703
-15.517792204420445,-0.009510941570245707
-15.513233477847791,-0.009488612280300698
-15.50867475127513,-0.009466324966877332
-15.504116024702476,-0.009444079575012514
-15.499557298129815,-0.009421876049774465
-15.494998571557161,-0.009399714336262974
-15.4904398449845,-0.009377594379609232
-15.485881118411847,-0.009355516124976081
-15.481322391839186,-0.00933347951755779
-15.476763665266532,-0.00931148450258032
-15.47220493869387,-0.00928953102530115
-15.467646212121217,-0.009267619031009462
-15.463087485548556,-0.009245748465026024
-15.458528758975902,-0.009223919272703395
-15.453970032403241,-0.009202131399425719
-15.449411305830587,-0.009180384790609009
-15.444852579257926,-0.009158679391700926
-15.440293852685272,-0.009137015148181016
-15.435735126112611,-0.009115392005560576
-15.431176399539957,-0.009093809909382826
-15.426617672967303,-0.009072268805222763
-15.422058946394642,-0.009050768638687326
-15.417500219821989,-0.009029309355415446
-15.412941493249328,-0.009007890901077849
-15.408382766676674,-0.008986513221377432
-15.403824040104013,-0.008965176262048881
-15.399265313531359,-0.008943879968859153
-15.394706586958698,-0.00892262428760701
-15.390147860386044,-0.008901409164123533
-15.385589133813383,-0.008880234544271712
-15.38103040724073,-0.008859100373946825
-15.376471680668068,-0.00883800659907619
-15.371912954095414,-0.008816953165619448
-15.367354227522753,-0.008795940019568313
-15.3627955009501,-0.008774967106946854
-15.358236774377438,-0.008754034373811299
-15.353678047804785,-0.008733141766250316
-15.349119321232124,-0.008712289230384727
-15.34456059465947,-0.008691476712367831
-15.340001868086809,-0.008670704158385216
-15.335443141514155,-0.008649971514654946
-15.330884414941501,-0.008629278727427452
-15.32632568836884,-0.008608625742985583
-15.321766961796186,-0.008588012507644783
-15.317208235223525,-0.00856743896775287
-15.312649508650871,-0.00854690506969031
-15.30809078207821,-0.008526410759870007
-15.303532055505556,-0.008505955984737561
-15.298973328932895,-0.008485540690771088
-15.294414602360241,-0.008465164824481425
-15.28985587578758,-0.00844482833241196
-15.285297149214927,-0.008424531161138914
-15.280738422642266,-0.008404273257271043
-15.276179696069612,-0.008384054567450018
-15.27162096949695,-0.008363875038350142
-15.267062242924297,-0.008343734616678615
-15.262503516351636,-0.008323633249175328
-15.257944789778982,-0.00830357088261318
-15.253386063206321,-0.008283547463797772
-15.248827336633667,-0.008263562939567742
-15.244268610061006,-0.008243617256794516
-15.239709883488352,-0.008223710362382617
-15.235151156915698,-0.00820384220326943
-15.230592430343037,-0.00818401272642533
-15.226033703770383,-0.008164221878853828
-15.221474977197722,-0.008144469607591366
-15.216916250625069,-0.008124755859707568
-15.212357524052408,-0.008105080582305064
-15.207798797479754,-0.00808544372251971
-15.203240070907093,-0.008065845227520413
-15.198681344334439,-0.008046285044509369
-15.194122617761778,-0.00802676312072189
-15.189563891189124,-0.008007279403426602
-15.185005164616463,-0.007987833839925296
-15.180446438043809,-0.007968426377553166
-15.175887711471148,-0.007949056963678584
-15.171328984898494,-0.007929725545703396
-15.166770258325833,-0.00791043207106267
-15.16221153175318,-0.007891176487225008
-15.157652805180518,-0.007871958741692268
-15.153094078607865,-0.007852778781999914
-15.148535352035204,-0.00783363655571673
-15.14397662546255,-0.007814532010445109
-15.139417898889896,-0.007795465093820873
-15.134859172317235,-0.007776435753513399
-15.13030044574458,-0.007757443937225697
-15.12574171917192,-0.0077384895926942915
-15.121182992599266,-0.007719572667689409
-15.116624266026605,-0.007700693110014809
-15.112065539453951,-0.007681850867508066
-15.10750681288129,-0.007663045888040298
-15.102948086308636,-0.007644278119516498
-15.098389359735975,-0.007625547509875244
-15.093830633163321,-0.00760685400708906
-15.08927190659066,-0.007588197559164094
-15.084713180018007,-0.00756957811414049
-15.080154453445346,-0.007550995620092085
-15.075595726872692,-0.00753245002512673
-15.07103700030003,-0.007513941277386058
-15.066478273727377,-0.007495469325045723
-15.061919547154716,-0.007477034116315252
-15.057360820582062,-0.007458635599438229
-15.052802094009401,-0.007440273722692155
-15.048243367436747,-0.007421948434388638
-15.043684640864093,-0.007403659682873305
-15.039125914291432,-0.0073854074165258035
-15.034567187718778,-0.007367191583760036
-15.030008461146117,-0.0073490121330238405
-15.025449734573463,-0.0073308690127994024
-15.020891008000802,-0.0073127621716029155
-15.016332281428149,-0.007294691557984934
-15.011773554855488,-0.0072766571205300935
-15.007214828282834,-0.007258658807857431
-15.002656101710173,-0.007240696568620121
-14.998097375137519,-0.007222770351505794
-14.993538648564858,-0.007204880105236248
-14.988979921992204,-0.007187025778567802
-14.984421195419543,-0.007169207320291019
-14.979862468846889,-0.00715142467923096
-14.975303742274228,-0.007133677804247059
-14.970745015701574,-0.007115966644233272
-14.966186289128913,-0.007098291148117955
-14.96162756255626,-0.007080651264864058
-14.957068835983598,-0.007063046943468957
-14.952510109410944,-0.007045478132964733
-14.94795138283829,-0.007027944782417904
-14.94339265626563,-0.007010446840929638
-14.938833929692976,-0.0069929842576358075
-14.934275203120315,-0.006975556981706832
-14.92971647654766,-0.0069581649623479125
-14.925157749975,-0.006940808148798855
-14.920599023402346,-0.006923486490334304
-14.916040296829685,-0.006906199936263565
-14.911481570257031,-0.00688894843593082
-14.90692284368437,-0.0068717319387149355
-14.902364117111716,-0.006854550394029747
-14.897805390539055,-0.00683740375132381
-14.893246663966401,-0.006820291960080677
-14.88868793739374,-0.006803214969818719
-14.884129210821087,-0.006786172730091289
-14.879570484248426,-0.006769165190486661
-14.875011757675772,-0.006752192300628133
-14.87045303110311,-0.006735254010173908
-14.865894304530457,-0.0067183502688173725
-14.861335577957796,-0.006701481026286804
-14.856776851385142,-0.006684646232345677
-14.852218124812488,-0.006667845836792513
-14.847659398239827,-0.00665107978946092
-14.843100671667173,-0.006634348040219759
-14.838541945094512,-0.006617650538972966
-14.833983218521858,-0.006600987235659776
-14.829424491949197,-0.00658435808025452
-14.824865765376543,-0.00656776302276691
-14.820307038803882,-0.006551202013241823
-14.815748312231229,-0.0065346750017595216
-14.811189585658568,-0.006518181938435495
-14.806630859085914,-0.006501722773420686
-14.802072132513253,-0.006485297456901291
-14.797513405940599,-0.006468905939099006
-14.792954679367938,-0.00645254817027086
-14.788395952795284,-0.006436224100709398
-14.783837226222623,-0.0064199336807425535
-14.779278499649969,-0.006403676860733838
-14.774719773077308,-0.006387453591082188
-14.770161046504654,-0.006371263822222156
-14.765602319931993,-0.006355107504623776
-14.76104359335934,-0.0063389845887927695
-14.756484866786685,-0.006322895025270388
-14.751926140214024,-0.006306838764633519
-14.74736741364137,-0.006290815757494779
-14.74280868706871,-0.006274825954502372
-14.738249960496056,-0.006258869306340301
-14.733691233923395,-0.006242945763728211
-14.72913250735074,-0.006227055277421604
-14.72457378077808,-0.006211197798211629
-14.720015054205426,-0.00619537327692536
-14.715456327632765,-0.006179581664425612
-14.710897601060111,-0.006163822911611127
-14.70633887448745,-0.0061480969694164105
-14.701780147914796,-0.006132403788811998
-14.697221421342135,-0.006116743320804186
-14.692662694769481,-0.006101115516435398
-14.68810396819682,-0.006085520326783856
-14.683545241624167,-0.006069957702963892
-14.678986515051506,-0.006054427596125777
-14.674427788478852,-0.0060389299574558795
-14.66986906190619,-0.006023464738176568
-14.665310335333537,-0.0060080318895463555
-14.660751608760883,-0.0059926313628598325
-14.656192882188222,-0.005977263109447679
-14.651634155615568,-0.005961927080676837
-14.647075429042907,-0.005946623227950309
-14.642516702470253,-0.005931351502707389
-14.637957975897592,-0.005916111856423548
-14.633399249324938,-0.005900904240610528
-14.628840522752277,-0.005885728606816304
-14.624281796179623,-0.005870584906625217
-14.619723069606962,-0.005855473091657829
-14.615164343034309,-0.0058403931135711535
-14.610605616461648,-0.00582534492405845
-14.606046889888994,-0.0058103284748494775
-14.601488163316333,-0.005795343717710306
-14.596929436743679,-0.005780390604443523
-14.592370710171018,-0.005765469086888086
-14.587811983598364,-0.005750579116919544
-14.583253257025703,-0.0057357206464498135
-14.578694530453049,-0.005720893627427457
-14.574135803880388,-0.005706098011837483
-14.569577077307734,-0.005691333751701565
-14.56501835073508,-0.0056766007990779075
-14.56045962416242,-0.0056618991060613105
-14.555900897589765,-0.005647228624783291
-14.551342171017104,-0.00563258930741195
-14.54678344444445,-0.005617981106152142
-14.54222471787179,-0.005603403973245358
-14.537665991299136,-0.005588857860969882
-14.533107264726475,-0.005574342721640678
-14.52854853815382,-0.005559858507609573
-14.52398981158116,-0.005545405171265099
-14.519431085008506,-0.005530982665032683
-14.514872358435845,-0.005516590941374528
-14.510313631863191,-0.005502229952789778
-14.50575490529053,-0.00548789965181436
-14.501196178717876,-0.0054735999910212295
-14.496637452145215,-0.005459330923020149
-14.492078725572561,-0.005445092400457956
-14.4875199989999,-0.005430884376018346
-14.482961272427247,-0.005416706802422121
-14.478402545854586,-0.005402559632426999
-14.473843819281932,-0.005388442818827845
-14.469285092709278,-0.005374356314456493
-14.464726366136617,-0.005360300072181893
-14.460167639563963,-0.005346274044910151
-14.455608912991302,-0.005332278185584428
-14.451050186418648,-0.005318312447185111
-14.446491459845987,-0.0053043767827296836
-14.441932733273333,-0.005290471145272896
-14.437374006700672,-0.005276595487906646
-14.432815280128018,-0.0052627497637601495
-14.428256553555357,-0.005248933925999801
-14.423697826982703,-0.005235147927829354
-14.419139100410042,-0.005221391722489785
-14.414580373837389,-0.005207665263259494
-14.410021647264728,-0.005193968503454118
-14.405462920692074,-0.005180301396426771
-14.400904194119413,-0.00516666389556787
-14.396345467546759,-0.005153055954305303
-14.391786740974098,-0.005139477526104348
-14.387228014401444,-0.005125928564467783
-14.382669287828783,-0.005112409022935814
-14.378110561256129,-0.005098918855086196
-14.373551834683475,-0.005085458014534153
-14.368993108110814,-0.005072026454932463
-14.36443438153816,-0.005058624129971508
-14.3598756549655,-0.00504525099337918
-14.355316928392845,-0.005031906998921048
-14.350758201820184,-0.0050185921004002425
-14.34619947524753,-0.005005306251657597
-14.34164074867487,-0.0049920494065715535
-14.337082022102216,-0.004978821519058303
-14.332523295529555,-0.004965622543071692
-14.3279645689569,-0.004952452432603346
-14.32340584238424,-0.004939311141682574
-14.318847115811586,-0.004926198624376543
-14.314288389238925,-0.004913114834790133
-14.309729662666271,-0.004900059727066098
-14.30517093609361,-0.004887033255384974
-14.300612209520956,-0.004874035373965204
-14.296053482948295,-0.004861066037063057
-14.291494756375641,-0.004848125198972748
-14.28693602980298,-0.0048352128140263465
-14.282377303230327,-0.004822328836593932
-14.277818576657673,-0.0048094732210834795
-14.273259850085012,-0.004796645921940955
-14.268701123512358,-0.004783846893650368
-14.264142396939697,-0.004771076090733675
-14.259583670367043,-0.004758333467750946
-14.255024943794382,-0.00474561897930024
-14.250466217221728,-0.004732932580017758
-14.245907490649067,-0.004720274224577741
-14.241348764076413,-0.004707643867692618
-14.236790037503752,-0.004695041464112884
-14.232231310931098,-0.00468246696862727
-14.227672584358437,-0.004669920336062609
-14.223113857785783,-0.004657401521284009
-14.218555131213122,-0.004644910479194722
-14.213996404640469,-0.004632447164736326
-14.209437678067808,-0.004620011532888571
-14.204878951495154,-0.00460760353866957
-14.200320224922493,-0.004595223137135653
-14.195761498349839,-0.004582870283381548
-14.191202771777178,-0.004570544932540252
-14.186644045204524,-0.0045582470397831885
-14.18208531863187,-0.004545976560320109
-14.177526592059209,-0.00453373344939915
-14.172967865486555,-0.004521517662306935
-14.168409138913894,-0.0045093291543684385
-14.16385041234124,-0.004497167880947179
-14.15929168576858,-0.004485033797445065
-14.154732959195925,-0.004472926859302587
-14.150174232623264,-0.004460847021998645
-14.14561550605061,-0.004448794241050785
-14.14105677947795,-0.004436768472015011
-14.136498052905296,-0.004424769670485969
-14.131939326332635,-0.004412797792096835
-14.12738059975998,-0.004400852792519462
-14.12282187318732,-0.004388934627464253
-14.118263146614666,-0.004377043252680331
-14.113704420042005,-0.004365178623955441
-14.109145693469351,-0.004353340697116042
-14.10458696689669,-0.004341529428027259
-14.100028240324036,-0.004329744772592993
-14.095469513751375,-0.004317986686755838
-14.090910787178721,-0.004306255126497188
-14.086352060606067,-0.004294550047837182
-14.081793334033406,-0.00428287140683476
-14.077234607460753,-0.004271219159587729
-14.072675880888092,-0.004259593262232658
-14.068117154315438,-0.0042479936709450316
-14.063558427742777,-0.004236420341939149
-14.058999701170123,-0.004224873231468257
-14.054440974597462,-0.004213352295824467
-14.049882248024808,-0.004201857491338846
-14.045323521452147,-0.004190388774381373
-14.040764794879493,-0.0041789461013610404
-14.036206068306832,-0.004167529428725757
-14.031647341734178,-0.004156138712962505
-14.027088615161517,-0.004144773910597213
-14.022529888588863,-0.004133434978194898
-14.017971162016202,-0.004122121872359587
-14.013412435443549,-0.004110834549734437
-14.008853708870888,-0.004099572967001613
-14.004294982298234,-0.004088337080882469
-13.999736255725573,-0.004077126848137418
-13.995177529152919,-0.004065942225566073
-13.990618802580265,-0.004054783170007153
-13.986060076007604,-0.0040436496383385685
-13.98150134943495,-0.004032541587477466
-13.976942622862289,-0.004021458974380145
-13.972383896289635,-0.004010401756042184
-13.967825169716974,-0.003999369889498369
-13.96326644314432,-0.00398836333182279
-13.95870771657166,-0.0039773820401287725
-13.954148989999005,-0.003966425971568992
-13.949590263426344,-0.00395549508333539
-13.94503153685369,-0.0039445893326592926
-13.94047281028103,-0.0039337086768113155
-13.935914083708376,-0.003922853073101513
-13.931355357135715,-0.003912022478879255
-13.92679663056306,-0.0039012168515333697
-13.9222379039904,-0.003890436148492054
-13.917679177417746,-0.003879680327222987
-13.913120450845085,-0.0038689493452332556
-13.908561724272431,-0.003858243160069458
-13.90400299769977,-0.0038475617293176304
-13.899444271127116,-0.003836905010603362
-13.894885544554462,-0.003826272961591718
-13.890326817981801,-0.003815665539987306
-13.885768091409147,-0.003805082703534317
-13.881209364836486,-0.0037945244100164558
-13.876650638263833,-0.0037839906172570737
-13.872091911691172,-0.00377348128311906
-13.867533185118518,-0.003762996365504983
-13.862974458545857,-0.0037525358223569724
-13.858415731973203,-0.00374209961165688
-13.853857005400542,-0.0037316876914261546
-13.849298278827888,-0.0037213000197259963
-13.844739552255227,-0.0037109365546572166
-13.840180825682573,-0.0037005972543604384
-13.835622099109912,-0.0036902820770159167
-13.831063372537258,-0.0036799909808437415
-13.826504645964597,-0.0036697239241036722
-13.821945919391943,-0.003659480865095325
-13.817387192819282,-0.0036492617621580368
-13.812828466246629,-0.0036390665736710332
-13.808269739673968,-0.0036288952580532654
-13.803711013101314,-0.003618747773763616
-13.79915228652866,-0.0036086240793007564
-13.794593559955999,-0.0035985241332032332
-13.790034833383345,-0.0035884478940495265
-13.785476106810684,-0.0035783953204579434
-13.78091738023803,-0.0035683663710867806
-13.776358653665369,-0.0035583610046341953
-13.771799927092715,-0.003548379179838346
-13.767241200520054,-0.0035384208554772997
-13.7626824739474,-0.003528485990369146
-13.75812374737474,-0.0035185745433719295
-13.753565020802085,-0.0035086864733837233
-13.749006294229424,-0.0034988217393425907
-13.74444756765677,-0.003488980300226669
-13.73988884108411,-0.003479162115054089
-13.735330114511456,-0.003469367142883116
-13.730771387938795,-0.003459595342812017
-13.72621266136614,-0.00344984667397922
-13.72165393479348,-0.003440121095563193
-13.717095208220826,-0.003430418566782597
-13.712536481648165,-0.0034207390468961557
-13.707977755075511,-0.0034110824952028112
-13.703419028502857,-0.003401448871041618
-13.698860301930196,-0.0033918381337918148
-13.694301575357542,-0.003382250242872863
-13.689742848784881,-0.0033726851577443955
-13.685184122212227,-0.003363142837906304
-13.680625395639566,-0.003353623242898659
-13.676066669066913,-0.0033441263323018447
-13.671507942494252,-0.0033346520657364376
-13.666949215921598,-0.0033252004028633607
-13.662390489348937,-0.0033157713033837607
-13.657831762776283,-0.003306364727039134
-13.653273036203622,-0.0032969806336112565
-13.648714309630968,-0.003287618982922281
-13.644155583058307,-0.0032782797348346396
-13.639596856485653,-0.003268962849251189
-13.635038129912992,-0.003259668286115101
-13.630479403340338,-0.0032503960054099646
-13.625920676767677,-0.0032411459671597424
-13.621361950195023,-0.003231918131428829
-13.616803223622362,-0.0032227124583220027
-13.612244497049709,-0.003213528907984542
-13.607685770477055,-0.003204367440602112
-13.603127043904394,-0.003195228016400842
-13.59856831733174,-0.0031861105956473954
-13.594009590759079,-0.0031770151386488516
-13.589450864186425,-0.003167941605752837
-13.584892137613764,-0.003158889957347457
-13.58033341104111,-0.0031498601538613785
-13.575774684468449,-0.0031408521557637604
-13.571215957895795,-0.003131865923564362
-13.566657231323134,-0.0031229014178134457
-13.56209850475048,-0.0031139585991019074
-13.55753977817782,-0.0031050374280611848
-13.552981051605165,-0.0030961378653633527
-13.548422325032504,-0.003087259871721045
-13.54386359845985,-0.0030784034078875826
-13.53930487188719,-0.003069568434656853
-13.534746145314536,-0.0030607549128634564
-13.530187418741875,-0.0030519628033825984
-13.52562869216922,-0.0030431920671302013
-13.52106996559656,-0.003034442665062814
-13.516511239023906,-0.0030257145581777467
-13.511952512451252,-0.0030170077075129605
-13.507393785878591,-0.003008322074147138
-13.502835059305937,-0.002999657619199733
-13.498276332733276,-0.0029910143038308903
-13.493717606160622,-0.002982392089241544
-13.489158879587961,-0.002973790936673352
-13.484600153015307,-0.0029652108074088007
-13.480041426442646,-0.00295665166277109
-13.475482699869993,-0.002948113464124293
-13.470923973297332,-0.0029395961728732154
-13.466365246724678,-0.002931099750463554
-13.461806520152017,-0.0029226241583817604
-13.457247793579363,-0.002914169358155195
-13.452689067006702,-0.0029057353113520106
-13.448130340434048,-0.002897321979581275
-13.443571613861387,-0.0028889293244928785
-13.439012887288733,-0.0028805573077776343
-13.434454160716072,-0.0028722058911672074
-13.429895434143418,-0.002863875036434221
-13.425336707570757,-0.002855564705392148
-13.420777980998103,-0.00284727485989545
-13.41621925442545,-0.0028390054618394707
-13.411660527852789,-0.002830756473160512
-13.407101801280135,-0.0028225278558358614
-13.402543074707474,-0.0028143195718837197
-13.39798434813482,-0.0028061315833633133
-13.393425621562159,-0.0027979638523748067
-13.388866894989505,-0.002789816341059407
-13.384308168416844,-0.002781689011599268
-13.37974944184419,-0.0027735818262176197
-13.375190715271529,-0.0027654947471786586
-13.370631988698875,-0.0027574277367876663
-13.366073262126214,-0.0027493807573909126
-13.36151453555356,-0.002741353771375772
-13.3569558089809,-0.0027333467411706307
-13.352397082408245,-0.0027253596292449965
-13.347838355835584,-0.002717392398109405
-13.34327962926293,-0.00270944501031553
-13.33872090269027,-0.002701517428456091
-13.334162176117616,-0.002693609615164971
-13.329603449544955,-0.0026857215331171197
-13.3250447229723,-0.002677853145028652
-13.320485996399647,-0.0026700044136567813
-13.315927269826986,-0.0026621753017998678
-13.311368543254332,-0.0026543657722974635
-13.306809816681671,-0.0026465757880302183
-13.302251090109017,-0.002638805311920012
-13.297692363536356,-0.002631054306929833
-13.293133636963702,-0.0026233227360639303
-13.288574910391041,-0.002615610562367673
-13.284016183818387,-0.0026079177489276954
-13.279457457245726,-0.0026002442588717845
-13.274898730673073,-0.002592590055368997
-13.270340004100412,-0.0025849551016295653
-13.265781277527758,-0.002577339360905003
-13.261222550955097,-0.002569742796488021
-13.256663824382443,-0.0025621653717126224
-13.252105097809782,-0.0025546070499540227
-13.247546371237128,-0.0025470677946287414
-13.242987644664467,-0.0025395475691945392
-13.238428918091813,-0.0025320463371504938
-13.233870191519152,-0.0025245640620369185
-13.229311464946498,-0.0025171007074354687
-13.224752738373844,-0.0025096562369690853
-13.220194011801183,-0.002502230614301988
-13.21563528522853,-0.0024948238031397727
-13.211076558655868,-0.0024874357672293
-13.206517832083215,-0.002480066470358808
-13.201959105510554,-0.002472715876357829
-13.1974003789379,-0.0024653839490972876
-13.192841652365239,-0.0024580706524894055
-13.188282925792585,-0.00245077595048781
-13.183724199219924,-0.0024434998070874524
-13.17916547264727,-0.0024362421863247004
-13.174606746074609,-0.0024290030522772415
-13.170048019501955,-0.002421782369064207
-13.165489292929294,-0.002414580100846066
-13.16093056635664,-0.002407396211824733
-13.15637183978398,-0.002400230666243469
-13.151813113211325,-0.0023930834283869993
-13.147254386638664,-0.0023859544625814237
-13.14269566006601,-0.002378843733194291
-13.13813693349335,-0.0023717512046345477
-13.133578206920696,-0.0023646768413526065
-13.129019480348042,-0.0023576206078402898
-13.12446075377538,-0.0023505824686308636
-13.119902027202727,-0.0023435623882990812
-13.115343300630066,-0.0023365603314610913
-13.110784574057412,-0.0023295762627745667
-13.106225847484751,-0.002322610146938589
-13.101667120912097,-0.002315661948693759
-13.097108394339436,-0.0023087316328221147
-13.092549667766782,-0.002301819164147208
-13.087990941194121,-0.002294924507534041
-13.083432214621467,-0.0022880476278891587
-13.078873488048806,-0.002281188490160537
-13.074314761476153,-0.0022743470593377243
-13.069756034903492,-0.0022675233004517087
-13.065197308330838,-0.0022607171785750464
-13.060638581758177,-0.0022539286588217585
-13.056079855185523,-0.0022471577063474337
-13.051521128612862,-0.002240404286349139
-13.046962402040208,-0.002233668364065517
-13.042403675467547,-0.002226949904776697
-13.037844948894893,-0.0022202488738043854
-13.03328622232224,-0.0022135652365118117
-13.028727495749578,-0.002206898958303736
-13.024168769176924,-0.0022002500046265066
-13.019610042604263,-0.0021936183409679844
-13.01505131603161,-0.0021870039328576243
-13.010492589458948,-0.00218040674586641
-13.005933862886295,-0.0021738267456069193
-13.001375136313634,-0.0021672638977332675
-12.99681640974098,-0.0021607181679411847
-12.992257683168319,-0.00215418952196792
-12.987698956595665,-0.002147677925592361
-12.983140230023004,-0.0021411833446349244
-12.97858150345035,-0.002134705744957664
-12.974022776877689,-0.002128245092464166
-12.969464050305035,-0.002121801353099662
-12.964905323732374,-0.002115374492850934
-12.96034659715972,-0.0021089644777464015
-12.95578787058706,-0.0021025712738560486
-12.951229144014405,-0.00209619484729149
-12.946670417441744,-0.002089835164205922
-12.94211169086909,-0.0020834921907941792
-12.937552964296437,-0.002077165893292684
-12.932994237723776,-0.0020708562379794645
-12.928435511151122,-0.0020645631911742008
-12.92387678457846,-0.0020582867192381472
-12.919318058005807,-0.002052026788574225
-12.914759331433146,-0.0020457833656269283
-12.910200604860492,-0.002039556416882424
-12.905641878287831,-0.0020333459088684646
-12.901083151715177,-0.002027151808154459
-12.896524425142516,-0.0020209740813514265
-12.891965698569862,-0.002014812695112041
-12.887406971997201,-0.0020086676161305797
-12.882848245424547,-0.00200253881114299
-12.878289518851886,-0.001996426246926817
-12.873730792279233,-0.0019903298903012874
-12.869172065706572,-0.0019842497081272235
-12.864613339133918,-0.0019781856673071266
-12.860054612561257,-0.0019721377347851066
-12.855495885988603,-0.0019661058775469484
-12.850937159415942,-0.0019600900626200414
-12.846378432843288,-0.0019540902570734675
-12.841819706270634,-0.0019481064280179171
-12.837260979697973,-0.001942138542605728
-12.83270225312532,-0.001936186568030916
-12.828143526552658,-0.001930250471529104
-12.823584799980004,-0.0019243302203776054
-12.819026073407343,-0.001918425781895335
-12.81446734683469,-0.0019125371234429095
-12.809908620262028,-0.001906664212422545
-12.805349893689375,-0.0019008070162781399
-12.800791167116714,-0.00189496550249522
-12.79623244054406,-0.0018891396386009891
-12.791673713971399,-0.0018833293921642635
-12.787114987398745,-0.0018775347307955492
-12.782556260826084,-0.001871755622146957
-12.77799753425343,-0.0018659920339122922
-12.773438807680769,-0.0018602439338269636
-12.768880081108115,-0.0018545112896680733
-12.764321354535454,-0.0018487940692543297
-12.7597626279628,-0.0018430922404461185
-12.75520390139014,-0.001837405771145445
-12.750645174817485,-0.0018317346292959931
-12.746086448244832,-0.0018260787828830592
-12.74152772167217,-0.0018204381999335885
-12.736968995099517,-0.0018148128485161966
-12.732410268526856,-0.001809202696741093
-12.727851541954202,-0.0018036077127601773
-12.72329281538154,-0.0017980278647669451
-12.718734088808887,-0.0017924631209965645
-12.714175362236226,-0.0017869134497258126
-12.709616635663572,-0.0017813788192731182
-12.705057909090911,-0.0017758591979985226
-12.700499182518257,-0.0017703545543037288
-12.695940455945596,-0.0017648648566320371
-12.691381729372942,-0.0017593900734684
-12.686823002800281,-0.0017539301733393749
-12.682264276227627,-0.0017484851248131667
-12.677705549654966,-0.0017430548964995666
-12.673146823082313,-0.0017376394570500268
-12.668588096509652,-0.0017322387751575762
-12.664029369936998,-0.0017268528195568923
-12.659470643364337,-0.0017214815590242299
-12.654911916791683,-0.0017161249623774903
-12.650353190219029,-0.0017107829984761545
-12.645794463646368,-0.001705455636221306
-12.641235737073714,-0.001700142844555656
-12.636677010501053,-0.0016948445924634783
-12.6321182839284,-0.0016895608489706786
-12.627559557355738,-0.0016842915831447194
-12.623000830783084,-0.0016790367640946834
-12.618442104210423,-0.0016737963609712108
-12.61388337763777,-0.0016685703429665539
-12.609324651065108,-0.0016633586793145098
-12.604765924492455,-0.001658161339290489
-12.600207197919794,-0.0016529782922114365
-12.59564847134714,-0.0016478095074358985
-12.591089744774479,-0.0016426549543639595
-12.586531018201825,-0.0016375146024372896
-12.581972291629164,-0.0016323884211390835
-12.57741356505651,-0.001627276379994124
-12.572854838483849,-0.0016221784485687158
-12.568296111911195,-0.0016170945964707317
-12.563737385338534,-0.0016120247933495548
-12.55917865876588,-0.0016069690088961392
-12.554619932193226,-0.0016019272128429429
-12.550061205620565,-0.0015968993749639528
-12.545502479047911,-0.001591885465074705
-12.54094375247525,-0.0015868854530322147
-12.536385025902597,-0.0015818993087350483
-12.531826299329936,-0.0015769270021232485
-12.527267572757282,-0.0015719685031783859
-12.52270884618462,-0.001567023781923507
-12.518150119611967,-0.001562092808423177
-12.513591393039306,-0.001557175552783417
-12.509032666466652,-0.0015522719851517686
-12.504473939893991,-0.0015473820757172135
-12.499915213321337,-0.0015425057947102347
-12.495356486748676,-0.0015376431124027583
-12.490797760176022,-0.0015327939991081935
-12.486239033603361,-0.0015279584251813823
-12.481680307030707,-0.0015231363610186367
-12.477121580458046,-0.0015183277770576893
-12.472562853885393,-0.001513532643777738
-12.468004127312732,-0.001508750931699378
-12.463445400740078,-0.0015039826113846639
-12.458886674167424,-0.0014992276534370453
-12.454327947594763,-0.0014944860285013876
-12.449769221022109,-0.0014897577072639798
-12.445210494449448,-0.0014850426604524794
-12.440651767876794,-0.001480340858835973
-12.436093041304133,-0.0014756522732249009
-12.43153431473148,-0.0014709768744711092
-12.426975588158818,-0.0014663146334677928
-12.422416861586164,-0.0014616655211495385
-12.417858135013503,-0.001457029508492263
-12.41329940844085,-0.0014524065665132671
-12.408740681868188,-0.0014477966662711599
-12.404181955295535,-0.0014431997788659225
-12.399623228722874,-0.0014386158754388372
-12.39506450215022,-0.0014340449271725351
-12.390505775577559,-0.0014294869052909308
-12.385947049004905,-0.00142494178105928
-12.381388322432244,-0.00142040952578411
-12.37682959585959,-0.001415890110813263
-12.372270869286929,-0.001411383507535837
-12.367712142714275,-0.0014068896873822402
-12.363153416141621,-0.0014024086218241208
-12.35859468956896,-0.0013979402823743913
-12.354035962996306,-0.001393484640587232
-12.349477236423645,-0.0013890416680580437
-12.344918509850991,-0.0013846113364234859
-12.34035978327833,-0.0013801936173614177
-12.335801056705677,-0.0013757884825909398
-12.331242330133016,-0.0013713959038723384
-12.326683603560362,-0.001367015853007131
-12.3221248769877,-0.0013626483018379877
-12.317566150415047,-0.0013582932222487999
-12.313007423842386,-0.001353950586164594
-12.308448697269732,-0.0013496203655515974
-12.303889970697071,-0.0013453025324171577
-12.299331244124417,-0.0013409970588098023
-12.294772517551756,-0.001336703916819163
-12.290213790979102,-0.0013324230785760245
-12.285655064406441,-0.001328154516252263
-12.281096337833787,-0.0013238982020608904
-12.276537611261126,-0.0013196541082559881
-12.271978884688473,-0.001315422207132755
-12.267420158115819,-0.0013112024710274445
-12.262861431543158,-0.0013069948723173782
-12.258302704970504,-0.001302799383420957
-12.253743978397843,-0.0012986159767976026
-12.249185251825189,-0.0012944446249478032
-12.244626525252528,-0.0012902853004130408
-12.240067798679874,-0.0012861379757758468
-12.235509072107213,-0.0012820026236597286
-12.23095034553456,-0.00127787921672922
-12.226391618961898,-0.00127376772768981
-12.221832892389244,-0.0012696681292879832
-12.217274165816583,-0.0012655803943111723
-12.21271543924393,-0.00126150449558778
-12.208156712671268,-0.001257440405987126
-12.203597986098615,-0.001253388098419484
-12.199039259525954,-0.0012493475458360253
-12.1944805329533,-0.0012453187212288508
-12.189921806380639,-0.0012413015976309293
-12.185363079807985,-0.0012372961481161477
-12.180804353235324,-0.0012333023457992295
-12.17624562666267,-0.001229320163835793
-12.171686900090016,-0.0012253495754222827
-12.167128173517355,-0.0012213905537959858
-12.162569446944701,-0.0012174430722350234
-12.15801072037204,-0.0012135071040583181
-12.153451993799386,-0.001209582622625607
-12.148893267226725,-0.0012056696013374002
-12.144334540654071,-0.0012017680136350037
-12.13977581408141,-0.001197877833000468
-12.135217087508757,-0.0011939990329566156
-12.130658360936096,-0.001190131587066986
-12.126099634363442,-0.0011862754689358696
-12.12154090779078,-0.0011824306522082483
-12.116982181218127,-0.001178597110569826
-12.112423454645466,-0.0011747748177469706
-12.107864728072812,-0.0011709637475067545
-12.103306001500151,-0.0011671638736568833
-12.098747274927497,-0.0011633751700457352
-12.094188548354836,-0.0011595976105623024
-12.089629821782182,-0.0011558311691362226
-12.085071095209521,-0.0011520758197377163
-12.080512368636867,-0.0011483315363776257
-12.075953642064214,-0.00114459829310736
-12.071394915491553,-0.0011408760640188838
-12.066836188918899,-0.0011371648232447503
-12.062277462346238,-0.0011334645449580158
-12.057718735773584,-0.0011297752033722914
-12.053160009200923,-0.0011260967727416793
-12.048601282628269,-0.0011224292273607967
-12.044042556055608,-0.0011187725415647272
-12.039483829482954,-0.001115126689729043
-12.034925102910293,-0.0011114916462697491
-12.03036637633764,-0.0011078673856433168
-12.025807649764978,-0.0011042538823466152
-12.021248923192324,-0.0011006511109169495
-12.016690196619663,-0.0010970590459319978
-12.01213147004701,-0.0010934776620098454
-12.007572743474348,-0.0010899069338089155
-12.003014016901695,-0.001086346836028011
-11.998455290329034,-0.0010827973434062467
-11.99389656375638,-0.0010792584307230749
-11.989337837183719,-0.0010757300727982412
-11.984779110611065,-0.0010722122444917978
-11.980220384038411,-0.0010687049207040535
-11.97566165746575,-0.0010652080763755801
-11.971102930893096,-0.0010617216864872098
-11.966544204320435,-0.001058245726059975
-11.961985477747781,-0.001054780170155147
-11.95742675117512,-0.0010513249938741715
-11.952868024602466,-0.0010478801723586913
-11.948309298029805,-0.0010444456807904945
-11.943750571457151,-0.0010410214943915367
-11.93919184488449,-0.001037607588423886
-11.934633118311837,-0.0010342039381897453
-11.930074391739176,-0.0010308105190313913
-11.925515665166522,-0.0010274273063312098
-11.92095693859386,-0.0010240542755116258
-11.916398212021207,-0.001020691402035136
-11.911839485448546,-0.0010173386614042487
-11.907280758875892,-0.0010139960291615034
-11.902722032303231,-0.0010106634808894227
-11.898163305730577,-0.0010073409922105266
-11.893604579157916,-0.0010040285387872784
-11.889045852585262,-0.0010007260963221067
-11.884487126012608,-0.000997433640557358
-11.879928399439947,-0.0009941511472752853
-11.875369672867294,-0.0009908785922980556
-11.870810946294633,-0.000987615951487689
-11.866252219721979,-0.0009843632007460843
-11.861693493149318,-0.00098112031601496
-11.857134766576664,-0.000977887273275878
-11.852576040004003,-0.0009746640485501889
-11.848017313431349,-0.0009714506178990478
-11.843458586858688,-0.0009682469574233551
-11.838899860286034,-0.000965053043263787
-11.834341133713373,-0.0009618688516007287
-11.82978240714072,-0.0009586943586542985
-11.825223680568058,-0.0009555295406842949
-11.820664953995404,-0.0009523743739902072
-11.816106227422743,-0.0009492288349111668
-11.81154750085009,-0.0009460928998259617
-11.806988774277428,-0.0009429665451529812
-11.802430047704775,-0.000939849747350239
-11.797871321132114,-0.0009367424829153085
-11.79331259455946,-0.0009336447283853444
-11.788753867986806,-0.0009305564603370345
-11.784195141414145,-0.0009274776553865918
-11.779636414841491,-0.0009244082901897463
-11.77507768826883,-0.0009213483414416974
-11.770518961696176,-0.0009182977858771308
-11.765960235123515,-0.0009152566002701551
-11.761401508550861,-0.0009122247614343318
-11.7568427819782,-0.0009092022462226071
-11.752284055405546,-0.0009061890315273358
-11.747725328832885,-0.0009031850942802184
-11.743166602260231,-0.0009001904114523253
-11.73860787568757,-0.0008972049600540326
-11.734049149114917,-0.0008942287171350443
-11.729490422542256,-0.0008912616597843329
-11.724931695969602,-0.0008883037651301549
-11.72037296939694,-0.0008853550103399936
-11.715814242824287,-0.0008824153726205765
-11.711255516251626,-0.0008794848292178202
-11.706696789678972,-0.00087656335741684
-11.702138063106311,-0.0008736509345418982
-11.697579336533657,-0.000870747537956417
-11.693020609961003,-0.0008678531450629259
-11.688461883388342,-0.0008649677333030546
-11.683903156815688,-0.0008620912801575265
-11.679344430243027,-0.0008592237631461034
-11.674785703670373,-0.0008563651598276032
-11.670226977097713,-0.0008535154477998365
-11.665668250525059,-0.0008506746046996321
-11.661109523952398,-0.0008478426082027679
-11.656550797379744,-0.0008450194360239883
-11.651992070807083,-0.000842205065916954
-11.647433344234429,-0.0008393994756742455
-11.642874617661768,-0.0008366026431273122
-11.638315891089114,-0.0008338145461464814
-11.633757164516453,-0.0008310351626409053
-11.6291984379438,-0.0008282644705585732
-11.624639711371138,-0.0008255024478862509
-11.620080984798484,-0.0008227490726494931
-11.615522258225823,-0.0008200043229125899
-11.61096353165317,-0.0008172681767785807
-11.606404805080508,-0.0008145406123891901
-11.601846078507855,-0.0008118216079248409
-11.5972873519352,-0.0008091111416046118
-11.59272862536254,-0.000806409191686208
-11.588169898789886,-0.0008037157364659705
-11.583611172217225,-0.0008010307542788133
-11.579052445644571,-0.0007983542234982322
-11.57449371907191,-0.0007956861225362555
-11.569934992499256,-0.0007930264298434469
-11.565376265926595,-0.0007903751239088544
-11.560817539353941,-0.0007877321832600164
-11.55625881278128,-0.0007850975864629078
-11.551700086208626,-0.0007824713121219469
-11.547141359635965,-0.0007798533388799369
-11.542582633063311,-0.0007772436454180838
-11.53802390649065,-0.0007746422104559291
-11.533465179917997,-0.0007720490127513649
-11.528906453345336,-0.0007694640311005738
-11.524347726772682,-0.0007668872443380424
-11.51978900020002,-0.0007643186313364983
-11.515230273627367,-0.000761758171006922
-11.510671547054706,-0.00075920584229849
-11.506112820482052,-0.0007566616241985805
-11.501554093909398,-0.0007541254957327224
-11.496995367336737,-0.0007515974359645849
-11.492436640764083,-0.0007490774239959586
-11.487877914191422,-0.0007465654389667095
-11.483319187618768,-0.0007440614600547818
-11.478760461046107,-0.00074156546647614
-11.474201734473453,-0.0007390774374847831
-11.469643007900792,-0.0007365973523726787
-11.465084281328139,-0.0007341251904697735
-11.460525554755478,-0.0007316609311439371
-11.455966828182824,-0.0007292045538009692
-11.451408101610163,-0.0007267560378845375
-11.446849375037509,-0.0007243153628761884
-11.442290648464848,-0.0007218825082952904
-11.437731921892194,-0.0007194574536990322
-11.433173195319533,-0.0007170401786823788
-11.42861446874688,-0.0007146306628780653
-11.424055742174218,-0.0007122288859565423
-11.419497015601564,-0.0007098348276259865
-11.414938289028903,-0.0007074484676322383
-11.41037956245625,-0.0007050697857588047
-11.405820835883596,-0.0007026987618268159
-11.401262109310935,-0.0007003353756949948
-11.39670338273828,-0.0006979796072596615
-11.39214465616562,-0.0006956314364546621
-11.387585929592966,-0.0006932908432513835
-11.383027203020305,-0.0006909578076586909
-11.378468476447651,-0.0006886323097229362
-11.37390974987499,-0.000686314329527896
-11.369351023302336,-0.0006840038471947797
-11.364792296729675,-0.0006817008428821675
-11.360233570157021,-0.0006794052967860161
-11.35567484358436,-0.0006771171891396026
-11.351116117011706,-0.0006748365002135253
-11.346557390439045,-0.0006725632103156446
-11.341998663866391,-0.0006702972997910936
-11.33743993729373,-0.0006680387490222098
-11.332881210721077,-0.0006657875384285464
-11.328322484148416,-0.0006635436484668073
-11.323763757575762,-0.0006613070596308581
-11.3192050310031,-0.0006590777524516601
-11.314646304430447,-0.0006568557074972766
-11.310087577857793,-0.0006546409053728196
-11.305528851285132,-0.0006524333267204308
-11.300970124712478,-0.0006502329522192637
-11.296411398139817,-0.000648039762585431
-11.291852671567163,-0.0006458537385720102
-11.287293944994502,-0.0006436748609689782
-11.282735218421848,-0.0006415031106032166
-11.278176491849187,-0.0006393384683384536
-11.273617765276533,-0.0006371809150752618
-11.269059038703872,-0.000635030431751007
-11.264500312131219,-0.0006328869993398425
-11.259941585558558,-0.0006307505988526532
-11.255382858985904,-0.000628621211337054
-11.250824132413243,-0.0006264988178773393
-11.246265405840589,-0.0006243833995944703
-11.241706679267928,-0.0006222749376460293
-11.237147952695274,-0.0006201734132262129
-11.232589226122613,-0.0006180788075657741
-11.22803049954996,-0.000615991101932025
-11.223471772977298,-0.0006139102776287739
-11.218913046404644,-0.0006118363159963298
-11.21435431983199,-0.000609769198411445
-11.20979559325933,-0.0006077089062872966
-11.205236866686676,-0.000605655421073465
-11.200678140114015,-0.0006036087242558855
-11.19611941354136,-0.0006015687973568401
-11.1915606869687,-0.0005995356219349059
-11.187001960396046,-0.0005975091795849452
-11.182443233823385,-0.0005954894519380541
-11.177884507250731,-0.0005934764206615589
-11.17332578067807,-0.000591470067458957
-11.168767054105416,-0.0005894703740699141
-11.164208327532755,-0.0005874773222702066
-11.159649600960101,-0.0005854908938717195
-11.15509087438744,-0.000583511070722388
-11.150532147814786,-0.0005815378347061933
-11.145973421242125,-0.0005795711677431072
-11.141414694669471,-0.0005776110517890856
-11.13685596809681,-0.0005756574688360131
-11.132297241524157,-0.0005737104009116967
-11.127738514951496,-0.0005717698300798104
-11.123179788378842,-0.0005698357384398903
-11.118621061806188,-0.0005679081081272782
-11.114062335233527,-0.0005659869213131045
-11.109503608660873,-0.0005640721602042609
-11.104944882088212,-0.0005621638070433551
-11.100386155515558,-0.0005602618441086941
-11.095827428942897,-0.0005583662537142373
-11.091268702370243,-0.0005564770182095838
-11.086709975797582,-0.0005545941199799193
-11.082151249224928,-0.000552717541446007
-11.077592522652267,-0.0005508472650641354
-11.073033796079613,-0.0005489832733261038
-11.068475069506952,-0.0005471255487591711
-11.063916342934299,-0.0005452740739260514
-11.059357616361638,-0.0005434288314248473
-11.054798889788984,-0.0005415898038890545
-11.050240163216323,-0.0005397569739874949
-11.045681436643669,-0.0005379303244243153
-11.041122710071008,-0.0005361098379389283
-11.036563983498354,-0.000534295497306006
-11.032005256925693,-0.0005324872853354192
-11.02744653035304,-0.0005306851848722343
-11.022887803780385,-0.0005288891787966546
-11.018329077207724,-0.000527099250024004
-11.01377035063507,-0.0005253153815046949
-11.00921162406241,-0.0005235375562241783
-11.004652897489756,-0.0005217657572029387
-11.000094170917095,-0.0005199999674964282
-10.99553544434444,-0.0005182401701950675
-10.99097671777178,-0.0005164863484241815
-10.986417991199126,-0.0005147384853439939
-10.981859264626465,-0.00051299656414957
-10.977300538053811,-0.0005112605680708035
-10.97274181148115,-0.000509530480372367
-10.968183084908496,-0.0005078062843536938
-10.963624358335835,-0.0005060879633489271
-10.959065631763181,-0.0005043755007269075
-10.95450690519052,-0.0005026688798911159
-10.949948178617866,-0.0005009680842796633
-10.945389452045205,-0.0004992730973652355
-10.940830725472551,-0.0004975839026550802
-10.93627199889989,-0.0004959004836909526
-10.931713272327237,-0.000494222824049101
-10.927154545754583,-0.0004925509073402169
-10.922595819181922,-0.0004908847172094065
-10.918037092609268,-0.0004892242373361669
-10.913478366036607,-0.00048756945143433103
-10.908919639463953,-0.00048592034325205675
-10.904360912891292,-0.00048427689657177007
-10.899802186318638,-0.00048263909521015257
-10.895243459745977,-0.0004810069230180851
-10.890684733173323,-0.0004793803638806361
-10.886126006600662,-0.0004777594017170048
-10.881567280028008,-0.0004761440204805079
-10.877008553455347,-0.00047453420415852237
-10.872449826882693,-0.0004729299367724764
-10.867891100310032,-0.00047133120237778707
-10.863332373737379,-0.0004697379850638537
-10.858773647164718,-0.0004681502689539937
-10.854214920592064,-0.0004665680382054366
-10.849656194019403,-0.0004649912770092649
-10.845097467446749,-0.000463419969590397
-10.840538740874088,-0.0004618541002075362
-10.835980014301434,-0.0004602936531531533
-10.83142128772878,-0.000458738612753433
-10.82686256115612,-0.00045718896336824865
-10.822303834583465,-0.0004556446893911327
-10.817745108010804,-0.0004541057752492235
-10.81318638143815,-0.00045257220540325055
-10.80862765486549,-0.00045104396434747957
-10.804068928292835,-0.00044952103660969394
-10.799510201720175,-0.00044800340675114333
-10.79495147514752,-0.0004464910593665252
-10.79039274857486,-0.0004449839790839294
-10.785834022002206,-0.0004434821505648231
-10.781275295429545,-0.00044198555850399315
-10.77671656885689,-0.0004404941876295317
-10.77215784228423,-0.0004390080227027806
-10.767599115711576,-0.00043752704851831366
-10.763040389138915,-0.00043605124990388146
-10.758481662566261,-0.0004345806117203962
-10.7539229359936,-0.0004331151188618727
-10.749364209420946,-0.00043165475625541404
-10.744805482848285,-0.00043019950886115447
-10.740246756275631,-0.0004287493616722449
-10.735688029702978,-0.0004273042997147966
-10.731129303130317,-0.000425864308047852
-10.726570576557663,-0.00042442937176335804
-10.722011849985002,-0.0004229994759861092
-10.717453123412348,-0.00042157460587373267
-10.712894396839687,-0.00042015474661663115
-10.708335670267033,-0.0004187398834379666
-10.703776943694372,-0.0004173300015936016
-10.699218217121718,-0.0004159250863720833
-10.694659490549057,-0.0004145251230945881
-10.690100763976403,-0.0004131300971149019
-10.685542037403742,-0.00041173999381936534
-10.680983310831088,-0.00041035479862685425
-10.676424584258427,-0.0004089744969887253
-10.671865857685773,-0.0004075990743887967
-10.667307131113112,-0.00040622851634329143
-10.662748404540459,-0.0004048628084008201
-10.658189677967798,-0.0004035019361423236
-10.653630951395144,-0.0004021458851810539
-10.649072224822483,-0.0004007946411625215
-10.644513498249829,-0.0003994481897644707
-10.639954771677175,-0.0003981065166968299
-10.635396045104514,-0.00039676960770168096
-10.63083731853186,-0.00039543744855322576
-10.626278591959199,-0.00039411002505773413
-10.621719865386545,-0.0003927873230535236
-10.617161138813884,-0.0003914693284109062
-10.61260241224123,-0.00039015602703216303
-10.60804368566857,-0.00038884740485149163
-10.603484959095915,-0.000387543447834988
-10.598926232523254,-0.0003862441419805875
-10.5943675059506,-0.0003849494733180435
-10.58980877937794,-0.0003836594279088766
-10.585250052805286,-0.0003823739918463478
-10.580691326232625,-0.0003810931512554077
-10.57613259965997,-0.0003798168922926727
-10.57157387308731,-0.0003785452011463706
-10.567015146514656,-0.00037727806403631834
-10.562456419941995,-0.0003760154672138697
-10.557897693369341,-0.00037475739696188684
-10.55333896679668,-0.00037350383959469365
-10.548780240224026,-0.0003722547814580467
-10.544221513651372,-0.0003710102089290859
-10.539662787078711,-0.00036977010841630106
-10.535104060506058,-0.0003685344663594988
-10.530545333933397,-0.0003673032692297508
-10.525986607360743,-0.0003660765035293684
-10.521427880788082,-0.00036485415579185095
-10.516869154215428,-0.0003636362125818615
-10.512310427642767,-0.00036242266049517125
-10.507751701070113,-0.000361213486158637
-10.503192974497452,-0.0003600086762301464
-10.498634247924798,-0.0003588082173985944
-10.494075521352137,-0.00035761209638382853
-10.489516794779483,-0.00035642029993662494
-10.484958068206822,-0.0003552328148386339
-10.480399341634168,-0.00035404962790235733
-10.475840615061507,-0.0003528707259710904
-10.471281888488853,-0.00035169609591890127
-10.466723161916192,-0.00035052572465057535
-10.462164435343539,-0.0003493595991015901
-10.457605708770878,-0.0003481977062380604
-10.453046982198224,-0.0003470400330567158
-10.44848825562557,-0.00034588656658484594
-10.443929529052909,-0.0003447372938802668
-10.439370802480255,-0.00034359220203128893
-10.434812075907594,-0.00034245127815665994
-10.43025334933494,-0.00034131450940554585
-10.425694622762279,-0.00034018188295747087
-10.421135896189625,-0.0003390533860222943
-10.416577169616964,-0.00033792900584015854
-10.41201844304431,-0.00033680872968145997
-10.40745971647165,-0.0003356925448467962
-10.402900989898995,-0.0003345804386669402
-10.398342263326334,-0.00033347239850278646
-10.39378353675368,-0.00033236841174532467
-10.38922481018102,-0.00033126846581558545
-10.384666083608366,-0.000330172548164615
-10.380107357035705,-0.00032908064627341964
-10.37554863046305,-0.0003279927476529405
-10.37098990389039,-0.0003269088398439986
-10.366431177317736,-0.00032582891041726963
-10.361872450745075,-0.0003247529469732284
-10.357313724172421,-0.0003236809371421239
-10.352754997599767,-0.00032261286858392376
-10.348196271027106,-0.00032154872898828386
-10.343637544454452,-0.00032048850607450756
-10.339078817881791,-0.00031943218759149754
-10.334520091309138,-0.00031837976131772575
-10.329961364736477,-0.0003173312150611822
-10.325402638163823,-0.0003162865366593455
-10.320843911591162,-0.0003152457139791292
-10.316285185018508,-0.0003142087349168556
-10.311726458445847,-0.00031317558739819997
-10.307167731873193,-0.0003121462593781635
-10.302609005300532,-0.00031112073884102283
-10.298050278727878,-0.00031009901380029585
-10.293491552155217,-0.00030908107229869335
-10.288932825582563,-0.00030806690240808724
-10.284374099009902,-0.00030705649222946004
-10.279815372437248,-0.00030604982989287417
-10.275256645864587,-0.0003050469035574192
-10.270697919291933,-0.00030404770141118483
-10.266139192719272,-0.00030305221167120346
-10.261580466146619,-0.0003020604225834259
-10.257021739573965,-0.0003010723224226673
-10.252463013001304,-0.00030008789949256874
-10.24790428642865,-0.00029910714212556583
-10.243345559855989,-0.0002981300386828319
-10.238786833283335,-0.00029715657755424984
-10.234228106710674,-0.00029618674715836175
-10.22966938013802,-0.00029522053594233495
-10.225110653565359,-0.0002942579323819137
-10.220551926992705,-0.00029329892498138543
-10.215993200420044,-0.0002923435022735293
-10.21143447384739,-0.00029139165281958734
-10.20687574727473,-0.00029044336520921024
-10.202317020702075,-0.0002894986280604273
-10.197758294129414,-0.000288557430019594
-10.19319956755676,-0.00028761975976136154
-10.1886408409841,-0.00028668560598862436
-10.184082114411446,-0.00028575495743248875
-10.179523387838785,-0.00028482780285222196
-10.17496466126613,-0.00028390413103521867
-10.17040593469347,-0.0002829839307969523
-10.165847208120816,-0.00028206719098094
-10.161288481548162,-0.0002811539004586951
-10.156729754975501,-0.00028024404812968586
-10.152171028402847,-0.00027933762292130124
-10.147612301830186,-0.0002784346137887969
-10.143053575257532,-0.0002775350097152663
-10.138494848684871,-0.0002766387997115857
-10.133936122112218,-0.0002757459728163852
-10.129377395539557,-0.00027485651809599506
-10.124818668966903,-0.00027397042464441523
-10.120259942394242,-0.0002730876815832605
-10.115701215821588,-0.000272208278061732
-10.111142489248927,-0.0002713322032565632
-10.106583762676273,-0.0002704594463719888
-10.102025036103612,-0.00026958999663969117
-10.097466309530958,-0.00026872384331877013
-10.092907582958297,-0.0002678609756956898
-10.088348856385643,-0.0002670013830842468
-10.083790129812982,-0.00026614505482551774
-10.079231403240328,-0.0002652919802878276
-10.074672676667667,-0.0002644421488666972
-10.070113950095013,-0.0002635955499848104
-10.06555522352236,-0.0002627521730919651
-10.060996496949699,-0.0002619120076650327
-10.056437770377045,-0.0002610750432079202
-10.051879043804384,-0.00026024126925151906
-10.04732031723173,-0.00025941067535367366
-10.042761590659069,-0.00025858325109912804
-10.038202864086415,-0.0002577589860994939
-10.033644137513754,-0.0002569378699931987
-10.0290854109411,-0.0002561198924454525
-10.024526684368439,-0.00025530504314819524
-10.019967957795785,-0.0002544933118200664
-10.015409231223124,-0.00025368468820634955
-10.01085050465047,-0.0002528791620789426
-10.00629177807781,-0.0002520767232363032
-10.001733051505155,-0.0002512773615034185
-9.997174324932494,-0.0002504810667317499
-9.99261559835984,-0.00024968782879920316
-9.98805687178718,-0.0002488976376100741
-9.983498145214526,-0.00024811048309501674
-9.978939418641865,-0.00024732635521099015
-9.97438069206921,-0.00024654524394122776
-9.969821965496557,-0.0002457671392951827
-9.965263238923896,-0.00024499203130849196
-9.960704512351242,-0.00024421991004293603
-9.956145785778581,-0.0002434507655863877
-9.951587059205927,-0.0002426845880527794
-9.947028332633266,-0.00024192136758205082
-9.942469606060612,-0.00024116109434011625
-9.937910879487951,-0.00024040375851881103
-9.933352152915297,-0.00023964935033585989
-9.928793426342637,-0.0002388978600348237
-9.924234699769983,-0.00023814927788506644
-9.919675973197322,-0.0002374035941817033
-9.915117246624668,-0.0002366607992455668
-9.910558520052007,-0.00023592088342315508
-9.905999793479353,-0.00023518383708659877
-9.901441066906692,-0.00023444965063360712
-9.896882340334038,-0.00023371831448743726
-9.892323613761377,-0.0002329898190968392
-9.887764887188723,-0.00023226415493602482
-9.883206160616062,-0.0002315413125046141
-9.878647434043408,-0.00023082128232760151
-9.874088707470754,-0.00023010405495530627
-9.869529980898093,-0.0002293896209633319
-9.86497125432544,-0.0002286779709525268
-9.860412527752779,-0.00022796909554893453
-9.855853801180125,-0.0002272629854037578
-9.851295074607464,-0.00022655963119330906
-9.84673634803481,-0.00022585902361897371
-9.842177621462149,-0.00022516115340716206
-9.837618894889495,-0.00022446601130927122
-9.833060168316834,-0.0002237735881016363
-9.82850144174418,-0.00022308387458549393
-9.823942715171519,-0.00022239686158693282
-9.819383988598865,-0.00022171253995685732
-9.814825262026204,-0.00022103090057093878
-9.81026653545355,-0.00022035193432957633
-9.80570780888089,-0.00021967563215785152
-9.801149082308235,-0.00021900198500548833
-9.796590355735574,-0.00021833098384680435
-9.79203162916292,-0.00021766261968067632
-9.78747290259026,-0.00021699688353048834
-9.782914176017606,-0.00021633376644409656
-9.778355449444952,-0.00021567325949377967
-9.77379672287229,-0.00021501535377619905
-9.769237996299637,-0.00021436004041235776
-9.764679269726976,-0.00021370731054755194
-9.760120543154322,-0.00021305715535133483
-9.755561816581661,-0.00021240956601746542
-9.751003090009007,-0.0002117645337638751
-9.746444363436346,-0.0002111220498326142
-9.741885636863692,-0.00021048210548981887
-9.737326910291031,-0.0002098446920256592
-9.732768183718377,-0.00020920980075430485
-9.728209457145716,-0.00020857742301387248
-9.723650730573063,-0.00020794755016639266
-9.719092004000402,-0.00020732017359775755
-9.714533277427748,-0.0002066952847176862
-9.709974550855087,-0.00020607287495967322
-9.705415824282433,-0.0002054529357809546
-9.700857097709772,-0.00020483545866245545
-9.696298371137118,-0.00020422043510875588
-9.691739644564457,-0.00020360785664803928
-9.687180917991803,-0.00020299771483205814
-9.68262219141915,-0.000202390001236083
-9.678063464846488,-0.00020178470745886348
-9.673504738273834,-0.00020118182512258656
-9.668946011701173,-0.0002005813458728286
-9.66438728512852,-0.0001999832613785191
-9.659828558555859,-0.00019938756333188974
-9.655269831983205,-0.00019879424344843922
-9.650711105410544,-0.00019820329346688256
-9.64615237883789,-0.0001976147051491164
-9.641593652265229,-0.00019702847028016732
-9.637034925692575,-0.00019644458066815672
-9.632476199119914,-0.00019586302814425044
-9.62791747254726,-0.00019528380456262332
-9.623358745974599,-0.0001947069018004086
-9.618800019401945,-0.00019413231175766202
-9.614241292829284,-0.00019356002635731226
-9.60968256625663,-0.00019299003754512403
-9.60512383968397,-0.00019242233728964883
-9.600565113111315,-0.00019185691758218936
-9.596006386538654,-0.0001912937704367478
-9.591447659966,-0.00019073288788999204
-9.586888933393347,-0.00019017426200120492
-9.582330206820686,-0.00018961788485224456
-9.577771480248032,-0.00018906374854750423
-9.57321275367537,-0.0001885118452138628
-9.568654027102717,-0.00018796216700064924
-9.564095300530056,-0.00018741470607959193
-9.559536573957402,-0.00018686945464478383
-9.554977847384741,-0.00018632640491263172
-9.550419120812087,-0.00018578554912182063
-9.545860394239426,-0.00018524687953326373
-9.541301667666772,-0.0001847103884300669
-9.536742941094111,-0.00018417606811747808
-9.532184214521457,-0.00018364391092285228
-9.527625487948796,-0.0001831139091956011
-9.523066761376143,-0.00018258605530715655
-9.518508034803482,-0.0001820603416509229
-9.513949308230828,-0.00018153676064223826
-9.509390581658167,-0.00018101530471832756
-9.504831855085513,-0.00018049596633826386
-9.500273128512852,-0.0001799787379829209
-9.495714401940198,-0.0001794636121549366
-9.491155675367544,-0.00017895058137866332
-9.486596948794883,-0.00017843963820012883
-9.48203822222223,-0.00017793077518699532
-9.477479495649568,-0.0001774239849285115
-9.472920769076914,-0.0001769192600354758
-9.468362042504253,-0.00017641659314018756
-9.4638033159316,-0.00017591597689641043
-9.459244589358939,-0.0001754174039793237
-9.454685862786285,-0.00017492086708548565
-9.450127136213624,-0.0001744263589327842
-9.44556840964097,-0.0001739338722604023
-9.441009683068309,-0.00017344339982876646
-9.436450956495655,-0.00017295493441951218
-9.431892229922994,-0.00017246846883543453
-9.42733350335034,-0.00017198399590045182
-9.422774776777679,-0.00017150150845955683
-9.418216050205025,-0.00017102099937878106
-9.413657323632364,-0.0001705424615451438
-9.40909859705971,-0.0001700658878666189
-9.40453987048705,-0.00016959127127208422
-9.399981143914395,-0.00016911860471128458
-9.395422417341742,-0.00016864788115478628
-9.39086369076908,-0.00016817909359393508
-9.386304964196427,-0.000167712235040816
-9.381746237623766,-0.00016724729852820704
-9.377187511051112,-0.00016678427710954097
-9.37262878447845,-0.00016632316385885895
-9.368070057905797,-0.0001658639518707716
-9.363511331333136,-0.00016540663426041326
-9.358952604760482,-0.00016495120416340362
-9.354393878187821,-0.00016449765473580121
-9.349835151615167,-0.00016404597915406513
-9.345276425042506,-0.00016359617061500822
-9.340717698469852,-0.00016314822233576046
-9.336158971897191,-0.0001627021275537199
-9.331600245324537,-0.00016225787952651782
-9.327041518751876,-0.0001618154715319701
-9.322482792179223,-0.0001613748968680394
-9.317924065606562,-0.0001609361488527898
-9.313365339033908,-0.00016049922082434848
-9.308806612461247,-0.00016006410614085816
-9.304247885888593,-0.00015963079818044165
-9.299689159315939,-0.00015919929034115366
-9.295130432743278,-0.0001587695760409416
-9.290571706170624,-0.00015834164871760534
-9.286012979597963,-0.00015791550182875017
-9.28145425302531,-0.0001574911288517507
-9.276895526452648,-0.00015706852328370327
-9.272336799879994,-0.0001566476786413891
-9.267778073307333,-0.00015622858846122778
-9.26321934673468,-0.00015581124629923952
-9.258660620162019,-0.0001553956457309993
-9.254101893589365,-0.00015498178035159928
-9.249543167016704,-0.00015456964377560194
-9.24498444044405,-0.0001541592296370038
-9.240425713871389,-0.00015375053158918838
-9.235866987298735,-0.00015334354330488948
-9.231308260726074,-0.00015293825847614368
-9.22674953415342,-0.0001525346708142552
-9.222190807580759,-0.00015213277404974794
-9.217632081008105,-0.00015173256193232895
-9.213073354435444,-0.00015133402823084224
-9.20851462786279,-0.00015093716673323252
-9.203955901290136,-0.00015054197124649772
-9.199397174717475,-0.00015014843559665107
-9.194838448144822,-0.00014975655362868014
-9.19027972157216,-0.00014936631920650184
-9.185720994999507,-0.00014897772621292533
-9.181162268426846,-0.00014859076854960613
-9.176603541854192,-0.00014820544013700897
-9.17204481528153,-0.0001478217349143619
-9.167486088708877,-0.00014743964683962006
-9.162927362136216,-0.00014705916988941908
-9.158368635563562,-0.00014668029805903825
-9.153809908990901,-0.00014630302536235571
-9.149251182418247,-0.00014592734583181033
-9.144692455845586,-0.00014555325351835703
-9.140133729272932,-0.00014518074249142966
-9.135575002700271,-0.00014480980683889523
-9.131016276127617,-0.00014444044066701733
-9.126457549554956,-0.00014407263810041102
-9.121898822982303,-0.00014370639328200552
-9.117340096409642,-0.0001433417003729989
-9.112781369836988,-0.00014297855355282208
-9.108222643264334,-0.0001426169470190927
-9.103663916691673,-0.0001422568749875773
-9.099105190119019,-0.0001418983316921507
-9.094546463546358,-0.00014154131138475256
-9.089987736973704,-0.0001411858083353498
-9.085429010401043,-0.00014083181683189177
-9.08087028382839,-0.00014047933118027412
-9.076311557255728,-0.00014012834570429315
-9.071752830683074,-0.0001397788547456096
-9.067194104110413,-0.00013943085266370403
-9.06263537753776,-0.00013908433383583992
-9.058076650965099,-0.00013873929265701863
-9.053517924392445,-0.00013839572353994354
-9.048959197819784,-0.00013805362091497518
-9.04440047124713,-0.00013771297923009454
-9.039841744674469,-0.00013737379295085858
-9.035283018101815,-0.00013703605656036367
-9.030724291529154,-0.00013669976455920176
-9.0261655649565,-0.0001363649114654232
-9.021606838383839,-0.0001360314918144925
-9.017048111811185,-0.0001356995001592524
-9.012489385238531,-0.00013536893106987975
-9.00793065866587,-0.00013503977913384654
-9.003371932093216,-0.00013471203895588186
-8.998813205520555,-0.00013438570515792727
-8.994254478947902,-0.00013406077237910138
-8.98969575237524,-0.00013373723527565544
-8.985137025802587,-0.00013341508852093685
-8.980578299229926,-0.00013309432680534597
-8.976019572657272,-0.00013277494483629915
-8.97146084608461,-0.00013245693733818567
-8.966902119511957,-0.00013214029905233074
-8.962343392939296,-0.00013182502473695241
-8.957784666366642,-0.00013151110916712554
-8.953225939793981,-0.00013119854713473749
-8.948667213221327,-0.00013088733344845274
-8.944108486648666,-0.00013057746293366934
-8.939549760076012,-0.00013026893043248245
-8.934991033503351,-0.00012996173080364104
-8.930432306930697,-0.00012965585892251236
-8.925873580358036,-0.00012935130968103842
-8.921314853785383,-0.00012904807798769938
-8.916756127212729,-0.0001287461587674724
-8.912197400640068,-0.00012844554696179173
-8.907638674067414,-0.00012814623752851147
-8.903079947494753,-0.00012784822544186338
-8.898521220922099,-0.0001275515056924201
-8.893962494349438,-0.0001272560732870528
-8.889403767776784,-0.0001269619232488958
-8.884845041204123,-0.00012666905061730255
-8.88028631463147,-0.00012637745044781135
-8.875727588058808,-0.0001260871178121014
-8.871168861486154,-0.0001257980477979581
-8.866610134913493,-0.00012551023550922988
-8.86205140834084,-0.00012522367606579297
-8.857492681768178,-0.00012493836460350803
-8.852933955195525,-0.0001246542962741862
-8.848375228622864,-0.0001243714662455452
-8.84381650205021,-0.00012408986970117452
-8.839257775477549,-0.00012380950184049313
-8.834699048904895,-0.00012353035787871373
-8.830140322332234,-0.00012325243304680134
-8.82558159575958,-0.00012297572259143655
-8.821022869186926,-0.00012270022177497558
-8.816464142614265,-0.0001224259258754113
-8.811905416041611,-0.00012215283018633696
-8.80734668946895,-0.00012188093001690416
-8.802787962896296,-0.00012161022069178785
-8.798229236323635,-0.0001213406975511442
-8.793670509750982,-0.00012107235595057591
-8.78911178317832,-0.0001208051912610902
-8.784553056605667,-0.00012053919886906398
-8.779994330033006,-0.00012027437417620159
-8.775435603460352,-0.00012001071259950102
-8.77087687688769,-0.00011974820957121084
-8.766318150315037,-0.00011948686053879676
-8.761759423742376,-0.00011922666096489913
-8.757200697169722,-0.00011896760632729886
-8.752641970597061,-0.00011870969211887529
-8.748083244024407,-0.00011845291384757228
-8.743524517451746,-0.00011819726703635648
-8.738965790879092,-0.0001179427472231825
-8.734407064306431,-0.00011768934996095251
-8.729848337733777,-0.00011743707081748078
-8.725289611161124,-0.00011718590537545374
-8.720730884588463,-0.00011693584923239258
-8.716172158015809,-0.00011668689800061793
-8.711613431443148,-0.00011643904730720857
-8.707054704870494,-0.00011619229279396701
-8.702495978297833,-0.00011594663011737929
-8.697937251725179,-0.00011570205494857973
-8.693378525152518,-0.00011545856297331134
-8.688819798579864,-0.00011521614989189103
-8.684261072007203,-0.00011497481141916873
-8.67970234543455,-0.00011473454328449365
-8.675143618861888,-0.00011449534123167399
-8.670584892289234,-0.00011425720101894217
-8.666026165716573,-0.0001140201184189153
-8.66146743914392,-0.00011378408921856062
-8.656908712571258,-0.00011354910921915516
-8.652349985998605,-0.00011331517423625254
-8.647791259425944,-0.00011308228009964178
-8.64323253285329,-0.00011285042265331444
-8.638673806280629,-0.00011261959775542408
-8.634115079707975,-0.00011238980127825249
-8.629556353135321,-0.00011216102910817012
-8.62499762656266,-0.00011193327714560116
-8.620438899990006,-0.00011170654130498657
-8.615880173417345,-0.0001114808175147463
-8.611321446844691,-0.00011125610171724442
-8.60676272027203,-0.0001110323898687504
-8.602203993699376,-0.00011080967793940495
-8.597645267126715,-0.0001105879619131812
-8.593086540554062,-0.00011036723778785058
-8.5885278139814,-0.0001101475015749435
-8.583969087408747,-0.00010992874929971691
-8.579410360836086,-0.0001097109770011139
-8.574851634263432,-0.00010949418073173072
-8.57029290769077,-0.00010927835655777828
-8.565734181118117,-0.00010906350055904823
-8.561175454545456,-0.00010884960882887398
-8.556616727972802,-0.0001086366774740981
-8.552058001400141,-0.00010842470261503286
-8.547499274827487,-0.00010821368038542767
-8.542940548254826,-0.00010800360693242975
-8.538381821682172,-0.00010779447841655147
-8.533823095109518,-0.00010758629101163228
-8.529264368536857,-0.00010737904090480385
-8.524705641964204,-0.00010717272429645487
-8.520146915391543,-0.000106967337400194
-8.515588188818889,-0.00010676287644281629
-8.511029462246228,-0.00010655933766426511
-8.506470735673574,-0.0001063567173175995
-8.501912009100913,-0.00010615501166895592
-8.497353282528259,-0.0001059542169975154
-8.492794555955598,-0.00010575432959546583
-8.488235829382944,-0.00010555534576796922
-8.483677102810283,-0.0001053572618331238
-8.47911837623763,-0.00010516007412193124
-8.474559649664968,-0.00010496377897825948
-8.470000923092314,-0.00010476837275880964
-8.465442196519653,-0.0001045738518330789
-8.460883469947,-0.00010438021258332743
-8.456324743374338,-0.00010418745140454193
-8.451766016801685,-0.00010399556470440228
-8.447207290229024,-0.00010380454890324492
-8.44264856365637,-0.00010361440043403009
-8.438089837083716,-0.00010342511574230516
-8.433531110511055,-0.00010323669128617115
-8.428972383938401,-0.00010304912353624862
-8.42441365736574,-0.00010286240897564093
-8.419854930793086,-0.00010267654409990287
-8.415296204220425,-0.00010249152541700277
-8.410737477647771,-0.0001023073494472915
-8.40617875107511,-0.0001021240127234649
-8.401620024502456,-0.00010194151179053249
-8.397061297929795,-0.00010175984320578059
-8.392502571357142,-0.0001015790035387404
-8.38794384478448,-0.00010139898937115177
-8.383385118211827,-0.00010121979729693122
-8.378826391639166,-0.00010104142392213582
-8.374267665066512,-0.00010086386586493131
-8.36970893849385,-0.00010068711975555617
-8.365150211921197,-0.00010051118223628959
-8.360591485348536,-0.00010033604996141595
-8.356032758775882,-0.0001001617195971928
-8.351474032203221,-9.998818782181534e-05
-8.346915305630567,-9.981545132538469e-05
-8.342356579057913,-9.964350680987259e-05
-8.337797852485252,-9.947235098908855e-05
-8.333239125912598,-9.930198058864715e-05
-8.328680399339937,-9.913239234593294e-05
-8.324121672767284,-9.896358301006882e-05
-8.319562946194623,-9.879554934188114e-05
-8.315004219621969,-9.862828811386801e-05
-8.310445493049308,-9.846179611016442e-05
-8.305886766476654,-9.829607012651069e-05
-8.301328039903993,-9.813110697021787e-05
-8.296769313331339,-9.796690346013628e-05
-8.292210586758678,-9.780345642662078e-05
-8.287651860186024,-9.764076271149969e-05
-8.283093133613363,-9.747881916803994e-05
-8.27853440704071,-9.73176226609164e-05
-8.273975680468048,-9.715717006617671e-05
-8.269416953895394,-9.699745827121104e-05
-8.264858227322733,-9.683848417471715e-05
-8.26029950075008,-9.668024468666991e-05
-8.255740774177418,-9.652273672828677e-05
-8.251182047604765,-9.636595723199689e-05
-8.24662332103211,-9.620990314140772e-05
-8.24206459445945,-9.60545714112725e-05
-8.237505867886796,-9.589995900745942e-05
-8.232947141314135,-9.574606290691713e-05
-8.228388414741481,-9.559288009764473e-05
-8.22382968816882,-9.544040757865763e-05
-8.219270961596166,-9.528864235995726e-05
-8.214712235023505,-9.513758146249733e-05
-8.210153508450851,-9.498722191815352e-05
-8.20559478187819,-9.483756076968985e-05
-8.201036055305536,-9.468859507072856e-05
-8.196477328732875,-9.454032188571643e-05
-8.191918602160221,-9.439273828989497e-05
-8.18735987558756,-9.42458413692668e-05
-8.182801149014907,-9.409962822056588e-05
-8.178242422442246,-9.395409595122396e-05
-8.173683695869592,-9.380924167934099e-05
-8.16912496929693,-9.366506253365197e-05
-8.164566242724277,-9.352155565349694e-05
-8.160007516151616,-9.337871818878814e-05
-8.155448789578962,-9.32365472999806e-05
-8.150890063006308,-9.309504015803876e-05
-8.146331336433647,-9.295419394440664e-05
-8.141772609860993,-9.281400585097691e-05
-8.137213883288332,-9.267447308005827e-05
-8.132655156715678,-9.253559284434665e-05
-8.128096430143017,-9.239736236689192e-05
-8.123537703570364,-9.225977888106904e-05
-8.118978976997703,-9.212283963054537e-05
-8.114420250425049,-9.198654186925167e-05
-8.109861523852388,-9.185088286134964e-05
-8.105302797279734,-9.171585988120292e-05
-8.100744070707073,-9.158147021334479e-05
-8.096185344134419,-9.144771115244915e-05
-8.091626617561758,-9.131458000329881e-05
-8.087067890989104,-9.11820740807559e-05
-8.082509164416443,-9.105019070973071e-05
-8.07795043784379,-9.091892722515245e-05
-8.073391711271128,-9.078828097193745e-05
-8.068832984698474,-9.06582493049605e-05
-8.064274258125813,-9.052882958902338e-05
-8.05971553155316,-9.040001919882618e-05
-8.055156804980506,-9.027181551893562e-05
-8.050598078407845,-9.0144215943756e-05
-8.04603935183519,-9.00172178774998e-05
-8.04148062526253,-8.989081873415623e-05
-8.036921898689876,-8.97650159374633e-05
-8.032363172117215,-8.963980692087639e-05
-8.027804445544561,-8.951518912753973e-05
-8.0232457189719,-8.939116001025588e-05
-8.018686992399246,-8.926771703145725e-05
-8.014128265826585,-8.914485766317507e-05
-8.009569539253931,-8.90225793870117e-05
-8.00501081268127,-8.890087969410943e-05
-8.000452086108616,-8.87797560851227e-05
-7.995893359535955,-8.865920607018752e-05
-7.9913346329633015,-8.853922716889349e-05
-7.9867759063906405,-8.841981691025324e-05
-7.982217179817987,-8.830097283267477e-05
-7.977658453245326,-8.818269248393104e-05
-7.973099726672672,-8.80649734211322e-05
-7.968541000100011,-8.79478132106954e-05
-7.963982273527357,-8.783120942831725e-05
-7.959423546954703,-8.771515965894386e-05
-7.954864820382042,-8.759966149674254e-05
-7.950306093809388,-8.74847125450735e-05
-7.945747367236727,-8.737031041646017e-05
-7.941188640664073,-8.725645273256192e-05
-7.936629914091412,-8.71431371241442e-05
-7.932071187518758,-8.70303612310513e-05
-7.927512460946097,-8.691812270217674e-05
-7.9229537343734435,-8.680641919543625e-05
-7.9183950078007825,-8.669524837773794e-05
-7.913836281228129,-8.658460792495575e-05
-7.909277554655468,-8.647449552189951e-05
-7.904718828082814,-8.636490886228854e-05
-7.900160101510153,-8.6255845648722e-05
-7.895601374937499,-8.614730359265236e-05
-7.891042648364838,-8.603928041435601e-05
-7.886483921792184,-8.593177384290694e-05
-7.881925195219523,-8.582478161614721e-05
-7.877366468646869,-8.571830148066084e-05
-7.872807742074208,-8.561233119174464e-05
-7.868249015501554,-8.550686851338184e-05
-7.8636902889289,-8.540191121821344e-05
-7.859131562356239,-8.529745708751108e-05
-7.854572835783586,-8.519350391115026e-05
-7.850014109210925,-8.509004948758147e-05
-7.845455382638271,-8.498709162380436e-05
-7.84089665606561,-8.488462813533899e-05
-7.836337929492956,-8.478265684620011e-05
-7.831779202920295,-8.468117558886843e-05
-7.827220476347641,-8.4580182204265e-05
-7.82266174977498,-8.447967454172265e-05
-7.818103023202326,-8.437965045896054e-05
-7.813544296629665,-8.428010782205566e-05
-7.808985570057011,-8.418104450541732e-05
-7.80442684348435,-8.40824583917592e-05
-7.799868116911696,-8.398434737207357e-05
-7.795309390339035,-8.388670934560358e-05
-7.7907506637663815,-8.378954221981764e-05
-7.7861919371937205,-8.369284391038169e-05
-7.781633210621067,-8.3596612341134e-05
-7.777074484048406,-8.350084544405727e-05
-7.772515757475752,-8.340554115925358e-05
-7.767957030903098,-8.331069743491683e-05
-7.763398304330437,-8.321631222730705e-05
-7.758839577757783,-8.312238350072444e-05
-7.754280851185122,-8.30289092274824e-05
-7.749722124612468,-8.293588738788228e-05
-7.745163398039807,-8.284331597018629e-05
-7.740604671467153,-8.27511929705927e-05
-7.736045944894492,-8.26595163932087e-05
-7.731487218321838,-8.256828425002563e-05
-7.726928491749177,-8.247749456089197e-05
-7.7223697651765235,-8.23871453534888e-05
-7.7178110386038625,-8.229723466330287e-05
-7.713252312031209,-8.220776053360222e-05
-7.708693585458548,-8.211872101540919e-05
-7.704134858885894,-8.203011416747627e-05
-7.699576132313233,-8.194193805625933e-05
-7.695017405740579,-8.185419075589345e-05
-7.690458679167918,-8.176687034816628e-05
-7.685899952595264,-8.167997492249395e-05
-7.681341226022603,-8.159350257589476e-05
-7.676782499449949,-8.150745141296495e-05
-7.672223772877295,-8.142181954585278e-05
-7.667665046304634,-8.133660509423369e-05
-7.66310631973198,-8.125180618528589e-05
-7.658547593159319,-8.116742095366421e-05
-7.6539888665866656,-8.10834475414766e-05
-7.649430140014005,-8.099988409825787e-05
-7.644871413441351,-8.091672878094627e-05
-7.64031268686869,-8.083397975385754e-05
-7.635753960296036,-8.075163518866131e-05
-7.631195233723375,-8.066969326435557e-05
-7.626636507150721,-8.058815216724303e-05
-7.62207778057806,-8.050701009090566e-05
-7.617519054005406,-8.042626523618121e-05
-7.612960327432745,-8.034591581113795e-05
-7.608401600860091,-8.026596003105127e-05
-7.60384287428743,-8.018639611837846e-05
-7.599284147714776,-8.010722230273543e-05
-7.594725421142115,-8.002843682087172e-05
-7.5901666945694615,-7.995003791664726e-05
-7.5856079679968005,-7.98720238410075e-05
-7.581049241424147,-7.979439285196019e-05
-7.576490514851493,-7.971714321455097e-05
-7.571931788278832,-7.964027320083953e-05
-7.567373061706178,-7.956378108987645e-05
-7.562814335133517,-7.948766516767843e-05
-7.558255608560863,-7.941192372720569e-05
-7.553696881988202,-7.93365550683373e-05
-7.549138155415548,-7.926155749784867e-05
-7.544579428842887,-7.9186929329387e-05
-7.540020702270233,-7.911266888344886e-05
-7.535461975697572,-7.903877448735581e-05
-7.530903249124918,-7.896524447523206e-05
-7.526344522552257,-7.889207718798012e-05
-7.5217857959796035,-7.881927097325866e-05
-7.5172270694069425,-7.874682418545841e-05
-7.512668342834289,-7.86747351856799e-05
-7.508109616261628,-7.860300234170951e-05
-7.503550889688974,-7.853162402799747e-05
-7.498992163116313,-7.846059862563403e-05
-7.494433436543659,-7.838992452232729e-05
-7.489874709970998,-7.831960011237972e-05
-7.485315983398344,-7.824962379666617e-05
-7.48075725682569,-7.817999398261049e-05
-7.476198530253029,-7.811070908416305e-05
-7.471639803680375,-7.804176752177859e-05
-7.467081077107714,-7.797316772239307e-05
-7.46252235053506,-7.790490811940168e-05
-7.457963623962399,-7.783698715263592e-05
-7.4534048973897455,-7.776940326834197e-05
-7.4488461708170846,-7.770215491915743e-05
-7.444287444244431,-7.763524056409012e-05
-7.43972871767177,-7.756865866849487e-05
-7.435169991099116,-7.75024077040524e-05
-7.430611264526455,-7.743648614874613e-05
-7.426052537953801,-7.737089248684142e-05
-7.42149381138114,-7.730562520886224e-05
-7.416935084808486,-7.724068281157059e-05
-7.412376358235825,-7.717606379794355e-05
-7.407817631663171,-7.711176667715227e-05
-7.40325890509051,-7.704778996453966e-05
-7.398700178517856,-7.698413218159925e-05
-7.394141451945195,-7.692079185595292e-05
-7.3895827253725415,-7.685776752133013e-05
-7.385023998799888,-7.679505771754557e-05
-7.380465272227227,-7.67326609904782e-05
-7.375906545654573,-7.667057589204993e-05
-7.371347819081912,-7.660880098020382e-05
-7.366789092509258,-7.654733481888336e-05
-7.362230365936597,-7.648617597801058e-05
-7.357671639363943,-7.642532303346565e-05
-7.353112912791282,-7.636477456706484e-05
-7.348554186218628,-7.630452916654047e-05
-7.343995459645967,-7.624458542551892e-05
-7.339436733073313,-7.61849419435005e-05
-7.334878006500652,-7.612559732583789e-05
-7.330319279927998,-7.606655018371585e-05
-7.325760553355337,-7.600779913412992e-05
-7.3212018267826835,-7.594934279986618e-05
-7.3166431002100225,-7.589117980948011e-05
-7.312084373637369,-7.583330879727641e-05
-7.307525647064708,-7.577572840328795e-05
-7.302966920492054,-7.571843727325582e-05
-7.298408193919393,-7.566143405860825e-05
-7.293849467346739,-7.560471741644085e-05
-7.289290740774085,-7.55482860094957e-05
-7.284732014201424,-7.549213850614126e-05
-7.28017328762877,-7.543627358035255e-05
-7.275614561056109,-7.538068991169007e-05
-7.271055834483455,-7.532538618528068e-05
-7.266497107910794,-7.527036109179662e-05
-7.26193838133814,-7.521561332743626e-05
-7.257379654765479,-7.516114159390352e-05
-7.2528209281928255,-7.51069445983884e-05
-7.2482622016201645,-7.50530210535468e-05
-7.243703475047511,-7.499936967748112e-05
-7.23914474847485,-7.494598919371988e-05
-7.234586021902196,-7.489287833119883e-05
-7.230027295329535,-7.484003582424054e-05
-7.225468568756881,-7.478746041253549e-05
-7.22090984218422,-7.473515084112188e-05
-7.216351115611566,-7.468310586036689e-05
-7.211792389038905,-7.463132422594644e-05
-7.207233662466251,-7.457980469882661e-05
-7.20267493589359,-7.452854604524364e-05
-7.198116209320936,-7.44775470366854e-05
-7.193557482748282,-7.442680644987135e-05
-7.1889987561756215,-7.4376323066734e-05
-7.184440029602968,-7.43260956743997e-05
-7.179881303030307,-7.427612306516931e-05
-7.175322576457653,-7.422640403649972e-05
-7.170763849884992,-7.417693739098424e-05
-7.166205123312338,-7.412772193633441e-05
-7.161646396739677,-7.407875648536052e-05
-7.157087670167023,-7.403003985595348e-05
-7.152528943594362,-7.398157087106546e-05
-7.147970217021708,-7.393334835869174e-05
-7.143411490449047,-7.388537115185163e-05
-7.138852763876393,-7.383763808857047e-05
-7.134294037303732,-7.379014801186036e-05
-7.129735310731078,-7.374289976970252e-05
-7.125176584158417,-7.369589221502817e-05
-7.1206178575857635,-7.364912420570072e-05
-7.1160591310131025,-7.360259460449702e-05
-7.111500404440449,-7.355630227908953e-05
-7.106941677867788,-7.351024610202764e-05
-7.102382951295134,-7.346442495072007e-05
-7.09782422472248,-7.34188377074163e-05
-7.093265498149819,-7.337348325918868e-05
-7.088706771577165,-7.332836049791471e-05
-7.084148045004504,-7.328346832025857e-05
-7.07958931843185,-7.323880562765384e-05
-7.075030591859189,-7.319437132628506e-05
-7.070471865286535,-7.31501643270705e-05
-7.065913138713874,-7.310618354564391e-05
-7.06135441214122,-7.306242790233734e-05
-7.056795685568559,-7.301889632216308e-05
-7.0522369589959055,-7.297558773479642e-05
-7.0476782324232445,-7.29325010745578e-05
-7.043119505850591,-7.288963528039573e-05
-7.03856077927793,-7.28469892958689e-05
-7.034002052705276,-7.28045620691293e-05
-7.029443326132615,-7.276235255290442e-05
-7.024884599559961,-7.272035970448043e-05
-7.0203258729873,-7.267858248568453e-05
-7.015767146414646,-7.263701986286822e-05
-7.011208419841985,-7.259567080688967e-05
-7.006649693269331,-7.255453429309726e-05
-7.002090966696677,-7.251360930131202e-05
-6.997532240124016,-7.247289481581084e-05
-6.992973513551362,-7.243238982530989e-05
-6.988414786978701,-7.239209332294712e-05
-6.983856060406048,-7.23520043062661e-05
-6.979297333833387,-7.231212177719864e-05
-6.974738607260733,-7.22724447420487e-05
-6.970179880688072,-7.223297221147507e-05
-6.965621154115418,-7.219370320047546e-05
-6.961062427542757,-7.215463672836918e-05
-6.956503700970103,-7.211577181878134e-05
-6.951944974397442,-7.207710749962581e-05
-6.947386247824788,-7.20386428030893e-05
-6.942827521252127,-7.200037676561446e-05
-6.938268794679473,-7.196230842788413e-05
-6.933710068106812,-7.192443683480455e-05
-6.929151341534158,-7.188676103548956e-05
-6.924592614961497,-7.184928008324412e-05
-6.9200338883888435,-7.181199303554855e-05
-6.9154751618161825,-7.177489895404187e-05
-6.910916435243529,-7.173799690450654e-05
-6.906357708670875,-7.170128595685186e-05
-6.901798982098214,-7.166476518509826e-05
-6.89724025552556,-7.162843366736164e-05
-6.892681528952899,-7.159229048583711e-05
-6.888122802380245,-7.155633472678372e-05
-6.883564075807584,-7.152056548050814e-05
-6.87900534923493,-7.148498184134965e-05
-6.874446622662269,-7.144958290766384e-05
-6.869887896089615,-7.141436778180762e-05
-6.865329169516954,-7.13793355701232e-05
-6.8607704429443,-7.134448538292298e-05
-6.856211716371639,-7.130981633447376e-05
-6.8516529897989855,-7.127532754298176e-05
-6.8470942632263245,-7.124101813057682e-05
-6.842535536653671,-7.120688722329752e-05
-6.83797681008101,-7.117293395107558e-05
-6.833418083508356,-7.113915744772101e-05
-6.828859356935695,-7.110555685090651e-05
-6.824300630363041,-7.107213130215293e-05
-6.81974190379038,-7.103887994681364e-05
-6.815183177217726,-7.100580193405997e-05
-6.810624450645072,-7.097289641686592e-05
-6.806065724072411,-7.094016255199341e-05
-6.801506997499757,-7.09075994999775e-05
-6.796948270927096,-7.087520642511123e-05
-6.792389544354442,-7.084298249543134e-05
-6.787830817781781,-7.081092688270294e-05
-6.7832720912091276,-7.077903876240542e-05
-6.778713364636467,-7.074731731371734e-05
-6.774154638063813,-7.071576171950221e-05
-6.769595911491152,-7.06843711662936e-05
-6.765037184918498,-7.065314484428098e-05
-6.760478458345837,-7.062208194729494e-05
-6.755919731773183,-7.059118167279312e-05
-6.751361005200522,-7.056044322184548e-05
-6.746802278627868,-7.052986579912043e-05
-6.742243552055207,-7.049944861287005e-05
-6.737684825482553,-7.046919087491638e-05
-6.733126098909892,-7.043909180063676e-05
-6.728567372337238,-7.040915060895018e-05
-6.724008645764577,-7.03793665223027e-05
-6.7194499191919235,-7.03497387666539e-05
-6.71489119261927,-7.032026657146251e-05
-6.710332466046609,-7.029094916967253e-05
-6.705773739473955,-7.026178579769957e-05
-6.701215012901294,-7.023277569541665e-05
-6.69665628632864,-7.020391810614066e-05
-6.692097559755979,-7.017521227661839e-05
-6.687538833183325,-7.014665745701297e-05
-6.682980106610664,-7.011825290089e-05
-6.67842138003801,-7.008999786520419e-05
-6.673862653465349,-7.006189161028538e-05
-6.669303926892695,-7.003393339982545e-05
-6.664745200320034,-7.000612250086436e-05
-6.66018647374738,-6.997845818377712e-05
-6.655627747174719,-6.995093972225996e-05
-6.6510690206020655,-6.992356639331738e-05
-6.6465102940294045,-6.989633747724843e-05
-6.641951567456751,-6.986925225763372e-05
-6.63739284088409,-6.9842310021322e-05
-6.632834114311436,-6.981551005841709e-05
-6.628275387738775,-6.978885166226463e-05
-6.623716661166121,-6.976233412943904e-05
-6.619157934593467,-6.973595675973041e-05
-6.614599208020806,-6.970971885613145e-05
-6.610040481448152,-6.968361972482468e-05
-6.605481754875491,-6.96576586751692e-05
-6.600923028302837,-6.963183501968819e-05
-6.596364301730176,-6.960614807405559e-05
-6.591805575157522,-6.958059715708375e-05
-6.587246848584861,-6.95551815907103e-05
-6.5826881220122075,-6.952990069998572e-05
-6.578129395439547,-6.950475381306041e-05
-6.573570668866893,-6.947974026117228e-05
-6.569011942294232,-6.945485937863392e-05
-6.564453215721578,-6.943011050282032e-05
-6.559894489148917,-6.940549297415608e-05
-6.555335762576263,-6.938100613610317e-05
-6.550777036003602,-6.935664933514835e-05
-6.546218309430948,-6.933242192079091e-05
-6.541659582858287,-6.930832324553019e-05
-6.537100856285633,-6.928435266485345e-05
-6.532542129712972,-6.926050953722339e-05
-6.527983403140318,-6.92367932240662e-05
-6.5234246765676644,-6.921320308975916e-05
-6.5188659499950035,-6.918973850161855e-05
-6.51430722342235,-6.916639882988773e-05
-6.509748496849689,-6.91431834477248e-05
-6.505189770277035,-6.912009173119091e-05
-6.500631043704374,-6.909712305923794e-05
-6.49607231713172,-6.90742768136969e-05
-6.491513590559059,-6.905155237926585e-05
-6.486954863986405,-6.902894914349808e-05
-6.482396137413744,-6.900646649679033e-05
-6.47783741084109,-6.898410383237102e-05
-6.473278684268429,-6.896186054628849e-05
-6.468719957695775,-6.893973603739944e-05
-6.464161231123114,-6.891772970735706e-05
-6.45960250455046,-6.889584096059966e-05
-6.455043777977799,-6.887406920433888e-05
-6.4504850514051455,-6.885241384854842e-05
-6.4459263248324845,-6.883087430595228e-05
-6.441367598259831,-6.880944999201359e-05
-6.43680887168717,-6.878814032492291e-05
-6.432250145114516,-6.876694472558715e-05
-6.427691418541862,-6.874586261761805e-05
-6.423132691969201,-6.87248934273209e-05
-6.418573965396547,-6.870403658368345e-05
-6.414015238823886,-6.868329151836451e-05
-6.409456512251232,-6.866265766568294e-05
-6.404897785678571,-6.864213446260637e-05
-6.400339059105917,-6.862172134874021e-05
-6.395780332533256,-6.860141776631655e-05
-6.391221605960602,-6.858122316018322e-05
-6.386662879387941,-6.856113697779266e-05
-6.3821041528152875,-6.854115866919118e-05
-6.3775454262426265,-6.852128768700785e-05
-6.372986699669973,-6.850152348644386e-05
-6.368427973097312,-6.848186552526149e-05
-6.363869246524658,-6.846231326377348e-05
-6.359310519951997,-6.84428661648322e-05
-6.354751793379343,-6.842352369381897e-05
-6.350193066806682,-6.840428531863338e-05
-6.345634340234028,-6.83851505096827e-05
-6.341075613661367,-6.836611873987116e-05
-6.336516887088713,-6.834718948458957e-05
-6.331958160516059,-6.832836222170471e-05
-6.327399433943398,-6.83096364315487e-05
-6.322840707370744,-6.829101159690894e-05
-6.3182819807980835,-6.827248720301725e-05
-6.31372325422543,-6.825406273753987e-05
-6.309164527652769,-6.823573769056684e-05
-6.304605801080115,-6.821751155460194e-05
-6.300047074507454,-6.819938382455222e-05
-6.2954883479348,-6.8181353997718e-05
-6.290929621362139,-6.816342157378244e-05
-6.286370894789485,-6.814558605480163e-05
-6.281812168216824,-6.812784694519423e-05
-6.27725344164417,-6.811020375173164e-05
-6.272694715071509,-6.809265598352776e-05
-6.268135988498855,-6.807520315202914e-05
-6.263577261926194,-6.805784477100482e-05
-6.25901853535354,-6.804058035653665e-05
-6.254459808780879,-6.802340942700916e-05
-6.2499010822082255,-6.800633150309989e-05
-6.2453423556355645,-6.798934610776935e-05
-6.240783629062911,-6.797245276625144e-05
-6.236224902490257,-6.795565100604361e-05
-6.231666175917596,-6.793894035689706e-05
-6.227107449344942,-6.792232035080726e-05
-6.222548722772281,-6.790579052200407e-05
-6.217989996199627,-6.78893504069423e-05
-6.213431269626966,-6.787299954429201e-05
-6.208872543054312,-6.78567374749291e-05
-6.204313816481651,-6.784056374192569e-05
-6.199755089908997,-6.782447789054068e-05
-6.195196363336336,-6.78084794682103e-05
-6.190637636763682,-6.779256802453883e-05
-6.186078910191021,-6.777674311128893e-05
-6.1815201836183675,-6.77610042823727e-05
-6.1769614570457065,-6.774535109384205e-05
-6.172402730473053,-6.772978310387965e-05
-6.167844003900392,-6.77142998727895e-05
-6.163285277327738,-6.769890096298799e-05
-6.158726550755077,-6.768358593899445e-05
-6.154167824182423,-6.766835436742228e-05
-6.149609097609762,-6.76532058169696e-05
-6.145050371037108,-6.763813985841049e-05
-6.140491644464454,-6.762315606458565e-05
-6.135932917891793,-6.760825401039359e-05
-6.131374191319139,-6.759343327278167e-05
-6.126815464746478,-6.757869343073706e-05
-6.122256738173824,-6.756403406527799e-05
-6.117698011601163,-6.75494547594447e-05
-6.11313928502851,-6.753495509829084e-05
-6.108580558455849,-6.752053466887446e-05
-6.104021831883195,-6.750619306024941e-05
-6.099463105310534,-6.749192986345646e-05
-6.09490437873788,-6.747774467151482e-05
-6.090345652165219,-6.746363707941315e-05
-6.085786925592565,-6.744960668410127e-05
-6.081228199019904,-6.743565308448132e-05
-6.07666947244725,-6.742177588139935e-05
-6.072110745874589,-6.740797467763661e-05
-6.067552019301935,-6.739424907790125e-05
-6.062993292729274,-6.738059868881967e-05
-6.05843456615662,-6.73670231189282e-05
-6.053875839583959,-6.735352197866461e-05
-6.0493171130113055,-6.734009488035984e-05
-6.044758386438652,-6.73267414382295e-05
-6.040199659865991,-6.731346126836569e-05
-6.035640933293337,-6.730025398872871e-05
-6.031082206720676,-6.72871192191387e-05
-6.026523480148022,-6.727405658126758e-05
-6.021964753575361,-6.726106569863069e-05
-6.017406027002707,-6.724814619657883e-05
-6.012847300430046,-6.72352977022899e-05
-6.008288573857392,-6.722251984476108e-05
-6.003729847284731,-6.720981225480049e-05
-5.999171120712077,-6.719717456501941e-05
-5.994612394139416,-6.7184606409824e-05
-5.990053667566762,-6.717210742540771e-05
-5.985494940994101,-6.715967724974288e-05
-5.9809362144214475,-6.714731552257326e-05
-5.9763774878487865,-6.713502188540583e-05
-5.971818761276133,-6.712279598150311e-05
-5.967260034703472,-6.711063745587522e-05
-5.962701308130818,-6.70985459552723e-05
-5.958142581558157,-6.708652112817643e-05
-5.953583854985503,-6.707456262479426e-05
-5.949025128412849,-6.706267009704902e-05
-5.944466401840188,-6.705084319857299e-05
-5.939907675267534,-6.703908158469987e-05
-5.935348948694873,-6.702738491245707e-05
-5.930790222122219,-6.701575284055828e-05
-5.926231495549558,-6.700418502939575e-05
-5.921672768976904,-6.699268114103291e-05
-5.917114042404243,-6.698124083919679e-05
-5.9125553158315896,-6.696986378927058e-05
-5.907996589258929,-6.695854965828622e-05
-5.903437862686275,-6.6947298114917e-05
-5.898879136113614,-6.693610882947005e-05
-5.89432040954096,-6.692498147387925e-05
-5.889761682968299,-6.691391572169758e-05
-5.885202956395645,-6.690291124809021e-05
-5.880644229822984,-6.689196772982688e-05
-5.87608550325033,-6.688108484527492e-05
-5.871526776677669,-6.687026227439185e-05
-5.866968050105015,-6.68594996987184e-05
-5.862409323532354,-6.684879680137119e-05
-5.8578505969597,-6.683815326703574e-05
-5.8532918703870465,-6.682756878195928e-05
-5.8487331438143855,-6.68170430339437e-05
-5.844174417241732,-6.680657571233858e-05
-5.839615690669071,-6.679616650803413e-05
-5.835056964096417,-6.678581511345417e-05
-5.830498237523756,-6.677552122254928e-05
-5.825939510951102,-6.676528453078977e-05
-5.821380784378441,-6.675510473515883e-05
-5.816822057805787,-6.67449815341457e-05
-5.812263331233126,-6.673491462773867e-05
-5.807704604660472,-6.67249037174185e-05
-5.803145878087811,-6.671494850615139e-05
-5.798587151515157,-6.67050486983824e-05
-5.794028424942496,-6.669520400002856e-05
-5.789469698369842,-6.668541411847235e-05
-5.784910971797181,-6.667567876255476e-05
-5.7803522452245275,-6.666599764256894e-05
-5.7757935186518665,-6.665637047025328e-05
-5.771234792079213,-6.6646796958785e-05
-5.766676065506552,-6.663727682277348e-05
-5.762117338933898,-6.662780977825378e-05
-5.757558612361244,-6.661839554268001e-05
-5.752999885788583,-6.660903383491894e-05
-5.748441159215929,-6.659972437524347e-05
-5.743882432643268,-6.65904668853262e-05
-5.739323706070614,-6.658126108823303e-05
-5.734764979497953,-6.657210670841668e-05
-5.730206252925299,-6.656300347171043e-05
-5.725647526352638,-6.655395110532172e-05
-5.721088799779984,-6.654494933782587e-05
-5.716530073207323,-6.653599789915967e-05
-5.7119713466346695,-6.652709652061531e-05
-5.707412620062009,-6.651824493483397e-05
-5.702853893489355,-6.650944287579971e-05
-5.698295166916694,-6.650069007883316e-05
-5.69373644034404,-6.64919862805855e-05
-5.689177713771379,-6.648333121903224e-05
-5.684618987198725,-6.64747246334671e-05
-5.680060260626064,-6.646616626449586e-05
-5.67550153405341,-6.645765585403053e-05
-5.670942807480749,-6.644919314528297e-05
-5.666384080908095,-6.644077788275918e-05
-5.661825354335441,-6.643240981225308e-05
-5.65726662776278,-6.642408868084067e-05
-5.6527079011901264,-6.641581423687407e-05
-5.6481491746174655,-6.640758622997556e-05
-5.643590448044812,-6.639940441103171e-05
-5.639031721472151,-6.63912685321875e-05
-5.634472994899497,-6.638317834684054e-05
-5.629914268326836,-6.637513360963506e-05
-5.625355541754182,-6.636713407645635e-05
-5.620796815181521,-6.635917950442484e-05
-5.616238088608867,-6.635126965189036e-05
-5.611679362036206,-6.634340427842643e-05
-5.607120635463552,-6.633558314482459e-05
-5.602561908890891,-6.632780601308866e-05
-5.598003182318237,-6.632007264642913e-05
-5.593444455745576,-6.631238280925744e-05
-5.588885729172922,-6.630473626718055e-05
-5.584327002600261,-6.62971327869951e-05
-5.5797682760276075,-6.628957213668211e-05
-5.5752095494549465,-6.62820540854012e-05
-5.570650822882293,-6.627457840348525e-05
-5.566092096309639,-6.626714486243483e-05
-5.561533369736978,-6.625975323491267e-05
-5.556974643164324,-6.625240329473835e-05
-5.552415916591663,-6.624509481688274e-05
-5.547857190019009,-6.62378275774627e-05
-5.543298463446348,-6.623060135373556e-05
-5.538739736873694,-6.622341592409396e-05
-5.534181010301033,-6.621627106806028e-05
-5.529622283728379,-6.620916656628156e-05
-5.525063557155718,-6.620210220052398e-05
-5.520504830583064,-6.619507775366775e-05
-5.515946104010403,-6.618809300970184e-05
-5.5113873774377495,-6.618114775371864e-05
-5.5068286508650885,-6.61742417719089e-05
-5.502269924292435,-6.616737485155646e-05
-5.497711197719774,-6.616054678103312e-05
-5.49315247114712,-6.615375734979348e-05
-5.488593744574459,-6.61470063483698e-05
-5.484035018001805,-6.614029356836703e-05
-5.479476291429144,-6.613361880245752e-05
-5.47491756485649,-6.612698184437617e-05
-5.470358838283836,-6.612038248891527e-05
-5.465800111711175,-6.611382053191953e-05
-5.461241385138521,-6.61072957702811e-05
-5.45668265856586,-6.610080800193461e-05
-5.452123931993206,-6.609435702585215e-05
-5.4475652054205455,-6.608794264203845e-05
-5.443006478847892,-6.608156465152585e-05
-5.438447752275231,-6.607522285636953e-05
-5.433889025702577,-6.60689170596426e-05
-5.429330299129916,-6.606264706543119e-05
-5.424771572557262,-6.605641267882978e-05
-5.420212845984601,-6.60502137059362e-05
-5.415654119411947,-6.604404995384701e-05
-5.411095392839286,-6.60379212306527e-05
-5.406536666266632,-6.603182734543284e-05
-5.401977939693971,-6.60257681082515e-05
-5.397419213121317,-6.60197433301525e-05
-5.392860486548656,-6.601375282315465e-05
-5.388301759976002,-6.600779640024726e-05
-5.383743033403341,-6.600187387538527e-05
-5.3791843068306875,-6.599598506348485e-05
-5.374625580258034,-6.599012978041865e-05
-5.370066853685373,-6.598430784301125e-05
-5.365508127112719,-6.597851906903466e-05
-5.360949400540058,-6.597276327720369e-05
-5.356390673967404,-6.596704028717147e-05
-5.351831947394743,-6.596134991952494e-05
-5.347273220822089,-6.59556919957804e-05
-5.342714494249428,-6.595006633837891e-05
-5.338155767676774,-6.594447277068205e-05
-5.333597041104113,-6.593891111696732e-05
-5.329038314531459,-6.59333812024238e-05
-5.324479587958798,-6.592788285314776e-05
-5.319920861386144,-6.592241589613829e-05
-5.315362134813483,-6.591698015929295e-05
-5.3108034082408295,-6.591157547140339e-05
-5.3062446816681685,-6.590620166215109e-05
-5.301685955095515,-6.59008585621031e-05
-5.297127228522854,-6.589554600270764e-05
-5.2925685019502,-6.589026381628992e-05
-5.288009775377539,-6.588501183604795e-05
-5.283451048804885,-6.587978989604824e-05
-5.278892322232231,-6.587459783122155e-05
-5.27433359565957,-6.586943547735886e-05
-5.269774869086916,-6.586430267110707e-05
-5.265216142514255,-6.585919924996492e-05
-5.260657415941601,-6.585412505227886e-05
-5.25609868936894,-6.584907991723884e-05
-5.251539962796286,-6.584406368487438e-05
-5.2469812362236254,-6.583907619605031e-05
-5.242422509650972,-6.58341172924629e-05
-5.237863783078311,-6.582918681663566e-05
-5.233305056505657,-6.58242846119154e-05
-5.228746329932996,-6.581941052246821e-05
-5.224187603360342,-6.581456439327546e-05
-5.219628876787681,-6.580974607012985e-05
-5.215070150215027,-6.580495539963142e-05
-5.210511423642366,-6.580019222918365e-05
-5.205952697069712,-6.57954564069895e-05
-5.201393970497051,-6.57907477820476e-05
-5.196835243924397,-6.578606620414825e-05
-5.192276517351736,-6.578141152386961e-05
-5.187717790779082,-6.577678359257387e-05
-5.1831590642064285,-6.577218226240335e-05
-5.1786003376337675,-6.576760738627674e-05
-5.174041611061114,-6.576305881788534e-05
-5.169482884488453,-6.575853641168915e-05
-5.164924157915799,-6.57540400229132e-05
-5.160365431343138,-6.574956950754378e-05
-5.155806704770484,-6.574512472232474e-05
-5.151247978197823,-6.574070552475367e-05
-5.146689251625169,-6.573631177307834e-05
-5.142130525052508,-6.573194332629286e-05
-5.137571798479854,-6.572760004413423e-05
-5.133013071907193,-6.572328178707842e-05
-5.128454345334539,-6.571898841633695e-05
-5.123895618761878,-6.571471979385317e-05
-5.119336892189224,-6.571047578229875e-05
-5.114778165616563,-6.570625624506989e-05
-5.1102194390439095,-6.570206104628405e-05
-5.1056607124712485,-6.56978900507761e-05
-5.101101985898595,-6.569374312409498e-05
-5.096543259325934,-6.568962013250013e-05
-5.09198453275328,-6.568552094295791e-05
-5.087425806180626,-6.56814454231382e-05
-5.082867079607965,-6.567739344141088e-05
-5.078308353035311,-6.567336486684242e-05
-5.07374962646265,-6.56693595691923e-05
-5.069190899889996,-6.566537741890977e-05
-5.064632173317335,-6.56614182871303e-05
-5.060073446744681,-6.565748204567223e-05
-5.05551472017202,-6.565356856703337e-05
-5.050955993599366,-6.564967772438769e-05
-5.046397267026705,-6.564580939158185e-05
-5.0418385404540516,-6.564196344313197e-05
-5.037279813881391,-6.56381397542203e-05
-5.032721087308737,-6.563433820069186e-05
-5.028162360736076,-6.563055865905114e-05
-5.023603634163422,-6.562680100645889e-05
-5.019044907590761,-6.562306512072879e-05
-5.014486181018107,-6.561935088032428e-05
-5.009927454445446,-6.561565816435524e-05
-5.005368727872792,-6.56119868525748e-05
-5.000810001300131,-6.56083368253762e-05
-4.996251274727477,-6.560470796378947e-05
-4.991692548154823,-6.56011001494784e-05
-4.987133821582162,-6.559751326473725e-05
-4.9825750950095085,-6.559394719248771e-05
-4.9780163684368475,-6.55904018162757e-05
-4.973457641864194,-6.558687702026826e-05
-4.968898915291533,-6.558337268925047e-05
-4.964340188718879,-6.557988870862236e-05
-4.959781462146218,-6.557642496439581e-05
-4.955222735573564,-6.557298134319151e-05
-4.950664009000903,-6.556955773223587e-05
-4.946105282428249,-6.556615401935805e-05
-4.941546555855588,-6.556277009298692e-05
-4.936987829282934,-6.555940584214801e-05
-4.932429102710273,-6.555606115646059e-05
-4.927870376137619,-6.55527359261346e-05
-4.923311649564958,-6.55494300419678e-05
-4.918752922992304,-6.554614339534269e-05
-4.914194196419643,-6.554287587822369e-05
-4.9096354698469895,-6.553962738315413e-05
-4.9050767432743285,-6.55363978032534e-05
-4.900518016701675,-6.553318703221397e-05
-4.895959290129021,-6.552999496429863e-05
-4.89140056355636,-6.552682149433749e-05
-4.886841836983706,-6.552366651772524e-05
-4.882283110411045,-6.552052993041817e-05
-4.877724383838391,-6.551741162893148e-05
-4.87316565726573,-6.551431151033633e-05
-4.868606930693076,-6.551122947225719e-05
-4.864048204120415,-6.550816541286885e-05
-4.859489477547761,-6.550511923089383e-05
-4.8549307509751,-6.55020908255995e-05
-4.850372024402446,-6.549908009679533e-05
-4.845813297829785,-6.549608694483019e-05
-4.8412545712571315,-6.549311127058964e-05
-4.836695844684471,-6.549015297549314e-05
-4.832137118111817,-6.548721196149137e-05
-4.827578391539156,-6.548428813106362e-05
-4.823019664966502,-6.548138138721496e-05
-4.818460938393841,-6.547849163347372e-05
-4.813902211821187,-6.547561877388876e-05
-4.809343485248526,-6.547276271302682e-05
-4.804784758675872,-6.546992335596995e-05
-4.800226032103218,-6.546710060831283e-05
-4.795667305530557,-6.546429437616023e-05
-4.791108578957903,-6.546150456612433e-05
-4.786549852385242,-6.54587310853222e-05
-4.7819911258125885,-6.545597384137328e-05
-4.7774323992399275,-6.545323274239667e-05
-4.772873672667274,-6.545050769700876e-05
-4.768314946094613,-6.544779861432056e-05
-4.763756219521959,-6.544510540393528e-05
-4.759197492949298,-6.544242797594575e-05
-4.754638766376644,-6.543976624093196e-05
-4.750080039803983,-6.543712010995856e-05
-4.745521313231329,-6.54344894945724e-05
-4.740962586658668,-6.543187430680003e-05
-4.736403860086014,-6.542927445914531e-05
-4.731845133513353,-6.542668986458693e-05
-4.727286406940699,-6.542412043657598e-05
-4.722727680368038,-6.542156608903353e-05
-4.718168953795384,-6.541902673634826e-05
-4.713610227222723,-6.541650229337405e-05
-4.7090515006500695,-6.541399267542757e-05
-4.704492774077416,-6.541149779828595e-05
-4.699934047504755,-6.540901757818435e-05
-4.695375320932101,-6.540655193181375e-05
-4.69081659435944,-6.540410077631843e-05
-4.686257867786786,-6.540166402929381e-05
-4.681699141214125,-6.539924160878401e-05
-4.677140414641471,-6.539683343327963e-05
-4.67258168806881,-6.539443942171537e-05
-4.668022961496156,-6.539205949346788e-05
-4.663464234923495,-6.538969356835332e-05
-4.658905508350841,-6.538734156662523e-05
-4.65434678177818,-6.538500340897225e-05
-4.649788055205526,-6.53826790165158e-05
-4.645229328632865,-6.538036831080796e-05
-4.6406706020602115,-6.537807121382921e-05
-4.6361118754875505,-6.537578764798617e-05
-4.631553148914897,-6.53735175361095e-05
-4.626994422342236,-6.537126080145161e-05
-4.622435695769582,-6.536901736768458e-05
-4.617876969196921,-6.536678715889792e-05
-4.613318242624267,-6.536457009959642e-05
-4.608759516051613,-6.536236611469808e-05
-4.604200789478952,-6.536017512953185e-05
-4.599642062906298,-6.535799706983561e-05
-4.595083336333637,-6.535583186175403e-05
-4.590524609760983,-6.535367943183642e-05
-4.585965883188322,-6.535153970703466e-05
-4.581407156615668,-6.534941261470114e-05
-4.5768484300430075,-6.534729808258666e-05
-4.572289703470354,-6.534519603883838e-05
-4.567730976897693,-6.53431064119977e-05
-4.563172250325039,-6.534102913099835e-05
-4.558613523752378,-6.533896412516418e-05
-4.554054797179724,-6.533691132420731e-05
-4.549496070607063,-6.533487065822598e-05
-4.544937344034409,-6.533284205770258e-05
-4.540378617461748,-6.53308254535017e-05
-4.535819890889094,-6.53288207768681e-05
-4.531261164316433,-6.53268279594247e-05
-4.526702437743779,-6.532484693317072e-05
-4.522143711171118,-6.532287763047956e-05
-4.517584984598464,-6.532091998409705e-05
-4.5130262580258105,-6.531897392713931e-05
-4.5084675314531495,-6.531703939309096e-05
-4.503908804880496,-6.53151163158031e-05
-4.499350078307835,-6.531320462949154e-05
-4.494791351735181,-6.53113042687347e-05
-4.49023262516252,-6.53094151684719e-05
-4.485673898589866,-6.530753726400134e-05
-4.481115172017205,-6.530567049097832e-05
-4.476556445444551,-6.530381478541329e-05
-4.47199771887189,-6.530197008367008e-05
-4.467438992299236,-6.530013632246399e-05
-4.462880265726575,-6.529831343885997e-05
-4.458321539153921,-6.529650137027081e-05
-4.45376281258126,-6.529470005445526e-05
-4.449204086008606,-6.529290942951624e-05
-4.444645359435945,-6.529112943389911e-05
-4.4400866328632915,-6.52893600063898e-05
-4.4355279062906305,-6.5287601086113e-05
-4.430969179717977,-6.528585261253045e-05
-4.426410453145316,-6.528411452543913e-05
-4.421851726572662,-6.528238676496953e-05
-4.417293,-6.528066927158384e-05
