-50.0,-8.34619874712374
-49.995441273427346,-8.342827913918319
-49.990882546854685,-8.339458031820568
-49.98632382028203,-8.336089100685594
-49.98176509370937,-8.33272112036848
-49.977206367136716,-8.329354090724314
-49.972647640564055,-8.325988011608167
-49.9680889139914,-8.322622882875146
-49.96353018741874,-8.319258704380315
-49.95897146084609,-8.315895475978778
-49.954412734273426,-8.312533197525598
-49.94985400770077,-8.309171868875863
-49.94529528112811,-8.305811489884665
-49.94073655455546,-8.302452060407067
-49.936177827982796,-8.299093580298155
-49.93161910141014,-8.295736049413017
-49.92706037483748,-8.292379467606715
-49.92250164826483,-8.289023834734337
-49.917942921692166,-8.285669150650943
-49.91338419511951,-8.282315415211631
-49.90882546854685,-8.278962628271463
-49.9042667419742,-8.27561078968552
-49.89970801540154,-8.272259899308866
-49.89514928882888,-8.268909956996573
-49.89059056225623,-8.26556096260372
-49.88603183568357,-8.262212915985371
-49.881473109110914,-8.2588658169966
-49.87691438253825,-8.255519665492475
-49.8723556559656,-8.252174461328071
-49.86779692939294,-8.248830204358441
-49.863238202820284,-8.245486894438667
-49.85867947624762,-8.2421445314238
-49.85412074967497,-8.238803115168919
-49.84956202310231,-8.235462645529077
-49.845003296529654,-8.23212312235935
-49.84044456995699,-8.228784545514793
-49.83588584338434,-8.225446914850478
-49.83132711681168,-8.222110230221455
-49.826768390239025,-8.218774491482785
-49.822209663666364,-8.215439698489533
-49.81765093709371,-8.212105851096759
-49.81309221052105,-8.208772949159515
-49.808533483948395,-8.205440992532873
-49.80397475737574,-8.202109981071883
-49.79941603080308,-8.198779914631597
-49.794857304230426,-8.19545079306707
-49.790298577657765,-8.192122616233362
-49.78573985108511,-8.188795383985536
-49.78118112451245,-8.18546909617862
-49.776622397939796,-8.182143752667697
-49.772063671367135,-8.178819353307789
-49.76750494479448,-8.17549589795398
-49.76294621822182,-8.172173386461296
-49.75838749164917,-8.168851818684802
-49.753828765076506,-8.165531194479524
-49.74927003850385,-8.162211513700539
-49.74471131193119,-8.158892776202885
-49.74015258535854,-8.155574981841605
-49.735593858785876,-8.152258130471747
-49.73103513221322,-8.148942221948362
-49.72647640564056,-8.145627256126481
-49.72191767906791,-8.142313232861168
-49.717358952495246,-8.139000152007451
-49.71280022592259,-8.135688013420387
-49.70824149934994,-8.132376816955006
-49.70368277277728,-8.129066562466349
-49.69912404620462,-8.125757249809471
-49.69456531963196,-8.122448878839402
-49.69000659305931,-8.11914144941118
-49.68544786648665,-8.11583496137984
-49.680889139913994,-8.112529414600438
-49.67633041334133,-8.109224808927998
-49.67177168676868,-8.105921144217568
-49.66721296019602,-8.102618420324164
-49.662654233623364,-8.09931663710284
-49.6580955070507,-8.096015794408622
-49.65353678047805,-8.092715892096559
-49.64897805390539,-8.089416930021653
-49.644419327332734,-8.086118908038971
-49.63986060076007,-8.082821826003535
-49.63530187418742,-8.079525683770358
-49.63074314761476,-8.076230481194495
-49.626184421042105,-8.072936218130971
-49.621625694469444,-8.069642894434807
-49.61706696789679,-8.066350509961035
-49.612508241324136,-8.063059064564692
-49.607949514751475,-8.0597685581008
-49.60339078817882,-8.056478990424383
-49.59883206160616,-8.05319036139047
-49.594273335033506,-8.049902670854085
-49.589714608460845,-8.04661591867026
-49.58515588188819,-8.04333010469401
-49.58059715531553,-8.040045228780368
-49.576038428742876,-8.036761290784352
-49.571479702170215,-8.033478290560987
-49.56692097559756,-8.030196227965293
-49.5623622490249,-8.026915102852296
-49.55780352245225,-8.02363491507701
-49.553244795879586,-8.020355664494462
-49.54868606930693,-8.017077350959669
-49.54412734273427,-8.013799974327654
-49.53956861616162,-8.010523534453425
-49.535009889588956,-8.007248031192011
-49.5304511630163,-8.00397346439842
-49.52589243644364,-8.000699833927674
-49.52133370987099,-7.997427139634787
-49.51677498329833,-7.994155381374788
-49.51221625672567,-7.990884559002667
-49.50765753015302,-7.987614672373453
-49.50309880358036,-7.98434572134216
-49.4985400770077,-7.981077705763792
-49.49398135043504,-7.977810625493366
-49.48942262386239,-7.974544480385914
-49.48486389728973,-7.9712792702964155
-49.480305170717074,-7.968014995079898
-49.47574644414441,-7.964751654591368
-49.47118771757176,-7.961489248685841
-49.4666289909991,-7.958227777218315
-49.462070264426444,-7.954967240043807
-49.45751153785378,-7.951707637017314
-49.45295281128113,-7.9484489679938655
-49.44839408470847,-7.945191232828441
-49.443835358135814,-7.941934431376075
-49.43927663156315,-7.938678563491749
-49.4347179049905,-7.9354236290304785
-49.43015917841784,-7.932169627847255
-49.425600451845185,-7.928916559797107
-49.42104172527253,-7.925664424735023
-49.41648299869987,-7.922413222516016
-49.411924272127216,-7.919162952995063
-49.407365545554555,-7.915913616027201
-49.4028068189819,-7.912665211467397
-49.39824809240924,-7.909417739170677
-49.393689365836586,-7.906171198992029
-49.389130639263925,-7.902925590786447
-49.38457191269127,-7.89968091440895
-49.38001318611861,-7.896437169714511
-49.375454459545956,-7.893194356558155
-49.370895732973295,-7.889952474794857
-49.36633700640064,-7.886711524279632
-49.36177827982798,-7.883471504867462
-49.35721955325533,-7.880232416413348
-49.352660826682666,-7.876994258772289
-49.34810210011001,-7.8737570317992835
-49.34354337353735,-7.8705207353493005
-49.3389846469647,-7.867285369277362
-49.334425920392036,-7.8640509334384445
-49.32986719381938,-7.86081742768756
-49.32530846724673,-7.857584851879679
-49.32074974067407,-7.8543532058698
-49.31619101410141,-7.851122489512923
-49.31163228752875,-7.847892702664028
-49.3070735609561,-7.844663845178122
-49.30251483438344,-7.84143591691016
-49.29795610781078,-7.838208917715164
-49.29339738123812,-7.834982847448115
-49.28883865466547,-7.831757705963997
-49.28427992809281,-7.828533493117791
-49.279721201520154,-7.825310208764504
-49.27516247494749,-7.822087852759104
-49.27060374837484,-7.818866424956587
-49.26604502180218,-7.815645925211934
-49.261486295229524,-7.812426353380134
-49.25692756865686,-7.809207709316164
-49.25236884208421,-7.805989992875024
-49.24781011551155,-7.8027732039116815
-49.243251388938894,-7.7995573422811315
-49.23869266236623,-7.796342407838352
-49.23413393579358,-7.7931284004383246
-49.229575209220926,-7.789915319936039
-49.225016482648265,-7.786703166186463
-49.22045775607561,-7.783491939044586
-49.21589902950295,-7.780281638365387
-49.211340302930296,-7.777072264003847
-49.206781576357635,-7.773863815814951
-49.20222284978498,-7.770656293653665
-49.19766412321232,-7.767449697374979
-49.193105396639666,-7.764244026833868
-49.188546670067005,-7.761039281885306
-49.18398794349435,-7.757835462384276
-49.17942921692169,-7.7546325681857535
-49.174870490349036,-7.751430599144717
-49.170311763776375,-7.748229555116138
-49.16575303720372,-7.745029435954995
-49.16119431063106,-7.741830241516262
-49.15663558405841,-7.73863197165491
-49.152076857485746,-7.735434626225928
-49.14751813091309,-7.732238205084281
-49.14295940434043,-7.729042708084934
-49.13840067776778,-7.725848135082871
-49.13384195119512,-7.722654485933066
-49.12928322462246,-7.719461760490475
-49.12472449804981,-7.7162699586100985
-49.12016577147715,-7.7130790801468825
-49.11560704490449,-7.709889124955799
-49.11104831833183,-7.7067000928918254
-49.10648959175918,-7.703511983809958
-49.10193086518652,-7.700324797565113
-49.09737213861386,-7.6971385340123
-49.0928134120412,-7.693953193006468
-49.08825468546855,-7.690768774402608
-49.08369595889589,-7.687585278055667
-49.079137232323234,-7.684402703820624
-49.07457850575057,-7.68122105155244
-49.07001977917792,-7.678040321106085
-49.06546105260526,-7.674860512336522
-49.060902326032604,-7.671681625098715
-49.05634359945994,-7.66850365924764
-49.05178487288729,-7.665326614638271
-49.04722614631463,-7.662150491125545
-49.042667419741974,-7.658975288564444
-49.03810869316932,-7.655801006809939
-49.03354996659666,-7.652627645716973
-49.028991240024006,-7.649455205140525
-49.024432513451345,-7.646283684935551
-49.01987378687869,-7.643113084957026
-49.01531506030603,-7.639943405059897
-49.010756333733376,-7.636774645099138
-49.006197607160715,-7.633606804929695
-49.00163888058806,-7.630439884406558
-48.9970801540154,-7.627273883384657
-48.992521427442746,-7.624108801718969
-48.987962700870085,-7.620944639264451
-48.98340397429743,-7.6177813958760625
-48.97884524772477,-7.614619071408761
-48.974286521152116,-7.611457665717519
-48.969727794579455,-7.608297178657274
-48.9651690680068,-7.605137610083005
-48.96061034143414,-7.60197895984966
-48.95605161486149,-7.598821227812195
-48.951492888288826,-7.595664413825568
-48.94693416171617,-7.592508517744746
-48.94237543514352,-7.58935353942467
-48.93781670857086,-7.586199478720308
-48.9332579819982,-7.583046335486624
-48.92869925542554,-7.579894109578551
-48.92414052885289,-7.576742800851058
-48.91958180228023,-7.573592409159098
-48.91502307570757,-7.570442934357641
-48.91046434913491,-7.567294376301612
-48.90590562256226,-7.564146734845982
-48.9013468959896,-7.561000009845714
-48.89678816941694,-7.5578542011557435
-48.89222944284428,-7.554709308631035
-48.88767071627163,-7.55156533212654
-48.88311198969897,-7.548422271497207
-48.878553263126314,-7.545280126597998
-48.87399453655365,-7.542138897283857
-48.869435809981,-7.5389985834097315
-48.86487708340834,-7.535859184830581
-48.860318356835684,-7.532720701401364
-48.85575963026302,-7.529583132977013
-48.85120090369037,-7.526446479412487
-48.846642177117715,-7.523310740562748
-48.842083450545054,-7.52017591628273
-48.8375247239724,-7.517042006427393
-48.83296599739974,-7.513909010851668
-48.828407270827086,-7.510776929410529
-48.823848544254425,-7.5076457619589085
-48.81928981768177,-7.504515508351772
-48.81473109110911,-7.501386168444046
-48.810172364536456,-7.498257742090698
-48.805613637963795,-7.495130229146661
-48.80105491139114,-7.492003629466895
-48.79649618481848,-7.488877942906333
-48.791937458245826,-7.485753169319934
-48.787378731673165,-7.482629308562647
-48.78282000510051,-7.47950636048941
-48.77826127852785,-7.476384324955172
-48.773702551955196,-7.473263201814887
-48.769143825382535,-7.470142990923476
-48.76458509880988,-7.467023692135916
-48.76002637223722,-7.463905305307131
-48.75546764566457,-7.460787830292083
-48.75090891909191,-7.4576712669457
-48.74635019251925,-7.45455561512293
-48.7417914659466,-7.451440874678733
-48.73723273937394,-7.448327045468029
-48.73267401280128,-7.445214127345785
-48.72811528622862,-7.44210212016692
-48.72355655965597,-7.438991023786404
-48.71899783308331,-7.435880838059158
-48.71443910651065,-7.432771562840143
-48.70988037993799,-7.429663197984289
-48.70532165336534,-7.426555743346547
-48.70076292679268,-7.423449198781844
-48.69620420022002,-7.420343564145143
-48.69164547364736,-7.41723883929137
-48.68708674707471,-7.41413502407547
-48.68252802050205,-7.411032118352393
-48.677969293929394,-7.407930121977073
-48.67341056735673,-7.404829034804447
-48.66885184078408,-7.401728856689478
-48.66429311421142,-7.398629587487067
-48.659734387638764,-7.395531227052188
-48.65517566106611,-7.392433775239774
-48.65061693449345,-7.389337231904758
-48.646058207920795,-7.386241596902078
-48.641499481348134,-7.383146870086684
-48.63694075477548,-7.3800530513135065
-48.63238202820282,-7.376960140437481
-48.627823301630166,-7.373868137313571
-48.623264575057505,-7.370777041796682
-48.61870584848485,-7.367686853741782
-48.61414712191219,-7.364597573003786
-48.609588395339536,-7.361509199437649
-48.605029668766875,-7.358421732898293
-48.60047094219422,-7.355335173240677
-48.59591221562156,-7.352249520319714
-48.591353489048906,-7.349164773990371
-48.586794762476245,-7.346080934107561
-48.58223603590359,-7.342998000526233
-48.57767730933093,-7.3399159731013235
-48.573118582758276,-7.33683485168776
-48.568559856185615,-7.3337546361404815
-48.56400112961296,-7.330675326314442
-48.55944240304031,-7.327596922064558
-48.55488367646765,-7.324519423245779
-48.55032494989499,-7.321442829713034
-48.54576622332233,-7.31836714132126
-48.54120749674968,-7.315292357925391
-48.53664877017702,-7.312218479380364
-48.53209004360436,-7.309145505541119
-48.5275313170317,-7.306073436262581
-48.52297259045905,-7.303002271399702
-48.51841386388639,-7.299932010807402
-48.51385513731373,-7.296862654340627
-48.50929641074107,-7.2937942018543
-48.50473768416842,-7.290726653203362
-48.50017895759576,-7.287660008242751
-48.4956202310231,-7.284594266827403
-48.49106150445044,-7.281529428812246
-48.48650277787779,-7.278465494052211
-48.48194405130513,-7.275402462402244
-48.477385324732474,-7.272340333717274
-48.47282659815981,-7.269279107852224
-48.46826787158716,-7.266218784662042
-48.463709145014505,-7.263159364001668
-48.459150418441844,-7.260100845726011
-48.45459169186919,-7.257043229690026
-48.45003296529653,-7.253986515748636
-48.445474238723875,-7.250930703756776
-48.440915512151214,-7.247875793569378
-48.43635678557856,-7.244821785041382
-48.4317980590059,-7.2417686780277135
-48.427239332433246,-7.238716472383312
-48.422680605860585,-7.235665167963104
-48.41812187928793,-7.232614764622025
-48.41356315271527,-7.229565262215003
-48.409004426142616,-7.2265166605969915
-48.404445699569955,-7.223468959622888
-48.3998869729973,-7.220422159147651
-48.39532824642464,-7.217376259026205
-48.390769519851986,-7.214331259113481
-48.386210793279325,-7.211287159264422
-48.38165206670667,-7.20824395933394
-48.37709334013401,-7.20520165917698
-48.372534613561356,-7.202160258648475
-48.3679758869887,-7.199119757603354
-48.36341716041604,-7.1960801558965395
-48.35885843384339,-7.193041453382983
-48.35429970727073,-7.1900036499176005
-48.34974098069807,-7.186966745355333
-48.34518225412541,-7.183930739551102
-48.34062352755276,-7.180895632359853
-48.3360648009801,-7.177861423636504
-48.33150607440744,-7.174828113235991
-48.32694734783478,-7.171795701013244
-48.32238862126213,-7.168764186823203
-48.31782989468947,-7.1657335705207865
-48.31327116811681,-7.162703851960945
-48.30871244154415,-7.159675030998582
-48.3041537149715,-7.156647107488658
-48.29959498839884,-7.153620081286078
-48.29503626182618,-7.150593952245788
-48.29047753525352,-7.147568720222715
-48.28591880868087,-7.144544385071797
-48.28136008210821,-7.14152094664795
-48.276801355535554,-7.13849840480612
-48.2722426289629,-7.135476759401243
-48.26768390239024,-7.1324560102882195
-48.263125175817585,-7.129436157322012
-48.258566449244924,-7.126417200357538
-48.25400772267227,-7.123399139249734
-48.24944899609961,-7.120381973853521
-48.244890269526955,-7.117365704023837
-48.240331542954294,-7.114350329615614
-48.23577281638164,-7.111335850483782
-48.23121408980898,-7.108322266483261
-48.226655363236326,-7.105309577469002
-48.222096636663665,-7.102297783295925
-48.21753791009101,-7.09928688381896
-48.21297918351835,-7.096276878893041
-48.208420456945696,-7.093267768373094
-48.203861730373035,-7.090259552114052
-48.19930300380038,-7.087252229970853
-48.19474427722772,-7.084245801798419
-48.190185550655066,-7.081240267451686
-48.185626824082405,-7.078235626785575
-48.18106809750975,-7.07523187965504
-48.1765093709371,-7.072229025914993
-48.171950644364436,-7.069227065420363
-48.16739191779178,-7.066225998026099
-48.16283319121912,-7.063225823587105
-48.15827446464647,-7.060226541958347
-48.15371573807381,-7.057228152994726
-48.14915701150115,-7.054230656551184
-48.14459828492849,-7.0512340524826564
-48.14003955835584,-7.048238340644073
-48.13548083178318,-7.045243520890354
-48.13092210521052,-7.042249593076451
-48.12636337863786,-7.039256557057273
-48.12180465206521,-7.036264412687774
-48.11724592549255,-7.033273159822865
-48.11268719891989,-7.030282798317494
-48.10812847234723,-7.02729332802658
-48.10356974577458,-7.0243047488050685
-48.09901101920192,-7.02131706050787
-48.09445229262926,-7.018330262989944
-48.0898935660566,-7.0153443561062
-48.08533483948395,-7.012359339711588
-48.080776112911295,-7.009375213661016
-48.076217386338634,-7.006391977809444
-48.07165865976598,-7.003409632011787
-48.06709993319332,-7.000428176122974
-48.062541206620665,-6.9974476099979475
-48.057982480048004,-6.994467933491635
-48.05342375347535,-6.991489146458973
-48.04886502690269,-6.98851124875489
-48.044306300330035,-6.985534240234329
-48.039747573757374,-6.982558120752197
-48.03518884718472,-6.979582890163462
-48.03063012061206,-6.976608548323027
-48.026071394039406,-6.973635095085841
-48.021512667466745,-6.970662530306833
-48.01695394089409,-6.967690853840935
-48.01239521432143,-6.964720065543083
-48.007836487748776,-6.961750165268213
-48.003277761176115,-6.958781152871244
-47.99871903460346,-6.955813028207133
-47.9941603080308,-6.952845791130797
-47.989601581458146,-6.949879441497168
-47.98504285488549,-6.946913979161195
-47.98048412831283,-6.943949403977799
-47.97592540174018,-6.94098571580192
-47.971366675167516,-6.938022914488491
-47.96680794859486,-6.9350609998924435
-47.9622492220222,-6.932099971868711
-47.95769049544955,-6.9291398302722405
-47.95313176887689,-6.926180574957948
-47.94857304230423,-6.923222205780792
-47.94401431573157,-6.920264722595681
-47.93945558915892,-6.9173081252575725
-47.93489686258626,-6.914352413621392
-47.9303381360136,-6.911397587542082
-47.92577940944094,-6.9084436468745585
-47.92122068286829,-6.905490591473787
-47.91666195629563,-6.902538421194671
-47.91210322972297,-6.899587135892175
-47.90754450315031,-6.896636735421217
-47.90298577657766,-6.893687219636743
-47.898427050005,-6.890738588393684
-47.89386832343234,-6.887790841546988
-47.88930959685969,-6.884843978951577
-47.88475087028703,-6.8818980004623835
-47.880192143714375,-6.878952905934369
-47.875633417141714,-6.876008695222456
-47.87107469056906,-6.8730653681815825
-47.8665159639964,-6.8701229246666795
-47.861957237423745,-6.867181364532703
-47.857398510851084,-6.864240687634568
-47.85283978427843,-6.86130089382723
-47.84828105770577,-6.858361982965626
-47.843722331133115,-6.855423954904689
-47.839163604560454,-6.852486809499361
-47.8346048779878,-6.84955054660458
-47.83004615141514,-6.84661516607528
-47.825487424842485,-6.843680667766412
-47.820928698269825,-6.840747051532898
-47.81636997169717,-6.837814317229697
-47.81181124512451,-6.834882464711737
-47.807252518551856,-6.831951493833967
-47.802693791979195,-6.829021404451315
-47.79813506540654,-6.826092196418731
-47.79357633883389,-6.823163869591154
-47.789017612261226,-6.82023642382352
-47.78445888568857,-6.817309858970778
-47.77990015911591,-6.814384174887862
-47.77534143254326,-6.811459371429719
-47.770782705970596,-6.808535448451287
-47.76622397939794,-6.805612405807511
-47.76166525282528,-6.80269024335333
-47.75710652625263,-6.799768960943689
-47.75254779967997,-6.796848558433529
-47.74798907310731,-6.7939290356778
-47.74343034653465,-6.791010392531422
-47.738871619962,-6.7880926288493715
-47.73431289338934,-6.785175744486562
-47.72975416681668,-6.7822597392979675
-47.72519544024402,-6.779344613138498
-47.72063671367137,-6.776430365863127
-47.71607798709871,-6.773516997326782
-47.71151926052605,-6.770604507384411
-47.70696053395339,-6.767692895890967
-47.70240180738074,-6.764782162701389
-47.697843080808084,-6.7618723076706235
-47.69328435423542,-6.758963330653607
-47.68872562766277,-6.756055231505301
-47.68416690109011,-6.753148010080635
-47.679608174517455,-6.750241666234579
-47.675049447944794,-6.747336199822051
-47.67049072137214,-6.744431610698021
-47.66593199479948,-6.741527898717428
-47.661373268226825,-6.738625063735221
-47.656814541654164,-6.735723105606336
-47.65225581508151,-6.732822024185743
-47.64769708850885,-6.729921819328374
-47.643138361936195,-6.727022490889188
-47.638579635363534,-6.724124038723113
-47.63402090879088,-6.721226462685127
-47.62946218221822,-6.718329762630164
-47.624903455645565,-6.715433938413173
-47.620344729072904,-6.712538989889108
-47.61578600250025,-6.709644916912923
-47.61122727592759,-6.706751719339553
-47.606668549354936,-6.703859397023972
-47.60210982278228,-6.700967949821117
-47.59755109620962,-6.698077377585932
-47.59299236963697,-6.695187680173389
-47.588433643064306,-6.692298857438417
-47.58387491649165,-6.689410909235991
-47.57931618991899,-6.686523835421049
-47.57475746334634,-6.683637635848546
-47.570198736773676,-6.680752310373442
-47.56564001020102,-6.677867858850686
-47.56108128362836,-6.674984281135229
-47.55652255705571,-6.672101577082032
-47.55196383048305,-6.669219746546044
-47.54740510391039,-6.666338789382228
-47.54284637733773,-6.6634587054455245
-47.53828765076508,-6.660579494590902
-47.53372892419242,-6.6577011566733075
-47.52917019761976,-6.654823691547707
-47.5246114710471,-6.65194709906905
-47.52005274447445,-6.649071379092296
-47.51549401790179,-6.646196531472399
-47.51093529132913,-6.64332255606433
-47.50637656475648,-6.640449452723027
-47.50181783818382,-6.637577221303457
-47.497259111611164,-6.634705861660583
-47.4927003850385,-6.631835373649347
-47.48814165846585,-6.628965757124727
-47.48358293189319,-6.626097011941677
-47.479024205320535,-6.6232291379551675
-47.474465478747874,-6.620362135020132
-47.46990675217522,-6.617496002991554
-47.46534802560256,-6.614630741724386
-47.460789299029905,-6.611766351073596
-47.456230572457244,-6.608902830894132
-47.45167184588459,-6.60604018104097
-47.44711311931193,-6.60317840136906
-47.442554392739275,-6.60031749173338
-47.437995666166614,-6.5974574519888805
-47.43343693959396,-6.594598281990535
-47.4288782130213,-6.5917399815932995
-47.424319486448645,-6.588882550652139
-47.419760759875984,-6.586025989022023
-47.41520203330333,-6.583170296557916
-47.41064330673068,-6.5803154731147755
-47.406084580158016,-6.57746151854758
-47.40152585358536,-6.574608432711286
-47.3969671270127,-6.571756215460858
-47.39240840044005,-6.568904866651275
-47.387849673867386,-6.566054386137493
-47.38329094729473,-6.563204773774497
-47.37873222072207,-6.560356029417228
-47.37417349414942,-6.557508152920676
-47.369614767576756,-6.554661144139806
-47.3650560410041,-6.551815002929585
-47.36049731443144,-6.548969729144979
-47.35593858785879,-6.546125322640964
-47.35137986128613,-6.5432817832725085
-47.34682113471347,-6.540439110894586
-47.34226240814081,-6.537597305362163
-47.33770368156816,-6.53475636653022
-47.3331449549955,-6.53191629425372
-47.32858622842284,-6.5290770883876394
-47.32402750185018,-6.526238748786947
-47.31946877527753,-6.523401275306631
-47.314910048704874,-6.520564667801654
-47.31035132213221,-6.517728926126992
-47.30579259555956,-6.514894050137618
-47.3012338689869,-6.512060039688507
-47.296675142414244,-6.509226894634647
-47.29211641584158,-6.506394614830996
-47.28755768926893,-6.5035632001325405
-47.28299896269627,-6.500732650394261
-47.278440236123615,-6.497902965471129
-47.273881509550954,-6.495074145218123
-47.2693227829783,-6.492246189490227
-47.26476405640564,-6.4894190981424105
-47.260205329832985,-6.48659287102966
-47.255646603260324,-6.48376750800695
-47.25108787668767,-6.480943008929266
-47.24652915011501,-6.478119373651593
-47.241970423542355,-6.475296602028906
-47.237411696969694,-6.472474693916174
-47.23285297039704,-6.469653649168403
-47.22829424382438,-6.46683346764057
-47.223735517251725,-6.464014149187645
-47.21917679067907,-6.461195693664625
-47.21461806410641,-6.458378100926483
-47.21005933753376,-6.455561370828215
-47.205500610961096,-6.452745503224799
-47.20094188438844,-6.449930497971226
-47.19638315781578,-6.447116354922464
-47.19182443124313,-6.444303073933527
-47.187265704670466,-6.4414906548593835
-47.18270697809781,-6.438679097555028
-47.17814825152515,-6.435868401875441
-47.1735895249525,-6.433058567675624
-47.169030798379836,-6.430249594810555
-47.16447207180718,-6.427441483135233
-47.15991334523452,-6.424634232504634
-47.15535461866187,-6.4218278427737605
-47.15079589208921,-6.419022313797597
-47.14623716551655,-6.4162176454311455
-47.14167843894389,-6.413413837529387
-47.13711971237124,-6.410610889947316
-47.13256098579858,-6.40780880253992
-47.12800225922592,-6.405007575162208
-47.12344353265327,-6.402207207669169
-47.11888480608061,-6.3994076999157805
-47.114326079507954,-6.396609051757068
-47.10976735293529,-6.393811263047998
-47.10520862636264,-6.391014333643588
-47.10064989978998,-6.388218263398825
-47.096091173217324,-6.385423052168701
-47.09153244664466,-6.38262869980822
-47.08697372007201,-6.379835206172393
-47.08241499349935,-6.377042571116191
-47.077856266926695,-6.3742507944946345
-47.073297540354034,-6.371459876162719
-47.06873881378138,-6.368669815975451
-47.06418008720872,-6.365880613787811
-47.059621360636065,-6.3630922694548255
-47.055062634063404,-6.3603047828314825
-47.05050390749075,-6.357518153772788
-47.04594518091809,-6.3547323821337365
-47.041386454345435,-6.3519474677693495
-47.036827727772774,-6.349163410534618
-47.03226900120012,-6.346380210284557
-47.027710274627466,-6.343597866874162
-47.023151548054805,-6.340816380158444
-47.01859282148215,-6.338035749992414
-47.01403409490949,-6.335255976231064
-47.00947536833684,-6.332477058729418
-47.004916641764176,-6.329698997342477
-47.00035791519152,-6.326921791925255
-46.99579918861886,-6.3241454423327585
-46.99124046204621,-6.321369948419996
-46.986681735473546,-6.318595310041984
-46.98212300890089,-6.31582152705372
-46.97756428232823,-6.313048599310234
-46.97300555575558,-6.310276526666527
-46.968446829182916,-6.307505308977613
-46.96388810261026,-6.304734946098516
-46.9593293760376,-6.301965437884232
-46.95477064946495,-6.299196784189796
-46.95021192289229,-6.2964289848702055
-46.94565319631963,-6.293662039780492
-46.94109446974697,-6.290895948775664
-46.93653574317432,-6.288130711710742
-46.931977016601664,-6.285366328440739
-46.927418290029,-6.28260279882067
-46.92285956345635,-6.279840122705577
-46.91830083688369,-6.27707829995045
-46.913742110311034,-6.27431733041033
-46.90918338373837,-6.271557213940225
-46.90462465716572,-6.2687979503951725
-46.90006593059306,-6.266039539630179
-46.895507204020404,-6.263281981500274
-46.89094847744774,-6.260525275860482
-46.88638975087509,-6.257769422565829
-46.88183102430243,-6.255014421471334
-46.877272297729775,-6.252260272432023
-46.872713571157114,-6.249506975302922
-46.86815484458446,-6.246754529939072
-46.8635961180118,-6.244002936195481
-46.859037391439145,-6.241252193927193
-46.854478664866484,-6.238502302989218
-46.84991993829383,-6.235753263236604
-46.84536121172117,-6.233005074524364
-46.840802485148515,-6.230257736707547
-46.83624375857586,-6.227511249641172
-46.8316850320032,-6.224765613180271
-46.827126305430546,-6.222020827179891
-46.822567578857885,-6.2192768914950465
-46.81800885228523,-6.216533805980783
-46.81345012571257,-6.213791570492123
-46.80889139913992,-6.211050184884118
-46.804332672567256,-6.208309649011793
-46.7997739459946,-6.205569962730187
-46.79521521942194,-6.202831125894336
-46.79065649284929,-6.20009313835929
-46.786097766276626,-6.1973559999800765
-46.78153903970397,-6.194619710611733
-46.77698031313131,-6.191884270109299
-46.77242158655866,-6.1891496783278335
-46.767862859985996,-6.186415935122352
-46.76330413341334,-6.183683040347913
-46.75874540684068,-6.18095099385955
-46.75418668026803,-6.1782197955123195
-46.74962795369537,-6.175489445161248
-46.74506922712271,-6.172759942661404
-46.74051050055006,-6.170031287867811
-46.7359517739774,-6.167303480635524
-46.731393047404744,-6.164576520819596
-46.72683432083208,-6.161850408275065
-46.72227559425943,-6.159125142856986
-46.71771686768677,-6.156400724420403
-46.713158141114114,-6.153677152820373
-46.70859941454145,-6.150954427911945
-46.7040406879688,-6.14823254955016
-46.69948196139614,-6.145511517590083
-46.694923234823484,-6.142791331886757
-46.69036450825082,-6.140071992295245
-46.68580578167817,-6.1373534986705955
-46.68124705510551,-6.134635850867866
-46.676688328532855,-6.131919048742112
-46.672129601960194,-6.129203092148387
-46.66757087538754,-6.126487980941758
-46.66301214881488,-6.123773714977267
-46.658453422242225,-6.121060294109984
-46.653894695669564,-6.118347718194966
-46.64933596909691,-6.115635987087277
-46.644777242524256,-6.112925100641972
-46.640218515951595,-6.11021505871411
-46.63565978937894,-6.10750586115877
-46.63110106280628,-6.104797507830985
-46.626542336233626,-6.102089998585857
-46.621983609660965,-6.099383333278418
-46.61742488308831,-6.096677511763756
-46.61286615651565,-6.093972533896922
-46.608307429943,-6.091268399532993
-46.603748703370336,-6.088565108527035
-46.59918997679768,-6.0858626607341115
-46.59463125022502,-6.083161056009296
-46.59007252365237,-6.080460294207664
-46.585513797079706,-6.077760375184268
-46.58095507050705,-6.075061298794205
-46.57639634393439,-6.072363064892535
-46.57183761736174,-6.069665673334315
-46.567278890789076,-6.066969123974646
-46.56272016421642,-6.064273416668598
-46.55816143764376,-6.061578551271229
-46.55360271107111,-6.058884527637636
-46.549043984498454,-6.056191345622893
-46.54448525792579,-6.053499005082063
-46.53992653135314,-6.050807505870237
-46.53536780478048,-6.048116847842494
-46.530809078207824,-6.045427030853911
-46.52625035163516,-6.042738054759573
-46.52169162506251,-6.040049919414556
-46.51713289848985,-6.037362624673945
-46.512574171917194,-6.034676170392835
-46.50801544534453,-6.031990556426298
-46.50345671877188,-6.029305782629421
-46.49889799219922,-6.026621848857289
-46.494339265626564,-6.023938754965002
-46.4897805390539,-6.021256500807625
-46.48522181248125,-6.018575086240268
-46.48066308590859,-6.015894511118012
-46.476104359335935,-6.013214775295943
-46.471545632763274,-6.010535878629154
-46.46698690619062,-6.007857820972747
-46.46242817961796,-6.005180602181806
-46.457869453045305,-6.002504222111424
-46.45331072647265,-5.999828680616702
-46.44875199989999,-5.997153977552729
-46.444193273327336,-5.994480112774605
-46.439634546754675,-5.991807086137416
-46.43507582018202,-5.989134897496276
-46.43051709360936,-5.986463546706275
-46.425958367036706,-5.983793033622519
-46.421399640464045,-5.981123358100098
-46.41684091389139,-5.978454519994122
-46.41228218731873,-5.975786519159688
-46.40772346074608,-5.973119355451907
-46.403164734173416,-5.970453028725875
-46.39860600760076,-5.967787538836701
-46.3940472810281,-5.965122885639483
-46.38948855445545,-5.9624590689893395
-46.384929827882786,-5.959796088741372
-46.38037110131013,-5.957133944750692
-46.37581237473747,-5.954472636872401
-46.37125364816482,-5.951812164961612
-46.366694921592156,-5.9491525288734435
-46.3621361950195,-5.946493728462996
-46.35757746844685,-5.943835763585394
-46.35301874187419,-5.941178634095738
-46.348460015301534,-5.938522339849155
-46.34390128872887,-5.935866880700749
-46.33934256215622,-5.933212256505644
-46.33478383558356,-5.930558467118961
-46.330225109010904,-5.927905512395808
-46.32566638243824,-5.925253392191311
-46.32110765586559,-5.922602106360588
-46.31654892929293,-5.919951654758752
-46.311990202720274,-5.9173020372409395
-46.30743147614761,-5.914653253662262
-46.30287274957496,-5.912005303877852
-46.2983140230023,-5.909358187742828
-46.293755296429644,-5.906711905112311
-46.28919656985698,-5.904066455841437
-46.28463784328433,-5.901421839785332
-46.28007911671167,-5.898778056799114
-46.275520390139015,-5.896135106737928
-46.270961663566354,-5.893492989456885
-46.2664029369937,-5.890851704811133
-46.261844210421046,-5.888211252655802
-46.257285483848385,-5.885571632846013
-46.25272675727573,-5.8829328452369145
-46.24816803070307,-5.880294889683621
-46.243609304130416,-5.877657766041287
-46.239050577557755,-5.875021474165043
-46.2344918509851,-5.872386013910031
-46.22993312441244,-5.869751385131383
-46.225374397839786,-5.86711758768424
-46.220815671267125,-5.864484621423739
-46.21625694469447,-5.861852486205032
-46.21169821812181,-5.859221181883255
-46.20713949154916,-5.856590708313555
-46.202580764976496,-5.853961065351062
-46.19802203840384,-5.851332252850939
-46.19346331183118,-5.848704270668321
-46.18890458525853,-5.846077118658368
-46.184345858685866,-5.843450796676207
-46.17978713211321,-5.840825304577009
-46.17522840554055,-5.838200642215909
-46.1706696789679,-5.835576809448075
-46.16611095239524,-5.832953806128642
-46.16155222582258,-5.830331632112767
-46.15699349924993,-5.827710287255611
-46.15243477267727,-5.825089771412317
-46.147876046104614,-5.822470084438059
-46.14331731953195,-5.819851226187971
-46.1387585929593,-5.817233196517233
-46.13419986638664,-5.814615995280993
-46.129641139813984,-5.811999622334414
-46.12508241324132,-5.80938407753265
-46.12052368666867,-5.8067693607308755
-46.11596496009601,-5.804155471784232
-46.111406233523354,-5.801542410547914
-46.10684750695069,-5.798930176877067
-46.10228878037804,-5.796318770626864
-46.09773005380538,-5.7937081916524615
-46.093171327232724,-5.79109843980904
-46.08861260066006,-5.7884895149517614
-46.08405387408741,-5.785881416935804
-46.07949514751475,-5.783274145616327
-46.074936420942095,-5.780667700848513
-46.07037769436944,-5.778062082487536
-46.06581896779678,-5.77545729038856
-46.061260241224126,-5.772853324406767
-46.056701514651465,-5.7702501843973275
-46.05214278807881,-5.767647870215434
-46.04758406150615,-5.765046381716237
-46.043025334933496,-5.7624457187549485
-46.038466608360835,-5.75984588118673
-46.03390788178818,-5.757246868866771
-46.02934915521552,-5.754648681650246
-46.024790428642866,-5.75205131939234
-46.020231702070205,-5.7494547819482404
-46.01567297549755,-5.746859069173146
-46.01111424892489,-5.74426418092222
-46.00655552235224,-5.741670117050663
-46.001996795779576,-5.739076877413656
-45.99743806920692,-5.736484461866406
-45.99287934263426,-5.733892870264085
-45.98832061606161,-5.731302102461898
-45.983761889488946,-5.72871215831503
-45.97920316291629,-5.726123037678683
-45.97464443634364,-5.7235347404080485
-45.97008570977098,-5.720947266358318
-45.96552698319832,-5.718360615384706
-45.96096825662566,-5.715774787342382
-45.95640953005301,-5.713189782086572
-45.95185080348035,-5.710605599472466
-45.947292076907694,-5.708022239355268
-45.94273335033503,-5.705439701590174
-45.93817462376238,-5.702857986032404
-45.93361589718972,-5.700277092537142
-45.929057170617064,-5.697697020959617
-45.9244984440444,-5.6951177711550205
-45.91993971747175,-5.692539342978568
-45.91538099089909,-5.689961736285462
-45.910822264326434,-5.687384950930921
-45.90626353775377,-5.684808986770153
-45.90170481118112,-5.682233843658369
-45.89714608460846,-5.67965952145079
-45.892587358035804,-5.677086020002626
-45.88802863146314,-5.6745133391690885
-45.88346990489049,-5.6719414788054054
-45.878911178317836,-5.669370438766791
-45.874352451745175,-5.666800218908457
-45.86979372517252,-5.664230819085641
-45.86523499859986,-5.661662239153544
-45.860676272027206,-5.659094478967413
-45.856117545454545,-5.6565275383824485
-45.85155881888189,-5.653961417253891
-45.84700009230923,-5.651396115436954
-45.842441365736576,-5.6488316327868855
-45.837882639163915,-5.646267969158895
-45.83332391259126,-5.643705124408225
-45.8287651860186,-5.641143098390092
-45.824206459445946,-5.638581890959745
-45.819647732873285,-5.636021501972408
-45.81508900630063,-5.633461931283311
-45.81053027972797,-5.630903178747701
-45.80597155315532,-5.628345244220804
-45.801412826582656,-5.625788127557866
-45.79685410001,-5.623231828614122
-45.79229537343734,-5.620676347244815
-45.78773664686469,-5.618121683305189
-45.78317792029203,-5.615567836650477
-45.77861919371937,-5.6130148071359285
-45.77406046714672,-5.6104625946167905
-45.76950174057406,-5.607911198948303
-45.7649430140014,-5.60536061998572
-45.76038428742874,-5.602810857584275
-45.75582556085609,-5.600261911599253
-45.75126683428343,-5.597713781885861
-45.746708107710774,-5.595166468299382
-45.74214938113811,-5.592619970695052
-45.73759065456546,-5.590074288928133
-45.7330319279928,-5.58752942285388
-45.728473201420144,-5.584985372327554
-45.72391447484748,-5.582442137204402
-45.71935574827483,-5.579899717339699
-45.71479702170217,-5.577358112588684
-45.710238295129514,-5.5748173228066396
-45.70567956855685,-5.572277347848814
-45.7011208419842,-5.569738187570481
-45.69656211541154,-5.5671998418268975
-45.692003388838884,-5.564662310473338
-45.68744466226623,-5.562125593365065
-45.68288593569357,-5.559589690357351
-45.678327209120916,-5.55705460130546
-45.673768482548255,-5.554520326064667
-45.6692097559756,-5.551986864490245
-45.66465102940294,-5.5494542164374705
-45.660092302830286,-5.546922381761612
-45.655533576257625,-5.544391360317951
-45.65097484968497,-5.541861151961762
-45.64641612311231,-5.539331756548318
-45.641857396539656,-5.5368031739329195
-45.637298669966995,-5.534275403970822
-45.63273994339434,-5.531748446517331
-45.62818121682168,-5.529222301427715
-45.623622490249026,-5.52669696855726
-45.619063763676365,-5.524172447761256
-45.61450503710371,-5.521648738894988
-45.60994631053105,-5.5191258418137465
-45.6053875839584,-5.516603756372829
-45.600828857385736,-5.514082482427509
-45.59627013081308,-5.511562019833099
-45.59171140424043,-5.509042368444885
-45.58715267766777,-5.506523528118149
-45.58259395109511,-5.504005498708202
-45.57803522452245,-5.501488280070339
-45.5734764979498,-5.4989718720598555
-45.56891777137714,-5.496456274532053
-45.56435904480448,-5.493941487342234
-45.55980031823182,-5.491427510345698
-45.55524159165917,-5.488914343397759
-45.55068286508651,-5.486401986353708
-45.54612413851385,-5.483890439068866
-45.54156541194119,-5.48137970139852
-45.53700668536854,-5.478869773198
-45.53244795879588,-5.476360654322608
-45.527889232223224,-5.473852344627657
-45.52333050565056,-5.471344843968453
-45.51877177907791,-5.468838152200327
-45.51421305250525,-5.466332269178577
-45.509654325932594,-5.463827194758525
-45.50509559935993,-5.461322928795489
-45.50053687278728,-5.458819471144803
-45.495978146214625,-5.456316821661766
-45.491419419641964,-5.453814980201711
-45.48686069306931,-5.451313946619964
-45.48230196649665,-5.44881372077184
-45.477743239923996,-5.446314302512671
-45.473184513351335,-5.443815691697782
-45.46862578677868,-5.44131788818251
-45.46406706020602,-5.438820891822174
-45.459508333633366,-5.4363247024721115
-45.454949607060705,-5.4338293199876535
-45.45039088048805,-5.431334744224136
-45.44583215391539,-5.428840975036894
-45.441273427342736,-5.426348012281253
-45.436714700770075,-5.42385585581257
-45.43215597419742,-5.421364505486176
-45.42759724762476,-5.418873961157409
-45.423038521052106,-5.416384222681613
-45.418479794479445,-5.413895289914132
-45.41392106790679,-5.411407162710312
-45.40936234133413,-5.40891984092549
-45.40480361476148,-5.406433324415029
-45.40024488818882,-5.403947613034275
-45.39568616161616,-5.401462706638564
-45.39112743504351,-5.398978605083257
-45.38656870847085,-5.39649530822371
-45.38200998189819,-5.394012815915271
-45.37745125532553,-5.391531128013297
-45.37289252875288,-5.389050244373151
-45.36833380218022,-5.386570164850185
-45.36377507560756,-5.384090889299771
-45.3592163490349,-5.3816124175772435
-45.35465762246225,-5.379134749537994
-45.35009889588959,-5.3766578850373685
-45.34554016931693,-5.3741818239307415
-45.34098144274427,-5.371706566073471
-45.33642271617162,-5.36923211132094
-45.33186398959896,-5.366758459528496
-45.327305263026304,-5.3642856105515335
-45.32274653645364,-5.361813564245405
-45.31818780988099,-5.359342320465502
-45.31362908330833,-5.35687187906718
-45.309070356735674,-5.35440223990583
-45.30451163016302,-5.351933402836832
-45.29995290359036,-5.3494653677155535
-45.295394177017705,-5.346998134397382
-45.290835450445044,-5.344531702737696
-45.28627672387239,-5.342066072591885
-45.28171799729973,-5.339601243815334
-45.277159270727076,-5.337137216263415
-45.272600544154415,-5.334673989791538
-45.26804181758176,-5.332211564255076
-45.2634830910091,-5.329749939509419
-45.258924364436446,-5.327289115409975
-45.254365637863785,-5.324829091812123
-45.24980691129113,-5.322369868571263
-45.24524818471847,-5.319911445542786
-45.240689458145816,-5.317453822582104
-45.236130731573155,-5.314996999544597
-45.2315720050005,-5.312540976285683
-45.22701327842784,-5.310085752660753
-45.222454551855186,-5.307631328525219
-45.217895825282525,-5.305177703734471
-45.21333709870987,-5.302724878143939
-45.20877837213722,-5.300272851609008
-45.20421964556456,-5.297821623985101
-45.1996609189919,-5.295371195127627
-45.19510219241924,-5.292921564891995
-45.19054346584659,-5.290472733133619
-45.18598473927393,-5.288024699707915
-45.18142601270127,-5.285577464470307
-45.17686728612861,-5.2831310272761955
-45.17230855955596,-5.280685387981021
-45.1677498329833,-5.2782405464401885
-45.16319110641064,-5.275796502509134
-45.15863237983798,-5.273353256043263
-45.15407365326533,-5.270910806898025
-45.14951492669267,-5.268469154928827
-45.14495620012001,-5.266028299991112
-45.14039747354735,-5.263588241940296
-45.1358387469747,-5.261148980631826
-45.13128002040204,-5.258710515921115
-45.126721293829384,-5.256272847663627
-45.12216256725672,-5.253835975714764
-45.11760384068407,-5.251399899929991
-45.113045114111415,-5.24896462016473
-45.108486387538754,-5.246530136274422
-45.1039276609661,-5.244096448114528
-45.09936893439344,-5.2416635555404705
-45.094810207820785,-5.239231458407705
-45.090251481248124,-5.236800156571673
-45.08569275467547,-5.234369649887827
-45.08113402810281,-5.2319399382116085
-45.076575301530156,-5.229511021398488
-45.072016574957495,-5.227082899303889
-45.06745784838484,-5.224655571783286
-45.06289912181218,-5.222229038692138
-45.058340395239526,-5.2198032998858865
-45.053781668666865,-5.217378355219996
-45.04922294209421,-5.214954204549939
-45.04466421552155,-5.212530847731156
-45.040105488948896,-5.21010828461913
-45.035546762376235,-5.207686515069312
-45.03098803580358,-5.205265538937179
-45.02642930923092,-5.202845356078186
-45.021870582658266,-5.200425966347817
-45.01731185608561,-5.198007369601536
-45.01275312951295,-5.195589565694814
-45.0081944029403,-5.193172554483128
-45.00363567636764,-5.190756335821953
-44.99907694979498,-5.188340909566765
-44.99451822322232,-5.1859262755730455
-44.98995949664967,-5.183512433696278
-44.98540077007701,-5.181099383791929
-44.98084204350435,-5.178687125715505
-44.97628331693169,-5.176275659322471
-44.97172459035904,-5.173864984468328
-44.96716586378638,-5.171455101008548
-44.96260713721372,-5.169046008798637
-44.95804841064106,-5.166637707694084
-44.95348968406841,-5.16423019755038
-44.94893095749575,-5.1618234782230115
-44.94437223092309,-5.15941754956749
-44.93981350435043,-5.157012411439294
-44.93525477777778,-5.154608063693938
-44.93069605120512,-5.152204506186918
-44.926137324632464,-5.149801738773744
-44.92157859805981,-5.147399761309908
-44.91701987148715,-5.144998573650916
-44.912461144914495,-5.142598175652287
-44.907902418341834,-5.140198567169517
-44.90334369176918,-5.137799748058125
-44.89878496519652,-5.135401718173622
-44.894226238623865,-5.133004477371527
-44.889667512051204,-5.130608025507336
-44.88510878547855,-5.1282123624365905
-44.88055005890589,-5.125817488014791
-44.875991332333236,-5.1234234020974725
-44.871432605760575,-5.121030104540136
-44.86687387918792,-5.118637595198325
-44.86231515261526,-5.1162458739275545
-44.857756426042606,-5.113854940583359
-44.853197699469945,-5.11146479502126
-44.84863897289729,-5.109075437096794
-44.84408024632463,-5.10668686666548
-44.839521519751976,-5.10429908358287
-44.834962793179315,-5.101912087704476
-44.83040406660666,-5.099525878885854
-44.82584534003401,-5.097140456982537
-44.821286613461346,-5.094755821850058
-44.81672788688869,-5.092371973343968
-44.81216916031603,-5.089988911319802
-44.80761043374338,-5.087606635633117
-44.80305170717072,-5.085225146139443
-44.79849298059806,-5.0828444426943395
-44.7939342540254,-5.080464525153351
-44.78937552745275,-5.078085393372033
-44.78481680088009,-5.0757070472059365
-44.78025807430743,-5.073329486510616
-44.77569934773477,-5.070952711141629
-44.77114062116212,-5.0685767209545345
-44.76658189458946,-5.066201515804891
-44.7620231680168,-5.063827095548259
-44.75746444144414,-5.061453460040202
-44.75290571487149,-5.05908060913629
-44.74834698829883,-5.0567085426920775
-44.74378826172617,-5.054337260563145
-44.73922953515351,-5.051966762605055
-44.73467080858086,-5.04959704867339
-44.730112082008205,-5.047228118623711
-44.725553355435544,-5.044859972311593
-44.72099462886289,-5.042492609592621
-44.71643590229023,-5.040126030322364
-44.711877175717575,-5.037760234356419
-44.707318449144914,-5.035395221550348
-44.70275972257226,-5.033030991759743
-44.6982009959996,-5.0306675448401865
-44.693642269426945,-5.0283048806472745
-44.689083542854284,-5.025942999036586
-44.68452481628163,-5.023581899863713
-44.67996608970897,-5.021221582984253
-44.675407363136316,-5.018862048253794
-44.670848636563655,-5.016503295527928
-44.666289909991,-5.014145324662266
-44.66173118341834,-5.011788135512395
-44.657172456845686,-5.009431727933921
-44.652613730273025,-5.0070761017824434
-44.64805500370037,-5.004721256913577
-44.64349627712771,-5.002367193182905
-44.638937550555056,-5.0000139104460555
-44.6343788239824,-4.997661408558633
-44.62982009740974,-4.995309687376242
-44.62526137083709,-4.9929587467545025
-44.620702644264426,-4.990608586549024
-44.61614391769177,-4.988259206615434
-44.61158519111911,-4.9859106068093375
-44.60702646454646,-4.9835627869863615
-44.6024677379738,-4.98121574700212
-44.59790901140114,-4.978869486712247
-44.59335028482848,-4.976524005972358
-44.58879155825583,-4.974179304638092
-44.58423283168317,-4.971835382565057
-44.57967410511051,-4.969492239608911
-44.57511537853785,-4.9671498756252666
-44.5705566519652,-4.964808290469768
-44.56599792539254,-4.962467483998043
-44.56143919881988,-4.960127456065729
-44.55688047224722,-4.957788206528474
-44.55232174567457,-4.955449735241915
-44.54776301910191,-4.953112042061689
-44.54320429252925,-4.950775126843453
-44.5386455659566,-4.9484389894428435
-44.53408683938394,-4.94610362971551
-44.529528112811285,-4.94376904751711
-44.524969386238624,-4.94143524270328
-44.52041065966597,-4.939102215129695
-44.51585193309331,-4.936769964651992
-44.511293206520655,-4.934438491125833
-44.506734479947994,-4.9321077944068845
-44.50217575337534,-4.929777874350801
-44.49761702680268,-4.927448730813246
-44.493058300230025,-4.925120363649887
-44.488499573657364,-4.9227927727163925
-44.48394084708471,-4.9204659578684184
-44.47938212051205,-4.918139918961646
-44.474823393939396,-4.915814655851748
-44.470264667366735,-4.913490168394385
-44.46570594079408,-4.911166456445247
-44.46114721422142,-4.908843519860005
-44.456588487648766,-4.906521358494342
-44.452029761076105,-4.9041999722039336
-44.44747103450345,-4.9018793608444655
-44.4429123079308,-4.899559524271626
-44.438353581358136,-4.897240462341087
-44.43379485478548,-4.894922174908558
-44.42923612821282,-4.892604661829711
-44.42467740164017,-4.89028792296025
-44.420118675067506,-4.887971958155868
-44.41555994849485,-4.885656767272249
-44.41100122192219,-4.8833423501651065
-44.40644249534954,-4.881028706690129
-44.40188376877688,-4.878715836703016
-44.39732504220422,-4.87640374005949
-44.39276631563156,-4.8740924166152295
-44.38820758905891,-4.8717818662259615
-44.38364886248625,-4.8694720887473775
-44.37909013591359,-4.86716308403521
-44.37453140934093,-4.8648548519451555
-44.36997268276828,-4.862547392332931
-44.36541395619562,-4.860240705054254
-44.36085522962296,-4.857934789964847
-44.3562965030503,-4.8556296469204225
-44.35173777647765,-4.853325275776709
-44.347179049904994,-4.851021676389426
-44.34262032333233,-4.848718848614299
-44.33806159675968,-4.846416792307061
-44.33350287018702,-4.844115507323431
-44.328944143614365,-4.841814993519149
-44.324385417041704,-4.83951525074995
-44.31982669046905,-4.83721627887157
-44.31526796389639,-4.834918077739731
-44.310709237323735,-4.832620647210192
-44.306150510751074,-4.83032398713868
-44.30159178417842,-4.8280280973809395
-44.29703305760576,-4.825732977792722
-44.292474331033105,-4.823438628229777
-44.287915604460444,-4.821145048547841
-44.28335687788779,-4.8188522386026715
-44.27879815131513,-4.816560198250017
-44.274239424742476,-4.814268927345637
-44.269680698169815,-4.811978425745288
-44.26512197159716,-4.809688693304721
-44.2605632450245,-4.807399729879698
-44.256004518451846,-4.805111535325994
-44.25144579187919,-4.802824109499359
-44.24688706530653,-4.800537452255558
-44.24232833873388,-4.79825156345037
-44.237769612161216,-4.795966442939555
-44.23321088558856,-4.793682090578892
-44.2286521590159,-4.7913985062241435
-44.22409343244325,-4.789115689731105
-44.219534705870586,-4.786833640955533
-44.21497597929793,-4.784552359753217
-44.21041725272527,-4.782271845979941
-44.20585852615262,-4.779992099491487
-44.20129979957996,-4.7777131201436305
-44.1967410730073,-4.775434907792175
-44.19218234643464,-4.773157462292895
-44.18762361986199,-4.770880783501599
-44.18306489328933,-4.768604871274069
-44.17850616671667,-4.766329725466103
-44.17394744014401,-4.764055345933485
-44.16938871357136,-4.7617817325320395
-44.1648299869987,-4.759508885117547
-44.16027126042604,-4.757236803545827
-44.15571253385339,-4.754965487672666
-44.15115380728073,-4.752694937353887
-44.146595080708074,-4.7504251524453025
-44.14203635413541,-4.748156132802698
-44.13747762756276,-4.745887878281913
-44.1329189009901,-4.743620388738751
-44.128360174417445,-4.741353664029035
-44.123801447844784,-4.739087704008582
-44.11924272127213,-4.736822508533213
-44.11468399469947,-4.734558077458745
-44.110125268126815,-4.732294410641011
-44.105566541554154,-4.730031507935837
-44.1010078149815,-4.72776936919905
-44.09644908840884,-4.725507994286479
-44.091890361836185,-4.72324738305397
-44.087331635263524,-4.720987535357342
-44.08277290869087,-4.718728451052442
-44.07821418211821,-4.716470129995103
-44.073655455545556,-4.714212572041174
-44.069096728972895,-4.711955777046496
-44.06453800240024,-4.709699744866913
-44.05997927582759,-4.707444475358271
-44.055420549254926,-4.705189968376419
-44.05086182268227,-4.702936223777219
-44.04630309610961,-4.700683241416508
-44.04174436953696,-4.698431021150158
-44.037185642964296,-4.696179562834014
-44.03262691639164,-4.693928866323941
-44.02806818981898,-4.6916789314758045
-44.02350946324633,-4.68942975814546
-44.018950736673666,-4.687181346188776
-44.01439201010101,-4.684933695461634
-44.00983328352835,-4.682686805819873
-44.0052745569557,-4.680440677119403
-44.00071583038304,-4.6781953092160675
-43.99615710381038,-4.6759507019657605
-43.99159837723772,-4.6737068552243555
-43.98703965066507,-4.671463768847733
-43.98248092409241,-4.669221442691771
-43.97792219751975,-4.666979876612361
-43.97336347094709,-4.66473907046538
-43.96880474437444,-4.66249902410673
-43.964246017801784,-4.660259737392297
-43.95968729122912,-4.658021210177967
-43.95512856465647,-4.655783442319643
-43.95056983808381,-4.653546433673209
-43.946011111511154,-4.651310184094587
-43.94145238493849,-4.649074693439656
-43.93689365836584,-4.646839961564334
-43.93233493179318,-4.64460598832452
-43.927776205220525,-4.642372773576125
-43.923217478647864,-4.6401403171750495
-43.91865875207521,-4.637908618977218
-43.91410002550255,-4.635677678838538
-43.909541298929895,-4.6334474966149255
-43.904982572357234,-4.631218072162299
-43.90042384578458,-4.628989405336575
-43.89586511921192,-4.626761495993683
-43.891306392639265,-4.624534343989544
-43.886747666066604,-4.622307949180084
-43.88218893949395,-4.620082311421241
-43.87763021292129,-4.617857430568924
-43.873071486348636,-4.615633306479089
-43.86851275977598,-4.613409939007657
-43.86395403320332,-4.611187328010572
-43.85939530663067,-4.608965473343768
-43.854836580058006,-4.606744374863194
-43.85027785348535,-4.604524032424786
-43.84571912691269,-4.602304445884493
-43.84116040034004,-4.60008561509827
-43.836601673767376,-4.597867539922054
-43.83204294719472,-4.595650220211802
-43.82748422062206,-4.593433655823474
-43.82292549404941,-4.5912178466130245
-43.818366767476746,-4.589002792436409
-43.81380804090409,-4.58678849314959
-43.80924931433143,-4.584574948608528
-43.80469058775878,-4.582362158669195
-43.80013186118612,-4.580150123187545
-43.79557313461346,-4.577938842019565
-43.7910144080408,-4.575728315021219
-43.78645568146815,-4.573518542048478
-43.78189695489549,-4.571309522957322
-43.77733822832283,-4.569101257603728
-43.77277950175018,-4.566893745843677
-43.76822077517752,-4.5646869875331495
-43.763662048604864,-4.562480982528132
-43.7591033220322,-4.560275730684613
-43.75454459545955,-4.558071231858581
-43.74998586888689,-4.555867485906024
-43.745427142314234,-4.553664492682944
-43.74086841574157,-4.551462252045326
-43.73630968916892,-4.549260763849176
-43.73175096259626,-4.547060027950489
-43.727192236023605,-4.544860044205272
-43.722633509450944,-4.5426608124695225
-43.71807478287829,-4.5404623325992635
-43.71351605630563,-4.538264604450488
-43.708957329732975,-4.536067627879214
-43.704398603160314,-4.5338714027414495
-43.69983987658766,-4.531675928893219
-43.695281150015,-4.529481206190531
-43.690722423442345,-4.527287234489418
-43.686163696869684,-4.525094013645891
-43.68160497029703,-4.522901543515979
-43.67704624372438,-4.520709823955709
-43.672487517151716,-4.5185188548211075
-43.66792879057906,-4.516328635968218
-43.6633700640064,-4.514139167253052
-43.65881133743375,-4.511950448531663
-43.654252610861086,-4.509762479660082
-43.64969388428843,-4.507575260494355
-43.64513515771577,-4.505388790890517
-43.64057643114312,-4.503203070704623
-43.636017704570456,-4.501018099792706
-43.6314589779978,-4.498833878010826
-43.62690025142514,-4.496650405215035
-43.62234152485249,-4.494467681261378
-43.617782798279826,-4.492285706005921
-43.61322407170717,-4.490104479304723
-43.60866534513451,-4.487924001013827
-43.60410661856186,-4.485744270989323
-43.5995478919892,-4.483565289087258
-43.59498916541654,-4.481387055163704
-43.59043043884388,-4.479209569074729
-43.58587171227123,-4.4770328306764045
-43.581312985698574,-4.474856839824814
-43.57675425912591,-4.472681596376021
-43.57219553255326,-4.470507100186115
-43.5676368059806,-4.468333351111172
-43.563078079407944,-4.466160349007275
-43.55851935283528,-4.463988093730513
-43.55396062626263,-4.46181658513697
-43.54940189968997,-4.459645823082742
-43.544843173117314,-4.457475807423919
-43.54028444654465,-4.4553065380165915
-43.535725719972,-4.453138014716871
-43.53116699339934,-4.450970237380835
-43.526608266826685,-4.448803205864608
-43.522049540254024,-4.446636920024277
-43.51749081368137,-4.444471379715959
-43.51293208710871,-4.44230658479576
-43.508373360536055,-4.44014253511979
-43.503814633963394,-4.437979230544158
-43.49925590739074,-4.435816670924993
-43.49469718081808,-4.433654856118402
-43.490138454245425,-4.431493785980512
-43.48557972767277,-4.429333460367443
-43.48102100110011,-4.427173879135318
-43.47646227452746,-4.425015042140269
-43.471903547954795,-4.422856949238417
-43.46734482138214,-4.42069960028591
-43.46278609480948,-4.418542995138867
-43.45822736823683,-4.416387133653435
-43.453668641664166,-4.414232015685747
-43.44910991509151,-4.412077641091955
-43.44455118851885,-4.409924009728183
-43.4399924619462,-4.407771121450597
-43.435433735373536,-4.4056189761153375
-43.43087500880088,-4.40346757357856
-43.42631628222822,-4.401316913696408
-43.42175755565557,-4.39916699632505
-43.417198829082906,-4.3970178213206355
-43.41264010251025,-4.394869388539329
-43.40808137593759,-4.392721697837289
-43.40352264936494,-4.390574749070687
-43.39896392279228,-4.388428542095687
-43.39440519621962,-4.386283076768459
-43.38984646964697,-4.384138352945176
-43.38528774307431,-4.381994370482019
-43.380729016501654,-4.379851129235151
-43.37617028992899,-4.3777086290607645
-43.37161156335634,-4.375566869815034
-43.36705283678368,-4.373425851354144
-43.362494110211024,-4.371285573534295
-43.35793538363836,-4.369146036211657
-43.35337665706571,-4.36700723924243
-43.34881793049305,-4.36486918248281
-43.344259203920394,-4.362731865788996
-43.33970047734773,-4.360595289017172
-43.33514175077508,-4.358459452023555
-43.33058302420242,-4.356324354664347
-43.326024297629765,-4.354189996795741
-43.321465571057104,-4.352056378273963
-43.31690684448445,-4.349923498955218
-43.31234811791179,-4.347791358695712
-43.307789391339135,-4.345659957351668
-43.303230664766474,-4.343529294779295
-43.29867193819382,-4.34139937083483
-43.294113211621166,-4.3392701853744855
-43.289554485048505,-4.337141738254489
-43.28499575847585,-4.335014029331064
-43.28043703190319,-4.332887058460447
-43.27587830533054,-4.330760825498872
-43.271319578757875,-4.328635330302565
-43.26676085218522,-4.326510572727775
-43.26220212561256,-4.32438655263073
-43.25764339903991,-4.3222632698676895
-43.253084672467246,-4.320140724294884
-43.24852594589459,-4.318018915768566
-43.24396721932193,-4.315897844144981
-43.23940849274928,-4.313777509280392
-43.234849766176616,-4.311657911031045
-43.23029103960396,-4.309539049253204
-43.2257323130313,-4.307420923803123
-43.22117358645865,-4.305303534537066
-43.216614859885986,-4.303186881311297
-43.21205613331333,-4.3010709639820845
-43.20749740674067,-4.298955782405702
-43.20293868016802,-4.296841336438421
-43.198379953595364,-4.294727625936508
-43.1938212270227,-4.292614650756245
-43.18926250045005,-4.290502410753918
-43.18470377387739,-4.288390905785796
-43.180145047304734,-4.2862801357081795
-43.17558632073207,-4.284170100377346
-43.17102759415942,-4.282060799649586
-43.16646886758676,-4.279952233381195
-43.161910141014104,-4.2778444014284664
-43.15735141444144,-4.275737303647694
-43.15279268786879,-4.273630939895179
-43.14823396129613,-4.271525310027228
-43.143675234723474,-4.2694204139001455
-43.13911650815081,-4.2673162513702305
-43.13455778157816,-4.265212822293804
-43.1299990550055,-4.263110126527166
-43.125440328432845,-4.261008163926642
-43.120881601860184,-4.258906934348543
-43.11632287528753,-4.2568064376492
-43.11176414871487,-4.254706673684918
-43.107205422142215,-4.252607642312037
-43.10264669556956,-4.250509343386876
-43.0980879689969,-4.248411776765768
-43.093529242424246,-4.246314942305046
-43.088970515851585,-4.24421883986104
-43.08441178927893,-4.2421234692901
-43.07985306270627,-4.2400288304485505
-43.07529433613362,-4.237934923192747
-43.070735609560955,-4.23584174737903
-43.0661768829883,-4.233749302863746
-43.06161815641564,-4.231657589503247
-43.05705942984299,-4.2295666071538855
-43.052500703270326,-4.227476355672019
-43.04794197669767,-4.225386834914008
-43.04338325012501,-4.223298044736204
-43.03882452355236,-4.22120998499498
-43.034265796979696,-4.219122655546696
-43.02970707040704,-4.217036056247719
-43.02514834383438,-4.21495018695443
-43.02058961726173,-4.212865047523186
-43.016030890689066,-4.210780637810379
-43.01147216411641,-4.208696957672383
-43.00691343754376,-4.2066140069655775
-43.0023547109711,-4.20453178554635
-42.99779598439844,-4.202450293271073
-42.99323725782578,-4.200369529996162
-42.98867853125313,-4.198289495577987
-42.98411980468047,-4.196210189872946
-42.979561078107814,-4.194131612737439
-42.97500235153515,-4.192053764027868
-42.9704436249625,-4.189976643600632
-42.96588489838984,-4.187900251312138
-42.961326171817184,-4.185824587018791
-42.95676744524452,-4.183749650577
-42.95220871867187,-4.181675441843179
-42.94764999209921,-4.179601960673748
-42.943091265526554,-4.177529206925116
-42.93853253895389,-4.17545718045371
-42.93397381238124,-4.17338588111595
-42.92941508580858,-4.17131530876826
-42.924856359235925,-4.169245463267077
-42.920297632663264,-4.1671763444688175
-42.91573890609061,-4.165107952229935
-42.911180179517956,-4.163040286406849
-42.906621452945295,-4.160973346856003
-42.902062726372634,-4.158907133433833
-42.89750399979998,-4.156841645996797
-42.892945273227326,-4.154776884401339
-42.888386546654665,-4.152712848503893
-42.88382782008201,-4.15064953816093
-42.87926909350935,-4.148586953228897
-42.8747103669367,-4.146525093564245
-42.870151640364035,-4.144463959023445
-42.86559291379138,-4.142403549462957
-42.86103418721872,-4.140343864739241
-42.85647546064607,-4.138284904708769
-42.851916734073406,-4.136226669228011
-42.84735800750075,-4.134169158153448
-42.84279928092809,-4.132112371341542
-42.83824055435544,-4.13005630864878
-42.833681827782776,-4.128000969931646
-42.82912310121012,-4.125946355046618
-42.82456437463746,-4.1238924638501855
-42.82000564806481,-4.1218392961988375
-42.81544692149215,-4.119786851949068
-42.81088819491949,-4.11773513095737
-42.80632946834683,-4.115684133080239
-42.80177074177418,-4.113633858174185
-42.797212015201524,-4.111584306095704
-42.79265328862886,-4.109535476701294
-42.78809456205621,-4.107487369847481
-42.78353583548355,-4.1054399853907615
-42.778977108910894,-4.103393323187654
-42.77441838233823,-4.101347383094675
-42.76985965576558,-4.099302164968349
-42.76530092919292,-4.097257668665189
-42.760742202620264,-4.095213894041725
-42.7561834760476,-4.093170840954481
-42.75162474947495,-4.091128509259995
-42.74706602290229,-4.089086898814787
-42.742507296329634,-4.087046009475407
-42.73794856975697,-4.085005841098383
-42.73338984318432,-4.0829663935402625
-42.72883111661166,-4.080927666657582
-42.724272390039005,-4.078889660306894
-42.71971366346635,-4.076852374344753
-42.71515493689369,-4.074815808627694
-42.71059621032103,-4.072779963012283
-42.706037483748375,-4.070744837355082
-42.70147875717572,-4.06871043151265
-42.69692003060306,-4.066676745341534
-42.692361304030406,-4.0646437786983185
-42.687802577457745,-4.062611531439561
-42.68324385088509,-4.060580003421844
-42.67868512431243,-4.058549194501731
-42.67412639773978,-4.056519104535802
-42.669567671167115,-4.054489733380635
-42.66500894459446,-4.052461080892815
-42.6604502180218,-4.050433146928931
-42.65589149144915,-4.0484059313455605
-42.651332764876486,-4.046379433999306
-42.64677403830383,-4.044353654746753
-42.64221531173117,-4.042328593444501
-42.63765658515852,-4.040304249949145
-42.633097858585856,-4.038280624117295
-42.6285391320132,-4.036257715805546
-42.62398040544055,-4.034235524870516
-42.61942167886789,-4.0322140511688005
-42.614862952295226,-4.030193294557026
-42.61030422572257,-4.028173254891807
-42.60574549914992,-4.026153932029758
-42.60118677257726,-4.024135325827494
-42.596628046004604,-4.022117436141657
-42.59206931943194,-4.020100262828852
-42.58751059285929,-4.018083805745728
-42.58295186628663,-4.01606806474891
-42.578393139713974,-4.014053039695033
-42.57383441314131,-4.012038730440733
-42.56927568656866,-4.010025136842657
-42.564716959996,-4.008012258757446
-42.560158233423344,-4.006000096041747
-42.55559950685068,-4.003988648552206
-42.55104078027803,-4.001977916145485
-42.54648205370537,-3.999967898678229
-42.541923327132714,-3.9979585960071025
-42.53736460056005,-3.995950007988762
-42.5328058739874,-3.99394213447988
-42.528247147414746,-3.9919349753371125
-42.523688420842085,-3.9899285304171337
-42.519129694269424,-3.987922799576609
-42.51457096769677,-3.9859177826722307
-42.510012241124116,-3.9839134795606626
-42.505453514551455,-3.9819098900985908
-42.5008947879788,-3.979907014142695
-42.49633606140614,-3.9779048515496656
-42.491777334833486,-3.975903402176191
-42.487218608260825,-3.973902665878963
-42.48265988168817,-3.971902642514683
-42.47810115511551,-3.969903331940035
-42.473542428542856,-3.9679047340117393
-42.468983701970195,-3.9659068485864797
-42.46442497539754,-3.9639096755209797
-42.45986624882488,-3.9619132146719362
-42.45530752225223,-3.9599174658960687
-42.450748795679566,-3.957922429050092
-42.44619006910691,-3.955928103990722
-42.44163134253425,-3.9539344905746807
-42.4370726159616,-3.9519415886586993
-42.43251388938894,-3.9499493980994935
-42.42795516281628,-3.9479579187537985
-42.42339643624362,-3.945967150478345
-42.41883770967097,-3.943977093129875
-42.41427898309831,-3.9419877465651254
-42.40972025652565,-3.939999110640826
-42.405161529953,-3.938011185213733
-42.40060280338034,-3.936023970140593
-42.396044076807684,-3.934037465278153
-42.39148535023502,-3.932051670483166
-42.38692662366237,-3.9300665856123924
-42.38236789708971,-3.928082210522584
-42.377809170517054,-3.9260985450705084
-42.37325044394439,-3.9241155891129273
-42.36869171737174,-3.922133342506615
-42.36413299079908,-3.920151805108334
-42.359574264226424,-3.9181709767748623
-42.35501553765376,-3.916190857362977
-42.35045681108111,-3.9142114467294564
-42.34589808450845,-3.9122327447310785
-42.341339357935794,-3.9102547512246364
-42.33678063136314,-3.908277466066917
-42.33222190479048,-3.9063008891147066
-42.32766317821782,-3.904325020224803
-42.323104451645165,-3.9023498592540053
-42.31854572507251,-3.9003754060591147
-42.31398699849985,-3.898401660496926
-42.309428271927196,-3.8964286224242546
-42.304869545354535,-3.8944562916979026
-42.30031081878188,-3.8924846681746876
-42.29575209220922,-3.8905137517114206
-42.291193365636566,-3.888543542164918
-42.286634639063905,-3.88657403939201
-42.28207591249125,-3.8846052432495153
-42.27751718591859,-3.8826371535942585
-42.272958459345936,-3.8806697702830695
-42.268399732773275,-3.878703093172783
-42.26384100620062,-3.8767371221202387
-42.25928227962796,-3.8747718569822696
-42.25472355305531,-3.8728072976157213
-42.250164826482646,-3.870843443877436
-42.24560609990999,-3.868880295624268
-42.24104737333734,-3.8669178527130614
-42.23648864676468,-3.864956115000663
-42.231929920192016,-3.862995082343947
-42.22737119361936,-3.861034754599765
-42.22281246704671,-3.8590751316249787
-42.21825374047405,-3.8571162132764565
-42.21369501390139,-3.8551579994110643
-42.20913628732873,-3.8532004898856758
-42.20457756075608,-3.8512436845571703
-42.20001883418342,-3.849287583282418
-42.195460107610764,-3.8473321859183054
-42.1909013810381,-3.8453774923217168
-42.18634265446545,-3.8434235023495327
-42.18178392789279,-3.841470215858649
-42.177225201320134,-3.839517632705962
-42.17266647474747,-3.8375657527483584
-42.16810774817482,-3.8356145758427522
-42.16354902160216,-3.8336641018460313
-42.158990295029504,-3.8317143306151054
-42.15443156845684,-3.829765262006883
-42.14987284188419,-3.8278168958782803
-42.145314115311535,-3.8258692320862098
-42.140755388738874,-3.823922270487581
-42.13619666216621,-3.821976010939324
-42.13163793559356,-3.82003045329836
-42.127079209020906,-3.8180855974216183
-42.122520482448245,-3.816141443166017
-42.11796175587559,-3.81419799038851
-42.11340302930293,-3.8122552389460105
-42.108844302730276,-3.8103131886954773
-42.104285576157615,-3.8083718394938377
-42.09972684958496,-3.80643119119804
-42.0951681230123,-3.804491243665038
-42.090609396439646,-3.8025519967517845
-42.086050669866985,-3.800613450315225
-42.08149194329433,-3.7986756042123204
-42.07693321672167,-3.7967384583000388
-42.072374490149016,-3.7948020124353325
-42.067815763576355,-3.7928662664751736
-42.0632570370037,-3.790931220276535
-42.05869831043104,-3.7889968736963864
-42.05413958385839,-3.7870632265917052
-42.04958085728573,-3.785130278819473
-42.04502213071307,-3.783198030236663
-42.04046340414041,-3.781266480700267
-42.03590467756776,-3.779335630067281
-42.0313459509951,-3.777405478194687
-42.02678722442244,-3.77547602493948
-42.02222849784979,-3.77354727015866
-42.01766977127713,-3.771619213709229
-42.01311104470447,-3.769691855448186
-42.00855231813181,-3.767765195232547
-42.00399359155916,-3.76583923291932
-41.9994348649865,-3.7639139683655114
-41.994876138413844,-3.7619894014281496
-41.99031741184118,-3.7600655319642455
-41.98575868526853,-3.7581423598308286
-41.98119995869587,-3.756219884884913
-41.976641232123214,-3.7542981069835446
-41.97208250555056,-3.7523770259837463
-41.9675237789779,-3.75045664174255
-41.96296505240524,-3.7485369541170037
-41.958406325832584,-3.746617962964148
-41.95384759925993,-3.7446996681410236
-41.94928887268727,-3.742782069504677
-41.94473014611461,-3.740865166912171
-41.940171419541954,-3.738948960220546
-41.9356126929693,-3.7370334492868675
-41.93105396639664,-3.7351186339681957
-41.926495239823986,-3.733204514121596
-41.921936513251325,-3.7312910896041345
-41.91737778667867,-3.72937836027288
-41.91281906010601,-3.7274663259849032
-41.908260333533356,-3.725554986597293
-41.903701606960695,-3.723644341967113
-41.89914288038804,-3.7217343919514603
-41.89458415381538,-3.7198251364074157
-41.890025427242726,-3.7179165751920706
-41.885466700670065,-3.716008708162512
-41.88090797409741,-3.7141015351758435
-41.87634924752476,-3.712195056089163
-41.871790520952096,-3.7102892707595676
-41.867231794379435,-3.7083841790441645
-41.86267306780678,-3.7064797808000733
-41.85811434123413,-3.70457607588439
-41.85355561466147,-3.7026730641542414
-41.848996888088806,-3.7007707454667376
-41.84443816151615,-3.6988691196790096
-41.8398794349435,-3.6969681866481716
-41.83532070837084,-3.6950679462313647
-41.83076198179818,-3.6931683982857075
-41.82620325522552,-3.6912695426683415
-41.82164452865287,-3.6893713792364045
-41.81708580208021,-3.687473907847033
-41.81252707550755,-3.685577128357378
-41.80796834893489,-3.6836810406245837
-41.80340962236224,-3.6817856445058
-41.79885089578958,-3.6798909398581827
-41.794292169216924,-3.677996926538889
-41.78973344264426,-3.6761036044050788
-41.78517471607161,-3.6742109733139214
-41.780615989498955,-3.672319033122572
-41.776057262926294,-3.670427783688207
-41.77149853635363,-3.6685372248680044
-41.76693980978098,-3.666647356519136
-41.762381083208325,-3.6647581784987864
-41.757822356635664,-3.662869690664131
-41.753263630063,-3.660981892872368
-41.74870490349035,-3.6590947849806787
-41.744146176917695,-3.657208366846257
-41.739587450345034,-3.6553226383262993
-41.73502872377238,-3.6534375992780084
-41.73046999719972,-3.651553249558585
-41.725911270627066,-3.6496695890252417
-41.721352544054405,-3.6477866175351785
-41.71679381748175,-3.6459043349456155
-41.71223509090909,-3.644022741113764
-41.707676364336436,-3.6421418358968483
-41.703117637763775,-3.6402616191520885
-41.69855891119112,-3.6383820907367133
-41.69400018461846,-3.6365032505079453
-41.689441458045806,-3.6346250983230237
-41.68488273147315,-3.63274763403919
-41.68032400490049,-3.6308708575136652
-41.67576527832783,-3.6289947686037074
-41.671206551755176,-3.6271193671665634
-41.66664782518252,-3.625244653059475
-41.66208909860986,-3.623370626139694
-41.6575303720372,-3.6214972862644856
-41.65297164546455,-3.6196246332911035
-41.64841291889189,-3.617752667076808
-41.64385419231923,-3.6158813874788653
-41.63929546574658,-3.6140107943545554
-41.63473673917392,-3.612140887561136
-41.63017801260126,-3.610271666955894
-41.6256192860286,-3.608403132396102
-41.62106055945595,-3.6065352837390487
-41.61650183288329,-3.6046681208420117
-41.61194310631063,-3.6028016435622887
-41.60738437973797,-3.600935851757168
-41.60282565316532,-3.5990707452839494
-41.59826692659266,-3.5972063239999255
-41.593708200020004,-3.59534258776241
-41.58914947344735,-3.5934795364287027
-41.58459074687469,-3.591617169856109
-41.58003202030203,-3.589755487901942
-41.575473293729374,-3.5878944904235337
-41.57091456715672,-3.5860341772781843
-41.56635584058406,-3.584174548323227
-41.5617971140114,-3.5823156034159824
-41.557238387438744,-3.5804573424137898
-41.55267966086609,-3.5785997651739776
-41.54812093429343,-3.576742871553877
-41.543562207720775,-3.5748866614108343
-41.539003481148114,-3.573031134602194
-41.53444475457546,-3.571176290985299
-41.5298860280028,-3.569322130417496
-41.525327301430146,-3.567468652756148
-41.520768574857485,-3.565615857858605
-41.51620984828483,-3.5637637455822286
-41.51165112171217,-3.561912315784389
-41.507092395139516,-3.5600615683224452
-41.502533668566855,-3.558211503053765
-41.4979749419942,-3.5563621198357365
-41.49341621542155,-3.554513418525724
-41.488857488848886,-3.552665398981117
-41.484298762276225,-3.550818061059291
-41.47974003570357,-3.5489714046176406
-41.47518130913092,-3.5471254295135566
-41.470622582558256,-3.545280135604433
-41.466063855985595,-3.5434355227476653
-41.46150512941294,-3.5415915908006554
-41.45694640284029,-3.5397483396208127
-41.45238767626763,-3.537905769065542
-41.44782894969497,-3.5360638789922536
-41.44327022312231,-3.5342226692583636
-41.43871149654966,-3.5323821397212956
-41.434152769977,-3.530542290238462
-41.42959404340434,-3.5287031206672994
-41.42503531683168,-3.52686463086523
-41.42047659025903,-3.5250268206896935
-41.41591786368637,-3.523189689998116
-41.41135913711371,-3.5213532386479405
-41.40680041054105,-3.5195174664966076
-41.4022416839684,-3.5176823734015734
-41.397682957395745,-3.515847959220282
-41.393124230823084,-3.5140142238101846
-41.38856550425042,-3.5121811670287344
-41.38400677767777,-3.510348788733402
-41.379448051105115,-3.508517088781645
-41.374889324532454,-3.506686067030928
-41.37033059795979,-3.504855723338729
-41.36577187138714,-3.5030260575625203
-41.361213144814485,-3.5011970695597783
-41.356654418241824,-3.499368759187979
-41.35209569166917,-3.4975411263046183
-41.34753696509651,-3.4957141707671733
-41.342978238523855,-3.493887892433145
-41.338419511951194,-3.49206229116002
-41.33386078537854,-3.4902373668053075
-41.32930205880588,-3.488413119226498
-41.324743332233226,-3.48658954828111
-41.320184605660565,-3.484766653826639
-41.31562587908791,-3.4829444357206074
-41.31106715251525,-3.481122893820529
-41.306508425942596,-3.4793020279839233
-41.30194969936994,-3.477481838068318
-41.29739097279728,-3.4756623239312265
-41.29283224622462,-3.4738434854301943
-41.288273519651966,-3.472025322422751
-41.28371479307931,-3.470207834766434
-41.27915606650665,-3.4683910223187797
-41.27459733993399,-3.466574884937337
-41.270038613361336,-3.4647594224796587
-41.26547988678868,-3.4629446348032897
-41.26092116021602,-3.461130521765779
-41.25636243364337,-3.4593170832247035
-41.25180370707071,-3.4575043190376125
-41.24724498049805,-3.455692229062075
-41.24268625392539,-3.453880813155659
-41.23812752735274,-3.452070071175937
-41.23356880078008,-3.4502600029804893
-41.22901007420742,-3.448450608426897
-41.22445134763476,-3.4466418873727402
-41.21989262106211,-3.4448338396756077
-41.21533389448945,-3.44302646519309
-41.21077516791679,-3.4412197637827817
-41.20621644134414,-3.4394137353022827
-41.20165771477148,-3.4376083796091894
-41.19709898819882,-3.4358036965611123
-41.192540261626164,-3.433999686015656
-41.18798153505351,-3.4321963478304434
-41.18342280848085,-3.4303936818630762
-41.17886408190819,-3.428591687971181
-41.174305355335534,-3.4267903660123817
-41.16974662876288,-3.4249897158443057
-41.16518790219022,-3.423189737324578
-41.160629175617565,-3.4213904303108404
-41.156070449044904,-3.4195917946607235
-41.15151172247225,-3.417793830231871
-41.14695299589959,-3.4159965368819303
-41.142394269326935,-3.414199914468551
-41.137835542754274,-3.4124039628493765
-41.13327681618162,-3.4106086818820707
-41.12871808960896,-3.4088140714242936
-41.124159363036306,-3.4070201313337063
-41.119600636463645,-3.4052268614679666
-41.11504190989099,-3.403434261684765
-41.11048318331834,-3.401642331841753
-41.105924456745676,-3.3998510717966184
-41.101365730173015,-3.3980604814070463
-41.09680700360036,-3.396270560530723
-41.09224827702771,-3.394481309025323
-41.087689550455046,-3.392692726748551
-41.083130823882385,-3.3909048135580973
-41.07857209730973,-3.389117569311664
-41.07401337073708,-3.3873309938669554
-41.069454644164416,-3.3855450870816712
-41.06489591759176,-3.383759848813534
-41.0603371910191,-3.381975278920243
-41.05577846444645,-3.380191377259533
-41.05121973787379,-3.3784081436891054
-41.04666101130113,-3.3766255780667027
-41.04210228472847,-3.374843680250044
-41.03754355815582,-3.3730624500968682
-41.03298483158316,-3.3712818874649084
-41.0284261050105,-3.369501992211901
-41.02386737843784,-3.367722764195595
-41.01930865186519,-3.365944203273737
-41.014749925292534,-3.364166309304074
-41.01019119871987,-3.362389082144366
-41.00563247214721,-3.3606125216523632
-41.00107374557456,-3.358836627685838
-40.996515019001905,-3.35706140010255
-40.99195629242924,-3.3552868387602657
-40.98739756585658,-3.3535129435167654
-40.98283883928393,-3.3517397142298244
-40.978280112711275,-3.349967150757219
-40.973721386138614,-3.3481952529567374
-40.96916265956596,-3.3464240206861655
-40.9646039329933,-3.3446534538032946
-40.960045206420645,-3.3428835521659286
-40.955486479847984,-3.341114315631848
-40.95092775327533,-3.3393457440588756
-40.94636902670267,-3.3375778373048077
-40.941810300130015,-3.3358105952274575
-40.937251573557354,-3.3340440176846333
-40.9326928469847,-3.332278104534164
-40.92813412041204,-3.3305128556338603
-40.923575393839386,-3.3287482708415577
-40.91901666726673,-3.3269843500150786
-40.91445794069407,-3.3252210930122508
-40.90989921412141,-3.3234584996909233
-40.905340487548756,-3.321696569908929
-40.9007817609761,-3.3199353035241135
-40.89622303440344,-3.318174700394321
-40.89166430783078,-3.3164147603774095
-40.887105581258126,-3.314655483331233
-40.88254685468547,-3.3128968691136516
-40.87798812811281,-3.311138917582519
-40.87342940154016,-3.309381628595718
-40.868870674967496,-3.3076250020111013
-40.86431194839484,-3.3058690376865574
-40.85975322182218,-3.3041137354799566
-40.85519449524953,-3.302359095249185
-40.85063576867687,-3.3006051168521218
-40.84607704210421,-3.298851800146668
-40.84151831553155,-3.2970991449907006
-40.8369595889589,-3.2953471512421357
-40.83240086238624,-3.293595818758855
-40.82784213581358,-3.291845147398778
-40.82328340924093,-3.2900951370198093
-40.81872468266827,-3.2883457874798525
-40.81416595609561,-3.2865970986368302
-40.80960722952295,-3.2848490703486712
-40.8050485029503,-3.2831017024732843
-40.80048977637764,-3.2813549948686047
-40.79593104980498,-3.2796089473925605
-40.79137232323232,-3.2778635599030888
-40.78681359665967,-3.276118832258128
-40.78225487008701,-3.274374764315621
-40.777696143514355,-3.272631355933514
-40.773137416941694,-3.2708886069697605
-40.76857869036904,-3.26914651728231
-40.76401996379638,-3.2674050867291236
-40.759461237223725,-3.265664315168162
-40.754902510651064,-3.263924202457388
-40.75034378407841,-3.2621847484547826
-40.74578505750575,-3.2604459530183045
-40.741226330933095,-3.2587078160059413
-40.736667604360434,-3.2569703372756695
-40.73210887778778,-3.2552335166854744
-40.72755015121513,-3.2534973540933496
-40.722991424642466,-3.251761849357281
-40.718432698069805,-3.2500270023352695
-40.71387397149715,-3.248292812885315
-40.7093152449245,-3.2465592808654233
-40.704756518351836,-3.244826406133599
-40.700197791779175,-3.243094188547856
-40.69563906520652,-3.2413626279662124
-40.69108033863387,-3.239631724246685
-40.686521612061206,-3.237901477247299
-40.68196288548855,-3.2361718868260834
-40.67740415891589,-3.2344429528410656
-40.67284543234324,-3.232714675150286
-40.668286705770576,-3.2309870536117797
-40.66372797919792,-3.22926008808359
-40.65916925262526,-3.2275337784237697
-40.65461052605261,-3.225808124490366
-40.65005179947995,-3.2240831261414287
-40.64549307290729,-3.2223587832350282
-40.64093434633463,-3.220635095629219
-40.63637561976198,-3.2189120631820685
-40.631816893189324,-3.217189685751652
-40.62725816661666,-3.215467963196036
-40.622699440044,-3.2137468953733035
-40.61814071347135,-3.2120264821415407
-40.613581986898694,-3.2103067233588303
-40.60902326032603,-3.2085876188832603
-40.60446453375337,-3.206869168572926
-40.59990580718072,-3.2051513722859273
-40.595347080608065,-3.2034342298803655
-40.5907883540354,-3.2017177412143414
-40.58622962746275,-3.20000190614598
-40.58167090089009,-3.1982867245333764
-40.577112174317435,-3.1965721962346625
-40.572553447744774,-3.194858321107953
-40.56799472117212,-3.193145099011373
-40.56343599459946,-3.1914325298030537
-40.558877268026805,-3.189720613341136
-40.554318541454144,-3.1880093494837456
-40.54975981488149,-3.18629873808903
-40.54520108830883,-3.184588779015133
-40.540642361736175,-3.182879472120209
-40.53608363516352,-3.1811708172624042
-40.53152490859086,-3.179462814299878
-40.5269661820182,-3.1777554630907967
-40.522407455445546,-3.1760487634933248
-40.51784872887289,-3.174342715365627
-40.51329000230023,-3.1726373185658763
-40.50873127572757,-3.1709325729522493
-40.504172549154916,-3.16922847838294
-40.49961382258226,-3.1675250347161223
-40.4950550960096,-3.1658222418099826
-40.49049636943695,-3.1641200995227234
-40.485937642864286,-3.162418607712532
-40.48137891629163,-3.1607177662376245
-40.47682018971897,-3.15901757495619
-40.47226146314632,-3.157318033726452
-40.467702736573656,-3.1556191424066107
-40.463144010001,-3.153920900854897
-40.45858528342834,-3.1522233089295173
-40.45402655685569,-3.1505263664887115
-40.44946783028303,-3.148830073390699
-40.44490910371037,-3.1471344294937182
-40.44035037713772,-3.1454394346560064
-40.43579165056506,-3.1437450887358023
-40.4312329239924,-3.1420513915913504
-40.42667419741974,-3.1403583430809108
-40.42211547084709,-3.1386659430627244
-40.41755674427443,-3.1369741913950526
-40.41299801770177,-3.135283087936161
-40.40843929112911,-3.133592632544314
-40.40388056455646,-3.131902825077783
-40.3993218379838,-3.130213665394831
-40.394763111411145,-3.128525153353751
-40.39020438483848,-3.126837288812812
-40.38564565826583,-3.125150071630315
-40.38108693169317,-3.1234635016645362
-40.376528205120515,-3.1217775787737763
-40.371969478547854,-3.1200923028163317
-40.3674107519752,-3.1184076736505055
-40.36285202540254,-3.1167236911346023
-40.358293298829885,-3.1150403551269386
-40.353734572257224,-3.113357665485823
-40.34917584568457,-3.1116756220695763
-40.344617119111916,-3.1099942247365235
-40.340058392539255,-3.1083134733449813
-40.335499665966594,-3.106633367753294
-40.33094093939394,-3.1049539078197914
-40.32638221282129,-3.103275093402813
-40.321823486248626,-3.1015969243606953
-40.317264759675965,-3.0999194005517947
-40.31270603310331,-3.098242521834459
-40.30814730653066,-3.096566288067048
-40.303588579957996,-3.0948906991079133
-40.29902985338534,-3.0932157548154264
-40.29447112681268,-3.091541455047946
-40.28991240024003,-3.0898677996638533
-40.285353673667366,-3.088194788521523
-40.28079494709471,-3.086522421479332
-40.27623622052205,-3.084850698395662
-40.2716774939494,-3.08317961912891
-40.267118767376736,-3.081509183537461
-40.26256004080408,-3.0798393914797186
-40.25800131423142,-3.078170242814076
-40.25344258765877,-3.0765017373989454
-40.248883861086114,-3.0748338750927324
-40.24432513451345,-3.0731666557538517
-40.23976640794079,-3.0715000792407166
-40.23520768136814,-3.0698341454117553
-40.230648954795484,-3.068168854125393
-40.22609022822282,-3.0665042052400504
-40.22153150165016,-3.064840198614169
-40.21697277507751,-3.063176834106193
-40.212414048504854,-3.061514111574553
-40.20785532193219,-3.059852030877701
-40.20329659535954,-3.058190591874089
-40.19873786878688,-3.056529794422169
-40.194179142214224,-3.054869638380408
-40.18962041564156,-3.053210123607256
-40.18506168906891,-3.051551249961189
-40.18050296249625,-3.0498930173006777
-40.175944235923595,-3.048235425484201
-40.171385509350934,-3.0465784743702335
-40.16682678277828,-3.044922163817258
-40.16226805620562,-3.0432664936837703
-40.157709329632965,-3.041611463828259
-40.15315060306031,-3.0399570741092203
-40.14859187648765,-3.0383033243851525
-40.14403314991499,-3.036650214514568
-40.139474423342335,-3.034997744355976
-40.13491569676968,-3.033345913767886
-40.13035697019702,-3.0316947226088122
-40.12579824362436,-3.0300441707372827
-40.121239517051706,-3.028394258011824
-40.11668079047905,-3.026744984290966
-40.11212206390639,-3.025096349433241
-40.10756333733374,-3.0234483532971925
-40.103004610761076,-3.021800995741355
-40.09844588418842,-3.0201542766242855
-40.09388715761576,-3.018508195804534
-40.08932843104311,-3.016862753140653
-40.084769704470446,-3.0152179484912027
-40.08021097789779,-3.013573781714751
-40.07565225132513,-3.0119302526698637
-40.07109352475248,-3.0102873612151138
-40.066534798179816,-3.008645107209082
-40.06197607160716,-3.007003490510346
-40.05741734503451,-3.0053625109774935
-40.05285861846185,-3.003722168469112
-40.04829989188919,-3.002082462843798
-40.04374116531653,-3.0004433939601514
-40.03918243874388,-2.99880496167677
-40.03462371217122,-2.997167165852267
-40.03006498559856,-2.995530006345246
-40.0255062590259,-2.9938934830143316
-40.02094753245325,-2.9922575957181397
-40.01638880588059,-2.9906223443152897
-40.011830079307934,-2.988987728664419
-40.00727135273527,-2.9873537486241553
-40.00271262616262,-2.985720404053131
-39.99815389958996,-2.984087694809997
-39.993595173017304,-2.982455620753394
-39.98903644644464,-2.9808241817419736
-39.98447771987199,-2.9791933776343846
-39.97991899329933,-2.977563208289292
-39.975360266726675,-2.9759336735653554
-39.970801540154014,-2.974304773321242
-39.96624281358136,-2.97267650741563
-39.961684087008706,-2.971048875707187
-39.957125360436045,-2.9694218780545922
-39.952566633863384,-2.9677955143165344
-39.94800790729073,-2.9661697843517048
-39.943449180718076,-2.96454468801879
-39.938890454145415,-2.962920225176489
-39.934331727572754,-2.9612963956835032
-39.9297730010001,-2.9596731993985514
-39.92521427442745,-2.9580506361803254
-39.920655547854786,-2.9564287058875443
-39.91609682128213,-2.954807408378938
-39.91153809470947,-2.9531867435132146
-39.90697936813682,-2.9515667111491157
-39.902420641564156,-2.949947311145363
-39.8978619149915,-2.948328543360705
-39.89330318841884,-2.946710407653867
-39.88874446184619,-2.9450929038836064
-39.884185735273526,-2.943476031908667
-39.87962700870087,-2.9418597915878064
-39.87506828212821,-2.9402441827797774
-39.87050955555556,-2.938629205343352
-39.8659508289829,-2.937014859137289
-39.86139210241024,-2.9354011440203607
-39.85683337583758,-2.933788059851344
-39.85227464926493,-2.9321756064890265
-39.847715922692274,-2.930563783792179
-39.84315719611961,-2.928952591619603
-39.83859846954695,-2.9273420298300814
-39.8340397429743,-2.9257320982824218
-39.829481016401644,-2.9241227968354213
-39.82492228982898,-2.9225141253478846
-39.82036356325633,-2.9209060836786276
-39.81580483668367,-2.91929867168646
-39.811246110111014,-2.917691889230209
-39.80668738353835,-2.9160857361686894
-39.8021286569657,-2.9144802123607394
-39.79756993039304,-2.912875317665185
-39.793011203820384,-2.911271051940868
-39.78845247724772,-2.9096674150466257
-39.78389375067507,-2.908064406841316
-39.77933502410241,-2.9064620271837676
-39.774776297529755,-2.904860275932859
-39.7702175709571,-2.903259152947439
-39.76565884438444,-2.9016586580863706
-39.76110011781178,-2.900058791208519
-39.756541391239125,-2.8984595521727723
-39.75198266466647,-2.8968609408379926
-39.74742393809381,-2.895262957063067
-39.74286521152115,-2.89366560070688
-39.738306484948495,-2.892068871628329
-39.73374775837584,-2.890472769686302
-39.72918903180318,-2.888877294739697
-39.72463030523053,-2.8872824466474287
-39.720071578657866,-2.885688225268393
-39.71551285208521,-2.884094630461512
-39.71095412551255,-2.8825016620856982
-39.7063953989399,-2.8809093199998794
-39.701836672367236,-2.879317604062975
-39.69727794579458,-2.8777265141339217
-39.69271921922192,-2.876136050071649
-39.68816049264927,-2.874546211735101
-39.683601766076606,-2.8729569989832204
-39.67904303950395,-2.8713684116749603
-39.6744843129313,-2.8697804496692685
-39.66992558635864,-2.868193112825105
-39.665366859785976,-2.8666064010014316
-39.66080813321332,-2.8650203140572152
-39.65624940664067,-2.86343485185143
-39.65169068006801,-2.861850014243048
-39.64713195349535,-2.860265801091049
-39.64257322692269,-2.8586822122544255
-39.63801450035004,-2.8570992475921564
-39.63345577377738,-2.855516906963242
-39.628897047204724,-2.853935190226681
-39.62433832063206,-2.852354097241472
-39.61977959405941,-2.8507736278666296
-39.61522086748675,-2.8491937819611572
-39.610662140914094,-2.8476145593840756
-39.60610341434143,-2.8460359599944076
-39.60154468776878,-2.844457983651178
-39.59698596119612,-2.8428806302134113
-39.592427234623464,-2.8413038995401534
-39.5878685080508,-2.839727791490433
-39.58330978147815,-2.838152305923302
-39.578751054905496,-2.8365774426978025
-39.574192328332835,-2.8350032016729863
-39.569633601760174,-2.8334295827079217
-39.56507487518752,-2.8318565856616598
-39.560516148614866,-2.83028421039327
-39.555957422042205,-2.8287124567618247
-39.551398695469544,-2.8271413246263974
-39.54683996889689,-2.8255708138460753
-39.542281242324236,-2.8240009242799355
-39.537722515751575,-2.8224316557870703
-39.53316378917892,-2.8208630082265715
-39.52860506260626,-2.8192949814575425
-39.52404633603361,-2.8177275753390822
-39.519487609460946,-2.8161607897302994
-39.51492888288829,-2.8145946244903097
-39.51037015631563,-2.8130290794782247
-39.50581142974298,-2.8114641545531676
-39.501252703170316,-2.8098998495742684
-39.49669397659766,-2.808336164400658
-39.492135250025,-2.8067730988914628
-39.48757652345235,-2.8052106529058314
-39.48301779687969,-2.8036488263029087
-39.47845907030703,-2.802087618941839
-39.47390034373437,-2.800527030681775
-39.46934161716172,-2.798967061381885
-39.46478289058906,-2.797407710901321
-39.4602241640164,-2.7958489790992553
-39.45566543744374,-2.7942908658348613
-39.45110671087109,-2.792733370967315
-39.446547984298434,-2.791176494355801
-39.44198925772577,-2.789620235859497
-39.43743053115312,-2.788064595337603
-39.43287180458046,-2.7865095726493054
-39.428313078007804,-2.784955167653817
-39.42375435143514,-2.7834013802103303
-39.41919562486249,-2.7818482101780595
-39.41463689828983,-2.7802956574162194
-39.410078171717174,-2.778743721784033
-39.40551944514451,-2.777192403140714
-39.40096071857186,-2.7756417013455006
-39.3964019919992,-2.774091616257614
-39.391843265426544,-2.772542147736303
-39.38728453885389,-2.770993295640806
-39.38272581228123,-2.769445059830362
-39.37816708570857,-2.7678974401642313
-39.373608359135915,-2.766350436501673
-39.36904963256326,-2.7648040487019396
-39.3644909059906,-2.7632582766242986
-39.35993217941794,-2.7617131201280216
-39.355373452845285,-2.760168579072384
-39.35081472627263,-2.7586246533166645
-39.34625599969997,-2.7570813427201464
-39.341697273127316,-2.755538647142121
-39.337138546554655,-2.7539965664418795
-39.332579819982,-2.7524551004787234
-39.32802109340934,-2.750914249111951
-39.32346236683669,-2.7493740122008754
-39.318903640264026,-2.747834389604803
-39.31434491369137,-2.7462953811830593
-39.30978618711871,-2.744756986794956
-39.30522746054606,-2.7432192062998304
-39.300668733973396,-2.741682039557007
-39.29611000740074,-2.7401454864258223
-39.29155128082809,-2.738609546765623
-39.28699255425543,-2.737074220435747
-39.282433827682766,-2.735539507295543
-39.27787510111011,-2.7340054072043793
-39.27331637453746,-2.732471920021604
-39.2687576479648,-2.730939045606586
-39.264198921392136,-2.7294067838186886
-39.25964019481948,-2.7278751345172956
-39.25508146824683,-2.726344097561783
-39.25052274167417,-2.7248136728115266
-39.245964015101514,-2.723283860125923
-39.24140528852885,-2.7217546593643642
-39.2368465619562,-2.7202260703862455
-39.23228783538354,-2.718698093050968
-39.227729108810884,-2.7171707272179435
-39.22317038223822,-2.7156439727465815
-39.21861165566557,-2.7141178294963004
-39.21405292909291,-2.712592297326524
-39.209494202520254,-2.7110673760966724
-39.20493547594759,-2.70954306566618
-39.20037674937494,-2.7080193658944873
-39.195818022802285,-2.70649627664103
-39.191259296229624,-2.704973797765254
-39.18670056965696,-2.7034519291266097
-39.18214184308431,-2.7019306705845554
-39.177583116511656,-2.700410021998551
-39.173024389938995,-2.6988899832280535
-39.168465663366334,-2.697370554132541
-39.16390693679368,-2.6958517345714874
-39.159348210221026,-2.694333524404374
-39.154789483648365,-2.692815923490672
-39.15023075707571,-2.6912989316898854
-39.14567203050305,-2.6897825488614986
-39.141113303930396,-2.68826677486502
-39.136554577357735,-2.6867516095599377
-39.13199585078508,-2.685237052805776
-39.12743712421242,-2.683723104462036
-39.12287839763977,-2.682209764388244
-39.118319671067106,-2.6806970324439163
-39.11376094449445,-2.6791849084885846
-39.10920221792179,-2.6776733923817786
-39.10464349134914,-2.676162483983039
-39.10008476477648,-2.674652183151909
-39.09552603820382,-2.673142489747927
-39.09096731163116,-2.6716334036306515
-39.08640858505851,-2.670124924659642
-39.08184985848585,-2.6686170526944544
-39.07729113191319,-2.6671097875946543
-39.07273240534053,-2.665603129219816
-39.06817367876788,-2.664097077429518
-39.06361495219522,-2.6625916320833385
-39.05905622562256,-2.6610867930408633
-39.05449749904991,-2.6595825601616827
-39.04993877247725,-2.658078933305394
-39.045380045904594,-2.6565759123315966
-39.04082131933193,-2.6550734970998966
-39.03626259275928,-2.653571687469906
-39.03170386618662,-2.6520704833012347
-39.027145139613964,-2.6505698844535126
-39.0225864130413,-2.6490698907863517
-39.01802768646865,-2.647570502159395
-39.01346895989599,-2.646071718432266
-39.008910233323334,-2.644573539464613
-39.00435150675068,-2.6430759651160773
-38.99979278017802,-2.6415789952463102
-38.99523405360536,-2.6400826297149633
-38.990675327032704,-2.638586868381698
-38.98611660046005,-2.6370917111061773
-38.98155787388739,-2.6355971577480717
-38.97699914731473,-2.634103208167052
-38.972440420742075,-2.632609862222809
-38.96788169416942,-2.631117119775014
-38.96332296759676,-2.6296249806833583
-38.958764241024106,-2.6281334448075384
-38.954205514451445,-2.6266425120072556
-38.94964678787879,-2.62515218214221
-38.94508806130613,-2.62366245507211
-38.940529334733476,-2.62217333065667
-38.935970608160815,-2.620684808755612
-38.93141188158816,-2.6191968892286606
-38.9268531550155,-2.6177095719355346
-38.92229442844285,-2.6162228567359778
-38.917735701870185,-2.6147367434897233
-38.91317697529753,-2.6132512320565184
-38.90861824872488,-2.611766322296112
-38.90405952215222,-2.6102820140682486
-38.899500795579556,-2.6087983072326986
-38.8949420690069,-2.607315201649221
-38.89038334243425,-2.6058326971775814
-38.88582461586159,-2.604350793677557
-38.881265889288926,-2.6028694910089225
-38.87670716271627,-2.6013887890314664
-38.87214843614362,-2.5999086876049775
-38.86758970957096,-2.5984291865892377
-38.8630309829983,-2.596950285844061
-38.85847225642564,-2.59547198522924
-38.85391352985299,-2.5939942846045905
-38.84935480328033,-2.592517183829918
-38.844796076707674,-2.591040682765047
-38.84023735013501,-2.5895647812698
-38.83567862356236,-2.5880894792040063
-38.8311198969897,-2.586614776427494
-38.826561170417044,-2.585140672800111
-38.82200244384438,-2.583667168181689
-38.81744371727173,-2.5821942624320893
-38.812884990699075,-2.580721955411159
-38.808326264126414,-2.5792502469787557
-38.80376753755375,-2.5777791369947414
-38.7992088109811,-2.5763086253189935
-38.794650084408445,-2.5748387118113825
-38.790091357835784,-2.57336939633178
-38.78553263126312,-2.571900678740077
-38.78097390469047,-2.570432558896163
-38.776415178117816,-2.5689650366599315
-38.771856451545155,-2.5674981118912754
-38.7672977249725,-2.5660317844501064
-38.76273899839984,-2.56456605419633
-38.758180271827186,-2.5631009209898625
-38.753621545254525,-2.5616363846906203
-38.74906281868187,-2.5601724451585315
-38.74450409210921,-2.5587091022535238
-38.739945365536556,-2.557246355835534
-38.735386638963895,-2.555784205764497
-38.73082791239124,-2.554322651900364
-38.72626918581858,-2.5528616941030773
-38.72171045924593,-2.551401332232599
-38.71715173267327,-2.549941566148887
-38.71259300610061,-2.548482395711904
-38.70803427952795,-2.5470238207816203
-38.7034755529553,-2.5455658412180178
-38.69891682638264,-2.544108456881069
-38.69435809980998,-2.542651667630764
-38.68979937323732,-2.541195473327093
-38.68524064666467,-2.5397398738300505
-38.68068192009201,-2.5382848689996402
-38.67612319351935,-2.536830458695862
-38.6715644669467,-2.535376642778736
-38.66700574037404,-2.5339234211082733
-38.66244701380138,-2.532470793544496
-38.65788828722872,-2.5310187599474268
-38.65332956065607,-2.5295673201771085
-38.64877083408341,-2.528116474093566
-38.644212107510754,-2.5266662215568476
-38.63965338093809,-2.5252165624269973
-38.63509465436544,-2.5237674965640755
-38.63053592779278,-2.5223190238281297
-38.625977201220124,-2.520871144079228
-38.62141847464747,-2.5194238571774363
-38.61685974807481,-2.517977162982826
-38.61230102150215,-2.5165310613554794
-38.607742294929494,-2.5150855521554774
-38.60318356835684,-2.5136406352429095
-38.59862484178418,-2.512196310477868
-38.59406611521152,-2.510752577720454
-38.589507388638864,-2.509309436830768
-38.58494866206621,-2.507866887668924
-38.58038993549355,-2.5064249300950325
-38.575831208920896,-2.5049835639692137
-38.571272482348235,-2.503542789151594
-38.56671375577558,-2.5021026055023032
-38.56215502920292,-2.5006630128814726
-38.557596302630266,-2.499224011149249
-38.553037576057605,-2.4977856001657712
-38.54847884948495,-2.4963477797911953
-38.54392012291229,-2.4949105498856756
-38.539361396339636,-2.4934739103093717
-38.534802669766975,-2.4920378609224536
-38.53024394319432,-2.4906024015850905
-38.52568521662167,-2.4891675321574587
-38.52112649004901,-2.487733252499741
-38.516567763476345,-2.486299562472126
-38.51200903690369,-2.484866461934802
-38.50745031033104,-2.483433950747973
-38.50289158375838,-2.482002028771841
-38.498332857185716,-2.480570695866607
-38.49377413061306,-2.4791399518924937
-38.48921540404041,-2.4777097967097146
-38.48465667746775,-2.476280230178496
-38.48009795089509,-2.474851252159065
-38.47553922432243,-2.4734228625116574
-38.47098049774978,-2.4719950610965142
-38.46642177117712,-2.470567847773875
-38.46186304460446,-2.4691412224039997
-38.4573043180318,-2.4677151848471324
-38.45274559145915,-2.466289734963546
-38.44818686488649,-2.464864872613498
-38.443628138313834,-2.4634405976572613
-38.43906941174117,-2.4620169099551137
-38.43451068516852,-2.4605938093673387
-38.429951958595865,-2.459171295754222
-38.425393232023204,-2.457749368976055
-38.42083450545054,-2.4563280288931337
-38.41627577887789,-2.454907275365764
-38.411717052305235,-2.453487108254261
-38.407158325732574,-2.4520675274189245
-38.40259959915991,-2.450648532720082
-38.39804087258726,-2.4492301240180563
-38.393482146014605,-2.447812301173181
-38.388923419441944,-2.4463950640457828
-38.38436469286929,-2.4449784124962086
-38.37980596629663,-2.443562346384799
-38.375247239723976,-2.442146865571909
-38.370688513151315,-2.4407319699178958
-38.36612978657866,-2.439317659283116
-38.361571060006,-2.4379039335279393
-38.357012333433346,-2.4364907925127373
-38.352453606860685,-2.4350782360978873
-38.34789488028803,-2.4336662641437727
-38.34333615371537,-2.432254876510782
-38.338777427142716,-2.430844073059308
-38.33421870057006,-2.429433853649754
-38.3296599739974,-2.4280242181425153
-38.32510124742474,-2.4266151663980047
-38.32054252085209,-2.425206698276644
-38.31598379427943,-2.423798813638849
-38.31142506770677,-2.4223915123450417
-38.30686634113411,-2.4209847942556535
-38.30230761456146,-2.4195786592311292
-38.2977488879888,-2.418173107131903
-38.29319016141614,-2.4167681378184205
-38.28863143484349,-2.4153637511511414
-38.28407270827083,-2.4139599469905186
-38.27951398169817,-2.4125567251970197
-38.27495525512551,-2.41115408563111
-38.27039652855286,-2.409752028153262
-38.2658378019802,-2.4083505526239564
-38.26127907540754,-2.4069496589036823
-38.25672034883488,-2.405549346852925
-38.25216162226223,-2.4041496163321847
-38.24760289568957,-2.402750467201953
-38.243044169116914,-2.4013518993227483
-38.23848544254426,-2.399953912555077
-38.2339267159716,-2.398556506759454
-38.22936798939894,-2.3971596817964063
-38.224809262826284,-2.3957634375264627
-38.22025053625363,-2.394367773810154
-38.21569180968097,-2.3929726905080164
-38.21113308310831,-2.3915781874805995
-38.206574356535654,-2.3901842645884512
-38.202015629963,-2.388790921692129
-38.19745690339034,-2.3873981586521875
-38.192898176817685,-2.386005975329203
-38.188339450245024,-2.3846143715837353
-38.18378072367237,-2.383223347276374
-38.17922199709971,-2.3818329022676865
-38.174663270527056,-2.380443036418278
-38.170104543954395,-2.3790537495887243
-38.16554581738174,-2.3776650416396405
-38.16098709080908,-2.3762769124316203
-38.156428364236426,-2.37488936182528
-38.151869637663765,-2.3735023896812284
-38.14731091109111,-2.3721159958600895
-38.14275218451846,-2.370730180222494
-38.138193457945796,-2.3693449426290685
-38.133634731373135,-2.3679602829404454
-38.12907600480048,-2.36657620101728
-38.12451727822783,-2.3651926967202113
-38.119958551655166,-2.3638097699098948
-38.115399825082505,-2.36242742044699
-38.11084109850985,-2.3610456481921642
-38.1062823719372,-2.3596644530060833
-38.10172364536454,-2.3582838347494226
-38.09716491879188,-2.356903793282871
-38.09260619221922,-2.355524328467104
-38.08804746564657,-2.3541454401628252
-38.08348873907391,-2.352767128230719
-38.07893001250125,-2.351389392531502
-38.07437128592859,-2.3500122329258732
-38.06981255935594,-2.3486356492745544
-38.06525383278328,-2.3472596414382583
-38.06069510621062,-2.3458842092777163
-38.05613637963796,-2.344509352653656
-38.05157765306531,-2.3431350714268158
-38.047018926492655,-2.341761365457935
-38.042460199919994,-2.3403882346077647
-38.03790147334733,-2.339015678737052
-38.03334274677468,-2.33764369770656
-38.028784020202025,-2.3362722913770555
-38.024225293629364,-2.3349014596093007
-38.0196665670567,-2.3335312022640737
-38.01510784048405,-2.3321615192021605
-38.010549113911395,-2.330792410284342
-38.005990387338734,-2.329423875371409
-38.00143166076608,-2.3280559143241653
-37.99687293419342,-2.326688527003408
-37.992314207620765,-2.325321713269949
-37.987755481048104,-2.3239554729845997
-37.98319675447545,-2.3225898060081844
-37.97863802790279,-2.32122471220152
-37.974079301330136,-2.31986019142545
-37.969520574757475,-2.3184962435407996
-37.96496184818482,-2.3171328684084203
-37.96040312161216,-2.3157700658891507
-37.955844395039506,-2.3144078358438493
-37.95128566846685,-2.31304617813338
-37.94672694189419,-2.3116850926185957
-37.94216821532153,-2.3103245791603735
-37.937609488748876,-2.3089646376195883
-37.93305076217622,-2.307605267857125
-37.92849203560356,-2.3062464697338645
-37.9239333090309,-2.3048882431107023
-37.919374582458246,-2.303530587848536
-37.91481585588559,-2.3021735038082727
-37.91025712931293,-2.300816990850818
-37.90569840274028,-2.2994610488370912
-37.90113967616762,-2.2981056776280044
-37.89658094959496,-2.296750877084495
-37.8920222230223,-2.2953966470674874
-37.88746349644965,-2.294042987437925
-37.88290476987699,-2.2926898980567447
-37.87834604330433,-2.2913373787849043
-37.87378731673167,-2.2899854294833477
-37.86922859015902,-2.288634050013048
-37.86466986358636,-2.287283240234959
-37.8601111370137,-2.2859330000100604
-37.85555241044105,-2.284583329199327
-37.85099368386839,-2.2832342276637405
-37.84643495729573,-2.2818856952642874
-37.841876230723074,-2.2805377318619695
-37.83731750415042,-2.2791903373177838
-37.83275877757776,-2.277843511492734
-37.8282000510051,-2.2764972542478312
-37.823641324432444,-2.2751515654440957
-37.81908259785979,-2.2738064449425504
-37.81452387128713,-2.2724618926042197
-37.809965144714475,-2.2711179082901425
-37.805406418141814,-2.2697744918613547
-37.80084769156916,-2.2684316431789013
-37.7962889649965,-2.2670893621038397
-37.791730238423845,-2.2657476484972223
-37.787171511851184,-2.2644065022201136
-37.78261278527853,-2.2630659231335826
-37.77805405870587,-2.2617259110986994
-37.773495332133216,-2.2603864659765485
-37.768936605560555,-2.2590475876282143
-37.7643778789879,-2.2577092759147885
-37.75981915241525,-2.2563715306973675
-37.755260425842586,-2.2550343518370526
-37.750701699269925,-2.253697739194953
-37.74614297269727,-2.2523616926321877
-37.74158424612462,-2.251026212009872
-37.737025519551956,-2.2496912971891345
-37.732466792979295,-2.2483569480311014
-37.72790806640664,-2.2470231643969183
-37.72334933983399,-2.2456899461477224
-37.718790613261326,-2.244357293144662
-37.71423188668867,-2.243025205248899
-37.70967316011601,-2.241693682321584
-37.70511443354336,-2.240362724223892
-37.7005557069707,-2.2390323308169866
-37.69599698039804,-2.237702501962057
-37.69143825382538,-2.2363732375202714
-37.68687952725273,-2.23504453735283
-37.68232080068007,-2.233716401320925
-37.67776207410741,-2.2323888292857625
-37.67320334753475,-2.231061821108538
-37.6686446209621,-2.229735376650473
-37.664085894389444,-2.228409495772783
-37.65952716781678,-2.2270841783366904
-37.65496844124412,-2.225759424203428
-37.65040971467147,-2.224435233234231
-37.645850988098815,-2.223111605290339
-37.641292261526154,-2.221788540232997
-37.63673353495349,-2.220466037923467
-37.63217480838084,-2.2191440982230017
-37.627616081808185,-2.217822720992865
-37.623057355235524,-2.2165019060943276
-37.61849862866287,-2.2151816533886692
-37.61393990209021,-2.21386196273717
-37.609381175517555,-2.212542834001121
-37.604822448944894,-2.2112242670418105
-37.60026372237224,-2.2099062617205436
-37.59570499579958,-2.20858881789862
-37.591146269226925,-2.2072719354373618
-37.586587542654264,-2.205955614198074
-37.58202881608161,-2.204639854042086
-37.57747008950895,-2.203324654830728
-37.572911362936296,-2.2020100164253313
-37.56835263636364,-2.200695938687242
-37.56379390979098,-2.1993824214778
-37.55923518321832,-2.198069464658362
-37.554676456645666,-2.196757068090285
-37.55011773007301,-2.195445231634936
-37.54555900350035,-2.1941339551536783
-37.54100027692769,-2.1928232385078967
-37.536441550355036,-2.1915130815589676
-37.53188282378238,-2.1902034841682823
-37.52732409720972,-2.1888944461972284
-37.52276537063707,-2.1875859675072133
-37.518206644064406,-2.1862780479596364
-37.51364791749175,-2.1849706874159134
-37.50908919091909,-2.1836638857374564
-37.50453046434644,-2.1823576427856963
-37.49997173777378,-2.1810519584220556
-37.49541301120112,-2.179746832507972
-37.49085428462846,-2.1784422649048865
-37.48629555805581,-2.1771382554742464
-37.48173683148315,-2.1758348040775033
-37.47717810491049,-2.1745319105761145
-37.47261937833784,-2.17322957483155
-37.46806065176518,-2.1719277967052757
-37.46350192519252,-2.170626576058767
-37.45894319861986,-2.169325912753512
-37.45438447204721,-2.168025806650995
-37.44982574547455,-2.166726257612712
-37.44526701890189,-2.1654272655001616
-37.440708292329234,-2.164128830174853
-37.43614956575658,-2.1628309514982975
-37.43159083918392,-2.1615336293320113
-37.427032112611265,-2.1602368635375204
-37.422473386038604,-2.158940653976353
-37.41791465946595,-2.15764500051005
-37.41335593289329,-2.1563499030001463
-37.408797206320635,-2.1550553613081953
-37.404238479747974,-2.153761375295749
-37.39967975317532,-2.1524679448243713
-37.39512102660266,-2.1511750697556224
-37.390562300030005,-2.149882749951078
-37.386003573457344,-2.148590985272312
-37.38144484688469,-2.1472997755809162
-37.37688612031204,-2.1460091207384733
-37.372327393739376,-2.1447190206065825
-37.367768667166715,-2.1434294750468426
-37.36320994059406,-2.142140483920865
-37.35865121402141,-2.140852047090266
-37.354092487448746,-2.1395641644166576
-37.349533760876085,-2.138276835761673
-37.34497503430343,-2.136990060986944
-37.34041630773078,-2.135703839954104
-37.335857581158116,-2.1344181725248
-37.33129885458546,-2.133133058560683
-37.3267401280128,-2.1318484979234067
-37.32218140144015,-2.130564490474635
-37.317622674867486,-2.1292810360760366
-37.31306394829483,-2.1279981345892858
-37.30850522172217,-2.126715785876057
-37.30394649514952,-2.125433989798048
-37.29938776857686,-2.124152746216942
-37.2948290420042,-2.1228720549944406
-37.29027031543154,-2.1215919159922496
-37.28571158885889,-2.120312329072078
-37.281152862286234,-2.119033294095644
-37.27659413571357,-2.117754810924667
-37.27203540914091,-2.1164768794208784
-37.26747668256826,-2.1151994994460126
-37.262917955995604,-2.1139226708618124
-37.25835922942294,-2.112646393530022
-37.25380050285028,-2.1113706673123946
-37.24924177627763,-2.110095492070693
-37.244683049704975,-2.108820867666681
-37.240124323132314,-2.1075467939621246
-37.23556559655966,-2.106273270818812
-37.231006869987,-2.105000298098516
-37.226448143414345,-2.1037278756630338
-37.221889416841684,-2.1024560033741575
-37.21733069026903,-2.101184681093689
-37.21277196369637,-2.0999139086834377
-37.208213237123715,-2.0986436860052184
-37.203654510551054,-2.09737401292085
-37.1990957839784,-2.0961048892921608
-37.19453705740574,-2.094836314980977
-37.189978330833085,-2.0935682898491486
-37.18541960426043,-2.0923008137585115
-37.18086087768777,-2.091033886570918
-37.17630215111511,-2.0897675081482268
-37.171743424542456,-2.0885016783523005
-37.1671846979698,-2.0872363970450114
-37.16262597139714,-2.0859716640882295
-37.15806724482448,-2.0847074793438387
-37.153508518251826,-2.083443842673729
-37.14894979167917,-2.082180753939794
-37.14439106510651,-2.0809182130039288
-37.13983233853386,-2.0796562197280455
-37.135273611961196,-2.0783947739740545
-37.13071488538854,-2.077133875603877
-37.12615615881588,-2.0758735244794306
-37.12159743224323,-2.0746137204626542
-37.117038705670566,-2.0733544634154826
-37.11247997909791,-2.0720957531998576
-37.10792125252525,-2.070837589677728
-37.1033625259526,-2.0695799727110558
-37.09880379937994,-2.068322902161791
-37.09424507280728,-2.0670663778919125
-37.08968634623463,-2.065810399763395
-37.08512761966197,-2.06455496763821
-37.08056889308931,-2.063300081378351
-37.07601016651665,-2.0620457408458113
-37.071451439944,-2.0607919459025874
-37.06689271337134,-2.0595386964106823
-37.06233398679868,-2.058285992232113
-37.05777526022602,-2.057033833228898
-37.05321653365337,-2.0557822192630555
-37.04865780708071,-2.0545311501966186
-37.044099080508055,-2.0532806258916247
-37.039540353935394,-2.0520306462101163
-37.03498162736274,-2.050781211014143
-37.03042290079008,-2.049532320165754
-37.025864174217425,-2.0482839735270204
-37.021305447644764,-2.047036170960004
-37.01674672107211,-2.045788912326785
-37.01218799449945,-2.0445421974894304
-37.007629267926795,-2.0432960263100415
-37.003070541354134,-2.0420503986506997
-36.99851181478148,-2.040805314373514
-36.993953088208826,-2.039560773340582
-36.989394361636165,-2.038316775414018
-36.984835635063504,-2.037073320455939
-36.98027690849085,-2.0358304083284726
-36.9757181819182,-2.0345880388937463
-36.971159455345536,-2.033346212013895
-36.966600728772875,-2.0321049275510643
-36.96204200220022,-2.030864185367404
-36.95748327562757,-2.029623985325069
-36.952924549054906,-2.028384327286218
-36.94836582248225,-2.027145211113026
-36.94380709590959,-2.0259066366676595
-36.93924836933694,-2.024668603812306
-36.934689642764276,-2.0234311124091464
-36.93013091619162,-2.0221941623203805
-36.92557218961896,-2.020957753408204
-36.92101346304631,-2.019721885534825
-36.916454736473646,-2.0184865585624525
-36.91189600990099,-2.0172517723533105
-36.90733728332833,-2.0160175267696183
-36.90277855675568,-2.0147838216736136
-36.898219830183024,-2.013550656927526
-36.89366110361036,-2.0123180323936074
-36.8891023770377,-2.0110859479341006
-36.88454365046505,-2.009854403411272
-36.879984923892394,-2.008623398687377
-36.87542619731973,-2.007392933624686
-36.87086747074707,-2.006163008085475
-36.86630874417442,-2.0049336219320297
-36.861750017601764,-2.0037047750266352
-36.8571912910291,-2.00247646723159
-36.85263256445645,-2.001248698409189
-36.84807383788379,-2.0000214684217434
-36.843515111311135,-1.9987947771315686
-36.838956384738474,-1.997568624400985
-36.83439765816582,-1.996343010092315
-36.82983893159316,-1.9951179340678955
-36.825280205020505,-1.9938933961900691
-36.820721478447844,-1.9926693963211755
-36.81616275187519,-1.991445934323566
-36.81160402530253,-1.9902230100596057
-36.807045298729875,-1.9890006233916577
-36.80248657215722,-1.9877787741820916
-36.79792784558456,-1.9865574622932867
-36.7933691190119,-1.9853366875876246
-36.788810392439245,-1.9841164499275017
-36.78425166586659,-1.9828967491753107
-36.77969293929393,-1.9816775851934565
-36.77513421272127,-1.980458957844347
-36.770575486148616,-1.9792408669904042
-36.76601675957596,-1.9780233124940476
-36.7614580330033,-1.9768062942177054
-36.75689930643065,-1.975589812023814
-36.752340579857986,-1.9743738657748175
-36.74778185328533,-1.9731584553331634
-36.74322312671267,-1.9719435805613037
-36.73866440014002,-1.9707292413217055
-36.734105673567356,-1.9695154374768322
-36.7295469469947,-1.9683021688891638
-36.72498822042204,-1.9670894354211734
-36.72042949384939,-1.9658772369353588
-36.715870767276726,-1.964665573294199
-36.71131204070407,-1.9634544443602124
-36.70675331413142,-1.962243849995892
-36.70219458755876,-1.961033790063757
-36.6976358609861,-1.9598242644263222
-36.69307713441344,-1.958615272946122
-36.68851840784079,-1.957406815485685
-36.68395968126813,-1.956198891907545
-36.67940095469547,-1.9549915020742559
-36.67484222812281,-1.9537846458483692
-36.67028350155016,-1.9525783230924398
-36.6657247749775,-1.951372533669034
-36.661166048404844,-1.950167277440725
-36.65660732183218,-1.9489625542700904
-36.65204859525953,-1.9477583640197143
-36.64748986868687,-1.9465547065521862
-36.642931142114215,-1.9453515817301104
-36.63837241554155,-1.9441489894160824
-36.6338136889689,-1.9429469294727224
-36.62925496239624,-1.9417454017626417
-36.624696235823585,-1.9405444061484631
-36.620137509250924,-1.9393439424928232
-36.61557878267827,-1.938144010658353
-36.611020056105616,-1.9369446105077017
-36.606461329532955,-1.935745741903512
-36.601902602960294,-1.9345474047084465
-36.59734387638764,-1.9333495987851694
-36.592785149814986,-1.9321523239963483
-36.588226423242325,-1.9309555802046539
-36.583667696669664,-1.9297593672727784
-36.57910897009701,-1.9285636850634071
-36.57455024352436,-1.9273685334392363
-36.569991516951696,-1.9261739122629657
-36.56543279037904,-1.9249798213973113
-36.56087406380638,-1.923786260704983
-36.55631533723373,-1.9225932300487052
-36.551756610661066,-1.921400729291206
-36.54719788408841,-1.9202087582952225
-36.54263915751575,-1.9190173169234968
-36.5380804309431,-1.917826405038776
-36.533521704370436,-1.9166360225038166
-36.52896297779778,-1.9154461691813816
-36.52440425122512,-1.9142568449342365
-36.51984552465247,-1.9130680496251604
-36.51528679807981,-1.9118797831169316
-36.51072807150715,-1.9106920452723386
-36.50616934493449,-1.9095048359541762
-36.50161061836184,-1.908318155025253
-36.497051891789184,-1.9071320023483695
-36.49249316521652,-1.905946377786344
-36.48793443864386,-1.9047612812019943
-36.48337571207121,-1.9035767124581535
-36.478816985498554,-1.9023926714176527
-36.47425825892589,-1.9012091579433388
-36.46969953235324,-1.9000261718980522
-36.46514080578058,-1.8988437131446514
-36.460582079207924,-1.897661781545999
-36.45602335263526,-1.8964803769649616
-36.45146462606261,-1.8952994992644157
-36.44690589948995,-1.8941191483072417
-36.442347172917295,-1.8929393239563264
-36.43778844634463,-1.8917600260745644
-36.43322971977198,-1.8905812545248613
-36.42867099319932,-1.8894030091701206
-36.424112266626665,-1.8882252898732594
-36.41955354005401,-1.8870480964971976
-36.41499481348135,-1.8858714289048626
-36.41043608690869,-1.8846952869591929
-36.405877360336035,-1.8835196705231279
-36.40131863376338,-1.8823445794596179
-36.39675990719072,-1.881170013631616
-36.39220118061806,-1.8799959729020823
-36.387642454045405,-1.8788224571339873
-36.38308372747275,-1.8776494661903063
-36.37852500090009,-1.8764769999340185
-36.37396627432744,-1.8753050582281143
-36.369407547754776,-1.8741336409355895
-36.36484882118212,-1.872962747919447
-36.36029009460946,-1.8717923790426936
-36.35573136803681,-1.870622534168347
-36.351172641464146,-1.8694532131594228
-36.34661391489149,-1.868284415878958
-36.34205518831883,-1.867116142189985
-36.33749646174618,-1.8659483919555444
-36.332937735173516,-1.8647811650386874
-36.32837900860086,-1.8636144613024699
-36.32382028202821,-1.8624482806099547
-36.31926155545555,-1.861282622824212
-36.314702828882886,-1.860117487808315
-36.31014410231023,-1.8589528754253495
-36.30558537573758,-1.857788785538406
-36.30102664916492,-1.8566252180105747
-36.29646792259226,-1.8554621727049632
-36.2919091960196,-1.854299649484685
-36.28735046944695,-1.8531376482128532
-36.28279174287429,-1.8519761687525913
-36.278233016301634,-1.85081521096703
-36.27367428972897,-1.8496547747193064
-36.26911556315632,-1.8484948598725663
-36.26455683658366,-1.8473354662899584
-36.259998110011004,-1.8461765938346393
-36.25543938343834,-1.8450182423697754
-36.25088065686569,-1.843860411758541
-36.24632193029303,-1.8427031018641082
-36.241763203720375,-1.841546312549663
-36.23720447714771,-1.8403900436784013
-36.23264575057506,-1.8392342951135174
-36.228087024002406,-1.8380790667182199
-36.223528297429745,-1.8369243583557158
-36.218969570857084,-1.8357701698892284
-36.21441084428443,-1.8346165011819837
-36.209852117711776,-1.8334633520972141
-36.205293391139115,-1.8323107224981565
-36.200734664566454,-1.8311586122480594
-36.1961759379938,-1.8300070212101753
-36.191617211421146,-1.828855949247765
-36.187058484848485,-1.827705396224095
-36.18249975827583,-1.82655536200244
-36.17794103170317,-1.8254058464460772
-36.17338230513052,-1.824256849418302
-36.168823578557856,-1.8231083707823974
-36.1642648519852,-1.821960410401675
-36.15970612541254,-1.820812968139438
-36.15514739883989,-1.8196660438590024
-36.150588672267226,-1.8185196374236867
-36.14602994569457,-1.8173737486968276
-36.14147121912191,-1.8162283775417543
-36.13691249254926,-1.815083523821812
-36.1323537659766,-1.8139391874003499
-36.12779503940394,-1.812795368140723
-36.12323631283128,-1.8116520659062927
-36.11867758625863,-1.8105092805604377
-36.11411885968597,-1.8093670119665275
-36.10956013311331,-1.8082252599879463
-36.10500140654065,-1.8070840244880888
-36.100442679968,-1.8059433053303513
-36.095883953395344,-1.804803102378139
-36.09132522682268,-1.80366341549486
-36.08676650025003,-1.80252424454394
-36.08220777367737,-1.8013855893887973
-36.077649047104714,-1.800247449892873
-36.07309032053205,-1.7991098259195966
-36.0685315939594,-1.7979727173324216
-36.06397286738674,-1.7968361239947974
-36.059414140814084,-1.79570004577019
-36.05485541424142,-1.7945644825220581
-36.05029668766877,-1.7934294341138852
-36.04573796109611,-1.7922949004091464
-36.041179234523455,-1.791160881271331
-36.0366205079508,-1.7900273765639365
-36.03206178137814,-1.7888943861504625
-36.02750305480548,-1.7877619098944193
-36.022944328232825,-1.7866299476593235
-36.01838560166017,-1.7854984993086982
-36.01382687508751,-1.7843675647060715
-36.00926814851485,-1.7832371437149797
-36.004709421942195,-1.782107236198972
-36.00015069536954,-1.7809778420215978
-35.99559196879688,-1.7798489610464117
-35.991033242224226,-1.7787205931369847
-35.986474515651565,-1.7775927381568788
-35.98191578907891,-1.7764653959696828
-35.97735706250625,-1.7753385664389787
-35.9727983359336,-1.774212249428365
-35.968239609360936,-1.773086444801431
-35.96368088278828,-1.771961152421795
-35.95912215621562,-1.7708363721530633
-35.95456342964297,-1.7697121038588646
-35.950004703070306,-1.768588347402819
-35.94544597649765,-1.7674651026485708
-35.940887249925,-1.7663423694597535
-35.93632852335234,-1.7652201477000187
-35.931769796779676,-1.7640984372330284
-35.92721107020702,-1.7629772379224409
-35.92265234363437,-1.7618565496319296
-35.91809361706171,-1.7607363722251705
-35.913534890489046,-1.7596167055658467
-35.90897616391639,-1.7584975495176551
-35.90441743734374,-1.7573789039442906
-35.89985871077108,-1.75626076870946
-35.895299984198424,-1.755143143676877
-35.89074125762576,-1.7540260287102607
-35.88618253105311,-1.752909423673338
-35.88162380448045,-1.7517933284298435
-35.877065077907794,-1.7506777428435207
-35.87250635133513,-1.7495626667781141
-35.86794762476248,-1.748448100097384
-35.86338889818982,-1.747334042665087
-35.858830171617164,-1.7462204943450021
-35.8542714450445,-1.7451074550008958
-35.84971271847185,-1.743994924496561
-35.845153991899195,-1.742882902695782
-35.840595265326535,-1.741771389462359
-35.83603653875387,-1.7406603846600992
-35.83147781218122,-1.7395498881528144
-35.826919085608566,-1.7384398998043253
-35.822360359035905,-1.7373304194784545
-35.817801632463244,-1.7362214470390396
-35.81324290589059,-1.7351129823499214
-35.808684179317936,-1.7340050252749457
-35.804125452745275,-1.7328975756779703
-35.79956672617262,-1.7317906334228579
-35.79500799959996,-1.7306841983734753
-35.790449273027306,-1.7295782703937026
-35.785890546454645,-1.7284728493474215
-35.78133181988199,-1.727367935098527
-35.77677309330933,-1.7262635275109086
-35.77221436673668,-1.7251596264484814
-35.767655640164016,-1.7240562317751527
-35.76309691359136,-1.7229533433548452
-35.7585381870187,-1.7218509610514825
-35.75397946044605,-1.7207490847290017
-35.74942073387339,-1.7196477142513444
-35.74486200730073,-1.718546849482456
-35.74030328072807,-1.7174464902862956
-35.73574455415542,-1.7163466365268243
-35.73118582758276,-1.7152472880680147
-35.7266271010101,-1.7141484447738413
-35.72206837443744,-1.7130501065082882
-35.71750964786479,-1.7119522731353523
-35.71295092129213,-1.7108549445190269
-35.70839219471947,-1.7097581205233212
-35.70383346814682,-1.7086618010122483
-35.69927474157416,-1.7075659858498278
-35.694716015001504,-1.7064706749000886
-35.69015728842884,-1.7053758680270652
-35.68559856185619,-1.704281565094802
-35.68103983528353,-1.7031877659673467
-35.676481108710874,-1.7020944705087582
-35.67192238213821,-1.7010016785830973
-35.66736365556556,-1.6999093900544382
-35.6628049289929,-1.6988176047868593
-35.658246202420244,-1.6977263226444448
-35.65368747584759,-1.6966355434912919
-35.64912874927493,-1.695545267191495
-35.64457002270227,-1.694455493609166
-35.640011296129614,-1.6933662226084212
-35.63545256955696,-1.6922774540533818
-35.6308938429843,-1.6911891878081715
-35.62633511641164,-1.6901014237369347
-35.621776389838985,-1.6890141617038117
-35.61721766326633,-1.6879274015729586
-35.61265893669367,-1.6868411432085262
-35.608100210121016,-1.6857553864746895
-35.603541483548355,-1.6846701312356147
-35.5989827569757,-1.6835853773554845
-35.59442403040304,-1.6825011246984887
-35.589865303830386,-1.6814173731288211
-35.585306577257725,-1.6803341225106834
-35.58074785068507,-1.679251372708289
-35.57618912411241,-1.67816912358585
-35.57163039753976,-1.6770873750075967
-35.567071670967096,-1.6760061268377555
-35.56251294439444,-1.6749253789405725
-35.55795421782179,-1.6738451311802884
-35.55339549124913,-1.6727653834211567
-35.548836764676466,-1.6716861355274408
-35.54427803810381,-1.6706073873634109
-35.53971931153116,-1.669529138793341
-35.5351605849585,-1.6684513896815123
-35.530601858385836,-1.6673741398922217
-35.52604313181318,-1.6662973892897617
-35.52148440524053,-1.6652211377384376
-35.51692567866787,-1.664145385102565
-35.51236695209521,-1.6630701312464662
-35.50780822552255,-1.6619953760344601
-35.5032494989499,-1.6609211193308941
-35.49869077237724,-1.6598473610000972
-35.494132045804584,-1.6587741009064292
-35.48957331923192,-1.6577013389142405
-35.48501459265927,-1.6566290748879022
-35.48045586608661,-1.6555573086917807
-35.475897139513954,-1.6544860401902552
-35.47133841294129,-1.6534152692477162
-35.46677968636864,-1.6523449957285556
-35.462220959795985,-1.6512752194971758
-35.457662233223324,-1.6502059404179827
-35.45310350665066,-1.6491371583553947
-35.44854478007801,-1.6480688731738407
-35.443986053505355,-1.647001084737745
-35.439427326932694,-1.6459337929115436
-35.43486860036003,-1.644866997559692
-35.43030987378738,-1.6438006985466382
-35.425751147214726,-1.6427348957368437
-35.421192420642065,-1.6416695889947772
-35.41663369406941,-1.640604778184914
-35.41207496749675,-1.6395404631717392
-35.407516240924096,-1.6384766438197407
-35.402957514351435,-1.6374133199934164
-35.39839878777878,-1.6363504915572782
-35.39384006120612,-1.6352881583758323
-35.389281334633466,-1.634226320313601
-35.384722608060805,-1.633164977235113
-35.38016388148815,-1.6321041290049056
-35.37560515491549,-1.63104377548752
-35.37104642834284,-1.6299839165475085
-35.36648770177018,-1.6289245520494267
-35.36192897519752,-1.6278656818578372
-35.35737024862486,-1.626807305837321
-35.35281152205221,-1.6257494238524544
-35.34825279547955,-1.6246920357678223
-35.34369406890689,-1.6236351414480272
-35.33913534233423,-1.6225787407576635
-35.33457661576158,-1.6215228335613499
-35.33001788918892,-1.6204674197237012
-35.32545916261626,-1.6194124991093433
-35.32090043604361,-1.618358071582907
-35.31634170947095,-1.617304137009035
-35.31178298289829,-1.616250695252377
-35.30722425632563,-1.615197746177584
-35.30266552975298,-1.6141452896493251
-35.29810680318032,-1.6130933255322653
-35.293548076607664,-1.6120418536910883
-35.288989350035,-1.6109908739904757
-35.28443062346235,-1.609940386295124
-35.27987189688969,-1.6088903904697296
-35.275313170317034,-1.6078408863790068
-35.27075444374438,-1.6067918738876708
-35.26619571717172,-1.6057433528604392
-35.26163699059906,-1.6046953231620495
-35.257078264026404,-1.6036477846572392
-35.25251953745375,-1.6026007372107556
-35.24796081088109,-1.6015541806873488
-35.24340208430843,-1.600508114951782
-35.238843357735774,-1.5994625398688294
-35.23428463116312,-1.5984174553032606
-35.22972590459046,-1.5973728611198617
-35.225167178017806,-1.5963287571834281
-35.220608451445145,-1.595285143358757
-35.21604972487249,-1.5942420195106541
-35.21149099829983,-1.5931993855039357
-35.206932271727176,-1.5921572412034257
-35.202373545154515,-1.5911155864739497
-35.19781481858186,-1.590074421180351
-35.1932560920092,-1.5890337451874688
-35.188697365436546,-1.587993558360164
-35.184138638863885,-1.5869538605632874
-35.17957991229123,-1.5859146516617157
-35.17502118571858,-1.5848759315203196
-35.17046245914592,-1.5838377000039827
-35.165903732573256,-1.582799956977598
-35.1613450060006,-1.581762702306064
-35.15678627942795,-1.580725935854286
-35.15222755285529,-1.5796896574871802
-35.147668826282626,-1.578653867069664
-35.14311009970997,-1.5776185644666711
-35.13855137313732,-1.5765837495431376
-35.13399264656466,-1.575549422164006
-35.129433919992,-1.5745155821942325
-35.12487519341934,-1.5734822294987725
-35.12031646684669,-1.5724493639425994
-35.11575774027403,-1.5714169853906808
-35.11119901370137,-1.5703850937080086
-35.10664028712871,-1.569353688759565
-35.10208156055606,-1.5683227704103555
-35.0975228339834,-1.5672923385253856
-35.092964107410744,-1.566262392969664
-35.08840538083808,-1.565232933608219
-35.08384665426543,-1.5642039603060736
-35.079287927692775,-1.5631754729282703
-35.074729201120114,-1.5621474713398502
-35.07017047454745,-1.5611199554058668
-35.0656117479748,-1.5600929249913829
-35.061053021402145,-1.5590663799614617
-35.056494294829484,-1.5580403201811825
-35.05193556825682,-1.5570147455156265
-35.04737684168417,-1.5559896558298896
-35.042818115111515,-1.5549650509890642
-35.038259388538854,-1.5539409308582612
-35.0337006619662,-1.552917295302593
-35.02914193539354,-1.5518941441871812
-35.024583208820886,-1.5508714773771601
-35.020024482248225,-1.5498492947376643
-35.01546575567557,-1.5488275961338378
-35.01090702910291,-1.5478063814308354
-35.006348302530256,-1.546785650493819
-35.001789575957595,-1.5457654031879557
-34.99723084938494,-1.544745639378426
-34.99267212281228,-1.543726358930406
-34.988113396239626,-1.5427075617090968
-34.98355466966697,-1.5416892475796955
-34.97899594309431,-1.5406714164074085
-34.97443721652165,-1.539654068057451
-34.969878489949,-1.5386372023950474
-34.96531976337634,-1.5376208192854295
-34.96076103680368,-1.5366049185938353
-34.95620231023102,-1.5355895001855098
-34.95164358365837,-1.5345745639257122
-34.94708485708571,-1.5335601096797014
-34.94252613051305,-1.5325461373127505
-34.9379674039404,-1.5315326466901322
-34.93340867736774,-1.5305196376771384
-34.92884995079508,-1.52950711013906
-34.92429122422242,-1.5284950639411987
-34.91973249764977,-1.5274834989488646
-34.91517377107711,-1.5264724150273732
-34.91061504450445,-1.5254618120420549
-34.90605631793179,-1.5244516898582365
-34.90149759135914,-1.5234420483412625
-34.89693886478648,-1.5224328873564783
-34.892380138213824,-1.5214242067692438
-34.88782141164117,-1.520416006444924
-34.88326268506851,-1.5194082862488867
-34.87870395849585,-1.5184010460465147
-34.874145231923194,-1.5173942857032006
-34.86958650535054,-1.516388005084333
-34.86502777877788,-1.515382204055319
-34.86046905220522,-1.51437688248157
-34.855910325632564,-1.5133720402285082
-34.85135159905991,-1.5123676771615573
-34.84679287248725,-1.511363793146156
-34.842234145914595,-1.510360388047746
-34.837675419341934,-1.5093574617317769
-34.83311669276928,-1.5083550140637132
-34.82855796619662,-1.5073530449090133
-34.823999239623966,-1.5063515541331618
-34.819440513051305,-1.5053505416016348
-34.81488178647865,-1.5043500071799278
-34.81032305990599,-1.503349950733536
-34.805764333333336,-1.5023503721279707
-34.801205606760675,-1.5013512712287398
-34.79664688018802,-1.500352647901373
-34.79208815361537,-1.4993545020113974
-34.787529427042706,-1.4983568334243507
-34.782970700470045,-1.4973596420057806
-34.77841197389739,-1.4963629276212442
-34.77385324732474,-1.4953666901362987
-34.76929452075208,-1.494370929416517
-34.764735794179416,-1.4933756453274791
-34.76017706760676,-1.4923808377347711
-34.75561834103411,-1.4913865065039866
-34.75105961446145,-1.4903926515007249
-34.74650088788879,-1.4893992725906002
-34.74194216131613,-1.4884063696392278
-34.73738343474348,-1.487413942512239
-34.73282470817082,-1.4864219910752625
-34.72826598159816,-1.4854305151939433
-34.7237072550255,-1.4844395147339322
-34.71914852845285,-1.4834489895608858
-34.71458980188019,-1.4824589395404704
-34.71003107530753,-1.4814693645383628
-34.70547234873487,-1.4804802644202424
-34.70091362216222,-1.479491639051802
-34.696354895589565,-1.4785034882987405
-34.691796169016904,-1.477515812026759
-34.68723744244424,-1.476528610101576
-34.68267871587159,-1.4755418823889168
-34.678119989298935,-1.4745556287545052
-34.673561262726274,-1.4735698490640843
-34.66900253615361,-1.4725845431833982
-34.66444380958096,-1.471599710978209
-34.659885083008305,-1.4706153523142695
-34.655326356435644,-1.4696314670573531
-34.65076762986299,-1.4686480550732428
-34.64620890329033,-1.4676651162277201
-34.641650176717675,-1.4666826503865864
-34.637091450145014,-1.4657006574156388
-34.63253272357236,-1.4647191371806916
-34.6279739969997,-1.4637380895475625
-34.623415270427046,-1.462757514382082
-34.618856543854385,-1.4617774115500786
-34.61429781728173,-1.4607977809174053
-34.60973909070907,-1.4598186223499063
-34.605180364136416,-1.4588399357134452
-34.60062163756376,-1.4578617208738878
-34.5960629109911,-1.456883977697111
-34.59150418441844,-1.4559067060489963
-34.586945457845786,-1.4549299057954401
-34.58238673127313,-1.453953576802341
-34.57782800470047,-1.452977718935607
-34.57326927812781,-1.452002332061152
-34.56871055155516,-1.4510274160449066
-34.5641518249825,-1.4500529707528
-34.55959309840984,-1.4490789960507728
-34.55503437183719,-1.4481054918047758
-34.55047564526453,-1.4471324578807627
-34.54591691869187,-1.4461598941447025
-34.54135819211921,-1.4451878004625698
-34.53679946554656,-1.4442161767003425
-34.5322407389739,-1.4432450227240123
-34.52768201240124,-1.442274338399576
-34.52312328582858,-1.4413041235930435
-34.51856455925593,-1.4403343781704239
-34.51400583268327,-1.4393651019977447
-34.50944710611061,-1.4383962949410334
-34.50488837953796,-1.4374279568663304
-34.5003296529653,-1.4364600876396791
-34.49577092639264,-1.435492687127139
-34.491212199819984,-1.434525755194775
-34.48665347324733,-1.4335592917086575
-34.48209474667467,-1.432593296534861
-34.47753602010201,-1.431627769539477
-34.472977293529354,-1.4306627105886074
-34.4684185669567,-1.4296981195483494
-34.46385984038404,-1.4287339962848165
-34.459301113811385,-1.427770340664137
-34.454742387238724,-1.4268071525524293
-34.45018366066607,-1.425844431815839
-34.44562493409341,-1.4248821783205046
-34.441066207520755,-1.4239203919325918
-34.436507480948094,-1.422959072518248
-34.43194875437544,-1.4219982199436545
-34.42739002780278,-1.4210378340749832
-34.422831301230126,-1.4200779147784262
-34.418272574657465,-1.4191184619201764
-34.41371384808481,-1.4181594753664364
-34.40915512151216,-1.417200954983422
-34.404596394939496,-1.4162429006373456
-34.400037668366835,-1.4152853121944402
-34.39547894179418,-1.4143281895209439
-34.39092021522153,-1.4133715324830984
-34.386361488648866,-1.412415340947157
-34.381802762076205,-1.4114596147793808
-34.37724403550355,-1.4105043538460424
-34.3726853089309,-1.4095495580134179
-34.36812658235824,-1.4085952271477917
-34.36356785578558,-1.4076413611154608
-34.35900912921292,-1.4066879597827253
-34.35445040264027,-1.4057350230159018
-34.34989167606761,-1.4047825506813036
-34.34533294949495,-1.4038305426452606
-34.34077422292229,-1.4028789987741097
-34.33621549634964,-1.4019279189341964
-34.33165676977698,-1.4009773029918684
-34.32709804320432,-1.400027150813494
-34.32253931663166,-1.3990774622654374
-34.31798059005901,-1.3981282372140786
-34.313421863486354,-1.3971794755258036
-34.30886313691369,-1.3962311770670053
-34.30430441034103,-1.395283341704086
-34.29974568376838,-1.3943359693034594
-34.295186957195725,-1.3933890597315473
-34.290628230623064,-1.3924426128547707
-34.2860695040504,-1.3914966285395682
-34.28151077747775,-1.3905511066523881
-34.276952050905095,-1.3896060470596834
-34.272393324332434,-1.3886614496279077
-34.26783459775978,-1.38771731422354
-34.26327587118712,-1.3867736407130522
-34.258717144614465,-1.3858304289629342
-34.254158418041804,-1.3848876788396813
-34.24959969146915,-1.3839453902097933
-34.24504096489649,-1.3830035629397845
-34.240482238323835,-1.3820621968961737
-34.235923511751174,-1.381121291945493
-34.23136478517852,-1.380180847954275
-34.22680605860586,-1.3792408647890664
-34.222247332033206,-1.3783013423164228
-34.21768860546055,-1.3773622804029055
-34.21312987888789,-1.376423678915082
-34.20857115231523,-1.3754855377195367
-34.204012425742576,-1.3745478566828535
-34.19945369916992,-1.373610635671629
-34.19489497259726,-1.3726738745524687
-34.1903362460246,-1.3717375731919845
-34.185777519451946,-1.3708017314567977
-34.18121879287929,-1.3698663492135394
-34.17666006630663,-1.368931426328846
-34.17210133973398,-1.3679969626693655
-34.16754261316132,-1.3670629581017517
-34.16298388658866,-1.3661294124926702
-34.158425160016,-1.3651963257087907
-34.15386643344335,-1.3642636976167957
-34.14930770687069,-1.3633315280833747
-34.14474898029803,-1.3623998169752243
-34.14019025372537,-1.3614685641590476
-34.13563152715272,-1.3605377695015652
-34.13107280058006,-1.359607432869493
-34.1265140740074,-1.3586775541295697
-34.12195534743475,-1.3577481331485326
-34.11739662086209,-1.3568191697931282
-34.11283789428943,-1.3558906639301158
-34.10827916771677,-1.35496261542626
-34.10372044114412,-1.3540350241483365
-34.09916171457146,-1.353107889963126
-34.0946029879988,-1.352181212737418
-34.090044261426144,-1.3512549923380175
-34.08548553485349,-1.35032922863173
-34.08092680828083,-1.3494039214853697
-34.076368081708175,-1.3484790707657683
-34.071809355135514,-1.347554676339752
-34.06725062856286,-1.3466307380741689
-34.0626919019902,-1.3457072558358667
-34.058133175417545,-1.344784229491707
-34.053574448844884,-1.3438616589085575
-34.04901572227223,-1.3429395439532945
-34.04445699569957,-1.342017884492803
-34.039898269126915,-1.3410966803939766
-34.035339542554254,-1.3401759315237212
-34.0307808159816,-1.3392556377489424
-34.02622208940895,-1.3383357989365618
-34.021663362836286,-1.3374164149535086
-34.017104636263625,-1.3364974856667196
-34.01254590969097,-1.335579010943139
-34.00798718311832,-1.3346609906497213
-34.003428456545656,-1.33374342465343
-33.998869729972995,-1.3328263128212332
-33.99431100340034,-1.3319096550201148
-33.98975227682769,-1.3309934511170622
-33.985193550255026,-1.3300777009790705
-33.980634823682365,-1.3291624044731436
-33.97607609710971,-1.3282475614663027
-33.97151737053706,-1.327333171825566
-33.9669586439644,-1.326419235417963
-33.962399917391735,-1.325505752110541
-33.95784119081908,-1.3245927217703426
-33.95328246424643,-1.323680144264426
-33.948723737673774,-1.3227680194598603
-33.94416501110111,-1.321856347223718
-33.93960628452845,-1.3209451274230828
-33.9350475579558,-1.320034359925049
-33.930488831383144,-1.3191240445967152
-33.92593010481048,-1.31821418130519
-33.92137137823782,-1.3173047699175924
-33.91681265166517,-1.3163958103010533
-33.912253925092514,-1.3154873023227034
-33.90769519851985,-1.3145792458496874
-33.90313647194719,-1.3136716407491587
-33.89857774537454,-1.312764486888282
-33.894019018801885,-1.3118577841342238
-33.889460292229224,-1.3109515323541636
-33.88490156565656,-1.3100457314152893
-33.88034283908391,-1.3091403811848015
-33.875784112511255,-1.3082354815299009
-33.871225385938594,-1.3073310323177998
-33.86666665936593,-1.306427033415723
-33.86210793279328,-1.305523484690906
-33.857549206220625,-1.3046203860105854
-33.85299047964797,-1.3037177372420063
-33.84843175307531,-1.3028155382524307
-33.84387302650265,-1.3019137889091241
-33.839314299929995,-1.3010124890793617
-33.83475557335734,-1.3001116386304277
-33.83019684678468,-1.2992112374296132
-33.82563812021202,-1.298311285344218
-33.821079393639366,-1.297411782241558
-33.81652066706671,-1.2965127279889486
-33.81196194049405,-1.2956141224537148
-33.80740321392139,-1.2947159655031948
-33.802844487348736,-1.2938182570047363
-33.79828576077608,-1.2929209968256932
-33.79372703420342,-1.2920241848334246
-33.78916830763076,-1.2911278208953034
-33.784609581058106,-1.2902319048787123
-33.78005085448545,-1.2893364366510365
-33.77549212791279,-1.2884414160796782
-33.77093340134013,-1.2875468430320391
-33.76637467476748,-1.2866527173755413
-33.76181594819482,-1.285759038977603
-33.75725722162217,-1.2848658077056634
-33.75269849504951,-1.2839730234271576
-33.74813976847685,-1.283080686009541
-33.74358104190419,-1.282188795320272
-33.73902231533154,-1.2812973512268222
-33.73446358875888,-1.2804063535966625
-33.72990486218622,-1.2795158022972826
-33.72534613561356,-1.2786256971961794
-33.72078740904091,-1.2777360381608562
-33.71622868246825,-1.2768468250588223
-33.71166995589559,-1.275958057757603
-33.70711122932293,-1.2750697361247272
-33.70255250275028,-1.274181860027735
-33.69799377617762,-1.2732944293341721
-33.69343504960496,-1.2724074439115995
-33.688876323032304,-1.271520903627582
-33.68431759645965,-1.270634808349692
-33.67975886988699,-1.2697491579455153
-33.67520014331433,-1.2688639522826415
-33.670641416741674,-1.2679791912286802
-33.66608269016902,-1.2670948746512347
-33.661523963596366,-1.266211002417926
-33.656965237023705,-1.2653275743963819
-33.652406510451044,-1.264444590454238
-33.64784778387839,-1.2635620504591456
-33.643289057305736,-1.2626799542787548
-33.638730330733075,-1.2617983017807317
-33.634171604160414,-1.2609170928327487
-33.62961287758776,-1.2600363273024866
-33.62505415101511,-1.2591560050576394
-33.620495424442446,-1.258276125965902
-33.615936697869785,-1.2573966898949862
-33.61137797129713,-1.2565176967126077
-33.60681924472448,-1.2556391462864964
-33.602260518151816,-1.2547610384843835
-33.597701791579155,-1.2538833731740144
-33.5931430650065,-1.2530061502231438
-33.58858433843385,-1.2521293694995355
-33.584025611861186,-1.2512530308709555
-33.579466885288525,-1.2503771342051888
-33.57490815871587,-1.2495016793700249
-33.57034943214322,-1.2486266662332572
-33.56579070557056,-1.2477520946626988
-33.5612319789979,-1.24687796452616
-33.55667325242524,-1.2460042756914707
-33.55211452585259,-1.245131028026463
-33.547555799279934,-1.2442582213989832
-33.54299707270727,-1.2433858556768775
-33.53843834613461,-1.24251393072801
-33.53387961956196,-1.241642446420254
-33.529320892989304,-1.2407714026214867
-33.52476216641664,-1.2399007991995938
-33.52020343984398,-1.2390306360224743
-33.51564471327133,-1.2381609129580355
-33.511085986698674,-1.237291629874195
-33.50652726012601,-1.2364227866388704
-33.50196853355335,-1.2355543831200018
-33.4974098069807,-1.2346864191855287
-33.492851080408045,-1.2338188947034026
-33.488292353835384,-1.232951809541584
-33.48373362726272,-1.2320851635680434
-33.47917490069007,-1.2312189566507592
-33.474616174117415,-1.2303531886577193
-33.47005744754476,-1.2294878594569232
-33.4654987209721,-1.2286229689163684
-33.46093999439944,-1.2277585169040792
-33.456381267826785,-1.2268945032880763
-33.45182254125413,-1.2260309279363932
-33.44726381468147,-1.2251677907170682
-33.44270508810881,-1.2243050914981581
-33.438146361536155,-1.2234428301477234
-33.4335876349635,-1.22258100653383
-33.42902890839084,-1.2217196205245595
-33.42447018181818,-1.2208586719879957
-33.419911455245526,-1.2199981607922425
-33.41535272867287,-1.2191380868054003
-33.41079400210021,-1.2182784498955839
-33.40623527552755,-1.2174192499309204
-33.401676548954896,-1.2165604867795443
-33.39711782238224,-1.2157021603095937
-33.39255909580958,-1.2148442703892242
-33.38800036923692,-1.2139868168865937
-33.383441642664266,-1.2131297996698742
-33.37888291609161,-1.2122732186072467
-33.37432418951896,-1.2114170735668965
-33.3697654629463,-1.2105613644170181
-33.365206736373636,-1.2097060910258244
-33.36064800980098,-1.2088512532615294
-33.35608928322833,-1.2079968509923564
-33.35153055665567,-1.2071428840865375
-33.34697183008301,-1.2062893524123206
-33.34241310351035,-1.2054362558379588
-33.3378543769377,-1.2045835942317098
-33.33329565036504,-1.203731367461845
-33.32873692379238,-1.2028795753966468
-33.32417819721972,-1.202028217904402
-33.31961947064707,-1.2011772948534125
-33.31506074407441,-1.2003268061119807
-33.31050201750175,-1.1994767515484288
-33.30594329092909,-1.1986271310310803
-33.30138456435644,-1.1977779444282717
-33.29682583778378,-1.1969291916083469
-33.29226711121112,-1.1960808724396588
-33.287708384638464,-1.195232986790572
-33.28314965806581,-1.1943855345294585
-33.278590931493156,-1.1935385155246998
-33.274032204920495,-1.1926919296446845
-33.269473478347834,-1.1918457767578146
-33.26491475177518,-1.1910000567325012
-33.260356025202526,-1.1901547694371597
-33.255797298629865,-1.1893099147402177
-33.251238572057204,-1.1884654925101135
-33.24667984548455,-1.1876215026152954
-33.242121118911896,-1.1867779449242166
-33.237562392339235,-1.1859348193053407
-33.233003665766574,-1.1850921256271458
-33.22844493919392,-1.1842498637581127
-33.22388621262127,-1.1834080335667332
-33.219327486048606,-1.1825666349215112
-33.214768759475945,-1.1817256676909562
-33.21021003290329,-1.1808851317435938
-33.20565130633064,-1.180045026947949
-33.201092579757976,-1.1792053531725606
-33.196533853185315,-1.1783661102859786
-33.19197512661266,-1.1775272981567633
-33.18741640004001,-1.17668891665348
-33.18285767346735,-1.1758509656447034
-33.17829894689469,-1.1750134449990206
-33.17374022032203,-1.174176354585027
-33.16918149374938,-1.17333969427133
-33.16462276717672,-1.1725034639265386
-33.16006404060406,-1.1716676634192769
-33.1555053140314,-1.17083229261818
-33.15094658745875,-1.1699973513918893
-33.146387860886094,-1.1691628396090565
-33.14182913431343,-1.1683287571383378
-33.13727040774077,-1.167495103848409
-33.13271168116812,-1.166661879607947
-33.128152954595464,-1.1658290842856405
-33.1235942280228,-1.1649967177501872
-33.11903550145014,-1.1641647798702948
-33.11447677487749,-1.1633332705146828
-33.109918048304834,-1.1625021895520737
-33.10535932173217,-1.1616715368512063
-33.10080059515951,-1.160841312280822
-33.09624186858686,-1.1600115157096784
-33.091683142014205,-1.1591821470065424
-33.08712441544155,-1.1583532060401818
-33.08256568886889,-1.1575246926793787
-33.07800696229623,-1.1566966067929283
-33.073448235723575,-1.1558689482496347
-33.06888950915092,-1.1550417169183045
-33.06433078257826,-1.154214912667759
-33.0597720560056,-1.1533885353668285
-33.055213329432945,-1.152562584884355
-33.05065460286029,-1.151737061089183
-33.04609587628763,-1.1509119638501744
-33.04153714971497,-1.150087293036192
-33.036978423142315,-1.1492630485161215
-33.03241969656966,-1.1484392301588406
-33.027860969997,-1.14761583783325
-33.02330224342434,-1.146792871408254
-33.018743516851686,-1.1459703307527693
-33.01418479027903,-1.1451482157357205
-33.00962606370637,-1.1443265262260363
-33.00506733713371,-1.1435052620926658
-33.000508610561056,-1.1426844232045625
-32.9959498839884,-1.1418640094306858
-32.99139115741575,-1.1410440206400085
-32.98683243084309,-1.140224456701511
-32.982273704270426,-1.139405317484186
-32.97771497769777,-1.138586602857036
-32.97315625112512,-1.1377683126890665
-32.96859752455246,-1.1369504468492988
-32.964038797979796,-1.1361330052067637
-32.95948007140714,-1.1353159876304988
-32.95492134483449,-1.1344993939895527
-32.95036261826183,-1.1336832241529808
-32.94580389168917,-1.1328674779898513
-32.94124516511651,-1.1320521553692433
-32.93668643854386,-1.1312372561602426
-32.9321277119712,-1.1304227802319413
-32.92756898539854,-1.1296087274534483
-32.92301025882588,-1.1287950976938779
-32.91845153225323,-1.1279818908223531
-32.91389280568057,-1.1271691067080123
-32.90933407910791,-1.1263567452199936
-32.90477535253525,-1.1255448062274558
-32.9002166259626,-1.1247332895995572
-32.895657899389946,-1.123922195205473
-32.891099172817285,-1.123111522914383
-32.886540446244624,-1.122301272595482
-32.88198171967197,-1.1214914441179686
-32.877422993099316,-1.1206820373510562
-32.872864266526655,-1.1198730521639617
-32.868305539953994,-1.1190644884259164
-32.86374681338134,-1.1182563460061623
-32.859188086808686,-1.1174486247739486
-32.854629360236025,-1.1166413245985305
-32.850070633663364,-1.115834445349178
-32.84551190709071,-1.1150279868951734
-32.840953180518056,-1.1142219491057996
-32.836394453945395,-1.1134163318503558
-32.831835727372734,-1.112611134998148
-32.82727700080008,-1.111806358418495
-32.82271827422743,-1.1110020019807239
-32.818159547654766,-1.1101980655541672
-32.813600821082105,-1.109394549008172
-32.80904209450945,-1.1085914522120963
-32.8044833679368,-1.1077887750353042
-32.79992464136414,-1.1069865173471698
-32.79536591479148,-1.1061846790170755
-32.79080718821882,-1.105383259914418
-32.78624846164617,-1.1045822599085995
-32.78168973507351,-1.1037816788690369
-32.77713100850085,-1.1029815166651484
-32.77257228192819,-1.102181773166371
-32.76801355535554,-1.1013824482421457
-32.76345482878288,-1.100583541761926
-32.75889610221022,-1.0997850535951716
-32.75433737563756,-1.0989869836113546
-32.74977864906491,-1.0981893316799611
-32.745219922492254,-1.0973920976704765
-32.74066119591959,-1.0965952814524036
-32.73610246934693,-1.0957988828952534
-32.73154374277428,-1.0950029018685472
-32.726985016201624,-1.0942073382418154
-32.72242628962896,-1.0934121918845945
-32.7178675630563,-1.0926174626664367
-32.71330883648365,-1.091823150456902
-32.708750109910994,-1.0910292551255596
-32.70419138333834,-1.090235776541988
-32.69963265676568,-1.0894427145757737
-32.69507393019302,-1.088650069096517
-32.690515203620365,-1.0878578399738266
-32.68595647704771,-1.087066027077322
-32.68139775047505,-1.086274630276628
-32.67683902390239,-1.085483649441382
-32.672280297329735,-1.0846930844412344
-32.66772157075708,-1.0839029351458411
-32.66316284418442,-1.0831132014248672
-32.65860411761176,-1.0823238831479904
-32.654045391039105,-1.0815349801849012
-32.64948666446645,-1.0807464924052907
-32.64492793789379,-1.0799584196788687
-32.64036921132113,-1.079170761875347
-32.635810484748475,-1.0783835188644555
-32.63125175817582,-1.0775966905159327
-32.62669303160316,-1.0768102766995156
-32.6221343050305,-1.0760242772849646
-32.617575578457846,-1.0752386921420458
-32.61301685188519,-1.0744535211405346
-32.60845812531254,-1.0736687641502145
-32.60389939873988,-1.0728844210408788
-32.599340672167216,-1.0721004916823345
-32.59478194559456,-1.071316975944396
-32.59022321902191,-1.0705338736968857
-32.58566449244925,-1.0697511848096402
-32.581105765876586,-1.0689689091525014
-32.57654703930393,-1.0681870465953271
-32.57198831273128,-1.0674055970079772
-32.56742958615862,-1.0666245602603266
-32.562870859585956,-1.06584393622226
-32.5583121330133,-1.0650637247636725
-32.55375340644065,-1.0642839257544645
-32.54919467986799,-1.0635045390645501
-32.54463595329533,-1.0627255645638527
-32.54007722672267,-1.0619470021223083
-32.53551850015002,-1.0611688516098565
-32.53095977357736,-1.0603911128964507
-32.5264010470047,-1.0596137858520567
-32.52184232043204,-1.0588368703466478
-32.51728359385939,-1.058060366250201
-32.512724867286735,-1.057284273432716
-32.508166140714074,-1.0565085917641903
-32.50360741414141,-1.055733321114641
-32.49904868756876,-1.0549584613540892
-32.494489960996106,-1.0541840123525652
-32.489931234423445,-1.0534099739801144
-32.485372507850784,-1.0526363461067878
-32.48081378127813,-1.0518631286026507
-32.476255054705476,-1.0510903213377736
-32.471696328132815,-1.0503179241822385
-32.467137601560154,-1.0495459370061369
-32.4625788749875,-1.0487743596795744
-32.458020148414846,-1.0480031920726627
-32.453461421842185,-1.0472324340555221
-32.448902695269524,-1.0464620854982873
-32.44434396869687,-1.0456921462711029
-32.439785242124216,-1.0449226162441154
-32.435226515551555,-1.0441534952874907
-32.430667788978894,-1.0433847832714025
-32.42610906240624,-1.0426164800660318
-32.42155033583359,-1.0418485855415711
-32.41699160926093,-1.041081099568225
-32.41243288268827,-1.0403140220162017
-32.40787415611561,-1.0395473527557275
-32.40331542954296,-1.0387810916570368
-32.3987567029703,-1.0380152385903683
-32.39419797639764,-1.0372497934259775
-32.38963924982498,-1.036484756034125
-32.38508052325233,-1.035720126285087
-32.38052179667967,-1.0349559040491427
-32.37596307010701,-1.0341920891965877
-32.37140434353435,-1.0334286815977247
-32.3668456169617,-1.0326656811228687
-32.36228689038904,-1.0319030876423412
-32.35772816381638,-1.0311409010264727
-32.35316943724372,-1.0303791211456115
-32.34861071067107,-1.0296177478701114
-32.344051984098414,-1.0288567810703328
-32.33949325752575,-1.0280962206166495
-32.33493453095309,-1.0273360663794486
-32.33037580438044,-1.0265763182291212
-32.325817077807784,-1.0258169760360762
-32.32125835123513,-1.025058039670722
-32.31669962466247,-1.0242995090034828
-32.31214089808981,-1.0235413839047984
-32.307582171517154,-1.0227836642451111
-32.3030234449445,-1.0220263498948763
-32.29846471837184,-1.0212694407245568
-32.29390599179918,-1.0205129366046282
-32.289347265226525,-1.0197568374055794
-32.28478853865387,-1.0190011429979011
-32.28022981208121,-1.0182458532521015
-32.27567108550855,-1.0174909680386934
-32.271112358935895,-1.0167364872282085
-32.26655363236324,-1.0159824106911797
-32.26199490579058,-1.0152287382981493
-32.25743617921792,-1.01447546991968
-32.252877452645265,-1.0137226054263377
-32.24831872607261,-1.0129701446886945
-32.24375999949995,-1.0122180875773403
-32.23920127292729,-1.011466433962873
-32.234642546354635,-1.0107151837159012
-32.23008381978198,-1.00996433670704
-32.22552509320933,-1.0092138928069185
-32.22096636663667,-1.0084638518861737
-32.216407640064006,-1.0077142138154536
-32.21184891349135,-1.0069649784654209
-32.2072901869187,-1.0062161457067382
-32.20273146034604,-1.0054677154100866
-32.198172733773376,-1.0047196874461588
-32.19361400720072,-1.003972061685651
-32.18905528062807,-1.0032248379992734
-32.18449655405541,-1.002478016257746
-32.179937827482746,-1.001731596331799
-32.17537910091009,-1.000985578092175
-32.17082037433744,-1.000239961409622
-32.16626164776478,-0.9994947461549003
-32.161702921192116,-0.998749932198782
-32.15714419461946,-0.9980055194120522
-32.15258546804681,-0.9972615076654996
-32.14802674147415,-0.9965178968299261
-32.14346801490149,-0.9957746867761449
-32.13890928832883,-0.9950318773749791
-32.13435056175618,-0.9942894684972626
-32.129791835183525,-0.9935474600138362
-32.125233108610864,-0.9928058517955541
-32.1206743820382,-0.9920646437132814
-32.11611565546555,-0.9913238356378928
-32.111556928892895,-0.990583427440272
-32.106998202320234,-0.9898434189913119
-32.10243947574757,-0.9891038101619216
-32.09788074917492,-0.9883646008230152
-32.093322022602266,-0.9876257908455192
-32.088763296029605,-0.9868873801003673
-32.08420456945694,-0.9861493684585082
-32.07964584288429,-0.9854117557908979
-32.075087116311636,-0.9846745419685066
-32.070528389738975,-0.9839377268623097
-32.065969663166314,-0.9832013103432924
-32.06141093659366,-0.9824652922824602
-32.056852210021006,-0.9817296725508161
-32.052293483448345,-0.9809944510193801
-32.047734756875684,-0.9802596275591832
-32.04317603030303,-0.9795252020412656
-32.038617303730376,-0.9787911743366773
-32.03405857715772,-0.9780575443164777
-32.02949985058506,-0.9773243118517382
-32.0249411240124,-0.9765914768135419
-32.02038239743975,-0.9758590390729817
-32.01582367086709,-0.975126998501156
-32.01126494429443,-0.9743953549691817
-32.00670621772177,-0.9736641083481768
-32.00214749114912,-0.9729332585092819
-31.99758876457646,-0.9722028053236353
-31.993030038003802,-0.9714727486623959
-31.988471311431145,-0.970743088396724
-31.983912584858487,-0.9700138243977976
-31.97935385828583,-0.9692849565368038
-31.974795131713172,-0.9685564846849374
-31.970236405140515,-0.9678284087134047
-31.965677678567857,-0.9671007284934247
-31.9611189519952,-0.9663734438962218
-31.956560225422542,-0.9656465547930378
-31.952001498849885,-0.9649200610551193
-31.94744277227723,-0.9641939625537259
-31.942884045704574,-0.9634682591601273
-31.938325319131916,-0.9627429507456032
-31.93376659255926,-0.9620180371814437
-31.9292078659866,-0.9612935183389517
-31.924649139413944,-0.9605693940894378
-31.920090412841287,-0.9598456643042244
-31.91553168626863,-0.9591223288546422
-31.91097295969597,-0.9583993876120366
-31.906414233123314,-0.9576768404477618
-31.901855506550657,-0.9569546872331792
-31.897296779978,-0.9562329278396644
-31.892738053405342,-0.9555115621386041
-31.888179326832685,-0.9547905900013924
-31.883620600260027,-0.9540700112994372
-31.87906187368737,-0.9533498259041531
-31.874503147114712,-0.9526300336869693
-31.869944420542055,-0.9519106345193237
-31.865385693969397,-0.9511916282726643
-31.86082696739674,-0.9504730148184503
-31.856268240824082,-0.9497547940281513
-31.85170951425143,-0.9490369657732473
-31.84715078767877,-0.9483195299252297
-31.842592061106114,-0.9476024863555987
-31.838033334533456,-0.9468858349358675
-31.8334746079608,-0.9461695755375586
-31.82891588138814,-0.9454537080322042
-31.824357154815484,-0.9447382322913481
-31.819798428242827,-0.9440231481865465
-31.81523970167017,-0.9433084555893616
-31.81068097509751,-0.9425941543713717
-31.806122248524854,-0.9418802444041602
-31.801563521952197,-0.9411667255593251
-31.79700479537954,-0.9404535977084749
-31.792446068806882,-0.9397408607232283
-31.787887342234225,-0.9390285144752101
-31.783328615661567,-0.9383165588360624
-31.77876988908891,-0.9376049936774362
-31.774211162516252,-0.93689381887099
-31.769652435943595,-0.9361830342883959
-31.765093709370937,-0.935472639801335
-31.76053498279828,-0.9347626352815023
-31.755976256225626,-0.9340530206005994
-31.75141752965297,-0.9333437956303392
-31.74685880308031,-0.9326349602424473
-31.742300076507654,-0.9319265143086598
-31.737741349934996,-0.931218457700721
-31.73318262336234,-0.9305107902903897
-31.72862389678968,-0.9298035119494321
-31.724065170217024,-0.9290966225496264
-31.719506443644367,-0.92839012196276
-31.71494771707171,-0.9276840100606341
-31.71038899049905,-0.9269782867150582
-31.705830263926394,-0.9262729517978541
-31.701271537353737,-0.9255680051808518
-31.69671281078108,-0.9248634467358956
-31.692154084208422,-0.924159276334836
-31.687595357635765,-0.9234554938495397
-31.683036631063107,-0.9227520991518786
-31.67847790449045,-0.9220490921137392
-31.673919177917792,-0.9213464726070185
-31.669360451345135,-0.9206442405036216
-31.664801724772477,-0.919942395675467
-31.660242998199823,-0.9192409379944821
-31.655684271627166,-0.918539867332607
-31.65112554505451,-0.91783918356179
-31.64656681848185,-0.9171388865539928
-31.642008091909194,-0.9164389761811872
-31.637449365336536,-0.9157394523153555
-31.63289063876388,-0.9150403148284892
-31.62833191219122,-0.9143415635925928
-31.623773185618564,-0.9136431984796803
-31.619214459045907,-0.9129452193617779
-31.61465573247325,-0.9122476261109215
-31.61009700590059,-0.9115504185991586
-31.605538279327934,-0.9108535966985452
-31.600979552755277,-0.9101571602811508
-31.59642082618262,-0.909461109219055
-31.591862099609962,-0.9087654433843483
-31.587303373037305,-0.908070162649131
-31.582744646464647,-0.9073752668855164
-31.57818591989199,-0.9066807559656261
-31.573627193319332,-0.905986629761592
-31.569068466746675,-0.9052928881455617
-31.56450974017402,-0.9045995309896891
-31.559951013601363,-0.9039065581661406
-31.555392287028706,-0.9032139695470922
-31.55083356045605,-0.9025217650047328
-31.54627483388339,-0.9018299444112606
-31.541716107310734,-0.9011385076388855
-31.537157380738076,-0.9004474545598272
-31.53259865416542,-0.8997567850463184
-31.52803992759276,-0.8990664989706021
-31.523481201020104,-0.8983765962049284
-31.518922474447447,-0.8976870766215632
-31.51436374787479,-0.8969979400927812
-31.50980502130213,-0.8963091864908694
-31.505246294729474,-0.8956208156881239
-31.500687568156817,-0.8949328275568511
-31.49612884158416,-0.8942452219693703
-31.491570115011502,-0.8935579987980123
-31.487011388438845,-0.8928711579151171
-31.482452661866187,-0.8921846991930356
-31.47789393529353,-0.8914986225041291
-31.473335208720872,-0.8908129277207735
-31.46877648214822,-0.8901276147153522
-31.46421775557556,-0.8894426833602581
-31.459659029002903,-0.8887581335279
-31.455100302430246,-0.8880739650906945
-31.45054157585759,-0.8873901779210694
-31.44598284928493,-0.8867067718914626
-31.441424122712274,-0.8860237468743263
-31.436865396139616,-0.8853411027421204
-31.43230666956696,-0.8846588393673162
-31.4277479429943,-0.883976956622399
-31.423189216421644,-0.8832954543798598
-31.418630489848987,-0.8826143325122062
-31.41407176327633,-0.8819335908919528
-31.40951303670367,-0.8812532293916261
-31.404954310131014,-0.8805732478837669
-31.400395583558357,-0.8798936462409198
-31.3958368569857,-0.8792144243356497
-31.391278130413042,-0.8785355820405234
-31.386719403840385,-0.8778571192281254
-31.382160677267727,-0.8771790357710486
-31.37760195069507,-0.8765013315418967
-31.373043224122416,-0.8758240064132856
-31.36848449754976,-0.8751470602578407
-31.3639257709771,-0.8744704929482001
-31.359367044404443,-0.8737943043570127
-31.354808317831786,-0.8731184943569348
-31.35024959125913,-0.8724430628206412
-31.34569086468647,-0.8717680096208111
-31.341132138113814,-0.8710933346301368
-31.336573411541156,-0.8704190377213232
-31.3320146849685,-0.8697451187670852
-31.32745595839584,-0.8690715776401483
-31.322897231823184,-0.8683984142132488
-31.318338505250527,-0.8677256283591359
-31.31377977867787,-0.867053219950569
-31.30922105210521,-0.8663811888603178
-31.304662325532554,-0.8657095349611631
-31.300103598959897,-0.8650382581258981
-31.29554487238724,-0.8643673582273274
-31.290986145814582,-0.8636968351382641
-31.286427419241924,-0.8630266887315354
-31.281868692669267,-0.8623569188799779
-31.277309966096613,-0.8616875254564399
-31.272751239523956,-0.8610185083337812
-31.2681925129513,-0.860349867384871
-31.26363378637864,-0.8596816024825916
-31.259075059805983,-0.8590137134998368
-31.254516333233326,-0.85834620030951
-31.24995760666067,-0.8576790627845255
-31.24539888008801,-0.8570123007978101
-31.240840153515354,-0.8563459142223004
-31.236281426942696,-0.855679902930949
-31.23172270037004,-0.8550142667967104
-31.22716397379738,-0.8543490056925597
-31.222605247224724,-0.8536841194914754
-31.218046520652067,-0.8530196080664546
-31.21348779407941,-0.8523554712905005
-31.20892906750675,-0.8516917090366293
-31.204370340934094,-0.8510283211778666
-31.199811614361437,-0.8503653075872528
-31.19525288778878,-0.849702668137836
-31.190694161216122,-0.8490404027026773
-31.186135434643464,-0.8483785111548486
-31.18157670807081,-0.847716993367434
-31.177017981498153,-0.8470558492135256
-31.172459254925496,-0.8463950785662325
-31.16790052835284,-0.8457346812986694
-31.16334180178018,-0.8450746572839637
-31.158783075207523,-0.8444150063952574
-31.154224348634866,-0.8437557285056986
-31.14966562206221,-0.8430968234884515
-31.14510689548955,-0.8424382912166876
-31.140548168916894,-0.8417801315635935
-31.135989442344236,-0.8411223444023627
-31.13143071577158,-0.8404649296062039
-31.12687198919892,-0.839807887048335
-31.122313262626264,-0.839151216601986
-31.117754536053607,-0.838494918140397
-31.11319580948095,-0.8378389915368217
-31.10863708290829,-0.8371834366645218
-31.104078356335634,-0.8365282533967746
-31.099519629762977,-0.835873441606865
-31.09496090319032,-0.8352190011680901
-31.090402176617662,-0.8345649319537594
-31.085843450045008,-0.833911233837194
-31.08128472347235,-0.8332579066917237
-31.076725996899693,-0.8326049503906922
-31.072167270327036,-0.8319523648074545
-31.06760854375438,-0.8313001498153745
-31.06304981718172,-0.8306483052878311
-31.058491090609063,-0.8299968310982109
-31.053932364036406,-0.8293457271199153
-31.04937363746375,-0.828694993226355
-31.04481491089109,-0.8280446292909505
-31.040256184318434,-0.8273946351871383
-31.035697457745776,-0.8267450107883625
-31.03113873117312,-0.826095755968079
-31.02658000460046,-0.825446870599756
-31.022021278027804,-0.8247983545568737
-31.017462551455147,-0.824150207712922
-31.01290382488249,-0.8235024299414035
-31.00834509830983,-0.8228550211158329
-31.003786371737174,-0.8222079811097328
-30.999227645164517,-0.8215613097966417
-30.99466891859186,-0.8209150070501057
-30.990110192019205,-0.8202690727436868
-30.985551465446548,-0.8196235067509535
-30.98099273887389,-0.818978308945488
-30.976434012301233,-0.8183334792008842
-30.971875285728576,-0.8176890173907485
-30.96731655915592,-0.8170449233886954
-30.96275783258326,-0.8164011970683542
-30.958199106010603,-0.8157578383033635
-30.953640379437946,-0.8151148469673749
-30.94908165286529,-0.81447222293405
-30.94452292629263,-0.8138299660770643
-30.939964199719974,-0.8131880762701013
-30.935405473147316,-0.8125465533868577
-30.93084674657466,-0.811905397301043
-30.926288020002,-0.8112646078863783
-30.921729293429344,-0.8106241850165914
-30.917170566856687,-0.8099841285654276
-30.91261184028403,-0.8093444384066409
-30.90805311371137,-0.8087051144139963
-30.903494387138714,-0.8080661564612712
-30.898935660566057,-0.8074275644222559
-30.894376933993403,-0.8067893381707499
-30.889818207420745,-0.8061514775805647
-30.885259480848088,-0.8055139825255236
-30.88070075427543,-0.8048768528794632
-30.876142027702773,-0.8042400885162283
-30.871583301130116,-0.8036036893096785
-30.86702457455746,-0.8029676551336814
-30.8624658479848,-0.8023319858621202
-30.857907121412143,-0.801696681368887
-30.853348394839486,-0.8010617415278867
-30.84878966826683,-0.8004271662130343
-30.84423094169417,-0.7997929552982581
-30.839672215121514,-0.7991591086574957
-30.835113488548856,-0.7985256261647
-30.8305547619762,-0.7978925076938326
-30.82599603540354,-0.7972597531188667
-30.821437308830884,-0.7966273623137878
-30.816878582258227,-0.7959953351525932
-30.81231985568557,-0.7953636715092928
-30.80776112911291,-0.7947323712579046
-30.803202402540254,-0.7941014342724628
-30.7986436759676,-0.7934708604270105
-30.794084949394943,-0.7928406495956011
-30.789526222822285,-0.7922108016523028
-30.784967496249628,-0.7915813164711947
-30.78040876967697,-0.790952193926366
-30.775850043104313,-0.7903234338919187
-30.771291316531656,-0.7896950362419656
-30.766732589959,-0.7890670008506326
-30.76217386338634,-0.788439327592057
-30.757615136813683,-0.7878120163403862
-30.753056410241026,-0.7871850669697797
-30.74849768366837,-0.7865584793544115
-30.74393895709571,-0.7859322533684628
-30.739380230523054,-0.78530638888613
-30.734821503950396,-0.7846808857816201
-30.73026277737774,-0.7840557439291502
-30.72570405080508,-0.7834309632029515
-30.721145324232424,-0.7828065434772662
-30.716586597659767,-0.7821824846263475
-30.71202787108711,-0.7815587865244615
-30.70746914451445,-0.7809354490458843
-30.702910417941798,-0.7803124720649052
-30.69835169136914,-0.7796898554558244
-30.693792964796483,-0.7790675990929545
-30.689234238223825,-0.7784457028506194
-30.684675511651168,-0.7778241666031546
-30.68011678507851,-0.7772029902249084
-30.675558058505853,-0.7765821735902384
-30.670999331933196,-0.7759617165735183
-30.66644060536054,-0.775341619049128
-30.66188187878788,-0.7747218808914643
-30.657323152215223,-0.7741025019749318
-30.652764425642566,-0.7734834821739498
-30.64820569906991,-0.772864821362948
-30.64364697249725,-0.7722465194163678
-30.639088245924594,-0.7716285762086623
-30.634529519351936,-0.7710109916142968
-30.62997079277928,-0.7703937655077494
-30.62541206620662,-0.769776897763508
-30.620853339633964,-0.7691603882560735
-30.616294613061307,-0.7685442368599577
-30.61173588648865,-0.7679284434496864
-30.607177159915995,-0.7673130078997946
-30.602618433343338,-0.7666979300848311
-30.59805970677068,-0.7660832098793541
-30.593500980198023,-0.7654688471579367
-30.588942253625365,-0.7648548417951617
-30.584383527052708,-0.7642411936656248
-30.57982480048005,-0.7636279026439338
-30.575266073907393,-0.7630149686047059
-30.570707347334736,-0.7624023914225728
-30.56614862076208,-0.7617901709721782
-30.56158989418942,-0.7611783071281761
-30.557031167616763,-0.7605667997652322
-30.552472441044106,-0.7599556487580256
-30.54791371447145,-0.7593448539812468
-30.54335498789879,-0.7587344153095977
-30.538796261326134,-0.758124332617792
-30.534237534753476,-0.7575146057805568
-30.52967880818082,-0.756905234672628
-30.52512008160816,-0.756296219168758
-30.520561355035504,-0.7556875591437059
-30.516002628462847,-0.7550792544722467
-30.511443901890193,-0.7544713050291658
-30.506885175317535,-0.7538637106892608
-30.502326448744878,-0.7532564713273395
-30.49776772217222,-0.7526495868182254
-30.493208995599563,-0.752043057036751
-30.488650269026905,-0.7514368818577607
-30.484091542454248,-0.7508310611561129
-30.47953281588159,-0.7502255948066769
-30.474974089308933,-0.7496204826843317
-30.470415362736276,-0.7490157246639718
-30.46585663616362,-0.748411320620503
-30.46129790959096,-0.7478072704288411
-30.456739183018303,-0.7472035739639153
-30.452180456445646,-0.7466002311006673
-30.44762172987299,-0.7459972417140485
-30.44306300330033,-0.7453946056790247
-30.438504276727674,-0.7447923228705735
-30.433945550155016,-0.7441903931636837
-30.42938682358236,-0.7435888164333548
-30.4248280970097,-0.7429875925546019
-30.420269370437044,-0.7423867214024482
-30.41571064386439,-0.7417862028519323
-30.411151917291733,-0.7411860367781021
-30.406593190719075,-0.7405862230560191
-30.402034464146418,-0.7399867615607559
-30.39747573757376,-0.7393876521673982
-30.392917011001103,-0.7387888947510436
-30.388358284428445,-0.7381904891868007
-30.383799557855788,-0.7375924353497914
-30.37924083128313,-0.7369947331151475
-30.374682104710473,-0.7363973823580168
-30.370123378137816,-0.735800382953556
-30.36556465156516,-0.7352037347769333
-30.3610059249925,-0.7346074377033319
-30.356447198419843,-0.7340114916079454
-30.351888471847186,-0.7334158963659797
-30.34732974527453,-0.7328206518526522
-30.34277101870187,-0.732225757943193
-30.338212292129214,-0.7316312145128446
-30.333653565556556,-0.7310370214368619
-30.3290948389839,-0.7304431785905096
-30.32453611241124,-0.7298496858490676
-30.319977385838587,-0.7292565430878268
-30.31541865926593,-0.7286637501820883
-30.310859932693273,-0.7280713070071695
-30.306301206120615,-0.7274792134383937
-30.301742479547958,-0.7268874693511035
-30.2971837529753,-0.7262960746206494
-30.292625026402643,-0.725705029122394
-30.288066299829985,-0.7251143327317134
-30.283507573257328,-0.7245239853239951
-30.27894884668467,-0.7239339867746406
-30.274390120112013,-0.7233443369590599
-30.269831393539356,-0.7227550357526782
-30.2652726669667,-0.722166083030933
-30.26071394039404,-0.7215774786692714
-30.256155213821383,-0.7209892225431551
-30.251596487248726,-0.7204013145280574
-30.24703776067607,-0.7198137544994626
-30.24247903410341,-0.7192265423328694
-30.237920307530754,-0.7186396779037867
-30.233361580958096,-0.7180531610877363
-30.22880285438544,-0.7174669917602532
-30.224244127812785,-0.7168811697968832
-30.219685401240127,-0.7162956950731851
-30.21512667466747,-0.7157105674647288
-30.210567948094813,-0.7151257868470985
-30.206009221522155,-0.7145413530958888
-30.201450494949498,-0.7139572660867085
-30.19689176837684,-0.713373525695176
-30.192333041804183,-0.7127901317969235
-30.187774315231525,-0.712207084267596
-30.183215588658868,-0.7116243829828505
-30.17865686208621,-0.711042027818354
-30.174098135513553,-0.7104600186497891
-30.169539408940896,-0.7098783553528493
-30.16498068236824,-0.7092970378032402
-30.16042195579558,-0.7087160658766793
-30.155863229222923,-0.7081354394488975
-30.151304502650266,-0.7075551583956379
-30.14674577607761,-0.7069752225926536
-30.14218704950495,-0.7063956319157134
-30.137628322932294,-0.7058163862405972
-30.133069596359636,-0.7052374854430955
-30.128510869786982,-0.7046589293990135
-30.123952143214325,-0.7040807179841674
-30.119393416641667,-0.703502851074385
-30.11483469006901,-0.7029253285455096
-30.110275963496353,-0.7023481502733939
-30.105717236923695,-0.7017713161339031
-30.101158510351038,-0.7011948260029167
-30.09659978377838,-0.7006186797563246
-30.092041057205723,-0.7000428772700298
-30.087482330633065,-0.6994674184199478
-30.082923604060408,-0.6988923030820063
-30.07836487748775,-0.6983175311321456
-30.073806150915093,-0.6977431024463181
-30.069247424342436,-0.697169016900489
-30.06468869776978,-0.6965952743706347
-30.06012997119712,-0.6960218747327462
-30.055571244624463,-0.695448817862825
-30.051012518051806,-0.6948761036368855
-30.04645379147915,-0.6943037319309541
-30.04189506490649,-0.6937317026210712
-30.037336338333834,-0.6931600155832882
-30.03277761176118,-0.6925886706936698
-30.028218885188522,-0.6920176678282915
-30.023660158615865,-0.6914470068632428
-30.019101432043207,-0.6908766876746255
-30.01454270547055,-0.6903067101385528
-30.009983978897893,-0.6897370741311522
-30.005425252325235,-0.6891677795285626
-30.000866525752578,-0.6885988262069348
-29.99630779917992,-0.6880302140424327
-29.991749072607263,-0.6874619429112326
-29.987190346034605,-0.6868940126895233
-29.982631619461948,-0.6863264232535058
-29.97807289288929,-0.6857591744793944
-29.973514166316633,-0.6851922662434147
-29.968955439743976,-0.6846256984218053
-29.96439671317132,-0.6840594708908182
-29.95983798659866,-0.6834935835267173
-29.955279260026003,-0.6829280362057774
-29.950720533453346,-0.6823628288042889
-29.94616180688069,-0.6817979611985521
-29.94160308030803,-0.6812334332648811
-29.937044353735377,-0.6806692448796026
-29.93248562716272,-0.680105395919055
-29.927926900590062,-0.6795418862595898
-29.923368174017405,-0.67897871577757
-29.918809447444747,-0.6784158843493744
-29.91425072087209,-0.6778533918513898
-29.909691994299433,-0.6772912381600191
-29.905133267726775,-0.6767294231516771
-29.900574541154118,-0.6761679467027892
-29.89601581458146,-0.675606808689795
-29.891457088008803,-0.6750460089891466
-29.886898361436145,-0.674485547477309
-29.882339634863488,-0.6739254240307583
-29.87778090829083,-0.6733656385259855
-29.873222181718173,-0.6728061908394912
-29.868663455145516,-0.6722470808477927
-29.86410472857286,-0.6716883084274152
-29.8595460020002,-0.6711298734549006
-29.854987275427543,-0.6705717758067997
-29.850428548854886,-0.6700140153596792
-29.84586982228223,-0.6694565919901173
-29.841311095709575,-0.6688995055747043
-29.836752369136917,-0.6683427559900432
-29.83219364256426,-0.6677863431127506
-29.827634915991602,-0.6672302668194534
-29.823076189418945,-0.6666745269867949
-29.818517462846287,-0.6661191234914278
-29.81395873627363,-0.6655640562100192
-29.809400009700973,-0.6650093250192478
-29.804841283128315,-0.6644549297958061
-29.800282556555658,-0.6639008704163979
-29.795723829983,-0.6633471467577414
-29.791165103410343,-0.6627937586965654
-29.786606376837685,-0.6622407061096136
-29.782047650265028,-0.661687988873641
-29.77748892369237,-0.6611356068654146
-29.772930197119713,-0.6605835599617172
-29.768371470547056,-0.6600318480393405
-29.7638127439744,-0.6594804709750918
-29.75925401740174,-0.6589294286457892
-29.754695290829083,-0.6583787209282648
-29.750136564256426,-0.6578283476993627
-29.745577837683772,-0.6572783088359405
-29.741019111111115,-0.6567286042148673
-29.736460384538457,-0.6561792337130256
-29.7319016579658,-0.6556301972073123
-29.727342931393142,-0.6550814945746336
-29.722784204820485,-0.6545331256919111
-29.718225478247827,-0.6539850904360779
-29.71366675167517,-0.6534373886840822
-29.709108025102513,-0.6528900203128815
-29.704549298529855,-0.652342985199448
-29.699990571957198,-0.6517962832207664
-29.69543184538454,-0.6512499142538347
-29.690873118811883,-0.6507038781756638
-29.686314392239225,-0.6501581748632758
-29.681755665666568,-0.6496128041937059
-29.67719693909391,-0.6490677660440048
-29.672638212521253,-0.6485230602912332
-29.668079485948596,-0.6479786868124652
-29.66352075937594,-0.6474346454847882
-29.65896203280328,-0.6468909361853024
-29.654403306230623,-0.6463475587911206
-29.64984457965797,-0.6458045131793689
-29.645285853085312,-0.6452617992271855
-29.640727126512655,-0.6447194168117223
-29.636168399939997,-0.644177365810142
-29.63160967336734,-0.6436356460996232
-29.627050946794682,-0.6430942575573566
-29.622492220222025,-0.6425532000605431
-29.617933493649367,-0.6420124734863992
-29.61337476707671,-0.6414720777121553
-29.608816040504053,-0.64093201261505
-29.604257313931395,-0.6403922780723397
-29.599698587358738,-0.6398528739612919
-29.59513986078608,-0.639313800159185
-29.590581134213423,-0.6387750565433139
-29.586022407640765,-0.6382366429909846
-29.581463681068108,-0.6376985593795141
-29.57690495449545,-0.6371608055862363
-29.572346227922793,-0.6366233814884952
-29.567787501350136,-0.6360862869636488
-29.56322877477748,-0.6355495218890679
-29.55867004820482,-0.6350130861421354
-29.554111321632167,-0.6344769796002484
-29.54955259505951,-0.6339412021408167
-29.544993868486852,-0.6334057536412616
-29.540435141914195,-0.6328706339790199
-29.535876415341537,-0.6323358430315386
-29.53131768876888,-0.6318013806762799
-29.526758962196222,-0.6312672467907189
-29.522200235623565,-0.6307334412523412
-29.517641509050907,-0.6301999639386486
-29.51308278247825,-0.6296668147271534
-29.508524055905593,-0.6291339934953818
-29.503965329332935,-0.6286015001208741
-29.499406602760278,-0.6280693344811819
-29.49484787618762,-0.6275374964538711
-29.490289149614963,-0.6270059859165185
-29.485730423042305,-0.6264748027467169
-29.481171696469648,-0.6259439468220703
-29.47661296989699,-0.6254134180201959
-29.472054243324333,-0.6248832162187244
-29.467495516751676,-0.6243533412952994
-29.46293679017902,-0.6238237931275771
-29.458378063606364,-0.6232945715932269
-29.453819337033707,-0.6227656765699315
-29.44926061046105,-0.6222371079353871
-29.444701883888392,-0.6217088655673011
-29.440143157315735,-0.6211809493433972
-29.435584430743077,-0.6206533591414095
-29.43102570417042,-0.6201260948390853
-29.426466977597762,-0.6195991563141866
-29.421908251025105,-0.6190725434444868
-29.417349524452447,-0.6185462561077735
-29.41279079787979,-0.6180202941818479
-29.408232071307133,-0.617494657544521
-29.403673344734475,-0.6169693460736221
-29.399114618161818,-0.6164443596469894
-29.39455589158916,-0.6159196981424763
-29.389997165016503,-0.6153953614379485
-29.385438438443845,-0.6148713494112847
-29.380879711871188,-0.6143476619403775
-29.37632098529853,-0.6138242989031325
-29.371762258725873,-0.6133012601774671
-29.367203532153216,-0.6127785456413138
-29.362644805580562,-0.6122561551726183
-29.358086079007904,-0.6117340886493365
-29.353527352435247,-0.6112123459494407
-29.34896862586259,-0.6106909269509143
-29.344409899289932,-0.6101698315317556
-29.339851172717275,-0.6096490595699754
-29.335292446144617,-0.6091286109435976
-29.33073371957196,-0.6086084855306574
-29.326174992999302,-0.6080886832092077
-29.321616266426645,-0.6075692038573097
-29.317057539853987,-0.6070500473530415
-29.31249881328133,-0.6065312135744927
-29.307940086708673,-0.6060127023997649
-29.303381360136015,-0.6054945137069754
-29.298822633563358,-0.6049766473742544
-29.2942639069907,-0.6044591032797432
-29.289705180418043,-0.6039418813015994
-29.285146453845385,-0.60342498131799
-29.280587727272728,-0.6029084032070996
-29.27602900070007,-0.6023921468471228
-29.271470274127413,-0.6018762121162688
-29.26691154755476,-0.6013605988927605
-29.2623528209821,-0.6008453070548315
-29.257794094409444,-0.6003303364807318
-29.253235367836787,-0.5998156870487235
-29.24867664126413,-0.599301358637082
-29.244117914691472,-0.5987873511240952
-29.239559188118815,-0.5982736643880648
-29.235000461546157,-0.5977602983073067
-29.2304417349735,-0.5972472527601506
-29.225883008400842,-0.5967345276249351
-29.221324281828185,-0.5962221227800177
-29.216765555255527,-0.5957100381037665
-29.21220682868287,-0.5951982734745624
-29.207648102110213,-0.5946868287708015
-29.203089375537555,-0.5941757038708908
-29.198530648964898,-0.5936648986532544
-29.19397192239224,-0.5931544129963244
-29.189413195819583,-0.5926442467785515
-29.184854469246925,-0.5921343998783967
-29.180295742674268,-0.5916248721743342
-29.17573701610161,-0.5911156635448545
-29.171178289528957,-0.5906067738684576
-29.1666195629563,-0.5900982030236597
-29.16206083638364,-0.589589950888989
-29.157502109810984,-0.5890820173429874
-29.152943383238327,-0.5885744022642109
-29.14838465666567,-0.588067105531228
-29.143825930093012,-0.5875601270226198
-29.139267203520355,-0.5870534666169832
-29.134708476947697,-0.5865471241929273
-29.13014975037504,-0.5860410996290732
-29.125591023802382,-0.585535392804058
-29.121032297229725,-0.5850300035965298
-29.116473570657067,-0.5845249318851519
-29.11191484408441,-0.5840201775486008
-29.107356117511753,-0.5835157404655653
-29.102797390939095,-0.5830116205147482
-29.098238664366438,-0.5825078175748661
-29.09367993779378,-0.5820043315246499
-29.089121211221123,-0.5815011622428417
-29.084562484648465,-0.5809983096081988
-29.080003758075808,-0.5804957734994901
-29.075445031503154,-0.5799935537955025
-29.070886304930497,-0.57949165037503
-29.06632757835784,-0.5789900631168846
-29.06176885178518,-0.5784887918998904
-29.057210125212524,-0.5779878366028854
-29.052651398639867,-0.5774871971047203
-29.04809267206721,-0.5769868732842593
-29.043533945494552,-0.576486865020382
-29.038975218921895,-0.575987172191979
-29.034416492349237,-0.5754877946779555
-29.02985776577658,-0.5749887323572308
-29.025299039203922,-0.5744899851087373
-29.020740312631265,-0.57399155281142
-29.016181586058607,-0.5734934353442387
-29.01162285948595,-0.5729956325861658
-29.007064132913293,-0.5724981444161885
-29.002505406340635,-0.5720009707133064
-28.997946679767978,-0.5715041113565331
-28.99338795319532,-0.5710075662248959
-28.988829226622663,-0.5705113351974352
-28.984270500050005,-0.5700154181532054
-28.97971177347735,-0.5695198149712746
-28.975153046904694,-0.5690245255307234
-28.970594320332037,-0.5685295497106471
-28.96603559375938,-0.5680348873901551
-28.96147686718672,-0.5675405384483688
-28.956918140614064,-0.5670465027644237
-28.952359414041407,-0.5665527802174704
-28.94780068746875,-0.5660593706866714
-28.943241960896092,-0.5655662740512024
-28.938683234323435,-0.5650734901902555
-28.934124507750777,-0.5645810189830335
-28.92956578117812,-0.5640888603087539
-28.925007054605462,-0.5635970140466477
-28.920448328032805,-0.5631054800759611
-28.915889601460147,-0.562614258275951
-28.91133087488749,-0.5621233485258904
-28.906772148314833,-0.5616327507050648
-28.902213421742175,-0.561142464692774
-28.897654695169518,-0.5606524903683308
-28.89309596859686,-0.5601628276110618
-28.888537242024203,-0.5596734763003078
-28.88397851545155,-0.5591844363154237
-28.87941978887889,-0.5586957075357765
-28.874861062306234,-0.5582072898407481
-28.870302335733577,-0.5577191831097337
-28.86574360916092,-0.5572313872221418
-28.86118488258826,-0.5567439020573959
-28.856626156015604,-0.5562567274949317
-28.852067429442947,-0.5557698634142005
-28.84750870287029,-0.5552833096946649
-28.842949976297632,-0.5547970662158026
-28.838391249724975,-0.5543111328571065
-28.833832523152317,-0.5538255094980796
-28.82927379657966,-0.553340196018242
-28.824715070007002,-0.5528551922971262
-28.820156343434345,-0.5523704982142782
-28.815597616861687,-0.551886113649258
-28.81103889028903,-0.5514020384816398
-28.806480163716373,-0.5509182725910112
-28.801921437143715,-0.5504348158569742
-28.797362710571058,-0.5499516681591426
-28.7928039839984,-0.5494688293771459
-28.788245257425746,-0.5489862993906288
-28.78368653085309,-0.5485040780792447
-28.77912780428043,-0.5480221653226665
-28.774569077707774,-0.5475405610005775
-28.770010351135117,-0.5470592649926752
-28.76545162456246,-0.5465782771786727
-28.7608928979898,-0.5460975974382946
-28.756334171417144,-0.5456172256512808
-28.751775444844487,-0.5451371616973851
-28.74721671827183,-0.5446574054563735
-28.742657991699172,-0.5441779568080282
-28.738099265126515,-0.5436988156321434
-28.733540538553857,-0.5432199818085283
-28.7289818119812,-0.5427414552170052
-28.724423085408542,-0.542263235737411
-28.719864358835885,-0.5417853232495944
-28.715305632263227,-0.5413077176334218
-28.71074690569057,-0.5408304187687706
-28.706188179117913,-0.5403534265355321
-28.701629452545255,-0.5398767408136129
-28.697070725972598,-0.5394003614829326
-28.692511999399944,-0.5389242884234251
-28.687953272827286,-0.5384485215150361
-28.68339454625463,-0.5379730606377298
-28.67883581968197,-0.5374979056714798
-28.674277093109314,-0.5370230564962767
-28.669718366536657,-0.5365485129921224
-28.665159639964,-0.5360742750390356
-28.66060091339134,-0.535600342517046
-28.656042186818684,-0.5351267153061993
-28.651483460246027,-0.5346533932865548
-28.64692473367337,-0.534180376338185
-28.642366007100712,-0.5337076643411778
-28.637807280528055,-0.5332352571756324
-28.633248553955397,-0.5327631547216646
-28.62868982738274,-0.5322913568594039
-28.624131100810082,-0.5318198634689922
-28.619572374237425,-0.5313486744305868
-28.615013647664767,-0.5308777896243575
-28.61045492109211,-0.5304072089304903
-28.605896194519453,-0.529936932229184
-28.601337467946795,-0.5294669594006505
-28.59677874137414,-0.5289972903251172
-28.592220014801484,-0.528527924882825
-28.587661288228826,-0.5280588629540283
-28.58310256165617,-0.5275901044189958
-28.57854383508351,-0.5271216491580115
-28.573985108510854,-0.5266534970513713
-28.569426381938197,-0.526185647979387
-28.56486765536554,-0.5257181018223824
-28.56030892879288,-0.5252508584606975
-28.555750202220224,-0.5247839177746857
-28.551191475647567,-0.5243172796447135
-28.54663274907491,-0.5238509439511625
-28.542074022502252,-0.5233849105744278
-28.537515295929595,-0.5229191793949194
-28.532956569356937,-0.5224537502930596
-28.52839784278428,-0.5219886231492876
-28.523839116211622,-0.5215237978440546
-28.519280389638965,-0.5210592742578245
-28.514721663066307,-0.5205950522710798
-28.51016293649365,-0.5201311317643128
-28.505604209920993,-0.5196675126180327
-28.50104548334834,-0.5192041947127617
-28.49648675677568,-0.5187411779290347
-28.491928030203024,-0.5182784621474038
-28.487369303630366,-0.5178160472484322
-28.48281057705771,-0.5173539331127002
-28.47825185048505,-0.5168921196207995
-28.473693123912394,-0.5164306066533376
-28.469134397339737,-0.515969394090936
-28.46457567076708,-0.515508481814229
-28.46001694419442,-0.5150478697038675
-28.455458217621764,-0.5145875576405143
-28.450899491049107,-0.5141275455048474
-28.44634076447645,-0.513667833177559
-28.441782037903792,-0.513208420539356
-28.437223311331135,-0.5127493074709574
-28.432664584758477,-0.5122904938530987
-28.42810585818582,-0.5118319795665288
-28.423547131613162,-0.5113737644920102
-28.418988405040505,-0.5109158485103217
-28.414429678467847,-0.5104582315022521
-28.40987095189519,-0.5100009133486094
-28.405312225322536,-0.5095438939302127
-28.40075349874988,-0.509087173127896
-28.39619477217722,-0.5086307508225079
-28.391636045604564,-0.5081746268949109
-28.387077319031906,-0.5077188012259818
-28.38251859245925,-0.5072632736966122
-28.37795986588659,-0.506808044187707
-28.373401139313934,-0.5063531125801861
-28.368842412741277,-0.5058984787549841
-28.36428368616862,-0.5054441425930478
-28.35972495959596,-0.5049901039753408
-28.355166233023304,-0.5045363627828389
-28.350607506450647,-0.5040829188965341
-28.34604877987799,-0.5036297721974315
-28.341490053305332,-0.5031769225665509
-28.336931326732675,-0.5027243698849255
-28.332372600160017,-0.5022721140336047
-28.32781387358736,-0.5018201548936497
-28.323255147014702,-0.5013684923461392
-28.318696420442045,-0.5009171262721629
-28.314137693869387,-0.5004660565528269
-28.309578967296734,-0.5000152830692514
-28.305020240724076,-0.49956480570257095
-28.30046151415142,-0.49911462433393283
-28.29590278757876,-0.4986647388445005
-28.291344061006104,-0.4982151491154523
-28.286785334433446,-0.4977658550279786
-28.28222660786079,-0.49731685646328644
-28.27766788128813,-0.4968681533025954
-28.273109154715474,-0.4964197454271411
-28.268550428142817,-0.4959716327181721
-28.26399170157016,-0.49552381505695225
-28.2594329749975,-0.49507629232475936
-28.254874248424844,-0.4946290644028859
-28.250315521852187,-0.4941821311726386
-28.24575679527953,-0.4937354925153392
-28.241198068706872,-0.49328914831232173
-28.236639342134215,-0.4928430984449379
-28.232080615561557,-0.4923973427945514
-28.2275218889889,-0.4919518812425414
-28.222963162416242,-0.4915067136703008
-28.218404435843585,-0.4910618399592373
-28.21384570927093,-0.4906172599907746
-28.209286982698274,-0.49017297364634704
-28.204728256125616,-0.4897289808074069
-28.20016952955296,-0.48928528135542
-28.1956108029803,-0.4888418751718655
-28.191052076407644,-0.4883987621382393
-28.186493349834986,-0.48795594213604865
-28.18193462326233,-0.48751341504681833
-28.17737589668967,-0.48707118075208644
-28.172817170117014,-0.48662923913340367
-28.168258443544357,-0.48618759007233914
-28.1636997169717,-0.4857462334504736
-28.15914099039904,-0.4853051691494026
-28.154582263826384,-0.48486439705073636
-28.150023537253727,-0.484423917036101
-28.14546481068107,-0.48398372898713515
-28.140906084108412,-0.4835438327854931
-28.136347357535755,-0.48310422831284366
-28.131788630963097,-0.48266491545086965
-28.12722990439044,-0.48222589408126887
-28.122671177817782,-0.48178716408575356
-28.11811245124513,-0.48134872534605117
-28.11355372467247,-0.48091057774390167
-28.108994998099814,-0.4804727211610622
-28.104436271527156,-0.4800351554793029
-28.0998775449545,-0.47959788058040825
-28.09531881838184,-0.4791608963461788
-28.090760091809184,-0.4787242026584289
-28.086201365236526,-0.4782877993989858
-28.08164263866387,-0.47785168644969456
-28.07708391209121,-0.47741586369241285
-28.072525185518554,-0.4769803310090128
-28.067966458945897,-0.4765450882813827
-28.06340773237324,-0.4761101353914234
-28.05884900580058,-0.4756754722210518
-28.054290279227924,-0.4752410986521996
-28.049731552655267,-0.474807014566811
-28.04517282608261,-0.47437321984684844
-28.040614099509952,-0.4739397143742857
-28.036055372937295,-0.4735064980311123
-28.031496646364637,-0.47307357069933376
-28.02693791979198,-0.4726409322609679
-28.022379193219326,-0.4722085825980497
-28.01782046664667,-0.47177652159262656
-28.01326174007401,-0.47134474912676144
-28.008703013501353,-0.4709132650825328
-28.004144286928696,-0.4704820693420319
-27.99958556035604,-0.47005116178736756
-27.99502683378338,-0.4696205423006606
-27.990468107210724,-0.46919021076404727
-27.985909380638066,-0.4687601670596796
-27.98135065406541,-0.46833041106972256
-27.97679192749275,-0.46790094267635773
-27.972233200920094,-0.46747176176177974
-27.967674474347437,-0.467042868208199
-27.96311574777478,-0.4666142618978413
-27.95855702120212,-0.4661859427129448
-27.953998294629464,-0.4657579105357643
-27.949439568056807,-0.46533016524856924
-27.94488084148415,-0.4649027067336426
-27.940322114911492,-0.46447553487328425
-27.935763388338835,-0.46404864954980674
-27.931204661766177,-0.4636220506455383
-27.926645935193523,-0.4631957380428227
-27.922087208620866,-0.46276971162401614
-27.91752848204821,-0.4623439712714927
-27.91296975547555,-0.46191851686763824
-27.908411028902893,-0.4614933482948554
-27.903852302330236,-0.46106846543556174
-27.89929357575758,-0.4606438681721877
-27.89473484918492,-0.46021955638718093
-27.890176122612264,-0.4597955299630022
-27.885617396039606,-0.459371788782128
-27.88105866946695,-0.4589483327270489
-27.87649994289429,-0.45852516168027113
-27.871941216321634,-0.4581022755243152
-27.867382489748977,-0.4576796741417162
-27.86282376317632,-0.4572573574150252
-27.85826503660366,-0.45683532522680736
-27.853706310031004,-0.4564135774596423
-27.849147583458347,-0.4559921139961252
-27.84458885688569,-0.455570934718866
-27.840030130313032,-0.45515003951048943
-27.835471403740375,-0.45472942825363466
-27.83091267716772,-0.4543091008309573
-27.826353950595063,-0.45388905712512495
-27.821795224022406,-0.4534692970188238
-27.81723649744975,-0.4530498203947517
-27.81267777087709,-0.4526306271356223
-27.808119044304433,-0.45221171712416613
-27.803560317731776,-0.45179309024312586
-27.79900159115912,-0.45137474637526154
-27.79444286458646,-0.450956685403346
-27.789884138013804,-0.45053890721016854
-27.785325411441146,-0.4501214116785321
-27.78076668486849,-0.4497041986912559
-27.77620795829583,-0.4492872681311729
-27.771649231723174,-0.44887061988113197
-27.767090505150517,-0.4484542538239969
-27.76253177857786,-0.44803816984264566
-27.7579730520052,-0.4476223678199719
-27.753414325432544,-0.44720684763888385
-27.748855598859887,-0.44679160918230526
-27.74429687228723,-0.44637665233317414
-27.739738145714572,-0.445961976974444
-27.735179419141918,-0.44554758298908326
-27.73062069256926,-0.4451334702600744
-27.726061965996603,-0.44471963867041797
-27.721503239423946,-0.44430608810312505
-27.71694451285129,-0.44389281844122463
-27.71238578627863,-0.44347982956776094
-27.707827059705973,-0.4430671213657918
-27.703268333133316,-0.44265469371839083
-27.69870960656066,-0.44224254650864675
-27.694150879988,-0.441830679619663
-27.689592153415344,-0.4414190929345585
-27.685033426842686,-0.44100778633646653
-27.68047470027003,-0.44059675970853623
-27.67591597369737,-0.4401860129339316
-27.671357247124714,-0.4397755458958307
-27.666798520552057,-0.43936535847742836
-27.6622397939794,-0.4389554505619334
-27.65768106740674,-0.4385458220325697
-27.653122340834084,-0.4381364727725766
-27.648563614261427,-0.4377274026652089
-27.64400488768877,-0.43731861159373586
-27.639446161116116,-0.43691009944144227
-27.634887434543458,-0.43650186609162706
-27.6303287079708,-0.43609391142760634
-27.625769981398143,-0.4356862353327081
-27.621211254825486,-0.43527883769027936
-27.61665252825283,-0.4348717183836798
-27.61209380168017,-0.43446487729628375
-27.607535075107513,-0.43405831431148306
-27.602976348534856,-0.4336520293126828
-27.5984176219622,-0.43324602218330416
-27.59385889538954,-0.4328402928067821
-27.589300168816884,-0.43243484106656904
-27.584741442244226,-0.4320296668461304
-27.58018271567157,-0.43162477002894817
-27.57562398909891,-0.4312201504985191
-27.571065262526254,-0.43081580813835485
-27.566506535953597,-0.43041174283198186
-27.56194780938094,-0.43000795446294376
-27.55738908280828,-0.42960444291479766
-27.552830356235624,-0.42920120807111556
-27.548271629662967,-0.4287982498154855
-27.543712903090313,-0.4283955680315119
-27.539154176517656,-0.4279931626028117
-27.534595449944998,-0.4275910334130184
-27.53003672337234,-0.42718918034578185
-27.525477996799683,-0.42678760328476567
-27.520919270227026,-0.42638630211364953
-27.51636054365437,-0.4259852767161275
-27.51180181708171,-0.4255845269759096
-27.507243090509053,-0.42518405277672094
-27.502684363936396,-0.42478385400230223
-27.49812563736374,-0.4243839305364086
-27.49356691079108,-0.4239842822628116
-27.489008184218424,-0.4235849090652971
-27.484449457645766,-0.4231858108276662
-27.47989073107311,-0.4227869874337365
-27.47533200450045,-0.42238843876734006
-27.470773277927794,-0.4219901647123241
-27.466214551355137,-0.4215921651525513
-27.46165582478248,-0.4211944399718994
-27.45709709820982,-0.420796989054263
-27.452538371637164,-0.42039981228354933
-27.44797964506451,-0.42000290954368363
-27.443420918491853,-0.41960628071860445
-27.438862191919196,-0.41920992569226645
-27.434303465346538,-0.41881384434864055
-27.42974473877388,-0.4184180365717121
-27.425186012201223,-0.4180225022454814
-27.420627285628566,-0.41762724125396444
-27.41606855905591,-0.41723225348119364
-27.41150983248325,-0.41683753881121544
-27.406951105910593,-0.41644309712809185
-27.402392379337936,-0.41604892831590107
-27.39783365276528,-0.41565503225873573
-27.39327492619262,-0.41526140884070484
-27.388716199619964,-0.4148680579459317
-27.384157473047306,-0.41447497945855666
-27.37959874647465,-0.4140821732627332
-27.37504001990199,-0.4136896392426323
-27.370481293329334,-0.4132973772824391
-27.365922566756677,-0.41290538726635445
-27.36136384018402,-0.41251366907859566
-27.35680511361136,-0.4121222226033938
-27.352246387038708,-0.41173104772499625
-27.34768766046605,-0.4113401443276665
-27.343128933893393,-0.4109495122956817
-27.338570207320736,-0.410559151513336
-27.334011480748078,-0.41016906186493873
-27.32945275417542,-0.4097792432348145
-27.324894027602763,-0.40938969550730336
-27.320335301030106,-0.4090004185667611
-27.31577657445745,-0.4086114122975586
-27.31121784788479,-0.4082226765840822
-27.306659121312133,-0.40783421131073444
-27.302100394739476,-0.40744601636193273
-27.29754166816682,-0.40705809162211043
-27.29298294159416,-0.4066704369757157
-27.288424215021504,-0.4062830523072131
-27.283865488448846,-0.40589593750108194
-27.27930676187619,-0.4055090924418182
-27.27474803530353,-0.40512251701393137
-27.270189308730874,-0.40473621110194835
-27.265630582158217,-0.404350174590411
-27.26107185558556,-0.403964407363877
-27.256513129012905,-0.4035789093069195
-27.251954402440248,-0.4031936803041264
-27.24739567586759,-0.4028087202401012
-27.242836949294933,-0.40242402899946456
-27.238278222722276,-0.4020396064668518
-27.233719496149618,-0.4016554525269131
-27.22916076957696,-0.4012715670643155
-27.224602043004303,-0.40088794996374033
-27.220043316431646,-0.40050460110988556
-27.21548458985899,-0.4001215203874652
-27.21092586328633,-0.39973870768120645
-27.206367136713673,-0.39935616287585524
-27.201808410141016,-0.39897388585617066
-27.19724968356836,-0.39859187650692884
-27.1926909569957,-0.39821013471292144
-27.188132230423044,-0.397828660358955
-27.183573503850386,-0.39744745332985254
-27.17901477727773,-0.39706651351045125
-27.17445605070507,-0.39668584078560715
-27.169897324132414,-0.39630543504018745
-27.165338597559757,-0.39592529615907873
-27.160779870987103,-0.3955454240271826
-27.156221144414445,-0.39516581852941457
-27.151662417841788,-0.39478647955070695
-27.14710369126913,-0.39440740697600807
-27.142544964696473,-0.3940286006902817
-27.137986238123815,-0.3936500605785065
-27.133427511551158,-0.3932717865256789
-27.1288687849785,-0.3928937784168085
-27.124310058405843,-0.39251603613692226
-27.119751331833186,-0.3921385595710624
-27.11519260526053,-0.39176134860428735
-27.11063387868787,-0.3913844031216697
-27.106075152115213,-0.3910077230082997
-27.101516425542556,-0.39063130814928265
-27.0969576989699,-0.39025515842973857
-27.09239897239724,-0.389879273734805
-27.087840245824584,-0.38950365394963404
-27.083281519251926,-0.3891282989593937
-27.07872279267927,-0.38875320864926866
-27.07416406610661,-0.3883783829044577
-27.069605339533954,-0.3880038216101767
-27.0650466129613,-0.3876295246516577
-27.060487886388643,-0.387255491914147
-27.055929159815985,-0.3868817232829075
-27.051370433243328,-0.3865082186432181
-27.04681170667067,-0.386134977880373
-27.042252980098013,-0.38576200087968265
-27.037694253525355,-0.38538928752647356
-27.033135526952698,-0.38501683770608736
-27.02857680038004,-0.3846446513038816
-27.024018073807383,-0.3842727282052299
-27.019459347234726,-0.38390106829552256
-27.01490062066207,-0.38352967146016376
-27.01034189408941,-0.3831585375845756
-27.005783167516753,-0.3827876665541947
-27.001224440944096,-0.38241705825447314
-26.99666571437144,-0.3820467125708809
-26.99210698779878,-0.38167662938890234
-26.987548261226124,-0.3813068085940368
-26.982989534653466,-0.3809372500718019
-26.97843080808081,-0.3805679537077295
-26.97387208150815,-0.3801989193873675
-26.969313354935498,-0.3798301469962806
-26.96475462836284,-0.37946163642004815
-26.960195901790183,-0.3790933875442656
-26.955637175217525,-0.3787254002545453
-26.951078448644868,-0.37835767443651547
-26.94651972207221,-0.3779902099758188
-26.941960995499553,-0.3776230067581154
-26.937402268926895,-0.3772560646690801
-26.932843542354238,-0.3768893835944044
-26.92828481578158,-0.37652296341979635
-26.923726089208923,-0.3761568040309791
-26.919167362636266,-0.37579090531369175
-26.91460863606361,-0.3754252671536889
-26.91004990949095,-0.3750598894367429
-26.905491182918293,-0.3746947720486401
-26.900932456345636,-0.374329914875184
-26.89637372977298,-0.3739653178021938
-26.89181500320032,-0.3736009807155046
-26.887256276627664,-0.37323690350096733
-26.882697550055006,-0.3728730860444493
-26.87813882348235,-0.37250952823183353
-26.873580096909695,-0.37214622994901964
-26.869021370337038,-0.3717831910819219
-26.86446264376438,-0.37142041151647215
-26.859903917191723,-0.3710578911386174
-26.855345190619065,-0.3706956298343209
-26.850786464046408,-0.3703336274895623
-26.84622773747375,-0.3699718839903363
-26.841669010901093,-0.36961039922265476
-26.837110284328435,-0.36924917307254496
-26.832551557755778,-0.36888820542605016
-26.82799283118312,-0.3685274961692303
-26.823434104610463,-0.368167045188161
-26.818875378037806,-0.36780685236893396
-26.81431665146515,-0.36744691759765624
-26.80975792489249,-0.3670872407604532
-26.805199198319833,-0.3667278217434632
-26.800640471747176,-0.3663686604328433
-26.79608174517452,-0.36600975671476577
-26.79152301860186,-0.365651110475418
-26.786964292029204,-0.36529272160100607
-26.782405565456546,-0.3649345899777482
-26.777846838883892,-0.3645767154918829
-26.773288112311235,-0.36421909802966207
-26.768729385738578,-0.3638617374773547
-26.76417065916592,-0.36350463372124603
-26.759611932593263,-0.3631477866476374
-26.755053206020605,-0.36279119614284583
-26.750494479447948,-0.36243486209320447
-26.74593575287529,-0.3620787843850641
-26.741377026302633,-0.36172296290478995
-26.736818299729975,-0.36136739753876357
-26.732259573157318,-0.36101208817338415
-26.72770084658466,-0.3606570346950651
-26.723142120012003,-0.36030223699023733
-26.718583393439346,-0.3599476949453482
-26.71402466686669,-0.35959340844685966
-26.70946594029403,-0.35923937738125183
-26.704907213721373,-0.3588856016350195
-26.700348487148716,-0.3585320810946742
-26.69578976057606,-0.35817881564674436
-26.6912310340034,-0.3578258051777736
-26.686672307430744,-0.3574730495743221
-26.68211358085809,-0.35712054872296695
-26.677554854285432,-0.3567683025103
-26.672996127712775,-0.3564163108229308
-26.668437401140118,-0.3560645735474852
-26.66387867456746,-0.3557130905706034
-26.659319947994803,-0.3553618617789444
-26.654761221422145,-0.35501088705918193
-26.650202494849488,-0.3546601662980061
-26.64564376827683,-0.35430969938212387
-26.641085041704173,-0.35395948619825757
-26.636526315131515,-0.3536095266331475
-26.631967588558858,-0.3532598205735478
-26.6274088619862,-0.3529103679062309
-26.622850135413543,-0.3525611685179856
-26.618291408840886,-0.35221222229561544
-26.61373268226823,-0.35186352912594115
-26.60917395569557,-0.35151508889580074
-26.604615229122913,-0.35116690149204716
-26.600056502550256,-0.35081896680154956
-26.5954977759776,-0.3504712847111947
-26.59093904940494,-0.35012385510788485
-26.586380322832287,-0.3497766778785391
-26.58182159625963,-0.3494297529100923
-26.577262869686972,-0.34908308008949535
-26.572704143114315,-0.3487366593037173
-26.568145416541658,-0.3483904904397416
-26.563586689969,-0.3480445733845695
-26.559027963396343,-0.3476989080252176
-26.554469236823685,-0.34735349424871953
-26.549910510251028,-0.3470083319421246
-26.54535178367837,-0.3466634209925
-26.540793057105713,-0.3463187612869274
-26.536234330533055,-0.34597435271250637
-26.531675603960398,-0.34563019515635235
-26.52711687738774,-0.34528628850559684
-26.522558150815083,-0.34494263264738817
-26.517999424242426,-0.34459922746889166
-26.51344069766977,-0.3442560728572885
-26.50888197109711,-0.3439131686997753
-26.504323244524453,-0.3435705148835673
-26.499764517951796,-0.3432281112958945
-26.49520579137914,-0.3428859578240036
-26.490647064806485,-0.3425440543551587
-26.486088338233827,-0.3422024007766392
-26.48152961166117,-0.34186099697574207
-26.476970885088512,-0.34151984283977943
-26.472412158515855,-0.3411789382560813
-26.467853431943198,-0.34083828311199366
-26.46329470537054,-0.34049787729487824
-26.458735978797883,-0.34015772069211436
-26.454177252225225,-0.3398178131910973
-26.449618525652568,-0.3394781546792393
-26.44505979907991,-0.3391387450439681
-26.440501072507253,-0.33879958417272926
-26.435942345934595,-0.33846067195298424
-26.431383619361938,-0.33812200827221084
-26.42682489278928,-0.33778359301790334
-26.422266166216623,-0.33744542607757333
-26.417707439643966,-0.3371075073387484
-26.41314871307131,-0.3367698366889728
-26.40858998649865,-0.33643241401580715
-26.404031259925993,-0.3360952392068293
-26.399472533353336,-0.33575831214963237
-26.394913806780682,-0.3354216327318279
-26.390355080208025,-0.33508520084104204
-26.385796353635367,-0.33474901636491916
-26.38123762706271,-0.33441307919111873
-26.376678900490052,-0.3340773892073186
-26.372120173917395,-0.3337419463012123
-26.367561447344738,-0.3334067503605088
-26.36300272077208,-0.33307180127293606
-26.358443994199423,-0.332737098926237
-26.353885267626765,-0.3324026432081716
-26.349326541054108,-0.332068434006516
-26.34476781448145,-0.33173447120906424
-26.340209087908793,-0.3314007547036264
-26.335650361336135,-0.3310672843780283
-26.331091634763478,-0.3307340601201136
-26.32653290819082,-0.3304010818177423
-26.321974181618163,-0.33006834935879054
-26.317415455045506,-0.32973586263115134
-26.31285672847285,-0.3294036215227356
-26.30829800190019,-0.3290716259214693
-26.303739275327533,-0.3287398757152957
-26.29918054875488,-0.3284083707921752
-26.294621822182222,-0.32807711104008425
-26.290063095609565,-0.32774609634701574
-26.285504369036907,-0.3274153266009802
-26.28094564246425,-0.3270848016900044
-26.276386915891592,-0.32675452150213263
-26.271828189318935,-0.32642448592542384
-26.267269462746277,-0.32609469484795567
-26.26271073617362,-0.32576514815782254
-26.258152009600963,-0.32543584574313356
-26.253593283028305,-0.325106787492017
-26.249034556455648,-0.32477797329261654
-26.24447582988299,-0.3244494030330932
-26.239917103310333,-0.32412107660162365
-26.235358376737675,-0.3237929938864032
-26.230799650165018,-0.323465154775642
-26.22624092359236,-0.3231375591575688
-26.221682197019703,-0.3228102069204279
-26.217123470447046,-0.3224830979524806
-26.21256474387439,-0.3221562321420051
-26.20800601730173,-0.3218296093772969
-26.203447290729077,-0.321503229546667
-26.19888856415642,-0.32117709253844545
-26.194329837583762,-0.3208511982409761
-26.189771111011105,-0.3205255465426222
-26.185212384438447,-0.3202001373317626
-26.18065365786579,-0.31987497049679375
-26.176094931293132,-0.3195500459261277
-26.171536204720475,-0.3192253635081946
-26.166977478147817,-0.3189009231314409
-26.16241875157516,-0.31857672468433
-26.157860025002503,-0.3182527680553425
-26.153301298429845,-0.31792905313297476
-26.148742571857188,-0.3176055798057415
-26.14418384528453,-0.31728234796217303
-26.139625118711873,-0.31695935749081733
-26.135066392139215,-0.3166366082802394
-26.130507665566558,-0.31631410021902023
-26.1259489389939,-0.3159918331957584
-26.121390212421243,-0.3156698070990697
-26.116831485848586,-0.3153480218175862
-26.11227275927593,-0.31502647723995714
-26.107714032703274,-0.314705173254848
-26.103155306130617,-0.3143841097509428
-26.09859657955796,-0.3140632866169406
-26.094037852985302,-0.3137427037415586
-26.089479126412645,-0.3134223610135311
-26.084920399839987,-0.31310225832160876
-26.08036167326733,-0.31278239555455906
-26.075802946694672,-0.3124627726011672
-26.071244220122015,-0.3121433893502347
-26.066685493549357,-0.31182424569058015
-26.0621267669767,-0.31150534151103887
-26.057568040404043,-0.3111866767004641
-26.053009313831385,-0.3108682511477255
-26.048450587258728,-0.3105500647417093
-26.04389186068607,-0.31023211737131934
-26.039333134113413,-0.30991440892547606
-26.034774407540755,-0.30959693929311743
-26.030215680968098,-0.3092797083631981
-26.02565695439544,-0.30896271602468933
-26.021098227822783,-0.3086459621665805
-26.016539501250126,-0.30832944667787654
-26.011980774677472,-0.30801316944760165
-26.007422048104814,-0.3076971303647939
-26.002863321532157,-0.3073813293185115
-25.9983045949595,-0.3070657661978277
-25.993745868386842,-0.30675044089183384
-25.989187141814185,-0.3064353532896376
-25.984628415241527,-0.3061205032803647
-25.98006968866887,-0.3058058907531572
-25.975510962096212,-0.30549151559717375
-25.970952235523555,-0.3051773777015916
-25.966393508950897,-0.30486347695560384
-25.96183478237824,-0.30454981324842123
-25.957276055805583,-0.30423638646927154
-25.952717329232925,-0.3039231965073992
-25.948158602660268,-0.3036102432520664
-25.94359987608761,-0.303297526592552
-25.939041149514953,-0.30298504641815205
-25.934482422942295,-0.30267280261818036
-25.929923696369638,-0.30236079508196717
-25.92536496979698,-0.30204902369885983
-25.920806243224323,-0.30173748835822295
-25.91624751665167,-0.3014261889494395
-25.911688790079012,-0.30111512536190693
-25.907130063506354,-0.30080429748504245
-25.902571336933697,-0.30049370520827917
-25.89801261036104,-0.30018334842106753
-25.893453883788382,-0.29987322701287555
-25.888895157215725,-0.29956334087318776
-25.884336430643067,-0.2992536898915067
-25.87977770407041,-0.2989442739573517
-25.875218977497752,-0.29863509296025903
-25.870660250925095,-0.2983261467897822
-25.866101524352437,-0.29801743533549235
-25.86154279777978,-0.2977089584869781
-25.856984071207123,-0.29740071613384367
-25.852425344634465,-0.297092708165713
-25.847866618061808,-0.2967849344722253
-25.84330789148915,-0.2964773949430378
-25.838749164916493,-0.2961700894678251
-25.834190438343835,-0.29586301793627773
-25.829631711771178,-0.2955561802381056
-25.82507298519852,-0.29524957626303383
-25.820514258625867,-0.2949432059008073
-25.81595553205321,-0.29463706904118586
-25.811396805480552,-0.2943311655739468
-25.806838078907894,-0.29402549538888595
-25.802279352335237,-0.29372005837581616
-25.79772062576258,-0.29341485442456716
-25.793161899189922,-0.29310988342498506
-25.788603172617265,-0.2928051452669353
-25.784044446044607,-0.2925006398402992
-25.77948571947195,-0.2921963670349761
-25.774926992899292,-0.29189232674088206
-25.770368266326635,-0.2915885188479508
-25.765809539753977,-0.2912849432461335
-25.76125081318132,-0.2909815998253987
-25.756692086608663,-0.2906784884757316
-25.752133360036005,-0.2903756090871357
-25.747574633463348,-0.2900729615496315
-25.74301590689069,-0.28977054575325617
-25.738457180318033,-0.2894683615880655
-25.733898453745375,-0.28916640894413215
-25.729339727172718,-0.28886468771154483
-25.724781000600064,-0.2885631977804128
-25.720222274027407,-0.2882619390408588
-25.71566354745475,-0.2879609113830264
-25.711104820882092,-0.28766011469707375
-25.706546094309434,-0.2873595488731784
-25.701987367736777,-0.2870592138015351
-25.69742864116412,-0.2867591093723545
-25.692869914591462,-0.2864592354758668
-25.688311188018805,-0.2861595920023178
-25.683752461446147,-0.2858601788419721
-25.67919373487349,-0.2855609958851107
-25.674635008300832,-0.28526204302203223
-25.670076281728175,-0.2849633201430537
-25.665517555155517,-0.28466482713850844
-25.66095882858286,-0.2843665638987477
-25.656400102010203,-0.28406853031414064
-25.651841375437545,-0.2837707262750726
-25.647282648864888,-0.28347315167194814
-25.64272392229223,-0.28317580639518763
-25.638165195719573,-0.2828786903352306
-25.633606469146915,-0.28258180338253175
-25.62904774257426,-0.2822851454275667
-25.624489016001604,-0.281988716360825
-25.619930289428947,-0.28169251607281526
-25.61537156285629,-0.28139654445406437
-25.610812836283632,-0.2811008013951155
-25.606254109710974,-0.28080528678653055
-25.601695383138317,-0.2805100005188874
-25.59713665656566,-0.28021494248278256
-25.592577929993002,-0.27992011256883004
-25.588019203420345,-0.27962551066766106
-25.583460476847687,-0.2793311366699247
-25.57890175027503,-0.2790369904662873
-25.574343023702372,-0.27874307194743275
-25.569784297129715,-0.27844938100406286
-25.565225570557057,-0.27815591752689695
-25.5606668439844,-0.2778626814066711
-25.556108117411743,-0.27756967253414044
-25.551549390839085,-0.2772768908000764
-25.546990664266428,-0.27698433609526896
-25.54243193769377,-0.2766920083105249
-25.537873211121113,-0.2763999073366689
-25.53331448454846,-0.276108033064544
-25.5287557579758,-0.2758163853850094
-25.524197031403144,-0.27552496418894273
-25.519638304830487,-0.2752337693672396
-25.51507957825783,-0.2749428008108126
-25.510520851685172,-0.2746520584105928
-25.505962125112514,-0.2743615420575273
-25.501403398539857,-0.27407125164258295
-25.4968446719672,-0.2737811870567427
-25.492285945394542,-0.27349134819100784
-25.487727218821885,-0.2732017349363973
-25.483168492249227,-0.27291234718394763
-25.47860976567657,-0.27262318482471204
-25.474051039103912,-0.2723342477497635
-25.469492312531255,-0.27204553585019153
-25.464933585958597,-0.2717570490171023
-25.46037485938594,-0.27146878714162165
-25.455816132813283,-0.271180750114892
-25.451257406240625,-0.27089293782807355
-25.446698679667968,-0.27060535017234444
-25.44213995309531,-0.27031798703890075
-25.437581226522656,-0.2700308483189558
-25.43302249995,-0.2697439339037406
-25.42846377337734,-0.2694572436845043
-25.423905046804684,-0.26917077755251384
-25.419346320232027,-0.2688845353990536
-25.41478759365937,-0.26859851711542554
-25.410228867086712,-0.26831272259295
-25.405670140514054,-0.26802715172296465
-25.401111413941397,-0.2677418043968252
-25.39655268736874,-0.2674566805059048
-25.391993960796082,-0.2671717799415946
-25.387435234223425,-0.26688710259530346
-25.382876507650767,-0.26660264835845815
-25.37831778107811,-0.266318417122503
-25.373759054505452,-0.26603440877890083
-25.369200327932795,-0.2657506232191311
-25.364641601360137,-0.2654670603346922
-25.36008287478748,-0.2651837200170996
-25.355524148214823,-0.2649006021578871
-25.350965421642165,-0.26461770664860584
-25.346406695069508,-0.26433503338082587
-25.341847968496854,-0.2640525822461331
-25.337289241924196,-0.26377035313613295
-25.33273051535154,-0.2634883459424485
-25.32817178877888,-0.26320656055672054
-25.323613062206224,-0.26292499687060683
-25.319054335633567,-0.2626436547757843
-25.31449560906091,-0.26236253416394767
-25.309936882488252,-0.26208163492680825
-25.305378155915594,-0.2618009569560965
-25.300819429342937,-0.2615205001435604
-25.29626070277028,-0.2612402643809655
-25.291701976197622,-0.2609602495600957
-25.287143249624965,-0.2606804555727528
-25.282584523052307,-0.2604008823107566
-25.27802579647965,-0.26012152966594404
-25.273467069906992,-0.25984239753017113
-25.268908343334335,-0.2595634857953104
-25.264349616761677,-0.2592847943532539
-25.25979089018902,-0.2590063230959103
-25.255232163616363,-0.25872807191520775
-25.250673437043705,-0.25845004070308997
-25.24611471047105,-0.25817222935152173
-25.241555983898394,-0.25789463775248245
-25.236997257325736,-0.257617265797972
-25.23243853075308,-0.25734011338000745
-25.22787980418042,-0.2570631803906233
-25.223321077607764,-0.25678646672187316
-25.218762351035107,-0.25650997226582767
-25.21420362446245,-0.2562336969145756
-25.209644897889792,-0.25595764056022435
-25.205086171317134,-0.2556818030948986
-25.200527444744477,-0.25540618441074137
-25.19596871817182,-0.25513078439991393
-25.191409991599162,-0.25485560295459486
-25.186851265026505,-0.25458063996698177
-25.182292538453847,-0.2543058953292894
-25.17773381188119,-0.2540313689337508
-25.173175085308532,-0.2537570606726177
-25.168616358735875,-0.25348297043815876
-25.164057632163217,-0.25320909812266207
-25.15949890559056,-0.2529354436184317
-25.154940179017903,-0.2526620068177925
-25.15038145244525,-0.2523887876130854
-25.14582272587259,-0.2521157858966696
-25.141263999299934,-0.251843001560923
-25.136705272727276,-0.25157043449824174
-25.13214654615462,-0.2512980846010393
-25.12758781958196,-0.2510259517617483
-25.123029093009304,-0.25075403587281786
-25.118470366436647,-0.2504823368267169
-25.11391163986399,-0.2502108545159312
-25.109352913291332,-0.2499395888329655
-25.104794186718674,-0.2496685396703426
-25.100235460146017,-0.24939770692060267
-25.09567673357336,-0.24912709047630532
-25.091118007000702,-0.2488566902300267
-25.086559280428045,-0.24858650607436236
-25.082000553855387,-0.24831653790192526
-25.07744182728273,-0.24804678560534735
-25.072883100710072,-0.2477772490772783
-25.068324374137415,-0.24750792821038523
-25.063765647564757,-0.2472388228973546
-25.0592069209921,-0.24696993303089085
-25.054648194419446,-0.24670125850371627
-25.05008946784679,-0.24643279920857056
-25.04553074127413,-0.24616455503821305
-25.040972014701474,-0.24589652588542096
-25.036413288128816,-0.24562871164298922
-25.03185456155616,-0.24536111220373105
-25.0272958349835,-0.24509372746047825
-25.022737108410844,-0.24482655730608055
-25.018178381838187,-0.24455960163340637
-25.01361965526553,-0.24429286033534148
-25.009060928692872,-0.24402633330479093
-25.004502202120214,-0.2437600204346774
-24.999943475547557,-0.24349392161794178
-24.9953847489749,-0.2432280367475435
-24.990826022402242,-0.24296236571645982
-24.986267295829585,-0.2426969084176874
-24.981708569256927,-0.24243166474423955
-24.97714984268427,-0.24216663458914936
-24.972591116111612,-0.24190181784546705
-24.968032389538955,-0.2416372144062621
-24.963473662966297,-0.2413728241646213
-24.958914936393644,-0.24110864701365073
-24.954356209820986,-0.24084468284647373
-24.94979748324833,-0.2405809315562333
-24.94523875667567,-0.24031739303608937
-24.940680030103014,-0.2400540671792214
-24.936121303530356,-0.23979095387882593
-24.9315625769577,-0.2395280530281188
-24.92700385038504,-0.23926536452033453
-24.922445123812384,-0.2390028882487245
-24.917886397239727,-0.2387406241065598
-24.91332767066707,-0.2384785719871293
-24.908768944094412,-0.23821673178374034
-24.904210217521754,-0.2379551033897186
-24.899651490949097,-0.23769368669840787
-24.89509276437644,-0.23743248160317124
-24.890534037803782,-0.23717148799738913
-24.885975311231125,-0.23691070577446108
-24.881416584658467,-0.2366501348278045
-24.87685785808581,-0.23638977505085534
-24.872299131513152,-0.23612962633706835
-24.867740404940495,-0.2358696885799165
-24.86318167836784,-0.2356099616728907
-24.858622951795184,-0.23535044550950088
-24.854064225222526,-0.2350911399832751
-24.84950549864987,-0.23483204498776009
-24.84494677207721,-0.2345731604165209
-24.840388045504554,-0.2343144861631407
-24.835829318931896,-0.2340560221212218
-24.83127059235924,-0.23379776818438464
-24.82671186578658,-0.23353972424626748
-24.822153139213924,-0.23328189020052834
-24.817594412641267,-0.23302426594084283
-24.81303568606861,-0.23276685136090502
-24.80847695949595,-0.23250964635442772
-24.803918232923294,-0.23225265081514238
-24.799359506350637,-0.23199586463679867
-24.79480077977798,-0.23173928771316515
-24.790242053205322,-0.23148291993802805
-24.785683326632665,-0.231226761205193
-24.781124600060007,-0.23097081140848388
-24.77656587348735,-0.23071507044174264
-24.772007146914692,-0.2304595381988306
-24.76744842034204,-0.23020421457362714
-24.76288969376938,-0.22994909946002987
-24.758330967196724,-0.2296941927519553
-24.753772240624066,-0.22943949434333852
-24.74921351405141,-0.22918500412813358
-24.74465478747875,-0.22893072200031198
-24.740096060906094,-0.2286766478538647
-24.735537334333436,-0.22842278158280152
-24.73097860776078,-0.22816912308114976
-24.72641988118812,-0.22791567224295559
-24.721861154615464,-0.22766242896228486
-24.717302428042807,-0.2274093931332208
-24.71274370147015,-0.22715656464986597
-24.70818497489749,-0.22690394340634065
-24.703626248324834,-0.22665152929678523
-24.699067521752177,-0.22639932221535716
-24.69450879517952,-0.22614732205623328
-24.689950068606862,-0.22589552871360846
-24.685391342034205,-0.22564394208169783
-24.680832615461547,-0.225392562054733
-24.67627388888889,-0.22514138852696575
-24.671715162316236,-0.22489042139266643
-24.66715643574358,-0.22463966054612244
-24.66259770917092,-0.22438910588164174
-24.658038982598264,-0.22413875729355032
-24.653480256025606,-0.2238886146761924
-24.64892152945295,-0.2236386779239316
-24.64436280288029,-0.22338894693114972
-24.639804076307634,-0.22313942159224734
-24.635245349734976,-0.22289010180164398
-24.63068662316232,-0.22264098745377747
-24.62612789658966,-0.22239207844310468
-24.621569170017004,-0.22214337466410103
-24.617010443444347,-0.2218948760112609
-24.61245171687169,-0.22164658237909673
-24.60789299029903,-0.22139849366214034
-24.603334263726374,-0.2211506097549425
-24.598775537153717,-0.2209029305520716
-24.59421681058106,-0.22065545594811573
-24.589658084008402,-0.22040818583768193
-24.585099357435745,-0.22016112011539501
-24.580540630863087,-0.21991425867589928
-24.575981904290433,-0.2196676014138579
-24.571423177717776,-0.21942114822395167
-24.56686445114512,-0.2191748990008818
-24.56230572457246,-0.21892885363936726
-24.557746997999804,-0.218683012034146
-24.553188271427146,-0.21843737407997496
-24.54862954485449,-0.21819193967162964
-24.54407081828183,-0.21794670870390412
-24.539512091709174,-0.21770168107161197
-24.534953365136516,-0.21745685666958536
-24.53039463856386,-0.21721223539267484
-24.5258359119912,-0.21696781713575003
-24.521277185418544,-0.21672360179369973
-24.516718458845887,-0.21647958926143082
-24.51215973227323,-0.21623577943387004
-24.50760100570057,-0.2159921722059617
-24.503042279127914,-0.21574876747267063
-24.498483552555257,-0.21550556512897912
-24.4939248259826,-0.2152625650698884
-24.489366099409942,-0.21501976719041963
-24.484807372837285,-0.2147771713856116
-24.48024864626463,-0.21453477755052325
-24.475689919691973,-0.21429258558023065
-24.471131193119316,-0.2140505953698308
-24.46657246654666,-0.2138088068144381
-24.462013739974,-0.21356721980918664
-24.457455013401344,-0.2133258342492292
-24.452896286828686,-0.2130846500297369
-24.44833756025603,-0.21284366704590085
-24.44377883368337,-0.21260288519293025
-24.439220107110714,-0.21236230436605386
-24.434661380538056,-0.2121219244605189
-24.4301026539654,-0.2118817453715916
-24.42554392739274,-0.21164176699455728
-24.420985200820084,-0.21140198922471998
-24.416426474247427,-0.21116241195740312
-24.41186774767477,-0.2109230350879486
-24.40730902110211,-0.21068385851171753
-24.402750294529454,-0.2104448821240904
-24.398191567956797,-0.21020610582046578
-24.39363284138414,-0.20996752949626188
-24.389074114811482,-0.20972915304691586
-24.384515388238828,-0.20949097636788386
-24.37995666166617,-0.20925299935464037
-24.375397935093513,-0.20901522190267982
-24.370839208520856,-0.20877764390751521
-24.3662804819482,-0.20854026526467878
-24.36172175537554,-0.2083030858697215
-24.357163028802884,-0.2080661056182132
-24.352604302230226,-0.2078293244057435
-24.34804557565757,-0.20759274212792034
-24.34348684908491,-0.2073563586803713
-24.338928122512254,-0.20712017395874224
-24.334369395939596,-0.2068841878586988
-24.32981066936694,-0.20664840027592538
-24.32525194279428,-0.20641281110612547
-24.320693216221624,-0.20617742024502192
-24.316134489648967,-0.2059422275883557
-24.31157576307631,-0.2057072330318882
-24.30701703650365,-0.2054724364713988
-24.302458309930994,-0.20523783780268678
-24.297899583358337,-0.20500343692156978
-24.29334085678568,-0.2047692337238854
-24.288782130213026,-0.20453522810548988
-24.284223403640368,-0.20430141996225812
-24.27966467706771,-0.20406780919008483
-24.275105950495053,-0.20383439568488354
-24.270547223922396,-0.2036011793425873
-24.26598849734974,-0.20336816005914757
-24.26142977077708,-0.20313533773053552
-24.256871044204424,-0.20290271225274178
-24.252312317631766,-0.20267028352177516
-24.24775359105911,-0.20243805143366467
-24.24319486448645,-0.2022060158844572
-24.238636137913794,-0.20197417677022045
-24.234077411341136,-0.20174253398704
-24.22951868476848,-0.20151108743102097
-24.22495995819582,-0.2012798369982881
-24.220401231623164,-0.20104878258498476
-24.215842505050507,-0.2008179240872736
-24.21128377847785,-0.2005872614013371
-24.20672505190519,-0.20035679442337617
-24.202166325332534,-0.20012652304961093
-24.197607598759877,-0.1998964471762818
-24.193048872187223,-0.1996665666996471
-24.188490145614566,-0.1994368815159849
-24.183931419041908,-0.1992073915215927
-24.17937269246925,-0.19897809661278745
-24.174813965896593,-0.1987489966859046
-24.170255239323936,-0.19852009163729897
-24.16569651275128,-0.19829138136334545
-24.16113778617862,-0.19806286576043758
-24.156579059605964,-0.19783454472498785
-24.152020333033306,-0.19760641815342908
-24.14746160646065,-0.19737848594221227
-24.14290287988799,-0.19715074798780832
-24.138344153315334,-0.19692320418670747
-24.133785426742676,-0.1966958544354186
-24.12922670017002,-0.1964686986304709
-24.12466797359736,-0.19624173666841183
-24.120109247024704,-0.19601496844580876
-24.115550520452047,-0.1957883938592487
-24.11099179387939,-0.19556201280533708
-24.10643306730673,-0.19533582518069942
-24.101874340734074,-0.1951098308819803
-24.09731561416142,-0.1948840298058438
-24.092756887588763,-0.19465842184897283
-24.088198161016106,-0.1944330069080701
-24.083639434443448,-0.19420778487985765
-24.07908070787079,-0.19398275566107706
-24.074521981298133,-0.193757919148489
-24.069963254725476,-0.19353327523887345
-24.06540452815282,-0.19330882382902975
-24.06084580158016,-0.19308456481577727
-24.056287075007504,-0.19286049809595376
-24.051728348434846,-0.19263662356641734
-24.04716962186219,-0.19241294112404467
-24.04261089528953,-0.19218945066573248
-24.038052168716874,-0.19196615208839668
-24.033493442144216,-0.1917430452889725
-24.02893471557156,-0.19152013016441477
-24.0243759889989,-0.19129740661169758
-24.019817262426244,-0.1910748745278145
-24.015258535853587,-0.19085253380977862
-24.01069980928093,-0.19063038435462254
-24.00614108270827,-0.19040842605939817
-24.001582356135618,-0.19018665882117705
-23.99702362956296,-0.18996508253704975
-23.992464902990303,-0.1897436971041267
-23.987906176417646,-0.18952250241953816
-23.983347449844988,-0.1893014983804328
-23.97878872327233,-0.18908068488397947
-23.974229996699673,-0.1888600618273668
-23.969671270127016,-0.18863962910780263
-23.96511254355436,-0.1884193866225138
-23.9605538169817,-0.18819933426874752
-23.955995090409044,-0.18797947194376996
-23.951436363836386,-0.1877597995448666
-23.94687763726373,-0.18754031696934315
-23.94231891069107,-0.18732102411452461
-23.937760184118414,-0.187101920877755
-23.933201457545756,-0.1868830071563985
-23.9286427309731,-0.18666428284783856
-23.92408400440044,-0.18644574784947823
-23.919525277827784,-0.18622740205874022
-23.914966551255127,-0.18600924537306643
-23.91040782468247,-0.18579127768991893
-23.905849098109815,-0.18557349890677907
-23.901290371537158,-0.18535590892114726
-23.8967316449645,-0.18513850763054424
-23.892172918391843,-0.18492129493251025
-23.887614191819186,-0.18470427072460457
-23.883055465246528,-0.18448743490440697
-23.87849673867387,-0.1842707873695158
-23.873938012101213,-0.18405432801754976
-23.869379285528556,-0.18383805674614703
-23.8648205589559,-0.18362197345296533
-23.86026183238324,-0.18340607803568193
-23.855703105810584,-0.183190370391994
-23.851144379237926,-0.1829748504196178
-23.84658565266527,-0.1827595180162899
-23.84202692609261,-0.18254437307976634
-23.837468199519954,-0.18232941550782228
-23.832909472947296,-0.18211464519825316
-23.82835074637464,-0.18190006204887396
-23.82379201980198,-0.1816856659575194
-23.819233293229324,-0.18147145682204335
-23.814674566656667,-0.18125743454032003
-23.810115840084013,-0.18104359901024303
-23.805557113511355,-0.18082995012972566
-23.800998386938698,-0.1806164877967009
-23.79643966036604,-0.1804032119091216
-23.791880933793383,-0.18019012236496
-23.787322207220726,-0.17997721906220837
-23.782763480648068,-0.17976450189887863
-23.77820475407541,-0.17955197077300228
-23.773646027502753,-0.17933962558263083
-23.769087300930096,-0.1791274662258354
-23.76452857435744,-0.17891549260070663
-23.75996984778478,-0.17870370460535515
-23.755411121212124,-0.17849210213791147
-23.750852394639466,-0.17828068509652537
-23.74629366806681,-0.1780694533793669
-23.74173494149415,-0.1778584068846256
-23.737176214921494,-0.17764754551051112
-23.732617488348836,-0.1774368691552521
-23.72805876177618,-0.1772263777170982
-23.72350003520352,-0.17701607109431772
-23.718941308630864,-0.17680594918519937
-23.71438258205821,-0.1765960118880519
-23.709823855485553,-0.1763862591012029
-23.705265128912895,-0.17617669072300055
-23.700706402340238,-0.17596730665181257
-23.69614767576758,-0.17575810678602688
-23.691588949194923,-0.17554909102405097
-23.687030222622266,-0.17534025926431204
-23.682471496049608,-0.17513161140525713
-23.67791276947695,-0.17492314734535325
-23.673354042904293,-0.17471486698308755
-23.668795316331636,-0.1745067702169666
-23.66423658975898,-0.17429885694551692
-23.65967786318632,-0.17409112706728497
-23.655119136613663,-0.1738835804808372
-23.650560410041006,-0.17367621708475986
-23.64600168346835,-0.17346903677765874
-23.64144295689569,-0.17326203945816027
-23.636884230323034,-0.17305522502491014
-23.632325503750376,-0.1728485933765738
-23.62776677717772,-0.17264214441183767
-23.62320805060506,-0.17243587802940677
-23.618649324032408,-0.17222979412800718
-23.61409059745975,-0.17202389260638384
-23.609531870887093,-0.17181817336330227
-23.604973144314435,-0.17161263629754794
-23.600414417741778,-0.1714072813079259
-23.59585569116912,-0.17120210829326177
-23.591296964596463,-0.1709971171524005
-23.586738238023806,-0.17079230778420715
-23.582179511451148,-0.17058768008756692
-23.57762078487849,-0.17038323396138488
-23.573062058305833,-0.17017896930458584
-23.568503331733176,-0.16997488601611527
-23.56394460516052,-0.16977098399493812
-23.55938587858786,-0.16956726314003878
-23.554827152015203,-0.169363723350423
-23.550268425442546,-0.16916036452511515
-23.54570969886989,-0.1689571865631609
-23.54115097229723,-0.16875418936362455
-23.536592245724574,-0.16855137282559188
-23.532033519151916,-0.16834873684816726
-23.52747479257926,-0.16814628133047635
-23.522916066006605,-0.16794400617166405
-23.518357339433948,-0.16774191127089522
-23.51379861286129,-0.16753999652735554
-23.509239886288633,-0.1673382618402502
-23.504681159715975,-0.16713670710880427
-23.500122433143318,-0.16693533223226345
-23.49556370657066,-0.16673413710989285
-23.491004979998003,-0.16653312164097842
-23.486446253425346,-0.16633228572482536
-23.481887526852688,-0.16613162926075956
-23.47732880028003,-0.16593115214812693
-23.472770073707373,-0.16573085428629317
-23.468211347134716,-0.1655307355746442
-23.46365262056206,-0.16533079591258656
-23.4590938939894,-0.16513103519954586
-23.454535167416743,-0.1649314533349688
-23.449976440844086,-0.1647320502183215
-23.44541771427143,-0.16453282574909103
-23.44085898769877,-0.1643337798267836
-23.436300261126114,-0.16413491235092612
-23.431741534553456,-0.16393622322106607
-23.427182807980802,-0.16373771233677023
-23.422624081408145,-0.16353937959762557
-23.418065354835488,-0.16334122490324002
-23.41350662826283,-0.1631432481532413
-23.408947901690173,-0.16294544924727683
-23.404389175117515,-0.16274782808501448
-23.399830448544858,-0.16255038456614296
-23.3952717219722,-0.16235311859037052
-23.390712995399543,-0.1621560300574251
-23.386154268826886,-0.16195911886705605
-23.381595542254228,-0.1617623849190321
-23.37703681568157,-0.16156582811314252
-23.372478089108913,-0.16136944834919678
-23.367919362536256,-0.16117324552702425
-23.3633606359636,-0.16097721954647487
-23.35880190939094,-0.16078137030741857
-23.354243182818283,-0.1605856977097459
-23.349684456245626,-0.16039020165336704
-23.34512572967297,-0.1601948820382131
-23.34056700310031,-0.15999973876423543
-23.336008276527654,-0.1598047717314046
-23.331449549955,-0.1596099808397128
-23.326890823382342,-0.15941536598917155
-23.322332096809685,-0.15922092707981292
-23.317773370237028,-0.15902666401168958
-23.31321464366437,-0.15883257668487416
-23.308655917091713,-0.15863866499945964
-23.304097190519055,-0.1584449288555592
-23.299538463946398,-0.15825136815330654
-23.29497973737374,-0.1580579827928557
-23.290421010801083,-0.15786477267438076
-23.285862284228426,-0.15767173769807621
-23.281303557655768,-0.15747887776415684
-23.27674483108311,-0.1572861927728583
-23.272186104510453,-0.15709368262443574
-23.267627377937796,-0.1569013472191652
-23.26306865136514,-0.1567091864573427
-23.25850992479248,-0.15651720023928523
-23.253951198219823,-0.15632538846532928
-23.249392471647166,-0.1561337510358324
-23.24483374507451,-0.15594228785117248
-23.24027501850185,-0.1557509988117473
-23.235716291929197,-0.15555988381797536
-23.23115756535654,-0.1553689427702955
-23.226598838783882,-0.1551781755691671
-23.222040112211225,-0.15498758211506944
-23.217481385638568,-0.1547971623085028
-23.21292265906591,-0.15460691604998758
-23.208363932493253,-0.15441684324006474
-23.203805205920595,-0.15422694377929536
-23.199246479347938,-0.15403721756826114
-23.19468775277528,-0.15384766450756424
-23.190129026202623,-0.15365828449782754
-23.185570299629966,-0.15346907743969368
-23.181011573057308,-0.1532800432338261
-23.17645284648465,-0.15309118178090897
-23.171894119911993,-0.15290249298164652
-23.167335393339336,-0.15271397673676343
-23.16277666676668,-0.1525256329470054
-23.15821794019402,-0.15233746151313787
-23.153659213621363,-0.15214946233594723
-23.149100487048706,-0.15196163531624038
-23.14454176047605,-0.15177398035484407
-23.139983033903395,-0.15158649735260685
-23.135424307330737,-0.1513991862103962
-23.13086558075808,-0.1512120468291012
-23.126306854185422,-0.15102507910963087
-23.121748127612765,-0.1508382829529153
-23.117189401040108,-0.15065165825990498
-23.11263067446745,-0.15046520493157003
-23.108071947894793,-0.15027892286890257
-23.103513221322135,-0.15009281197291413
-23.098954494749478,-0.1499068721446373
-23.09439576817682,-0.14972110328512492
-23.089837041604163,-0.14953550529545062
-23.085278315031506,-0.14935007807670897
-23.080719588458848,-0.14916482153001417
-23.07616086188619,-0.14897973555650162
-23.071602135313533,-0.14879482005732728
-23.067043408740876,-0.14861007493366749
-23.06248468216822,-0.14842550008671937
-23.05792595559556,-0.1482410954177007
-23.053367229022903,-0.14805686082784966
-23.048808502450246,-0.14787279621842467
-23.044249775877592,-0.1476889014907059
-23.039691049304935,-0.14750517654599304
-23.035132322732277,-0.14732162128560675
-23.03057359615962,-0.14713823561088823
-23.026014869586962,-0.1469550194231999
-23.021456143014305,-0.14677197262392414
-23.016897416441648,-0.14658909511446416
-23.01233868986899,-0.14640638679624393
-23.007779963296333,-0.14622384757070808
-23.003221236723675,-0.1460414773393218
-22.998662510151018,-0.1458592760035709
-22.99410378357836,-0.1456772434649621
-22.989545057005703,-0.14549537962502246
-22.984986330433046,-0.14531368438530018
-22.980427603860388,-0.14513215764736379
-22.97586887728773,-0.1449507993128026
-22.971310150715073,-0.1447696092832265
-22.966751424142416,-0.1445885874602664
-22.96219269756976,-0.14440773374557375
-22.9576339709971,-0.14422704804082068
-22.953075244424443,-0.14404653024770003
-22.94851651785179,-0.14386618026792566
-22.943957791279132,-0.14368599800323173
-22.939399064706475,-0.14350598335537332
-22.934840338133817,-0.1433261362261261
-22.93028161156116,-0.14314645651728694
-22.925722884988502,-0.14296694413067318
-22.921164158415845,-0.14278759896812293
-22.916605431843188,-0.14260842093149492
-22.91204670527053,-0.142429409922669
-22.907487978697873,-0.1422505658435454
-22.902929252125215,-0.1420718885960455
-22.898370525552558,-0.14189337808211128
-22.8938117989799,-0.14171503420370554
-22.889253072407243,-0.14153685686281178
-22.884694345834586,-0.1413588459614345
-22.880135619261928,-0.1411810014015992
-22.87557689268927,-0.14100332308535146
-22.871018166116613,-0.14082581091475843
-22.866459439543956,-0.1406484647919076
-22.8619007129713,-0.1404712846189078
-22.85734198639864,-0.14029427029788819
-22.852783259825987,-0.140117421730999
-22.84822453325333,-0.13994073882041144
-22.843665806680672,-0.13976422146831713
-22.839107080108015,-0.139587869576929
-22.834548353535357,-0.13941168304848098
-22.8299896269627,-0.1392356617852272
-22.825430900390042,-0.13905980568944315
-22.820872173817385,-0.13888411466342548
-22.816313447244728,-0.138708588609491
-22.81175472067207,-0.1385332274299778
-22.807195994099413,-0.13835803102724517
-22.802637267526755,-0.13818299930367253
-22.798078540954098,-0.13800813216166094
-22.79351981438144,-0.13783342950363217
-22.788961087808783,-0.13765889123202865
-22.784402361236126,-0.13748451724931418
-22.779843634663468,-0.13731030745797318
-22.77528490809081,-0.13713626176051077
-22.770726181518153,-0.13696238005945383
-22.766167454945496,-0.13678866225734945
-22.76160872837284,-0.13661510825676604
-22.757050001800184,-0.1364417179602929
-22.752491275227527,-0.13626849127053964
-22.74793254865487,-0.13609542809013817
-22.743373822082212,-0.13592252832174048
-22.738815095509555,-0.13574979186801947
-22.734256368936897,-0.1355772186316697
-22.72969764236424,-0.1354048085154059
-22.725138915791582,-0.13523256142196427
-22.720580189218925,-0.13506047725410256
-22.716021462646268,-0.13488855591459809
-22.71146273607361,-0.13471679730625033
-22.706904009500953,-0.1345452013318798
-22.702345282928295,-0.13437376789432726
-22.697786556355638,-0.13420249689645522
-22.69322782978298,-0.13403138824114705
-22.688669103210323,-0.13386044183130677
-22.684110376637665,-0.13368965756986018
-22.679551650065008,-0.13351903535975349
-22.67499292349235,-0.13334857510395412
-22.670434196919693,-0.13317827670545093
-22.665875470347036,-0.13300814006725353
-22.661316743774382,-0.13283816509239252
-22.656758017201724,-0.13266835168391974
-22.652199290629067,-0.13249869974490816
-22.64764056405641,-0.13232920917845153
-22.643081837483752,-0.13215987988766517
-22.638523110911095,-0.13199071177568542
-22.633964384338437,-0.1318217047456695
-22.62940565776578,-0.13165285870079557
-22.624846931193122,-0.1314841735442635
-22.620288204620465,-0.13131564917929386
-22.615729478047808,-0.13114728550912855
-22.61117075147515,-0.13097908243703038
-22.606612024902493,-0.13081103986628378
-22.602053298329835,-0.1306431577001936
-22.597494571757178,-0.13047543584208648
-22.59293584518452,-0.13030787419531
-22.588377118611863,-0.1301404726632328
-22.583818392039205,-0.12997323114924486
-22.579259665466548,-0.12980614955675712
-22.57470093889389,-0.12963922778920212
-22.570142212321233,-0.1294724657500332
-22.56558348574858,-0.12930586334272529
-22.561024759175922,-0.12913942047077356
-22.556466032603264,-0.12897313703769564
-22.551907306030607,-0.12880701294702968
-22.54734857945795,-0.12864104810233504
-22.542789852885292,-0.12847524240719269
-22.538231126312635,-0.12830959576520454
-22.533672399739977,-0.12814410807999352
-22.52911367316732,-0.12797877925520423
-22.524554946594662,-0.12781360919450227
-22.519996220022005,-0.12764859780157486
-22.515437493449348,-0.12748374498012977
-22.51087876687669,-0.12731905063389656
-22.506320040304033,-0.12715451466662592
-22.501761313731375,-0.12699013698209005
-22.497202587158718,-0.12682591748408178
-22.49264386058606,-0.12666185607641614
-22.488085134013403,-0.12649795266292857
-22.483526407440745,-0.12633420714747656
-22.478967680868088,-0.126170619433938
-22.47440895429543,-0.1260071894262131
-22.469850227722777,-0.12584391702822292
-22.46529150115012,-0.1256808021439096
-22.460732774577462,-0.12551784467723662
-22.456174048004804,-0.1253550445321895
-22.451615321432147,-0.12519240161277412
-22.44705659485949,-0.12502991582301853
-22.442497868286832,-0.12486758706697161
-22.437939141714175,-0.12470541524870378
-22.433380415141517,-0.12454340027230668
-22.42882168856886,-0.12438154204189356
-22.424262961996202,-0.12421984046159894
-22.419704235423545,-0.12405829543557843
-22.415145508850888,-0.12389690686800947
-22.41058678227823,-0.12373567466309043
-22.406028055705573,-0.12357459872504156
-22.401469329132915,-0.12341367895810414
-22.396910602560258,-0.12325291526654111
-22.3923518759876,-0.12309230755463645
-22.387793149414943,-0.12293185572669589
-22.383234422842285,-0.12277155968704656
-22.378675696269628,-0.12261141934003675
-22.374116969696974,-0.12245143459003661
-22.369558243124317,-0.12229160534143713
-22.36499951655166,-0.12213193149865115
-22.360440789979002,-0.12197241296611296
-22.355882063406344,-0.12181304964827842
-22.351323336833687,-0.1216538414496242
-22.34676461026103,-0.12149478827464931
-22.342205883688372,-0.12133589002787358
-22.337647157115715,-0.12117714661383851
-22.333088430543057,-0.12101855793710727
-22.3285297039704,-0.12086012390226422
-22.323970977397742,-0.12070184441391536
-22.319412250825085,-0.12054371937668844
-22.314853524252428,-0.12038574869523187
-22.31029479767977,-0.12022793227421681
-22.305736071107113,-0.12007027001833474
-22.301177344534455,-0.11991276183229937
-22.296618617961798,-0.1197554076208458
-22.29205989138914,-0.11959820728873058
-22.287501164816483,-0.11944116074073184
-22.282942438243825,-0.11928426788164903
-22.27838371167117,-0.11912752861630382
-22.273824985098514,-0.11897094284953855
-22.269266258525857,-0.11881451048621763
-22.2647075319532,-0.11865823143122685
-22.260148805380542,-0.11850210558947391
-22.255590078807884,-0.11834613286588773
-22.251031352235227,-0.11819031316541895
-22.24647262566257,-0.11803464639303957
-22.241913899089912,-0.11787913245374353
-22.237355172517255,-0.11772377125254625
-22.232796445944597,-0.11756856269448444
-22.22823771937194,-0.11741350668461702
-22.223678992799282,-0.11725860312802418
-22.219120266226625,-0.11710385192980749
-22.214561539653968,-0.11694925299509064
-22.21000281308131,-0.11679480622901864
-22.205444086508653,-0.11664051153675813
-22.200885359935995,-0.11648636882349751
-22.196326633363338,-0.11633237799444716
-22.19176790679068,-0.11617853895483819
-22.187209180218023,-0.1160248516099241
-22.18265045364537,-0.11587131586498023
-22.17809172707271,-0.11571793162530276
-22.173533000500054,-0.11556469879621026
-22.168974273927397,-0.11541161728304267
-22.16441554735474,-0.11525868699116182
-22.159856820782082,-0.115105907825951
-22.155298094209424,-0.11495327969281553
-22.150739367636767,-0.11480080249718187
-22.14618064106411,-0.11464847614449877
-22.141621914491452,-0.11449630054023634
-22.137063187918795,-0.11434427558988684
-22.132504461346137,-0.11419240119896348
-22.12794573477348,-0.11404067727300211
-22.123387008200822,-0.1138891037175596
-22.118828281628165,-0.11373768043821493
-22.114269555055508,-0.11358640734056889
-22.10971082848285,-0.11343528433024369
-22.105152101910193,-0.11328431131288355
-22.100593375337535,-0.11313348819415449
-22.096034648764878,-0.11298281487974403
-22.09147592219222,-0.11283229127536185
-22.086917195619566,-0.1126819172867393
-22.08235846904691,-0.11253169281962914
-22.07779974247425,-0.11238161777980632
-22.073241015901594,-0.11223169207306764
-22.068682289328937,-0.11208191560523136
-22.06412356275628,-0.1119322882821378
-22.059564836183622,-0.1117828100096492
-22.055006109610964,-0.11163348069364941
-22.050447383038307,-0.111484300240044
-22.04588865646565,-0.11133526855476078
-22.041329929892992,-0.1111863855437489
-22.036771203320335,-0.11103765111298002
-22.032212476747677,-0.11088906516844696
-22.02765375017502,-0.11074062761616477
-22.023095023602362,-0.11059233836217024
-22.018536297029705,-0.11044419731252213
-22.013977570457048,-0.11029620437330093
-22.00941884388439,-0.11014835945060937
-22.004860117311733,-0.11000066245057137
-22.000301390739075,-0.10985311327933357
-21.995742664166418,-0.1097057118430639
-21.99118393759376,-0.10955845804795235
-21.986625211021106,-0.10941135180021117
-21.98206648444845,-0.10926439300607382
-21.97750775787579,-0.10911758157179634
-21.972949031303134,-0.10897091740365622
-21.968390304730477,-0.10882440040795331
-21.96383157815782,-0.10867803049100917
-21.959272851585162,-0.10853180755916716
-21.954714125012504,-0.10838573151879302
-21.950155398439847,-0.10823980227627374
-21.94559667186719,-0.10809401973801917
-21.941037945294532,-0.10794838381046025
-21.936479218721875,-0.1078028944000506
-21.931920492149217,-0.1076575514132653
-21.92736176557656,-0.10751235475660174
-21.922803039003902,-0.10736730433657919
-21.918244312431245,-0.1072224000597388
-21.913685585858588,-0.10707764183264412
-21.90912685928593,-0.10693302956188003
-21.904568132713273,-0.10678856315405388
-21.900009406140615,-0.10664424251579532
-21.895450679567958,-0.10650006755375525
-21.890891952995304,-0.10635603817460727
-21.886333226422646,-0.10621215428504657
-21.88177449984999,-0.10606841579179062
-21.87721577327733,-0.1059248226015789
-21.872657046704674,-0.10578137462117292
-21.868098320132017,-0.10563807175735633
-21.86353959355936,-0.1054949139169346
-21.858980866986702,-0.10535190100673551
-21.854422140414044,-0.10520903293360878
-21.849863413841387,-0.10506630960442649
-21.84530468726873,-0.10492373092608229
-21.840745960696072,-0.10478129680549228
-21.836187234123415,-0.10463900714959473
-21.831628507550757,-0.10449686186534977
-21.8270697809781,-0.10435486085973958
-21.822511054405442,-0.10421300403976887
-21.817952327832785,-0.10407129131246413
-21.813393601260127,-0.10392972258487412
-21.80883487468747,-0.10378829776406924
-21.804276148114813,-0.10364701675714312
-21.799717421542155,-0.1035058794712105
-21.7951586949695,-0.10336488581340865
-21.790599968396844,-0.10322403569089697
-21.786041241824186,-0.10308332901085708
-21.78148251525153,-0.10294276568049267
-21.77692378867887,-0.10280234560702976
-21.772365062106214,-0.10266206869771614
-21.767806335533557,-0.10252193485982244
-21.7632476089609,-0.10238194400064093
-21.758688882388242,-0.10224209602748621
-21.754130155815584,-0.10210239084769529
-21.749571429242927,-0.10196282836862708
-21.74501270267027,-0.10182340849766304
-21.740453976097612,-0.10168413114220644
-21.735895249524955,-0.101544996209683
-21.731336522952297,-0.10140600360754073
-21.72677779637964,-0.10126715324324984
-21.722219069806982,-0.10112844502430268
-21.717660343234325,-0.10098987885821396
-21.713101616661667,-0.10085145465252064
-21.70854289008901,-0.10071317231478168
-21.703984163516353,-0.10057503175257876
-21.6994254369437,-0.10043703287351535
-21.69486671037104,-0.10029917558521764
-21.690307983798384,-0.10016145979533363
-21.685749257225726,-0.10002388541153408
-21.68119053065307,-0.09988645234151176
-21.67663180408041,-0.09974916049298177
-21.672073077507754,-0.09961200977368159
-21.667514350935097,-0.099475000091371
-21.66295562436244,-0.09933813135383204
-21.658396897789782,-0.09920140346886892
-21.653838171217124,-0.0990648163443086
-21.649279444644467,-0.09892836988800005
-21.64472071807181,-0.09879206400781464
-21.640161991499152,-0.09865589861164603
-21.635603264926495,-0.09851987360741034
-21.631044538353837,-0.098383988903046
-21.62648581178118,-0.09824824440651396
-21.621927085208522,-0.09811264002579718
-21.617368358635865,-0.09797717566890134
-21.612809632063207,-0.09784185124385414
-21.60825090549055,-0.09770666665870598
-21.603692178917896,-0.09757162182152991
-21.59913345234524,-0.09743671664042045
-21.59457472577258,-0.09730195102349543
-21.590015999199924,-0.09716732487889468
-21.585457272627266,-0.09703283811478035
-21.58089854605461,-0.09689849063933743
-21.57633981948195,-0.09676428236077296
-21.571781092909294,-0.09663021318731654
-21.567222366336637,-0.09649628302722014
-21.56266363976398,-0.09636249178875847
-21.558104913191322,-0.09622883938022804
-21.553546186618664,-0.09609532570994865
-21.548987460046007,-0.09596195068626197
-21.54442873347335,-0.09582871421753211
-21.539870006900692,-0.09569561621214613
-21.535311280328035,-0.09556265657851319
-21.530752553755377,-0.09542983522506489
-21.52619382718272,-0.09529715206025575
-21.521635100610062,-0.09516460699256218
-21.517076374037405,-0.09503219993048359
-21.512517647464747,-0.09489993078254168
-21.507958920892094,-0.09476779945728073
-21.503400194319436,-0.0946358058632675
-21.49884146774678,-0.09450394990909108
-21.49428274117412,-0.09437223150336352
-21.489724014601464,-0.0942406505547192
-21.485165288028806,-0.09410920697181474
-21.48060656145615,-0.09397790066332994
-21.47604783488349,-0.09384673153796666
-21.471489108310834,-0.09371569950444936
-21.466930381738177,-0.09358480447152523
-21.46237165516552,-0.09345404634796399
-21.457812928592862,-0.09332342504255799
-21.453254202020204,-0.09319294046412198
-21.448695475447547,-0.09306259252149349
-21.44413674887489,-0.09293238112353257
-21.439578022302232,-0.09280230617912175
-21.435019295729575,-0.0926723675971665
-21.430460569156917,-0.09254256528659444
-21.42590184258426,-0.09241289915635617
-21.421343116011602,-0.09228336911542484
-21.416784389438945,-0.0921539750727962
-21.41222566286629,-0.09202471693748862
-21.407666936293634,-0.09189559461854305
-21.403108209720976,-0.09176660802502315
-21.39854948314832,-0.09163775706601532
-21.39399075657566,-0.09150904165062863
-21.389432030003004,-0.09138046168799448
-21.384873303430346,-0.09125201708726736
-21.38031457685769,-0.09112370775762438
-21.37575585028503,-0.0909955336082649
-21.371197123712374,-0.09086749454841159
-21.366638397139717,-0.09073959048730941
-21.36207967056706,-0.0906118213342261
-21.357520943994402,-0.0904841869984522
-21.352962217421744,-0.09035668738930099
-21.348403490849087,-0.0902293224161081
-21.34384476427643,-0.09010209198823241
-21.339286037703772,-0.08997499601505518
-21.334727311131115,-0.08984803440598056
-21.330168584558457,-0.08972120707043532
-21.3256098579858,-0.0895945139178693
-21.321051131413142,-0.08946795485775443
-21.31649240484049,-0.08934152979958619
-21.31193367826783,-0.08921523865288233
-21.307374951695174,-0.08908908132718349
-21.302816225122516,-0.08896305773205308
-21.29825749854986,-0.08883716777707733
-21.2936987719772,-0.08871141137186525
-21.289140045404544,-0.08858578842604875
-21.284581318831886,-0.08846029884928222
-21.28002259225923,-0.08833494255124318
-21.27546386568657,-0.08820971944163189
-21.270905139113914,-0.0880846294301714
-21.266346412541257,-0.08795967242660754
-21.2617876859686,-0.08783484834070888
-21.257228959395942,-0.08771015708226719
-21.252670232823284,-0.08758559856109684
-21.248111506250627,-0.08746117268703488
-21.24355277967797,-0.08733687936994149
-21.238994053105312,-0.08721271851969974
-21.234435326532655,-0.08708869004621533
-21.229876599959997,-0.08696479385941693
-21.22531787338734,-0.08684102986925626
-21.220759146814686,-0.08671739798570781
-21.21620042024203,-0.08659389811876864
-21.21164169366937,-0.08647053017845918
-21.207082967096714,-0.08634729407482272
-21.202524240524056,-0.086224189717925
-21.1979655139514,-0.08610121701785536
-21.19340678737874,-0.08597837588472539
-21.188848060806084,-0.08585566622867015
-21.184289334233426,-0.08573308795984733
-21.17973060766077,-0.08561064098843761
-21.17517188108811,-0.0854883252246447
-21.170613154515454,-0.08536614057869515
-21.166054427942797,-0.08524408696083854
-21.16149570137014,-0.08512216428134735
-21.156936974797482,-0.08500037245051706
-21.152378248224824,-0.0848787113786663
-21.147819521652167,-0.08475718097613638
-21.14326079507951,-0.08463578115329183
-21.138702068506852,-0.08451451182051999
-21.134143341934195,-0.0843933728882313
-21.129584615361537,-0.08427236426685925
-21.125025888788883,-0.08415148586686048
-21.120467162216226,-0.08403073759871414
-21.11590843564357,-0.08391011937292277
-21.11134970907091,-0.08378963110001196
-21.106790982498254,-0.0836692726905303
-21.102232255925596,-0.08354904405504963
-21.09767352935294,-0.08342894510416407
-21.09311480278028,-0.08330897574849178
-21.088556076207624,-0.0831891358986733
-21.083997349634966,-0.08306942546537253
-21.07943862306231,-0.0829498443592764
-21.07487989648965,-0.0828303924910949
-21.070321169916994,-0.08271106977156104
-21.065762443344337,-0.0825918761114311
-21.06120371677168,-0.08247281142148433
-21.056644990199022,-0.08235387561252275
-21.052086263626364,-0.08223506859537234
-21.047527537053707,-0.0821163902808815
-21.04296881048105,-0.0819978405799218
-21.038410083908392,-0.08187941940338808
-21.033851357335735,-0.0817611266621985
-21.02929263076308,-0.0816429622672943
-21.024733904190423,-0.08152492612963919
-21.020175177617766,-0.08140701816022104
-21.01561645104511,-0.08128923827005032
-21.01105772447245,-0.08117158637016055
-21.006498997899794,-0.08105406237160893
-21.001940271327136,-0.08093666618547533
-20.99738154475448,-0.08081939772286315
-20.99282281818182,-0.08070225689489871
-20.988264091609164,-0.08058524361273169
-20.983705365036506,-0.08046835778753504
-20.97914663846385,-0.08035159933050465
-20.97458791189119,-0.08023496815285994
-20.970029185318534,-0.08011846416584328
-20.965470458745877,-0.08000208728072035
-20.96091173217322,-0.07988583740878011
-20.956353005600562,-0.07976971446133481
-20.951794279027904,-0.0796537183497198
-20.947235552455247,-0.07953784898529379
-20.94267682588259,-0.07942210627943871
-20.938118099309932,-0.07930649014355974
-20.933559372737278,-0.0791910004890854
-20.92900064616462,-0.07907563722746731
-20.924441919591963,-0.07896040027018045
-20.919883193019306,-0.07884528952872318
-20.91532446644665,-0.07873030491461723
-20.91076573987399,-0.07861544633940733
-20.906207013301334,-0.07850071371466162
-20.901648286728676,-0.07838610695197172
-20.89708956015602,-0.07827162596295247
-20.89253083358336,-0.07815727065924188
-20.887972107010704,-0.07804304095250167
-20.883413380438046,-0.07792893675441653
-20.87885465386539,-0.07781495797669452
-20.87429592729273,-0.07770110453106725
-20.869737200720074,-0.07758737632928955
-20.865178474147417,-0.07747377328313977
-20.86061974757476,-0.07736029530441932
-20.856061021002102,-0.07724694230495321
-20.851502294429444,-0.0771337141965898
-20.846943567856787,-0.07702061089120091
-20.84238484128413,-0.07690763230068152
-20.837826114711476,-0.07679477833695043
-20.833267388138818,-0.07668204891194903
-20.82870866156616,-0.07656944393764327
-20.824149934993503,-0.07645696332602146
-20.819591208420846,-0.07634460698909593
-20.81503248184819,-0.07623237483890233
-20.81047375527553,-0.07612026678749963
-20.805915028702874,-0.07600828274697033
-20.801356302130216,-0.07589642262942047
-20.79679757555756,-0.07578468634697925
-20.7922388489849,-0.07567307381179965
-20.787680122412244,-0.07556158493605804
-20.783121395839586,-0.075450219631954
-20.77856266926693,-0.07533897781171092
-20.77400394269427,-0.07522785938757569
-20.769445216121614,-0.0751168642718184
-20.764886489548957,-0.07500599237673275
-20.7603277629763,-0.07489524361463605
-20.755769036403642,-0.07478461789786918
-20.751210309830984,-0.07467411513879621
-20.746651583258327,-0.07456373524980511
-20.742092856685673,-0.07445347814330729
-20.737534130113016,-0.07434334373173729
-20.732975403540358,-0.07423333192755378
-20.7284166769677,-0.0741234426432387
-20.723857950395043,-0.07401367579129746
-20.719299223822386,-0.07390403128425926
-20.71474049724973,-0.07379450903467666
-20.71018177067707,-0.07368510895512578
-20.705623044104414,-0.0735758309582067
-20.701064317531756,-0.07346667495654266
-20.6965055909591,-0.07335764086278057
-20.69194686438644,-0.07324872858959108
-20.687388137813784,-0.07313993804966851
-20.682829411241126,-0.07303126915573036
-20.67827068466847,-0.07292272182051826
-20.67371195809581,-0.0728142959567973
-20.669153231523154,-0.0727059914773559
-20.664594504950497,-0.0725978082950067
-20.66003577837784,-0.07248974632258531
-20.655477051805182,-0.07238180547295152
-20.650918325232524,-0.07227398565898861
-20.64635959865987,-0.07216628679360365
-20.641800872087213,-0.07205870878972688
-20.637242145514556,-0.07195125156031272
-20.632683418941898,-0.07184391501833919
-20.62812469236924,-0.07173669907680787
-20.623565965796583,-0.07162960364874418
-20.619007239223926,-0.07152262864719698
-20.61444851265127,-0.07141577398523925
-20.60988978607861,-0.07130903957596729
-20.605331059505954,-0.07120242533250129
-20.600772332933296,-0.07109593116798521
-20.59621360636064,-0.07098955699558666
-20.59165487978798,-0.07088330272849702
-20.587096153215324,-0.07077716827993147
-20.582537426642666,-0.07067115356312877
-20.57797870007001,-0.07056525849135169
-20.57341997349735,-0.07045948297788647
-20.568861246924694,-0.07035382693604353
-20.564302520352037,-0.07024829027915663
-20.55974379377938,-0.0701428729205836
-20.555185067206722,-0.07003757477370585
-20.550626340634068,-0.06993239575192897
-20.54606761406141,-0.06982733576868183
-20.541508887488753,-0.06972239473741745
-20.536950160916096,-0.06961757257161266
-20.532391434343438,-0.06951286918476798
-20.52783270777078,-0.06940828449040777
-20.523273981198123,-0.06930381840208047
-20.518715254625466,-0.06919947083335788
-20.51415652805281,-0.06909524169783623
-20.50959780148015,-0.06899113090913526
-20.505039074907494,-0.06888713838089858
-20.500480348334836,-0.06878326402679369
-20.49592162176218,-0.06867950776051196
-20.49136289518952,-0.06857586949576885
-20.486804168616864,-0.06847234914630343
-20.482245442044206,-0.06836894662587889
-20.47768671547155,-0.06826566184828198
-20.47312798889889,-0.06816249472732377
-20.468569262326234,-0.06805944517683897
-20.464010535753577,-0.06795651311068635
-20.45945180918092,-0.0678536984427486
-20.454893082608265,-0.06775100108693226
-20.450334356035608,-0.06764842095716782
-20.44577562946295,-0.06754595796740968
-20.441216902890293,-0.06744361203163639
-20.436658176317636,-0.06734138306385032
-20.432099449744978,-0.06723927097807787
-20.42754072317232,-0.06713727568836919
-20.422981996599663,-0.06703539710879881
-20.418423270027006,-0.06693363515346483
-20.41386454345435,-0.06683198973648956
-20.40930581688169,-0.06673046077201945
-20.404747090309034,-0.06662904817422478
-20.400188363736376,-0.06652775185729955
-20.39562963716372,-0.06642657173546249
-20.39107091059106,-0.06632550772295567
-20.386512184018404,-0.06622455973404563
-20.381953457445746,-0.06612372768302266
-20.37739473087309,-0.06602301148420144
-20.37283600430043,-0.06592241105192023
-20.368277277727774,-0.06582192630054184
-20.363718551155117,-0.06572155714445288
-20.359159824582463,-0.06562130349806407
-20.354601098009805,-0.06552116527581016
-20.350042371437148,-0.06542114239214987
-20.34548364486449,-0.06532123476156647
-20.340924918291833,-0.06522144229856697
-20.336366191719176,-0.06512176491768251
-20.331807465146518,-0.06502220253346844
-20.32724873857386,-0.06492275506050409
-20.322690012001203,-0.06482342241339309
-20.318131285428546,-0.064724204506763
-20.31357255885589,-0.06462510125526587
-20.30901383228323,-0.06452611257357743
-20.304455105710574,-0.0644272383763979
-20.299896379137916,-0.06432847857845156
-20.29533765256526,-0.0642298330944868
-20.2907789259926,-0.06413130183927634
-20.286220199419944,-0.06403288472761683
-20.281661472847286,-0.06393458167432943
-20.27710274627463,-0.06383639259425908
-20.27254401970197,-0.06373831740227535
-20.267985293129314,-0.06364035601327181
-20.26342656655666,-0.06354250834216615
-20.258867839984003,-0.06344477430390048
-20.254309113411345,-0.06334715381344097
-20.249750386838688,-0.0632496467857781
-20.24519166026603,-0.06315225313592651
-20.240632933693373,-0.06305497277892527
-20.236074207120716,-0.0629578056298377
-20.231515480548058,-0.06286075160375107
-20.2269567539754,-0.06276381061577714
-20.222398027402743,-0.0626669825810521
-20.217839300830086,-0.0625702674147361
-20.21328057425743,-0.06247366503201377
-20.20872184768477,-0.062377175348093915
-20.204163121112114,-0.06228079827820982
-20.199604394539456,-0.06218453373761895
-20.1950456679668,-0.06208838164160299
-20.19048694139414,-0.061992341905468255
-20.185928214821484,-0.061896414444545
-20.181369488248826,-0.06180059917418824
-20.17681076167617,-0.06170489600977696
-20.17225203510351,-0.06160930486671468
-20.167693308530858,-0.061513825660429226
-20.1631345819582,-0.061418458306372756
-20.158575855385543,-0.06132320272002186
-20.154017128812885,-0.061228058816877436
-20.149458402240228,-0.061133026512464925
-20.14489967566757,-0.06103810572233395
-20.140340949094913,-0.06094329636205865
-20.135782222522256,-0.06084859834723755
-20.131223495949598,-0.06075401159349354
-20.12666476937694,-0.06065953601647409
-20.122106042804283,-0.06056517153185082
-20.117547316231626,-0.06047091805531994
-20.11298858965897,-0.06037677550260218
-20.10842986308631,-0.06028274378944254
-20.103871136513654,-0.060188822831610665
-20.099312409940996,-0.06009501254490053
-20.09475368336834,-0.06000131284513041
-20.09019495679568,-0.059907723648143486
-20.085636230223024,-0.059814244869807
-20.081077503650366,-0.05972087642601285
-20.07651877707771,-0.05962761823267757
-20.071960050505055,-0.05953447020574205
-20.067401323932398,-0.05944143226117155
-20.06284259735974,-0.05934850431495606
-20.058283870787083,-0.05925568628310991
-20.053725144214425,-0.059162978081672125
-20.049166417641768,-0.05907037962670642
-20.04460769106911,-0.05897789083430057
-20.040048964496453,-0.05888551162056729
-20.035490237923796,-0.05879324190164364
-20.030931511351138,-0.05870108159369142
-20.02637278477848,-0.058609030612896865
-20.021814058205823,-0.05851708887547083
-20.017255331633166,-0.05842525629764883
-20.01269660506051,-0.0583335327956908
-20.00813787848785,-0.05824191828588151
-20.003579151915194,-0.05815041268452998
-19.999020425342536,-0.05805901590797027
-19.99446169876988,-0.05796772787256075
-19.98990297219722,-0.05787654849468455
-19.985344245624564,-0.057785477690749376
-19.980785519051906,-0.0576945153771876
-19.976226792479252,-0.05760366147045639
-19.971668065906595,-0.05751291588703712
-19.967109339333938,-0.057422278543436345
-19.96255061276128,-0.05733174935618499
-19.957991886188623,-0.05724132824183883
-19.953433159615965,-0.05715101511697809
-19.948874433043308,-0.057060809898207845
-19.94431570647065,-0.05697071250215797
-19.939756979897993,-0.05688072284548283
-19.935198253325336,-0.056790840844861565
-19.930639526752678,-0.05670106641699809
-19.92608080018002,-0.05661139947862108
-19.921522073607363,-0.056521839946483785
-19.916963347034706,-0.05643238773736432
-19.91240462046205,-0.05634304276806554
-19.90784589388939,-0.05625380495541506
-19.903287167316734,-0.05616467421626508
-19.898728440744076,-0.0560756504674929
-19.89416971417142,-0.055986733626000276
-19.88961098759876,-0.055897923608713984
-19.885052261026104,-0.055809220332585396
-19.88049353445345,-0.05572062371459087
-19.875934807880792,-0.05563213367173137
-19.871376081308135,-0.055543750121032825
-19.866817354735478,-0.055455472979545894
-19.86225862816282,-0.055367302164346224
-19.857699901590163,-0.055279237592534024
-19.853141175017505,-0.055191279181234565
-19.848582448444848,-0.055103426847597815
-19.84402372187219,-0.055015680508798785
-19.839464995299533,-0.05492804008203722
-19.834906268726876,-0.05484050548453772
-19.830347542154218,-0.054753076633549655
-19.82578881558156,-0.0546657534463477
-19.821230089008903,-0.05457853584023093
-19.816671362436246,-0.054491423732523595
-19.81211263586359,-0.05440441704057477
-19.80755390929093,-0.05431751568175854
-19.802995182718274,-0.05423071957347363
-19.798436456145616,-0.05414402863314413
-19.79387772957296,-0.05405744277821866
-19.7893190030003,-0.05397096192617093
-19.784760276427647,-0.053884585994499815
-19.78020154985499,-0.05379831490072873
-19.775642823282332,-0.05371214856240631
-19.771084096709675,-0.05362608689710627
-19.766525370137018,-0.053540129822426945
-19.76196664356436,-0.053454277255992035
-19.757407916991703,-0.05336852911545004
-19.752849190419045,-0.053282885318474416
-19.748290463846388,-0.05319734578276379
-19.74373173727373,-0.05311191042604162
-19.739173010701073,-0.05302657916605652
-19.734614284128416,-0.052941351920582164
-19.730055557555758,-0.05285622860741719
-19.7254968309831,-0.052771209144385114
-19.720938104410443,-0.052686293449334946
-19.716379377837786,-0.05260148144014028
-19.71182065126513,-0.05251677303470005
-19.70726192469247,-0.05243216815093822
-19.702703198119814,-0.052347666706803825
-19.698144471547156,-0.05226326862027098
-19.6935857449745,-0.05217897380933882
-19.689027018401845,-0.05209478219203179
-19.684468291829187,-0.05201069368639928
-19.67990956525653,-0.0519267082105158
-19.675350838683872,-0.051842825682481046
-19.670792112111215,-0.05175904602041977
-19.666233385538558,-0.05167536914248211
-19.6616746589659,-0.05159179496684301
-19.657115932393243,-0.0515083234117027
-19.652557205820585,-0.051424954395286784
-19.647998479247928,-0.051341687835845716
-19.64343975267527,-0.05125852365165538
-19.638881026102613,-0.05117546176101658
-19.634322299529956,-0.051092502082255666
-19.629763572957298,-0.051009644533723864
-19.62520484638464,-0.050926889033797836
-19.620646119811983,-0.050844235500879305
-19.616087393239326,-0.0507616838533953
-19.61152866666667,-0.05067923400979804
-19.60696994009401,-0.050596885888565105
-19.602411213521354,-0.05051463940819911
-19.597852486948696,-0.05043249448722816
-19.593293760376042,-0.05035045104420552
-19.588735033803385,-0.050268508997709536
-19.584176307230727,-0.05018666826634415
-19.57961758065807,-0.05010492876873842
-19.575058854085412,-0.050023290423546654
-19.570500127512755,-0.049941753149448695
-19.565941400940098,-0.04986031686514938
-19.56138267436744,-0.049778981489379065
-19.556823947794783,-0.04969774694089334
-19.552265221222125,-0.04961661313847329
-19.547706494649468,-0.049535580000925075
-19.54314776807681,-0.049454647447080405
-19.538589041504153,-0.04937381539579618
-19.534030314931496,-0.049293083765954974
-19.529471588358838,-0.04921245247646434
-19.52491286178618,-0.049131921446257464
-19.520354135213523,-0.049051490594292785
-19.515795408640866,-0.04897115983955427
-19.51123668206821,-0.048890929101051084
-19.50667795549555,-0.048810798297818044
-19.502119228922894,-0.04873076734891521
-19.49756050235024,-0.048650836173428164
-19.493001775777582,-0.04857100469046777
-19.488443049204925,-0.04849127281917048
-19.483884322632267,-0.048411640478698156
-19.47932559605961,-0.04833210758823817
-19.474766869486952,-0.0482526740670032
-19.470208142914295,-0.048173339834231464
-19.465649416341638,-0.048094104809186786
-19.46109068976898,-0.04801496891115841
-19.456531963196323,-0.047935932059460826
-19.451973236623665,-0.04785699417343442
-19.447414510051008,-0.04777815517244488
-19.44285578347835,-0.04769941497588335
-19.438297056905693,-0.047620773503166576
-19.433738330333036,-0.047542230673736946
-19.429179603760378,-0.04746378640706225
-19.42462087718772,-0.047385440622635895
-19.420062150615063,-0.0473071932399767
-19.415503424042406,-0.04722904417862925
-19.41094469746975,-0.04715099335816362
-19.40638597089709,-0.04707304069817543
-19.401827244324437,-0.046995186118285924
-19.39726851775178,-0.04691742953814191
-19.392709791179122,-0.046839770877415886
-19.388151064606465,-0.046762210055805845
-19.383592338033807,-0.046684746993035466
-19.37903361146115,-0.04660738160885403
-19.374474884888492,-0.04653011382303649
-19.369916158315835,-0.04645294355538344
-19.365357431743178,-0.046375870725721094
-19.36079870517052,-0.04629889525390126
-19.356239978597863,-0.04622201705980169
-19.351681252025205,-0.0461452360633254
-19.347122525452548,-0.04606855218440145
-19.34256379887989,-0.04599196534298441
-19.338005072307233,-0.04591547545905449
-19.333446345734576,-0.04583908245261779
-19.328887619161918,-0.04576278624370602
-19.32432889258926,-0.04568658675237661
-19.319770166016603,-0.04561048389871282
-19.315211439443946,-0.04553447760282349
-19.31065271287129,-0.0454585677848433
-19.306093986298634,-0.045382754364932734
-19.301535259725977,-0.04530703726327791
-19.29697653315332,-0.04523141640009082
-19.292417806580662,-0.04515589169560912
-19.287859080008005,-0.04508046307009645
-19.283300353435347,-0.04500513044384221
-19.27874162686269,-0.044929893737161296
-19.274182900290032,-0.04485475287039481
-19.269624173717375,-0.044779707763909556
-19.265065447144718,-0.04470475833809799
-19.26050672057206,-0.04462990451337854
-19.255947993999403,-0.0445551462101956
-19.251389267426745,-0.04448048334901922
-19.246830540854088,-0.04440591585034543
-19.24227181428143,-0.04433144363469602
-19.237713087708773,-0.04425706662261877
-19.233154361136116,-0.044182784734687286
-19.228595634563458,-0.044108597891501074
-19.2240369079908,-0.0440345060136856
-19.219478181418143,-0.04396050902189215
-19.214919454845486,-0.04388660683679796
-19.210360728272832,-0.04381279937910629
-19.205802001700174,-0.04373908656954606
-19.201243275127517,-0.04366546832887246
-19.19668454855486,-0.04359194457786647
-19.192125821982202,-0.04351851523733511
-19.187567095409545,-0.04344518022811112
-19.183008368836887,-0.04337193947105358
-19.17844964226423,-0.043298792887047355
-19.173890915691572,-0.04322574039700331
-19.169332189118915,-0.04315278192185837
-19.164773462546258,-0.04307991738257535
-19.1602147359736,-0.04300714670014316
-19.155656009400943,-0.04293446979557686
-19.151097282828285,-0.04286188658991731
-19.146538556255628,-0.0427893970042316
-19.14197982968297,-0.04271700095961273
-19.137421103110313,-0.042644698377179845
-19.132862376537656,-0.042572489178078224
-19.128303649964998,-0.042500373283479054
-19.12374492339234,-0.04242835061457969
-19.119186196819683,-0.04235642109260371
-19.11462747024703,-0.04228458463880048
-19.110068743674372,-0.042212841174445764
-19.105510017101714,-0.042141190620841304
-19.100951290529057,-0.04206963289931511
-19.0963925639564,-0.04199816793122111
-19.091833837383742,-0.04192679563793956
-19.087275110811085,-0.041855515940876734
-19.082716384238427,-0.0417843287614652
-19.07815765766577,-0.04171323402116359
-19.073598931093112,-0.04164223164145675
-19.069040204520455,-0.04157132154385573
-19.064481477947798,-0.04150050364989787
-19.05992275137514,-0.04142977788114633
-19.055364024802483,-0.04135914415919103
-19.050805298229825,-0.04128860240564769
-19.046246571657168,-0.04121815254215847
-19.04168784508451,-0.04114779449039162
-19.037129118511853,-0.04107752817204179
-19.032570391939196,-0.04100735350882979
-19.028011665366538,-0.04093727042250272
-19.02345293879388,-0.040867278834833945
-19.018894212221227,-0.04079737866762311
-19.01433548564857,-0.04072756984269612
-19.009776759075912,-0.04065785228190522
-19.005218032503254,-0.040588225907128996
-19.000659305930597,-0.04051869064027232
-18.99610057935794,-0.040449246403266276
-18.991541852785282,-0.04037989311806838
-18.986983126212625,-0.040310630706662534
-18.982424399639967,-0.040241459091058966
-18.97786567306731,-0.04017237819329423
-18.973306946494652,-0.04010338793543116
-18.968748219921995,-0.040034488239559116
-18.964189493349338,-0.03996567902779379
-18.95963076677668,-0.03989696022227724
-18.955072040204023,-0.03982833174517799
-18.950513313631365,-0.0397597935186909
-18.945954587058708,-0.03969134546503723
-18.94139586048605,-0.03962298750646479
-18.936837133913393,-0.039554719565247726
-18.932278407340736,-0.03948654156368663
-18.927719680768078,-0.039418453424108615
-18.923160954195424,-0.03935045506886722
-18.918602227622767,-0.039282546420342415
-18.91404350105011,-0.039214727400940695
-18.909484774477452,-0.03914699793309502
-18.904926047904794,-0.03907935793926492
-18.900367321332137,-0.03901180734193633
-18.89580859475948,-0.0389443460636218
-18.891249868186822,-0.038876974026860314
-18.886691141614165,-0.03880969115421742
-18.882132415041507,-0.038742497368285216
-18.87757368846885,-0.038675392591682387
-18.873014961896192,-0.038608376747054106
-18.868456235323535,-0.03854144975707213
-18.863897508750878,-0.038474611544434954
-18.85933878217822,-0.03840786203186732
-18.854780055605563,-0.03834120114212087
-18.850221329032905,-0.03827462879797387
-18.845662602460248,-0.03820814492223079
-18.84110387588759,-0.03814174943772328
-18.836545149314933,-0.038075442267309245
-18.831986422742276,-0.0380092233338733
-18.82742769616962,-0.03794309256032688
-18.822868969596964,-0.03787704986960776
-18.818310243024307,-0.03781109518468072
-18.81375151645165,-0.03774522842853694
-18.809192789878992,-0.037679449524194525
-18.804634063306334,-0.037613758394698125
-18.800075336733677,-0.0375481549631191
-18.79551661016102,-0.0374826391525556
-18.790957883588362,-0.03741721088613237
-18.786399157015705,-0.037351870087001096
-18.781840430443047,-0.037286616678339955
-18.77728170387039,-0.03722145058335399
-18.772722977297732,-0.03715637172527509
-18.768164250725075,-0.037091380027361766
-18.763605524152418,-0.037026475412899384
-18.75904679757976,-0.03696165780520008
-18.754488071007103,-0.03689692712760275
-18.749929344434445,-0.036832283303473164
-18.745370617861788,-0.03676772625620388
-18.74081189128913,-0.03670325590921412
-18.736253164716473,-0.03663887218595028
-18.73169443814382,-0.03657457500988533
-18.72713571157116,-0.03651036430451907
-18.722576984998504,-0.03644623999337834
-18.718018258425847,-0.03638220200001673
-18.71345953185319,-0.036318250248014675
-18.708900805280532,-0.036254384660979654
-18.704342078707874,-0.03619060516254584
-18.699783352135217,-0.03612691167637446
-18.69522462556256,-0.03606330412615367
-18.690665898989902,-0.03599978243559839
-18.686107172417245,-0.03593634652845057
-18.681548445844587,-0.035872996328479206
-18.67698971927193,-0.03580973175948008
-18.672430992699272,-0.03574655274527598
-18.667872266126615,-0.035683459209716696
-18.663313539553958,-0.035620451076678966
-18.6587548129813,-0.035557528270066543
-18.654196086408643,-0.0354946907138102
-18.649637359835985,-0.03543193833186767
-18.645078633263328,-0.03536927104822372
-18.64051990669067,-0.03530668878689013
-18.635961180118017,-0.03524419147190578
-18.63140245354536,-0.035181779027336504
-18.6268437269727,-0.035119451377275235
-18.622285000400044,-0.03505720844584192
-18.617726273827387,-0.034995050157183696
-18.61316754725473,-0.034932976435474675
-18.608608820682072,-0.034870987204916146
-18.604050094109414,-0.034809082389736394
-18.599491367536757,-0.03474726191419094
-18.5949326409641,-0.03468552570256233
-18.590373914391442,-0.034623873679160234
-18.585815187818785,-0.03456230576832155
-18.581256461246127,-0.03450082189441029
-18.57669773467347,-0.03443942198181756
-18.572139008100812,-0.03437810595496172
-18.567580281528155,-0.03431687373828831
-18.563021554955498,-0.03425572525626995
-18.55846282838284,-0.03419466043340654
-18.553904101810183,-0.034133679194225254
-18.549345375237525,-0.03407278146328029
-18.544786648664868,-0.03401196716515325
-18.540227922092214,-0.03395123622445294
-18.535669195519556,-0.03389058856581532
-18.5311104689469,-0.03383002411390368
-18.52655174237424,-0.033769542793408595
-18.521993015801584,-0.03370914452904785
-18.517434289228927,-0.0336488292455665
-18.51287556265627,-0.03358859686773705
-18.508316836083612,-0.03352844732035911
-18.503758109510954,-0.033468380528259685
-18.499199382938297,-0.03340839641629312
-18.49464065636564,-0.033348494909341136
-18.490081929792982,-0.03328867593231271
-18.485523203220325,-0.033228939410144175
-18.480964476647667,-0.033169285267799234
-18.47640575007501,-0.03310971343026906
-18.471847023502352,-0.03305022382257204
-18.467288296929695,-0.03299081636975413
-18.462729570357038,-0.03293149099688853
-18.45817084378438,-0.03287224762907592
-18.453612117211723,-0.0328130861914444
-18.449053390639065,-0.032754006609149545
-18.44449466406641,-0.03269500880737432
-18.439935937493754,-0.03263609271132906
-18.435377210921096,-0.03257725824625175
-18.43081848434844,-0.03251850533740767
-18.42625975777578,-0.03245983391008967
-18.421701031203124,-0.032401243889618035
-18.417142304630467,-0.0323427352013407
-18.41258357805781,-0.03228430777063286
-18.408024851485152,-0.03222596152289746
-18.403466124912494,-0.03216769638356481
-18.398907398339837,-0.03210951227809284
-18.39434867176718,-0.03205140913196706
-18.389789945194522,-0.031993386870700476
-18.385231218621865,-0.031935445419833695
-18.380672492049207,-0.031877584704934826
-18.37611376547655,-0.03181980465159974
-18.371555038903892,-0.03176210518545175
-18.366996312331235,-0.03170448623214183
-18.362437585758578,-0.03164694771734853
-18.35787885918592,-0.03158948956677818
-18.353320132613263,-0.03153211170616454
-18.34876140604061,-0.031474814061269216
-18.34420267946795,-0.0314175965578813
-18.339643952895294,-0.031360459121817646
-18.335085226322636,-0.03130340167892287
-18.33052649974998,-0.031246424155069046
-18.32596777317732,-0.031189526476156203
-18.321409046604664,-0.03113270856811188
-18.316850320032007,-0.031075970356891473
-18.31229159345935,-0.031019311768478098
-18.307732866886692,-0.030962732728882465
-18.303174140314034,-0.030906233164143225
-18.298615413741377,-0.03084981300032667
-18.29405668716872,-0.030793472163526948
-18.289497960596062,-0.030737210579865927
-18.284939234023405,-0.030681028175493247
-18.280380507450747,-0.030624924876586485
-18.27582178087809,-0.030568900609350767
-18.271263054305432,-0.030512955300019334
-18.266704327732775,-0.03045708887485313
-18.262145601160118,-0.030401301260140928
-18.25758687458746,-0.03034559238219934
-18.253028148014806,-0.030289962167372942
-18.24846942144215,-0.030234410542034063
-18.24391069486949,-0.030178937432582955
-18.239351968296834,-0.03012354276544784
-18.234793241724176,-0.03006822646708478
-18.23023451515152,-0.030012988463977704
-18.22567578857886,-0.029957828682638625
-18.221117062006204,-0.029902747049607263
-18.216558335433547,-0.02984774349145156
-18.21199960886089,-0.02979281793476717
-18.207440882288232,-0.029737970306177874
-18.202882155715574,-0.02968320053233532
-18.198323429142917,-0.029628508539919204
-18.19376470257026,-0.02957389425563727
-18.189205975997602,-0.02951935760622515
-18.184647249424945,-0.02946489851844666
-18.180088522852287,-0.02941051691909344
-18.17552979627963,-0.029356212734985367
-18.170971069706972,-0.029301985892970214
-18.166412343134315,-0.029247836319924
-18.161853616561658,-0.029193763942750587
-18.157294889989004,-0.02913976868838212
-18.152736163416346,-0.029085850483778694
-18.14817743684369,-0.029032009255928633
-18.14361871027103,-0.028978244931848248
-18.139059983698374,-0.028924557438582122
-18.134501257125716,-0.02887094670320283
-18.12994253055306,-0.02881741265281123
-18.1253838039804,-0.028763955214536188
-18.120825077407744,-0.028710574315534882
-18.116266350835087,-0.028657269882992564
-18.11170762426243,-0.028604041844122782
-18.107148897689772,-0.028550890126167162
-18.102590171117114,-0.028497814656395663
-18.098031444544457,-0.028444815362106336
-18.0934727179718,-0.02839189217062558
-18.088913991399142,-0.02833904500930799
-18.084355264826485,-0.028286273805536378
-18.079796538253827,-0.028233578486721894
-18.07523781168117,-0.028180958980303924
-18.070679085108512,-0.02812841521375018
-18.066120358535855,-0.028075947114556587
-18.0615616319632,-0.028023554610247487
-18.057002905390544,-0.027971237628375365
-18.052444178817886,-0.02791899609652132
-18.04788545224523,-0.027866829942294502
-18.04332672567257,-0.02781473909333259
-18.038767999099914,-0.02776272347730155
-18.034209272527256,-0.027710783021895783
-18.0296505459546,-0.027658917654838012
-18.02509181938194,-0.027607127303879403
-18.020533092809284,-0.027555411896799487
-18.015974366236627,-0.027503771361406207
-18.01141563966397,-0.027452205625535995
-18.006856913091312,-0.027400714617053647
-18.002298186518654,-0.027349298263852535
-17.997739459945997,-0.027297956493854303
-17.993180733373343,-0.027246689235009246
-17.988622006800682,-0.027195496415295985
-17.98406328022803,-0.0271443779627218
-17.979504553655367,-0.027093333805322296
-17.974945827082713,-0.027042363871161813
-17.970387100510052,-0.02699146808833296
-17.9658283739374,-0.026940646384957148
-17.961269647364738,-0.026889898689184105
-17.956710920792084,-0.026839224929192308
-17.952152194219423,-0.02678862503318861
-17.94759346764677,-0.026738098929408746
-17.943034741074108,-0.026687646546116578
-17.938476014501454,-0.026637267811605154
-17.933917287928793,-0.026586962654195606
-17.92935856135614,-0.026536731002238093
-17.924799834783478,-0.02648657278411109
-17.920241108210824,-0.026436487928222018
-17.91568238163817,-0.02638647636300674
-17.91112365506551,-0.026336538016929808
-17.906564928492855,-0.026286672818484656
-17.902006201920194,-0.026236880696193156
-17.89744747534754,-0.026187161578606094
-17.89288874877488,-0.026137515394302768
-17.888330022202226,-0.02608794207189147
-17.883771295629565,-0.026038441540008953
-17.87921256905691,-0.025989013727320927
-17.87465384248425,-0.025939658562521676
-17.870095115911596,-0.025890375974334585
-17.865536389338935,-0.025841165891511364
-17.86097766276628,-0.02579202824283295
-17.85641893619362,-0.025742962957108786
-17.851860209620966,-0.025693969963177337
-17.847301483048305,-0.02564504918990568
-17.84274275647565,-0.025596200566190094
-17.83818402990299,-0.025547424020955174
-17.833625303330336,-0.025498719483155012
-17.829066576757675,-0.02545008688177197
-17.82450785018502,-0.025401526145817793
-17.819949123612368,-0.025353037204332848
-17.815390397039707,-0.025304619986386365
-17.810831670467053,-0.02525627442107676
-17.806272943894392,-0.025208000437531113
-17.801714217321738,-0.025159797964905747
-17.797155490749077,-0.025111666932385538
-17.792596764176423,-0.025063607269184756
-17.788038037603762,-0.0250156189045463
-17.78347931103111,-0.024967701767742316
-17.778920584458447,-0.02491985578807376
-17.774361857885793,-0.024872080894870786
-17.769803131313132,-0.02482437701749236
-17.76524440474048,-0.024776744085326763
-17.760685678167818,-0.02472918202779101
-17.756126951595164,-0.024681690774331466
-17.751568225022503,-0.024634270254423336
-17.74700949844985,-0.02458692039757111
-17.742450771877188,-0.024539641133308157
-17.737892045304534,-0.024492432391197236
-17.733333318731873,-0.02444529410082984
-17.72877459215922,-0.024398226191827053
-17.724215865586565,-0.02435122859383873
-17.719657139013904,-0.024304301236544
-17.71509841244125,-0.024257444049651293
-17.71053968586859,-0.024210656962897932
-17.705980959295935,-0.02416393990605077
-17.701422232723274,-0.02411729280890556
-17.69686350615062,-0.024070715601287467
-17.69230477957796,-0.024024208213050742
-17.687746053005306,-0.02397777057407908
-17.683187326432645,-0.023931402614285127
-17.67862859985999,-0.023885104263611106
-17.67406987328733,-0.023838875452028226
-17.669511146714676,-0.023792716109537242
-17.664952420142015,-0.023746626166167958
-17.66039369356936,-0.023700605551979722
-17.6558349669967,-0.02365465419706096
-17.651276240424046,-0.023608772031529737
-17.646717513851385,-0.023562958985533032
-17.64215878727873,-0.023517214989247703
-17.63760006070607,-0.023471539972879502
-17.633041334133416,-0.023425933866663914
-17.628482607560763,-0.023380396600865633
-17.6239238809881,-0.023334928105778675
-17.619365154415448,-0.02328952831172676
-17.614806427842787,-0.023244197149062704
-17.610247701270133,-0.023198934548169126
-17.605688974697472,-0.02315374043945768
-17.601130248124818,-0.023108614753369887
-17.596571521552157,-0.023063557420376454
-17.592012794979503,-0.023018568370977762
-17.587454068406842,-0.02297364753570353
-17.58289534183419,-0.022928794845113128
-17.578336615261527,-0.022884010229795426
-17.573777888688873,-0.022839293620368777
-17.569219162116212,-0.02279464494748108
-17.56466043554356,-0.022750064141809915
-17.560101708970898,-0.02270555113406223
-17.555542982398244,-0.022661105854974856
-17.550984255825583,-0.02261672823531382
-17.54642552925293,-0.022572418205875206
-17.541866802680268,-0.022528175697484307
-17.537308076107614,-0.02248400064099641
-17.53274934953496,-0.022439892967296246
-17.5281906229623,-0.022395852607298157
-17.523631896389645,-0.02235187949194635
-17.519073169816984,-0.022307973552214495
-17.51451444324433,-0.02226413471910623
-17.50995571667167,-0.022220362923654594
-17.505396990099015,-0.02217665809692267
-17.500838263526354,-0.02213302017000294
-17.4962795369537,-0.022089449074017928
-17.49172081038104,-0.022045944740119696
-17.487162083808386,-0.022002507099490216
-17.482603357235725,-0.021959136083341182
-17.47804463066307,-0.02191583162291415
-17.47348590409041,-0.02187259364948037
-17.468927177517756,-0.021829422094340988
-17.464368450945095,-0.021786316888826974
-17.45980972437244,-0.021743277964299212
-17.45525099779978,-0.02170030525214822
-17.450692271227126,-0.02165739868379473
-17.446133544654465,-0.02161455819068901
-17.44157481808181,-0.021571783704311488
-17.437016091509157,-0.021529075156172372
-17.432457364936496,-0.021486432477811707
-17.427898638363843,-0.021443855600799762
-17.42333991179118,-0.02140134445673641
-17.418781185218528,-0.021358898977251746
-17.414222458645867,-0.021316519094005646
-17.409663732073213,-0.02127420473868817
-17.405105005500552,-0.021231955843019144
-17.400546278927898,-0.02118977233874861
-17.395987552355237,-0.021147654157656456
-17.391428825782583,-0.021105601231552768
-17.386870099209922,-0.021063613492277564
-17.382311372637268,-0.02102169087170101
-17.377752646064607,-0.020979833301723188
-17.373193919491953,-0.0209380407142745
-17.368635192919292,-0.020896313041315204
-17.36407646634664,-0.02085465021483591
-17.359517739773977,-0.0208130521668571
-17.354959013201324,-0.020771518829429632
-17.350400286628663,-0.0207300501346343
-17.34584156005601,-0.020688646014582257
-17.341282833483355,-0.020647306401414673
-17.336724106910694,-0.020606031227302903
-17.33216538033804,-0.02056482042444873
-17.32760665376538,-0.020523673925083835
-17.323047927192725,-0.020482591661470418
-17.318489200620064,-0.02044157356590062
-17.31393047404741,-0.02040061957069715
-17.30937174747475,-0.020359729608212685
-17.304813020902095,-0.02031890361083046
-17.300254294329434,-0.0202781415109637
-17.29569556775678,-0.020237443241056256
-17.29113684118412,-0.020196808733582015
-17.286578114611466,-0.02015623792104543
-17.282019388038805,-0.020115730735981007
-17.27746066146615,-0.020075287110954017
-17.27290193489349,-0.02003490697855963
-17.268343208320836,-0.0199945902714238
-17.263784481748175,-0.01995433692220257
-17.25922575517552,-0.019914146863582723
-17.25466702860286,-0.01987402002828105
-17.250108302030206,-0.019833956349045175
-17.245549575457552,-0.019793955758652924
-17.24099084888489,-0.019754018189912563
-17.236432122312237,-0.019714143575663097
-17.231873395739576,-0.019674331848773624
-17.227314669166923,-0.01963458294214417
-17.22275594259426,-0.019594896788704866
-17.218197216021608,-0.019555273321416777
-17.213638489448947,-0.019515712473271066
-17.209079762876293,-0.019476214177289886
-17.204521036303632,-0.019436778366525565
-17.199962309730978,-0.019397404974061387
-17.195403583158317,-0.019358093933010828
-17.190844856585663,-0.019318845176518336
-17.186286130013002,-0.019279658637758677
-17.181727403440348,-0.01924053424993754
-17.177168676867687,-0.019201471946290988
-17.172609950295033,-0.01916247166008595
-17.168051223722372,-0.019123533324619815
-17.16349249714972,-0.01908465687322093
-17.158933770577057,-0.01904584223924805
-17.154375044004404,-0.01900708935609095
-17.14981631743175,-0.018968398157169875
-17.14525759085909,-0.018929768575935788
-17.140698864286435,-0.018891200545870693
-17.136140137713774,-0.018852694000487072
-17.13158141114112,-0.018814248873328346
-17.12702268456846,-0.018775865097968622
-17.122463957995805,-0.018737542608012987
-17.117905231423144,-0.018699281337097064
-17.11334650485049,-0.018661081218887626
-17.10878777827783,-0.018622942187081964
-17.104229051705175,-0.01858486417540862
-17.099670325132514,-0.018546847117626587
-17.09511159855986,-0.018508890947526117
-17.0905528719872,-0.018470995598928026
-17.085994145414546,-0.018433161005684418
-17.081435418841885,-0.018395387101677912
-17.07687669226923,-0.01835767382082246
-17.07231796569657,-0.018320021097062603
-17.067759239123916,-0.018282428864374194
-17.063200512551255,-0.018244897056763798
-17.0586417859786,-0.018207425608269164
-17.054083059405947,-0.018170014452958932
-17.049524332833286,-0.018132663524932723
-17.044965606260632,-0.018095372758321404
-17.04040687968797,-0.01805814208728661
-17.035848153115317,-0.018020971446021366
-17.031289426542656,-0.01798386076874946
-17.026730699970003,-0.017946809989725972
-17.02217197339734,-0.017909819043237005
-17.017613246824688,-0.01787288786359981
-17.013054520252027,-0.017836016385162724
-17.008495793679373,-0.017799204542305335
-17.003937067106712,-0.017762452269438237
-16.999378340534058,-0.0177257595010034
-16.994819613961397,-0.01768912617147371
-16.990260887388743,-0.017652552215353553
-16.985702160816082,-0.017616037567178215
-16.981143434243428,-0.017579582161514572
-16.976584707670767,-0.017543185932960437
-16.972025981098113,-0.01750684881614503
-16.967467254525452,-0.01747057074572877
-16.9629085279528,-0.017434351656403453
-16.958349801380145,-0.01739819148289207
-16.953791074807484,-0.017362090159948947
-16.94923234823483,-0.01732604762235986
-16.94467362166217,-0.01729006380494167
-16.940114895089515,-0.017254138642542896
-16.935556168516854,-0.017218272070043165
-16.9309974419442,-0.017182464022353728
-16.92643871537154,-0.017146714434416923
-16.921879988798885,-0.017111023241206814
-16.917321262226224,-0.017075390377728664
-16.91276253565357,-0.017039815779019356
-16.90820380908091,-0.017004299380146977
-16.903645082508255,-0.01696884111621142
-16.899086355935594,-0.016933440922343692
-16.89452762936294,-0.016898098733706624
-16.88996890279028,-0.016862814485494267
-16.885410176217626,-0.016827588112932466
-16.880851449644965,-0.016792419551278328
-16.87629272307231,-0.016757308735820754
-16.87173399649965,-0.016722255601880037
-16.867175269926996,-0.01668726008480819
-16.862616543354342,-0.016652322119988697
-16.85805781678168,-0.016617441642836656
-16.853499090209027,-0.016582618588798916
-16.848940363636366,-0.016547852893353823
-16.844381637063712,-0.016513144492011446
-16.83982291049105,-0.016478493320313457
-16.835264183918397,-0.01644389931383329
-16.830705457345736,-0.016409362408175986
-16.826146730773083,-0.01637488253897839
-16.82158800420042,-0.016340459641908944
-16.817029277627768,-0.016306093652667945
-16.812470551055107,-0.016271784506987335
-16.807911824482453,-0.016237532140630968
-16.803353097909792,-0.01620333648939425
-16.798794371337138,-0.016169197489104625
-16.794235644764477,-0.016135115075621136
-16.789676918191823,-0.016101089184834834
-16.785118191619162,-0.01606711975266841
-16.780559465046508,-0.016033206715076628
-16.776000738473847,-0.015999350008045834
-16.771442011901193,-0.015965549567594595
-16.76688328532854,-0.01593180532977309
-16.76232455875588,-0.015898117230663457
-16.757765832183225,-0.015864485206379904
-16.753207105610564,-0.015830909193068392
-16.74864837903791,-0.01579738912690703
-16.74408965246525,-0.015763924944105626
-16.739530925892595,-0.015730516580906267
-16.734972199319934,-0.015697163973582784
-16.73041347274728,-0.015663867058441208
-16.72585474617462,-0.015630625771819427
-16.721296019601965,-0.015597440050087516
-16.716737293029304,-0.015564309829647486
-16.71217856645665,-0.015531235046933482
-16.70761983988399,-0.015498215638411694
-16.703061113311335,-0.015465251540580505
-16.698502386738674,-0.015432342689970182
-16.69394366016602,-0.015399489023143394
-16.68938493359336,-0.015366690476694755
-16.684826207020706,-0.015333946987251159
-16.680267480448045,-0.01530125849147153
-16.67570875387539,-0.015268624926047141
-16.671150027302737,-0.01523604622770134
-16.666591300730076,-0.015203522333189676
-16.662032574157422,-0.015171053179300094
-16.65747384758476,-0.015138638702852517
-16.652915121012107,-0.015106278840699433
-16.648356394439446,-0.015073973529725282
-16.643797667866792,-0.01504172270684709
-16.63923894129413,-0.015009526309013933
-16.634680214721477,-0.01497738427320745
-16.630121488148816,-0.014945296536441307
-16.625562761576163,-0.014913263035761862
-16.6210040350035,-0.01488128370824749
-16.616445308430848,-0.014849358491009258
-16.611886581858187,-0.014817487321190368
-16.607327855285533,-0.014785670135966628
-16.602769128712872,-0.014753906872546048
-16.598210402140218,-0.014722197468169317
-16.593651675567557,-0.014690541860109351
-16.589092948994903,-0.014658939985671738
-16.584534222422242,-0.014627391782194328
-16.579975495849588,-0.014595897187047678
-16.575416769276934,-0.014564456137634714
-16.570858042704273,-0.014533068571390868
-16.56629931613162,-0.014501734425784283
-16.56174058955896,-0.014470453638315403
-16.557181862986305,-0.014439226146517504
-16.552623136413644,-0.014408051887956245
-16.54806440984099,-0.01437693080023
-16.54350568326833,-0.014345862820969675
-16.538946956695675,-0.014314847887838907
-16.534388230123014,-0.01428388593853383
-16.52982950355036,-0.014252976910783414
-16.5252707769777,-0.014222120742349117
-16.520712050405045,-0.014191317371025282
-16.516153323832384,-0.014160566734638738
-16.51159459725973,-0.014129868771049256
-16.50703587068707,-0.014099223418149145
-16.502477144114415,-0.014068630613863644
-16.497918417541754,-0.014038090296150578
-16.4933596909691,-0.014007602403000703
-16.48880096439644,-0.01397716687243741
-16.484242237823786,-0.013946783642517089
-16.47968351125113,-0.013916452651328843
-16.47512478467847,-0.013886173836994536
-16.470566058105817,-0.013855947137669116
-16.466007331533156,-0.013825772491540147
-16.461448604960502,-0.013795649836828267
-16.45688987838784,-0.013765579111786878
-16.452331151815187,-0.013735560254702473
-16.447772425242526,-0.01370559320389424
-16.443213698669872,-0.013675677897714525
-16.43865497209721,-0.013645814274548482
-16.434096245524557,-0.013616002272814369
-16.429537518951896,-0.013586241830963327
-16.424978792379243,-0.013556532887479582
-16.42042006580658,-0.013526875380880307
-16.415861339233928,-0.013497269249715817
-16.411302612661267,-0.01346771443256935
-16.406743886088613,-0.013438210868057361
-16.402185159515952,-0.013408758494829209
-16.397626432943298,-0.013379357251567562
-16.393067706370637,-0.013350007076987956
-16.388508979797983,-0.013320707909839295
-16.38395025322533,-0.013291459688903528
-16.379391526652668,-0.013262262352995663
-16.374832800080014,-0.013233115840964059
-16.370274073507353,-0.013204020091690102
-16.3657153469347,-0.013174975044088584
-16.36115662036204,-0.013145980637107273
-16.356597893789385,-0.01311703680972744
-16.352039167216724,-0.013088143500963332
-16.34748044064407,-0.013059300649862687
-16.34292171407141,-0.013030508195506375
-16.338362987498755,-0.01300176607700872
-16.333804260926094,-0.012973074233517155
-16.32924553435344,-0.012944432604212665
-16.32468680778078,-0.012915841128309357
-16.320128081208125,-0.012887299745054922
-16.315569354635464,-0.012858808393730232
-16.31101062806281,-0.012830367013649714
-16.30645190149015,-0.012801975544161012
-16.301893174917495,-0.01277363392464541
-16.297334448344834,-0.012745342094517451
-16.29277572177218,-0.01271709999322524
-16.288216995199527,-0.012688907560250325
-16.283658268626866,-0.012660764735107619
-16.27909954205421,-0.012632671457345802
-16.27454081548155,-0.012604627666546749
-16.269982088908897,-0.012576633302326135
-16.265423362336236,-0.012548688304333021
-16.260864635763582,-0.012520792612250111
-16.25630590919092,-0.012492946165793611
-16.251747182618267,-0.012465148904713442
-16.247188456045606,-0.012437400768792963
-16.242629729472952,-0.012409701697849333
-16.23807100290029,-0.012382051631733205
-16.233512276327637,-0.012354450510329015
-16.228953549754976,-0.012326898273554746
-16.224394823182323,-0.01229939486136218
-16.21983609660966,-0.012271940213736716
-16.215277370037008,-0.012244534270697549
-16.210718643464347,-0.012217176972297503
-16.206159916891693,-0.012189868258623303
-16.201601190319032,-0.012162608069795243
-16.197042463746378,-0.0121353963459676
-16.192483737173724,-0.012108233027328347
-16.187925010601063,-0.012081118054099194
-16.18336628402841,-0.012054051366535855
-16.178807557455748,-0.012027032904927711
-16.174248830883094,-0.012000062609598199
-16.169690104310433,-0.011973140420904426
-16.16513137773778,-0.011946266279237517
-16.16057265116512,-0.011919440125022452
-16.156013924592465,-0.01189266189871821
-16.151455198019804,-0.011865931540817595
-16.14689647144715,-0.01183924899184745
-16.14233774487449,-0.011812614192368518
-16.137779018301835,-0.011786027082975662
-16.133220291729174,-0.011759487604297549
-16.12866156515652,-0.011732995696997069
-16.12410283858386,-0.011706551301770965
-16.119544112011205,-0.011680154359350204
-16.114985385438544,-0.011653804810499605
-16.11042665886589,-0.0116275025960183
-16.10586793229323,-0.01160124765673932
-16.101309205720575,-0.011575039933530004
-16.09675047914792,-0.011548879367291627
-16.09219175257526,-0.011522765898959673
-16.087633026002607,-0.011496699469503916
-16.083074299429946,-0.01147068001992806
-16.07851557285729,-0.011444707491270252
-16.07395684628463,-0.011418781824602665
-16.069398119711977,-0.01139290296103184
-16.064839393139316,-0.011367070841698386
-16.060280666566662,-0.011341285407777357
-16.055721939994,-0.011315546600477903
-16.051163213421347,-0.011289854361043624
-16.046604486848686,-0.011264208630752278
-16.042045760276032,-0.011238609350916083
-16.03748703370337,-0.011213056462881453
-16.032928307130717,-0.011187549908029299
-16.028369580558056,-0.011162089627774733
-16.023810853985403,-0.011136675563567408
-16.01925212741274,-0.011111307656891266
-16.014693400840088,-0.011085985849264757
-16.010134674267427,-0.01106071008224065
-16.005575947694773,-0.011035480297406306
-16.00101722112212,-0.011010296436383411
-15.996458494549458,-0.010985158440828185
-15.991899767976804,-0.010960066252431386
-15.987341041404143,-0.01093501981291818
-15.98278231483149,-0.010910019064048431
-15.978223588258828,-0.010885063947616323
-15.973664861686174,-0.010860154405450847
-15.969106135113513,-0.01083529037941533
-15.96454740854086,-0.010810471811407889
-15.959988681968198,-0.01078569864336109
-15.955429955395545,-0.010760970817242286
-15.950871228822884,-0.010736288275053298
-15.94631250225023,-0.010711650958830737
-15.941753775677569,-0.010687058810645791
-15.937195049104915,-0.010662511772604473
-15.932636322532254,-0.0106380097868473
-15.9280775959596,-0.010613552795549729
-15.923518869386939,-0.010589140740921741
-15.918960142814285,-0.010564773565208293
-15.914401416241624,-0.010540451210688875
-15.90984268966897,-0.01051617361967797
-15.905283963096316,-0.010491940734524743
-15.900725236523655,-0.010467752497613175
-15.896166509951001,-0.010443608851362168
-15.89160778337834,-0.010419509738225361
-15.887049056805687,-0.010395455100691404
-15.882490330233026,-0.010371444881283642
-15.877931603660372,-0.010347479022560514
-15.87337287708771,-0.010323557467115187
-15.868814150515057,-0.010299680157575949
-15.864255423942396,-0.010275847036605853
-15.859696697369742,-0.010252058046903073
-15.855137970797081,-0.010228313131200619
-15.850579244224427,-0.010204612232266642
-15.846020517651766,-0.010180955292904135
-15.841461791079112,-0.010157342255951312
-15.836903064506451,-0.010133773064281267
-15.832344337933797,-0.01011024766080227
-15.827785611361136,-0.010086765988457574
-15.823226884788482,-0.010063327990225603
-15.818668158215822,-0.01003993360911982
-15.814109431643168,-0.0100165827881889
-15.809550705070514,-0.009993275470516592
-15.804991978497853,-0.009970011599221775
-15.800433251925199,-0.009946791117458626
-15.795874525352538,-0.009923613968416347
-15.791315798779884,-0.009900480095319533
-15.786757072207223,-0.009877389441427815
-15.78219834563457,-0.009854341950036226
-15.777639619061908,-0.009831337564474902
-15.773080892489254,-0.00980837622810941
-15.768522165916593,-0.009785457884340433
-15.76396343934394,-0.009762582476604146
-15.759404712771278,-0.009739749948371861
-15.754845986198625,-0.00971696024315039
-15.750287259625964,-0.009694213304481735
-15.74572853305331,-0.009671509075943446
-15.741169806480649,-0.00964884750114829
-15.736611079907995,-0.009626228523744562
-15.732052353335334,-0.009603652087415883
-15.72749362676268,-0.009581118135881405
-15.722934900190019,-0.009558626612895594
-15.718376173617365,-0.009536177462248569
-15.713817447044711,-0.009513770627765771
-15.70925872047205,-0.009491406053308163
-15.704699993899396,-0.009469083682772345
-15.700141267326735,-0.00944680346009027
-15.695582540754081,-0.009424565329229627
-15.69102381418142,-0.009402369234193492
-15.686465087608767,-0.009380215119020683
-15.681906361036106,-0.009358102927785465
-15.677347634463452,-0.009336032604597875
-15.67278890789079,-0.009314004093603404
-15.668230181318137,-0.009292017338983364
-15.663671454745476,-0.009270072284954581
-15.659112728172822,-0.009248168875769692
-15.654554001600161,-0.00922630705571691
-15.649995275027507,-0.00920448676912026
-15.645436548454846,-0.009182707960339395
-15.640877821882192,-0.009160970573769842
-15.636319095309531,-0.009139274553842724
-15.631760368736877,-0.009117619845025123
-15.627201642164216,-0.00909600639181974
-15.622642915591562,-0.009074434138765257
-15.618084189018909,-0.00905290303043603
-15.613525462446248,-0.009031413011442311
-15.608966735873594,-0.009009964026430275
-15.604408009300933,-0.00898855602008187
-15.599849282728279,-0.008967188937115041
-15.595290556155618,-0.008945862722283524
-15.590731829582964,-0.008924577320377075
-15.586173103010303,-0.008903332676221351
-15.58161437643765,-0.00888212873467798
-15.577055649864988,-0.008860965440644505
-15.572496923292334,-0.008839842739054596
-15.567938196719673,-0.008818760574877738
-15.56337947014702,-0.00879771889311964
-15.558820743574358,-0.008776717638821874
-15.554262017001705,-0.008755756757062198
-15.549703290429044,-0.008734836192954336
-15.54514456385639,-0.008713955891648204
-15.540585837283729,-0.008693115798329721
-15.536027110711075,-0.008672315858221029
-15.531468384138414,-0.0086515560165803
-15.52690965756576,-0.008630836218701964
-15.522350930993106,-0.008610156409916523
-15.517792204420445,-0.008589516535590713
-15.513233477847791,-0.008568916541127517
-15.50867475127513,-0.008548356371966012
-15.504116024702476,-0.008527835973581659
-15.499557298129815,-0.008507355291486043
-15.494998571557161,-0.008486914271227136
-15.4904398449845,-0.008466512858389064
-15.485881118411847,-0.00844615099859237
-15.481322391839186,-0.00842582863749382
-15.476763665266532,-0.00840554572078661
-15.47220493869387,-0.008385302194200153
-15.467646212121217,-0.008365098003500401
-15.463087485548556,-0.008344933094489504
-15.458528758975902,-0.008324807413006166
-15.453970032403241,-0.008304720904925388
-15.449411305830587,-0.0082846735161587
-15.444852579257926,-0.008264665192653975
-15.440293852685272,-0.008244695880395675
-15.435735126112611,-0.008224765525404597
-15.431176399539957,-0.00820487407373819
-15.426617672967303,-0.0081850214714903
-15.422058946394642,-0.008165207664791308
-15.417500219821989,-0.008145432599808215
-15.412941493249328,-0.008125696222744505
-15.408382766676674,-0.008105998479840311
-15.403824040104013,-0.008086339317372277
-15.399265313531359,-0.008066718681653757
-15.394706586958698,-0.008047136519034619
-15.390147860386044,-0.008027592775901487
-15.385589133813383,-0.008008087398677555
-15.38103040724073,-0.007988620333822765
-15.376471680668068,-0.007969191527833647
-15.371912954095414,-0.007949800927243587
-15.367354227522753,-0.007930448478622546
-15.3627955009501,-0.007911134128577347
-15.358236774377438,-0.007891857823751474
-15.353678047804785,-0.007872619510825275
-15.349119321232124,-0.007853419136515785
-15.34456059465947,-0.007834256647576957
-15.340001868086809,-0.007815131990799454
-15.335443141514155,-0.007796045113010882
-15.330884414941501,-0.0077769959610756315
-15.32632568836884,-0.007757984481894958
-15.321766961796186,-0.0077390106224070766
-15.317208235223525,-0.007720074329587013
-15.312649508650871,-0.007701175550446816
-15.30809078207821,-0.007682314232035342
-15.303532055505556,-0.007663490321438555
-15.298973328932895,-0.007644703765779213
-15.294414602360241,-0.007625954512217227
-15.28985587578758,-0.007607242507949379
-15.285297149214927,-0.007588567700209555
-15.280738422642266,-0.007569930036268603
-15.276179696069612,-0.007551329463434493
-15.27162096949695,-0.007532765929052167
-15.267062242924297,-0.007514239380503785
-15.262503516351636,-0.007495749765208447
-15.257944789778982,-0.00747729703062251
-15.253386063206321,-0.007458881124239329
-15.248827336633667,-0.007440501993589535
-15.244268610061006,-0.007422159586240813
-15.239709883488352,-0.007403853849798099
-15.235151156915698,-0.007385584731903503
-15.230592430343037,-0.0073673521802363
-15.226033703770383,-0.007349156142513084
-15.221474977197722,-0.007330996566487587
-15.216916250625069,-0.007312873399950908
-15.212357524052408,-0.007294786590731316
-15.207798797479754,-0.007276736086694468
-15.203240070907093,-0.007258721835743245
-15.198681344334439,-0.007240743785817929
-15.194122617761778,-0.00722280188489607
-15.189563891189124,-0.007204896080992633
-15.185005164616463,-0.007187026322159904
-15.180446438043809,-0.007169192556487617
-15.175887711471148,-0.007151394732102827
-15.171328984898494,-0.007133632797170121
-15.166770258325833,-0.0071159066998913905
-15.16221153175318,-0.007098216388506106
-15.157652805180518,-0.0070805618112911
-15.153094078607865,-0.0070629429165608
-15.148535352035204,-0.007045359652666999
-15.14397662546255,-0.007027811967999143
-15.139417898889896,-0.007010299810984118
-15.134859172317235,-0.006992823130086356
-15.13030044574458,-0.00697538187380794
-15.12574171917192,-0.006957975990688441
-15.121182992599266,-0.006940605429305085
-15.116624266026605,-0.006923270138272659
-15.112065539453951,-0.006905970066243658
-15.10750681288129,-0.006888705161908107
-15.102948086308636,-0.006871475373993824
-15.098389359735975,-0.006854280651266158
-15.093830633163321,-0.00683712094252829
-15.08927190659066,-0.0068199961966210025
-15.084713180018007,-0.006802906362422888
-15.080154453445346,-0.006785851388850187
-15.075595726872692,-0.006768831224856975
-15.07103700030003,-0.006751845819435041
-15.066478273727377,-0.006734895121614032
-15.061919547154716,-0.00671797908046129
-15.057360820582062,-0.006701097645082114
-15.052802094009401,-0.006684250764619483
-15.048243367436747,-0.006667438388254392
-15.043684640864093,-0.006650660465205553
-15.039125914291432,-0.006633916944729621
-15.034567187718778,-0.006617207776121207
-15.030008461146117,-0.006600532908712723
-15.025449734573463,-0.006583892291874627
-15.020891008000802,-0.0065672858750152
-15.016332281428149,-0.006550713607580807
-15.011773554855488,-0.0065341754390556865
-15.007214828282834,-0.006517671318962158
-15.002656101710173,-0.0065012011968604505
-14.998097375137519,-0.006484765022348923
-14.993538648564858,-0.006468362745063885
-14.988979921992204,-0.0064519943146797735
-14.984421195419543,-0.006435659680909021
-14.979862468846889,-0.006419358793502246
-14.975303742274228,-0.006403091602248042
-14.970745015701574,-0.006386858056973241
-14.966186289128913,-0.006370658107542729
-14.96162756255626,-0.006354491703859602
-14.957068835983598,-0.006338358795865037
-14.952510109410944,-0.006322259333538502
-14.94795138283829,-0.006306193266897572
-14.94339265626563,-0.006290160545998016
-14.938833929692976,-0.006274161120933968
-14.934275203120315,-0.006258194941837637
-14.92971647654766,-0.006242261958879623
-14.925157749975,-0.006226362122268695
-14.920599023402346,-0.006210495382251998
-14.916040296829685,-0.006194661689114904
-14.911481570257031,-0.006178860993181185
-14.90692284368437,-0.0061630932448128685
-14.902364117111716,-0.00614735839441041
-14.897805390539055,-0.006131656392412543
-14.893246663966401,-0.006115987189296503
-14.88868793739374,-0.006100350735577769
-14.884129210821087,-0.0060847469818103945
-14.879570484248426,-0.006069175878586717
-14.875011757675772,-0.006053637376537632
-14.87045303110311,-0.00603813142633242
-14.865894304530457,-0.006022657978678866
-14.861335577957796,-0.0060072169843232125
-14.856776851385142,-0.005991808394050283
-14.852218124812488,-0.005976432158683343
-14.847659398239827,-0.005961088229084197
-14.843100671667173,-0.005945776556153264
-14.838541945094512,-0.005930497090829445
-14.833983218521858,-0.005915249784090318
-14.829424491949197,-0.005900034586951945
-14.824865765376543,-0.0058848514504691056
-14.820307038803882,-0.005869700325735118
-14.815748312231229,-0.00585458116388203
-14.811189585658568,-0.005839493916080445
-14.806630859085914,-0.0058244385335397405
-14.802072132513253,-0.005809414967507883
-14.797513405940599,-0.005794423169271644
-14.792954679367938,-0.005779463090156403
-14.788395952795284,-0.005764534681526382
-14.783837226222623,-0.005749637894784438
-14.779278499649969,-0.005734772681372308
-14.774719773077308,-0.005719938992770385
-14.770161046504654,-0.00570513678049796
-14.765602319931993,-0.005690365996113062
-14.76104359335934,-0.005675626591212598
-14.756484866786685,-0.005660918517432263
-14.751926140214024,-0.005646241726446591
-14.74736741364137,-0.00563159616996907
-14.74280868706871,-0.0056169817997519566
-14.738249960496056,-0.005602398567586525
-14.733691233923395,-0.005587846425302838
-14.72913250735074,-0.005573325324769995
-14.72457378077808,-0.005558835217895954
-14.720015054205426,-0.0055443760566276845
-14.715456327632765,-0.005529947792951075
-14.710897601060111,-0.005515550378891069
-14.70633887448745,-0.005501183766511528
-14.701780147914796,-0.00548684790791542
-14.697221421342135,-0.005472542755244645
-14.692662694769481,-0.005458268260680241
-14.68810396819682,-0.0054440243764422155
-14.683545241624167,-0.0054298110547897445
-14.678986515051506,-0.005415628248021006
-14.674427788478852,-0.0054014759084733514
-14.66986906190619,-0.00538735398852318
-14.665310335333537,-0.005373262440586098
-14.660751608760883,-0.005359201217116812
-14.656192882188222,-0.0053451702706091685
-14.651634155615568,-0.0053311695535962645
-14.647075429042907,-0.0053171990186503025
-14.642516702470253,-0.005303258618382776
-14.637957975897592,-0.00528934830544432
-14.633399249324938,-0.005275468032524867
-14.628840522752277,-0.005261617752353529
-14.624281796179623,-0.005247797417698764
-14.619723069606962,-0.005234006981368216
-14.615164343034309,-0.005220246396208908
-14.610605616461648,-0.005206515615107091
-14.606046889888994,-0.005192814590988411
-14.601488163316333,-0.005179143276817771
-14.596929436743679,-0.005165501625599499
-14.592370710171018,-0.005151889590377206
-14.587811983598364,-0.005138307124233966
-14.583253257025703,-0.005124754180292157
-14.578694530453049,-0.005111230711713653
-14.574135803880388,-0.005097736671699648
-14.569577077307734,-0.005084272013490883
-14.56501835073508,-0.0050708366903674425
-14.56045962416242,-0.00505743065564891
-14.555900897589765,-0.005044053862694387
-14.551342171017104,-0.005030706264902382
-14.54678344444445,-0.00501738781571101
-14.54222471787179,-0.005004098468597793
-14.537665991299136,-0.004990838177079896
-14.533107264726475,-0.004977606894713913
-14.52854853815382,-0.0049644045750961195
-14.52398981158116,-0.0049512311718622574
-14.519431085008506,-0.004938086638687738
-14.514872358435845,-0.004924970929287506
-14.510313631863191,-0.004911883997416193
-14.50575490529053,-0.004898825796867971
-14.501196178717876,-0.0048857962814767685
-14.496637452145215,-0.004872795405116051
-14.492078725572561,-0.004859823121699054
-14.4875199989999,-0.00484687938517861
-14.482961272427247,-0.004833964149547333
-14.478402545854586,-0.004821077368837471
-14.473843819281932,-0.004808218997121075
-14.469285092709278,-0.004795388988509877
-14.464726366136617,-0.004782587297155347
-14.460167639563963,-0.004769813877248793
-14.455608912991302,-0.00475706868302124
-14.451050186418648,-0.00474435166874355
-14.446491459845987,-0.0047316627887263275
-14.441932733273333,-0.004719001997320088
-14.437374006700672,-0.0047063692489150676
-14.432815280128018,-0.004693764497941479
-14.428256553555357,-0.004681187698869267
-14.423697826982703,-0.004668638806208355
-14.419139100410042,-0.004656117774508467
-14.414580373837389,-0.004643624558359309
-14.410021647264728,-0.004631159112390411
-14.405462920692074,-0.004618721391271316
-14.400904194119413,-0.0046063113497114404
-14.396345467546759,-0.004593928942460203
-14.391786740974098,-0.004581574124306933
-14.387228014401444,-0.004569246850081009
-14.382669287828783,-0.004556947074651723
-14.378110561256129,-0.004544674752928453
-14.373551834683475,-0.004532429839860533
-14.368993108110814,-0.004520212290437336
-14.36443438153816,-0.004508022059688319
-14.3598756549655,-0.004495859102682941
-14.355316928392845,-0.004483723374530807
-14.350758201820184,-0.004471614830381496
-14.34619947524753,-0.0044595334254248
-14.34164074867487,-0.00444747911489053
-14.337082022102216,-0.004435451854048676
-14.332523295529555,-0.0044234515982093025
-14.3279645689569,-0.004411478302722709
-14.32340584238424,-0.0043995319229792555
-14.318847115811586,-0.004387612414409562
-14.314288389238925,-0.004375719732484356
-14.309729662666271,-0.004363853832714637
-14.30517093609361,-0.004352014670651533
-14.300612209520956,-0.00434020220188649
-14.296053482948295,-0.004328416382051098
-14.291494756375641,-0.004316657166817272
-14.28693602980298,-0.004304924511897109
-14.282377303230327,-0.004293218373043065
-14.277818576657673,-0.004281538706047819
-14.273259850085012,-0.00426988546674434
-14.268701123512358,-0.004258258611005983
-14.264142396939697,-0.004246658094746325
-14.259583670367043,-0.004235083873919371
-14.255024943794382,-0.004223535904519387
-14.250466217221728,-0.004212014142581085
-14.245907490649067,-0.0042005185441794666
-14.241348764076413,-0.004189049065429982
-14.236790037503752,-0.00417760566248842
-14.232231310931098,-0.00416618829155104
-14.227672584358437,-0.004154796908854444
-14.223113857785783,-0.004143431470675753
-14.218555131213122,-0.004132091933332447
-14.213996404640469,-0.004120778253182544
-14.209437678067808,-0.004109490386624441
-14.204878951495154,-0.004098228290097097
-14.200320224922493,-0.004086991920079901
-14.195761498349839,-0.004075781233092793
-14.191202771777178,-0.004064596185696187
-14.186644045204524,-0.00405343673449105
-14.18208531863187,-0.0040423028361188905
-14.177526592059209,-0.004031194447261719
-14.172967865486555,-0.004020111524642184
-14.168409138913894,-0.004009054025023433
-14.16385041234124,-0.0039980219052092696
-14.15929168576858,-0.003987015122044018
-14.154732959195925,-0.003976033632412691
-14.150174232623264,-0.003965077393240843
-14.14561550605061,-0.003954146361494726
-14.14105677947795,-0.00394324049418118
-14.136498052905296,-0.003932359748347751
-14.131939326332635,-0.003921504081082583
-14.12738059975998,-0.00391067344951458
-14.12282187318732,-0.0038998678108132455
-14.118263146614666,-0.0038890871221888682
-14.113704420042005,-0.003878331340892368
-14.109145693469351,-0.003867600424215455
-14.10458696689669,-0.0038568943294905057
-14.100028240324036,-0.0038462130140907
-14.095469513751375,-0.0038355564354299247
-14.090910787178721,-0.0038249245509628807
-14.086352060606067,-0.003814317318184995
-14.081793334033406,-0.003803734694632499
-14.077234607460753,-0.0037931766378824557
-14.072675880888092,-0.0037826431055526743
-14.068117154315438,-0.003772134055301852
-14.063558427742777,-0.0037616494448294547
-14.058999701170123,-0.0037511892318758473
-14.054440974597462,-0.003740753374222193
-14.049882248024808,-0.003730341829690572
-14.045323521452147,-0.0037199545561438707
-14.040764794879493,-0.003709591511485938
-14.036206068306832,-0.003699252653661442
-14.031647341734178,-0.0036889379406560294
-14.027088615161517,-0.0036786473304961887
-14.022529888588863,-0.0036683807812494004
-14.017971162016202,-0.003658138251024026
-14.013412435443549,-0.0036479196979694226
-14.008853708870888,-0.003637725080275855
-14.004294982298234,-0.0036275543561746135
-13.999736255725573,-0.0036174074839379028
-13.995177529152919,-0.003607284421878975
-13.990618802580265,-0.0035971851283520366
-13.986060076007604,-0.0035871095617523103
-13.98150134943495,-0.003577057680516064
-13.976942622862289,-0.00356702944312055
-13.972383896289635,-0.0035570248080841085
-13.967825169716974,-0.0035470437339660743
-13.96326644314432,-0.003537086179366897
-13.95870771657166,-0.003527152102928043
-13.954148989999005,-0.003517241463332099
-13.949590263426344,-0.003507354219302695
-13.94503153685369,-0.0034974903296046034
-13.94047281028103,-0.003487649753043667
-13.935914083708376,-0.0034778324484668792
-13.931355357135715,-0.0034680383747623168
-13.92679663056306,-0.0034582674908592427
-13.9222379039904,-0.0034485197557280046
-13.917679177417746,-0.003438795128380189
-13.913120450845085,-0.003429093567868444
-13.908561724272431,-0.0034194150332866927
-13.90400299769977,-0.003409759483769949
-13.899444271127116,-0.003400126878494508
-13.894885544554462,-0.003390517176677794
-13.890326817981801,-0.0033809303375784616
-13.885768091409147,-0.0033713663204964265
-13.881209364836486,-0.003361825084772766
-13.876650638263833,-0.00335230658978986
-13.872091911691172,-0.0033428107949712797
-13.867533185118518,-0.0033333376597819145
-13.862974458545857,-0.0033238871437278376
-13.858415731973203,-0.0033144592063564927
-13.853857005400542,-0.0033050538072565147
-13.849298278827888,-0.0032956709060579055
-13.844739552255227,-0.0032863104624319107
-13.840180825682573,-0.0032769724360911276
-13.835622099109912,-0.0032676567867894342
-13.831063372537258,-0.003258363474322077
-13.826504645964597,-0.003249092458525596
-13.821945919391943,-0.003239843699277915
-13.817387192819282,-0.003230617156498263
-13.812828466246629,-0.0032214127901472886
-13.808269739673968,-0.003212230560226946
-13.803711013101314,-0.00320307042678063
-13.79915228652866,-0.003193932349893077
-13.794593559955999,-0.00318481628969042
-13.790034833383345,-0.0031757222063402276
-13.785476106810684,-0.0031666500600514304
-13.78091738023803,-0.003157599811074446
-13.776358653665369,-0.0031485714197010298
-13.771799927092715,-0.003139564846264462
-13.767241200520054,-0.0031305800511393957
-13.7626824739474,-0.0031216169947419835
-13.75812374737474,-0.0031126756375298025
-13.753565020802085,-0.003103755940001925
-13.749006294229424,-0.0030948578626988645
-13.74444756765677,-0.0030859813662026604
-13.73988884108411,-0.0030771264111367908
-13.735330114511456,-0.003068292958166285
-13.730771387938795,-0.0030594809679976255
-13.72621266136614,-0.0030506904013788594
-13.72165393479348,-0.003041921219099499
-13.717095208220826,-0.0030331733819906437
-13.712536481648165,-0.003024446850924861
-13.707977755075511,-0.0030157415868163413
-13.703419028502857,-0.003007057550620748
-13.698860301930196,-0.0029983947033353354
-13.694301575357542,-0.002989753005998941
-13.689742848784881,-0.0029811324196919293
-13.685184122212227,-0.0029725329055362948
-13.680625395639566,-0.002963954424695561
-13.676066669066913,-0.0029553969383749046
-13.671507942494252,-0.0029468604078210416
-13.666949215921598,-0.00293834479432235
-13.662390489348937,-0.002929850059208775
-13.657831762776283,-0.0029213761638519223
-13.653273036203622,-0.002912923069664979
-13.648714309630968,-0.0029044907381028198
-13.644155583058307,-0.0028960791306618973
-13.639596856485653,-0.002887688208880379
-13.635038129912992,-0.0028793179343380238
-13.630479403340338,-0.0028709682686563053
-13.625920676767677,-0.0028626391734983096
-13.621361950195023,-0.002854330610568844
-13.616803223622362,-0.002846042541614353
-13.612244497049709,-0.002837774928423011
-13.607685770477055,-0.002829527732824642
-13.603127043904394,-0.0028213009166907816
-13.59856831733174,-0.0028130944419346915
-13.594009590759079,-0.002804908270511303
-13.589450864186425,-0.0027967423644173085
-13.584892137613764,-0.0027885966856910755
-13.58033341104111,-0.0027804711964127485
-13.575774684468449,-0.0027723658587041535
-13.571215957895795,-0.0027642806347289084
-13.566657231323134,-0.00275621548669233
-13.56209850475048,-0.0027481703768415223
-13.55753977817782,-0.002740145267465316
-13.552981051605165,-0.0027321401208943363
-13.548422325032504,-0.0027241548995009385
-13.54386359845985,-0.0027161895656992873
-13.53930487188719,-0.0027082440819452985
-13.534746145314536,-0.0027003184107366953
-13.530187418741875,-0.002692412514612955
-13.52562869216922,-0.0026845263561554047
-13.52106996559656,-0.002676659897987106
-13.516511239023906,-0.002668813102772982
-13.511952512451252,-0.002660985933219736
-13.507393785878591,-0.002653178352075879
-13.502835059305937,-0.0026453903221317784
-13.498276332733276,-0.0026376218062195726
-13.493717606160622,-0.0026298727672132978
-13.489158879587961,-0.002622143168028752
-13.484600153015307,-0.002614432971623637
-13.480041426442646,-0.0026067421409974416
-13.475482699869993,-0.002599070639191559
-13.470923973297332,-0.0025914184292891843
-13.466365246724678,-0.0025837854744154153
-13.461806520152017,-0.0025761717377371664
-13.457247793579363,-0.0025685771824632657
-13.452689067006702,-0.0025610017718443677
-13.448130340434048,-0.0025534454691730503
-13.443571613861387,-0.0025459082377837098
-13.439012887288733,-0.0025383900410526957
-13.434454160716072,-0.0025308908423981795
-13.429895434143418,-0.002523410605280284
-13.425336707570757,-0.0025159492932009674
-13.420777980998103,-0.002508506869704149
-13.41621925442545,-0.0025010832983756045
-13.411660527852789,-0.0024936785428430305
-13.407101801280135,-0.002486292566776052
-13.402543074707474,-0.002478925333886181
-13.39798434813482,-0.0024715768079268817
-13.393425621562159,-0.002464246952693495
-13.388866894989505,-0.0024569357320233455
-13.384308168416844,-0.00244964310979562
-13.37974944184419,-0.0024423690499315036
-13.375190715271529,-0.0024351135163940643
-13.370631988698875,-0.002427876473188346
-13.366073262126214,-0.0024206578843613095
-13.36151453555356,-0.002413457714001886
-13.3569558089809,-0.0024062759262409154
-13.352397082408245,-0.002399112485251246
-13.347838355835584,-0.0023919673552476248
-13.34327962926293,-0.0023848405004868014
-13.33872090269027,-0.002377731885267442
-13.334162176117616,-0.0023706414739302255
-13.329603449544955,-0.002363569230857748
-13.3250447229723,-0.002356515120474615
-13.320485996399647,-0.002349479107247377
-13.315927269826986,-0.002342461155684556
-13.311368543254332,-0.002335461230336683
-13.306809816681671,-0.0023284792957962205
-13.302251090109017,-0.002321515316697664
-13.297692363536356,-0.0023145692577174336
-13.293133636963702,-0.0023076410835739945
-13.288574910391041,-0.0023007307590277486
-13.284016183818387,-0.0022938382488811348
-13.279457457245726,-0.0022869635179785333
-13.274898730673073,-0.0022801065312063654
-13.270340004100412,-0.002273267253493009
-13.265781277527758,-0.002266445649808878
-13.261222550955097,-0.0022596416851663414
-13.256663824382443,-0.002252855324619818
-13.252105097809782,-0.002246086533265683
-13.247546371237128,-0.002239335276242354
-13.242987644664467,-0.0022326015187302227
-13.238428918091813,-0.0022258852259517234
-13.233870191519152,-0.0022191863631712528
-13.229311464946498,-0.0022125048956952737
-13.224752738373844,-0.002205840788872214
-13.220194011801183,-0.0021991940080925247
-13.21563528522853,-0.002192564518788695
-13.211076558655868,-0.0021859522864351934
-13.206517832083215,-0.0021793572765485382
-13.201959105510554,-0.0021727794546872285
-13.1974003789379,-0.002166218786451829
-13.192841652365239,-0.0021596752374848614
-13.188282925792585,-0.0021531487734709294
-13.183724199219924,-0.0021466393601366025
-13.17916547264727,-0.00214014696325052
-13.174606746074609,-0.0021336715486232937
-13.170048019501955,-0.0021272130821076013
-13.165489292929294,-0.002120771529598105
-13.16093056635664,-0.0021143468570315287
-13.15637183978398,-0.0021079390303865735
-13.151813113211325,-0.0021015480156840074
-13.147254386638664,-0.00209517377898658
-13.14269566006601,-0.002088816286399108
-13.13813693349335,-0.0020824755040683898
-13.133578206920696,-0.0020761513981832854
-13.129019480348042,-0.002069843934974643
-13.12446075377538,-0.0020635530807153434
-13.119902027202727,-0.0020572788017203165
-13.115343300630066,-0.002051021064346475
-13.110784574057412,-0.0020447798349927833
-13.106225847484751,-0.0020385550801002078
-13.101667120912097,-0.002032346766151753
-13.097108394339436,-0.002026154859672423
-13.092549667766782,-0.0020199793272292696
-13.087990941194121,-0.0020138201354313297
-13.083432214621467,-0.0020076772509296957
-13.078873488048806,-0.0020015506404174373
-13.074314761476153,-0.00199544027062968
-13.069756034903492,-0.001989346108343527
-13.065197308330838,-0.0019832681203781374
-13.060638581758177,-0.0019772062735946374
-13.056079855185523,-0.0019711605348962085
-13.051521128612862,-0.0019651308712280045
-13.046962402040208,-0.0019591172495772246
-13.042403675467547,-0.0019531196369730456
-13.037844948894893,-0.001947138000486674
-13.03328622232224,-0.0019411723072313074
-13.028727495749578,-0.0019352225243621356
-13.024168769176924,-0.0019292886190763882
-13.019610042604263,-0.0019233705586132526
-13.01505131603161,-0.0019174683102539446
-13.010492589458948,-0.001911581841321652
-13.005933862886295,-0.001905711119181583
-13.001375136313634,-0.0018998561112409103
-12.99681640974098,-0.0018940167849488233
-12.992257683168319,-0.0018881931077964656
-12.987698956595665,-0.0018823850473170106
-12.983140230023004,-0.0018765925710855684
-12.97858150345035,-0.0018708156467192713
-12.974022776877689,-0.0018650542418771907
-12.969464050305035,-0.0018593083242604154
-12.964905323732374,-0.001853577861611964
-12.96034659715972,-0.0018478628217168652
-12.95578787058706,-0.0018421631724020785
-12.951229144014405,-0.0018364788815365698
-12.946670417441744,-0.0018308099170312188
-12.94211169086909,-0.0018251562468389112
-12.937552964296437,-0.001819517838954457
-12.932994237723776,-0.0018138946614146196
-12.928435511151122,-0.001808286682298136
-12.92387678457846,-0.0018026938697256595
-12.919318058005807,-0.001797116191859819
-12.914759331433146,-0.0017915536169051448
-12.910200604860492,-0.0017860061131081452
-12.905641878287831,-0.0017804736487572153
-12.901083151715177,-0.0017749561921827288
-12.896524425142516,-0.0017694537117569332
-12.891965698569862,-0.001763966175894045
-12.887406971997201,-0.0017584935530501548
-12.882848245424547,-0.001753035811723308
-12.878289518851886,-0.0017475929204534215
-12.873730792279233,-0.0017421648478223545
-12.869172065706572,-0.0017367515624538287
-12.864613339133918,-0.001731353033013502
-12.860054612561257,-0.0017259692282088868
-12.855495885988603,-0.001720600116789421
-12.850937159415942,-0.001715245667546391
-12.846378432843288,-0.0017099058493129987
-12.841819706270634,-0.001704580630964295
-12.837260979697973,-0.0016992699814171938
-12.83270225312532,-0.0016939738696305127
-12.828143526552658,-0.0016886922646048858
-12.823584799980004,-0.00168342513538284
-12.819026073407343,-0.0016781724510487191
-12.81446734683469,-0.0016729341807287493
-12.809908620262028,-0.0016677102935909566
-12.805349893689375,-0.0016625007588452446
-12.800791167116714,-0.0016573055457433082
-12.79623244054406,-0.0016521246235787007
-12.791673713971399,-0.001646957961686762
-12.787114987398745,-0.0016418055294446794
-12.782556260826084,-0.0016366672962714144
-12.77799753425343,-0.0016315432316277667
-12.773438807680769,-0.0016264333050162985
-12.768880081108115,-0.001621337485981392
-12.764321354535454,-0.0016162557441091897
-12.7597626279628,-0.001611188049027642
-12.75520390139014,-0.0016061343704064362
-12.750645174817485,-0.0016010946779570624
-12.746086448244832,-0.0015960689414327527
-12.74152772167217,-0.001591057130628486
-12.736968995099517,-0.001586059215381015
-12.732410268526856,-0.001581075165568803
-12.727851541954202,-0.001576104951112087
-12.72329281538154,-0.0015711485419727883
-12.718734088808887,-0.0015662059081545953
-12.714175362236226,-0.0015612770197028687
-12.709616635663572,-0.0015563618467047185
-12.705057909090911,-0.0015514603592889202
-12.700499182518257,-0.001546572527625975
-12.695940455945596,-0.0015416983219280454
-12.691381729372942,-0.0015368377124489992
-12.686823002800281,-0.0015319906694843534
-12.682264276227627,-0.0015271571633713155
-12.677705549654966,-0.001522337164488726
-12.673146823082313,-0.001517530643257107
-12.668588096509652,-0.0015127375701385894
-12.664029369936998,-0.0015079579156369774
-12.659470643364337,-0.001503191650297671
-12.654911916791683,-0.0014984387447077184
-12.650353190219029,-0.0014936991694957627
-12.645794463646368,-0.0014889728953320501
-12.641235737073714,-0.001484259892928446
-12.636677010501053,-0.0014795601330383787
-12.6321182839284,-0.0014748735864568822
-12.627559557355738,-0.0014702002240205398
-12.623000830783084,-0.0014655400166075215
-12.618442104210423,-0.0014608929351375324
-12.61388337763777,-0.0014562589505718471
-12.609324651065108,-0.0014516380339132558
-12.604765924492455,-0.0014470301562061044
-12.600207197919794,-0.001442435288536238
-12.59564847134714,-0.001437853402031036
-12.591089744774479,-0.0014332844678593595
-12.586531018201825,-0.0014287284572315902
-12.581972291629164,-0.0014241853413995717
-12.57741356505651,-0.0014196550916566453
-12.572854838483849,-0.0014151376793376032
-12.568296111911195,-0.0014106330758187167
-12.563737385338534,-0.0014061412525176824
-12.55917865876588,-0.0014016621808936637
-12.554619932193226,-0.0013971958324472352
-12.550061205620565,-0.0013927421787203911
-12.545502479047911,-0.0013883011912965613
-12.54094375247525,-0.0013838728418005442
-12.536385025902597,-0.0013794571018985657
-12.531826299329936,-0.0013750539432981954
-12.527267572757282,-0.0013706633377484163
-12.52270884618462,-0.0013662852570395353
-12.518150119611967,-0.0013619196730032459
-12.513591393039306,-0.0013575665575125497
-12.509032666466652,-0.0013532258824818116
-12.504473939893991,-0.001348897619866693
-12.499915213321337,-0.0013445817416641867
-12.495356486748676,-0.001340278219912563
-12.490797760176022,-0.0013359870266914067
-12.486239033603361,-0.0013317081341215583
-12.481680307030707,-0.001327441514365149
-12.477121580458046,-0.0013231871396255442
-12.472562853885393,-0.0013189449821473821
-12.468004127312732,-0.001314715014216505
-12.463445400740078,-0.0013104972081600156
-12.458886674167424,-0.0013062915363462005
-12.454327947594763,-0.001302097971184555
-12.449769221022109,-0.001297916485125779
-12.445210494449448,-0.0012937470506617292
-12.440651767876794,-0.0012895896403254602
-12.436093041304133,-0.0012854442266911448
-12.43153431473148,-0.0012813107823741396
-12.426975588158818,-0.001277189280030897
-12.422416861586164,-0.0012730796923590255
-12.417858135013503,-0.0012689819920972106
-12.41329940844085,-0.0012648961520252639
-12.408740681868188,-0.001260822144964056
-12.404181955295535,-0.0012567599437755517
-12.399623228722874,-0.0012527095213627592
-12.39506450215022,-0.0012486708506697526
-12.390505775577559,-0.0012446439046816169
-12.385947049004905,-0.0012406286564244971
-12.381388322432244,-0.0012366250789655085
-12.37682959585959,-0.0012326331454127987
-12.372270869286929,-0.0012286528289154749
-12.367712142714275,-0.001224684102663642
-12.363153416141621,-0.0012207269398883413
-12.35859468956896,-0.0012167813138615692
-12.354035962996306,-0.0012128471978962666
-12.349477236423645,-0.0012089245653462794
-12.344918509850991,-0.001205013389606375
-12.34035978327833,-0.001201113644112199
-12.335801056705677,-0.0011972253023402957
-12.331242330133016,-0.0011933483378080611
-12.326683603560362,-0.001189482724073761
-12.3221248769877,-0.0011856284347364803
-12.317566150415047,-0.0011817854434361555
-12.313007423842386,-0.0011779537238535114
-12.308448697269732,-0.0011741332497100946
-12.303889970697071,-0.0011703239947682131
-12.299331244124417,-0.0011665259328309694
-12.294772517551756,-0.0011627390377422005
-12.290213790979102,-0.0011589632833865088
-12.285655064406441,-0.0011551986436891973
-12.281096337833787,-0.001151445092616315
-12.276537611261126,-0.0011477026041745802
-12.271978884688473,-0.001143971152411423
-12.267420158115819,-0.0011402507114149202
-12.262861431543158,-0.0011365412553138122
-12.258302704970504,-0.001132842758277492
-12.253743978397843,-0.0011291551945159619
-12.249185251825189,-0.0011254785382798504
-12.244626525252528,-0.0011218127638603624
-12.240067798679874,-0.001118157845589307
-12.235509072107213,-0.0011145137578390382
-12.23095034553456,-0.001110880475022477
-12.226391618961898,-0.00110725797159306
-12.221832892389244,-0.0011036462220447726
-12.217274165816583,-0.0011000452009120704
-12.21271543924393,-0.0010964548827699237
-12.208156712671268,-0.0010928752422337588
-12.203597986098615,-0.001089306253959476
-12.199039259525954,-0.0010857478926433939
-12.1944805329533,-0.001082200133022283
-12.189921806380639,-0.001078662949873292
-12.185363079807985,-0.0010751363180139964
-12.180804353235324,-0.001071620212302319
-12.17624562666267,-0.001068114607636567
-12.171686900090016,-0.0010646194789553738
-12.167128173517355,-0.001061134801237704
-12.162569446944701,-0.0010576605495028458
-12.15801072037204,-0.0010541966988103623
-12.153451993799386,-0.0010507432242601175
-12.148893267226725,-0.001047300100992213
-12.144334540654071,-0.0010438673041870189
-12.13977581408141,-0.0010404448090651052
-12.135217087508757,-0.001037032590887282
-12.130658360936096,-0.0010336306249545237
-12.126099634363442,-0.0010302388866080053
-12.12154090779078,-0.001026857351229042
-12.116982181218127,-0.0010234859942391073
-12.112423454645466,-0.0010201247910997771
-12.107864728072812,-0.0010167737173127603
-12.103306001500151,-0.0010134327484198305
-12.098747274927497,-0.00101010186000285
-12.094188548354836,-0.0010067810276837192
-12.089629821782182,-0.0010034702271243918
-12.085071095209521,-0.0010001694340268186
-12.080512368636867,-0.000996878624132971
-12.075953642064214,-0.000993597773224787
-12.071394915491553,-0.0009903268571241693
-12.066836188918899,-0.0009870658516929758
-12.062277462346238,-0.0009838147328329757
-12.057718735773584,-0.000980573476485866
-12.053160009200923,-0.0009773420586332091
-12.048601282628269,-0.000974120455296463
-12.044042556055608,-0.0009709086425369181
-12.039483829482954,-0.0009677065964557166
-12.034925102910293,-0.0009645142931937959
-12.03036637633764,-0.0009613317089319087
-12.025807649764978,-0.0009581588198905661
-12.021248923192324,-0.0009549956023300567
-12.016690196619663,-0.000951842032550384
-12.01213147004701,-0.0009486980868912989
-12.007572743474348,-0.0009455637417322228
-12.003014016901695,-0.0009424389734922836
-11.998455290329034,-0.000939323758630251
-11.99389656375638,-0.0009362180736445506
-11.989337837183719,-0.0009331218950732132
-11.984779110611065,-0.0009300351994938935
-11.980220384038411,-0.0009269579635238072
-11.97566165746575,-0.0009238901638197401
-11.971102930893096,-0.0009208317770780287
-11.966544204320435,-0.000917782780034517
-11.961985477747781,-0.0009147431494645627
-11.95742675117512,-0.000911712862182995
-11.952868024602466,-0.0009086918950441186
-11.948309298029805,-0.0009056802249416604
-11.943750571457151,-0.0009026778288087847
-11.93919184488449,-0.0008996846836180403
-11.934633118311837,-0.000896700766381375
-11.930074391739176,-0.0008937260541500711
-11.925515665166522,-0.0008907605240147715
-11.92095693859386,-0.000887804153105413
-11.916398212021207,-0.0008848569185912514
-11.911839485448546,-0.0008819187976807943
-11.907280758875892,-0.0008789897676218241
-11.902722032303231,-0.0008760698057013334
-11.898163305730577,-0.0008731588892455496
-11.893604579157916,-0.0008702569956198642
-11.889045852585262,-0.0008673641022288597
-11.884487126012608,-0.0008644801865162501
-11.879928399439947,-0.0008616052259648731
-11.875369672867294,-0.0008587391980966833
-11.870810946294633,-0.0008558820804726987
-11.866252219721979,-0.0008530338506930139
-11.861693493149318,-0.000850194486396744
-11.857134766576664,-0.0008473639652620358
-11.852576040004003,-0.00084454226500601
-11.848017313431349,-0.0008417293633847784
-11.843458586858688,-0.0008389252381933818
-11.838899860286034,-0.0008361298672658068
-11.834341133713373,-0.0008333432284749216
-11.82978240714072,-0.0008305652997324981
-11.825223680568058,-0.0008277960589891443
-11.820664953995404,-0.0008250354842343247
-11.816106227422743,-0.0008222835534962985
-11.81154750085009,-0.0008195402448421318
-11.806988774277428,-0.0008168055363776379
-11.802430047704775,-0.0008140794062473944
-11.797871321132114,-0.0008113618326346842
-11.79331259455946,-0.0008086527937614988
-11.788753867986806,-0.0008059522678884948
-11.784195141414145,-0.0008032602333149834
-11.779636414841491,-0.0008005766683789082
-11.77507768826883,-0.0007979015514568065
-11.770518961696176,-0.0007952348609638058
-11.765960235123515,-0.0007925765753535835
-11.761401508550861,-0.0007899266731183557
-11.7568427819782,-0.0007872851327888392
-11.752284055405546,-0.0007846519329342452
-11.747725328832885,-0.0007820270521622371
-11.743166602260231,-0.0007794104691189278
-11.73860787568757,-0.000776802162488823
-11.734049149114917,-0.0007742021109948399
-11.729490422542256,-0.0007716102933982389
-11.724931695969602,-0.0007690266884986392
-11.72037296939694,-0.0007664512751339568
-11.715814242824287,-0.0007638840321804164
-11.711255516251626,-0.0007613249385524918
-11.706696789678972,-0.0007587739732029135
-11.702138063106311,-0.0007562311151226125
-11.697579336533657,-0.0007536963433407306
-11.693020609961003,-0.0007511696369245584
-11.688461883388342,-0.0007486509749795318
-11.683903156815688,-0.0007461403366492164
-11.679344430243027,-0.000743637701115249
-11.674785703670373,-0.0007411430475973504
-11.670226977097713,-0.0007386563553532671
-11.665668250525059,-0.0007361776036787734
-11.661109523952398,-0.0007337067719076214
-11.656550797379744,-0.0007312438394115408
-11.651992070807083,-0.0007287887856001808
-11.647433344234429,-0.0007263415899211247
-11.642874617661768,-0.000723902231859822
-11.638315891089114,-0.0007214706909396016
-11.633757164516453,-0.0007190469467216091
-11.6291984379438,-0.0007166309788048156
-11.624639711371138,-0.0007142227668259579
-11.620080984798484,-0.0007118222904595473
-11.615522258225823,-0.0007094295294178086
-11.61096353165317,-0.000707044463450682
-11.606404805080508,-0.0007046670723457721
-11.601846078507855,-0.0007022973359283511
-11.5972873519352,-0.0006999352340613003
-11.59272862536254,-0.0006975807466451017
-11.588169898789886,-0.0006952338536178135
-11.583611172217225,-0.0006928945349550294
-11.579052445644571,-0.0006905627706698671
-11.57449371907191,-0.000688238540812927
-11.569934992499256,-0.0006859218254722802
-11.565376265926595,-0.00068361260477342
-11.560817539353941,-0.000681310858879265
-11.55625881278128,-0.000679016567990098
-11.551700086208626,-0.0006767297123435679
-11.547141359635965,-0.0006744502722146378
-11.542582633063311,-0.0006721782279155849
-11.53802390649065,-0.0006699135597959377
-11.533465179917997,-0.0006676562482424832
-11.528906453345336,-0.0006654062736792155
-11.524347726772682,-0.0006631636165673206
-11.51978900020002,-0.0006609282574051375
-11.515230273627367,-0.0006587001767281474
-11.510671547054706,-0.0006564793551089189
-11.506112820482052,-0.0006542657731571138
-11.501554093909398,-0.0006520594115194292
-11.496995367336737,-0.0006498602508795778
-11.492436640764083,-0.0006476682719582756
-11.487877914191422,-0.0006454834555131857
-11.483319187618768,-0.0006433057823389208
-11.478760461046107,-0.0006411352332669789
-11.474201734473453,-0.0006389717891657515
-11.469643007900792,-0.0006368154309404628
-11.465084281328139,-0.0006346661395331685
-11.460525554755478,-0.0006325238959227014
-11.455966828182824,-0.000630388681124666
-11.451408101610163,-0.000628260476191387
-11.446849375037509,-0.000626139262211902
-11.442290648464848,-0.0006240250203119103
-11.437731921892194,-0.0006219177316537673
-11.433173195319533,-0.0006198173774364292
-11.42861446874688,-0.0006177239388954523
-11.424055742174218,-0.0006156373973029326
-11.419497015601564,-0.0006135577339675048
-11.414938289028903,-0.0006114849302342899
-11.41037956245625,-0.000609418967484884
-11.405820835883596,-0.0006073598271373144
-11.401262109310935,-0.0006053074906460124
-11.39670338273828,-0.0006032619395017959
-11.39214465616562,-0.000601223155231819
-11.387585929592966,-0.0005991911193995604
-11.383027203020305,-0.0005971658136047789
-11.378468476447651,-0.0005951472194834974
-11.37390974987499,-0.000593135318707954
-11.369351023302336,-0.0005911300929865957
-11.364792296729675,-0.0005891315240640205
-11.360233570157021,-0.0005871395937209756
-11.35567484358436,-0.0005851542837742969
-11.351116117011706,-0.0005831755760769086
-11.346557390439045,-0.0005812034525177646
-11.341998663866391,-0.0005792378950218406
-11.33743993729373,-0.0005772788855500864
-11.332881210721077,-0.0005753264060994077
-11.328322484148416,-0.0005733804387026215
-11.323763757575762,-0.0005714409654284422
-11.3192050310031,-0.0005695079683814304
-11.314646304430447,-0.0005675814297019842
-11.310087577857793,-0.0005656613315662862
-11.305528851285132,-0.0005637476561862807
-11.300970124712478,-0.0005618403858096558
-11.296411398139817,-0.000559939502719784
-11.291852671567163,-0.0005580449892357198
-11.287293944994502,-0.0005561568277121415
-11.282735218421848,-0.0005542750005393457
-11.278176491849187,-0.0005523994901431891
-11.273617765276533,-0.0005505302789850805
-11.269059038703872,-0.0005486673495619284
-11.264500312131219,-0.0005468106844061286
-11.259941585558558,-0.0005449602660855128
-11.255382858985904,-0.0005431160772033338
-11.250824132413243,-0.0005412781003982176
-11.246265405840589,-0.000539446318344148
-11.241706679267928,-0.0005376207137504142
-11.237147952695274,-0.0005358012693616007
-11.232589226122613,-0.0005339879679575331
-11.22803049954996,-0.0005321807923532653
-11.223471772977298,-0.0005303797253990285
-11.218913046404644,-0.0005285847499802148
-11.21435431983199,-0.0005267958490173348
-11.20979559325933,-0.0005250130054659821
-11.205236866686676,-0.0005232362023168164
-11.200678140114015,-0.0005214654225955073
-11.19611941354136,-0.0005197006493627248
-11.1915606869687,-0.0005179418657140849
-11.187001960396046,-0.0005161890547801366
-11.182443233823385,-0.0005144421997263101
-11.177884507250731,-0.0005127012837528992
-11.17332578067807,-0.0005109662900950126
-11.168767054105416,-0.00050923720202256
-11.164208327532755,-0.0005075140028401944
-11.159649600960101,-0.000505796675887305
-11.15509087438744,-0.0005040852045379568
-11.150532147814786,-0.0005023795722008854
-11.145973421242125,-0.0005006797623194309
-11.141414694669471,-0.0004989857583715382
-11.13685596809681,-0.0004972975438696922
-11.132297241524157,-0.000495615102360911
-11.127738514951496,-0.0004939384174266857
-11.123179788378842,-0.0004922674726829721
-11.118621061806188,-0.0004906022517801368
-11.114062335233527,-0.0004889427384029282
-11.109503608660873,-0.0004872889162704542
-11.104944882088212,-0.00048564076913612514
-11.100386155515558,-0.0004839982807876465
-11.095827428942897,-0.0004823614350469581
-11.091268702370243,-0.00048073021577022
-11.086709975797582,-0.0004791046068477627
-11.082151249224928,-0.00047748459220406944
-11.077592522652267,-0.00047587015579772
-11.073033796079613,-0.0004742612816213794
-11.068475069506952,-0.00047265795370174147
-11.063916342934299,-0.0004710601560995109
-11.059357616361638,-0.0004694678729093566
-11.054798889788984,-0.0004678810882598871
-11.050240163216323,-0.0004662997863136009
-11.045681436643669,-0.0004647239512668725
-11.041122710071008,-0.0004631535673498917
-11.036563983498354,-0.00046158861882665477
-11.032005256925693,-0.0004600290899949051
-11.02744653035304,-0.00045847496518611777
-11.022887803780385,-0.00045692622876544915
-11.018329077207724,-0.00045538286513170754
-11.01377035063507,-0.0004538448587173245
-11.00921162406241,-0.00045231219398830384
-11.004652897489756,-0.00045078485544420356
-11.000094170917095,-0.0004492628276180807
-10.99553544434444,-0.00044774609507647697
-10.99097671777178,-0.00044623464241936293
-10.986417991199126,-0.0004447284542801182
-10.981859264626465,-0.0004432275153254828
-10.977300538053811,-0.0004417318102555346
-10.97274181148115,-0.0004402413238036351
-10.968183084908496,-0.0004387560407364144
-10.963624358335835,-0.0004372759458537162
-10.959065631763181,-0.0004358010239885771
-10.95450690519052,-0.00043433126000717534
-10.949948178617866,-0.0004328666388088115
-10.945389452045205,-0.00043140714532585137
-10.940830725472551,-0.00042995276452371424
-10.93627199889989,-0.00042850348140081065
-10.931713272327237,-0.00042705928098852946
-10.927154545754583,-0.00042562014835118147
-10.922595819181922,-0.000424186068585974
-10.918037092609268,-0.00042275702682297587
-10.913478366036607,-0.0004213330082250687
-10.908919639463953,-0.0004199139979879261
-10.904360912891292,-0.00041849998133996076
-10.899802186318638,-0.0004170909435423032
-10.895243459745977,-0.0004156868698887475
-10.890684733173323,-0.0004142877457057325
-10.886126006600662,-0.00041289355635228787
-10.881567280028008,-0.0004115042872200132
-10.877008553455347,-0.0004101199237330233
-10.872449826882693,-0.00040874045134792913
-10.867891100310032,-0.00040736585555378225
-10.863332373737379,-0.0004059961218720573
-10.858773647164718,-0.0004046312358565915
-10.854214920592064,-0.00040327118309357147
-10.849656194019403,-0.00040191594920147526
-10.845097467446749,-0.00040056551983104916
-10.840538740874088,-0.00039921988066525993
-10.835980014301434,-0.0003978790174192654
-10.83142128772878,-0.0003965429158403699
-10.82686256115612,-0.0003952115617079887
-10.822303834583465,-0.00039388494083361663
-10.817745108010804,-0.00039256303906077644
-10.81318638143815,-0.000391245842264997
-10.80862765486549,-0.00038993333635375943
-10.804068928292835,-0.0003886255072664751
-10.799510201720175,-0.000387322340974431
-10.79495147514752,-0.00038602382348076864
-10.79039274857486,-0.0003847299408204284
-10.785834022002206,-0.00038344067906012766
-10.781275295429545,-0.00038215602429830933
-10.77671656885689,-0.00038087596266511546
-10.77215784228423,-0.000379600480322334
-10.767599115711576,-0.0003783295634633788
-10.763040389138915,-0.0003770631983132324
-10.758481662566261,-0.000375801371128425
-10.7539229359936,-0.000374544068196978
-10.749364209420946,-0.00037329127583838446
-10.744805482848285,-0.000372042980403553
-10.740246756275631,-0.00037079916827478283
-10.735688029702978,-0.0003695598258657154
-10.731129303130317,-0.00036832493962129674
-10.726570576557663,-0.0003670944960177499
-10.722011849985002,-0.0003658684815625181
-10.717453123412348,-0.0003646468827942427
-10.712894396839687,-0.00036342968628270847
-10.708335670267033,-0.0003622168786288218
-10.703776943694372,-0.00036100844646455365
-10.699218217121718,-0.000359804376452917
-10.694659490549057,-0.0003586046552879138
-10.690100763976403,-0.00035740926969450793
-10.685542037403742,-0.00035621820642857253
-10.680983310831088,-0.0003550314522768672
-10.676424584258427,-0.00035384899405698075
-10.671865857685773,-0.00035267081861730943
-10.667307131113112,-0.0003514969128370002
-10.662748404540459,-0.00035032726362592816
-10.658189677967798,-0.0003491618579246422
-10.653630951395144,-0.0003480006827043368
-10.649072224822483,-0.0003468437249668034
-10.644513498249829,-0.00034569097174440126
-10.639954771677175,-0.00034454241010000613
-10.635396045104514,-0.00034339802712697587
-10.63083731853186,-0.00034225780994911727
-10.626278591959199,-0.00034112174572063135
-10.621719865386545,-0.0003399898216260908
-10.617161138813884,-0.00033886202488038394
-10.61260241224123,-0.000337738342728688
-10.60804368566857,-0.00033661876244641845
-10.603484959095915,-0.0003355032713391994
-10.598926232523254,-0.00033439185674281213
-10.5943675059506,-0.0003332845060231687
-10.58980877937794,-0.00033218120657625585
-10.585250052805286,-0.00033108194582811103
-10.580691326232625,-0.0003299867112347679
-10.57613259965997,-0.0003288954902822283
-10.57157387308731,-0.00032780827048641106
-10.567015146514656,-0.0003267250393931229
-10.562456419941995,-0.0003256457845780064
-10.557897693369341,-0.0003245704936465103
-10.55333896679668,-0.0003234991542338401
-10.548780240224026,-0.0003224317540049266
-10.544221513651372,-0.0003213682806543765
-10.539662787078711,-0.00032030872190643464
-10.535104060506058,-0.0003192530655149524
-10.530545333933397,-0.00031820129926333004
-10.525986607360743,-0.00031715341096449456
-10.521427880788082,-0.00031610938846084115
-10.516869154215428,-0.0003150692196242106
-10.512310427642767,-0.00031403289235583035
-10.507751701070113,-0.00031300039458629123
-10.503192974497452,-0.00031197171427549105
-10.498634247924798,-0.00031094683941260587
-10.494075521352137,-0.00030992575801604014
-10.489516794779483,-0.0003089084581333956
-10.484958068206822,-0.0003078949278414167
-10.480399341634168,-0.0003068851552459655
-10.475840615061507,-0.00030587912848196666
-10.471281888488853,-0.0003048768357133775
-10.466723161916192,-0.0003038782651331362
-10.462164435343539,-0.0003028834049631328
-10.457605708770878,-0.0003018922434541554
-10.453046982198224,-0.0003009047688858622
-10.44848825562557,-0.0002999209695667276
-10.443929529052909,-0.000298940833834008
-10.439370802480255,-0.0002979643500537031
-10.434812075907594,-0.0002969915066205047
-10.43025334933494,-0.0002960222919577684
-10.425694622762279,-0.00029505669451745925
-10.421135896189625,-0.00029409470278012317
-10.416577169616964,-0.00029313630525483074
-10.41201844304431,-0.0002921814904791536
-10.40745971647165,-0.00029123024701910424
-10.402900989898995,-0.00029028256346911083
-10.398342263326334,-0.0002893384284519636
-10.39378353675368,-0.0002883978306187831
-10.38922481018102,-0.00028746075864896745
-10.384666083608366,-0.00028652720125016455
-10.380107357035705,-0.00028559714715821596
-10.37554863046305,-0.00028467058513712907
-10.37098990389039,-0.0002837475039790214
-10.366431177317736,-0.00028282789250409383
-10.361872450745075,-0.00028191173956057454
-10.357313724172421,-0.00028099903402468935
-10.352754997599767,-0.00028008976480061105
-10.348196271027106,-0.00027918392082041966
-10.343637544454452,-0.0002782814910440688
-10.339078817881791,-0.0002773824644593283
-10.334520091309138,-0.0002764868300817598
-10.329961364736477,-0.00027559457695465727
-10.325402638163823,-0.0002747056941490229
-10.320843911591162,-0.0002738201707635083
-10.316285185018508,-0.000272937995924386
-10.311726458445847,-0.00027205915878549805
-10.307167731873193,-0.000271183648528221
-10.302609005300532,-0.00027031145436141754
-10.298050278727878,-0.000269442565521401
-10.293491552155217,-0.0002685769712718854
-10.288932825582563,-0.00026771466090395277
-10.284374099009902,-0.0002668556237360009
-10.279815372437248,-0.00026599984911371196
-10.275256645864587,-0.00026514732640999807
-10.270697919291933,-0.00026429804502497257
-10.266139192719272,-0.00026345199438589366
-10.261580466146619,-0.00026260916394713676
-10.257021739573965,-0.00026176954319013916
-10.252463013001304,-0.00026093312162336484
-10.24790428642865,-0.00026009988878226395
-10.243345559855989,-0.00025926983422922207
-10.238786833283335,-0.0002584429475535283
-10.234228106710674,-0.0002576192183713232
-10.22966938013802,-0.0002567986363255647
-10.225110653565359,-0.00025598119108597887
-10.220551926992705,-0.0002551668723490239
-10.215993200420044,-0.0002543556698378396
-10.21143447384739,-0.0002535475733022155
-10.20687574727473,-0.00025274257251853657
-10.202317020702075,-0.00025194065728975293
-10.197758294129414,-0.0002511418174453242
-10.19319956755676,-0.00025034604284119053
-10.1886408409841,-0.0002495533233597184
-10.184082114411446,-0.00024876364890966763
-10.179523387838785,-0.0002479770094261391
-10.17496466126613,-0.0002471933948705428
-10.17040593469347,-0.00024641279523054455
-10.165847208120816,-0.00024563520052003354
-10.161288481548162,-0.00024486060077907174
-10.156729754975501,-0.00024408898607385354
-10.152171028402847,-0.0002433203464966673
-10.147612301830186,-0.00024255467216584544
-10.143053575257532,-0.00024179195322572957
-10.138494848684871,-0.00024103217984661925
-10.133936122112218,-0.00024027534222473805
-10.129377395539557,-0.00023952143058218257
-10.124818668966903,-0.0002387704351668875
-10.120259942394242,-0.0002380223462525757
-10.115701215821588,-0.00023727715413872168
-10.111142489248927,-0.000236534849150503
-10.106583762676273,-0.00023579542163876374
-10.102025036103612,-0.0002350588619799646
-10.097466309530958,-0.00023432516057614775
-10.092907582958297,-0.00023359430785488606
-10.088348856385643,-0.00023286629426924867
-10.083790129812982,-0.00023214111029774923
-10.079231403240328,-0.00023141874644431185
-10.074672676667667,-0.00023069919323822025
-10.070113950095013,-0.00022998244123408252
-10.06555522352236,-0.00022926848101178078
-10.060996496949699,-0.00022855730317643228
-10.056437770377045,-0.0002278488983583493
-10.051879043804384,-0.00022714325721298823
-10.04732031723173,-0.00022644037042091633
-10.042761590659069,-0.00022574022868775964
-10.038202864086415,-0.00022504282274416748
-10.033644137513754,-0.00022434814334576324
-10.0290854109411,-0.0002236561812731083
-10.024526684368439,-0.0002229669273316508
-10.019967957795785,-0.00022228037235169168
-10.015409231223124,-0.0002215965071883336
-10.01085050465047,-0.0002209153227214438
-10.00629177807781,-0.0002202368098556068
-10.001733051505155,-0.0002195609595200865
-9.997174324932494,-0.0002188877626687763
-9.99261559835984,-0.0002182172102801641
-9.98805687178718,-0.00021754929335728032
-9.983498145214526,-0.00021688400292766555
-9.978939418641865,-0.00021622133004331524
-9.97438069206921,-0.00021556126578064957
-9.969821965496557,-0.00021490380124045917
-9.965263238923896,-0.00021424892754786753
-9.960704512351242,-0.00021359663585229064
-9.956145785778581,-0.00021294691732738632
-9.951587059205927,-0.0002122997631710196
-9.947028332633266,-0.00021165516460521183
-9.942469606060612,-0.00021101311287610516
-9.937910879487951,-0.00021037359925391152
-9.933352152915297,-0.00020973661503287822
-9.928793426342637,-0.0002091021515312364
-9.924234699769983,-0.0002084702000911661
-9.919675973197322,-0.0002078407520787451
-9.915117246624668,-0.0002072137988839134
-9.910558520052007,-0.00020658933192042406
-9.905999793479353,-0.0002059673426258051
-9.901441066906692,-0.00020534782246131169
-9.896882340334038,-0.00020473076291188834
-9.892323613761377,-0.00020411615548611968
-9.887764887188723,-0.00020350399171619477
-9.883206160616062,-0.00020289426315785611
-9.878647434043408,-0.00020228696139036357
-9.874088707470754,-0.00020168207801644694
-9.869529980898093,-0.00020107960466226292
-9.86497125432544,-0.0002004795329773568
-9.860412527752779,-0.00019988185463461265
-9.855853801180125,-0.00019928656133021662
-9.851295074607464,-0.00019869364478360726
-9.84673634803481,-0.00019810309673744077
-9.842177621462149,-0.00019751490895753818
-9.837618894889495,-0.00019692907323285247
-9.833060168316834,-0.00019634558137541664
-9.82850144174418,-0.00019576442522030755
-9.823942715171519,-0.00019518559662559716
-9.819383988598865,-0.00019460908747231538
-9.814825262026204,-0.00019403488966440038
-9.81026653545355,-0.00019346299512866327
-9.80570780888089,-0.00019289339581473738
-9.801149082308235,-0.00019232608369504172
-9.796590355735574,-0.00019176105076473262
-9.79203162916292,-0.0001911982890416663
-9.78747290259026,-0.00019063779056634965
-9.782914176017606,-0.00019007954740190354
-9.778355449444952,-0.00018952355163401525
-9.77379672287229,-0.00018896979537089557
-9.769237996299637,-0.00018841827074324148
-9.764679269726976,-0.0001878689699041851
-9.760120543154322,-0.00018732188502925735
-9.755561816581661,-0.00018677700831634073
-9.751003090009007,-0.00018623433198563017
-9.746444363436346,-0.00018569384827958488
-9.741885636863692,-0.0001851555494628925
-9.737326910291031,-0.00018461942782241873
-9.732768183718377,-0.0001840854756671711
-9.728209457145716,-0.00018355368532825032
-9.723650730573063,-0.0001830240491588128
-9.719092004000402,-0.00018249655953402256
-9.714533277427748,-0.00018197120885101348
-9.709974550855087,-0.00018144798952884127
-9.705415824282433,-0.0001809268940084466
-9.700857097709772,-0.00018040791475260526
-9.696298371137118,-0.0001798910442458924
-9.691739644564457,-0.00017937627499463419
-9.687180917991803,-0.0001788635995268695
-9.68262219141915,-0.00017835301039230276
-9.678063464846488,-0.0001778445001622633
-9.673504738273834,-0.00017733806142966602
-9.668946011701173,-0.00017683368680896058
-9.66438728512852,-0.00017633136893609793
-9.659828558555859,-0.00017583110046847942
-9.655269831983205,-0.00017533287408492084
-9.650711105410544,-0.00017483668248560386
-9.64615237883789,-0.00017434251839203887
-9.641593652265229,-0.00017385037454701707
-9.637034925692575,-0.00017336024371457346
-9.632476199119914,-0.00017287211867993791
-9.62791747254726,-0.0001723859922494988
-9.623358745974599,-0.00017190185725075516
-9.618800019401945,-0.00017141970653227818
-9.614241292829284,-0.00017093953296366444
-9.60968256625663,-0.0001704613294354996
-9.60512383968397,-0.00016998508885930803
-9.600565113111315,-0.00016951080416751737
-9.596006386538654,-0.00016903846831341064
-9.591447659966,-0.00016856807427108818
-9.586888933393347,-0.00016809961503542206
-9.582330206820686,-0.00016763308362201379
-9.577771480248032,-0.000167168473067155
-9.57321275367537,-0.00016670577642778026
-9.568654027102717,-0.00016624498678143018
-9.564095300530056,-0.00016578609722620274
-9.559536573957402,-0.00016532910088071782
-9.554977847384741,-0.0001648739908840678
-9.550419120812087,-0.00016442076039578212
-9.545860394239426,-0.00016396940259577822
-9.541301667666772,-0.00016351991068432625
-9.536742941094111,-0.00016307227788199972
-9.532184214521457,-0.00016262649742963982
-9.527625487948796,-0.0001621825625883076
-9.523066761376143,-0.00016174046663924613
-9.518508034803482,-0.00016130020288383483
-9.513949308230828,-0.00016086176464355113
-9.509390581658167,-0.0001604251452599237
-9.504831855085513,-0.00015999033809449494
-9.500273128512852,-0.00015955733652877447
-9.495714401940198,-0.0001591261339642018
-9.491155675367544,-0.00015869672382210005
-9.486596948794883,-0.0001582690995436352
-9.48203822222223,-0.00015784325458977657
-9.477479495649568,-0.00015741918244125045
-9.472920769076914,-0.00015699687659850248
-9.468362042504253,-0.00015657633058165188
-9.4638033159316,-0.00015615753793045322
-9.459244589358939,-0.0001557404922042501
-9.454685862786285,-0.0001553251869819385
-9.450127136213624,-0.0001549116158619198
-9.44556840964097,-0.00015449977246206344
-9.441009683068309,-0.00015408965041966105
-9.436450956495655,-0.00015368124339138853
-9.431892229922994,-0.0001532745450532605
-9.42733350335034,-0.0001528695491005926
-9.422774776777679,-0.00015246624924795528
-9.418216050205025,-0.00015206463922913698
-9.413657323632364,-0.00015166471279709736
-9.40909859705971,-0.00015126646372393113
-9.40453987048705,-0.00015086988580082078
-9.399981143914395,-0.00015047497283800026
-9.395422417341742,-0.00015008171866470936
-9.39086369076908,-0.00014969011712915377
-9.386304964196427,-0.0001493001620984654
-9.381746237623766,-0.00014891184745865671
-9.377187511051112,-0.00014852516711458413
-9.37262878447845,-0.00014814011498990155
-9.368070057905797,-0.0001477566850270243
-9.363511331333136,-0.00014737487118708246
-9.358952604760482,-0.00014699466744988473
-9.354393878187821,-0.00014661606781387148
-9.349835151615167,-0.00014623906629607976
-9.345276425042506,-0.00014586365693209548
-9.340717698469852,-0.0001454898337760188
-9.336158971897191,-0.0001451175909004165
-9.331600245324537,-0.0001447469223962867
-9.327041518751876,-0.00014437782237301233
-9.322482792179223,-0.0001440102849583253
-9.317924065606562,-0.00014364430429826002
-9.313365339033908,-0.00014327987455711798
-9.308806612461247,-0.00014291698991742108
-9.304247885888593,-0.00014255564457987577
-9.299689159315939,-0.00014219583276332812
-9.295130432743278,-0.00014183754870472466
-9.290571706170624,-0.00014148078665907274
-9.286012979597963,-0.00014112554089939648
-9.28145425302531,-0.0001407718057166992
-9.276895526452648,-0.00014041957541991983
-9.272336799879994,-0.0001400688443358947
-9.267778073307333,-0.0001397196068093142
-9.26321934673468,-0.00013937185720268528
-9.258660620162019,-0.00013902558989628663
-9.254101893589365,-0.00013868079928813242
-9.249543167016704,-0.00013833747979392796
-9.24498444044405,-0.00013799562584703237
-9.240425713871389,-0.0001376552318984149
-9.235866987298735,-0.00013731629241661714
-9.231308260726074,-0.00013697880188771026
-9.22674953415342,-0.00013664275481525717
-9.222190807580759,-0.00013630814572026888
-9.217632081008105,-0.0001359749691411674
-9.213073354435444,-0.0001356432196337425
-9.20851462786279,-0.00013531289177111437
-9.203955901290136,-0.00013498398014369015
-9.199397174717475,-0.00013465647935912553
-9.194838448144822,-0.00013433038404228617
-9.19027972157216,-0.0001340056888352025
-9.185720994999507,-0.00013368238839703606
-9.181162268426846,-0.00013336047740403347
-9.176603541854192,-0.0001330399505494908
-9.17204481528153,-0.00013272080254371038
-9.167486088708877,-0.00013240302811396378
-9.162927362136216,-0.00013208662200444804
-9.158368635563562,-0.00013177157897625074
-9.153809908990901,-0.00013145789380730456
-9.149251182418247,-0.0001311455612923528
-9.144692455845586,-0.00013083457624290466
-9.140133729272932,-0.00013052493348719973
-9.135575002700271,-0.0001302166278701652
-9.131016276127617,-0.00012990965425337822
-9.126457549554956,-0.00012960400751502405
-9.121898822982303,-0.00012929968254985955
-9.117340096409642,-0.0001289966742691698
-9.112781369836988,-0.0001286949776007324
-9.108222643264334,-0.00012839458748877482
-9.103663916691673,-0.0001280954988939363
-9.099105190119019,-0.00012779770679322982
-9.094546463546358,-0.000127501206179999
-9.089987736973704,-0.0001272059920638832
-9.085429010401043,-0.00012691205947077403
-9.08087028382839,-0.00012661940344278028
-9.076311557255728,-0.00012632801903818402
-9.071752830683074,-0.0001260379013314062
-9.067194104110413,-0.0001257490454129632
-9.06263537753776,-0.00012546144638943144
-9.058076650965099,-0.0001251750993834048
-9.053517924392445,-0.00012488999953345922
-9.048959197819784,-0.00012460614199411005
-9.04440047124713,-0.00012432352193577652
-9.039841744674469,-0.0001240421345447397
-9.035283018101815,-0.00012376197502310678
-9.030724291529154,-0.00012348303858876868
-9.0261655649565,-0.0001232053204753654
-9.021606838383839,-0.00012292881593224287
-9.017048111811185,-0.00012265352022441858
-9.012489385238531,-0.00012237942863253915
-9.00793065866587,-0.00012210653645284368
-9.003371932093216,-0.00012183483899712588
-8.998813205520555,-0.00012156433159269298
-8.994254478947902,-0.00012129500958233054
-8.98969575237524,-0.00012102686832426052
-8.985137025802587,-0.00012075990319210604
-8.980578299229926,-0.00012049410957485016
-8.976019572657272,-0.00012022948287680057
-8.97146084608461,-0.00011996601851754832
-8.966902119511957,-0.00011970371193193204
-8.962343392939296,-0.00011944255856999778
-8.957784666366642,-0.00011918255389696302
-8.953225939793981,-0.00011892369339317575
-8.948667213221327,-0.00011866597255407965
-8.944108486648666,-0.00011840938689017301
-8.939549760076012,-0.00011815393192697348
-8.934991033503351,-0.00011789960320497755
-8.930432306930697,-0.00011764639627962553
-8.925873580358036,-0.00011739430672126039
-8.921314853785383,-0.00011714333011509352
-8.916756127212729,-0.00011689346206116396
-8.912197400640068,-0.00011664469817430199
-8.907638674067414,-0.00011639703408409242
-8.903079947494753,-0.0001161504654348349
-8.898521220922099,-0.00011590498788550857
-8.893962494349438,-0.00011566059710973221
-8.889403767776784,-0.00011541728879572907
-8.884845041204123,-0.00011517505864628758
-8.88028631463147,-0.0001149339023787255
-8.875727588058808,-0.00011469381572485094
-8.871168861486154,-0.00011445479443092705
-8.866610134913493,-0.00011421683425763253
-8.86205140834084,-0.0001139799309800271
-8.857492681768178,-0.000113744080387511
-8.852933955195525,-0.00011350927828379175
-8.848375228622864,-0.0001132755204868435
-8.84381650205021,-0.00011304280282887278
-8.839257775477549,-0.00011281112115627939
-8.834699048904895,-0.00011258047132962176
-8.830140322332234,-0.00011235084922357718
-8.82558159575958,-0.00011212225072690859
-8.821022869186926,-0.00011189467174242428
-8.816464142614265,-0.00011166810818694297
-8.811905416041611,-0.00011144255599125809
-8.80734668946895,-0.0001112180111000982
-8.802787962896296,-0.00011099446947209416
-8.798229236323635,-0.00011077192707973869
-8.793670509750982,-0.00011055037990935363
-8.78911178317832,-0.0001103298239610502
-8.784553056605667,-0.00011011025524869557
-8.779994330033006,-0.00010989166979987355
-8.775435603460352,-0.00010967406365585167
-8.77087687688769,-0.00010945743287154124
-8.766318150315037,-0.00010924177351546508
-8.761759423742376,-0.00010902708166971725
-8.757200697169722,-0.0001088133534299311
-8.752641970597061,-0.00010860058490523958
-8.748083244024407,-0.00010838877221824229
-8.743524517451746,-0.00010817791150496709
-8.738965790879092,-0.00010796799891483597
-8.734407064306431,-0.00010775903061062804
-8.729848337733777,-0.0001075510027684449
-8.725289611161124,-0.00010734391157767353
-8.720730884588463,-0.0001071377532409514
-8.716172158015809,-0.00010693252397413162
-8.711613431443148,-0.00010672822000624525
-8.707054704870494,-0.00010652483757946816
-8.702495978297833,-0.00010632237294908351
-8.697937251725179,-0.00010612082238344789
-8.693378525152518,-0.00010592018216395463
-8.688819798579864,-0.000105720448585
-8.684261072007203,-0.00010552161795394593
-8.67970234543455,-0.00010532368659108696
-8.675143618861888,-0.00010512665082961309
-8.670584892289234,-0.00010493050701557652
-8.666026165716573,-0.0001047352515078547
-8.66146743914392,-0.00010454088067811709
-8.656908712571258,-0.00010434739091078864
-8.652349985998605,-0.00010415477860301631
-8.647791259425944,-0.00010396304016463246
-8.64323253285329,-0.00010377217201812242
-8.638673806280629,-0.00010358217059858718
-8.634115079707975,-0.00010339303235371078
-8.629556353135321,-0.00010320475374372421
-8.62499762656266,-0.0001030173312413713
-8.620438899990006,-0.0001028307613318749
-8.615880173417345,-0.00010264504051290095
-8.611321446844691,-0.00010246016529452563
-8.60676272027203,-0.00010227613219919916
-8.602203993699376,-0.0001020929377617136
-8.597645267126715,-0.00010191057852916634
-8.593086540554062,-0.00010172905106092804
-8.5885278139814,-0.00010154835192860621
-8.583969087408747,-0.00010136847771601349
-8.579410360836086,-0.0001011894250191312
-8.574851634263432,-0.00010101119044607751
-8.57029290769077,-0.00010083377061707151
-8.565734181118117,-0.0001006571621644011
-8.561175454545456,-0.00010048136173238748
-8.556616727972802,-0.00010030636597735293
-8.552058001400141,-0.00010013217156758537
-8.547499274827487,-9.995877518330681e-05
-8.542940548254826,-9.978617351663702e-05
-8.538381821682172,-9.961436327156268e-05
-8.533823095109518,-9.944334116390202e-05
-8.529264368536857,-9.927310392127157e-05
-8.524705641964204,-9.910364828305406e-05
-8.520146915391543,-9.89349710003628e-05
-8.515588188818889,-9.876706883601103e-05
-8.511029462246228,-9.859993856447608e-05
-8.506470735673574,-9.843357697186824e-05
-8.501912009100913,-9.826798085589618e-05
-8.497353282528259,-9.810314702583476e-05
-8.492794555955598,-9.793907230249125e-05
-8.488235829382944,-9.77757535181735e-05
-8.483677102810283,-9.761318751665536e-05
-8.47911837623763,-9.745137115314562e-05
-8.474559649664968,-9.729030129425343e-05
-8.470000923092314,-9.712997481795726e-05
-8.465442196519653,-9.697038861357063e-05
-8.460883469947,-9.681153958171067e-05
-8.456324743374338,-9.665342463426468e-05
-8.451766016801685,-9.649604069435837e-05
-8.447207290229024,-9.633938469632235e-05
-8.44264856365637,-9.618345358566116e-05
-8.438089837083716,-9.602824431901929e-05
-8.433531110511055,-9.587375386414972e-05
-8.428972383938401,-9.571997919988212e-05
-8.42441365736574,-9.556691731608938e-05
-8.419854930793086,-9.541456521365705e-05
-8.415296204220425,-9.526291990444927e-05
-8.410737477647771,-9.511197841127908e-05
-8.40617875107511,-9.4961737767874e-05
-8.401620024502456,-9.481219501884661e-05
-8.397061297929795,-9.466334721966007e-05
-8.392502571357142,-9.451519143659883e-05
-8.38794384478448,-9.436772474673477e-05
-8.383385118211827,-9.422094423789716e-05
-8.378826391639166,-9.407484700863957e-05
-8.374267665066512,-9.392943016820984e-05
-8.36970893849385,-9.378469083651677e-05
-8.365150211921197,-9.364062614410063e-05
-8.360591485348536,-9.349723323209981e-05
-8.356032758775882,-9.335450925222111e-05
-8.351474032203221,-9.321245136670706e-05
-8.346915305630567,-9.30710567483061e-05
-8.342356579057913,-9.293032258023999e-05
-8.337797852485252,-9.279024605617318e-05
-8.333239125912598,-9.265082438018284e-05
-8.328680399339937,-9.251205476672587e-05
-8.324121672767284,-9.237393444060979e-05
-8.319562946194623,-9.223646063696025e-05
-8.315004219621969,-9.20996306011917e-05
-8.310445493049308,-9.196344158897514e-05
-8.305886766476654,-9.182789086620909e-05
-8.301328039903993,-9.169297570898674e-05
-8.296769313331339,-9.155869340356783e-05
-8.292210586758678,-9.142504124634561e-05
-8.287651860186024,-9.129201654381872e-05
-8.283093133613363,-9.115961661255848e-05
-8.27853440704071,-9.102783877918074e-05
-8.273975680468048,-9.089668038031333e-05
-8.269416953895394,-9.0766138762568e-05
-8.264858227322733,-9.06362112825081e-05
-8.26029950075008,-9.050689530662032e-05
-8.255740774177418,-9.037818821128288e-05
-8.251182047604765,-9.025008738273741e-05
-8.24662332103211,-9.012259021705695e-05
-8.24206459445945,-8.999569412011719e-05
-8.237505867886796,-8.986939650756692e-05
-8.232947141314135,-8.974369480479712e-05
-8.228388414741481,-8.961858644691243e-05
-8.22382968816882,-8.949406887870009e-05
-8.219270961596166,-8.937013955460186e-05
-8.214712235023505,-8.924679593868301e-05
-8.210153508450851,-8.912403550460399e-05
-8.20559478187819,-8.900185573559e-05
-8.201036055305536,-8.88802541244026e-05
-8.196477328732875,-8.875922817330914e-05
-8.191918602160221,-8.863877539405483e-05
-8.18735987558756,-8.851889330783217e-05
-8.182801149014907,-8.839957944525329e-05
-8.178242422442246,-8.828083134631909e-05
-8.173683695869592,-8.816264656039211e-05
-8.16912496929693,-8.804502264616564e-05
-8.164566242724277,-8.79279571716366e-05
-8.160007516151616,-8.781144771407488e-05
-8.155448789578962,-8.769549185999625e-05
-8.150890063006308,-8.758008720513241e-05
-8.146331336433647,-8.746523135440231e-05
-8.141772609860993,-8.735092192188483e-05
-8.137213883288332,-8.72371565307882e-05
-8.132655156715678,-8.71239328134235e-05
-8.128096430143017,-8.701124841117432e-05
-8.123537703570364,-8.689910097447011e-05
-8.118978976997703,-8.678748816275622e-05
-8.114420250425049,-8.667640764446717e-05
-8.109861523852388,-8.65658570969968e-05
-8.105302797279734,-8.645583420667182e-05
-8.100744070707073,-8.634633666872208e-05
-8.096185344134419,-8.623736218725379e-05
-8.091626617561758,-8.612890847522063e-05
-8.087067890989104,-8.602097325439654e-05
-8.082509164416443,-8.591355425534705e-05
-8.07795043784379,-8.580664921740249e-05
-8.073391711271128,-8.5700255888629e-05
-8.068832984698474,-8.559437202580209e-05
-8.064274258125813,-8.548899539437778e-05
-8.05971553155316,-8.538412376846642e-05
-8.055156804980506,-8.527975493080364e-05
-8.050598078407845,-8.517588667272371e-05
-8.04603935183519,-8.507251679413262e-05
-8.04148062526253,-8.496964310347944e-05
-8.036921898689876,-8.486726341773039e-05
-8.032363172117215,-8.47653755623403e-05
-8.027804445544561,-8.46639773712269e-05
-8.0232457189719,-8.456306668674214e-05
-8.018686992399246,-8.446264135964654e-05
-8.014128265826585,-8.436269924908096e-05
-8.009569539253931,-8.426323822254106e-05
-8.00501081268127,-8.416425615584875e-05
-8.000452086108616,-8.406575093312703e-05
-7.995893359535955,-8.396772044677188e-05
-7.9913346329633015,-8.387016259742659e-05
-7.9867759063906405,-8.377307529395423e-05
-7.982217179817987,-8.367645645341202e-05
-7.977658453245326,-8.358030400102364e-05
-7.973099726672672,-8.348461587015411e-05
-7.968541000100011,-8.338939000228199e-05
-7.963982273527357,-8.329462434697437e-05
-7.959423546954703,-8.320031686185951e-05
-7.954864820382042,-8.310646551260096e-05
-7.950306093809388,-8.301306827287195e-05
-7.945747367236727,-8.29201231243281e-05
-7.941188640664073,-8.282762805658281e-05
-7.936629914091412,-8.273558106717972e-05
-7.932071187518758,-8.264398016156828e-05
-7.927512460946097,-8.255282335307641e-05
-7.9229537343734435,-8.246210866288613e-05
-7.9183950078007825,-8.23718341200064e-05
-7.913836281228129,-8.228199776124872e-05
-7.909277554655468,-8.219259763120028e-05
-7.904718828082814,-8.210363178219937e-05
-7.900160101510153,-8.201509827430911e-05
-7.895601374937499,-8.192699517529264e-05
-7.891042648364838,-8.183932056058697e-05
-7.886483921792184,-8.175207251327841e-05
-7.881925195219523,-8.166524912407641e-05
-7.877366468646869,-8.15788484912894e-05
-7.872807742074208,-8.149286872079842e-05
-7.868249015501554,-8.140730792603305e-05
-7.8636902889289,-8.132216422794559e-05
-7.859131562356239,-8.123743575498633e-05
-7.854572835783586,-8.115312064307898e-05
-7.850014109210925,-8.106921703559495e-05
-7.845455382638271,-8.098572308332952e-05
-7.84089665606561,-8.090263694447597e-05
-7.836337929492956,-8.08199567846021e-05
-7.831779202920295,-8.073768077662424e-05
-7.827220476347641,-8.065580710078403e-05
-7.82266174977498,-8.057433394462252e-05
-7.818103023202326,-8.049325950295698e-05
-7.813544296629665,-8.04125819778553e-05
-7.808985570057011,-8.033229957861273e-05
-7.80442684348435,-8.02524105217265e-05
-7.799868116911696,-8.017291303087267e-05
-7.795309390339035,-8.009380533688077e-05
-7.7907506637663815,-8.001508567771086e-05
-7.7861919371937205,-7.993675229842837e-05
-7.781633210621067,-7.985880345118103e-05
-7.777074484048406,-7.978123739517406e-05
-7.772515757475752,-7.970405239664703e-05
-7.767957030903098,-7.962724672884944e-05
-7.763398304330437,-7.955081867201715e-05
-7.758839577757783,-7.947476651334896e-05
-7.754280851185122,-7.939908854698222e-05
-7.749722124612468,-7.932378307397011e-05
-7.745163398039807,-7.924884840225714e-05
-7.740604671467153,-7.917428284665667e-05
-7.736045944894492,-7.91000847288264e-05
-7.731487218321838,-7.9026252377246e-05
-7.726928491749177,-7.895278412719293e-05
-7.7223697651765235,-7.887967832071998e-05
-7.7178110386038625,-7.880693330663111e-05
-7.713252312031209,-7.873454744045943e-05
-7.708693585458548,-7.866251908444296e-05
-7.704134858885894,-7.859084660750267e-05
-7.699576132313233,-7.851952838521842e-05
-7.695017405740579,-7.844856279980714e-05
-7.690458679167918,-7.837794824009896e-05
-7.685899952595264,-7.830768310151525e-05
-7.681341226022603,-7.823776578604516e-05
-7.676782499449949,-7.816819470222352e-05
-7.672223772877295,-7.809896826510774e-05
-7.667665046304634,-7.803008489625539e-05
-7.66310631973198,-7.796154302370205e-05
-7.658547593159319,-7.789334108193805e-05
-7.6539888665866656,-7.782547751188697e-05
-7.649430140014005,-7.775795076088243e-05
-7.644871413441351,-7.76907592826466e-05
-7.64031268686869,-7.762390153726717e-05
-7.635753960296036,-7.7557375991176e-05
-7.631195233723375,-7.749118111712608e-05
-7.626636507150721,-7.742531539417041e-05
-7.62207778057806,-7.73597773076392e-05
-7.617519054005406,-7.729456534911845e-05
-7.612960327432745,-7.722967801642765e-05
-7.608401600860091,-7.716511381359835e-05
-7.60384287428743,-7.71008712508519e-05
-7.599284147714776,-7.703694884457829e-05
-7.594725421142115,-7.697334511731383e-05
-7.5901666945694615,-7.691005859772016e-05
-7.5856079679968005,-7.684708782056212e-05
-7.581049241424147,-7.678443132668687e-05
-7.576490514851493,-7.672208766300178e-05
-7.571931788278832,-7.66600553824534e-05
-7.567373061706178,-7.65983330440063e-05
-7.562814335133517,-7.653691921262125e-05
-7.558255608560863,-7.647581245923471e-05
-7.553696881988202,-7.641501136073678e-05
-7.549138155415548,-7.635451449995105e-05
-7.544579428842887,-7.629432046561266e-05
-7.540020702270233,-7.623442785234804e-05
-7.535461975697572,-7.617483526065333e-05
-7.530903249124918,-7.61155412968741e-05
-7.526344522552257,-7.605654457318386e-05
-7.5217857959796035,-7.599784370756398e-05
-7.5172270694069425,-7.593943732378221e-05
-7.512668342834289,-7.588132405137288e-05
-7.508109616261628,-7.582350252561534e-05
-7.503550889688974,-7.576597138751432e-05
-7.498992163116313,-7.570872928377858e-05
-7.494433436543659,-7.565177486680124e-05
-7.489874709970998,-7.559510679463871e-05
-7.485315983398344,-7.55387237309909e-05
-7.48075725682569,-7.548262434518056e-05
-7.476198530253029,-7.54268073121331e-05
-7.471639803680375,-7.537127131235682e-05
-7.467081077107714,-7.531601503192207e-05
-7.46252235053506,-7.526103716244204e-05
-7.457963623962399,-7.52063364010518e-05
-7.4534048973897455,-7.515191145038934e-05
-7.4488461708170846,-7.509776101857478e-05
-7.444287444244431,-7.504388381919126e-05
-7.43972871767177,-7.499027857126446e-05
-7.435169991099116,-7.493694399924355e-05
-7.430611264526455,-7.488387883298091e-05
-7.426052537953801,-7.483108180771298e-05
-7.42149381138114,-7.477855166404024e-05
-7.416935084808486,-7.472628714790816e-05
-7.412376358235825,-7.467428701058725e-05
-7.407817631663171,-7.462255000865413e-05
-7.40325890509051,-7.457107490397168e-05
-7.398700178517856,-7.451986046367024e-05
-7.394141451945195,-7.446890546012783e-05
-7.3895827253725415,-7.441820867095155e-05
-7.385023998799888,-7.436776887895779e-05
-7.380465272227227,-7.43175848721536e-05
-7.375906545654573,-7.426765544371764e-05
-7.371347819081912,-7.421797939198078e-05
-7.366789092509258,-7.416855552040782e-05
-7.362230365936597,-7.411938263757789e-05
-7.357671639363943,-7.40704595571663e-05
-7.353112912791282,-7.402178509792519e-05
-7.348554186218628,-7.39733580836654e-05
-7.343995459645967,-7.392517734323705e-05
-7.339436733073313,-7.387724171051187e-05
-7.334878006500652,-7.382955002436366e-05
-7.330319279927998,-7.378210112865067e-05
-7.325760553355337,-7.373489387219638e-05
-7.3212018267826835,-7.368792710877174e-05
-7.3166431002100225,-7.364119969707633e-05
-7.312084373637369,-7.359471050072046e-05
-7.307525647064708,-7.354845838820648e-05
-7.302966920492054,-7.35024422329112e-05
-7.298408193919393,-7.345666091306699e-05
-7.293849467346739,-7.341111331174449e-05
-7.289290740774085,-7.336579831683392e-05
-7.284732014201424,-7.332071482102737e-05
-7.28017328762877,-7.32758617218011e-05
-7.275614561056109,-7.323123792139713e-05
-7.271055834483455,-7.318684232680593e-05
-7.266497107910794,-7.314267384974828e-05
-7.26193838133814,-7.309873140665781e-05
-7.257379654765479,-7.305501391866304e-05
-7.2528209281928255,-7.301152031157015e-05
-7.2482622016201645,-7.296824951584494e-05
-7.243703475047511,-7.292520046659584e-05
-7.23914474847485,-7.288237210355581e-05
-7.234586021902196,-7.28397633710657e-05
-7.230027295329535,-7.279737321805606e-05
-7.225468568756881,-7.275520059803054e-05
-7.22090984218422,-7.271324446904813e-05
-7.216351115611566,-7.267150379370628e-05
-7.211792389038905,-7.262997753912344e-05
-7.207233662466251,-7.258866467692232e-05
-7.20267493589359,-7.254756418321238e-05
-7.198116209320936,-7.25066750385733e-05
-7.193557482748282,-7.246599622803764e-05
-7.1889987561756215,-7.242552674107403e-05
-7.184440029602968,-7.238526557157059e-05
-7.179881303030307,-7.234521171781762e-05
-7.175322576457653,-7.230536418249138e-05
-7.170763849884992,-7.226572197263691e-05
-7.166205123312338,-7.222628409965179e-05
-7.161646396739677,-7.218704957926907e-05
-7.157087670167023,-7.214801743154129e-05
-7.152528943594362,-7.210918668082338e-05
-7.147970217021708,-7.20705563557567e-05
-7.143411490449047,-7.203212548925225e-05
-7.138852763876393,-7.19938931184746e-05
-7.134294037303732,-7.195585828482536e-05
-7.129735310731078,-7.191802003392715e-05
-7.125176584158417,-7.18803774156071e-05
-7.1206178575857635,-7.184292948388102e-05
-7.1160591310131025,-7.180567529693699e-05
-7.111500404440449,-7.176861391711953e-05
-7.106941677867788,-7.173174441091339e-05
-7.102382951295134,-7.169506584892783e-05
-7.09782422472248,-7.16585773058804e-05
-7.093265498149819,-7.162227786058124e-05
-7.088706771577165,-7.158616659591746e-05
-7.084148045004504,-7.155024259883686e-05
-7.07958931843185,-7.151450496033282e-05
-7.075030591859189,-7.147895277542806e-05
-7.070471865286535,-7.144358514315951e-05
-7.065913138713874,-7.140840116656228e-05
-7.06135441214122,-7.137339995265458e-05
-7.056795685568559,-7.133858061242179e-05
-7.0522369589959055,-7.130394226080145e-05
-7.0476782324232445,-7.126948401666754e-05
-7.043119505850591,-7.123520500281541e-05
-7.03856077927793,-7.120110434594619e-05
-7.034002052705276,-7.116718117665197e-05
-7.029443326132615,-7.113343462940012e-05
-7.024884599559961,-7.10998638425186e-05
-7.0203258729873,-7.106646795818043e-05
-7.015767146414646,-7.103324612238908e-05
-7.011208419841985,-7.100019748496305e-05
-7.006649693269331,-7.096732119952131e-05
-7.002090966696677,-7.093461642346802e-05
-6.997532240124016,-7.090208231797785e-05
-6.992973513551362,-7.08697180479813e-05
-6.988414786978701,-7.083752278214957e-05
-6.983856060406048,-7.080549569288028e-05
-6.979297333833387,-7.077363595628234e-05
-6.974738607260733,-7.074194275216174e-05
-6.970179880688072,-7.071041526400659e-05
-6.965621154115418,-7.067905267897298e-05
-6.961062427542757,-7.064785418787003e-05
-6.956503700970103,-7.061681898514591e-05
-6.951944974397442,-7.058594626887306e-05
-6.947386247824788,-7.055523524073418e-05
-6.942827521252127,-7.05246851060075e-05
-6.938268794679473,-7.049429507355304e-05
-6.933710068106812,-7.04640643557979e-05
-6.929151341534158,-7.043399216872242e-05
-6.924592614961497,-7.040407773184593e-05
-6.9200338883888435,-7.037432026821273e-05
-6.9154751618161825,-7.03447190043779e-05
-6.910916435243529,-7.031527317039358e-05
-6.906357708670875,-7.028598199979478e-05
-6.901798982098214,-7.025684472958556e-05
-6.89724025552556,-7.022786060022534e-05
-6.892681528952899,-7.019902885561474e-05
-6.888122802380245,-7.017034874308226e-05
-6.883564075807584,-7.014181951337015e-05
-6.87900534923493,-7.011344042062105e-05
-6.874446622662269,-7.00852107223641e-05
-6.869887896089615,-7.00571296795016e-05
-6.865329169516954,-7.002919655629528e-05
-6.8607704429443,-7.000141062035297e-05
-6.856211716371639,-6.997377114261491e-05
-6.8516529897989855,-6.99462773973407e-05
-6.8470942632263245,-6.99189286620955e-05
-6.842535536653671,-6.989172421773713e-05
-6.83797681008101,-6.986466334840247e-05
-6.833418083508356,-6.98377453414945e-05
-6.828859356935695,-6.981096948766879e-05
-6.824300630363041,-6.978433508082075e-05
-6.81974190379038,-6.975784141807212e-05
-6.815183177217726,-6.973148779975828e-05
-6.810624450645072,-6.970527352941498e-05
-6.806065724072411,-6.96791979137654e-05
-6.801506997499757,-6.96532602627074e-05
-6.796948270927096,-6.962745988930042e-05
-6.792389544354442,-6.960179610975281e-05
-6.787830817781781,-6.957626824340883e-05
-6.7832720912091276,-6.955087561273616e-05
-6.778713364636467,-6.95256175433129e-05
-6.774154638063813,-6.950049336381517e-05
-6.769595911491152,-6.947550240600418e-05
-6.765037184918498,-6.9450644004714e-05
-6.760478458345837,-6.942591749783866e-05
-6.755919731773183,-6.940132222631994e-05
-6.751361005200522,-6.937685753413465e-05
-6.746802278627868,-6.935252276828252e-05
-6.742243552055207,-6.932831727877346e-05
-6.737684825482553,-6.930424041861556e-05
-6.733126098909892,-6.928029154380253e-05
-6.728567372337238,-6.925647001330169e-05
-6.724008645764577,-6.923277518904152e-05
-6.7194499191919235,-6.920920643589969e-05
-6.71489119261927,-6.918576312169083e-05
-6.710332466046609,-6.91624446171544e-05
-6.705773739473955,-6.913925029594286e-05
-6.701215012901294,-6.911617953460933e-05
-6.69665628632864,-6.9093231712596e-05
-6.692097559755979,-6.907040621222182e-05
-6.687538833183325,-6.904770241867104e-05
-6.682980106610664,-6.902511971998097e-05
-6.67842138003801,-6.900265750703047e-05
-6.673862653465349,-6.898031517352799e-05
-6.669303926892695,-6.895809211600004e-05
-6.664745200320034,-6.893598773377929e-05
-6.66018647374738,-6.891400142899322e-05
-6.655627747174719,-6.889213260655213e-05
-6.6510690206020655,-6.887038067413803e-05
-6.6465102940294045,-6.884874504219274e-05
-6.641951567456751,-6.882722512390666e-05
-6.63739284088409,-6.880582033520717e-05
-6.632834114311436,-6.878453009474735e-05
-6.628275387738775,-6.876335382389453e-05
-6.623716661166121,-6.874229094671907e-05
-6.619157934593467,-6.872134088998294e-05
-6.614599208020806,-6.870050308312857e-05
-6.610040481448152,-6.86797769582677e-05
-6.605481754875491,-6.865916195017007e-05
-6.600923028302837,-6.863865749625243e-05
-6.596364301730176,-6.861826303656734e-05
-6.591805575157522,-6.859797801379226e-05
-6.587246848584861,-6.857780187321837e-05
-6.5826881220122075,-6.855773406273981e-05
-6.578129395439547,-6.853777403284248e-05
-6.573570668866893,-6.851792123659347e-05
-6.569011942294232,-6.849817512962991e-05
-6.564453215721578,-6.847853517014833e-05
-6.559894489148917,-6.845900081889378e-05
-6.555335762576263,-6.843957153914929e-05
-6.550777036003602,-6.842024679672479e-05
-6.546218309430948,-6.840102605994688e-05
-6.541659582858287,-6.838190879964789e-05
-6.537100856285633,-6.836289448915545e-05
-6.532542129712972,-6.834398260428183e-05
-6.527983403140318,-6.832517262331357e-05
-6.5234246765676644,-6.830646402700084e-05
-6.5188659499950035,-6.82878562985471e-05
-6.51430722342235,-6.826934892359875e-05
-6.509748496849689,-6.825094139023457e-05
-6.505189770277035,-6.823263318895563e-05
-6.500631043704374,-6.821442381267482e-05
-6.49607231713172,-6.819631275670672e-05
-6.491513590559059,-6.81782995187572e-05
-6.486954863986405,-6.816038359891355e-05
-6.482396137413744,-6.8142564499634e-05
-6.47783741084109,-6.812484172573783e-05
-6.473278684268429,-6.810721478439519e-05
-6.468719957695775,-6.808968318511721e-05
-6.464161231123114,-6.807224643974573e-05
-6.45960250455046,-6.80549040624437e-05
-6.455043777977799,-6.803765556968488e-05
-6.4504850514051455,-6.802050048024427e-05
-6.4459263248324845,-6.800343831518802e-05
-6.441367598259831,-6.798646859786378e-05
-6.43680887168717,-6.796959085389077e-05
-6.432250145114516,-6.795280461115017e-05
-6.427691418541862,-6.79361093997753e-05
-6.423132691969201,-6.791950475214198e-05
-6.418573965396547,-6.790299020285895e-05
-6.414015238823886,-6.788656528875808e-05
-6.409456512251232,-6.787022954888513e-05
-6.404897785678571,-6.785398252448979e-05
-6.400339059105917,-6.783782375901656e-05
-6.395780332533256,-6.782175279809502e-05
-6.391221605960602,-6.780576918953054e-05
-6.386662879387941,-6.77898724832948e-05
-6.3821041528152875,-6.777406223151655e-05
-6.3775454262426265,-6.77583379884721e-05
-6.372986699669973,-6.77426993105762e-05
-6.368427973097312,-6.772714575637261e-05
-6.363869246524658,-6.771167688652509e-05
-6.359310519951997,-6.769629226380796e-05
-6.354751793379343,-6.768099145309717e-05
-6.350193066806682,-6.766577402136099e-05
-6.345634340234028,-6.765063953765107e-05
-6.341075613661367,-6.763558757309325e-05
-6.336516887088713,-6.762061770087867e-05
-6.331958160516059,-6.760572949625465e-05
-6.327399433943398,-6.759092253651582e-05
-6.322840707370744,-6.757619640099518e-05
-6.3182819807980835,-6.75615506710552e-05
-6.31372325422543,-6.754698493007898e-05
-6.309164527652769,-6.753249876346138e-05
-6.304605801080115,-6.751809175860028e-05
-6.300047074507454,-6.750376350488779e-05
-6.2954883479348,-6.748951359370162e-05
-6.290929621362139,-6.747534161839614e-05
-6.286370894789485,-6.74612471742941e-05
-6.281812168216824,-6.744722985867759e-05
-6.27725344164417,-6.743328927077982e-05
-6.272694715071509,-6.741942501177622e-05
-6.268135988498855,-6.740563668477621e-05
-6.263577261926194,-6.739192389481447e-05
-6.25901853535354,-6.737828624884267e-05
-6.254459808780879,-6.73647233557208e-05
-6.2499010822082255,-6.735123482620903e-05
-6.2453423556355645,-6.733782027295914e-05
-6.240783629062911,-6.732447931050628e-05
-6.236224902490257,-6.731121155526061e-05
-6.231666175917596,-6.729801662549906e-05
-6.227107449344942,-6.728489414135713e-05
-6.222548722772281,-6.727184372482055e-05
-6.217989996199627,-6.725886499971721e-05
-6.213431269626966,-6.724595759170894e-05
-6.208872543054312,-6.72331211282835e-05
-6.204313816481651,-6.722035523874628e-05
-6.199755089908997,-6.720765955421252e-05
-6.195196363336336,-6.7195033707599e-05
-6.190637636763682,-6.718247733361634e-05
-6.186078910191021,-6.716999006876072e-05
-6.1815201836183675,-6.715757155130621e-05
-6.1769614570457065,-6.714522142129668e-05
-6.172402730473053,-6.713293932053808e-05
-6.167844003900392,-6.712072489259045e-05
-6.163285277327738,-6.710857778276022e-05
-6.158726550755077,-6.709649763809234e-05
-6.154167824182423,-6.708448410736262e-05
-6.149609097609762,-6.707253684106991e-05
-6.145050371037108,-6.70606554914285e-05
-6.140491644464454,-6.704883971236031e-05
-6.135932917891793,-6.703708915948744e-05
-6.131374191319139,-6.702540349012445e-05
-6.126815464746478,-6.701378236327077e-05
-6.122256738173824,-6.700222543960327e-05
-6.117698011601163,-6.699073238146858e-05
-6.11313928502851,-6.697930285287575e-05
-6.108580558455849,-6.696793651948868e-05
-6.104021831883195,-6.69566330486188e-05
-6.099463105310534,-6.694539210921755e-05
-6.09490437873788,-6.693421337186912e-05
-6.090345652165219,-6.692309650878298e-05
-6.085786925592565,-6.691204119378672e-05
-6.081228199019904,-6.690104710231863e-05
-6.07666947244725,-6.68901139114205e-05
-6.072110745874589,-6.687924129973041e-05
-6.067552019301935,-6.68684289474755e-05
-6.062993292729274,-6.685767653646478e-05
-6.05843456615662,-6.684698375008204e-05
-6.053875839583959,-6.683635027327865e-05
-6.0493171130113055,-6.68257757925666e-05
-6.044758386438652,-6.681525999601134e-05
-6.040199659865991,-6.68048025732247e-05
-6.035640933293337,-6.679440321535806e-05
-6.031082206720676,-6.67840616150952e-05
-6.026523480148022,-6.677377746664549e-05
-6.021964753575361,-6.676355046573678e-05
-6.017406027002707,-6.675338030960876e-05
-6.012847300430046,-6.674326669700585e-05
-6.008288573857392,-6.673320932817056e-05
-6.003729847284731,-6.672320790483647e-05
-5.999171120712077,-6.671326213022167e-05
-5.994612394139416,-6.670337170902181e-05
-5.990053667566762,-6.669353634740351e-05
-5.985494940994101,-6.66837557529975e-05
-5.9809362144214475,-6.667402963489212e-05
-5.9763774878487865,-6.666435770362654e-05
-5.971818761276133,-6.66547396711842e-05
-5.967260034703472,-6.664517525098614e-05
-5.962701308130818,-6.663566415788453e-05
-5.958142581558157,-6.662620610815601e-05
-5.953583854985503,-6.661680081949528e-05
-5.949025128412849,-6.660744801100852e-05
-5.944466401840188,-6.659814740320697e-05
-5.939907675267534,-6.658889871800044e-05
-5.935348948694873,-6.657970167869098e-05
-5.930790222122219,-6.657055600996644e-05
-5.926231495549558,-6.656146143789403e-05
-5.921672768976904,-6.655241768991412e-05
-5.917114042404243,-6.654342449483385e-05
-5.9125553158315896,-6.653448158282082e-05
-5.907996589258929,-6.652558868539692e-05
-5.903437862686275,-6.651674553543197e-05
-5.898879136113614,-6.65079518671376e-05
-5.89432040954096,-6.64992074160611e-05
-5.889761682968299,-6.649051191907902e-05
-5.885202956395645,-6.648186511439142e-05
-5.880644229822984,-6.647326674151539e-05
-5.87608550325033,-6.646471654127918e-05
-5.871526776677669,-6.645621425581608e-05
-5.866968050105015,-6.644775962855836e-05
-5.862409323532354,-6.643935240423128e-05
-5.8578505969597,-6.643099232884709e-05
-5.8532918703870465,-6.642267914969912e-05
-5.8487331438143855,-6.64144126153557e-05
-5.844174417241732,-6.640619247565446e-05
-5.839615690669071,-6.639801848169622e-05
-5.835056964096417,-6.638989038583927e-05
-5.830498237523756,-6.638180794169345e-05
-5.825939510951102,-6.637377090411437e-05
-5.821380784378441,-6.636577902919762e-05
-5.816822057805787,-6.635783207427297e-05
-5.812263331233126,-6.63499297978986e-05
-5.807704604660472,-6.634207195985548e-05
-5.803145878087811,-6.633425832114154e-05
-5.798587151515157,-6.63264886439661e-05
-5.794028424942496,-6.631876269174412e-05
-5.789469698369842,-6.631108022909063e-05
-5.784910971797181,-6.630344102181517e-05
-5.7803522452245275,-6.629584483691607e-05
-5.7757935186518665,-6.6288291442575e-05
-5.771234792079213,-6.628078060815144e-05
-5.766676065506552,-6.627331210417702e-05
-5.762117338933898,-6.626588570235025e-05
-5.757558612361244,-6.625850117553087e-05
-5.752999885788583,-6.625115829773446e-05
-5.748441159215929,-6.624385684412707e-05
-5.743882432643268,-6.623659659101973e-05
-5.739323706070614,-6.622937731586314e-05
-5.734764979497953,-6.622219879724225e-05
-5.730206252925299,-6.621506081487102e-05
-5.725647526352638,-6.620796314958698e-05
-5.721088799779984,-6.620090558334609e-05
-5.716530073207323,-6.619388789921733e-05
-5.7119713466346695,-6.618690988137755e-05
-5.707412620062009,-6.61799713151062e-05
-5.702853893489355,-6.617307198678016e-05
-5.698295166916694,-6.616621168386853e-05
-5.69373644034404,-6.615939019492749e-05
-5.689177713771379,-6.615260730959515e-05
-5.684618987198725,-6.614586281858646e-05
-5.680060260626064,-6.613915651368806e-05
-5.67550153405341,-6.613248818775331e-05
-5.670942807480749,-6.612585763469714e-05
-5.666384080908095,-6.611926464949105e-05
-5.661825354335441,-6.611270902815813e-05
-5.65726662776278,-6.610619056776803e-05
-5.6527079011901264,-6.609970906643207e-05
-5.6481491746174655,-6.609326432329816e-05
-5.643590448044812,-6.6086856138546e-05
-5.639031721472151,-6.608048431338215e-05
-5.634472994899497,-6.607414865003513e-05
-5.629914268326836,-6.606784895175052e-05
-5.625355541754182,-6.60615850227862e-05
-5.620796815181521,-6.605535666840746e-05
-5.616238088608867,-6.604916369488224e-05
-5.611679362036206,-6.604300590947634e-05
-5.607120635463552,-6.603688312044865e-05
-5.602561908890891,-6.603079513704645e-05
-5.598003182318237,-6.602474176950062e-05
-5.593444455745576,-6.601872282902098e-05
-5.588885729172922,-6.601273812779165e-05
-5.584327002600261,-6.600678747896634e-05
-5.5797682760276075,-6.600087069666373e-05
-5.5752095494549465,-6.59949875959628e-05
-5.570650822882293,-6.598913799289835e-05
-5.566092096309639,-6.598332170445628e-05
-5.561533369736978,-6.597753854856917e-05
-5.556974643164324,-6.597178834411158e-05
-5.552415916591663,-6.596607091089568e-05
-5.547857190019009,-6.59603860696667e-05
-5.543298463446348,-6.595473364209834e-05
-5.538739736873694,-6.594911345078849e-05
-5.534181010301033,-6.594352531925466e-05
-5.529622283728379,-6.593796907192961e-05
-5.525063557155718,-6.59324445341569e-05
-5.520504830583064,-6.592695153218656e-05
-5.515946104010403,-6.592148989317062e-05
-5.5113873774377495,-6.591605944515896e-05
-5.5068286508650885,-6.591066001709473e-05
-5.502269924292435,-6.590529143881023e-05
-5.497711197719774,-6.589995354102254e-05
-5.49315247114712,-6.589464615532925e-05
-5.488593744574459,-6.588936911420421e-05
-5.484035018001805,-6.58841222509933e-05
-5.479476291429144,-6.58789053999102e-05
-5.47491756485649,-6.587371839603221e-05
-5.470358838283836,-6.586856107529603e-05
-5.465800111711175,-6.586343327449364e-05
-5.461241385138521,-6.585833483126813e-05
-5.45668265856586,-6.585326558410956e-05
-5.452123931993206,-6.58482253723509e-05
-5.4475652054205455,-6.58432140361639e-05
-5.443006478847892,-6.5838231416555e-05
-5.438447752275231,-6.58332773553613e-05
-5.433889025702577,-6.582835169524655e-05
-5.429330299129916,-6.582345427969708e-05
-5.424771572557262,-6.58185849530178e-05
-5.420212845984601,-6.581374356032826e-05
-5.415654119411947,-6.580892994755862e-05
-5.411095392839286,-6.580414396144577e-05
-5.406536666266632,-6.579938544952932e-05
-5.401977939693971,-6.579465426014775e-05
-5.397419213121317,-6.578995024243452e-05
-5.392860486548656,-6.578527324631404e-05
-5.388301759976002,-6.578062312249803e-05
-5.383743033403341,-6.577599972248152e-05
-5.3791843068306875,-6.577140289853905e-05
-5.374625580258034,-6.57668325037209e-05
-5.370066853685373,-6.576228839184925e-05
-5.365508127112719,-6.575777041751439e-05
-5.360949400540058,-6.575327843607099e-05
-5.356390673967404,-6.574881230363436e-05
-5.351831947394743,-6.574437187707667e-05
-5.347273220822089,-6.573995701402334e-05
-5.342714494249428,-6.573556757284917e-05
-5.338155767676774,-6.573120341267483e-05
-5.333597041104113,-6.572686439336312e-05
-5.329038314531459,-6.572255037551531e-05
-5.324479587958798,-6.571826122046754e-05
-5.319920861386144,-6.571399679028719e-05
-5.315362134813483,-6.57097569477693e-05
-5.3108034082408295,-6.570554155643294e-05
-5.3062446816681685,-6.570135048051768e-05
-5.301685955095515,-6.569718358498008e-05
-5.297127228522854,-6.569304073549e-05
-5.2925685019502,-6.568892179842731e-05
-5.288009775377539,-6.568482664087819e-05
-5.283451048804885,-6.568075513063168e-05
-5.278892322232231,-6.567670713617636e-05
-5.27433359565957,-6.567268252669664e-05
-5.269774869086916,-6.566868117206952e-05
-5.265216142514255,-6.566470294286109e-05
-5.260657415941601,-6.566074771032315e-05
-5.25609868936894,-6.565681534638971e-05
-5.251539962796286,-6.565290572367377e-05
-5.2469812362236254,-6.56490187154638e-05
-5.242422509650972,-6.564515419572055e-05
-5.237863783078311,-6.564131203907355e-05
-5.233305056505657,-6.563749212081789e-05
-5.228746329932996,-6.563369431691092e-05
-5.224187603360342,-6.56299185039689e-05
-5.219628876787681,-6.562616455926376e-05
-5.215070150215027,-6.562243236071987e-05
-5.210511423642366,-6.561872178691072e-05
-5.205952697069712,-6.561503271705576e-05
-5.201393970497051,-6.561136503101714e-05
-5.196835243924397,-6.560771860929651e-05
-5.192276517351736,-6.560409333303186e-05
-5.187717790779082,-6.560048908399435e-05
-5.1831590642064285,-6.559690574458511e-05
-5.1786003376337675,-6.55933431978321e-05
-5.174041611061114,-6.558980132738703e-05
-5.169482884488453,-6.558628001752221e-05
-5.164924157915799,-6.558277915312744e-05
-5.160365431343138,-6.557929861970695e-05
-5.155806704770484,-6.557583830337632e-05
-5.151247978197823,-6.557239809085935e-05
-5.146689251625169,-6.556897786948517e-05
-5.142130525052508,-6.556557752718501e-05
-5.137571798479854,-6.55621969524894e-05
-5.133013071907193,-6.555883603452495e-05
-5.128454345334539,-6.555549466301155e-05
-5.123895618761878,-6.555217272825924e-05
-5.119336892189224,-6.554887012116538e-05
-5.114778165616563,-6.554558673321153e-05
-5.1102194390439095,-6.554232245646075e-05
-5.1056607124712485,-6.553907718355445e-05
-5.101101985898595,-6.553585080770963e-05
-5.096543259325934,-6.553264322271589e-05
-5.09198453275328,-6.552945432293264e-05
-5.087425806180626,-6.552628400328615e-05
-5.082867079607965,-6.552313215926671e-05
-5.078308353035311,-6.551999868692585e-05
-5.07374962646265,-6.551688348287342e-05
-5.069190899889996,-6.551378644427484e-05
-5.064632173317335,-6.551070746884826e-05
-5.060073446744681,-6.550764645486182e-05
-5.05551472017202,-6.550460330113076e-05
-5.050955993599366,-6.550157790701481e-05
-5.046397267026705,-6.549857017241532e-05
-5.0418385404540516,-6.549557999777254e-05
-5.037279813881391,-6.549260728406296e-05
-5.032721087308737,-6.548965193279651e-05
-5.028162360736076,-6.54867138460139e-05
-5.023603634163422,-6.548379292628397e-05
-5.019044907590761,-6.54808890767009e-05
-5.014486181018107,-6.547800220088167e-05
-5.009927454445446,-6.547513220296336e-05
-5.005368727872792,-6.547227898760045e-05
-5.000810001300131,-6.546944245996228e-05
-4.996251274727477,-6.546662252573045e-05
-4.991692548154823,-6.54638190910961e-05
-4.987133821582162,-6.546103206275744e-05
-4.9825750950095085,-6.545826134791706e-05
-4.9780163684368475,-6.545550685427951e-05
-4.973457641864194,-6.54527684900486e-05
-4.968898915291533,-6.545004616392494e-05
-4.964340188718879,-6.54473397851034e-05
-4.959781462146218,-6.544464926327054e-05
-4.955222735573564,-6.544197450860216e-05
-4.950664009000903,-6.543931543176081e-05
-4.946105282428249,-6.543667194389327e-05
-4.941546555855588,-6.543404395662808e-05
-4.936987829282934,-6.543143138207308e-05
-4.932429102710273,-6.542883413281299e-05
-4.927870376137619,-6.542625212190696e-05
-4.923311649564958,-6.542368526288614e-05
-4.918752922992304,-6.542113346975122e-05
-4.914194196419643,-6.541859665697012e-05
-4.9096354698469895,-6.541607473947554e-05
-4.9050767432743285,-6.541356763266256e-05
-4.900518016701675,-6.541107525238631e-05
-4.895959290129021,-6.540859751495965e-05
-4.89140056355636,-6.540613433715066e-05
-4.886841836983706,-6.540368563618055e-05
-4.882283110411045,-6.540125132972109e-05
-4.877724383838391,-6.539883133589249e-05
-4.87316565726573,-6.539642557326094e-05
-4.868606930693076,-6.539403396083647e-05
-4.864048204120415,-6.539165641807052e-05
-4.859489477547761,-6.53892928648538e-05
-4.8549307509751,-6.538694322151392e-05
-4.850372024402446,-6.53846074088132e-05
-4.845813297829785,-6.538228534794648e-05
-4.8412545712571315,-6.537997696053875e-05
-4.836695844684471,-6.537768216864309e-05
-4.832137118111817,-6.537540089473834e-05
-4.827578391539156,-6.537313306172697e-05
-4.823019664966502,-6.537087859293291e-05
-4.818460938393841,-6.536863741209927e-05
-4.813902211821187,-6.536640944338635e-05
-4.809343485248526,-6.536419461136929e-05
-4.804784758675872,-6.536199284103608e-05
-4.800226032103218,-6.535980405778534e-05
-4.795667305530557,-6.53576281874242e-05
-4.791108578957903,-6.535546515616626e-05
-4.786549852385242,-6.535331489062938e-05
-4.7819911258125885,-6.535117731783369e-05
-4.7774323992399275,-6.534905236519942e-05
-4.772873672667274,-6.534693996054486e-05
-4.768314946094613,-6.534484003208433e-05
-4.763756219521959,-6.534275250842605e-05
-4.759197492949298,-6.534067731857019e-05
-4.754638766376644,-6.533861439190675e-05
-4.750080039803983,-6.533656365821358e-05
-4.745521313231329,-6.533452504765436e-05
-4.740962586658668,-6.533249849077659e-05
-4.736403860086014,-6.533048391850959e-05
-4.731845133513353,-6.532848126216254e-05
-4.727286406940699,-6.532649045342245e-05
-4.722727680368038,-6.532451142435226e-05
-4.718168953795384,-6.532254410738883e-05
-4.713610227222723,-6.532058843534101e-05
-4.7090515006500695,-6.531864434138774e-05
-4.704492774077416,-6.5316711759076e-05
-4.699934047504755,-6.531479062231907e-05
-4.695375320932101,-6.531288086539445e-05
-4.69081659435944,-6.531098242294208e-05
-4.686257867786786,-6.530909522996238e-05
-4.681699141214125,-6.530721922181438e-05
-4.677140414641471,-6.530535433421388e-05
-4.67258168806881,-6.530350050323149e-05
-4.668022961496156,-6.530165766529094e-05
-4.663464234923495,-6.529982575716706e-05
-4.658905508350841,-6.529800471598404e-05
-4.65434678177818,-6.529619447921358e-05
-4.649788055205526,-6.529439498467308e-05
-4.645229328632865,-6.52926061705238e-05
-4.6406706020602115,-6.529082797526906e-05
-4.6361118754875505,-6.52890603377525e-05
-4.631553148914897,-6.528730319715624e-05
-4.626994422342236,-6.528555649299911e-05
-4.622435695769582,-6.52838201651349e-05
-4.617876969196921,-6.528209415375054e-05
-4.613318242624267,-6.528037839936453e-05
-4.608759516051613,-6.527867284282496e-05
-4.604200789478952,-6.527697742530792e-05
-4.599642062906298,-6.527529208831572e-05
-4.595083336333637,-6.527361677367527e-05
-4.590524609760983,-6.52719514235362e-05
-4.585965883188322,-6.527029598036934e-05
-4.581407156615668,-6.526865038696488e-05
-4.5768484300430075,-6.52670145864308e-05
-4.572289703470354,-6.526538852219115e-05
-4.567730976897693,-6.526377213798433e-05
-4.563172250325039,-6.526216537786155e-05
-4.558613523752378,-6.526056818618507e-05
-4.554054797179724,-6.525898050762662e-05
-4.549496070607063,-6.525740228716571e-05
-4.544937344034409,-6.525583347008811e-05
-4.540378617461748,-6.525427400198409e-05
-4.535819890889094,-6.525272382874693e-05
-4.531261164316433,-6.525118289657125e-05
-4.526702437743779,-6.524965115195143e-05
-4.522143711171118,-6.524812854168005e-05
-4.517584984598464,-6.524661501284627e-05
-4.5130262580258105,-6.524511051283427e-05
-4.5084675314531495,-6.524361498932173e-05
-4.503908804880496,-6.524212839027821e-05
-4.499350078307835,-6.524065066396365e-05
-4.494791351735181,-6.523918175892679e-05
-4.49023262516252,-6.523772162400369e-05
-4.485673898589866,-6.523627020831615e-05
-4.481115172017205,-6.523482746127022e-05
-4.476556445444551,-6.52333933325547e-05
-4.47199771887189,-6.52319677721396e-05
-4.467438992299236,-6.523055073027472e-05
-4.462880265726575,-6.522914215748806e-05
-4.458321539153921,-6.52277420045844e-05
-4.45376281258126,-6.522635022264383e-05
-4.449204086008606,-6.522496676302028e-05
-4.444645359435945,-6.522359157734003e-05
-4.4400866328632915,-6.522222461750032e-05
-4.4355279062906305,-6.522086583566785e-05
-4.430969179717977,-6.521951518427736e-05
-4.426410453145316,-6.521817261603018e-05
-4.421851726572662,-6.521683808389289e-05
-4.417293,-6.52155115410958e-05
